fold,générateur,ratio,N,model,RMSE
0,aucun,0,1,RF,6.797006363556912
0,aucun,0,1,XGBoost,7.171916737134336
0,aucun,0,1,CatBoost,6.637130208356159
0,aucun,0,1,LightGBM,6.667141563463447
0,aucun,0,2,RF,7.018734165584717
0,aucun,0,2,XGBoost,7.293587250404539
0,aucun,0,2,CatBoost,7.145588122637966
0,aucun,0,2,LightGBM,7.369375472903969
0,aucun,0,3,RF,5.743362308425814
0,aucun,0,3,XGBoost,6.81217290648349
0,aucun,0,3,CatBoost,5.782923917346402
0,aucun,0,3,LightGBM,5.456101880949254
0,aucun,0,4,RF,5.702814887837483
0,aucun,0,4,XGBoost,5.674114998223978
0,aucun,0,4,CatBoost,5.799951444422329
0,aucun,0,4,LightGBM,5.403570158042936
0,aucun,0,5,RF,5.385003418741865
0,aucun,0,5,XGBoost,5.38198080044452
0,aucun,0,5,CatBoost,5.2095608182346975
0,aucun,0,5,LightGBM,4.862264928998308
0,aucun,0,6,RF,5.315919620752314
0,aucun,0,6,XGBoost,5.369604744658998
0,aucun,0,6,CatBoost,5.268698783379328
0,aucun,0,6,LightGBM,4.862264928998308
0,aucun,0,7,RF,5.469424200749926
0,aucun,0,7,XGBoost,5.362885945084701
0,aucun,0,7,CatBoost,5.38950171013976
0,aucun,0,7,LightGBM,4.94812579067982
0,aucun,0,8,RF,5.335270961273753
0,aucun,0,8,XGBoost,5.275291411336814
0,aucun,0,8,CatBoost,5.203984584534901
0,aucun,0,8,LightGBM,5.124704885205002
0,aucun,0,9,RF,5.345697036445734
0,aucun,0,9,XGBoost,5.11424531949521
0,aucun,0,9,CatBoost,5.163857602684699
0,aucun,0,9,LightGBM,5.096196161732044
0,aucun,0,10,RF,5.314669237781211
0,aucun,0,10,XGBoost,5.2441020775217115
0,aucun,0,10,CatBoost,5.211868942077678
0,aucun,0,10,LightGBM,5.036397664592982
0,aucun,0,12,RF,5.381089896452906
0,aucun,0,12,XGBoost,5.241058546872043
0,aucun,0,12,CatBoost,5.2155425630151075
0,aucun,0,12,LightGBM,5.261965996110713
0,aucun,0,14,RF,5.779048632937317
0,aucun,0,14,XGBoost,5.238198639932531
0,aucun,0,14,CatBoost,5.392121769333988
0,aucun,0,14,LightGBM,5.311573366108907
0,aucun,0,17,RF,5.638431370851809
0,aucun,0,17,XGBoost,5.417947117131954
0,aucun,0,17,CatBoost,5.3026731111688585
0,aucun,0,17,LightGBM,5.311573366108907
0,aucun,0,19,RF,5.69172547597
0,aucun,0,19,XGBoost,5.268091570146226
0,aucun,0,19,CatBoost,5.278698145313245
0,aucun,0,19,LightGBM,5.311573366108907
0,SMOTE-R,1,1,RF,7.072837748625833
0,SMOTE-R,1,1,XGBoost,6.981479870471408
0,SMOTE-R,1,1,CatBoost,6.773736574611075
0,SMOTE-R,1,1,LightGBM,6.605376353303067
0,SMOTE-R,1,2,RF,7.177331879718714
0,SMOTE-R,1,2,XGBoost,7.174241151728703
0,SMOTE-R,1,2,CatBoost,6.9358362482920555
0,SMOTE-R,1,2,LightGBM,7.799140604475698
0,SMOTE-R,1,3,RF,5.659920509385771
0,SMOTE-R,1,3,XGBoost,6.82550480595493
0,SMOTE-R,1,3,CatBoost,5.707648353145412
0,SMOTE-R,1,3,LightGBM,5.607005085117651
0,SMOTE-R,1,4,RF,5.559814748839418
0,SMOTE-R,1,4,XGBoost,5.4765625431024505
0,SMOTE-R,1,4,CatBoost,5.5459002279228455
0,SMOTE-R,1,4,LightGBM,5.1142201556209725
0,SMOTE-R,1,5,RF,5.260120521266936
0,SMOTE-R,1,5,XGBoost,5.3344620343905005
0,SMOTE-R,1,5,CatBoost,5.165881253740477
0,SMOTE-R,1,5,LightGBM,5.146181967267819
0,SMOTE-R,1,6,RF,5.217022323424031
0,SMOTE-R,1,6,XGBoost,5.411597206673287
0,SMOTE-R,1,6,CatBoost,5.151664112010141
0,SMOTE-R,1,6,LightGBM,5.00298367856134
0,SMOTE-R,1,7,RF,5.274248819219267
0,SMOTE-R,1,7,XGBoost,5.240458129042139
0,SMOTE-R,1,7,CatBoost,5.03255208332342
0,SMOTE-R,1,7,LightGBM,4.733760530475497
0,SMOTE-R,1,8,RF,5.236193390427842
0,SMOTE-R,1,8,XGBoost,5.083487462496483
0,SMOTE-R,1,8,CatBoost,5.044014128034478
0,SMOTE-R,1,8,LightGBM,4.863504627304378
0,SMOTE-R,1,9,RF,5.262213439600549
0,SMOTE-R,1,9,XGBoost,5.029389361769947
0,SMOTE-R,1,9,CatBoost,4.870870142264861
0,SMOTE-R,1,9,LightGBM,4.8615551873803975
0,SMOTE-R,1,10,RF,5.25705390095081
0,SMOTE-R,1,10,XGBoost,5.1963777783178315
0,SMOTE-R,1,10,CatBoost,4.9607399204383835
0,SMOTE-R,1,10,LightGBM,4.9629161711921
0,SMOTE-R,1,12,RF,5.256644593518884
0,SMOTE-R,1,12,XGBoost,5.135533189157287
0,SMOTE-R,1,12,CatBoost,5.0358258430853775
0,SMOTE-R,1,12,LightGBM,4.958143772628373
0,SMOTE-R,1,14,RF,5.854342827689862
0,SMOTE-R,1,14,XGBoost,5.308189375202355
0,SMOTE-R,1,14,CatBoost,5.1942622462935
0,SMOTE-R,1,14,LightGBM,4.995275610053069
0,SMOTE-R,1,17,RF,5.886312665854629
0,SMOTE-R,1,17,XGBoost,5.392180426097449
0,SMOTE-R,1,17,CatBoost,5.129313410585834
0,SMOTE-R,1,17,LightGBM,5.072290289560975
0,SMOTE-R,1,19,RF,5.844930761719754
0,SMOTE-R,1,19,XGBoost,5.191028797067642
0,SMOTE-R,1,19,CatBoost,5.186567792280005
0,SMOTE-R,1,19,LightGBM,5.032510252375513
0,SMOTE-R,2,1,RF,7.313799183585633
0,SMOTE-R,2,1,XGBoost,7.120328416311295
0,SMOTE-R,2,1,CatBoost,6.990002877453179
0,SMOTE-R,2,1,LightGBM,7.076430675282078
0,SMOTE-R,2,2,RF,7.2542516314147685
0,SMOTE-R,2,2,XGBoost,7.498512503461672
0,SMOTE-R,2,2,CatBoost,6.997263505245221
0,SMOTE-R,2,2,LightGBM,7.974981976715313
0,SMOTE-R,2,3,RF,5.813391273338327
0,SMOTE-R,2,3,XGBoost,6.9335429938889055
0,SMOTE-R,2,3,CatBoost,5.989858695574915
0,SMOTE-R,2,3,LightGBM,5.472450838553275
0,SMOTE-R,2,4,RF,5.736746379634866
0,SMOTE-R,2,4,XGBoost,5.549035212994758
0,SMOTE-R,2,4,CatBoost,5.737702574730459
0,SMOTE-R,2,4,LightGBM,5.554717855085906
0,SMOTE-R,2,5,RF,5.44525361078866
0,SMOTE-R,2,5,XGBoost,5.36392836115953
0,SMOTE-R,2,5,CatBoost,5.187083408086524
0,SMOTE-R,2,5,LightGBM,5.397147379901671
0,SMOTE-R,2,6,RF,5.466521632595194
0,SMOTE-R,2,6,XGBoost,5.3391224647747775
0,SMOTE-R,2,6,CatBoost,5.101580664901092
0,SMOTE-R,2,6,LightGBM,5.397147379901671
0,SMOTE-R,2,7,RF,5.449568313974114
0,SMOTE-R,2,7,XGBoost,5.261425359189803
0,SMOTE-R,2,7,CatBoost,4.956543688940615
0,SMOTE-R,2,7,LightGBM,5.197426774549462
0,SMOTE-R,2,8,RF,5.39022183889586
0,SMOTE-R,2,8,XGBoost,5.183780331942946
0,SMOTE-R,2,8,CatBoost,5.116986408662522
0,SMOTE-R,2,8,LightGBM,5.0068119834378795
0,SMOTE-R,2,9,RF,5.384242869496729
0,SMOTE-R,2,9,XGBoost,5.2652120062464425
0,SMOTE-R,2,9,CatBoost,5.0964941887030895
0,SMOTE-R,2,9,LightGBM,5.04785234299323
0,SMOTE-R,2,10,RF,5.4262399164163755
0,SMOTE-R,2,10,XGBoost,5.220559763433469
0,SMOTE-R,2,10,CatBoost,5.025239404403245
0,SMOTE-R,2,10,LightGBM,5.1280023252236235
0,SMOTE-R,2,12,RF,5.438910046227538
0,SMOTE-R,2,12,XGBoost,5.255774824544523
0,SMOTE-R,2,12,CatBoost,5.062682373038934
0,SMOTE-R,2,12,LightGBM,5.223785663512786
0,SMOTE-R,2,14,RF,6.060133499432545
0,SMOTE-R,2,14,XGBoost,5.441591540964248
0,SMOTE-R,2,14,CatBoost,5.39239969260403
0,SMOTE-R,2,14,LightGBM,5.404039478762194
0,SMOTE-R,2,17,RF,6.03602920432548
0,SMOTE-R,2,17,XGBoost,5.46940479095544
0,SMOTE-R,2,17,CatBoost,5.249741485620585
0,SMOTE-R,2,17,LightGBM,5.387316652841282
0,SMOTE-R,2,19,RF,6.161094411854143
0,SMOTE-R,2,19,XGBoost,5.5095348437316165
0,SMOTE-R,2,19,CatBoost,5.215731972211476
0,SMOTE-R,2,19,LightGBM,5.371406444032638
0,SMOTE-R,5,1,RF,7.520462331161691
0,SMOTE-R,5,1,XGBoost,7.086116672176334
0,SMOTE-R,5,1,CatBoost,7.143819125342208
0,SMOTE-R,5,1,LightGBM,7.087863885189456
0,SMOTE-R,5,2,RF,7.259638261971989
0,SMOTE-R,5,2,XGBoost,7.470862478638893
0,SMOTE-R,5,2,CatBoost,7.36206035833145
0,SMOTE-R,5,2,LightGBM,7.306014333940867
0,SMOTE-R,5,3,RF,5.617299957894246
0,SMOTE-R,5,3,XGBoost,7.0155093815864324
0,SMOTE-R,5,3,CatBoost,5.7017655696383285
0,SMOTE-R,5,3,LightGBM,6.020970140739143
0,SMOTE-R,5,4,RF,5.524473763218918
0,SMOTE-R,5,4,XGBoost,5.731960932697053
0,SMOTE-R,5,4,CatBoost,5.518508556572197
0,SMOTE-R,5,4,LightGBM,5.758994592599938
0,SMOTE-R,5,5,RF,5.401895760617272
0,SMOTE-R,5,5,XGBoost,5.633239600830428
0,SMOTE-R,5,5,CatBoost,5.381402025938523
0,SMOTE-R,5,5,LightGBM,5.558146817795021
0,SMOTE-R,5,6,RF,5.419596864330365
0,SMOTE-R,5,6,XGBoost,5.665801155095542
0,SMOTE-R,5,6,CatBoost,5.243710438291798
0,SMOTE-R,5,6,LightGBM,5.558146817795021
0,SMOTE-R,5,7,RF,5.4642025956043145
0,SMOTE-R,5,7,XGBoost,5.530778599156687
0,SMOTE-R,5,7,CatBoost,5.250234224746017
0,SMOTE-R,5,7,LightGBM,5.350441540146431
0,SMOTE-R,5,8,RF,5.334937319943073
0,SMOTE-R,5,8,XGBoost,5.4974204881316435
0,SMOTE-R,5,8,CatBoost,5.140970640438453
0,SMOTE-R,5,8,LightGBM,5.200959562154408
0,SMOTE-R,5,9,RF,5.320093264957714
0,SMOTE-R,5,9,XGBoost,5.529691365819061
0,SMOTE-R,5,9,CatBoost,5.18808585993299
0,SMOTE-R,5,9,LightGBM,5.261096469771759
0,SMOTE-R,5,10,RF,5.266549261981436
0,SMOTE-R,5,10,XGBoost,5.53560323167212
0,SMOTE-R,5,10,CatBoost,5.223752573242048
0,SMOTE-R,5,10,LightGBM,5.176473813527269
0,SMOTE-R,5,12,RF,5.295727733898595
0,SMOTE-R,5,12,XGBoost,5.507386035646025
0,SMOTE-R,5,12,CatBoost,5.12548478564305
0,SMOTE-R,5,12,LightGBM,5.380894420707801
0,SMOTE-R,5,14,RF,6.1014992741116565
0,SMOTE-R,5,14,XGBoost,5.892529222800639
0,SMOTE-R,5,14,CatBoost,5.312656107455192
0,SMOTE-R,5,14,LightGBM,5.8127198170726
0,SMOTE-R,5,17,RF,6.114792383158953
0,SMOTE-R,5,17,XGBoost,5.865579097080185
0,SMOTE-R,5,17,CatBoost,5.337376282686171
0,SMOTE-R,5,17,LightGBM,5.773945005053623
0,SMOTE-R,5,19,RF,6.159614478474525
0,SMOTE-R,5,19,XGBoost,5.948401301812979
0,SMOTE-R,5,19,CatBoost,5.5049800048987985
0,SMOTE-R,5,19,LightGBM,5.950294033754017
0,CTGAN,1,1,RF,7.558626389721356
0,CTGAN,1,1,XGBoost,7.008864458376697
0,CTGAN,1,1,CatBoost,7.21345970575467
0,CTGAN,1,1,LightGBM,7.332717754501171
0,CTGAN,1,2,RF,7.230927045316919
0,CTGAN,1,2,XGBoost,7.509679107652214
0,CTGAN,1,2,CatBoost,7.0512137859107
0,CTGAN,1,2,LightGBM,7.761498637614972
0,CTGAN,1,3,RF,5.9086875410473025
0,CTGAN,1,3,XGBoost,7.085909673737868
0,CTGAN,1,3,CatBoost,5.800238757687208
0,CTGAN,1,3,LightGBM,6.151037359930898
0,CTGAN,1,4,RF,5.887912065174204
0,CTGAN,1,4,XGBoost,5.917065130339579
0,CTGAN,1,4,CatBoost,5.534610719743212
0,CTGAN,1,4,LightGBM,5.7914211809657195
0,CTGAN,1,5,RF,5.505321490984818
0,CTGAN,1,5,XGBoost,5.600412555810897
0,CTGAN,1,5,CatBoost,5.213760567522823
0,CTGAN,1,5,LightGBM,5.5557404650584035
0,CTGAN,1,6,RF,5.5847525053116485
0,CTGAN,1,6,XGBoost,5.831457796638222
0,CTGAN,1,6,CatBoost,5.176831757011661
0,CTGAN,1,6,LightGBM,5.5557404650584035
0,CTGAN,1,7,RF,5.665898149291043
0,CTGAN,1,7,XGBoost,5.714710495466589
0,CTGAN,1,7,CatBoost,5.275692606207849
0,CTGAN,1,7,LightGBM,5.782077057204031
0,CTGAN,1,8,RF,5.596816779710551
0,CTGAN,1,8,XGBoost,5.632344467188146
0,CTGAN,1,8,CatBoost,5.169390743435605
0,CTGAN,1,8,LightGBM,5.63165537610564
0,CTGAN,1,9,RF,5.645931809786522
0,CTGAN,1,9,XGBoost,5.623424827235966
0,CTGAN,1,9,CatBoost,5.276084393832491
0,CTGAN,1,9,LightGBM,5.7369221018102365
0,CTGAN,1,10,RF,5.693403149085285
0,CTGAN,1,10,XGBoost,5.635495369947703
0,CTGAN,1,10,CatBoost,5.213893596444181
0,CTGAN,1,10,LightGBM,5.674414354410539
0,CTGAN,1,12,RF,5.696506096393007
0,CTGAN,1,12,XGBoost,5.695588276867243
0,CTGAN,1,12,CatBoost,5.266010188096138
0,CTGAN,1,12,LightGBM,5.973043308011505
0,CTGAN,1,14,RF,5.8789374116062705
0,CTGAN,1,14,XGBoost,5.693083937670679
0,CTGAN,1,14,CatBoost,5.515434387708895
0,CTGAN,1,14,LightGBM,5.924358284231631
0,CTGAN,1,17,RF,5.733876748642349
0,CTGAN,1,17,XGBoost,5.508449812220711
0,CTGAN,1,17,CatBoost,5.424518081467984
0,CTGAN,1,17,LightGBM,5.6347960581727765
0,CTGAN,1,19,RF,5.753968671816172
0,CTGAN,1,19,XGBoost,5.625932638809072
0,CTGAN,1,19,CatBoost,5.4456491630866735
0,CTGAN,1,19,LightGBM,5.7410453750439405
0,CTGAN,2,1,RF,7.893505861441435
0,CTGAN,2,1,XGBoost,7.579769577226769
0,CTGAN,2,1,CatBoost,7.516649273753752
0,CTGAN,2,1,LightGBM,7.527076657995842
0,CTGAN,2,2,RF,7.213346802268793
0,CTGAN,2,2,XGBoost,7.3643972933681345
0,CTGAN,2,2,CatBoost,7.277368226357131
0,CTGAN,2,2,LightGBM,7.637304259539949
0,CTGAN,2,3,RF,5.9267439903309125
0,CTGAN,2,3,XGBoost,6.96850745860308
0,CTGAN,2,3,CatBoost,6.193002853795486
0,CTGAN,2,3,LightGBM,5.830837388106688
0,CTGAN,2,4,RF,6.017824989781083
0,CTGAN,2,4,XGBoost,6.273385549004532
0,CTGAN,2,4,CatBoost,5.975654662043381
0,CTGAN,2,4,LightGBM,6.176228775425394
0,CTGAN,2,5,RF,5.6010485454417465
0,CTGAN,2,5,XGBoost,5.86842196768366
0,CTGAN,2,5,CatBoost,5.497710082200605
0,CTGAN,2,5,LightGBM,5.632156357324831
0,CTGAN,2,6,RF,5.615653666214796
0,CTGAN,2,6,XGBoost,5.835684361832267
0,CTGAN,2,6,CatBoost,5.400127652852255
0,CTGAN,2,6,LightGBM,5.632156357324831
0,CTGAN,2,7,RF,5.720486065586896
0,CTGAN,2,7,XGBoost,5.818580435870382
0,CTGAN,2,7,CatBoost,5.346454339226021
0,CTGAN,2,7,LightGBM,5.548925012703102
0,CTGAN,2,8,RF,5.533033700180883
0,CTGAN,2,8,XGBoost,5.709884249368444
0,CTGAN,2,8,CatBoost,5.247687652363508
0,CTGAN,2,8,LightGBM,5.4653679949311345
0,CTGAN,2,9,RF,5.5643290137822925
0,CTGAN,2,9,XGBoost,5.780472776370802
0,CTGAN,2,9,CatBoost,5.297928485297107
0,CTGAN,2,9,LightGBM,5.498954909192781
0,CTGAN,2,10,RF,5.596553722184302
0,CTGAN,2,10,XGBoost,5.810312443766272
0,CTGAN,2,10,CatBoost,5.321643674366616
0,CTGAN,2,10,LightGBM,5.544718288622385
0,CTGAN,2,12,RF,5.649892097726413
0,CTGAN,2,12,XGBoost,5.845226989149007
0,CTGAN,2,12,CatBoost,5.240421205127436
0,CTGAN,2,12,LightGBM,5.4687822382503475
0,CTGAN,2,14,RF,5.741847604074603
0,CTGAN,2,14,XGBoost,5.836040571625413
0,CTGAN,2,14,CatBoost,5.409379005838839
0,CTGAN,2,14,LightGBM,5.502401243128623
0,CTGAN,2,17,RF,5.83283568529464
0,CTGAN,2,17,XGBoost,5.5672322581665385
0,CTGAN,2,17,CatBoost,5.375127097440296
0,CTGAN,2,17,LightGBM,5.159303748200261
0,CTGAN,2,19,RF,5.796356436134143
0,CTGAN,2,19,XGBoost,5.987719269902682
0,CTGAN,2,19,CatBoost,5.466206832676106
0,CTGAN,2,19,LightGBM,5.463536565449735
0,CTGAN,5,1,RF,8.78315709420246
0,CTGAN,5,1,XGBoost,8.183795505281156
0,CTGAN,5,1,CatBoost,8.099638668977832
0,CTGAN,5,1,LightGBM,8.527100105838759
0,CTGAN,5,2,RF,7.553956304199965
0,CTGAN,5,2,XGBoost,8.073043901424816
0,CTGAN,5,2,CatBoost,7.229888251132674
0,CTGAN,5,2,LightGBM,8.137915424059072
0,CTGAN,5,3,RF,6.684300930577101
0,CTGAN,5,3,XGBoost,7.8721312716941565
0,CTGAN,5,3,CatBoost,6.560986806581793
0,CTGAN,5,3,LightGBM,6.811526900120447
0,CTGAN,5,4,RF,6.477517186115692
0,CTGAN,5,4,XGBoost,7.0688477881259235
0,CTGAN,5,4,CatBoost,6.402937701664644
0,CTGAN,5,4,LightGBM,6.790520322797997
0,CTGAN,5,5,RF,6.2913020419954035
0,CTGAN,5,5,XGBoost,6.964670371513189
0,CTGAN,5,5,CatBoost,6.254088291896079
0,CTGAN,5,5,LightGBM,6.213986581710025
0,CTGAN,5,6,RF,6.278070249964583
0,CTGAN,5,6,XGBoost,6.875478215063441
0,CTGAN,5,6,CatBoost,6.303985874113685
0,CTGAN,5,6,LightGBM,6.213986581710025
0,CTGAN,5,7,RF,6.268649575121437
0,CTGAN,5,7,XGBoost,6.991700790782685
0,CTGAN,5,7,CatBoost,6.254522425823176
0,CTGAN,5,7,LightGBM,6.327917348585438
0,CTGAN,5,8,RF,6.148721569772951
0,CTGAN,5,8,XGBoost,7.009703713933426
0,CTGAN,5,8,CatBoost,5.7199862039518745
0,CTGAN,5,8,LightGBM,5.922923580077754
0,CTGAN,5,9,RF,6.19100580418058
0,CTGAN,5,9,XGBoost,7.08856984965464
0,CTGAN,5,9,CatBoost,5.774797018325929
0,CTGAN,5,9,LightGBM,5.98123317002884
0,CTGAN,5,10,RF,6.254270301675016
0,CTGAN,5,10,XGBoost,7.255268858458845
0,CTGAN,5,10,CatBoost,5.907992428695833
0,CTGAN,5,10,LightGBM,5.8967854301855125
0,CTGAN,5,12,RF,6.2037760426871955
0,CTGAN,5,12,XGBoost,7.288560069243515
0,CTGAN,5,12,CatBoost,5.917848205085753
0,CTGAN,5,12,LightGBM,6.044160933497064
0,CTGAN,5,14,RF,6.197114338396904
0,CTGAN,5,14,XGBoost,7.043705071791122
0,CTGAN,5,14,CatBoost,5.950883444776541
0,CTGAN,5,14,LightGBM,6.046478462503422
0,CTGAN,5,17,RF,6.260153010723883
0,CTGAN,5,17,XGBoost,7.0667575781625
0,CTGAN,5,17,CatBoost,5.787004416081122
0,CTGAN,5,17,LightGBM,6.050500566818477
0,CTGAN,5,19,RF,6.290296178395165
0,CTGAN,5,19,XGBoost,7.074062117626173
0,CTGAN,5,19,CatBoost,5.982402487836226
0,CTGAN,5,19,LightGBM,5.968138988335751
0,TVAE,1,1,RF,6.825291747268112
0,TVAE,1,1,XGBoost,6.514846453181578
0,TVAE,1,1,CatBoost,6.57152524371778
0,TVAE,1,1,LightGBM,6.885662896763689
0,TVAE,1,2,RF,6.794092073023446
0,TVAE,1,2,XGBoost,6.845294606604498
0,TVAE,1,2,CatBoost,6.8444642273247185
0,TVAE,1,2,LightGBM,7.17734802033077
0,TVAE,1,3,RF,5.845950079609548
0,TVAE,1,3,XGBoost,6.849560487768357
0,TVAE,1,3,CatBoost,6.386974275794184
0,TVAE,1,3,LightGBM,5.244993387174318
0,TVAE,1,4,RF,5.778121742734147
0,TVAE,1,4,XGBoost,5.970533555050746
0,TVAE,1,4,CatBoost,5.786147026883139
0,TVAE,1,4,LightGBM,5.188933346231409
0,TVAE,1,5,RF,5.613020382011059
0,TVAE,1,5,XGBoost,6.001544595119389
0,TVAE,1,5,CatBoost,5.70343187145103
0,TVAE,1,5,LightGBM,5.204530542026873
0,TVAE,1,6,RF,5.648116726111149
0,TVAE,1,6,XGBoost,6.004243258816142
0,TVAE,1,6,CatBoost,5.671809220435911
0,TVAE,1,6,LightGBM,5.150773381927152
0,TVAE,1,7,RF,5.664557443599279
0,TVAE,1,7,XGBoost,5.779641224683363
0,TVAE,1,7,CatBoost,5.596236116249903
0,TVAE,1,7,LightGBM,5.260777225907297
0,TVAE,1,8,RF,5.582413905081651
0,TVAE,1,8,XGBoost,5.7026057156071195
0,TVAE,1,8,CatBoost,5.506663817590921
0,TVAE,1,8,LightGBM,5.418953576656307
0,TVAE,1,9,RF,5.651670942127672
0,TVAE,1,9,XGBoost,5.738869891307649
0,TVAE,1,9,CatBoost,5.4576359123481675
0,TVAE,1,9,LightGBM,5.3570539824172565
0,TVAE,1,10,RF,5.621311982969795
0,TVAE,1,10,XGBoost,5.787126838086241
0,TVAE,1,10,CatBoost,5.368989738723983
0,TVAE,1,10,LightGBM,5.407210423498869
0,TVAE,1,12,RF,5.733417240711435
0,TVAE,1,12,XGBoost,5.752228879731769
0,TVAE,1,12,CatBoost,5.54913330555897
0,TVAE,1,12,LightGBM,5.258146082335234
0,TVAE,1,14,RF,5.908001363933201
0,TVAE,1,14,XGBoost,5.64750138175029
0,TVAE,1,14,CatBoost,5.740432909728552
0,TVAE,1,14,LightGBM,5.003134361421429
0,TVAE,1,17,RF,6.023115941978273
0,TVAE,1,17,XGBoost,5.8681807393519785
0,TVAE,1,17,CatBoost,5.800512000868329
0,TVAE,1,17,LightGBM,5.003134361421429
0,TVAE,1,19,RF,6.101227916364391
0,TVAE,1,19,XGBoost,5.9586313437763865
0,TVAE,1,19,CatBoost,5.8994797553328935
0,TVAE,1,19,LightGBM,5.003134361421429
0,TVAE,2,1,RF,6.952592120390503
0,TVAE,2,1,XGBoost,6.760128339404496
0,TVAE,2,1,CatBoost,6.703044449650165
0,TVAE,2,1,LightGBM,6.794309407543764
0,TVAE,2,2,RF,6.821920688264803
0,TVAE,2,2,XGBoost,6.860756433452322
0,TVAE,2,2,CatBoost,6.595321556816673
0,TVAE,2,2,LightGBM,7.043116238585243
0,TVAE,2,3,RF,5.9825388222054094
0,TVAE,2,3,XGBoost,6.8798815647985885
0,TVAE,2,3,CatBoost,6.327364037132359
0,TVAE,2,3,LightGBM,5.410876083359267
0,TVAE,2,4,RF,5.829880083525866
0,TVAE,2,4,XGBoost,6.280295970790446
0,TVAE,2,4,CatBoost,5.6764123148317545
0,TVAE,2,4,LightGBM,5.261949766856866
0,TVAE,2,5,RF,5.803270187507518
0,TVAE,2,5,XGBoost,6.327796628776862
0,TVAE,2,5,CatBoost,5.698999911126404
0,TVAE,2,5,LightGBM,5.227135409441802
0,TVAE,2,6,RF,5.8417657470487505
0,TVAE,2,6,XGBoost,6.341035474294557
0,TVAE,2,6,CatBoost,5.667026722801865
0,TVAE,2,6,LightGBM,5.227135409441802
0,TVAE,2,7,RF,5.818460388210752
0,TVAE,2,7,XGBoost,6.051771971744056
0,TVAE,2,7,CatBoost,5.565587636517887
0,TVAE,2,7,LightGBM,5.270425848324014
0,TVAE,2,8,RF,5.700756174397564
0,TVAE,2,8,XGBoost,6.051811969104193
0,TVAE,2,8,CatBoost,5.2138413048058965
0,TVAE,2,8,LightGBM,5.413572095325585
0,TVAE,2,9,RF,5.752293086441086
0,TVAE,2,9,XGBoost,6.090344841265581
0,TVAE,2,9,CatBoost,5.305861740698259
0,TVAE,2,9,LightGBM,5.309491608411266
0,TVAE,2,10,RF,5.712212225609135
0,TVAE,2,10,XGBoost,6.039708303866481
0,TVAE,2,10,CatBoost,5.361065537367787
0,TVAE,2,10,LightGBM,5.409896330883385
0,TVAE,2,12,RF,5.868743454304692
0,TVAE,2,12,XGBoost,6.151111141118147
0,TVAE,2,12,CatBoost,5.525537895550806
0,TVAE,2,12,LightGBM,5.520497283714031
0,TVAE,2,14,RF,6.018337108784004
0,TVAE,2,14,XGBoost,6.060339819396538
0,TVAE,2,14,CatBoost,5.689868530342255
0,TVAE,2,14,LightGBM,5.170437428683843
0,TVAE,2,17,RF,6.018254570393286
0,TVAE,2,17,XGBoost,6.101734523546028
0,TVAE,2,17,CatBoost,5.750557947292722
0,TVAE,2,17,LightGBM,5.170437428683843
0,TVAE,2,19,RF,6.205316766807134
0,TVAE,2,19,XGBoost,6.211445776719878
0,TVAE,2,19,CatBoost,5.7875988964361
0,TVAE,2,19,LightGBM,5.170437428683843
0,TVAE,5,1,RF,7.507540785506896
0,TVAE,5,1,XGBoost,7.138489654322295
0,TVAE,5,1,CatBoost,7.32182844249857
0,TVAE,5,1,LightGBM,7.507457947977167
0,TVAE,5,2,RF,7.009068383726848
0,TVAE,5,2,XGBoost,6.860760868236754
0,TVAE,5,2,CatBoost,7.109368226035575
0,TVAE,5,2,LightGBM,7.33127376752057
0,TVAE,5,3,RF,6.204267012682476
0,TVAE,5,3,XGBoost,6.897071377793699
0,TVAE,5,3,CatBoost,6.668304220508143
0,TVAE,5,3,LightGBM,5.706073929767342
0,TVAE,5,4,RF,6.253969184137186
0,TVAE,5,4,XGBoost,6.36407391747683
0,TVAE,5,4,CatBoost,6.101251483040137
0,TVAE,5,4,LightGBM,5.7283142233322595
0,TVAE,5,5,RF,6.2198981850744195
0,TVAE,5,5,XGBoost,6.3317844940834505
0,TVAE,5,5,CatBoost,5.922693203543785
0,TVAE,5,5,LightGBM,5.8529902088918515
0,TVAE,5,6,RF,6.210683150170216
0,TVAE,5,6,XGBoost,6.36272346878989
0,TVAE,5,6,CatBoost,5.939981828188539
0,TVAE,5,6,LightGBM,5.8529902088918515
0,TVAE,5,7,RF,6.187029161287054
0,TVAE,5,7,XGBoost,6.235164513876444
0,TVAE,5,7,CatBoost,5.951630137780341
0,TVAE,5,7,LightGBM,5.759504808178374
0,TVAE,5,8,RF,6.060044814712526
0,TVAE,5,8,XGBoost,6.221023539771234
0,TVAE,5,8,CatBoost,5.8085562636377
0,TVAE,5,8,LightGBM,5.901791672596646
0,TVAE,5,9,RF,6.0960543335168556
0,TVAE,5,9,XGBoost,6.2589779130765715
0,TVAE,5,9,CatBoost,5.895256098893106
0,TVAE,5,9,LightGBM,5.769089588260574
0,TVAE,5,10,RF,6.093574298637092
0,TVAE,5,10,XGBoost,6.186264924565477
0,TVAE,5,10,CatBoost,5.615635767440722
0,TVAE,5,10,LightGBM,5.875009618475516
0,TVAE,5,12,RF,6.169642864950183
0,TVAE,5,12,XGBoost,6.3315024048919755
0,TVAE,5,12,CatBoost,5.729908761003741
0,TVAE,5,12,LightGBM,5.744850907538311
0,TVAE,5,14,RF,6.347042637313476
0,TVAE,5,14,XGBoost,6.214328082326017
0,TVAE,5,14,CatBoost,5.854696828910489
0,TVAE,5,14,LightGBM,5.284653449787332
0,TVAE,5,17,RF,6.322569225810742
0,TVAE,5,17,XGBoost,6.491748309182865
0,TVAE,5,17,CatBoost,5.903642833600208
0,TVAE,5,17,LightGBM,5.284653449787332
0,TVAE,5,19,RF,6.411928350416133
0,TVAE,5,19,XGBoost,6.619288327036965
0,TVAE,5,19,CatBoost,6.118912538538142
0,TVAE,5,19,LightGBM,5.284653449787332
0,GEO-interp,1,1,RF,7.199163870882288
0,GEO-interp,1,1,XGBoost,7.2237762053041745
0,GEO-interp,1,1,CatBoost,7.111776151144161
0,GEO-interp,1,1,LightGBM,6.801534117558862
0,GEO-interp,1,2,RF,6.805933753421081
0,GEO-interp,1,2,XGBoost,7.233595095891321
0,GEO-interp,1,2,CatBoost,6.853344707441631
0,GEO-interp,1,2,LightGBM,7.001318295618095
0,GEO-interp,1,3,RF,5.4364754260900074
0,GEO-interp,1,3,XGBoost,6.391966034766697
0,GEO-interp,1,3,CatBoost,5.349671145786816
0,GEO-interp,1,3,LightGBM,5.301216097799629
0,GEO-interp,1,4,RF,5.443853050005775
0,GEO-interp,1,4,XGBoost,5.323078942672154
0,GEO-interp,1,4,CatBoost,5.360578647440475
0,GEO-interp,1,4,LightGBM,5.276037875063317
0,GEO-interp,1,5,RF,5.232316586677982
0,GEO-interp,1,5,XGBoost,5.067183909268844
0,GEO-interp,1,5,CatBoost,5.175471672572703
0,GEO-interp,1,5,LightGBM,5.107481212069422
0,GEO-interp,1,6,RF,5.278307067545019
0,GEO-interp,1,6,XGBoost,5.009540504029733
0,GEO-interp,1,6,CatBoost,5.083495679832803
0,GEO-interp,1,6,LightGBM,5.107481212069422
0,GEO-interp,1,7,RF,5.2480442297734795
0,GEO-interp,1,7,XGBoost,5.003277127660169
0,GEO-interp,1,7,CatBoost,4.968499151056009
0,GEO-interp,1,7,LightGBM,4.901955380833491
0,GEO-interp,1,8,RF,5.200142642868823
0,GEO-interp,1,8,XGBoost,4.936335426972409
0,GEO-interp,1,8,CatBoost,5.120976142362396
0,GEO-interp,1,8,LightGBM,4.832498505679546
0,GEO-interp,1,9,RF,5.280013581078162
0,GEO-interp,1,9,XGBoost,4.979575307611016
0,GEO-interp,1,9,CatBoost,4.984180843033067
0,GEO-interp,1,9,LightGBM,4.955584199424833
0,GEO-interp,1,10,RF,5.3109428678629
0,GEO-interp,1,10,XGBoost,4.947775038116559
0,GEO-interp,1,10,CatBoost,4.997026061607338
0,GEO-interp,1,10,LightGBM,5.041017966951368
0,GEO-interp,1,12,RF,5.225493823283057
0,GEO-interp,1,12,XGBoost,4.999684235588657
0,GEO-interp,1,12,CatBoost,5.09985166292024
0,GEO-interp,1,12,LightGBM,4.951760582541436
0,GEO-interp,1,14,RF,5.387040991753488
0,GEO-interp,1,14,XGBoost,4.834794323709987
0,GEO-interp,1,14,CatBoost,4.943513897433606
0,GEO-interp,1,14,LightGBM,4.694809975004569
0,GEO-interp,1,17,RF,5.234243671892719
0,GEO-interp,1,17,XGBoost,4.896020915780525
0,GEO-interp,1,17,CatBoost,4.915077663827985
0,GEO-interp,1,17,LightGBM,4.69147160399304
0,GEO-interp,1,19,RF,5.412075271443299
0,GEO-interp,1,19,XGBoost,4.906276392891959
0,GEO-interp,1,19,CatBoost,4.9337217796850465
0,GEO-interp,1,19,LightGBM,4.710277293906143
0,GEO-interp,2,1,RF,6.964937570875483
0,GEO-interp,2,1,XGBoost,6.69446580286408
0,GEO-interp,2,1,CatBoost,6.381032345735768
0,GEO-interp,2,1,LightGBM,6.567871551776667
0,GEO-interp,2,2,RF,7.070491830714579
0,GEO-interp,2,2,XGBoost,7.261986655183713
0,GEO-interp,2,2,CatBoost,6.9604743174436985
0,GEO-interp,2,2,LightGBM,7.659253187926647
0,GEO-interp,2,3,RF,5.6648092742117715
0,GEO-interp,2,3,XGBoost,6.698057371524939
0,GEO-interp,2,3,CatBoost,5.332066564288756
0,GEO-interp,2,3,LightGBM,5.490622195262198
0,GEO-interp,2,4,RF,5.621583712892861
0,GEO-interp,2,4,XGBoost,5.700154273335358
0,GEO-interp,2,4,CatBoost,5.345666873730068
0,GEO-interp,2,4,LightGBM,5.301430809682712
0,GEO-interp,2,5,RF,5.520834161167217
0,GEO-interp,2,5,XGBoost,5.310771194648017
0,GEO-interp,2,5,CatBoost,5.1942254219289
0,GEO-interp,2,5,LightGBM,5.430411280170171
0,GEO-interp,2,6,RF,5.5534011751375
0,GEO-interp,2,6,XGBoost,5.375871196453072
0,GEO-interp,2,6,CatBoost,5.233497559628646
0,GEO-interp,2,6,LightGBM,5.497222250447969
0,GEO-interp,2,7,RF,5.602436099269782
0,GEO-interp,2,7,XGBoost,5.353893637720561
0,GEO-interp,2,7,CatBoost,5.2541555513841525
0,GEO-interp,2,7,LightGBM,5.23631163119458
0,GEO-interp,2,8,RF,5.53732502274975
0,GEO-interp,2,8,XGBoost,5.334877350636999
0,GEO-interp,2,8,CatBoost,5.216670925665805
0,GEO-interp,2,8,LightGBM,5.459942386773714
0,GEO-interp,2,9,RF,5.451017356664681
0,GEO-interp,2,9,XGBoost,5.2068050894257265
0,GEO-interp,2,9,CatBoost,5.07294914832554
0,GEO-interp,2,9,LightGBM,5.279593889190088
0,GEO-interp,2,10,RF,5.459185556366569
0,GEO-interp,2,10,XGBoost,5.4158551120458425
0,GEO-interp,2,10,CatBoost,5.031755293440547
0,GEO-interp,2,10,LightGBM,5.4541382217719
0,GEO-interp,2,12,RF,5.454282808822134
0,GEO-interp,2,12,XGBoost,5.460524741589748
0,GEO-interp,2,12,CatBoost,5.129975239839829
0,GEO-interp,2,12,LightGBM,5.479351720086268
0,GEO-interp,2,14,RF,5.529034065450886
0,GEO-interp,2,14,XGBoost,5.395077100777494
0,GEO-interp,2,14,CatBoost,4.85966271410073
0,GEO-interp,2,14,LightGBM,5.310604009619921
0,GEO-interp,2,17,RF,5.5011209167156325
0,GEO-interp,2,17,XGBoost,5.373530067392769
0,GEO-interp,2,17,CatBoost,5.02883325098004
0,GEO-interp,2,17,LightGBM,5.303964169873102
0,GEO-interp,2,19,RF,5.587655384761609
0,GEO-interp,2,19,XGBoost,5.352584108558217
0,GEO-interp,2,19,CatBoost,5.1619558234833764
0,GEO-interp,2,19,LightGBM,5.320494748243599
0,GEO-interp,5,1,RF,7.442426781056258
0,GEO-interp,5,1,XGBoost,6.907832908858167
0,GEO-interp,5,1,CatBoost,6.975345646116214
0,GEO-interp,5,1,LightGBM,7.0610828175717435
0,GEO-interp,5,2,RF,7.161196905932841
0,GEO-interp,5,2,XGBoost,7.363222202470062
0,GEO-interp,5,2,CatBoost,6.956840951683839
0,GEO-interp,5,2,LightGBM,7.428406939998546
0,GEO-interp,5,3,RF,5.320958763744728
0,GEO-interp,5,3,XGBoost,6.716697633821406
0,GEO-interp,5,3,CatBoost,5.445584265077714
0,GEO-interp,5,3,LightGBM,5.231605198028853
0,GEO-interp,5,4,RF,5.318717146715652
0,GEO-interp,5,4,XGBoost,5.469202403371289
0,GEO-interp,5,4,CatBoost,5.228876933661042
0,GEO-interp,5,4,LightGBM,5.44223924049038
0,GEO-interp,5,5,RF,5.241208025285497
0,GEO-interp,5,5,XGBoost,5.254332959849222
0,GEO-interp,5,5,CatBoost,5.260923990294455
0,GEO-interp,5,5,LightGBM,5.460767810774866
0,GEO-interp,5,6,RF,5.251901520696505
0,GEO-interp,5,6,XGBoost,5.267917305213597
0,GEO-interp,5,6,CatBoost,5.271736233581081
0,GEO-interp,5,6,LightGBM,5.572637381522079
0,GEO-interp,5,7,RF,5.318038684544212
0,GEO-interp,5,7,XGBoost,5.135072213616905
0,GEO-interp,5,7,CatBoost,5.150652552202536
0,GEO-interp,5,7,LightGBM,5.598652687346756
0,GEO-interp,5,8,RF,5.300784127594844
0,GEO-interp,5,8,XGBoost,5.012982777413896
0,GEO-interp,5,8,CatBoost,4.859727869739104
0,GEO-interp,5,8,LightGBM,5.5539808309863465
0,GEO-interp,5,9,RF,5.2747936841470064
0,GEO-interp,5,9,XGBoost,5.072033869488947
0,GEO-interp,5,9,CatBoost,4.839947553668183
0,GEO-interp,5,9,LightGBM,5.543105758409355
0,GEO-interp,5,10,RF,5.355713757825083
0,GEO-interp,5,10,XGBoost,5.096274602337435
0,GEO-interp,5,10,CatBoost,4.9503533670907744
0,GEO-interp,5,10,LightGBM,5.514729628868047
0,GEO-interp,5,12,RF,5.331847168395182
0,GEO-interp,5,12,XGBoost,5.01631426197364
0,GEO-interp,5,12,CatBoost,4.89982032404131
0,GEO-interp,5,12,LightGBM,5.587687252909454
0,GEO-interp,5,14,RF,5.293809992993391
0,GEO-interp,5,14,XGBoost,4.986451917677831
0,GEO-interp,5,14,CatBoost,4.709842263415258
0,GEO-interp,5,14,LightGBM,5.365548627911995
0,GEO-interp,5,17,RF,5.284772932775898
0,GEO-interp,5,17,XGBoost,5.010162168412622
0,GEO-interp,5,17,CatBoost,4.837049604769846
0,GEO-interp,5,17,LightGBM,5.569916816764346
0,GEO-interp,5,19,RF,5.340181723096697
0,GEO-interp,5,19,XGBoost,5.011581895119708
0,GEO-interp,5,19,CatBoost,4.98015548900702
0,GEO-interp,5,19,LightGBM,5.3265802650096745
0,GEO-disp,1,1,RF,7.188231046444196
0,GEO-disp,1,1,XGBoost,7.166842064115474
0,GEO-disp,1,1,CatBoost,7.060571544586083
0,GEO-disp,1,1,LightGBM,6.77671336612238
0,GEO-disp,1,2,RF,6.827453845882195
0,GEO-disp,1,2,XGBoost,7.250365785673386
0,GEO-disp,1,2,CatBoost,6.782154592764531
0,GEO-disp,1,2,LightGBM,6.834477569440956
0,GEO-disp,1,3,RF,5.490873248175752
0,GEO-disp,1,3,XGBoost,6.368101528475176
0,GEO-disp,1,3,CatBoost,5.315859987465652
0,GEO-disp,1,3,LightGBM,5.257592915570675
0,GEO-disp,1,4,RF,5.457633297726284
0,GEO-disp,1,4,XGBoost,5.288533738065833
0,GEO-disp,1,4,CatBoost,5.437600105798082
0,GEO-disp,1,4,LightGBM,5.264930736804175
0,GEO-disp,1,5,RF,5.286580994309421
0,GEO-disp,1,5,XGBoost,5.078478781191766
0,GEO-disp,1,5,CatBoost,5.2333120390617855
0,GEO-disp,1,5,LightGBM,5.2007439066481105
0,GEO-disp,1,6,RF,5.267196037768749
0,GEO-disp,1,6,XGBoost,4.982917921662631
0,GEO-disp,1,6,CatBoost,5.123538819968122
0,GEO-disp,1,6,LightGBM,5.2007439066481105
0,GEO-disp,1,7,RF,5.307888850817013
0,GEO-disp,1,7,XGBoost,4.982996030047629
0,GEO-disp,1,7,CatBoost,5.015268194060156
0,GEO-disp,1,7,LightGBM,4.867650397430275
0,GEO-disp,1,8,RF,5.2104007677303255
0,GEO-disp,1,8,XGBoost,4.967557333542413
0,GEO-disp,1,8,CatBoost,5.08801345143361
0,GEO-disp,1,8,LightGBM,5.133011087520076
0,GEO-disp,1,9,RF,5.17679251666341
0,GEO-disp,1,9,XGBoost,4.834670985628163
0,GEO-disp,1,9,CatBoost,5.002631948904381
0,GEO-disp,1,9,LightGBM,5.020910266990002
0,GEO-disp,1,10,RF,5.181303043099781
0,GEO-disp,1,10,XGBoost,4.886229176738646
0,GEO-disp,1,10,CatBoost,5.028339223841288
0,GEO-disp,1,10,LightGBM,4.991782829153245
0,GEO-disp,1,12,RF,5.2154070388285625
0,GEO-disp,1,12,XGBoost,5.108831873529862
0,GEO-disp,1,12,CatBoost,5.148924778380067
0,GEO-disp,1,12,LightGBM,4.995726312019149
0,GEO-disp,1,14,RF,5.3740575777666875
0,GEO-disp,1,14,XGBoost,4.771654665992132
0,GEO-disp,1,14,CatBoost,5.167484434663606
0,GEO-disp,1,14,LightGBM,4.936392501797124
0,GEO-disp,1,17,RF,5.293962083226887
0,GEO-disp,1,17,XGBoost,4.833789946318306
0,GEO-disp,1,17,CatBoost,5.080198282440029
0,GEO-disp,1,17,LightGBM,5.011087199138016
0,GEO-disp,1,19,RF,5.391303367618831
0,GEO-disp,1,19,XGBoost,4.783633617908838
0,GEO-disp,1,19,CatBoost,5.100855830815161
0,GEO-disp,1,19,LightGBM,4.850738745257955
0,GEO-disp,2,1,RF,7.007633592055821
0,GEO-disp,2,1,XGBoost,6.640450201169782
0,GEO-disp,2,1,CatBoost,6.401023816657658
0,GEO-disp,2,1,LightGBM,6.589945619897511
0,GEO-disp,2,2,RF,7.224798186265702
0,GEO-disp,2,2,XGBoost,7.320332571274233
0,GEO-disp,2,2,CatBoost,7.126791080446028
0,GEO-disp,2,2,LightGBM,7.773395813396201
0,GEO-disp,2,3,RF,5.946108315176693
0,GEO-disp,2,3,XGBoost,6.693122479987622
0,GEO-disp,2,3,CatBoost,5.74049803612553
0,GEO-disp,2,3,LightGBM,5.488573062473973
0,GEO-disp,2,4,RF,5.8457462092084524
0,GEO-disp,2,4,XGBoost,5.721568946862082
0,GEO-disp,2,4,CatBoost,5.537428128407407
0,GEO-disp,2,4,LightGBM,5.4947046887477775
0,GEO-disp,2,5,RF,5.784702791033645
0,GEO-disp,2,5,XGBoost,5.417852599573929
0,GEO-disp,2,5,CatBoost,5.596694793524368
0,GEO-disp,2,5,LightGBM,5.875981418134299
0,GEO-disp,2,6,RF,5.825969993741285
0,GEO-disp,2,6,XGBoost,5.541948660909723
0,GEO-disp,2,6,CatBoost,5.520131334221274
0,GEO-disp,2,6,LightGBM,5.982368975881762
0,GEO-disp,2,7,RF,5.707454178733781
0,GEO-disp,2,7,XGBoost,5.466869056182039
0,GEO-disp,2,7,CatBoost,5.368386128989669
0,GEO-disp,2,7,LightGBM,5.731101594844839
0,GEO-disp,2,8,RF,5.7794872603621075
0,GEO-disp,2,8,XGBoost,5.440146427242516
0,GEO-disp,2,8,CatBoost,5.248275869914114
0,GEO-disp,2,8,LightGBM,5.532601770498651
0,GEO-disp,2,9,RF,5.822719335117093
0,GEO-disp,2,9,XGBoost,5.297925450098634
0,GEO-disp,2,9,CatBoost,5.295400899015065
0,GEO-disp,2,9,LightGBM,5.3909212826254755
0,GEO-disp,2,10,RF,5.80462465171815
0,GEO-disp,2,10,XGBoost,5.526788568262741
0,GEO-disp,2,10,CatBoost,5.302769681684706
0,GEO-disp,2,10,LightGBM,5.560952385142614
0,GEO-disp,2,12,RF,5.826382474365353
0,GEO-disp,2,12,XGBoost,5.571397194463844
0,GEO-disp,2,12,CatBoost,5.307454278686572
0,GEO-disp,2,12,LightGBM,5.582030153204619
0,GEO-disp,2,14,RF,5.7728215234309195
0,GEO-disp,2,14,XGBoost,5.484056538749957
0,GEO-disp,2,14,CatBoost,5.128942962705605
0,GEO-disp,2,14,LightGBM,5.118187148475951
0,GEO-disp,2,17,RF,5.891748559916142
0,GEO-disp,2,17,XGBoost,5.474704601230032
0,GEO-disp,2,17,CatBoost,5.123943863402925
0,GEO-disp,2,17,LightGBM,5.154771726085051
0,GEO-disp,2,19,RF,5.814358219838099
0,GEO-disp,2,19,XGBoost,5.47153153566344
0,GEO-disp,2,19,CatBoost,5.142886629050857
0,GEO-disp,2,19,LightGBM,5.133386375097506
0,GEO-disp,5,1,RF,7.515322286832978
0,GEO-disp,5,1,XGBoost,6.875127767064627
0,GEO-disp,5,1,CatBoost,6.95679337039574
0,GEO-disp,5,1,LightGBM,7.005960189174452
0,GEO-disp,5,2,RF,7.305351776824726
0,GEO-disp,5,2,XGBoost,7.412918919938948
0,GEO-disp,5,2,CatBoost,7.1190743424517215
0,GEO-disp,5,2,LightGBM,7.542200723072022
0,GEO-disp,5,3,RF,5.489025796653505
0,GEO-disp,5,3,XGBoost,6.88672908264608
0,GEO-disp,5,3,CatBoost,5.666813499670378
0,GEO-disp,5,3,LightGBM,5.575625831496768
0,GEO-disp,5,4,RF,5.536493032645405
0,GEO-disp,5,4,XGBoost,5.665072583857484
0,GEO-disp,5,4,CatBoost,5.5125318293986325
0,GEO-disp,5,4,LightGBM,6.100825807468691
0,GEO-disp,5,5,RF,5.486555852375189
0,GEO-disp,5,5,XGBoost,5.4792829630830155
0,GEO-disp,5,5,CatBoost,5.560521433838966
0,GEO-disp,5,5,LightGBM,6.067404362999835
0,GEO-disp,5,6,RF,5.5954575856008075
0,GEO-disp,5,6,XGBoost,5.520269853529838
0,GEO-disp,5,6,CatBoost,5.68428196200423
0,GEO-disp,5,6,LightGBM,6.173577624463535
0,GEO-disp,5,7,RF,5.589765336904853
0,GEO-disp,5,7,XGBoost,5.400651628278005
0,GEO-disp,5,7,CatBoost,5.42853788381348
0,GEO-disp,5,7,LightGBM,5.843507619019468
0,GEO-disp,5,8,RF,5.587438509115964
0,GEO-disp,5,8,XGBoost,5.078976896875072
0,GEO-disp,5,8,CatBoost,5.236163301989744
0,GEO-disp,5,8,LightGBM,5.802740688383709
0,GEO-disp,5,9,RF,5.64318603142731
0,GEO-disp,5,9,XGBoost,5.191759762814024
0,GEO-disp,5,9,CatBoost,5.136570295273678
0,GEO-disp,5,9,LightGBM,5.876478470425959
0,GEO-disp,5,10,RF,5.629855190639937
0,GEO-disp,5,10,XGBoost,5.254849718327367
0,GEO-disp,5,10,CatBoost,5.008739890788037
0,GEO-disp,5,10,LightGBM,5.857472083650716
0,GEO-disp,5,12,RF,5.561408143723742
0,GEO-disp,5,12,XGBoost,5.158710774427356
0,GEO-disp,5,12,CatBoost,5.154367209001855
0,GEO-disp,5,12,LightGBM,5.840794247893814
0,GEO-disp,5,14,RF,5.560336278556503
0,GEO-disp,5,14,XGBoost,5.132135571462469
0,GEO-disp,5,14,CatBoost,4.928103604693494
0,GEO-disp,5,14,LightGBM,5.672500908859269
0,GEO-disp,5,17,RF,5.563978225675772
0,GEO-disp,5,17,XGBoost,5.135930511903831
0,GEO-disp,5,17,CatBoost,5.038391479229468
0,GEO-disp,5,17,LightGBM,5.665178834869026
0,GEO-disp,5,19,RF,5.481550398085165
0,GEO-disp,5,19,XGBoost,5.120876863006498
0,GEO-disp,5,19,CatBoost,5.137282907657764
0,GEO-disp,5,19,LightGBM,5.642659338214991
1,aucun,0,1,RF,7.096192719340584
1,aucun,0,1,XGBoost,6.5951654778626985
1,aucun,0,1,CatBoost,6.885449285198278
1,aucun,0,1,LightGBM,6.3253800446771375
1,aucun,0,2,RF,6.265971882167849
1,aucun,0,2,XGBoost,6.6340217093108595
1,aucun,0,2,CatBoost,6.3910835380939375
1,aucun,0,2,LightGBM,6.479541706447912
1,aucun,0,3,RF,5.767841458199407
1,aucun,0,3,XGBoost,6.336325226478734
1,aucun,0,3,CatBoost,5.365469590180923
1,aucun,0,3,LightGBM,5.6361654373408046
1,aucun,0,4,RF,5.6133741961156804
1,aucun,0,4,XGBoost,5.816800148703678
1,aucun,0,4,CatBoost,5.543661253231641
1,aucun,0,4,LightGBM,5.451648739224448
1,aucun,0,5,RF,5.471210535844617
1,aucun,0,5,XGBoost,5.590831292555895
1,aucun,0,5,CatBoost,5.5036865794781855
1,aucun,0,5,LightGBM,5.144587962128512
1,aucun,0,6,RF,5.4377736157497125
1,aucun,0,6,XGBoost,5.539700610930741
1,aucun,0,6,CatBoost,5.512228505961563
1,aucun,0,6,LightGBM,5.114936620774406
1,aucun,0,7,RF,5.483270394357067
1,aucun,0,7,XGBoost,5.6273914758510974
1,aucun,0,7,CatBoost,5.508314702712389
1,aucun,0,7,LightGBM,5.342601483729449
1,aucun,0,8,RF,5.424152412408607
1,aucun,0,8,XGBoost,5.743457633730598
1,aucun,0,8,CatBoost,5.377241511805272
1,aucun,0,8,LightGBM,5.2923759759045375
1,aucun,0,9,RF,5.452261909918977
1,aucun,0,9,XGBoost,5.725201905418894
1,aucun,0,9,CatBoost,5.365131323108819
1,aucun,0,9,LightGBM,5.317760452304568
1,aucun,0,10,RF,5.446240225675547
1,aucun,0,10,XGBoost,5.737963449769214
1,aucun,0,10,CatBoost,5.5195663291750785
1,aucun,0,10,LightGBM,5.325780613466552
1,aucun,0,12,RF,5.454248963904866
1,aucun,0,12,XGBoost,5.675754522919857
1,aucun,0,12,CatBoost,5.374586271260575
1,aucun,0,12,LightGBM,5.131120766548572
1,aucun,0,14,RF,5.3789841672703105
1,aucun,0,14,XGBoost,5.737834253272466
1,aucun,0,14,CatBoost,5.565938033109102
1,aucun,0,14,LightGBM,5.063009682151063
1,aucun,0,17,RF,5.353827513817113
1,aucun,0,17,XGBoost,5.718227356028254
1,aucun,0,17,CatBoost,5.450486077371294
1,aucun,0,17,LightGBM,5.077332075310891
1,aucun,0,19,RF,5.344621909639391
1,aucun,0,19,XGBoost,5.83681077097601
1,aucun,0,19,CatBoost,5.324872230883114
1,aucun,0,19,LightGBM,5.05066361691946
1,SMOTE-R,1,1,RF,6.9911121189103955
1,SMOTE-R,1,1,XGBoost,6.26187577579473
1,SMOTE-R,1,1,CatBoost,6.321921173738472
1,SMOTE-R,1,1,LightGBM,6.110453632502487
1,SMOTE-R,1,2,RF,6.532478766098711
1,SMOTE-R,1,2,XGBoost,6.678401107685143
1,SMOTE-R,1,2,CatBoost,6.388548888066875
1,SMOTE-R,1,2,LightGBM,6.714284847362201
1,SMOTE-R,1,3,RF,5.783982788411823
1,SMOTE-R,1,3,XGBoost,6.630270177857162
1,SMOTE-R,1,3,CatBoost,5.351004139238579
1,SMOTE-R,1,3,LightGBM,5.45986440071259
1,SMOTE-R,1,4,RF,5.639287214371646
1,SMOTE-R,1,4,XGBoost,5.2890501790913484
1,SMOTE-R,1,4,CatBoost,5.267044371912946
1,SMOTE-R,1,4,LightGBM,5.599782529984553
1,SMOTE-R,1,5,RF,5.492360715600209
1,SMOTE-R,1,5,XGBoost,5.322152897033727
1,SMOTE-R,1,5,CatBoost,5.3472335302592775
1,SMOTE-R,1,5,LightGBM,5.469650722853178
1,SMOTE-R,1,6,RF,5.498497571866941
1,SMOTE-R,1,6,XGBoost,5.410056645510468
1,SMOTE-R,1,6,CatBoost,5.355922865946066
1,SMOTE-R,1,6,LightGBM,5.481439248709394
1,SMOTE-R,1,7,RF,5.5406082419107
1,SMOTE-R,1,7,XGBoost,5.353169641694323
1,SMOTE-R,1,7,CatBoost,5.486633357295009
1,SMOTE-R,1,7,LightGBM,5.912253177589774
1,SMOTE-R,1,8,RF,5.38321285818779
1,SMOTE-R,1,8,XGBoost,5.464248727741701
1,SMOTE-R,1,8,CatBoost,5.367060546866561
1,SMOTE-R,1,8,LightGBM,5.880342890674847
1,SMOTE-R,1,9,RF,5.428913063896978
1,SMOTE-R,1,9,XGBoost,5.470946619327081
1,SMOTE-R,1,9,CatBoost,5.354781877106748
1,SMOTE-R,1,9,LightGBM,5.9293957932301815
1,SMOTE-R,1,10,RF,5.435456016974158
1,SMOTE-R,1,10,XGBoost,5.565326573261988
1,SMOTE-R,1,10,CatBoost,5.422162139247711
1,SMOTE-R,1,10,LightGBM,5.908527309757757
1,SMOTE-R,1,12,RF,5.418402832158081
1,SMOTE-R,1,12,XGBoost,5.461674245471602
1,SMOTE-R,1,12,CatBoost,5.416336604850785
1,SMOTE-R,1,12,LightGBM,5.845516514325815
1,SMOTE-R,1,14,RF,5.285894073543587
1,SMOTE-R,1,14,XGBoost,5.450868915534498
1,SMOTE-R,1,14,CatBoost,5.316552410860181
1,SMOTE-R,1,14,LightGBM,5.629036861508187
1,SMOTE-R,1,17,RF,5.304242732719767
1,SMOTE-R,1,17,XGBoost,5.389430291707399
1,SMOTE-R,1,17,CatBoost,5.369744668235367
1,SMOTE-R,1,17,LightGBM,5.673188762184468
1,SMOTE-R,1,19,RF,5.34849829390324
1,SMOTE-R,1,19,XGBoost,5.5161244216853005
1,SMOTE-R,1,19,CatBoost,5.346564886706072
1,SMOTE-R,1,19,LightGBM,5.75955329304465
1,SMOTE-R,2,1,RF,6.871523511829229
1,SMOTE-R,2,1,XGBoost,6.454042765640357
1,SMOTE-R,2,1,CatBoost,6.598966693509447
1,SMOTE-R,2,1,LightGBM,6.780140154078492
1,SMOTE-R,2,2,RF,6.713694154535786
1,SMOTE-R,2,2,XGBoost,6.745802648228834
1,SMOTE-R,2,2,CatBoost,6.575199735852266
1,SMOTE-R,2,2,LightGBM,6.930850288924572
1,SMOTE-R,2,3,RF,5.790694057404826
1,SMOTE-R,2,3,XGBoost,6.414931740067809
1,SMOTE-R,2,3,CatBoost,5.424676858564986
1,SMOTE-R,2,3,LightGBM,5.59505001617299
1,SMOTE-R,2,4,RF,5.654245162677976
1,SMOTE-R,2,4,XGBoost,5.339427402829256
1,SMOTE-R,2,4,CatBoost,5.385906039657601
1,SMOTE-R,2,4,LightGBM,5.657977481597446
1,SMOTE-R,2,5,RF,5.454967425107955
1,SMOTE-R,2,5,XGBoost,5.201052193022373
1,SMOTE-R,2,5,CatBoost,5.3698511608455055
1,SMOTE-R,2,5,LightGBM,5.716721394698113
1,SMOTE-R,2,6,RF,5.4484395086188036
1,SMOTE-R,2,6,XGBoost,5.201236801279081
1,SMOTE-R,2,6,CatBoost,5.315007547866937
1,SMOTE-R,2,6,LightGBM,5.716721394698113
1,SMOTE-R,2,7,RF,5.554572045099835
1,SMOTE-R,2,7,XGBoost,5.268988284845373
1,SMOTE-R,2,7,CatBoost,5.447343399883484
1,SMOTE-R,2,7,LightGBM,5.703292787442442
1,SMOTE-R,2,8,RF,5.418279934930683
1,SMOTE-R,2,8,XGBoost,5.272709792694958
1,SMOTE-R,2,8,CatBoost,5.321162709766355
1,SMOTE-R,2,8,LightGBM,5.684580057332477
1,SMOTE-R,2,9,RF,5.4624688246112925
1,SMOTE-R,2,9,XGBoost,5.23291630071786
1,SMOTE-R,2,9,CatBoost,5.4044619361129795
1,SMOTE-R,2,9,LightGBM,5.722577560352841
1,SMOTE-R,2,10,RF,5.4777597923809465
1,SMOTE-R,2,10,XGBoost,5.332014485321834
1,SMOTE-R,2,10,CatBoost,5.3034141451976495
1,SMOTE-R,2,10,LightGBM,5.822362304957306
1,SMOTE-R,2,12,RF,5.407814389803985
1,SMOTE-R,2,12,XGBoost,5.342501190300334
1,SMOTE-R,2,12,CatBoost,5.548633750306849
1,SMOTE-R,2,12,LightGBM,5.702876857683216
1,SMOTE-R,2,14,RF,5.361295271043051
1,SMOTE-R,2,14,XGBoost,5.461857791334325
1,SMOTE-R,2,14,CatBoost,5.603024619107585
1,SMOTE-R,2,14,LightGBM,5.705881066780239
1,SMOTE-R,2,17,RF,5.393900607039591
1,SMOTE-R,2,17,XGBoost,5.375136397300121
1,SMOTE-R,2,17,CatBoost,5.552522496298378
1,SMOTE-R,2,17,LightGBM,5.793504970130254
1,SMOTE-R,2,19,RF,5.370892392893994
1,SMOTE-R,2,19,XGBoost,5.482934975294
1,SMOTE-R,2,19,CatBoost,5.457461262784815
1,SMOTE-R,2,19,LightGBM,5.862686932486684
1,SMOTE-R,5,1,RF,6.672024399344734
1,SMOTE-R,5,1,XGBoost,6.560832216518478
1,SMOTE-R,5,1,CatBoost,6.47217884223918
1,SMOTE-R,5,1,LightGBM,6.4571200986513295
1,SMOTE-R,5,2,RF,6.823487389306887
1,SMOTE-R,5,2,XGBoost,6.548861525826776
1,SMOTE-R,5,2,CatBoost,6.5961328506356285
1,SMOTE-R,5,2,LightGBM,6.89541602907938
1,SMOTE-R,5,3,RF,5.770116458818417
1,SMOTE-R,5,3,XGBoost,6.260268177250742
1,SMOTE-R,5,3,CatBoost,5.303209070347605
1,SMOTE-R,5,3,LightGBM,5.7200427100875935
1,SMOTE-R,5,4,RF,5.585788722653489
1,SMOTE-R,5,4,XGBoost,5.36116277498448
1,SMOTE-R,5,4,CatBoost,5.503031120060535
1,SMOTE-R,5,4,LightGBM,5.647788461706725
1,SMOTE-R,5,5,RF,5.426617931343671
1,SMOTE-R,5,5,XGBoost,5.251819439575661
1,SMOTE-R,5,5,CatBoost,5.270551540096022
1,SMOTE-R,5,5,LightGBM,5.523194616875571
1,SMOTE-R,5,6,RF,5.456106408974814
1,SMOTE-R,5,6,XGBoost,5.24023595241483
1,SMOTE-R,5,6,CatBoost,5.286706089305107
1,SMOTE-R,5,6,LightGBM,5.523194616875571
1,SMOTE-R,5,7,RF,5.46978551762804
1,SMOTE-R,5,7,XGBoost,5.183233126912857
1,SMOTE-R,5,7,CatBoost,5.425077969469633
1,SMOTE-R,5,7,LightGBM,5.927434750641148
1,SMOTE-R,5,8,RF,5.336125494419014
1,SMOTE-R,5,8,XGBoost,5.2008460207579805
1,SMOTE-R,5,8,CatBoost,5.195151561231148
1,SMOTE-R,5,8,LightGBM,5.551682488850655
1,SMOTE-R,5,9,RF,5.4676890482131295
1,SMOTE-R,5,9,XGBoost,5.245796018588598
1,SMOTE-R,5,9,CatBoost,5.290791599735546
1,SMOTE-R,5,9,LightGBM,5.485898123914758
1,SMOTE-R,5,10,RF,5.387556197619958
1,SMOTE-R,5,10,XGBoost,5.20954902948348
1,SMOTE-R,5,10,CatBoost,5.294790214934339
1,SMOTE-R,5,10,LightGBM,5.573298613894159
1,SMOTE-R,5,12,RF,5.360161326244724
1,SMOTE-R,5,12,XGBoost,5.2266741236517635
1,SMOTE-R,5,12,CatBoost,5.310268144852363
1,SMOTE-R,5,12,LightGBM,5.481042442820248
1,SMOTE-R,5,14,RF,5.405932952261989
1,SMOTE-R,5,14,XGBoost,5.327660784430276
1,SMOTE-R,5,14,CatBoost,5.1739935676763995
1,SMOTE-R,5,14,LightGBM,5.576269146951153
1,SMOTE-R,5,17,RF,5.4792715156001535
1,SMOTE-R,5,17,XGBoost,5.46085022898061
1,SMOTE-R,5,17,CatBoost,5.336100167515011
1,SMOTE-R,5,17,LightGBM,5.595217961997534
1,SMOTE-R,5,19,RF,5.460719922321276
1,SMOTE-R,5,19,XGBoost,5.4497605528404645
1,SMOTE-R,5,19,CatBoost,5.307904423884031
1,SMOTE-R,5,19,LightGBM,5.782775070381903
1,CTGAN,1,1,RF,7.001916983554935
1,CTGAN,1,1,XGBoost,6.336069267239979
1,CTGAN,1,1,CatBoost,6.39185793943901
1,CTGAN,1,1,LightGBM,6.1086532875311175
1,CTGAN,1,2,RF,6.030247792325923
1,CTGAN,1,2,XGBoost,5.901064817346618
1,CTGAN,1,2,CatBoost,6.145794139148322
1,CTGAN,1,2,LightGBM,6.3317752712920115
1,CTGAN,1,3,RF,5.880308365909216
1,CTGAN,1,3,XGBoost,6.327482293594124
1,CTGAN,1,3,CatBoost,5.453205045690939
1,CTGAN,1,3,LightGBM,5.774345116429571
1,CTGAN,1,4,RF,5.869550230303753
1,CTGAN,1,4,XGBoost,5.8377524859113965
1,CTGAN,1,4,CatBoost,5.640880013655813
1,CTGAN,1,4,LightGBM,6.009631770625555
1,CTGAN,1,5,RF,5.661544938728859
1,CTGAN,1,5,XGBoost,5.808517058312837
1,CTGAN,1,5,CatBoost,5.686096245477435
1,CTGAN,1,5,LightGBM,5.938742474924751
1,CTGAN,1,6,RF,5.655839069879215
1,CTGAN,1,6,XGBoost,5.678095424623668
1,CTGAN,1,6,CatBoost,5.6465417870994745
1,CTGAN,1,6,LightGBM,5.938742474924751
1,CTGAN,1,7,RF,5.614062315708714
1,CTGAN,1,7,XGBoost,5.620593328117915
1,CTGAN,1,7,CatBoost,5.529029498838863
1,CTGAN,1,7,LightGBM,5.701337846548002
1,CTGAN,1,8,RF,5.575856176056258
1,CTGAN,1,8,XGBoost,5.765359449776735
1,CTGAN,1,8,CatBoost,5.487465418351045
1,CTGAN,1,8,LightGBM,5.867765114184142
1,CTGAN,1,9,RF,5.508271974675309
1,CTGAN,1,9,XGBoost,5.664973575944656
1,CTGAN,1,9,CatBoost,5.576306998331191
1,CTGAN,1,9,LightGBM,5.8241309841095115
1,CTGAN,1,10,RF,5.561953999251516
1,CTGAN,1,10,XGBoost,5.725801611674493
1,CTGAN,1,10,CatBoost,5.651553831336686
1,CTGAN,1,10,LightGBM,5.91129567951838
1,CTGAN,1,12,RF,5.481313915573482
1,CTGAN,1,12,XGBoost,5.737867766433978
1,CTGAN,1,12,CatBoost,5.524776344270814
1,CTGAN,1,12,LightGBM,5.705933914087409
1,CTGAN,1,14,RF,5.53071534090086
1,CTGAN,1,14,XGBoost,5.702076841361853
1,CTGAN,1,14,CatBoost,5.430614064332367
1,CTGAN,1,14,LightGBM,5.606047513072915
1,CTGAN,1,17,RF,5.560851677187941
1,CTGAN,1,17,XGBoost,5.834084335816495
1,CTGAN,1,17,CatBoost,5.361421024588648
1,CTGAN,1,17,LightGBM,5.737415620673006
1,CTGAN,1,19,RF,5.422441867417773
1,CTGAN,1,19,XGBoost,5.7898526046536585
1,CTGAN,1,19,CatBoost,5.404861406374773
1,CTGAN,1,19,LightGBM,5.778262718444491
1,CTGAN,2,1,RF,6.943750319301518
1,CTGAN,2,1,XGBoost,6.485388820973007
1,CTGAN,2,1,CatBoost,6.644774250110472
1,CTGAN,2,1,LightGBM,6.297192712067844
1,CTGAN,2,2,RF,6.280356574806807
1,CTGAN,2,2,XGBoost,5.975443832841403
1,CTGAN,2,2,CatBoost,6.25715663251125
1,CTGAN,2,2,LightGBM,6.305379498300914
1,CTGAN,2,3,RF,5.943428561651545
1,CTGAN,2,3,XGBoost,6.217066651586396
1,CTGAN,2,3,CatBoost,5.763163222776366
1,CTGAN,2,3,LightGBM,6.395981056429471
1,CTGAN,2,4,RF,5.848990380115256
1,CTGAN,2,4,XGBoost,5.762634927285045
1,CTGAN,2,4,CatBoost,5.833552566346947
1,CTGAN,2,4,LightGBM,6.465394272320853
1,CTGAN,2,5,RF,5.685618332045463
1,CTGAN,2,5,XGBoost,5.6488968272618045
1,CTGAN,2,5,CatBoost,5.821023547294841
1,CTGAN,2,5,LightGBM,6.045895281642346
1,CTGAN,2,6,RF,5.609934347552253
1,CTGAN,2,6,XGBoost,5.567374907121604
1,CTGAN,2,6,CatBoost,5.818912280581235
1,CTGAN,2,6,LightGBM,6.045895281642346
1,CTGAN,2,7,RF,5.612505313466306
1,CTGAN,2,7,XGBoost,5.514588833114324
1,CTGAN,2,7,CatBoost,5.604552803742558
1,CTGAN,2,7,LightGBM,5.823138187635213
1,CTGAN,2,8,RF,5.51385976852449
1,CTGAN,2,8,XGBoost,5.567643050263393
1,CTGAN,2,8,CatBoost,5.541733487072041
1,CTGAN,2,8,LightGBM,5.920045532433254
1,CTGAN,2,9,RF,5.546897269555967
1,CTGAN,2,9,XGBoost,5.5616834046177885
1,CTGAN,2,9,CatBoost,5.628923610759923
1,CTGAN,2,9,LightGBM,5.831811337196634
1,CTGAN,2,10,RF,5.572293287886059
1,CTGAN,2,10,XGBoost,5.610014159112721
1,CTGAN,2,10,CatBoost,5.7038304838709095
1,CTGAN,2,10,LightGBM,6.068425103494064
1,CTGAN,2,12,RF,5.561040360728943
1,CTGAN,2,12,XGBoost,5.615506350848718
1,CTGAN,2,12,CatBoost,5.671839708247322
1,CTGAN,2,12,LightGBM,6.025213907163714
1,CTGAN,2,14,RF,5.452112615910256
1,CTGAN,2,14,XGBoost,5.497668000970127
1,CTGAN,2,14,CatBoost,5.453304592214983
1,CTGAN,2,14,LightGBM,5.760526615682238
1,CTGAN,2,17,RF,5.457906969482164
1,CTGAN,2,17,XGBoost,5.486328303845114
1,CTGAN,2,17,CatBoost,5.54168849675998
1,CTGAN,2,17,LightGBM,6.092030016850242
1,CTGAN,2,19,RF,5.507935363255929
1,CTGAN,2,19,XGBoost,5.721616584258793
1,CTGAN,2,19,CatBoost,5.5597351288147765
1,CTGAN,2,19,LightGBM,5.918704406534544
1,CTGAN,5,1,RF,6.9856458607626575
1,CTGAN,5,1,XGBoost,6.575193393085487
1,CTGAN,5,1,CatBoost,6.678843216015959
1,CTGAN,5,1,LightGBM,6.501086475310345
1,CTGAN,5,2,RF,6.079334349225818
1,CTGAN,5,2,XGBoost,6.076347357043138
1,CTGAN,5,2,CatBoost,6.23930417750758
1,CTGAN,5,2,LightGBM,6.438295581450473
1,CTGAN,5,3,RF,6.117291643508158
1,CTGAN,5,3,XGBoost,6.313005560079073
1,CTGAN,5,3,CatBoost,5.982865206076971
1,CTGAN,5,3,LightGBM,6.2474456907323574
1,CTGAN,5,4,RF,5.887775153797132
1,CTGAN,5,4,XGBoost,5.721548995179542
1,CTGAN,5,4,CatBoost,5.832917931151202
1,CTGAN,5,4,LightGBM,6.118314502304687
1,CTGAN,5,5,RF,5.712413406087383
1,CTGAN,5,5,XGBoost,5.667375547566651
1,CTGAN,5,5,CatBoost,5.961420497240004
1,CTGAN,5,5,LightGBM,6.369071923824615
1,CTGAN,5,6,RF,5.707551982048009
1,CTGAN,5,6,XGBoost,5.562544820419431
1,CTGAN,5,6,CatBoost,5.900195649474397
1,CTGAN,5,6,LightGBM,6.369071923824615
1,CTGAN,5,7,RF,5.669475886591294
1,CTGAN,5,7,XGBoost,5.751302601368997
1,CTGAN,5,7,CatBoost,5.756268301655908
1,CTGAN,5,7,LightGBM,6.140099014699964
1,CTGAN,5,8,RF,5.503396897589899
1,CTGAN,5,8,XGBoost,5.732215159636522
1,CTGAN,5,8,CatBoost,5.604484550311119
1,CTGAN,5,8,LightGBM,6.137936302242201
1,CTGAN,5,9,RF,5.4177863836598315
1,CTGAN,5,9,XGBoost,5.641883010642085
1,CTGAN,5,9,CatBoost,5.491998941470118
1,CTGAN,5,9,LightGBM,6.189131892093638
1,CTGAN,5,10,RF,5.4174345428572614
1,CTGAN,5,10,XGBoost,5.767329781280701
1,CTGAN,5,10,CatBoost,5.4390378484560316
1,CTGAN,5,10,LightGBM,6.247538315836463
1,CTGAN,5,12,RF,5.490331087250938
1,CTGAN,5,12,XGBoost,5.734792512591146
1,CTGAN,5,12,CatBoost,5.7843018062067655
1,CTGAN,5,12,LightGBM,6.5023209489917875
1,CTGAN,5,14,RF,5.48525755493768
1,CTGAN,5,14,XGBoost,5.691609910613404
1,CTGAN,5,14,CatBoost,5.744976548024959
1,CTGAN,5,14,LightGBM,6.489257758395659
1,CTGAN,5,17,RF,5.439932089772279
1,CTGAN,5,17,XGBoost,5.72242396386865
1,CTGAN,5,17,CatBoost,5.546132338992603
1,CTGAN,5,17,LightGBM,6.155563919913849
1,CTGAN,5,19,RF,5.382045986383093
1,CTGAN,5,19,XGBoost,5.651467125218871
1,CTGAN,5,19,CatBoost,5.483062406132424
1,CTGAN,5,19,LightGBM,6.246776102107207
1,TVAE,1,1,RF,7.561583749200251
1,TVAE,1,1,XGBoost,6.79264960577359
1,TVAE,1,1,CatBoost,6.800729653883157
1,TVAE,1,1,LightGBM,6.4068002941494395
1,TVAE,1,2,RF,6.39599000778876
1,TVAE,1,2,XGBoost,6.551750055762979
1,TVAE,1,2,CatBoost,6.193483709810093
1,TVAE,1,2,LightGBM,6.260406396749861
1,TVAE,1,3,RF,5.909955815529802
1,TVAE,1,3,XGBoost,6.22782362578605
1,TVAE,1,3,CatBoost,5.399525407599587
1,TVAE,1,3,LightGBM,5.989832649121395
1,TVAE,1,4,RF,5.895948727646012
1,TVAE,1,4,XGBoost,5.584387646440883
1,TVAE,1,4,CatBoost,5.510763229113125
1,TVAE,1,4,LightGBM,5.851514144800672
1,TVAE,1,5,RF,5.887062413315561
1,TVAE,1,5,XGBoost,5.726160510907072
1,TVAE,1,5,CatBoost,5.72244657649117
1,TVAE,1,5,LightGBM,5.920918678439071
1,TVAE,1,6,RF,5.923259220334774
1,TVAE,1,6,XGBoost,5.75183331345384
1,TVAE,1,6,CatBoost,5.759299014571011
1,TVAE,1,6,LightGBM,5.920918678439071
1,TVAE,1,7,RF,6.002396202087756
1,TVAE,1,7,XGBoost,5.9006012379341355
1,TVAE,1,7,CatBoost,5.818003936790833
1,TVAE,1,7,LightGBM,5.945865271796106
1,TVAE,1,8,RF,5.863729285368657
1,TVAE,1,8,XGBoost,5.859595796655856
1,TVAE,1,8,CatBoost,5.795177552019648
1,TVAE,1,8,LightGBM,6.092560390232815
1,TVAE,1,9,RF,5.987778334062124
1,TVAE,1,9,XGBoost,5.8508882964683675
1,TVAE,1,9,CatBoost,5.868438961125953
1,TVAE,1,9,LightGBM,6.187862845488556
1,TVAE,1,10,RF,6.013057001387526
1,TVAE,1,10,XGBoost,5.850949608118998
1,TVAE,1,10,CatBoost,5.748834024812498
1,TVAE,1,10,LightGBM,6.115562174605418
1,TVAE,1,12,RF,5.810814697802011
1,TVAE,1,12,XGBoost,5.692082347609236
1,TVAE,1,12,CatBoost,5.853196149771524
1,TVAE,1,12,LightGBM,6.128390250028224
1,TVAE,1,14,RF,5.755010510489512
1,TVAE,1,14,XGBoost,6.0659170556191775
1,TVAE,1,14,CatBoost,5.7996468524788165
1,TVAE,1,14,LightGBM,6.316452535421398
1,TVAE,1,17,RF,5.858828333149472
1,TVAE,1,17,XGBoost,5.902098178966134
1,TVAE,1,17,CatBoost,5.6418288027210455
1,TVAE,1,17,LightGBM,6.22931936812822
1,TVAE,1,19,RF,5.862967953923965
1,TVAE,1,19,XGBoost,5.956277751151867
1,TVAE,1,19,CatBoost,5.66220438147471
1,TVAE,1,19,LightGBM,6.3125659792884985
1,TVAE,2,1,RF,8.052628724222759
1,TVAE,2,1,XGBoost,7.009759532331321
1,TVAE,2,1,CatBoost,7.082131405956714
1,TVAE,2,1,LightGBM,6.669214158028835
1,TVAE,2,2,RF,6.5810037131976635
1,TVAE,2,2,XGBoost,6.518560253020739
1,TVAE,2,2,CatBoost,6.34984112488335
1,TVAE,2,2,LightGBM,6.643671659880027
1,TVAE,2,3,RF,6.101998400043896
1,TVAE,2,3,XGBoost,6.194198926569239
1,TVAE,2,3,CatBoost,5.859574181892616
1,TVAE,2,3,LightGBM,6.0616686300955545
1,TVAE,2,4,RF,5.906330780195765
1,TVAE,2,4,XGBoost,5.66933596954638
1,TVAE,2,4,CatBoost,5.7270786013094135
1,TVAE,2,4,LightGBM,6.022211350167783
1,TVAE,2,5,RF,5.97765491107279
1,TVAE,2,5,XGBoost,5.709840066609464
1,TVAE,2,5,CatBoost,5.862235781601348
1,TVAE,2,5,LightGBM,6.07770752208943
1,TVAE,2,6,RF,5.984094609947723
1,TVAE,2,6,XGBoost,5.871738944490188
1,TVAE,2,6,CatBoost,5.843778891621606
1,TVAE,2,6,LightGBM,6.07770752208943
1,TVAE,2,7,RF,6.141753674091106
1,TVAE,2,7,XGBoost,5.954460825136636
1,TVAE,2,7,CatBoost,6.015775427152351
1,TVAE,2,7,LightGBM,6.3008713714936855
1,TVAE,2,8,RF,5.98729367451061
1,TVAE,2,8,XGBoost,5.706237381581063
1,TVAE,2,8,CatBoost,5.8497071843129795
1,TVAE,2,8,LightGBM,6.003026333130826
1,TVAE,2,9,RF,6.045615396318256
1,TVAE,2,9,XGBoost,5.756692380415006
1,TVAE,2,9,CatBoost,5.852902505981118
1,TVAE,2,9,LightGBM,6.093572377456581
1,TVAE,2,10,RF,6.016867038212745
1,TVAE,2,10,XGBoost,5.930027500035401
1,TVAE,2,10,CatBoost,5.961254835869906
1,TVAE,2,10,LightGBM,6.176847797375879
1,TVAE,2,12,RF,5.93289235870387
1,TVAE,2,12,XGBoost,5.852507975768404
1,TVAE,2,12,CatBoost,5.907830608204418
1,TVAE,2,12,LightGBM,5.952248643512406
1,TVAE,2,14,RF,5.946582996145766
1,TVAE,2,14,XGBoost,6.030376827574597
1,TVAE,2,14,CatBoost,6.108020332004193
1,TVAE,2,14,LightGBM,6.115373228338017
1,TVAE,2,17,RF,5.900342878429596
1,TVAE,2,17,XGBoost,5.867051433890269
1,TVAE,2,17,CatBoost,5.902846800747822
1,TVAE,2,17,LightGBM,6.1448448112326055
1,TVAE,2,19,RF,5.937838859153785
1,TVAE,2,19,XGBoost,5.9161950321117835
1,TVAE,2,19,CatBoost,5.819940911807643
1,TVAE,2,19,LightGBM,6.186946224555413
1,TVAE,5,1,RF,8.12792962867615
1,TVAE,5,1,XGBoost,7.121460776820775
1,TVAE,5,1,CatBoost,7.073072449229872
1,TVAE,5,1,LightGBM,7.105693015405576
1,TVAE,5,2,RF,6.712109665847842
1,TVAE,5,2,XGBoost,6.690820323652226
1,TVAE,5,2,CatBoost,6.470293007889394
1,TVAE,5,2,LightGBM,6.582806777951829
1,TVAE,5,3,RF,6.337076730640225
1,TVAE,5,3,XGBoost,6.45894634484231
1,TVAE,5,3,CatBoost,6.003275154969911
1,TVAE,5,3,LightGBM,6.128539801128073
1,TVAE,5,4,RF,6.214314325298277
1,TVAE,5,4,XGBoost,6.1024326193828955
1,TVAE,5,4,CatBoost,5.902962199901654
1,TVAE,5,4,LightGBM,6.2761706100456305
1,TVAE,5,5,RF,6.152223821425808
1,TVAE,5,5,XGBoost,6.095109957223027
1,TVAE,5,5,CatBoost,6.236654945991028
1,TVAE,5,5,LightGBM,6.393301651072969
1,TVAE,5,6,RF,6.219304264295221
1,TVAE,5,6,XGBoost,6.140749825038405
1,TVAE,5,6,CatBoost,6.065335122450329
1,TVAE,5,6,LightGBM,6.393301651072969
1,TVAE,5,7,RF,6.098326804565811
1,TVAE,5,7,XGBoost,6.046793455273676
1,TVAE,5,7,CatBoost,6.080105745391504
1,TVAE,5,7,LightGBM,6.38015389208166
1,TVAE,5,8,RF,6.012258473506532
1,TVAE,5,8,XGBoost,6.128093368364138
1,TVAE,5,8,CatBoost,5.973872528784172
1,TVAE,5,8,LightGBM,6.157626366104276
1,TVAE,5,9,RF,6.017124728437734
1,TVAE,5,9,XGBoost,6.185747054684832
1,TVAE,5,9,CatBoost,6.151329220650503
1,TVAE,5,9,LightGBM,6.072177261781476
1,TVAE,5,10,RF,5.937489264155221
1,TVAE,5,10,XGBoost,6.143193366785447
1,TVAE,5,10,CatBoost,6.078734973484113
1,TVAE,5,10,LightGBM,6.2277256635037945
1,TVAE,5,12,RF,6.032088108501834
1,TVAE,5,12,XGBoost,6.139117366114517
1,TVAE,5,12,CatBoost,6.018709324514434
1,TVAE,5,12,LightGBM,6.268945001593624
1,TVAE,5,14,RF,6.049980550655976
1,TVAE,5,14,XGBoost,6.362381912239508
1,TVAE,5,14,CatBoost,6.1389177270999085
1,TVAE,5,14,LightGBM,6.394314828269146
1,TVAE,5,17,RF,5.961717734473378
1,TVAE,5,17,XGBoost,6.285196650882097
1,TVAE,5,17,CatBoost,6.1743276816540575
1,TVAE,5,17,LightGBM,6.3014859608528235
1,TVAE,5,19,RF,5.969929611801111
1,TVAE,5,19,XGBoost,6.255235241673991
1,TVAE,5,19,CatBoost,6.203709940554918
1,TVAE,5,19,LightGBM,6.472929012933589
1,GEO-interp,1,1,RF,7.050681308334725
1,GEO-interp,1,1,XGBoost,6.209082479126987
1,GEO-interp,1,1,CatBoost,6.33354718121537
1,GEO-interp,1,1,LightGBM,6.311747646344531
1,GEO-interp,1,2,RF,6.539895984085857
1,GEO-interp,1,2,XGBoost,6.340343809784245
1,GEO-interp,1,2,CatBoost,6.476195230350781
1,GEO-interp,1,2,LightGBM,6.959213449106232
1,GEO-interp,1,3,RF,5.979735506011798
1,GEO-interp,1,3,XGBoost,6.3865771843828165
1,GEO-interp,1,3,CatBoost,5.7353650474749
1,GEO-interp,1,3,LightGBM,6.193393661441534
1,GEO-interp,1,4,RF,5.812161809355155
1,GEO-interp,1,4,XGBoost,5.807920286752856
1,GEO-interp,1,4,CatBoost,5.845423393620087
1,GEO-interp,1,4,LightGBM,5.848044324933419
1,GEO-interp,1,5,RF,5.578082656667702
1,GEO-interp,1,5,XGBoost,5.599213694960052
1,GEO-interp,1,5,CatBoost,5.537955825499219
1,GEO-interp,1,5,LightGBM,5.532207097048341
1,GEO-interp,1,6,RF,5.601583211544353
1,GEO-interp,1,6,XGBoost,5.570106756700966
1,GEO-interp,1,6,CatBoost,5.591207215026445
1,GEO-interp,1,6,LightGBM,5.531427717486009
1,GEO-interp,1,7,RF,5.625154341719986
1,GEO-interp,1,7,XGBoost,5.654503764288975
1,GEO-interp,1,7,CatBoost,5.752207014022585
1,GEO-interp,1,7,LightGBM,5.6485621085681865
1,GEO-interp,1,8,RF,5.503353718435537
1,GEO-interp,1,8,XGBoost,5.7667042797364845
1,GEO-interp,1,8,CatBoost,5.719993606231399
1,GEO-interp,1,8,LightGBM,5.782856568760871
1,GEO-interp,1,9,RF,5.52860486374806
1,GEO-interp,1,9,XGBoost,5.836517167994335
1,GEO-interp,1,9,CatBoost,5.64390010321784
1,GEO-interp,1,9,LightGBM,5.787307110737396
1,GEO-interp,1,10,RF,5.522176920644476
1,GEO-interp,1,10,XGBoost,5.81839508770141
1,GEO-interp,1,10,CatBoost,5.721117730797629
1,GEO-interp,1,10,LightGBM,5.798911874786777
1,GEO-interp,1,12,RF,5.5778184799305786
1,GEO-interp,1,12,XGBoost,5.629661948613831
1,GEO-interp,1,12,CatBoost,5.619933412984998
1,GEO-interp,1,12,LightGBM,5.623454579427768
1,GEO-interp,1,14,RF,5.558371789222301
1,GEO-interp,1,14,XGBoost,5.750606772145057
1,GEO-interp,1,14,CatBoost,5.680331268546285
1,GEO-interp,1,14,LightGBM,5.396932401386364
1,GEO-interp,1,17,RF,5.541726829389217
1,GEO-interp,1,17,XGBoost,5.799255114668426
1,GEO-interp,1,17,CatBoost,5.584396439360815
1,GEO-interp,1,17,LightGBM,5.43036517070843
1,GEO-interp,1,19,RF,5.55393753161489
1,GEO-interp,1,19,XGBoost,5.788825145034949
1,GEO-interp,1,19,CatBoost,5.579422675440645
1,GEO-interp,1,19,LightGBM,5.420065746214471
1,GEO-interp,2,1,RF,6.981492983129756
1,GEO-interp,2,1,XGBoost,6.206978365775249
1,GEO-interp,2,1,CatBoost,6.308452153170327
1,GEO-interp,2,1,LightGBM,6.253017290919623
1,GEO-interp,2,2,RF,6.445921227018321
1,GEO-interp,2,2,XGBoost,6.193885266833496
1,GEO-interp,2,2,CatBoost,6.473038355123236
1,GEO-interp,2,2,LightGBM,7.0549448838260655
1,GEO-interp,2,3,RF,6.067709130160632
1,GEO-interp,2,3,XGBoost,6.552966036076334
1,GEO-interp,2,3,CatBoost,5.809182076235602
1,GEO-interp,2,3,LightGBM,6.526316621342134
1,GEO-interp,2,4,RF,5.872271344720601
1,GEO-interp,2,4,XGBoost,5.608976594924236
1,GEO-interp,2,4,CatBoost,5.883359603384525
1,GEO-interp,2,4,LightGBM,6.031801029509037
1,GEO-interp,2,5,RF,5.730927305284914
1,GEO-interp,2,5,XGBoost,5.586304038553382
1,GEO-interp,2,5,CatBoost,5.729982227401341
1,GEO-interp,2,5,LightGBM,5.856016601929601
1,GEO-interp,2,6,RF,5.785939047515549
1,GEO-interp,2,6,XGBoost,5.636921366175292
1,GEO-interp,2,6,CatBoost,5.7225623172617075
1,GEO-interp,2,6,LightGBM,5.856016601929601
1,GEO-interp,2,7,RF,5.772846023716459
1,GEO-interp,2,7,XGBoost,5.664246873744095
1,GEO-interp,2,7,CatBoost,5.874595955277016
1,GEO-interp,2,7,LightGBM,5.995339223622343
1,GEO-interp,2,8,RF,5.541880320885468
1,GEO-interp,2,8,XGBoost,5.695263904903182
1,GEO-interp,2,8,CatBoost,5.885332989485888
1,GEO-interp,2,8,LightGBM,5.759453337860787
1,GEO-interp,2,9,RF,5.565825547967583
1,GEO-interp,2,9,XGBoost,5.807378934356088
1,GEO-interp,2,9,CatBoost,5.820996235608285
1,GEO-interp,2,9,LightGBM,5.727290691672136
1,GEO-interp,2,10,RF,5.626241564608401
1,GEO-interp,2,10,XGBoost,5.768835211410053
1,GEO-interp,2,10,CatBoost,5.957606641397818
1,GEO-interp,2,10,LightGBM,5.743121864073593
1,GEO-interp,2,12,RF,5.601263899788602
1,GEO-interp,2,12,XGBoost,5.64793265404173
1,GEO-interp,2,12,CatBoost,5.83549912287591
1,GEO-interp,2,12,LightGBM,5.6036217580591465
1,GEO-interp,2,14,RF,5.593136521105525
1,GEO-interp,2,14,XGBoost,5.798026523595973
1,GEO-interp,2,14,CatBoost,5.81380774874789
1,GEO-interp,2,14,LightGBM,5.784824923399921
1,GEO-interp,2,17,RF,5.59718081705146
1,GEO-interp,2,17,XGBoost,5.808311279937396
1,GEO-interp,2,17,CatBoost,5.7967448023606645
1,GEO-interp,2,17,LightGBM,5.722157843581204
1,GEO-interp,2,19,RF,5.660442124341593
1,GEO-interp,2,19,XGBoost,5.910565064171838
1,GEO-interp,2,19,CatBoost,5.7880284602757195
1,GEO-interp,2,19,LightGBM,5.747161945600438
1,GEO-interp,5,1,RF,6.861363084062598
1,GEO-interp,5,1,XGBoost,6.320214161204601
1,GEO-interp,5,1,CatBoost,6.287687342745083
1,GEO-interp,5,1,LightGBM,6.540116171615755
1,GEO-interp,5,2,RF,6.647626453426465
1,GEO-interp,5,2,XGBoost,6.33042310051274
1,GEO-interp,5,2,CatBoost,6.579689542308111
1,GEO-interp,5,2,LightGBM,7.147591082175087
1,GEO-interp,5,3,RF,6.059796558336502
1,GEO-interp,5,3,XGBoost,6.488705977679467
1,GEO-interp,5,3,CatBoost,6.0683961093421335
1,GEO-interp,5,3,LightGBM,6.201303378597727
1,GEO-interp,5,4,RF,6.026633506049934
1,GEO-interp,5,4,XGBoost,5.94030942347114
1,GEO-interp,5,4,CatBoost,6.051887952562158
1,GEO-interp,5,4,LightGBM,6.227527874555695
1,GEO-interp,5,5,RF,5.866911255068535
1,GEO-interp,5,5,XGBoost,6.025832502496358
1,GEO-interp,5,5,CatBoost,5.9185706363882336
1,GEO-interp,5,5,LightGBM,6.089487354104564
1,GEO-interp,5,6,RF,5.833222335495783
1,GEO-interp,5,6,XGBoost,5.898305749479233
1,GEO-interp,5,6,CatBoost,5.792752989005222
1,GEO-interp,5,6,LightGBM,5.933794080894538
1,GEO-interp,5,7,RF,5.763632396552443
1,GEO-interp,5,7,XGBoost,5.944543891764341
1,GEO-interp,5,7,CatBoost,5.99240449395493
1,GEO-interp,5,7,LightGBM,5.980557628473486
1,GEO-interp,5,8,RF,5.622567018939088
1,GEO-interp,5,8,XGBoost,6.141702540034516
1,GEO-interp,5,8,CatBoost,6.003884680553853
1,GEO-interp,5,8,LightGBM,5.953514750675561
1,GEO-interp,5,9,RF,5.6475921223704475
1,GEO-interp,5,9,XGBoost,6.119231522108402
1,GEO-interp,5,9,CatBoost,5.975225574851406
1,GEO-interp,5,9,LightGBM,5.8154483842219165
1,GEO-interp,5,10,RF,5.6634974151787585
1,GEO-interp,5,10,XGBoost,6.089386501334271
1,GEO-interp,5,10,CatBoost,5.787435110924952
1,GEO-interp,5,10,LightGBM,5.814424692861485
1,GEO-interp,5,12,RF,5.66494618608928
1,GEO-interp,5,12,XGBoost,6.160878575331455
1,GEO-interp,5,12,CatBoost,5.877873025414261
1,GEO-interp,5,12,LightGBM,5.9334274393112745
1,GEO-interp,5,14,RF,5.653482347618983
1,GEO-interp,5,14,XGBoost,6.141229032586474
1,GEO-interp,5,14,CatBoost,5.780698029080231
1,GEO-interp,5,14,LightGBM,5.873450481381478
1,GEO-interp,5,17,RF,5.66139515186474
1,GEO-interp,5,17,XGBoost,6.064320880685778
1,GEO-interp,5,17,CatBoost,5.844936212752246
1,GEO-interp,5,17,LightGBM,5.864887370123723
1,GEO-interp,5,19,RF,5.705078751716581
1,GEO-interp,5,19,XGBoost,6.113338108157103
1,GEO-interp,5,19,CatBoost,5.845895752079774
1,GEO-interp,5,19,LightGBM,5.823134556342649
1,GEO-disp,1,1,RF,7.113977053035912
1,GEO-disp,1,1,XGBoost,6.273336482550098
1,GEO-disp,1,1,CatBoost,6.391051279818372
1,GEO-disp,1,1,LightGBM,6.372770616096721
1,GEO-disp,1,2,RF,6.460612335134122
1,GEO-disp,1,2,XGBoost,6.2567351551527235
1,GEO-disp,1,2,CatBoost,6.4686083055947075
1,GEO-disp,1,2,LightGBM,6.924341882825681
1,GEO-disp,1,3,RF,6.015186801111607
1,GEO-disp,1,3,XGBoost,6.392501521757863
1,GEO-disp,1,3,CatBoost,5.868204890192397
1,GEO-disp,1,3,LightGBM,6.336930573591923
1,GEO-disp,1,4,RF,5.844844039916913
1,GEO-disp,1,4,XGBoost,5.838683661478637
1,GEO-disp,1,4,CatBoost,5.988552633808587
1,GEO-disp,1,4,LightGBM,5.869852751430866
1,GEO-disp,1,5,RF,5.674503960194851
1,GEO-disp,1,5,XGBoost,5.677025926985484
1,GEO-disp,1,5,CatBoost,5.679246892211256
1,GEO-disp,1,5,LightGBM,5.499107432348635
1,GEO-disp,1,6,RF,5.701943888675045
1,GEO-disp,1,6,XGBoost,5.653790813337526
1,GEO-disp,1,6,CatBoost,5.733713835533521
1,GEO-disp,1,6,LightGBM,5.542225234015157
1,GEO-disp,1,7,RF,5.690805877806005
1,GEO-disp,1,7,XGBoost,5.710154297619901
1,GEO-disp,1,7,CatBoost,5.915091036871633
1,GEO-disp,1,7,LightGBM,5.67421986499774
1,GEO-disp,1,8,RF,5.526041587902755
1,GEO-disp,1,8,XGBoost,5.970680270166091
1,GEO-disp,1,8,CatBoost,5.699672754466638
1,GEO-disp,1,8,LightGBM,5.840957420379239
1,GEO-disp,1,9,RF,5.573642234370334
1,GEO-disp,1,9,XGBoost,5.9376131532253895
1,GEO-disp,1,9,CatBoost,5.773370578997659
1,GEO-disp,1,9,LightGBM,5.673217792352602
1,GEO-disp,1,10,RF,5.577047673949155
1,GEO-disp,1,10,XGBoost,5.9521567125444355
1,GEO-disp,1,10,CatBoost,5.815792832468229
1,GEO-disp,1,10,LightGBM,5.740905660402475
1,GEO-disp,1,12,RF,5.587984185150497
1,GEO-disp,1,12,XGBoost,5.667449928808337
1,GEO-disp,1,12,CatBoost,5.799802026282352
1,GEO-disp,1,12,LightGBM,5.62810657551445
1,GEO-disp,1,14,RF,5.6568751593889415
1,GEO-disp,1,14,XGBoost,5.8305858038515
1,GEO-disp,1,14,CatBoost,5.777361146097755
1,GEO-disp,1,14,LightGBM,5.441586184391642
1,GEO-disp,1,17,RF,5.594257381756957
1,GEO-disp,1,17,XGBoost,5.972604579628139
1,GEO-disp,1,17,CatBoost,5.803731468679113
1,GEO-disp,1,17,LightGBM,5.503883954369677
1,GEO-disp,1,19,RF,5.592300079912746
1,GEO-disp,1,19,XGBoost,5.789080201973441
1,GEO-disp,1,19,CatBoost,5.6035333034819175
1,GEO-disp,1,19,LightGBM,5.4158954632792495
1,GEO-disp,2,1,RF,7.015356234848063
1,GEO-disp,2,1,XGBoost,6.22005991582454
1,GEO-disp,2,1,CatBoost,6.333807233178265
1,GEO-disp,2,1,LightGBM,6.2992165345500455
1,GEO-disp,2,2,RF,6.372892279494496
1,GEO-disp,2,2,XGBoost,6.1375697960975
1,GEO-disp,2,2,CatBoost,6.538462844830753
1,GEO-disp,2,2,LightGBM,7.086988092917808
1,GEO-disp,2,3,RF,6.144136106100056
1,GEO-disp,2,3,XGBoost,6.496608603066539
1,GEO-disp,2,3,CatBoost,5.948829155886824
1,GEO-disp,2,3,LightGBM,6.742010650828907
1,GEO-disp,2,4,RF,5.964936007222353
1,GEO-disp,2,4,XGBoost,5.674698471868533
1,GEO-disp,2,4,CatBoost,6.072788476839012
1,GEO-disp,2,4,LightGBM,6.229001467359974
1,GEO-disp,2,5,RF,5.8117454962317
1,GEO-disp,2,5,XGBoost,5.6689923502943405
1,GEO-disp,2,5,CatBoost,5.913686662713958
1,GEO-disp,2,5,LightGBM,6.025111619697988
1,GEO-disp,2,6,RF,5.910331026356957
1,GEO-disp,2,6,XGBoost,5.7082451822709865
1,GEO-disp,2,6,CatBoost,5.864447567547221
1,GEO-disp,2,6,LightGBM,6.025111619697988
1,GEO-disp,2,7,RF,5.838253505951411
1,GEO-disp,2,7,XGBoost,5.753805571176623
1,GEO-disp,2,7,CatBoost,5.9757455512136355
1,GEO-disp,2,7,LightGBM,6.120650970693694
1,GEO-disp,2,8,RF,5.624046167443737
1,GEO-disp,2,8,XGBoost,5.7406042028329916
1,GEO-disp,2,8,CatBoost,5.804197135687965
1,GEO-disp,2,8,LightGBM,6.051388084477721
1,GEO-disp,2,9,RF,5.6500362128130135
1,GEO-disp,2,9,XGBoost,5.881777460863848
1,GEO-disp,2,9,CatBoost,5.8120558237619795
1,GEO-disp,2,9,LightGBM,5.944983360810417
1,GEO-disp,2,10,RF,5.703875291672272
1,GEO-disp,2,10,XGBoost,5.787897428124526
1,GEO-disp,2,10,CatBoost,5.841619380298058
1,GEO-disp,2,10,LightGBM,5.949604418797828
1,GEO-disp,2,12,RF,5.690904806390229
1,GEO-disp,2,12,XGBoost,5.716821847009719
1,GEO-disp,2,12,CatBoost,5.894030032730252
1,GEO-disp,2,12,LightGBM,5.762114144509515
1,GEO-disp,2,14,RF,5.679893956588088
1,GEO-disp,2,14,XGBoost,5.90432919621065
1,GEO-disp,2,14,CatBoost,5.899103419734315
1,GEO-disp,2,14,LightGBM,5.863802363504866
1,GEO-disp,2,17,RF,5.727676677603997
1,GEO-disp,2,17,XGBoost,5.890203899145819
1,GEO-disp,2,17,CatBoost,5.769266962609076
1,GEO-disp,2,17,LightGBM,6.002137415726317
1,GEO-disp,2,19,RF,5.737745606216502
1,GEO-disp,2,19,XGBoost,5.757679497021355
1,GEO-disp,2,19,CatBoost,5.825564769357923
1,GEO-disp,2,19,LightGBM,6.017526799137056
1,GEO-disp,5,1,RF,6.834017426790446
1,GEO-disp,5,1,XGBoost,6.348496640295588
1,GEO-disp,5,1,CatBoost,6.254853884552432
1,GEO-disp,5,1,LightGBM,6.547296566749733
1,GEO-disp,5,2,RF,6.571849397103415
1,GEO-disp,5,2,XGBoost,6.366238049078246
1,GEO-disp,5,2,CatBoost,6.654173951764081
1,GEO-disp,5,2,LightGBM,7.2212000804102106
1,GEO-disp,5,3,RF,6.176673874829324
1,GEO-disp,5,3,XGBoost,6.565645956554698
1,GEO-disp,5,3,CatBoost,6.259027924766825
1,GEO-disp,5,3,LightGBM,6.6156853549017365
1,GEO-disp,5,4,RF,6.053839677311399
1,GEO-disp,5,4,XGBoost,6.057041716736068
1,GEO-disp,5,4,CatBoost,6.2344451903160145
1,GEO-disp,5,4,LightGBM,6.273988313580738
1,GEO-disp,5,5,RF,5.9592955781018375
1,GEO-disp,5,5,XGBoost,6.0011316221749755
1,GEO-disp,5,5,CatBoost,5.974946567291719
1,GEO-disp,5,5,LightGBM,6.111348031774185
1,GEO-disp,5,6,RF,5.894304006942176
1,GEO-disp,5,6,XGBoost,5.982549863726768
1,GEO-disp,5,6,CatBoost,6.076215360976598
1,GEO-disp,5,6,LightGBM,5.9322783939797485
1,GEO-disp,5,7,RF,5.899853251461047
1,GEO-disp,5,7,XGBoost,6.034253171548505
1,GEO-disp,5,7,CatBoost,6.105290840779589
1,GEO-disp,5,7,LightGBM,5.911849754907221
1,GEO-disp,5,8,RF,5.659790796020552
1,GEO-disp,5,8,XGBoost,6.2024236328752
1,GEO-disp,5,8,CatBoost,5.855161441894648
1,GEO-disp,5,8,LightGBM,6.100481466639758
1,GEO-disp,5,9,RF,5.723059947121886
1,GEO-disp,5,9,XGBoost,6.154447766390005
1,GEO-disp,5,9,CatBoost,5.835591633893693
1,GEO-disp,5,9,LightGBM,5.9238963090168655
1,GEO-disp,5,10,RF,5.730307921634216
1,GEO-disp,5,10,XGBoost,6.128152547329828
1,GEO-disp,5,10,CatBoost,5.961870909705786
1,GEO-disp,5,10,LightGBM,6.059821267732126
1,GEO-disp,5,12,RF,5.678037302253049
1,GEO-disp,5,12,XGBoost,6.063314001233562
1,GEO-disp,5,12,CatBoost,5.931154759582601
1,GEO-disp,5,12,LightGBM,5.869547043017787
1,GEO-disp,5,14,RF,5.8198780926605025
1,GEO-disp,5,14,XGBoost,6.147939550876109
1,GEO-disp,5,14,CatBoost,5.832099742352785
1,GEO-disp,5,14,LightGBM,6.091543534317517
1,GEO-disp,5,17,RF,5.751436636638048
1,GEO-disp,5,17,XGBoost,6.168343278452287
1,GEO-disp,5,17,CatBoost,5.845944997715961
1,GEO-disp,5,17,LightGBM,6.218424815045603
1,GEO-disp,5,19,RF,5.802235979495405
1,GEO-disp,5,19,XGBoost,6.116150613309499
1,GEO-disp,5,19,CatBoost,5.878076672347944
1,GEO-disp,5,19,LightGBM,6.311070212080246
2,aucun,0,1,RF,6.647909702192108
2,aucun,0,1,XGBoost,6.410245278584119
2,aucun,0,1,CatBoost,6.516078954007726
2,aucun,0,1,LightGBM,6.664502626015824
2,aucun,0,2,RF,6.074360669421178
2,aucun,0,2,XGBoost,6.282566995993444
2,aucun,0,2,CatBoost,6.034495755999883
2,aucun,0,2,LightGBM,6.795924974342124
2,aucun,0,3,RF,4.988605477974561
2,aucun,0,3,XGBoost,6.256396553483625
2,aucun,0,3,CatBoost,4.966090853586339
2,aucun,0,3,LightGBM,5.621892024461264
2,aucun,0,4,RF,4.698623888889752
2,aucun,0,4,XGBoost,4.921999218704356
2,aucun,0,4,CatBoost,4.563047544367919
2,aucun,0,4,LightGBM,5.196457064047986
2,aucun,0,5,RF,4.6337809220082145
2,aucun,0,5,XGBoost,4.6145814439119235
2,aucun,0,5,CatBoost,4.2542216614618065
2,aucun,0,5,LightGBM,4.755147124804593
2,aucun,0,6,RF,4.645807958660214
2,aucun,0,6,XGBoost,4.577781196997808
2,aucun,0,6,CatBoost,4.397953379124809
2,aucun,0,6,LightGBM,4.746215094847667
2,aucun,0,7,RF,4.664910871827292
2,aucun,0,7,XGBoost,4.638339618830842
2,aucun,0,7,CatBoost,4.4525502427648265
2,aucun,0,7,LightGBM,4.939518957822348
2,aucun,0,8,RF,4.783693592352013
2,aucun,0,8,XGBoost,4.717730484396382
2,aucun,0,8,CatBoost,4.368573951595507
2,aucun,0,8,LightGBM,5.100420661964854
2,aucun,0,9,RF,4.7958878176373325
2,aucun,0,9,XGBoost,4.709064317181712
2,aucun,0,9,CatBoost,4.493951023809312
2,aucun,0,9,LightGBM,5.023435720418579
2,aucun,0,10,RF,4.830458130168462
2,aucun,0,10,XGBoost,4.806200754950599
2,aucun,0,10,CatBoost,4.588369882655324
2,aucun,0,10,LightGBM,5.103001775947751
2,aucun,0,12,RF,4.799464924899463
2,aucun,0,12,XGBoost,4.651477886888134
2,aucun,0,12,CatBoost,4.585823841506389
2,aucun,0,12,LightGBM,5.037515799437093
2,aucun,0,14,RF,4.769117036563511
2,aucun,0,14,XGBoost,4.595924890807564
2,aucun,0,14,CatBoost,4.500056484756759
2,aucun,0,14,LightGBM,5.0364334455216415
2,aucun,0,17,RF,4.908955066369659
2,aucun,0,17,XGBoost,4.549498990605747
2,aucun,0,17,CatBoost,4.547671251518507
2,aucun,0,17,LightGBM,4.936626572880256
2,aucun,0,19,RF,4.804129417200375
2,aucun,0,19,XGBoost,4.667046477863104
2,aucun,0,19,CatBoost,4.6096029979816775
2,aucun,0,19,LightGBM,5.014510960237765
2,SMOTE-R,1,1,RF,6.508675307610093
2,SMOTE-R,1,1,XGBoost,6.333876638800011
2,SMOTE-R,1,1,CatBoost,6.2337721693046255
2,SMOTE-R,1,1,LightGBM,6.728302229205823
2,SMOTE-R,1,2,RF,6.1842579898993195
2,SMOTE-R,1,2,XGBoost,6.094282077619813
2,SMOTE-R,1,2,CatBoost,5.989138599444274
2,SMOTE-R,1,2,LightGBM,6.52008363824626
2,SMOTE-R,1,3,RF,4.832616882550226
2,SMOTE-R,1,3,XGBoost,5.584843784150782
2,SMOTE-R,1,3,CatBoost,4.799929784522169
2,SMOTE-R,1,3,LightGBM,5.387991666162877
2,SMOTE-R,1,4,RF,4.7493187931406835
2,SMOTE-R,1,4,XGBoost,4.990162604199625
2,SMOTE-R,1,4,CatBoost,4.717731921975379
2,SMOTE-R,1,4,LightGBM,5.051208003456214
2,SMOTE-R,1,5,RF,4.5250007512706585
2,SMOTE-R,1,5,XGBoost,4.756732923796641
2,SMOTE-R,1,5,CatBoost,4.371546954011294
2,SMOTE-R,1,5,LightGBM,4.781006392497286
2,SMOTE-R,1,6,RF,4.552016994886563
2,SMOTE-R,1,6,XGBoost,4.802889113535537
2,SMOTE-R,1,6,CatBoost,4.498590469322622
2,SMOTE-R,1,6,LightGBM,4.83959863434858
2,SMOTE-R,1,7,RF,4.627258133688392
2,SMOTE-R,1,7,XGBoost,4.827436124047038
2,SMOTE-R,1,7,CatBoost,4.58710543400092
2,SMOTE-R,1,7,LightGBM,5.12079154352685
2,SMOTE-R,1,8,RF,4.888810668700334
2,SMOTE-R,1,8,XGBoost,4.8807553663794065
2,SMOTE-R,1,8,CatBoost,4.6824116439226
2,SMOTE-R,1,8,LightGBM,5.078777129158224
2,SMOTE-R,1,9,RF,4.904153524483328
2,SMOTE-R,1,9,XGBoost,4.848149786656334
2,SMOTE-R,1,9,CatBoost,4.694628376952677
2,SMOTE-R,1,9,LightGBM,5.10753546413044
2,SMOTE-R,1,10,RF,4.98889154088377
2,SMOTE-R,1,10,XGBoost,4.940051825787514
2,SMOTE-R,1,10,CatBoost,4.7285994683563874
2,SMOTE-R,1,10,LightGBM,5.015656437486927
2,SMOTE-R,1,12,RF,4.932236665197418
2,SMOTE-R,1,12,XGBoost,4.8692171829219
2,SMOTE-R,1,12,CatBoost,4.855177289952859
2,SMOTE-R,1,12,LightGBM,5.089514794354692
2,SMOTE-R,1,14,RF,4.884923172367219
2,SMOTE-R,1,14,XGBoost,4.7515511717104495
2,SMOTE-R,1,14,CatBoost,4.7596896522451
2,SMOTE-R,1,14,LightGBM,4.885907789938194
2,SMOTE-R,1,17,RF,4.9311123157616095
2,SMOTE-R,1,17,XGBoost,4.905233573895164
2,SMOTE-R,1,17,CatBoost,4.805156766816149
2,SMOTE-R,1,17,LightGBM,4.8973068109954525
2,SMOTE-R,1,19,RF,4.887488385628068
2,SMOTE-R,1,19,XGBoost,4.884419662770832
2,SMOTE-R,1,19,CatBoost,4.6791582935351155
2,SMOTE-R,1,19,LightGBM,4.860660505134985
2,SMOTE-R,2,1,RF,6.309281552982515
2,SMOTE-R,2,1,XGBoost,6.409141219339183
2,SMOTE-R,2,1,CatBoost,6.095011925580186
2,SMOTE-R,2,1,LightGBM,6.291577628209143
2,SMOTE-R,2,2,RF,6.066656177627331
2,SMOTE-R,2,2,XGBoost,6.234055392929188
2,SMOTE-R,2,2,CatBoost,5.915818577378707
2,SMOTE-R,2,2,LightGBM,6.255625168295145
2,SMOTE-R,2,3,RF,4.7121079163981685
2,SMOTE-R,2,3,XGBoost,5.842490661155306
2,SMOTE-R,2,3,CatBoost,4.688558137062339
2,SMOTE-R,2,3,LightGBM,5.178095552305249
2,SMOTE-R,2,4,RF,4.704838927566852
2,SMOTE-R,2,4,XGBoost,5.012142033679138
2,SMOTE-R,2,4,CatBoost,4.677623811428128
2,SMOTE-R,2,4,LightGBM,4.712495555463554
2,SMOTE-R,2,5,RF,4.442041163227027
2,SMOTE-R,2,5,XGBoost,4.777254752374667
2,SMOTE-R,2,5,CatBoost,4.338041886591659
2,SMOTE-R,2,5,LightGBM,4.518357113046746
2,SMOTE-R,2,6,RF,4.449807171386648
2,SMOTE-R,2,6,XGBoost,4.776237284606761
2,SMOTE-R,2,6,CatBoost,4.321876554847749
2,SMOTE-R,2,6,LightGBM,4.518357113046746
2,SMOTE-R,2,7,RF,4.534216744546333
2,SMOTE-R,2,7,XGBoost,4.7652521477541425
2,SMOTE-R,2,7,CatBoost,4.479609390383514
2,SMOTE-R,2,7,LightGBM,4.59839820705588
2,SMOTE-R,2,8,RF,4.782480231152153
2,SMOTE-R,2,8,XGBoost,4.79972815485238
2,SMOTE-R,2,8,CatBoost,4.520559292214238
2,SMOTE-R,2,8,LightGBM,4.928544399438024
2,SMOTE-R,2,9,RF,4.786182378157166
2,SMOTE-R,2,9,XGBoost,4.745151974182885
2,SMOTE-R,2,9,CatBoost,4.632972847401029
2,SMOTE-R,2,9,LightGBM,4.965645543586338
2,SMOTE-R,2,10,RF,4.8328898154063085
2,SMOTE-R,2,10,XGBoost,4.975273755022085
2,SMOTE-R,2,10,CatBoost,4.560480798166816
2,SMOTE-R,2,10,LightGBM,5.0330850392714215
2,SMOTE-R,2,12,RF,4.776973834169543
2,SMOTE-R,2,12,XGBoost,4.8182134473634886
2,SMOTE-R,2,12,CatBoost,4.722289784235182
2,SMOTE-R,2,12,LightGBM,5.185118692924673
2,SMOTE-R,2,14,RF,4.742366768273416
2,SMOTE-R,2,14,XGBoost,4.696800066049772
2,SMOTE-R,2,14,CatBoost,4.477333902195354
2,SMOTE-R,2,14,LightGBM,5.0128717892892345
2,SMOTE-R,2,17,RF,4.789126637707179
2,SMOTE-R,2,17,XGBoost,4.680999572557513
2,SMOTE-R,2,17,CatBoost,4.662664884505446
2,SMOTE-R,2,17,LightGBM,5.113994780036202
2,SMOTE-R,2,19,RF,4.7499949022870895
2,SMOTE-R,2,19,XGBoost,4.8346983693227
2,SMOTE-R,2,19,CatBoost,4.758000838714677
2,SMOTE-R,2,19,LightGBM,5.174576966208553
2,SMOTE-R,5,1,RF,6.1199258213057846
2,SMOTE-R,5,1,XGBoost,6.31326018749281
2,SMOTE-R,5,1,CatBoost,6.124815119981364
2,SMOTE-R,5,1,LightGBM,6.322115526878972
2,SMOTE-R,5,2,RF,6.181702641611141
2,SMOTE-R,5,2,XGBoost,6.0654400599077105
2,SMOTE-R,5,2,CatBoost,6.01069484757013
2,SMOTE-R,5,2,LightGBM,6.77815170041456
2,SMOTE-R,5,3,RF,4.593276774279325
2,SMOTE-R,5,3,XGBoost,6.099613764775222
2,SMOTE-R,5,3,CatBoost,4.66775193812065
2,SMOTE-R,5,3,LightGBM,4.984996893004341
2,SMOTE-R,5,4,RF,4.398281221850538
2,SMOTE-R,5,4,XGBoost,5.00388347591565
2,SMOTE-R,5,4,CatBoost,4.360698850237244
2,SMOTE-R,5,4,LightGBM,4.712656206057705
2,SMOTE-R,5,5,RF,4.248982086935287
2,SMOTE-R,5,5,XGBoost,4.734627209045267
2,SMOTE-R,5,5,CatBoost,4.176783490518312
2,SMOTE-R,5,5,LightGBM,4.544487508281386
2,SMOTE-R,5,6,RF,4.127183275284209
2,SMOTE-R,5,6,XGBoost,4.790920370665632
2,SMOTE-R,5,6,CatBoost,4.115219661150196
2,SMOTE-R,5,6,LightGBM,4.521579396722123
2,SMOTE-R,5,7,RF,4.254459457653864
2,SMOTE-R,5,7,XGBoost,4.779960293351666
2,SMOTE-R,5,7,CatBoost,4.4779603568987145
2,SMOTE-R,5,7,LightGBM,4.68597645564386
2,SMOTE-R,5,8,RF,4.4898577156913335
2,SMOTE-R,5,8,XGBoost,4.691573264608063
2,SMOTE-R,5,8,CatBoost,4.5848962295115
2,SMOTE-R,5,8,LightGBM,5.108588153404067
2,SMOTE-R,5,9,RF,4.544304423445591
2,SMOTE-R,5,9,XGBoost,4.769886687054507
2,SMOTE-R,5,9,CatBoost,4.553163230478165
2,SMOTE-R,5,9,LightGBM,4.9479820191565995
2,SMOTE-R,5,10,RF,4.548693554431531
2,SMOTE-R,5,10,XGBoost,4.765200546076769
2,SMOTE-R,5,10,CatBoost,4.647765325807497
2,SMOTE-R,5,10,LightGBM,5.074418097443342
2,SMOTE-R,5,12,RF,4.569661207568168
2,SMOTE-R,5,12,XGBoost,4.7054599906663395
2,SMOTE-R,5,12,CatBoost,4.5263335551572474
2,SMOTE-R,5,12,LightGBM,5.173333249434808
2,SMOTE-R,5,14,RF,4.532330802878573
2,SMOTE-R,5,14,XGBoost,4.654640534305804
2,SMOTE-R,5,14,CatBoost,4.481511888993166
2,SMOTE-R,5,14,LightGBM,5.132180827517547
2,SMOTE-R,5,17,RF,4.604561764883197
2,SMOTE-R,5,17,XGBoost,4.801115639676238
2,SMOTE-R,5,17,CatBoost,4.606470494460207
2,SMOTE-R,5,17,LightGBM,4.9777974144784345
2,SMOTE-R,5,19,RF,4.611544813209127
2,SMOTE-R,5,19,XGBoost,4.799270595009197
2,SMOTE-R,5,19,CatBoost,4.530897338519664
2,SMOTE-R,5,19,LightGBM,5.012140812371987
2,CTGAN,1,1,RF,6.257029325442535
2,CTGAN,1,1,XGBoost,6.194039201356927
2,CTGAN,1,1,CatBoost,6.24611928545762
2,CTGAN,1,1,LightGBM,6.3600885935787375
2,CTGAN,1,2,RF,6.449896573138532
2,CTGAN,1,2,XGBoost,6.948838570236847
2,CTGAN,1,2,CatBoost,6.715589127043577
2,CTGAN,1,2,LightGBM,6.765459637661347
2,CTGAN,1,3,RF,5.301492594759381
2,CTGAN,1,3,XGBoost,6.439558865144581
2,CTGAN,1,3,CatBoost,5.307424273182188
2,CTGAN,1,3,LightGBM,5.705582549380831
2,CTGAN,1,4,RF,5.07957580065379
2,CTGAN,1,4,XGBoost,5.885579230241341
2,CTGAN,1,4,CatBoost,5.105120998369881
2,CTGAN,1,4,LightGBM,5.86940338640734
2,CTGAN,1,5,RF,4.99476978414358
2,CTGAN,1,5,XGBoost,5.725944721113932
2,CTGAN,1,5,CatBoost,4.780074099699577
2,CTGAN,1,5,LightGBM,4.980246375415275
2,CTGAN,1,6,RF,5.0304897973313
2,CTGAN,1,6,XGBoost,5.504339796804718
2,CTGAN,1,6,CatBoost,4.720249204476936
2,CTGAN,1,6,LightGBM,4.980246375415275
2,CTGAN,1,7,RF,4.982910969967122
2,CTGAN,1,7,XGBoost,5.541743629618834
2,CTGAN,1,7,CatBoost,5.012301098785662
2,CTGAN,1,7,LightGBM,4.949409925782706
2,CTGAN,1,8,RF,5.127679128593577
2,CTGAN,1,8,XGBoost,5.655100790048772
2,CTGAN,1,8,CatBoost,5.301237630974335
2,CTGAN,1,8,LightGBM,6.341306972364955
2,CTGAN,1,9,RF,5.208676196974802
2,CTGAN,1,9,XGBoost,5.574624877843859
2,CTGAN,1,9,CatBoost,5.417949502475776
2,CTGAN,1,9,LightGBM,5.945086790466491
2,CTGAN,1,10,RF,5.181970927754964
2,CTGAN,1,10,XGBoost,5.714651924066849
2,CTGAN,1,10,CatBoost,5.216030616856039
2,CTGAN,1,10,LightGBM,6.179306600148357
2,CTGAN,1,12,RF,5.41115661779286
2,CTGAN,1,12,XGBoost,5.767083628496106
2,CTGAN,1,12,CatBoost,5.336032871397411
2,CTGAN,1,12,LightGBM,5.941908745198867
2,CTGAN,1,14,RF,5.453394290301308
2,CTGAN,1,14,XGBoost,5.628229023839945
2,CTGAN,1,14,CatBoost,5.26296699687451
2,CTGAN,1,14,LightGBM,5.7382679474053395
2,CTGAN,1,17,RF,5.502751047195386
2,CTGAN,1,17,XGBoost,5.8880151258175815
2,CTGAN,1,17,CatBoost,5.242948642066054
2,CTGAN,1,17,LightGBM,5.756890414283272
2,CTGAN,1,19,RF,5.40176356183963
2,CTGAN,1,19,XGBoost,5.9836222783637325
2,CTGAN,1,19,CatBoost,5.563659880247972
2,CTGAN,1,19,LightGBM,5.6952828736708865
2,CTGAN,2,1,RF,6.29999353476173
2,CTGAN,2,1,XGBoost,6.496219153814703
2,CTGAN,2,1,CatBoost,6.663525768217433
2,CTGAN,2,1,LightGBM,6.795224881214495
2,CTGAN,2,2,RF,6.556198060794629
2,CTGAN,2,2,XGBoost,6.866450967646687
2,CTGAN,2,2,CatBoost,6.612662216756699
2,CTGAN,2,2,LightGBM,6.933882619447468
2,CTGAN,2,3,RF,5.315975726561046
2,CTGAN,2,3,XGBoost,6.692732848361543
2,CTGAN,2,3,CatBoost,5.506107449045736
2,CTGAN,2,3,LightGBM,5.816424284805153
2,CTGAN,2,4,RF,5.138964742211768
2,CTGAN,2,4,XGBoost,6.037435561098565
2,CTGAN,2,4,CatBoost,5.151481826180574
2,CTGAN,2,4,LightGBM,5.187625315501464
2,CTGAN,2,5,RF,5.071176849736549
2,CTGAN,2,5,XGBoost,5.862491390145979
2,CTGAN,2,5,CatBoost,4.849525879198899
2,CTGAN,2,5,LightGBM,5.286542142981301
2,CTGAN,2,6,RF,5.009981970995388
2,CTGAN,2,6,XGBoost,5.862702469382944
2,CTGAN,2,6,CatBoost,4.849687822306179
2,CTGAN,2,6,LightGBM,5.286542142981301
2,CTGAN,2,7,RF,5.11327456286809
2,CTGAN,2,7,XGBoost,5.7364162343809015
2,CTGAN,2,7,CatBoost,5.148959484494115
2,CTGAN,2,7,LightGBM,5.059810848125094
2,CTGAN,2,8,RF,5.247723087262862
2,CTGAN,2,8,XGBoost,5.600332450270475
2,CTGAN,2,8,CatBoost,5.263340858078964
2,CTGAN,2,8,LightGBM,5.593436850580542
2,CTGAN,2,9,RF,5.218985560649033
2,CTGAN,2,9,XGBoost,5.770652428007594
2,CTGAN,2,9,CatBoost,5.366451291490614
2,CTGAN,2,9,LightGBM,5.6300924638887855
2,CTGAN,2,10,RF,5.272571083751469
2,CTGAN,2,10,XGBoost,5.829735733139531
2,CTGAN,2,10,CatBoost,5.27998944114556
2,CTGAN,2,10,LightGBM,5.7695335860243855
2,CTGAN,2,12,RF,5.417190059452248
2,CTGAN,2,12,XGBoost,5.594607725332858
2,CTGAN,2,12,CatBoost,5.3974623842617655
2,CTGAN,2,12,LightGBM,5.719668898655851
2,CTGAN,2,14,RF,5.3869934796553665
2,CTGAN,2,14,XGBoost,5.734530453752716
2,CTGAN,2,14,CatBoost,5.201569926474641
2,CTGAN,2,14,LightGBM,5.483393940819527
2,CTGAN,2,17,RF,5.4521976157189425
2,CTGAN,2,17,XGBoost,5.943249860629859
2,CTGAN,2,17,CatBoost,5.380866828404759
2,CTGAN,2,17,LightGBM,5.404715757192333
2,CTGAN,2,19,RF,5.4587362564625685
2,CTGAN,2,19,XGBoost,6.02001721993505
2,CTGAN,2,19,CatBoost,5.3359186814079616
2,CTGAN,2,19,LightGBM,5.265329250929786
2,CTGAN,5,1,RF,7.481829000704002
2,CTGAN,5,1,XGBoost,7.1345642434582235
2,CTGAN,5,1,CatBoost,7.158224311811358
2,CTGAN,5,1,LightGBM,7.388722820515811
2,CTGAN,5,2,RF,7.00658839231697
2,CTGAN,5,2,XGBoost,7.1065685674035795
2,CTGAN,5,2,CatBoost,6.771006936280653
2,CTGAN,5,2,LightGBM,6.994631603672752
2,CTGAN,5,3,RF,5.713480596052805
2,CTGAN,5,3,XGBoost,6.723847334920908
2,CTGAN,5,3,CatBoost,5.644083505012043
2,CTGAN,5,3,LightGBM,5.979261489502777
2,CTGAN,5,4,RF,5.37914832440373
2,CTGAN,5,4,XGBoost,6.185433975276032
2,CTGAN,5,4,CatBoost,5.268768151764344
2,CTGAN,5,4,LightGBM,5.6686849058865025
2,CTGAN,5,5,RF,5.281489311383647
2,CTGAN,5,5,XGBoost,6.111305159222328
2,CTGAN,5,5,CatBoost,4.955050169427855
2,CTGAN,5,5,LightGBM,5.496759738242781
2,CTGAN,5,6,RF,5.316580087239467
2,CTGAN,5,6,XGBoost,6.1499773109106055
2,CTGAN,5,6,CatBoost,5.114075628318309
2,CTGAN,5,6,LightGBM,5.496759738242781
2,CTGAN,5,7,RF,5.377212546189463
2,CTGAN,5,7,XGBoost,6.05757433093197
2,CTGAN,5,7,CatBoost,5.140760504976615
2,CTGAN,5,7,LightGBM,5.498587645252808
2,CTGAN,5,8,RF,5.4053181442884615
2,CTGAN,5,8,XGBoost,5.932538641869475
2,CTGAN,5,8,CatBoost,5.2974625804151305
2,CTGAN,5,8,LightGBM,5.491343826654381
2,CTGAN,5,9,RF,5.427492785639664
2,CTGAN,5,9,XGBoost,6.094713230610514
2,CTGAN,5,9,CatBoost,5.185000693197706
2,CTGAN,5,9,LightGBM,5.618087545466731
2,CTGAN,5,10,RF,5.495525983185844
2,CTGAN,5,10,XGBoost,6.069371212729986
2,CTGAN,5,10,CatBoost,5.219583323407647
2,CTGAN,5,10,LightGBM,5.86943193378979
2,CTGAN,5,12,RF,5.650266588773437
2,CTGAN,5,12,XGBoost,6.098772344600412
2,CTGAN,5,12,CatBoost,5.479534529266339
2,CTGAN,5,12,LightGBM,6.167709759920096
2,CTGAN,5,14,RF,5.637567369054951
2,CTGAN,5,14,XGBoost,6.059008886368253
2,CTGAN,5,14,CatBoost,5.537858648177294
2,CTGAN,5,14,LightGBM,5.889911601219041
2,CTGAN,5,17,RF,5.777130498051037
2,CTGAN,5,17,XGBoost,6.311886896193661
2,CTGAN,5,17,CatBoost,5.652889814639353
2,CTGAN,5,17,LightGBM,5.690425306225724
2,CTGAN,5,19,RF,5.774088225199886
2,CTGAN,5,19,XGBoost,6.375115509739708
2,CTGAN,5,19,CatBoost,5.666407791808457
2,CTGAN,5,19,LightGBM,5.766720164217991
2,TVAE,1,1,RF,6.961859289042935
2,TVAE,1,1,XGBoost,6.521023424984327
2,TVAE,1,1,CatBoost,6.758074708463317
2,TVAE,1,1,LightGBM,6.592895854443981
2,TVAE,1,2,RF,6.123231778907182
2,TVAE,1,2,XGBoost,7.183570317455903
2,TVAE,1,2,CatBoost,6.505507092691823
2,TVAE,1,2,LightGBM,6.993834048339688
2,TVAE,1,3,RF,5.2637691689065145
2,TVAE,1,3,XGBoost,6.9606650848217555
2,TVAE,1,3,CatBoost,5.416760016376722
2,TVAE,1,3,LightGBM,5.570463691063993
2,TVAE,1,4,RF,5.0308497188241885
2,TVAE,1,4,XGBoost,5.701508620540879
2,TVAE,1,4,CatBoost,4.617408018671157
2,TVAE,1,4,LightGBM,5.205726364160666
2,TVAE,1,5,RF,4.884248791260612
2,TVAE,1,5,XGBoost,5.285123934252898
2,TVAE,1,5,CatBoost,4.276036715984973
2,TVAE,1,5,LightGBM,5.023059018276406
2,TVAE,1,6,RF,4.894455040107985
2,TVAE,1,6,XGBoost,5.27517693910518
2,TVAE,1,6,CatBoost,4.3586302891600175
2,TVAE,1,6,LightGBM,4.898012142530081
2,TVAE,1,7,RF,4.880871045447084
2,TVAE,1,7,XGBoost,5.3361340365306065
2,TVAE,1,7,CatBoost,4.525454705416952
2,TVAE,1,7,LightGBM,4.746336460598424
2,TVAE,1,8,RF,4.937841319783515
2,TVAE,1,8,XGBoost,5.164494074882962
2,TVAE,1,8,CatBoost,4.507519554670048
2,TVAE,1,8,LightGBM,5.333548235988971
2,TVAE,1,9,RF,4.950449974125611
2,TVAE,1,9,XGBoost,5.260624101636891
2,TVAE,1,9,CatBoost,4.454323316816889
2,TVAE,1,9,LightGBM,5.288169910858735
2,TVAE,1,10,RF,4.98044693967015
2,TVAE,1,10,XGBoost,5.24248458635562
2,TVAE,1,10,CatBoost,4.425013343788931
2,TVAE,1,10,LightGBM,5.200118234491195
2,TVAE,1,12,RF,4.9985863432783155
2,TVAE,1,12,XGBoost,5.159587125325777
2,TVAE,1,12,CatBoost,4.465833871008038
2,TVAE,1,12,LightGBM,5.046281323658109
2,TVAE,1,14,RF,4.982433670489187
2,TVAE,1,14,XGBoost,5.192463848791939
2,TVAE,1,14,CatBoost,4.494449550657947
2,TVAE,1,14,LightGBM,4.8462178951653625
2,TVAE,1,17,RF,5.057966819956879
2,TVAE,1,17,XGBoost,5.273998667961606
2,TVAE,1,17,CatBoost,4.625692758734206
2,TVAE,1,17,LightGBM,4.91799398740386
2,TVAE,1,19,RF,5.0697756695673935
2,TVAE,1,19,XGBoost,5.277931094891732
2,TVAE,1,19,CatBoost,4.719923977777136
2,TVAE,1,19,LightGBM,4.882928370539288
2,TVAE,2,1,RF,7.057820509836788
2,TVAE,2,1,XGBoost,6.759954646915747
2,TVAE,2,1,CatBoost,7.070593971821138
2,TVAE,2,1,LightGBM,6.787095552791575
2,TVAE,2,2,RF,6.110873288512876
2,TVAE,2,2,XGBoost,6.853362483562117
2,TVAE,2,2,CatBoost,6.829320258385269
2,TVAE,2,2,LightGBM,6.391579804727929
2,TVAE,2,3,RF,5.202246525437334
2,TVAE,2,3,XGBoost,6.392453024251134
2,TVAE,2,3,CatBoost,5.322294948367559
2,TVAE,2,3,LightGBM,5.334966343215786
2,TVAE,2,4,RF,5.086076898402648
2,TVAE,2,4,XGBoost,5.534514489315641
2,TVAE,2,4,CatBoost,5.0308069617950055
2,TVAE,2,4,LightGBM,5.113180620222254
2,TVAE,2,5,RF,4.894801002554581
2,TVAE,2,5,XGBoost,5.406242736524246
2,TVAE,2,5,CatBoost,4.734293847195225
2,TVAE,2,5,LightGBM,5.030053889319824
2,TVAE,2,6,RF,4.956025028672608
2,TVAE,2,6,XGBoost,5.386671316754958
2,TVAE,2,6,CatBoost,4.741648388714459
2,TVAE,2,6,LightGBM,5.030053889319824
2,TVAE,2,7,RF,5.005610915640776
2,TVAE,2,7,XGBoost,5.463263055057858
2,TVAE,2,7,CatBoost,4.763504572724495
2,TVAE,2,7,LightGBM,4.872972808518646
2,TVAE,2,8,RF,5.109188560055109
2,TVAE,2,8,XGBoost,5.4314871159752105
2,TVAE,2,8,CatBoost,4.689161949503421
2,TVAE,2,8,LightGBM,5.089608085222765
2,TVAE,2,9,RF,5.02015568115494
2,TVAE,2,9,XGBoost,5.424755187704743
2,TVAE,2,9,CatBoost,4.696621126301163
2,TVAE,2,9,LightGBM,4.979135420779058
2,TVAE,2,10,RF,5.135626551694794
2,TVAE,2,10,XGBoost,5.446063234008498
2,TVAE,2,10,CatBoost,4.676699863621875
2,TVAE,2,10,LightGBM,5.029887587724052
2,TVAE,2,12,RF,5.168640814316109
2,TVAE,2,12,XGBoost,5.29645051045942
2,TVAE,2,12,CatBoost,4.711889152886144
2,TVAE,2,12,LightGBM,5.134864227179289
2,TVAE,2,14,RF,5.169981476511543
2,TVAE,2,14,XGBoost,5.326327559931764
2,TVAE,2,14,CatBoost,4.666918639214632
2,TVAE,2,14,LightGBM,5.058345520172188
2,TVAE,2,17,RF,5.156661832420189
2,TVAE,2,17,XGBoost,5.331077263422526
2,TVAE,2,17,CatBoost,4.796523871793516
2,TVAE,2,17,LightGBM,5.053371536577086
2,TVAE,2,19,RF,5.208432721923601
2,TVAE,2,19,XGBoost,5.592133754519749
2,TVAE,2,19,CatBoost,4.756564380949558
2,TVAE,2,19,LightGBM,5.067784485268678
2,TVAE,5,1,RF,7.372906555469
2,TVAE,5,1,XGBoost,6.85568456092001
2,TVAE,5,1,CatBoost,6.897804027345735
2,TVAE,5,1,LightGBM,6.897740506511779
2,TVAE,5,2,RF,6.021746572132762
2,TVAE,5,2,XGBoost,6.892881831241862
2,TVAE,5,2,CatBoost,6.423774892306567
2,TVAE,5,2,LightGBM,6.255627045875128
2,TVAE,5,3,RF,5.023236364326476
2,TVAE,5,3,XGBoost,6.471786638939795
2,TVAE,5,3,CatBoost,5.383646442435583
2,TVAE,5,3,LightGBM,5.5197014400297855
2,TVAE,5,4,RF,5.157707522830447
2,TVAE,5,4,XGBoost,5.450644368014908
2,TVAE,5,4,CatBoost,5.164547892621733
2,TVAE,5,4,LightGBM,5.424357483502264
2,TVAE,5,5,RF,5.082091813461385
2,TVAE,5,5,XGBoost,5.365045599348158
2,TVAE,5,5,CatBoost,4.926566010301225
2,TVAE,5,5,LightGBM,5.390576378597189
2,TVAE,5,6,RF,5.091842286992155
2,TVAE,5,6,XGBoost,5.391867209437533
2,TVAE,5,6,CatBoost,4.969490918334879
2,TVAE,5,6,LightGBM,5.390576378597189
2,TVAE,5,7,RF,5.125300518670734
2,TVAE,5,7,XGBoost,5.499165902813805
2,TVAE,5,7,CatBoost,5.134152883365709
2,TVAE,5,7,LightGBM,5.115964298323265
2,TVAE,5,8,RF,5.131439784838999
2,TVAE,5,8,XGBoost,5.381202268295841
2,TVAE,5,8,CatBoost,4.9910074033539065
2,TVAE,5,8,LightGBM,5.299583346257396
2,TVAE,5,9,RF,5.114419892261997
2,TVAE,5,9,XGBoost,5.360799827962275
2,TVAE,5,9,CatBoost,4.963352591474069
2,TVAE,5,9,LightGBM,5.214973866940454
2,TVAE,5,10,RF,5.147139043399669
2,TVAE,5,10,XGBoost,5.3942454272324305
2,TVAE,5,10,CatBoost,5.004801204198298
2,TVAE,5,10,LightGBM,5.244965847726702
2,TVAE,5,12,RF,5.243276616474448
2,TVAE,5,12,XGBoost,5.409818514507778
2,TVAE,5,12,CatBoost,5.038726674494274
2,TVAE,5,12,LightGBM,5.256126658508645
2,TVAE,5,14,RF,5.11552019923409
2,TVAE,5,14,XGBoost,5.446870984041131
2,TVAE,5,14,CatBoost,4.958230387212059
2,TVAE,5,14,LightGBM,5.192157052515783
2,TVAE,5,17,RF,5.199408504659866
2,TVAE,5,17,XGBoost,5.5108370089820715
2,TVAE,5,17,CatBoost,5.033061710848126
2,TVAE,5,17,LightGBM,5.3358632046707815
2,TVAE,5,19,RF,5.23019326735152
2,TVAE,5,19,XGBoost,5.575404271487882
2,TVAE,5,19,CatBoost,5.106059855780839
2,TVAE,5,19,LightGBM,5.341840289155122
2,GEO-interp,1,1,RF,6.8484521981721995
2,GEO-interp,1,1,XGBoost,6.311414313731455
2,GEO-interp,1,1,CatBoost,6.378810155876366
2,GEO-interp,1,1,LightGBM,6.4037118878216175
2,GEO-interp,1,2,RF,5.862104433811446
2,GEO-interp,1,2,XGBoost,6.144732831915612
2,GEO-interp,1,2,CatBoost,5.860241745221051
2,GEO-interp,1,2,LightGBM,6.172920493235603
2,GEO-interp,1,3,RF,5.036679423794851
2,GEO-interp,1,3,XGBoost,5.951721632046273
2,GEO-interp,1,3,CatBoost,4.694435160245714
2,GEO-interp,1,3,LightGBM,5.387267490573961
2,GEO-interp,1,4,RF,4.838989633836476
2,GEO-interp,1,4,XGBoost,4.807602254808838
2,GEO-interp,1,4,CatBoost,4.547728872836706
2,GEO-interp,1,4,LightGBM,5.057142554731074
2,GEO-interp,1,5,RF,4.728810031581152
2,GEO-interp,1,5,XGBoost,4.477532361400163
2,GEO-interp,1,5,CatBoost,4.324250728692343
2,GEO-interp,1,5,LightGBM,4.800748059589559
2,GEO-interp,1,6,RF,4.73043073556239
2,GEO-interp,1,6,XGBoost,4.555602254005133
2,GEO-interp,1,6,CatBoost,4.317041518084466
2,GEO-interp,1,6,LightGBM,4.758624960549127
2,GEO-interp,1,7,RF,4.8309132218485145
2,GEO-interp,1,7,XGBoost,4.742477546820355
2,GEO-interp,1,7,CatBoost,4.418205223849596
2,GEO-interp,1,7,LightGBM,4.962427860057867
2,GEO-interp,1,8,RF,4.917884958419474
2,GEO-interp,1,8,XGBoost,4.687477510496209
2,GEO-interp,1,8,CatBoost,4.494293828907917
2,GEO-interp,1,8,LightGBM,5.184059692737466
2,GEO-interp,1,9,RF,4.8951908140153915
2,GEO-interp,1,9,XGBoost,4.701503591209776
2,GEO-interp,1,9,CatBoost,4.470748937145361
2,GEO-interp,1,9,LightGBM,5.078563910399493
2,GEO-interp,1,10,RF,4.931447804993307
2,GEO-interp,1,10,XGBoost,4.704018630796269
2,GEO-interp,1,10,CatBoost,4.541950980947946
2,GEO-interp,1,10,LightGBM,5.248409719734119
2,GEO-interp,1,12,RF,4.902586346881021
2,GEO-interp,1,12,XGBoost,4.584602794679222
2,GEO-interp,1,12,CatBoost,4.527852993867374
2,GEO-interp,1,12,LightGBM,5.19261348893515
2,GEO-interp,1,14,RF,4.871846674048695
2,GEO-interp,1,14,XGBoost,4.530093682062938
2,GEO-interp,1,14,CatBoost,4.523832049007376
2,GEO-interp,1,14,LightGBM,4.882099643768531
2,GEO-interp,1,17,RF,4.872136159198693
2,GEO-interp,1,17,XGBoost,4.551061336157829
2,GEO-interp,1,17,CatBoost,4.5159000085184795
2,GEO-interp,1,17,LightGBM,4.89865717427081
2,GEO-interp,1,19,RF,4.848347606154205
2,GEO-interp,1,19,XGBoost,4.559926988812674
2,GEO-interp,1,19,CatBoost,4.623118117293881
2,GEO-interp,1,19,LightGBM,4.826863732949285
2,GEO-interp,2,1,RF,7.208150056358679
2,GEO-interp,2,1,XGBoost,6.226525291464972
2,GEO-interp,2,1,CatBoost,6.344912860165402
2,GEO-interp,2,1,LightGBM,6.592780277601961
2,GEO-interp,2,2,RF,5.792940224139279
2,GEO-interp,2,2,XGBoost,6.200631968528467
2,GEO-interp,2,2,CatBoost,5.627226864193922
2,GEO-interp,2,2,LightGBM,6.24060507125162
2,GEO-interp,2,3,RF,4.791275702046909
2,GEO-interp,2,3,XGBoost,5.9460173527576705
2,GEO-interp,2,3,CatBoost,4.443116725723437
2,GEO-interp,2,3,LightGBM,5.312767867020195
2,GEO-interp,2,4,RF,4.708335127674975
2,GEO-interp,2,4,XGBoost,4.718343580632084
2,GEO-interp,2,4,CatBoost,4.414355571871883
2,GEO-interp,2,4,LightGBM,4.817715901612533
2,GEO-interp,2,5,RF,4.6695950644357405
2,GEO-interp,2,5,XGBoost,4.6006599176236165
2,GEO-interp,2,5,CatBoost,4.1234382930746465
2,GEO-interp,2,5,LightGBM,4.725081281133635
2,GEO-interp,2,6,RF,4.67038308780902
2,GEO-interp,2,6,XGBoost,4.56835592984552
2,GEO-interp,2,6,CatBoost,4.265398807579875
2,GEO-interp,2,6,LightGBM,4.676214884174553
2,GEO-interp,2,7,RF,4.716912395543627
2,GEO-interp,2,7,XGBoost,4.623885524692017
2,GEO-interp,2,7,CatBoost,4.453807703301576
2,GEO-interp,2,7,LightGBM,4.927843133802307
2,GEO-interp,2,8,RF,4.816460775114068
2,GEO-interp,2,8,XGBoost,4.552797777244484
2,GEO-interp,2,8,CatBoost,4.653201495757068
2,GEO-interp,2,8,LightGBM,4.959645652222637
2,GEO-interp,2,9,RF,4.757090211043219
2,GEO-interp,2,9,XGBoost,4.52984385440981
2,GEO-interp,2,9,CatBoost,4.526743530436365
2,GEO-interp,2,9,LightGBM,4.987985167859088
2,GEO-interp,2,10,RF,4.769484105720246
2,GEO-interp,2,10,XGBoost,4.599176303783933
2,GEO-interp,2,10,CatBoost,4.623783922405637
2,GEO-interp,2,10,LightGBM,5.079242773119517
2,GEO-interp,2,12,RF,4.873255405736239
2,GEO-interp,2,12,XGBoost,4.562765188596465
2,GEO-interp,2,12,CatBoost,4.634400857091219
2,GEO-interp,2,12,LightGBM,4.986873657996164
2,GEO-interp,2,14,RF,4.834949810835364
2,GEO-interp,2,14,XGBoost,4.499837718381192
2,GEO-interp,2,14,CatBoost,4.522225217778805
2,GEO-interp,2,14,LightGBM,4.797674845529571
2,GEO-interp,2,17,RF,4.811679097122846
2,GEO-interp,2,17,XGBoost,4.38249178073665
2,GEO-interp,2,17,CatBoost,4.399974436324771
2,GEO-interp,2,17,LightGBM,4.763960994534869
2,GEO-interp,2,19,RF,4.830257386875158
2,GEO-interp,2,19,XGBoost,4.425197092377644
2,GEO-interp,2,19,CatBoost,4.576172504620547
2,GEO-interp,2,19,LightGBM,4.693407509060529
2,GEO-interp,5,1,RF,6.650751908761556
2,GEO-interp,5,1,XGBoost,5.878982382703503
2,GEO-interp,5,1,CatBoost,6.107129374545524
2,GEO-interp,5,1,LightGBM,6.2173946422297295
2,GEO-interp,5,2,RF,5.815831530367552
2,GEO-interp,5,2,XGBoost,5.901938968476945
2,GEO-interp,5,2,CatBoost,5.687524995128799
2,GEO-interp,5,2,LightGBM,6.008114804269003
2,GEO-interp,5,3,RF,4.998606134785905
2,GEO-interp,5,3,XGBoost,6.007372662479424
2,GEO-interp,5,3,CatBoost,4.725087919691526
2,GEO-interp,5,3,LightGBM,5.013080871862955
2,GEO-interp,5,4,RF,4.68001268579205
2,GEO-interp,5,4,XGBoost,4.831655681868233
2,GEO-interp,5,4,CatBoost,4.499241767289826
2,GEO-interp,5,4,LightGBM,4.540605005747766
2,GEO-interp,5,5,RF,4.762653824392954
2,GEO-interp,5,5,XGBoost,4.714902741264064
2,GEO-interp,5,5,CatBoost,4.451057061359648
2,GEO-interp,5,5,LightGBM,4.52382731157853
2,GEO-interp,5,6,RF,4.709926351987656
2,GEO-interp,5,6,XGBoost,4.672154499753879
2,GEO-interp,5,6,CatBoost,4.433618521903565
2,GEO-interp,5,6,LightGBM,4.5910767631710785
2,GEO-interp,5,7,RF,4.777647113571427
2,GEO-interp,5,7,XGBoost,4.709389618322179
2,GEO-interp,5,7,CatBoost,4.520833406574999
2,GEO-interp,5,7,LightGBM,4.702808263890446
2,GEO-interp,5,8,RF,4.9824148086725035
2,GEO-interp,5,8,XGBoost,4.818810488526869
2,GEO-interp,5,8,CatBoost,4.498495496218896
2,GEO-interp,5,8,LightGBM,4.924896730781128
2,GEO-interp,5,9,RF,4.99315395015619
2,GEO-interp,5,9,XGBoost,4.887465832457889
2,GEO-interp,5,9,CatBoost,4.593452337965989
2,GEO-interp,5,9,LightGBM,5.014821819247027
2,GEO-interp,5,10,RF,4.979087391903796
2,GEO-interp,5,10,XGBoost,4.835026612887161
2,GEO-interp,5,10,CatBoost,4.63168256863879
2,GEO-interp,5,10,LightGBM,5.00742090407763
2,GEO-interp,5,12,RF,5.077345338124058
2,GEO-interp,5,12,XGBoost,4.805146864938132
2,GEO-interp,5,12,CatBoost,4.686411888136903
2,GEO-interp,5,12,LightGBM,5.076762465809073
2,GEO-interp,5,14,RF,4.987331385299452
2,GEO-interp,5,14,XGBoost,4.640382443167999
2,GEO-interp,5,14,CatBoost,4.520733288831848
2,GEO-interp,5,14,LightGBM,4.9716453308975606
2,GEO-interp,5,17,RF,4.925538434570424
2,GEO-interp,5,17,XGBoost,4.724775210798414
2,GEO-interp,5,17,CatBoost,4.508264664093993
2,GEO-interp,5,17,LightGBM,4.978927980862774
2,GEO-interp,5,19,RF,4.939572651677038
2,GEO-interp,5,19,XGBoost,4.7376665932474955
2,GEO-interp,5,19,CatBoost,4.633856931258025
2,GEO-interp,5,19,LightGBM,5.004374556534482
2,GEO-disp,1,1,RF,6.902161238013431
2,GEO-disp,1,1,XGBoost,6.330073826416736
2,GEO-disp,1,1,CatBoost,6.445517215601956
2,GEO-disp,1,1,LightGBM,6.363750133996218
2,GEO-disp,1,2,RF,5.818296934903584
2,GEO-disp,1,2,XGBoost,6.075593745623713
2,GEO-disp,1,2,CatBoost,5.865774970585323
2,GEO-disp,1,2,LightGBM,6.223729843752238
2,GEO-disp,1,3,RF,5.054495634000075
2,GEO-disp,1,3,XGBoost,5.901988215495012
2,GEO-disp,1,3,CatBoost,4.73096750018561
2,GEO-disp,1,3,LightGBM,5.2914706563137806
2,GEO-disp,1,4,RF,4.925894720522552
2,GEO-disp,1,4,XGBoost,4.841321533056428
2,GEO-disp,1,4,CatBoost,4.505997527788794
2,GEO-disp,1,4,LightGBM,5.192166290024756
2,GEO-disp,1,5,RF,4.765670438302989
2,GEO-disp,1,5,XGBoost,4.502431162939518
2,GEO-disp,1,5,CatBoost,4.3298810841689646
2,GEO-disp,1,5,LightGBM,4.93310103625112
2,GEO-disp,1,6,RF,4.719598635288164
2,GEO-disp,1,6,XGBoost,4.577643055591835
2,GEO-disp,1,6,CatBoost,4.2949233486531035
2,GEO-disp,1,6,LightGBM,4.858693872165653
2,GEO-disp,1,7,RF,4.822202559478379
2,GEO-disp,1,7,XGBoost,4.710465913131524
2,GEO-disp,1,7,CatBoost,4.512272971763161
2,GEO-disp,1,7,LightGBM,4.993234288234462
2,GEO-disp,1,8,RF,4.834134251169576
2,GEO-disp,1,8,XGBoost,4.820412694993884
2,GEO-disp,1,8,CatBoost,4.484523255924584
2,GEO-disp,1,8,LightGBM,5.205050667249847
2,GEO-disp,1,9,RF,4.942852333647482
2,GEO-disp,1,9,XGBoost,4.7083968849184945
2,GEO-disp,1,9,CatBoost,4.471508635120586
2,GEO-disp,1,9,LightGBM,5.177111285630503
2,GEO-disp,1,10,RF,5.000347880821367
2,GEO-disp,1,10,XGBoost,4.779125866722801
2,GEO-disp,1,10,CatBoost,4.627192612061263
2,GEO-disp,1,10,LightGBM,5.211735799516679
2,GEO-disp,1,12,RF,4.866959989921081
2,GEO-disp,1,12,XGBoost,4.628459589096304
2,GEO-disp,1,12,CatBoost,4.621780440956304
2,GEO-disp,1,12,LightGBM,5.143444687280276
2,GEO-disp,1,14,RF,4.835523974028204
2,GEO-disp,1,14,XGBoost,4.556361769066219
2,GEO-disp,1,14,CatBoost,4.599536773017491
2,GEO-disp,1,14,LightGBM,4.785649873982757
2,GEO-disp,1,17,RF,4.749990051094367
2,GEO-disp,1,17,XGBoost,4.593470991058786
2,GEO-disp,1,17,CatBoost,4.634617786464847
2,GEO-disp,1,17,LightGBM,4.755096918127239
2,GEO-disp,1,19,RF,4.811700335291814
2,GEO-disp,1,19,XGBoost,4.574641042169253
2,GEO-disp,1,19,CatBoost,4.604976741356124
2,GEO-disp,1,19,LightGBM,4.905758585727248
2,GEO-disp,2,1,RF,7.29340782137627
2,GEO-disp,2,1,XGBoost,6.275367873521816
2,GEO-disp,2,1,CatBoost,6.299971545556117
2,GEO-disp,2,1,LightGBM,6.599408878484165
2,GEO-disp,2,2,RF,5.7377372836056795
2,GEO-disp,2,2,XGBoost,6.099085111003861
2,GEO-disp,2,2,CatBoost,5.5777059253961285
2,GEO-disp,2,2,LightGBM,6.070984509942205
2,GEO-disp,2,3,RF,4.762002610502106
2,GEO-disp,2,3,XGBoost,5.869997890901517
2,GEO-disp,2,3,CatBoost,4.453117321875898
2,GEO-disp,2,3,LightGBM,5.486464883897906
2,GEO-disp,2,4,RF,4.745098213085824
2,GEO-disp,2,4,XGBoost,4.760972102693298
2,GEO-disp,2,4,CatBoost,4.607236820546367
2,GEO-disp,2,4,LightGBM,5.026819291990033
2,GEO-disp,2,5,RF,4.63655692433673
2,GEO-disp,2,5,XGBoost,4.508234371499323
2,GEO-disp,2,5,CatBoost,4.258139453099688
2,GEO-disp,2,5,LightGBM,4.832663247604166
2,GEO-disp,2,6,RF,4.611882407251335
2,GEO-disp,2,6,XGBoost,4.583398379806027
2,GEO-disp,2,6,CatBoost,4.372415938990368
2,GEO-disp,2,6,LightGBM,4.799582238048664
2,GEO-disp,2,7,RF,4.652800412283918
2,GEO-disp,2,7,XGBoost,4.66189213420195
2,GEO-disp,2,7,CatBoost,4.5884589242807285
2,GEO-disp,2,7,LightGBM,5.121527791986679
2,GEO-disp,2,8,RF,4.676305146760923
2,GEO-disp,2,8,XGBoost,4.5601701038166365
2,GEO-disp,2,8,CatBoost,4.562709186013667
2,GEO-disp,2,8,LightGBM,5.317278327144486
2,GEO-disp,2,9,RF,4.719517688748284
2,GEO-disp,2,9,XGBoost,4.539719351185007
2,GEO-disp,2,9,CatBoost,4.6326762274661055
2,GEO-disp,2,9,LightGBM,5.4226914590744215
2,GEO-disp,2,10,RF,4.7597856974777075
2,GEO-disp,2,10,XGBoost,4.5123027128617395
2,GEO-disp,2,10,CatBoost,4.600536067243851
2,GEO-disp,2,10,LightGBM,5.319587820427829
2,GEO-disp,2,12,RF,4.831248544680293
2,GEO-disp,2,12,XGBoost,4.643649935870128
2,GEO-disp,2,12,CatBoost,4.609599119822903
2,GEO-disp,2,12,LightGBM,5.235649168591669
2,GEO-disp,2,14,RF,4.690903596773932
2,GEO-disp,2,14,XGBoost,4.449552027174632
2,GEO-disp,2,14,CatBoost,4.541514482638766
2,GEO-disp,2,14,LightGBM,4.970119183394281
2,GEO-disp,2,17,RF,4.70932413309514
2,GEO-disp,2,17,XGBoost,4.428328139426166
2,GEO-disp,2,17,CatBoost,4.545152089870316
2,GEO-disp,2,17,LightGBM,4.871578166205797
2,GEO-disp,2,19,RF,4.707265096882916
2,GEO-disp,2,19,XGBoost,4.470904811944775
2,GEO-disp,2,19,CatBoost,4.5134905280581
2,GEO-disp,2,19,LightGBM,4.790774945617163
2,GEO-disp,5,1,RF,6.671908972647544
2,GEO-disp,5,1,XGBoost,5.992726708634913
2,GEO-disp,5,1,CatBoost,6.106957976469877
2,GEO-disp,5,1,LightGBM,6.205463893795265
2,GEO-disp,5,2,RF,5.811947983848792
2,GEO-disp,5,2,XGBoost,5.9569192116683585
2,GEO-disp,5,2,CatBoost,5.619427290214487
2,GEO-disp,5,2,LightGBM,5.836329777059972
2,GEO-disp,5,3,RF,5.002417143386151
2,GEO-disp,5,3,XGBoost,5.963750800163141
2,GEO-disp,5,3,CatBoost,4.912538131777759
2,GEO-disp,5,3,LightGBM,5.140534359708567
2,GEO-disp,5,4,RF,4.8111392742923815
2,GEO-disp,5,4,XGBoost,4.8166851052970046
2,GEO-disp,5,4,CatBoost,4.447644833117504
2,GEO-disp,5,4,LightGBM,4.700085543892315
2,GEO-disp,5,5,RF,4.866376435428235
2,GEO-disp,5,5,XGBoost,4.730982888299469
2,GEO-disp,5,5,CatBoost,4.4242802646021895
2,GEO-disp,5,5,LightGBM,4.751663881333843
2,GEO-disp,5,6,RF,4.875896203983132
2,GEO-disp,5,6,XGBoost,4.686962735360552
2,GEO-disp,5,6,CatBoost,4.510004595150883
2,GEO-disp,5,6,LightGBM,4.848680717901004
2,GEO-disp,5,7,RF,4.845827135081283
2,GEO-disp,5,7,XGBoost,4.708602461158705
2,GEO-disp,5,7,CatBoost,4.689306345428029
2,GEO-disp,5,7,LightGBM,4.987865156690469
2,GEO-disp,5,8,RF,4.980682531021753
2,GEO-disp,5,8,XGBoost,4.925076138915898
2,GEO-disp,5,8,CatBoost,4.763782150141482
2,GEO-disp,5,8,LightGBM,5.231427350218904
2,GEO-disp,5,9,RF,4.978307708955091
2,GEO-disp,5,9,XGBoost,4.9213383032878495
2,GEO-disp,5,9,CatBoost,4.861010586877089
2,GEO-disp,5,9,LightGBM,5.302248642822606
2,GEO-disp,5,10,RF,5.060659803725003
2,GEO-disp,5,10,XGBoost,4.884480186326023
2,GEO-disp,5,10,CatBoost,4.814052523829412
2,GEO-disp,5,10,LightGBM,5.095098219325237
2,GEO-disp,5,12,RF,5.130777909215614
2,GEO-disp,5,12,XGBoost,4.864632566556094
2,GEO-disp,5,12,CatBoost,4.7912478131672
2,GEO-disp,5,12,LightGBM,5.255804247974365
2,GEO-disp,5,14,RF,4.950539148453656
2,GEO-disp,5,14,XGBoost,4.615033438752136
2,GEO-disp,5,14,CatBoost,4.677966483398046
2,GEO-disp,5,14,LightGBM,5.1663394575691495
2,GEO-disp,5,17,RF,4.9268208060211975
2,GEO-disp,5,17,XGBoost,4.718879987650459
2,GEO-disp,5,17,CatBoost,4.653674428721048
2,GEO-disp,5,17,LightGBM,5.1204602484541395
2,GEO-disp,5,19,RF,4.962069301458349
2,GEO-disp,5,19,XGBoost,4.773774154142925
2,GEO-disp,5,19,CatBoost,4.627239576351903
2,GEO-disp,5,19,LightGBM,5.1937515719163985
3,aucun,0,1,RF,7.139842375498002
3,aucun,0,1,XGBoost,7.19758750957809
3,aucun,0,1,CatBoost,7.109723615074796
3,aucun,0,1,LightGBM,6.5490187788106144
3,aucun,0,2,RF,6.069809271115623
3,aucun,0,2,XGBoost,6.929997835257214
3,aucun,0,2,CatBoost,6.093124185124439
3,aucun,0,2,LightGBM,6.004220953051936
3,aucun,0,3,RF,5.264695524523423
3,aucun,0,3,XGBoost,6.3076363334668315
3,aucun,0,3,CatBoost,5.545587870874573
3,aucun,0,3,LightGBM,5.720099670950544
3,aucun,0,4,RF,5.417854799153505
3,aucun,0,4,XGBoost,5.900058046242451
3,aucun,0,4,CatBoost,5.467494040840825
3,aucun,0,4,LightGBM,5.574962850828885
3,aucun,0,5,RF,5.365056653255686
3,aucun,0,5,XGBoost,6.0978986948789995
3,aucun,0,5,CatBoost,5.330229649931039
3,aucun,0,5,LightGBM,5.709103831741679
3,aucun,0,6,RF,5.345106798939205
3,aucun,0,6,XGBoost,6.107536789077014
3,aucun,0,6,CatBoost,5.31164425416768
3,aucun,0,6,LightGBM,5.689946404245181
3,aucun,0,7,RF,5.348629109006455
3,aucun,0,7,XGBoost,6.054834454455405
3,aucun,0,7,CatBoost,5.508564478814655
3,aucun,0,7,LightGBM,5.976506069652096
3,aucun,0,8,RF,5.294889503632262
3,aucun,0,8,XGBoost,5.944391465604671
3,aucun,0,8,CatBoost,5.392665604452147
3,aucun,0,8,LightGBM,5.873442052955383
3,aucun,0,9,RF,5.233199959757757
3,aucun,0,9,XGBoost,5.954229702888918
3,aucun,0,9,CatBoost,5.3941681113131486
3,aucun,0,9,LightGBM,5.8362357056979155
3,aucun,0,10,RF,5.365147653041145
3,aucun,0,10,XGBoost,5.990850370918532
3,aucun,0,10,CatBoost,5.481399156969369
3,aucun,0,10,LightGBM,5.981958700618336
3,aucun,0,12,RF,5.298722159998448
3,aucun,0,12,XGBoost,5.704628043719129
3,aucun,0,12,CatBoost,5.383774253612681
3,aucun,0,12,LightGBM,5.683070240977232
3,aucun,0,14,RF,5.387787706837234
3,aucun,0,14,XGBoost,5.796245225396413
3,aucun,0,14,CatBoost,5.660039285234332
3,aucun,0,14,LightGBM,5.732905372037188
3,aucun,0,17,RF,5.448358120144116
3,aucun,0,17,XGBoost,5.981444442285906
3,aucun,0,17,CatBoost,5.6302542012791115
3,aucun,0,17,LightGBM,5.7782774895965145
3,aucun,0,19,RF,5.417173038311789
3,aucun,0,19,XGBoost,5.914548494453883
3,aucun,0,19,CatBoost,5.587058925092431
3,aucun,0,19,LightGBM,5.683913382261575
3,SMOTE-R,1,1,RF,6.6751544429213885
3,SMOTE-R,1,1,XGBoost,6.426166282107525
3,SMOTE-R,1,1,CatBoost,6.369438557118282
3,SMOTE-R,1,1,LightGBM,6.687914866395833
3,SMOTE-R,1,2,RF,5.90126127727822
3,SMOTE-R,1,2,XGBoost,6.6169491679696595
3,SMOTE-R,1,2,CatBoost,5.865468413640944
3,SMOTE-R,1,2,LightGBM,6.293914262628988
3,SMOTE-R,1,3,RF,5.098673633319763
3,SMOTE-R,1,3,XGBoost,5.634993197086757
3,SMOTE-R,1,3,CatBoost,5.280864209831548
3,SMOTE-R,1,3,LightGBM,5.422894779881619
3,SMOTE-R,1,4,RF,5.175754579442278
3,SMOTE-R,1,4,XGBoost,5.484314954856352
3,SMOTE-R,1,4,CatBoost,5.413634653461844
3,SMOTE-R,1,4,LightGBM,5.327662256345537
3,SMOTE-R,1,5,RF,5.032894932340865
3,SMOTE-R,1,5,XGBoost,5.687410035277422
3,SMOTE-R,1,5,CatBoost,5.001828122842412
3,SMOTE-R,1,5,LightGBM,5.098392431570079
3,SMOTE-R,1,6,RF,5.041386734332601
3,SMOTE-R,1,6,XGBoost,5.549919858580246
3,SMOTE-R,1,6,CatBoost,5.052710023721117
3,SMOTE-R,1,6,LightGBM,5.167596977691824
3,SMOTE-R,1,7,RF,5.127832552811248
3,SMOTE-R,1,7,XGBoost,5.635061406160803
3,SMOTE-R,1,7,CatBoost,5.472015995680121
3,SMOTE-R,1,7,LightGBM,5.385069437154596
3,SMOTE-R,1,8,RF,5.127864195568874
3,SMOTE-R,1,8,XGBoost,5.432504362259744
3,SMOTE-R,1,8,CatBoost,5.3142042970317585
3,SMOTE-R,1,8,LightGBM,5.265800665833054
3,SMOTE-R,1,9,RF,5.197716437470936
3,SMOTE-R,1,9,XGBoost,5.458714669942652
3,SMOTE-R,1,9,CatBoost,5.263424598629474
3,SMOTE-R,1,9,LightGBM,5.299652898128074
3,SMOTE-R,1,10,RF,5.20787947679287
3,SMOTE-R,1,10,XGBoost,5.477682833874041
3,SMOTE-R,1,10,CatBoost,5.297548669516868
3,SMOTE-R,1,10,LightGBM,5.177471105421115
3,SMOTE-R,1,12,RF,5.1968201361566235
3,SMOTE-R,1,12,XGBoost,5.341252233625171
3,SMOTE-R,1,12,CatBoost,5.388283616859717
3,SMOTE-R,1,12,LightGBM,5.1709990894946065
3,SMOTE-R,1,14,RF,5.218903597200831
3,SMOTE-R,1,14,XGBoost,5.451747797035187
3,SMOTE-R,1,14,CatBoost,5.450369518789866
3,SMOTE-R,1,14,LightGBM,5.166229302605068
3,SMOTE-R,1,17,RF,5.274384204906375
3,SMOTE-R,1,17,XGBoost,5.459011872684752
3,SMOTE-R,1,17,CatBoost,5.531065431097199
3,SMOTE-R,1,17,LightGBM,5.099133071399315
3,SMOTE-R,1,19,RF,5.26784260230093
3,SMOTE-R,1,19,XGBoost,5.52358167309319
3,SMOTE-R,1,19,CatBoost,5.488043749877483
3,SMOTE-R,1,19,LightGBM,5.079899842940058
3,SMOTE-R,2,1,RF,6.958350939911786
3,SMOTE-R,2,1,XGBoost,6.381540377033222
3,SMOTE-R,2,1,CatBoost,6.6820285180882255
3,SMOTE-R,2,1,LightGBM,6.397116950327732
3,SMOTE-R,2,2,RF,6.077185567632844
3,SMOTE-R,2,2,XGBoost,6.399090709734911
3,SMOTE-R,2,2,CatBoost,6.155288245852531
3,SMOTE-R,2,2,LightGBM,6.2430000179133325
3,SMOTE-R,2,3,RF,5.163671375718904
3,SMOTE-R,2,3,XGBoost,5.577055206095345
3,SMOTE-R,2,3,CatBoost,5.54023022164386
3,SMOTE-R,2,3,LightGBM,5.414344945519863
3,SMOTE-R,2,4,RF,5.28652807318274
3,SMOTE-R,2,4,XGBoost,5.484204916959481
3,SMOTE-R,2,4,CatBoost,5.414846214481742
3,SMOTE-R,2,4,LightGBM,5.42149849866004
3,SMOTE-R,2,5,RF,5.113183216563799
3,SMOTE-R,2,5,XGBoost,5.522891466600441
3,SMOTE-R,2,5,CatBoost,5.2058744201228935
3,SMOTE-R,2,5,LightGBM,5.084760798360754
3,SMOTE-R,2,6,RF,5.099782494358295
3,SMOTE-R,2,6,XGBoost,5.672968658031378
3,SMOTE-R,2,6,CatBoost,5.2712838935430675
3,SMOTE-R,2,6,LightGBM,5.084760798360754
3,SMOTE-R,2,7,RF,5.1658674570052545
3,SMOTE-R,2,7,XGBoost,5.6858768060795075
3,SMOTE-R,2,7,CatBoost,5.557232706551712
3,SMOTE-R,2,7,LightGBM,5.210903689357022
3,SMOTE-R,2,8,RF,5.2575616434727115
3,SMOTE-R,2,8,XGBoost,5.5638138048338455
3,SMOTE-R,2,8,CatBoost,5.254359866833181
3,SMOTE-R,2,8,LightGBM,5.073147697839565
3,SMOTE-R,2,9,RF,5.2379381689626845
3,SMOTE-R,2,9,XGBoost,5.642990268193514
3,SMOTE-R,2,9,CatBoost,5.164661260684964
3,SMOTE-R,2,9,LightGBM,5.161517713979263
3,SMOTE-R,2,10,RF,5.263043030959903
3,SMOTE-R,2,10,XGBoost,5.41071148079413
3,SMOTE-R,2,10,CatBoost,5.153916170473107
3,SMOTE-R,2,10,LightGBM,5.034460144521543
3,SMOTE-R,2,12,RF,5.2553485322181
3,SMOTE-R,2,12,XGBoost,5.431470252684532
3,SMOTE-R,2,12,CatBoost,5.3068464892057134
3,SMOTE-R,2,12,LightGBM,5.066615528853326
3,SMOTE-R,2,14,RF,5.341170331115907
3,SMOTE-R,2,14,XGBoost,5.56323814008502
3,SMOTE-R,2,14,CatBoost,5.524567582224602
3,SMOTE-R,2,14,LightGBM,5.13904048916933
3,SMOTE-R,2,17,RF,5.334480280589424
3,SMOTE-R,2,17,XGBoost,5.5706508029430015
3,SMOTE-R,2,17,CatBoost,5.512615834753737
3,SMOTE-R,2,17,LightGBM,5.172074767523346
3,SMOTE-R,2,19,RF,5.374458722375526
3,SMOTE-R,2,19,XGBoost,5.561296580662329
3,SMOTE-R,2,19,CatBoost,5.596172937737888
3,SMOTE-R,2,19,LightGBM,5.188523199430584
3,SMOTE-R,5,1,RF,6.760181334398356
3,SMOTE-R,5,1,XGBoost,6.355342981915823
3,SMOTE-R,5,1,CatBoost,6.481224957944353
3,SMOTE-R,5,1,LightGBM,6.555947784884007
3,SMOTE-R,5,2,RF,6.2311781227408
3,SMOTE-R,5,2,XGBoost,6.525295216770033
3,SMOTE-R,5,2,CatBoost,6.207458193571961
3,SMOTE-R,5,2,LightGBM,6.3978121933891385
3,SMOTE-R,5,3,RF,5.36317186936297
3,SMOTE-R,5,3,XGBoost,5.633200938309027
3,SMOTE-R,5,3,CatBoost,5.76003835311154
3,SMOTE-R,5,3,LightGBM,5.258142669794194
3,SMOTE-R,5,4,RF,5.367023137575223
3,SMOTE-R,5,4,XGBoost,5.539270008996269
3,SMOTE-R,5,4,CatBoost,5.590724600524206
3,SMOTE-R,5,4,LightGBM,5.021095696258614
3,SMOTE-R,5,5,RF,5.287820428358532
3,SMOTE-R,5,5,XGBoost,5.582600099534478
3,SMOTE-R,5,5,CatBoost,5.472108946460799
3,SMOTE-R,5,5,LightGBM,5.060055175420286
3,SMOTE-R,5,6,RF,5.362219548254716
3,SMOTE-R,5,6,XGBoost,5.506156755757375
3,SMOTE-R,5,6,CatBoost,5.433138049063698
3,SMOTE-R,5,6,LightGBM,5.060055175420286
3,SMOTE-R,5,7,RF,5.3390255980782495
3,SMOTE-R,5,7,XGBoost,5.498735141911552
3,SMOTE-R,5,7,CatBoost,5.515702863808387
3,SMOTE-R,5,7,LightGBM,5.525989949143451
3,SMOTE-R,5,8,RF,5.363123402313086
3,SMOTE-R,5,8,XGBoost,5.494753961886866
3,SMOTE-R,5,8,CatBoost,5.429538451838084
3,SMOTE-R,5,8,LightGBM,5.496914747665432
3,SMOTE-R,5,9,RF,5.341394511944649
3,SMOTE-R,5,9,XGBoost,5.489412625223521
3,SMOTE-R,5,9,CatBoost,5.503504074840164
3,SMOTE-R,5,9,LightGBM,5.367487150454827
3,SMOTE-R,5,10,RF,5.327158289233897
3,SMOTE-R,5,10,XGBoost,5.350027755764129
3,SMOTE-R,5,10,CatBoost,5.3580248804939705
3,SMOTE-R,5,10,LightGBM,5.444177380051862
3,SMOTE-R,5,12,RF,5.377164940811402
3,SMOTE-R,5,12,XGBoost,5.338403676997913
3,SMOTE-R,5,12,CatBoost,5.379038845419905
3,SMOTE-R,5,12,LightGBM,5.465652913626262
3,SMOTE-R,5,14,RF,5.508379409801641
3,SMOTE-R,5,14,XGBoost,5.468752757277335
3,SMOTE-R,5,14,CatBoost,5.5249639310623735
3,SMOTE-R,5,14,LightGBM,5.282283080170123
3,SMOTE-R,5,17,RF,5.548947252641243
3,SMOTE-R,5,17,XGBoost,5.559632019481451
3,SMOTE-R,5,17,CatBoost,5.686692677526541
3,SMOTE-R,5,17,LightGBM,5.195363140504654
3,SMOTE-R,5,19,RF,5.557713045662701
3,SMOTE-R,5,19,XGBoost,5.51573845384301
3,SMOTE-R,5,19,CatBoost,5.606787945775479
3,SMOTE-R,5,19,LightGBM,5.2471687629405785
3,CTGAN,1,1,RF,7.848738036657735
3,CTGAN,1,1,XGBoost,7.708504956170319
3,CTGAN,1,1,CatBoost,7.584501521552696
3,CTGAN,1,1,LightGBM,7.860089435329403
3,CTGAN,1,2,RF,6.700389704736658
3,CTGAN,1,2,XGBoost,7.166681302503219
3,CTGAN,1,2,CatBoost,6.582565071423056
3,CTGAN,1,2,LightGBM,7.330347023496863
3,CTGAN,1,3,RF,6.131701886752541
3,CTGAN,1,3,XGBoost,6.97691095545816
3,CTGAN,1,3,CatBoost,5.929916446575295
3,CTGAN,1,3,LightGBM,6.846529409672855
3,CTGAN,1,4,RF,5.774617277497972
3,CTGAN,1,4,XGBoost,6.261768674076205
3,CTGAN,1,4,CatBoost,5.602157430114073
3,CTGAN,1,4,LightGBM,5.953032685481935
3,CTGAN,1,5,RF,5.549590719455571
3,CTGAN,1,5,XGBoost,5.997278208663359
3,CTGAN,1,5,CatBoost,5.323500414773154
3,CTGAN,1,5,LightGBM,5.580773437670534
3,CTGAN,1,6,RF,5.569889697046781
3,CTGAN,1,6,XGBoost,5.916538889952072
3,CTGAN,1,6,CatBoost,5.3853119746502545
3,CTGAN,1,6,LightGBM,5.580773437670534
3,CTGAN,1,7,RF,5.573778665725128
3,CTGAN,1,7,XGBoost,5.753926044906149
3,CTGAN,1,7,CatBoost,5.441802258805089
3,CTGAN,1,7,LightGBM,5.754813789614798
3,CTGAN,1,8,RF,5.669433719647908
3,CTGAN,1,8,XGBoost,5.674012892230067
3,CTGAN,1,8,CatBoost,5.554532264648847
3,CTGAN,1,8,LightGBM,6.1253018442154605
3,CTGAN,1,9,RF,5.586039281746794
3,CTGAN,1,9,XGBoost,5.702497728310171
3,CTGAN,1,9,CatBoost,5.531390805027431
3,CTGAN,1,9,LightGBM,6.044822831951446
3,CTGAN,1,10,RF,5.684661057355313
3,CTGAN,1,10,XGBoost,5.586477483228128
3,CTGAN,1,10,CatBoost,5.49941082678572
3,CTGAN,1,10,LightGBM,6.044986169006721
3,CTGAN,1,12,RF,5.623705752560646
3,CTGAN,1,12,XGBoost,5.484913786671506
3,CTGAN,1,12,CatBoost,5.341369989783756
3,CTGAN,1,12,LightGBM,5.699564261719263
3,CTGAN,1,14,RF,5.6459546804159215
3,CTGAN,1,14,XGBoost,5.566345756349178
3,CTGAN,1,14,CatBoost,5.58983056417984
3,CTGAN,1,14,LightGBM,5.800357548088586
3,CTGAN,1,17,RF,5.676403437705416
3,CTGAN,1,17,XGBoost,5.754204972605135
3,CTGAN,1,17,CatBoost,5.52069875088122
3,CTGAN,1,17,LightGBM,5.861781323138707
3,CTGAN,1,19,RF,5.662645633854426
3,CTGAN,1,19,XGBoost,5.6722509608440275
3,CTGAN,1,19,CatBoost,5.628566693519625
3,CTGAN,1,19,LightGBM,5.774296027908456
3,CTGAN,2,1,RF,8.121342632451277
3,CTGAN,2,1,XGBoost,8.069454887353158
3,CTGAN,2,1,CatBoost,8.171572575181726
3,CTGAN,2,1,LightGBM,7.828687969451898
3,CTGAN,2,2,RF,7.071771928090559
3,CTGAN,2,2,XGBoost,7.574141239148007
3,CTGAN,2,2,CatBoost,7.298765667359871
3,CTGAN,2,2,LightGBM,7.730308354413022
3,CTGAN,2,3,RF,6.097940178808134
3,CTGAN,2,3,XGBoost,7.070045566446197
3,CTGAN,2,3,CatBoost,5.956936490441337
3,CTGAN,2,3,LightGBM,6.583325759486152
3,CTGAN,2,4,RF,5.841701794168033
3,CTGAN,2,4,XGBoost,6.6050351186772644
3,CTGAN,2,4,CatBoost,5.631888254186149
3,CTGAN,2,4,LightGBM,5.981069341613858
3,CTGAN,2,5,RF,5.599609351085333
3,CTGAN,2,5,XGBoost,6.099572142079466
3,CTGAN,2,5,CatBoost,5.460692267950152
3,CTGAN,2,5,LightGBM,6.04527669994274
3,CTGAN,2,6,RF,5.609458417432737
3,CTGAN,2,6,XGBoost,6.261821296814106
3,CTGAN,2,6,CatBoost,5.411013925153195
3,CTGAN,2,6,LightGBM,6.04527669994274
3,CTGAN,2,7,RF,5.553508767865384
3,CTGAN,2,7,XGBoost,5.981676111437705
3,CTGAN,2,7,CatBoost,5.422393111112816
3,CTGAN,2,7,LightGBM,5.879929401978513
3,CTGAN,2,8,RF,5.565670651652026
3,CTGAN,2,8,XGBoost,5.875657014025422
3,CTGAN,2,8,CatBoost,5.511847296400581
3,CTGAN,2,8,LightGBM,6.28745251996866
3,CTGAN,2,9,RF,5.531732411130597
3,CTGAN,2,9,XGBoost,5.877328466061262
3,CTGAN,2,9,CatBoost,5.454108708468697
3,CTGAN,2,9,LightGBM,6.141741136869378
3,CTGAN,2,10,RF,5.598607670911832
3,CTGAN,2,10,XGBoost,5.900835890810925
3,CTGAN,2,10,CatBoost,5.644204742291727
3,CTGAN,2,10,LightGBM,6.313847993772934
3,CTGAN,2,12,RF,5.449433042379179
3,CTGAN,2,12,XGBoost,5.785453932432598
3,CTGAN,2,12,CatBoost,5.355847026295014
3,CTGAN,2,12,LightGBM,5.812268460412578
3,CTGAN,2,14,RF,5.563578721155074
3,CTGAN,2,14,XGBoost,5.872679973214752
3,CTGAN,2,14,CatBoost,5.515630316417653
3,CTGAN,2,14,LightGBM,6.16955949668337
3,CTGAN,2,17,RF,5.573132323770654
3,CTGAN,2,17,XGBoost,5.913381766449682
3,CTGAN,2,17,CatBoost,5.430216732831365
3,CTGAN,2,17,LightGBM,5.878557841886089
3,CTGAN,2,19,RF,5.58216983078837
3,CTGAN,2,19,XGBoost,5.80824377904274
3,CTGAN,2,19,CatBoost,5.5498213110133605
3,CTGAN,2,19,LightGBM,5.892306381939098
3,CTGAN,5,1,RF,8.77058861086659
3,CTGAN,5,1,XGBoost,8.421163256335307
3,CTGAN,5,1,CatBoost,8.563479773965053
3,CTGAN,5,1,LightGBM,8.589473003376378
3,CTGAN,5,2,RF,7.632611058568882
3,CTGAN,5,2,XGBoost,7.883613070518543
3,CTGAN,5,2,CatBoost,7.616404434872478
3,CTGAN,5,2,LightGBM,7.192490988227146
3,CTGAN,5,3,RF,6.889501982609703
3,CTGAN,5,3,XGBoost,7.527759329167676
3,CTGAN,5,3,CatBoost,6.941898948738043
3,CTGAN,5,3,LightGBM,7.222690299260694
3,CTGAN,5,4,RF,6.155221601746719
3,CTGAN,5,4,XGBoost,6.889675231575104
3,CTGAN,5,4,CatBoost,5.944353795057828
3,CTGAN,5,4,LightGBM,5.902308136109876
3,CTGAN,5,5,RF,5.89661517172835
3,CTGAN,5,5,XGBoost,6.675841834300207
3,CTGAN,5,5,CatBoost,5.907364979337219
3,CTGAN,5,5,LightGBM,5.8527767700618725
3,CTGAN,5,6,RF,5.944537478531209
3,CTGAN,5,6,XGBoost,6.651266227152638
3,CTGAN,5,6,CatBoost,5.891065881500977
3,CTGAN,5,6,LightGBM,5.8527767700618725
3,CTGAN,5,7,RF,6.092051326497505
3,CTGAN,5,7,XGBoost,6.636778676787663
3,CTGAN,5,7,CatBoost,5.9867325962239235
3,CTGAN,5,7,LightGBM,6.034171937401719
3,CTGAN,5,8,RF,6.009127651392129
3,CTGAN,5,8,XGBoost,6.665724360552442
3,CTGAN,5,8,CatBoost,5.9552683743681
3,CTGAN,5,8,LightGBM,6.593805173933696
3,CTGAN,5,9,RF,6.148815799782223
3,CTGAN,5,9,XGBoost,6.747558847382381
3,CTGAN,5,9,CatBoost,6.108025737120817
3,CTGAN,5,9,LightGBM,6.464678159547807
3,CTGAN,5,10,RF,6.225848085833027
3,CTGAN,5,10,XGBoost,6.636262875228681
3,CTGAN,5,10,CatBoost,6.177656831541137
3,CTGAN,5,10,LightGBM,6.762755141044321
3,CTGAN,5,12,RF,6.130003893397856
3,CTGAN,5,12,XGBoost,6.642392609208558
3,CTGAN,5,12,CatBoost,6.015430132786645
3,CTGAN,5,12,LightGBM,6.562347962515451
3,CTGAN,5,14,RF,6.2491717830991105
3,CTGAN,5,14,XGBoost,6.84696487102224
3,CTGAN,5,14,CatBoost,6.237338169745028
3,CTGAN,5,14,LightGBM,7.0614603964973375
3,CTGAN,5,17,RF,6.217683268127424
3,CTGAN,5,17,XGBoost,6.797406766542905
3,CTGAN,5,17,CatBoost,6.082661666051282
3,CTGAN,5,17,LightGBM,6.733464883145536
3,CTGAN,5,19,RF,6.195322034896228
3,CTGAN,5,19,XGBoost,6.800944286502366
3,CTGAN,5,19,CatBoost,6.149032323345843
3,CTGAN,5,19,LightGBM,6.717139274372534
3,TVAE,1,1,RF,6.567671684137212
3,TVAE,1,1,XGBoost,6.573612792728817
3,TVAE,1,1,CatBoost,6.651502348319011
3,TVAE,1,1,LightGBM,7.024873140798793
3,TVAE,1,2,RF,6.600823126432027
3,TVAE,1,2,XGBoost,6.709781112351691
3,TVAE,1,2,CatBoost,6.792300831662233
3,TVAE,1,2,LightGBM,6.769473202155325
3,TVAE,1,3,RF,5.9127386931875625
3,TVAE,1,3,XGBoost,6.3139030092682145
3,TVAE,1,3,CatBoost,5.944865271471324
3,TVAE,1,3,LightGBM,6.039714911173891
3,TVAE,1,4,RF,5.651721602864553
3,TVAE,1,4,XGBoost,5.9543770634645545
3,TVAE,1,4,CatBoost,5.687833376265792
3,TVAE,1,4,LightGBM,5.72721570446755
3,TVAE,1,5,RF,5.432905547078287
3,TVAE,1,5,XGBoost,5.9969950128920475
3,TVAE,1,5,CatBoost,5.463329146202745
3,TVAE,1,5,LightGBM,5.891183651978463
3,TVAE,1,6,RF,5.393207036263293
3,TVAE,1,6,XGBoost,5.904521558327656
3,TVAE,1,6,CatBoost,5.5306214568334475
3,TVAE,1,6,LightGBM,5.891183651978463
3,TVAE,1,7,RF,5.517851529489738
3,TVAE,1,7,XGBoost,5.87382527709847
3,TVAE,1,7,CatBoost,5.584111500871058
3,TVAE,1,7,LightGBM,5.831840478926291
3,TVAE,1,8,RF,5.450699300268439
3,TVAE,1,8,XGBoost,5.671675518814517
3,TVAE,1,8,CatBoost,5.432969788930965
3,TVAE,1,8,LightGBM,5.76502174484493
3,TVAE,1,9,RF,5.432157299086912
3,TVAE,1,9,XGBoost,5.793990827608174
3,TVAE,1,9,CatBoost,5.38995390325848
3,TVAE,1,9,LightGBM,5.706008584449215
3,TVAE,1,10,RF,5.4774132438737775
3,TVAE,1,10,XGBoost,5.757089903592164
3,TVAE,1,10,CatBoost,5.369631399611568
3,TVAE,1,10,LightGBM,5.6312506768617165
3,TVAE,1,12,RF,5.410328313620394
3,TVAE,1,12,XGBoost,5.672864795261692
3,TVAE,1,12,CatBoost,5.421959253589054
3,TVAE,1,12,LightGBM,5.491043621095836
3,TVAE,1,14,RF,5.436224318113861
3,TVAE,1,14,XGBoost,5.735723975646605
3,TVAE,1,14,CatBoost,5.571767772367405
3,TVAE,1,14,LightGBM,5.788702890319696
3,TVAE,1,17,RF,5.496614736564221
3,TVAE,1,17,XGBoost,5.896649781061032
3,TVAE,1,17,CatBoost,5.506342441991491
3,TVAE,1,17,LightGBM,5.757950703132845
3,TVAE,1,19,RF,5.503886376060307
3,TVAE,1,19,XGBoost,5.788464536325923
3,TVAE,1,19,CatBoost,5.647859686665019
3,TVAE,1,19,LightGBM,5.920452946218825
3,TVAE,2,1,RF,6.834175432376952
3,TVAE,2,1,XGBoost,6.788887647920023
3,TVAE,2,1,CatBoost,7.049215104032915
3,TVAE,2,1,LightGBM,6.871903209622766
3,TVAE,2,2,RF,6.787998761422122
3,TVAE,2,2,XGBoost,6.924213215212766
3,TVAE,2,2,CatBoost,6.740748215454436
3,TVAE,2,2,LightGBM,7.00331372810969
3,TVAE,2,3,RF,5.824162672600111
3,TVAE,2,3,XGBoost,6.500729665294229
3,TVAE,2,3,CatBoost,5.652893106514234
3,TVAE,2,3,LightGBM,5.921978484807112
3,TVAE,2,4,RF,5.553744183127922
3,TVAE,2,4,XGBoost,6.05204511577418
3,TVAE,2,4,CatBoost,5.343051944255211
3,TVAE,2,4,LightGBM,5.901701000928327
3,TVAE,2,5,RF,5.358530269391329
3,TVAE,2,5,XGBoost,5.961451031786195
3,TVAE,2,5,CatBoost,5.2894104635458925
3,TVAE,2,5,LightGBM,5.843224024796247
3,TVAE,2,6,RF,5.277230349152639
3,TVAE,2,6,XGBoost,6.023648614895494
3,TVAE,2,6,CatBoost,5.186280183758448
3,TVAE,2,6,LightGBM,5.843224024796247
3,TVAE,2,7,RF,5.539669158109433
3,TVAE,2,7,XGBoost,6.053652456975813
3,TVAE,2,7,CatBoost,5.668489787427135
3,TVAE,2,7,LightGBM,5.556323565193998
3,TVAE,2,8,RF,5.442506830275275
3,TVAE,2,8,XGBoost,5.951360860864339
3,TVAE,2,8,CatBoost,5.547745514979457
3,TVAE,2,8,LightGBM,5.699548620990364
3,TVAE,2,9,RF,5.4784626639578535
3,TVAE,2,9,XGBoost,5.865555422173466
3,TVAE,2,9,CatBoost,5.474424713850943
3,TVAE,2,9,LightGBM,5.7668418240977095
3,TVAE,2,10,RF,5.474926895381524
3,TVAE,2,10,XGBoost,5.878438911767937
3,TVAE,2,10,CatBoost,5.5673350941824165
3,TVAE,2,10,LightGBM,5.815207055426251
3,TVAE,2,12,RF,5.558052302689662
3,TVAE,2,12,XGBoost,5.963604277267194
3,TVAE,2,12,CatBoost,5.475240840488975
3,TVAE,2,12,LightGBM,5.6297172665113004
3,TVAE,2,14,RF,5.594183900424375
3,TVAE,2,14,XGBoost,6.113254118182123
3,TVAE,2,14,CatBoost,5.751929229448769
3,TVAE,2,14,LightGBM,5.716842697853526
3,TVAE,2,17,RF,5.626762567605432
3,TVAE,2,17,XGBoost,5.990866432572611
3,TVAE,2,17,CatBoost,5.748647039531051
3,TVAE,2,17,LightGBM,5.694883062248219
3,TVAE,2,19,RF,5.5682622529421675
3,TVAE,2,19,XGBoost,6.039629485117086
3,TVAE,2,19,CatBoost,5.665509107536203
3,TVAE,2,19,LightGBM,5.562159295851044
3,TVAE,5,1,RF,7.1329531101619
3,TVAE,5,1,XGBoost,6.802126247252559
3,TVAE,5,1,CatBoost,7.174920054839951
3,TVAE,5,1,LightGBM,7.027223401972413
3,TVAE,5,2,RF,6.839477455460137
3,TVAE,5,2,XGBoost,6.737934793752032
3,TVAE,5,2,CatBoost,6.868832210772829
3,TVAE,5,2,LightGBM,7.111389645450447
3,TVAE,5,3,RF,6.090410404673685
3,TVAE,5,3,XGBoost,6.466551350477432
3,TVAE,5,3,CatBoost,6.005599636178352
3,TVAE,5,3,LightGBM,6.291158460382262
3,TVAE,5,4,RF,5.864538272979291
3,TVAE,5,4,XGBoost,6.123903458943982
3,TVAE,5,4,CatBoost,5.582826575556058
3,TVAE,5,4,LightGBM,5.990227267246202
3,TVAE,5,5,RF,5.643788362664814
3,TVAE,5,5,XGBoost,6.102577453291784
3,TVAE,5,5,CatBoost,5.292527974755168
3,TVAE,5,5,LightGBM,5.438553399836537
3,TVAE,5,6,RF,5.5801299522744
3,TVAE,5,6,XGBoost,6.118698785297161
3,TVAE,5,6,CatBoost,5.23446043846568
3,TVAE,5,6,LightGBM,5.438553399836537
3,TVAE,5,7,RF,5.8016867158232
3,TVAE,5,7,XGBoost,6.186756873570116
3,TVAE,5,7,CatBoost,5.658970448232804
3,TVAE,5,7,LightGBM,5.58373787810071
3,TVAE,5,8,RF,5.747565629161728
3,TVAE,5,8,XGBoost,6.051155259047126
3,TVAE,5,8,CatBoost,5.530839350514592
3,TVAE,5,8,LightGBM,5.739141779778663
3,TVAE,5,9,RF,5.773479765811001
3,TVAE,5,9,XGBoost,6.162184292687586
3,TVAE,5,9,CatBoost,5.521379694541296
3,TVAE,5,9,LightGBM,5.817700817457506
3,TVAE,5,10,RF,5.763230793496703
3,TVAE,5,10,XGBoost,6.140970558949895
3,TVAE,5,10,CatBoost,5.503762316061361
3,TVAE,5,10,LightGBM,5.699082254866866
3,TVAE,5,12,RF,5.8146433530425
3,TVAE,5,12,XGBoost,6.126698282574274
3,TVAE,5,12,CatBoost,5.423419923647415
3,TVAE,5,12,LightGBM,5.675628527459078
3,TVAE,5,14,RF,5.843548189838711
3,TVAE,5,14,XGBoost,6.1477878201658385
3,TVAE,5,14,CatBoost,5.711999858640886
3,TVAE,5,14,LightGBM,5.778480811250229
3,TVAE,5,17,RF,5.8932760683902
3,TVAE,5,17,XGBoost,6.130265655999926
3,TVAE,5,17,CatBoost,5.741844673398049
3,TVAE,5,17,LightGBM,5.729866940176014
3,TVAE,5,19,RF,5.870960611999342
3,TVAE,5,19,XGBoost,6.312830036436417
3,TVAE,5,19,CatBoost,5.807418933485485
3,TVAE,5,19,LightGBM,5.615403847108898
3,GEO-interp,1,1,RF,6.477918525283695
3,GEO-interp,1,1,XGBoost,6.187250310977028
3,GEO-interp,1,1,CatBoost,6.124600509701094
3,GEO-interp,1,1,LightGBM,6.118141703482227
3,GEO-interp,1,2,RF,5.588449843650343
3,GEO-interp,1,2,XGBoost,5.931970994407056
3,GEO-interp,1,2,CatBoost,5.890554854495942
3,GEO-interp,1,2,LightGBM,5.640029849154197
3,GEO-interp,1,3,RF,4.87063664077507
3,GEO-interp,1,3,XGBoost,5.272579984875226
3,GEO-interp,1,3,CatBoost,5.7431073273356015
3,GEO-interp,1,3,LightGBM,5.595586338459219
3,GEO-interp,1,4,RF,4.927459242622433
3,GEO-interp,1,4,XGBoost,5.316254710288461
3,GEO-interp,1,4,CatBoost,5.342996052960761
3,GEO-interp,1,4,LightGBM,5.713289941285968
3,GEO-interp,1,5,RF,5.085262362443575
3,GEO-interp,1,5,XGBoost,5.670890531742299
3,GEO-interp,1,5,CatBoost,5.435460629788644
3,GEO-interp,1,5,LightGBM,5.730607313041723
3,GEO-interp,1,6,RF,5.032514625831681
3,GEO-interp,1,6,XGBoost,5.745028591194282
3,GEO-interp,1,6,CatBoost,5.348906913462843
3,GEO-interp,1,6,LightGBM,5.7281836254462775
3,GEO-interp,1,7,RF,5.076971379654409
3,GEO-interp,1,7,XGBoost,5.489217855922506
3,GEO-interp,1,7,CatBoost,5.465144263438233
3,GEO-interp,1,7,LightGBM,5.531100426889211
3,GEO-interp,1,8,RF,5.028772614725848
3,GEO-interp,1,8,XGBoost,5.569516375723912
3,GEO-interp,1,8,CatBoost,5.325174587281126
3,GEO-interp,1,8,LightGBM,5.640126935054292
3,GEO-interp,1,9,RF,4.973844290563386
3,GEO-interp,1,9,XGBoost,5.498755340318933
3,GEO-interp,1,9,CatBoost,5.262816745408817
3,GEO-interp,1,9,LightGBM,5.589934624003757
3,GEO-interp,1,10,RF,4.975251177665146
3,GEO-interp,1,10,XGBoost,5.51763175608511
3,GEO-interp,1,10,CatBoost,5.238425392343333
3,GEO-interp,1,10,LightGBM,5.696569878297693
3,GEO-interp,1,12,RF,5.033840253501698
3,GEO-interp,1,12,XGBoost,5.3295354214154775
3,GEO-interp,1,12,CatBoost,5.305009582182603
3,GEO-interp,1,12,LightGBM,5.638771525911019
3,GEO-interp,1,14,RF,5.017229415639667
3,GEO-interp,1,14,XGBoost,5.524336124802043
3,GEO-interp,1,14,CatBoost,5.09571040180138
3,GEO-interp,1,14,LightGBM,5.237673571763298
3,GEO-interp,1,17,RF,5.065592541898744
3,GEO-interp,1,17,XGBoost,5.506214741161927
3,GEO-interp,1,17,CatBoost,5.27181570913517
3,GEO-interp,1,17,LightGBM,5.232650728770019
3,GEO-interp,1,19,RF,5.044517984581347
3,GEO-interp,1,19,XGBoost,5.540899756038923
3,GEO-interp,1,19,CatBoost,4.960167276440172
3,GEO-interp,1,19,LightGBM,5.169034856994259
3,GEO-interp,2,1,RF,6.540647070452226
3,GEO-interp,2,1,XGBoost,6.030537134265495
3,GEO-interp,2,1,CatBoost,5.909651776281681
3,GEO-interp,2,1,LightGBM,6.604032107344443
3,GEO-interp,2,2,RF,6.133498300365672
3,GEO-interp,2,2,XGBoost,6.196410868849867
3,GEO-interp,2,2,CatBoost,6.063809151055601
3,GEO-interp,2,2,LightGBM,7.048796902008477
3,GEO-interp,2,3,RF,5.130141855228613
3,GEO-interp,2,3,XGBoost,5.603107452663054
3,GEO-interp,2,3,CatBoost,5.434525572693757
3,GEO-interp,2,3,LightGBM,5.9524969701618895
3,GEO-interp,2,4,RF,5.123240059197543
3,GEO-interp,2,4,XGBoost,5.39128299970691
3,GEO-interp,2,4,CatBoost,5.263904093305051
3,GEO-interp,2,4,LightGBM,5.661269238998947
3,GEO-interp,2,5,RF,5.132309870815691
3,GEO-interp,2,5,XGBoost,5.796190851941849
3,GEO-interp,2,5,CatBoost,5.322573960907301
3,GEO-interp,2,5,LightGBM,5.623087470743931
3,GEO-interp,2,6,RF,5.108340651497262
3,GEO-interp,2,6,XGBoost,5.675667323727311
3,GEO-interp,2,6,CatBoost,5.439623523981533
3,GEO-interp,2,6,LightGBM,5.7012322041680425
3,GEO-interp,2,7,RF,5.23116084033097
3,GEO-interp,2,7,XGBoost,5.6323785504534225
3,GEO-interp,2,7,CatBoost,5.4723504991826735
3,GEO-interp,2,7,LightGBM,5.595615812524939
3,GEO-interp,2,8,RF,5.252097708595464
3,GEO-interp,2,8,XGBoost,5.546239880649861
3,GEO-interp,2,8,CatBoost,5.4400822647071525
3,GEO-interp,2,8,LightGBM,5.803143970138544
3,GEO-interp,2,9,RF,5.251225292449844
3,GEO-interp,2,9,XGBoost,5.476114890874066
3,GEO-interp,2,9,CatBoost,5.474305016113656
3,GEO-interp,2,9,LightGBM,5.8569864224826835
3,GEO-interp,2,10,RF,5.222141781446832
3,GEO-interp,2,10,XGBoost,5.5380501384902505
3,GEO-interp,2,10,CatBoost,5.503033209487922
3,GEO-interp,2,10,LightGBM,5.869965051653841
3,GEO-interp,2,12,RF,5.167459139711673
3,GEO-interp,2,12,XGBoost,5.437794100406903
3,GEO-interp,2,12,CatBoost,5.387575333654043
3,GEO-interp,2,12,LightGBM,5.605548278496029
3,GEO-interp,2,14,RF,5.185404321982014
3,GEO-interp,2,14,XGBoost,5.468026529592863
3,GEO-interp,2,14,CatBoost,5.3181195592004915
3,GEO-interp,2,14,LightGBM,5.622441526903852
3,GEO-interp,2,17,RF,5.091783387056852
3,GEO-interp,2,17,XGBoost,5.393432083798207
3,GEO-interp,2,17,CatBoost,5.229336204103583
3,GEO-interp,2,17,LightGBM,5.587571655973907
3,GEO-interp,2,19,RF,5.184516758070966
3,GEO-interp,2,19,XGBoost,5.556936551100244
3,GEO-interp,2,19,CatBoost,5.2653045416270805
3,GEO-interp,2,19,LightGBM,5.601672690372902
3,GEO-interp,5,1,RF,6.704635757183149
3,GEO-interp,5,1,XGBoost,6.532681258335689
3,GEO-interp,5,1,CatBoost,6.5004153674589205
3,GEO-interp,5,1,LightGBM,6.566740122491656
3,GEO-interp,5,2,RF,5.956356474082985
3,GEO-interp,5,2,XGBoost,6.591927445009887
3,GEO-interp,5,2,CatBoost,6.337413666705992
3,GEO-interp,5,2,LightGBM,6.749892174398943
3,GEO-interp,5,3,RF,5.354746449932691
3,GEO-interp,5,3,XGBoost,5.723735035811059
3,GEO-interp,5,3,CatBoost,5.344086195176753
3,GEO-interp,5,3,LightGBM,5.541688518302686
3,GEO-interp,5,4,RF,5.311735142778372
3,GEO-interp,5,4,XGBoost,5.321884421959531
3,GEO-interp,5,4,CatBoost,5.219429497179337
3,GEO-interp,5,4,LightGBM,5.543078249857038
3,GEO-interp,5,5,RF,5.3698071091689
3,GEO-interp,5,5,XGBoost,5.626842458176206
3,GEO-interp,5,5,CatBoost,5.119709934804418
3,GEO-interp,5,5,LightGBM,5.4793447600973835
3,GEO-interp,5,6,RF,5.390716979967006
3,GEO-interp,5,6,XGBoost,5.678319410953751
3,GEO-interp,5,6,CatBoost,5.16781227730293
3,GEO-interp,5,6,LightGBM,5.411167223477612
3,GEO-interp,5,7,RF,5.336531487054957
3,GEO-interp,5,7,XGBoost,5.586762175190577
3,GEO-interp,5,7,CatBoost,5.319992493495503
3,GEO-interp,5,7,LightGBM,5.455614530813382
3,GEO-interp,5,8,RF,5.369086067780477
3,GEO-interp,5,8,XGBoost,5.48616752833125
3,GEO-interp,5,8,CatBoost,5.505325200043572
3,GEO-interp,5,8,LightGBM,5.625854558973303
3,GEO-interp,5,9,RF,5.363881975331435
3,GEO-interp,5,9,XGBoost,5.480840929711219
3,GEO-interp,5,9,CatBoost,5.332532716589255
3,GEO-interp,5,9,LightGBM,5.850242404984691
3,GEO-interp,5,10,RF,5.430275213325752
3,GEO-interp,5,10,XGBoost,5.535015097431116
3,GEO-interp,5,10,CatBoost,5.473688934173426
3,GEO-interp,5,10,LightGBM,5.872613793931099
3,GEO-interp,5,12,RF,5.321790970964662
3,GEO-interp,5,12,XGBoost,5.443790644424925
3,GEO-interp,5,12,CatBoost,5.299047637486672
3,GEO-interp,5,12,LightGBM,5.713112891152592
3,GEO-interp,5,14,RF,5.231583205137931
3,GEO-interp,5,14,XGBoost,5.436170456664308
3,GEO-interp,5,14,CatBoost,5.1466232625375445
3,GEO-interp,5,14,LightGBM,5.500045925285714
3,GEO-interp,5,17,RF,5.296518584772503
3,GEO-interp,5,17,XGBoost,5.399661537621461
3,GEO-interp,5,17,CatBoost,5.104720583442875
3,GEO-interp,5,17,LightGBM,5.688892736302403
3,GEO-interp,5,19,RF,5.235549328638702
3,GEO-interp,5,19,XGBoost,5.497264833810649
3,GEO-interp,5,19,CatBoost,5.16901905495849
3,GEO-interp,5,19,LightGBM,5.598058217163405
3,GEO-disp,1,1,RF,6.480514562813864
3,GEO-disp,1,1,XGBoost,6.193593808589078
3,GEO-disp,1,1,CatBoost,6.081516118247167
3,GEO-disp,1,1,LightGBM,6.128389931213204
3,GEO-disp,1,2,RF,5.6166646287105095
3,GEO-disp,1,2,XGBoost,5.962788482449401
3,GEO-disp,1,2,CatBoost,5.945758716952613
3,GEO-disp,1,2,LightGBM,5.695437954999484
3,GEO-disp,1,3,RF,4.8380664696068125
3,GEO-disp,1,3,XGBoost,5.218157623924714
3,GEO-disp,1,3,CatBoost,5.682849997944574
3,GEO-disp,1,3,LightGBM,5.58796337188008
3,GEO-disp,1,4,RF,4.898431438954191
3,GEO-disp,1,4,XGBoost,5.255191446746962
3,GEO-disp,1,4,CatBoost,5.309855990572122
3,GEO-disp,1,4,LightGBM,5.720787059471822
3,GEO-disp,1,5,RF,5.0263598728543055
3,GEO-disp,1,5,XGBoost,5.688023270676745
3,GEO-disp,1,5,CatBoost,5.441052542014389
3,GEO-disp,1,5,LightGBM,5.746685793523755
3,GEO-disp,1,6,RF,5.001390557867155
3,GEO-disp,1,6,XGBoost,5.720291166372618
3,GEO-disp,1,6,CatBoost,5.409008404895009
3,GEO-disp,1,6,LightGBM,5.750703193917235
3,GEO-disp,1,7,RF,5.087131959765619
3,GEO-disp,1,7,XGBoost,5.470929713279181
3,GEO-disp,1,7,CatBoost,5.472974464862594
3,GEO-disp,1,7,LightGBM,5.601064454158186
3,GEO-disp,1,8,RF,5.0550060352022275
3,GEO-disp,1,8,XGBoost,5.587278606406819
3,GEO-disp,1,8,CatBoost,5.3790989740262445
3,GEO-disp,1,8,LightGBM,5.706483838119219
3,GEO-disp,1,9,RF,5.054373912028386
3,GEO-disp,1,9,XGBoost,5.501093546290823
3,GEO-disp,1,9,CatBoost,5.360265287254302
3,GEO-disp,1,9,LightGBM,5.698266884553408
3,GEO-disp,1,10,RF,5.047266231011105
3,GEO-disp,1,10,XGBoost,5.43843610261099
3,GEO-disp,1,10,CatBoost,5.359433961729633
3,GEO-disp,1,10,LightGBM,5.765882844253261
3,GEO-disp,1,12,RF,5.068226275775702
3,GEO-disp,1,12,XGBoost,5.266314815709955
3,GEO-disp,1,12,CatBoost,5.297531609981806
3,GEO-disp,1,12,LightGBM,5.738875520786525
3,GEO-disp,1,14,RF,5.0028171340554195
3,GEO-disp,1,14,XGBoost,5.429031359235838
3,GEO-disp,1,14,CatBoost,5.220998075774152
3,GEO-disp,1,14,LightGBM,5.261303839161384
3,GEO-disp,1,17,RF,5.037608808470121
3,GEO-disp,1,17,XGBoost,5.466214469424491
3,GEO-disp,1,17,CatBoost,5.229978629798021
3,GEO-disp,1,17,LightGBM,5.2658589486973515
3,GEO-disp,1,19,RF,5.07184070127884
3,GEO-disp,1,19,XGBoost,5.5812621382066165
3,GEO-disp,1,19,CatBoost,5.245525854227556
3,GEO-disp,1,19,LightGBM,5.193028364572901
3,GEO-disp,2,1,RF,6.553483708978901
3,GEO-disp,2,1,XGBoost,5.9848848951986255
3,GEO-disp,2,1,CatBoost,5.8585110600908
3,GEO-disp,2,1,LightGBM,6.594595898447439
3,GEO-disp,2,2,RF,6.148490005452895
3,GEO-disp,2,2,XGBoost,6.15700749629761
3,GEO-disp,2,2,CatBoost,6.190416633937396
3,GEO-disp,2,2,LightGBM,7.2006314686250885
3,GEO-disp,2,3,RF,5.07134337134176
3,GEO-disp,2,3,XGBoost,5.58122484552767
3,GEO-disp,2,3,CatBoost,5.515654231790775
3,GEO-disp,2,3,LightGBM,6.003157165828212
3,GEO-disp,2,4,RF,5.1265123212883035
3,GEO-disp,2,4,XGBoost,5.3805463170810786
3,GEO-disp,2,4,CatBoost,5.2158389639031695
3,GEO-disp,2,4,LightGBM,5.795273736416434
3,GEO-disp,2,5,RF,5.199963220808292
3,GEO-disp,2,5,XGBoost,5.841124578951063
3,GEO-disp,2,5,CatBoost,5.5043696046512105
3,GEO-disp,2,5,LightGBM,5.7965287932253835
3,GEO-disp,2,6,RF,5.167987763074476
3,GEO-disp,2,6,XGBoost,5.706844154625387
3,GEO-disp,2,6,CatBoost,5.452069625620625
3,GEO-disp,2,6,LightGBM,5.737731765759275
3,GEO-disp,2,7,RF,5.181791158432977
3,GEO-disp,2,7,XGBoost,5.663561059887492
3,GEO-disp,2,7,CatBoost,5.471501179560571
3,GEO-disp,2,7,LightGBM,5.733667393480179
3,GEO-disp,2,8,RF,5.229363925436693
3,GEO-disp,2,8,XGBoost,5.653564719348536
3,GEO-disp,2,8,CatBoost,5.7286343798261505
3,GEO-disp,2,8,LightGBM,5.895903437492283
3,GEO-disp,2,9,RF,5.1683786347153235
3,GEO-disp,2,9,XGBoost,5.604919715382721
3,GEO-disp,2,9,CatBoost,5.523912561928654
3,GEO-disp,2,9,LightGBM,5.9556468547777515
3,GEO-disp,2,10,RF,5.2354642854025935
3,GEO-disp,2,10,XGBoost,5.519983645905728
3,GEO-disp,2,10,CatBoost,5.601244353715921
3,GEO-disp,2,10,LightGBM,6.057647874593866
3,GEO-disp,2,12,RF,5.266986051457296
3,GEO-disp,2,12,XGBoost,5.563790886209702
3,GEO-disp,2,12,CatBoost,5.378364574703499
3,GEO-disp,2,12,LightGBM,5.698723790999029
3,GEO-disp,2,14,RF,5.179284716536063
3,GEO-disp,2,14,XGBoost,5.613613479757265
3,GEO-disp,2,14,CatBoost,5.256048578679573
3,GEO-disp,2,14,LightGBM,5.720184958778767
3,GEO-disp,2,17,RF,5.174893383193176
3,GEO-disp,2,17,XGBoost,5.407452709453348
3,GEO-disp,2,17,CatBoost,5.400890341941549
3,GEO-disp,2,17,LightGBM,5.616303196114296
3,GEO-disp,2,19,RF,5.159598467939109
3,GEO-disp,2,19,XGBoost,5.658237005062367
3,GEO-disp,2,19,CatBoost,5.278905306909586
3,GEO-disp,2,19,LightGBM,5.6241795329601185
3,GEO-disp,5,1,RF,6.705108425001322
3,GEO-disp,5,1,XGBoost,6.498506145968113
3,GEO-disp,5,1,CatBoost,6.424712494366528
3,GEO-disp,5,1,LightGBM,6.53191052624295
3,GEO-disp,5,2,RF,5.999671254703126
3,GEO-disp,5,2,XGBoost,6.603368695573508
3,GEO-disp,5,2,CatBoost,6.240575394899757
3,GEO-disp,5,2,LightGBM,6.821517178750303
3,GEO-disp,5,3,RF,5.351339961392668
3,GEO-disp,5,3,XGBoost,5.680283746428927
3,GEO-disp,5,3,CatBoost,5.387056872902282
3,GEO-disp,5,3,LightGBM,5.583266109254093
3,GEO-disp,5,4,RF,5.35740721037784
3,GEO-disp,5,4,XGBoost,5.325539696726914
3,GEO-disp,5,4,CatBoost,5.1793566419505055
3,GEO-disp,5,4,LightGBM,5.532211861189854
3,GEO-disp,5,5,RF,5.380042936003498
3,GEO-disp,5,5,XGBoost,5.681540798370962
3,GEO-disp,5,5,CatBoost,5.138275430355914
3,GEO-disp,5,5,LightGBM,5.518823201541244
3,GEO-disp,5,6,RF,5.39540797062086
3,GEO-disp,5,6,XGBoost,5.616944008487662
3,GEO-disp,5,6,CatBoost,5.224167442340693
3,GEO-disp,5,6,LightGBM,5.495813942832942
3,GEO-disp,5,7,RF,5.358043175439089
3,GEO-disp,5,7,XGBoost,5.505737789320214
3,GEO-disp,5,7,CatBoost,5.344416279336933
3,GEO-disp,5,7,LightGBM,5.47748988108756
3,GEO-disp,5,8,RF,5.4002431111837
3,GEO-disp,5,8,XGBoost,5.4763518659260875
3,GEO-disp,5,8,CatBoost,5.474480797697641
3,GEO-disp,5,8,LightGBM,5.697224198416437
3,GEO-disp,5,9,RF,5.406130673247843
3,GEO-disp,5,9,XGBoost,5.4328785934852455
3,GEO-disp,5,9,CatBoost,5.597785594559498
3,GEO-disp,5,9,LightGBM,5.775259260789131
3,GEO-disp,5,10,RF,5.38340621143739
3,GEO-disp,5,10,XGBoost,5.4594198867056205
3,GEO-disp,5,10,CatBoost,5.6250395398947335
3,GEO-disp,5,10,LightGBM,5.920081003183511
3,GEO-disp,5,12,RF,5.330922558207933
3,GEO-disp,5,12,XGBoost,5.408278511285689
3,GEO-disp,5,12,CatBoost,5.294143446604683
3,GEO-disp,5,12,LightGBM,5.8517982040819705
3,GEO-disp,5,14,RF,5.279039797127409
3,GEO-disp,5,14,XGBoost,5.446894579113907
3,GEO-disp,5,14,CatBoost,5.232501333325741
3,GEO-disp,5,14,LightGBM,5.642928899953024
3,GEO-disp,5,17,RF,5.232127329038641
3,GEO-disp,5,17,XGBoost,5.4103973767881035
3,GEO-disp,5,17,CatBoost,5.136529732813267
3,GEO-disp,5,17,LightGBM,5.756568541846985
3,GEO-disp,5,19,RF,5.280416490768557
3,GEO-disp,5,19,XGBoost,5.432943821786053
3,GEO-disp,5,19,CatBoost,5.171722446812309
3,GEO-disp,5,19,LightGBM,5.5850995222718405
4,aucun,0,1,RF,7.642612418092071
4,aucun,0,1,XGBoost,7.403942321059028
4,aucun,0,1,CatBoost,7.646657787870592
4,aucun,0,1,LightGBM,7.396140162677968
4,aucun,0,2,RF,7.182147955213465
4,aucun,0,2,XGBoost,7.0990409552081495
4,aucun,0,2,CatBoost,7.085776854975583
4,aucun,0,2,LightGBM,7.22946344347517
4,aucun,0,3,RF,6.1603267204734315
4,aucun,0,3,XGBoost,6.883157434468214
4,aucun,0,3,CatBoost,6.070588495788489
4,aucun,0,3,LightGBM,6.226983308377548
4,aucun,0,4,RF,6.202617111430504
4,aucun,0,4,XGBoost,6.484963175482058
4,aucun,0,4,CatBoost,5.981054568228013
4,aucun,0,4,LightGBM,6.08710200167247
4,aucun,0,5,RF,6.119536774755722
4,aucun,0,5,XGBoost,6.23762382913082
4,aucun,0,5,CatBoost,6.011074942866582
4,aucun,0,5,LightGBM,6.205417262978442
4,aucun,0,6,RF,6.129943501453455
4,aucun,0,6,XGBoost,6.267512547568142
4,aucun,0,6,CatBoost,5.949952082319036
4,aucun,0,6,LightGBM,6.205417262978442
4,aucun,0,7,RF,6.076199367605838
4,aucun,0,7,XGBoost,6.08671977205147
4,aucun,0,7,CatBoost,5.797399043634869
4,aucun,0,7,LightGBM,6.1900194145389085
4,aucun,0,8,RF,6.062745669281834
4,aucun,0,8,XGBoost,6.196376688164323
4,aucun,0,8,CatBoost,5.624294287059666
4,aucun,0,8,LightGBM,6.057323168297944
4,aucun,0,9,RF,6.092258917389736
4,aucun,0,9,XGBoost,6.116460849429192
4,aucun,0,9,CatBoost,5.642731644564488
4,aucun,0,9,LightGBM,6.0367927399017445
4,aucun,0,10,RF,6.04423999556066
4,aucun,0,10,XGBoost,6.078403667321768
4,aucun,0,10,CatBoost,5.571596984172083
4,aucun,0,10,LightGBM,6.028651564145522
4,aucun,0,12,RF,6.1885265532105445
4,aucun,0,12,XGBoost,6.118551177442422
4,aucun,0,12,CatBoost,5.729324348889911
4,aucun,0,12,LightGBM,5.958184416601762
4,aucun,0,14,RF,6.254392243464473
4,aucun,0,14,XGBoost,6.198211029886707
4,aucun,0,14,CatBoost,5.900230035829674
4,aucun,0,14,LightGBM,6.085956138650146
4,aucun,0,17,RF,6.26597092312918
4,aucun,0,17,XGBoost,6.247642861309659
4,aucun,0,17,CatBoost,5.851696800788308
4,aucun,0,17,LightGBM,6.118681540487424
4,aucun,0,19,RF,6.238731064046975
4,aucun,0,19,XGBoost,6.238147785690717
4,aucun,0,19,CatBoost,5.904301907653339
4,aucun,0,19,LightGBM,6.078378043574085
4,SMOTE-R,1,1,RF,8.529791347047746
4,SMOTE-R,1,1,XGBoost,7.986689071299204
4,SMOTE-R,1,1,CatBoost,8.019185651080416
4,SMOTE-R,1,1,LightGBM,7.93998745238815
4,SMOTE-R,1,2,RF,7.604713770992068
4,SMOTE-R,1,2,XGBoost,7.635131819568661
4,SMOTE-R,1,2,CatBoost,7.185936557507124
4,SMOTE-R,1,2,LightGBM,7.494959624400309
4,SMOTE-R,1,3,RF,6.337148792735739
4,SMOTE-R,1,3,XGBoost,7.21740468473289
4,SMOTE-R,1,3,CatBoost,6.255418955619635
4,SMOTE-R,1,3,LightGBM,6.04310459210348
4,SMOTE-R,1,4,RF,6.144997491502967
4,SMOTE-R,1,4,XGBoost,6.562319059261963
4,SMOTE-R,1,4,CatBoost,5.962240933618871
4,SMOTE-R,1,4,LightGBM,6.1179619654045565
4,SMOTE-R,1,5,RF,6.039603544562438
4,SMOTE-R,1,5,XGBoost,6.169111443971583
4,SMOTE-R,1,5,CatBoost,6.002054974575412
4,SMOTE-R,1,5,LightGBM,5.917161362026992
4,SMOTE-R,1,6,RF,6.07217821638138
4,SMOTE-R,1,6,XGBoost,6.132514572594577
4,SMOTE-R,1,6,CatBoost,6.070346868693014
4,SMOTE-R,1,6,LightGBM,5.907265191024602
4,SMOTE-R,1,7,RF,6.042561797956656
4,SMOTE-R,1,7,XGBoost,6.09307588876049
4,SMOTE-R,1,7,CatBoost,5.897863253365723
4,SMOTE-R,1,7,LightGBM,5.766973039090499
4,SMOTE-R,1,8,RF,5.950519111757989
4,SMOTE-R,1,8,XGBoost,6.3208226894603845
4,SMOTE-R,1,8,CatBoost,5.723673806736585
4,SMOTE-R,1,8,LightGBM,5.824767344857153
4,SMOTE-R,1,9,RF,5.980384892119793
4,SMOTE-R,1,9,XGBoost,6.052468235428711
4,SMOTE-R,1,9,CatBoost,5.790509281071971
4,SMOTE-R,1,9,LightGBM,5.844027603323248
4,SMOTE-R,1,10,RF,5.930759748719816
4,SMOTE-R,1,10,XGBoost,6.242079811070911
4,SMOTE-R,1,10,CatBoost,5.68705876860487
4,SMOTE-R,1,10,LightGBM,5.918109693650709
4,SMOTE-R,1,12,RF,6.025556420033667
4,SMOTE-R,1,12,XGBoost,6.242034727337143
4,SMOTE-R,1,12,CatBoost,5.786147373769552
4,SMOTE-R,1,12,LightGBM,5.819949197460563
4,SMOTE-R,1,14,RF,6.071090033296734
4,SMOTE-R,1,14,XGBoost,6.336212885784307
4,SMOTE-R,1,14,CatBoost,6.071524080912047
4,SMOTE-R,1,14,LightGBM,6.0130596879759475
4,SMOTE-R,1,17,RF,6.124410093428049
4,SMOTE-R,1,17,XGBoost,6.471132296356764
4,SMOTE-R,1,17,CatBoost,5.9233224088167775
4,SMOTE-R,1,17,LightGBM,6.130921488003901
4,SMOTE-R,1,19,RF,6.084939316969719
4,SMOTE-R,1,19,XGBoost,6.328720567319476
4,SMOTE-R,1,19,CatBoost,5.983094597116579
4,SMOTE-R,1,19,LightGBM,6.053882895292964
4,SMOTE-R,2,1,RF,9.19643111698627
4,SMOTE-R,2,1,XGBoost,8.137849088060113
4,SMOTE-R,2,1,CatBoost,8.508993129615767
4,SMOTE-R,2,1,LightGBM,8.271894748741387
4,SMOTE-R,2,2,RF,7.544994624136096
4,SMOTE-R,2,2,XGBoost,7.603285992259657
4,SMOTE-R,2,2,CatBoost,7.428155937185322
4,SMOTE-R,2,2,LightGBM,7.181986733040756
4,SMOTE-R,2,3,RF,6.40375106420786
4,SMOTE-R,2,3,XGBoost,7.261795939763987
4,SMOTE-R,2,3,CatBoost,6.403154894621542
4,SMOTE-R,2,3,LightGBM,6.134218751140352
4,SMOTE-R,2,4,RF,6.27667704414914
4,SMOTE-R,2,4,XGBoost,6.594013157303566
4,SMOTE-R,2,4,CatBoost,5.9489265439838235
4,SMOTE-R,2,4,LightGBM,6.163655072873454
4,SMOTE-R,2,5,RF,6.12026778479147
4,SMOTE-R,2,5,XGBoost,6.386919170930069
4,SMOTE-R,2,5,CatBoost,5.988988478615182
4,SMOTE-R,2,5,LightGBM,5.8492934510479015
4,SMOTE-R,2,6,RF,6.091362607572304
4,SMOTE-R,2,6,XGBoost,6.348322040316632
4,SMOTE-R,2,6,CatBoost,6.091619508659195
4,SMOTE-R,2,6,LightGBM,5.8492934510479015
4,SMOTE-R,2,7,RF,6.105520222856874
4,SMOTE-R,2,7,XGBoost,6.389933647527309
4,SMOTE-R,2,7,CatBoost,5.877861627567885
4,SMOTE-R,2,7,LightGBM,5.834683983361644
4,SMOTE-R,2,8,RF,6.019102738171299
4,SMOTE-R,2,8,XGBoost,6.298000844065643
4,SMOTE-R,2,8,CatBoost,5.765369566380385
4,SMOTE-R,2,8,LightGBM,5.808556941885737
4,SMOTE-R,2,9,RF,5.999802199734764
4,SMOTE-R,2,9,XGBoost,6.27023556161956
4,SMOTE-R,2,9,CatBoost,5.775241643731197
4,SMOTE-R,2,9,LightGBM,5.916046059525381
4,SMOTE-R,2,10,RF,5.9912182577435305
4,SMOTE-R,2,10,XGBoost,6.1979755346267895
4,SMOTE-R,2,10,CatBoost,5.706054084182146
4,SMOTE-R,2,10,LightGBM,5.78994765595524
4,SMOTE-R,2,12,RF,5.965670717599138
4,SMOTE-R,2,12,XGBoost,6.2572027325351085
4,SMOTE-R,2,12,CatBoost,5.681142104814101
4,SMOTE-R,2,12,LightGBM,5.891613006687676
4,SMOTE-R,2,14,RF,6.105413545886294
4,SMOTE-R,2,14,XGBoost,6.416793677374345
4,SMOTE-R,2,14,CatBoost,6.03217271703653
4,SMOTE-R,2,14,LightGBM,6.269994507185737
4,SMOTE-R,2,17,RF,6.068614796011215
4,SMOTE-R,2,17,XGBoost,6.455986463701778
4,SMOTE-R,2,17,CatBoost,5.858124353081863
4,SMOTE-R,2,17,LightGBM,6.287948240558864
4,SMOTE-R,2,19,RF,6.02707180906928
4,SMOTE-R,2,19,XGBoost,6.530532611768946
4,SMOTE-R,2,19,CatBoost,6.092248998175028
4,SMOTE-R,2,19,LightGBM,6.273662725431088
4,SMOTE-R,5,1,RF,8.576031745935026
4,SMOTE-R,5,1,XGBoost,8.232086661434098
4,SMOTE-R,5,1,CatBoost,7.952100536141746
4,SMOTE-R,5,1,LightGBM,8.182480511969677
4,SMOTE-R,5,2,RF,7.51753573699699
4,SMOTE-R,5,2,XGBoost,7.65702129056387
4,SMOTE-R,5,2,CatBoost,7.365192272861974
4,SMOTE-R,5,2,LightGBM,7.897451766035614
4,SMOTE-R,5,3,RF,6.299929648049843
4,SMOTE-R,5,3,XGBoost,7.184278347093314
4,SMOTE-R,5,3,CatBoost,6.381062343350169
4,SMOTE-R,5,3,LightGBM,5.876662108534139
4,SMOTE-R,5,4,RF,6.364584725494325
4,SMOTE-R,5,4,XGBoost,6.599395245054092
4,SMOTE-R,5,4,CatBoost,6.0116122433737225
4,SMOTE-R,5,4,LightGBM,6.019214693545475
4,SMOTE-R,5,5,RF,6.415495524490379
4,SMOTE-R,5,5,XGBoost,6.331062912241333
4,SMOTE-R,5,5,CatBoost,6.218632145373221
4,SMOTE-R,5,5,LightGBM,6.03628596143226
4,SMOTE-R,5,6,RF,6.360323799328968
4,SMOTE-R,5,6,XGBoost,6.354172323789587
4,SMOTE-R,5,6,CatBoost,6.229262267495542
4,SMOTE-R,5,6,LightGBM,6.067035797908974
4,SMOTE-R,5,7,RF,6.313402850919771
4,SMOTE-R,5,7,XGBoost,6.338945707878019
4,SMOTE-R,5,7,CatBoost,6.109655533057388
4,SMOTE-R,5,7,LightGBM,6.037334648524718
4,SMOTE-R,5,8,RF,6.220899718294187
4,SMOTE-R,5,8,XGBoost,6.403757535162158
4,SMOTE-R,5,8,CatBoost,5.842669326762644
4,SMOTE-R,5,8,LightGBM,5.8690260731475
4,SMOTE-R,5,9,RF,6.220253776669495
4,SMOTE-R,5,9,XGBoost,6.264659148538802
4,SMOTE-R,5,9,CatBoost,5.803418933950537
4,SMOTE-R,5,9,LightGBM,5.958986570771399
4,SMOTE-R,5,10,RF,6.218727514404741
4,SMOTE-R,5,10,XGBoost,6.492238031735503
4,SMOTE-R,5,10,CatBoost,5.748716289024063
4,SMOTE-R,5,10,LightGBM,5.92935214650123
4,SMOTE-R,5,12,RF,6.266459781925152
4,SMOTE-R,5,12,XGBoost,6.431403290414764
4,SMOTE-R,5,12,CatBoost,5.742986764708683
4,SMOTE-R,5,12,LightGBM,5.912793708596076
4,SMOTE-R,5,14,RF,6.392437156817516
4,SMOTE-R,5,14,XGBoost,6.692834243078827
4,SMOTE-R,5,14,CatBoost,6.118315895490574
4,SMOTE-R,5,14,LightGBM,6.2180744802424615
4,SMOTE-R,5,17,RF,6.473795891164321
4,SMOTE-R,5,17,XGBoost,6.748521207603971
4,SMOTE-R,5,17,CatBoost,6.175634357201495
4,SMOTE-R,5,17,LightGBM,6.031958380535651
4,SMOTE-R,5,19,RF,6.397325625217839
4,SMOTE-R,5,19,XGBoost,6.780039580611471
4,SMOTE-R,5,19,CatBoost,6.060947230315159
4,SMOTE-R,5,19,LightGBM,6.054294253233249
4,CTGAN,1,1,RF,9.180003433962842
4,CTGAN,1,1,XGBoost,9.1900246368435
4,CTGAN,1,1,CatBoost,8.824810115386041
4,CTGAN,1,1,LightGBM,8.426362207033751
4,CTGAN,1,2,RF,7.529029279167741
4,CTGAN,1,2,XGBoost,7.972459969142942
4,CTGAN,1,2,CatBoost,7.337718770772895
4,CTGAN,1,2,LightGBM,7.123021758423643
4,CTGAN,1,3,RF,6.776636410352574
4,CTGAN,1,3,XGBoost,8.027535879491733
4,CTGAN,1,3,CatBoost,7.0352195647350095
4,CTGAN,1,3,LightGBM,6.3593517726698074
4,CTGAN,1,4,RF,6.188640216960512
4,CTGAN,1,4,XGBoost,6.4278102935530885
4,CTGAN,1,4,CatBoost,6.272527469771128
4,CTGAN,1,4,LightGBM,6.452620186066449
4,CTGAN,1,5,RF,6.1960792254441595
4,CTGAN,1,5,XGBoost,6.20792607252881
4,CTGAN,1,5,CatBoost,6.2306367476472495
4,CTGAN,1,5,LightGBM,6.32853315630265
4,CTGAN,1,6,RF,6.148257923752677
4,CTGAN,1,6,XGBoost,6.069866119608819
4,CTGAN,1,6,CatBoost,6.198686307250696
4,CTGAN,1,6,LightGBM,6.32853315630265
4,CTGAN,1,7,RF,6.184401198591474
4,CTGAN,1,7,XGBoost,6.203351371748018
4,CTGAN,1,7,CatBoost,6.11268471694406
4,CTGAN,1,7,LightGBM,6.092692119781079
4,CTGAN,1,8,RF,5.978693349558228
4,CTGAN,1,8,XGBoost,6.20438766983748
4,CTGAN,1,8,CatBoost,5.697842579752812
4,CTGAN,1,8,LightGBM,5.453485784906555
4,CTGAN,1,9,RF,5.937588750302707
4,CTGAN,1,9,XGBoost,6.0784296205434805
4,CTGAN,1,9,CatBoost,5.687659668932481
4,CTGAN,1,9,LightGBM,5.4626075599657735
4,CTGAN,1,10,RF,5.946536534215144
4,CTGAN,1,10,XGBoost,5.981902036453897
4,CTGAN,1,10,CatBoost,5.568883283396111
4,CTGAN,1,10,LightGBM,5.394059718822494
4,CTGAN,1,12,RF,6.048106839239841
4,CTGAN,1,12,XGBoost,5.831706826760785
4,CTGAN,1,12,CatBoost,5.790278050019535
4,CTGAN,1,12,LightGBM,5.353633102406728
4,CTGAN,1,14,RF,6.1979713198148465
4,CTGAN,1,14,XGBoost,6.089825126526536
4,CTGAN,1,14,CatBoost,5.9670942701328045
4,CTGAN,1,14,LightGBM,5.444260764121169
4,CTGAN,1,17,RF,6.15247618906923
4,CTGAN,1,17,XGBoost,6.230956144851347
4,CTGAN,1,17,CatBoost,5.764121110125451
4,CTGAN,1,17,LightGBM,5.252703561492601
4,CTGAN,1,19,RF,6.197463259267963
4,CTGAN,1,19,XGBoost,6.011752027556776
4,CTGAN,1,19,CatBoost,5.8377641875360515
4,CTGAN,1,19,LightGBM,5.35944317899244
4,CTGAN,2,1,RF,10.418794564401088
4,CTGAN,2,1,XGBoost,9.953801407856377
4,CTGAN,2,1,CatBoost,9.615476000724673
4,CTGAN,2,1,LightGBM,9.284249863006686
4,CTGAN,2,2,RF,7.994696140176099
4,CTGAN,2,2,XGBoost,8.526660448533923
4,CTGAN,2,2,CatBoost,7.940417452452295
4,CTGAN,2,2,LightGBM,7.6315456365745105
4,CTGAN,2,3,RF,7.016708501014607
4,CTGAN,2,3,XGBoost,8.701448366997756
4,CTGAN,2,3,CatBoost,7.571724047094725
4,CTGAN,2,3,LightGBM,6.893052370121021
4,CTGAN,2,4,RF,6.413366993590386
4,CTGAN,2,4,XGBoost,6.84958319242891
4,CTGAN,2,4,CatBoost,6.419303541923119
4,CTGAN,2,4,LightGBM,6.552294114559518
4,CTGAN,2,5,RF,6.437028718308508
4,CTGAN,2,5,XGBoost,6.67781182771126
4,CTGAN,2,5,CatBoost,6.360915240652865
4,CTGAN,2,5,LightGBM,6.552505617540031
4,CTGAN,2,6,RF,6.2903054043866895
4,CTGAN,2,6,XGBoost,6.699188674817848
4,CTGAN,2,6,CatBoost,6.446745859474367
4,CTGAN,2,6,LightGBM,6.552505617540031
4,CTGAN,2,7,RF,6.266200337556618
4,CTGAN,2,7,XGBoost,6.419594532046644
4,CTGAN,2,7,CatBoost,6.115762631256453
4,CTGAN,2,7,LightGBM,6.189563856803319
4,CTGAN,2,8,RF,5.960585136013872
4,CTGAN,2,8,XGBoost,6.191062654695056
4,CTGAN,2,8,CatBoost,5.629441685906725
4,CTGAN,2,8,LightGBM,5.714980048123677
4,CTGAN,2,9,RF,5.898512719610921
4,CTGAN,2,9,XGBoost,6.129187735810517
4,CTGAN,2,9,CatBoost,5.73564254193075
4,CTGAN,2,9,LightGBM,5.730045455023989
4,CTGAN,2,10,RF,6.010603754155987
4,CTGAN,2,10,XGBoost,6.0848006395222
4,CTGAN,2,10,CatBoost,5.529257701746516
4,CTGAN,2,10,LightGBM,5.666026878495275
4,CTGAN,2,12,RF,6.056356065881784
4,CTGAN,2,12,XGBoost,6.068636298157569
4,CTGAN,2,12,CatBoost,5.931753083958584
4,CTGAN,2,12,LightGBM,5.560081654048209
4,CTGAN,2,14,RF,6.109743661510152
4,CTGAN,2,14,XGBoost,6.114266646682711
4,CTGAN,2,14,CatBoost,5.983324873972948
4,CTGAN,2,14,LightGBM,5.66292810061697
4,CTGAN,2,17,RF,6.127932692065594
4,CTGAN,2,17,XGBoost,6.299338417088166
4,CTGAN,2,17,CatBoost,5.809078388422939
4,CTGAN,2,17,LightGBM,5.535436135134008
4,CTGAN,2,19,RF,6.11881954158379
4,CTGAN,2,19,XGBoost,6.169001023454
4,CTGAN,2,19,CatBoost,6.0096925949135755
4,CTGAN,2,19,LightGBM,5.526527128481257
4,CTGAN,5,1,RF,10.742454780380703
4,CTGAN,5,1,XGBoost,10.602091444347131
4,CTGAN,5,1,CatBoost,10.274620009232322
4,CTGAN,5,1,LightGBM,10.518323787480059
4,CTGAN,5,2,RF,8.64332064611377
4,CTGAN,5,2,XGBoost,9.271225205121922
4,CTGAN,5,2,CatBoost,8.683872125946381
4,CTGAN,5,2,LightGBM,8.47841053750798
4,CTGAN,5,3,RF,7.861277523005554
4,CTGAN,5,3,XGBoost,9.420678590573893
4,CTGAN,5,3,CatBoost,8.278131558271603
4,CTGAN,5,3,LightGBM,8.138295436608947
4,CTGAN,5,4,RF,6.642172980729171
4,CTGAN,5,4,XGBoost,7.579185974006278
4,CTGAN,5,4,CatBoost,6.719341215389787
4,CTGAN,5,4,LightGBM,7.048490491465756
4,CTGAN,5,5,RF,6.4971944290005945
4,CTGAN,5,5,XGBoost,7.281548258140018
4,CTGAN,5,5,CatBoost,6.5001192102223655
4,CTGAN,5,5,LightGBM,6.560249519496796
4,CTGAN,5,6,RF,6.549259176521083
4,CTGAN,5,6,XGBoost,7.291191445316723
4,CTGAN,5,6,CatBoost,6.460811852751398
4,CTGAN,5,6,LightGBM,6.560249519496796
4,CTGAN,5,7,RF,6.576135571250238
4,CTGAN,5,7,XGBoost,7.255495931051223
4,CTGAN,5,7,CatBoost,6.390446080912079
4,CTGAN,5,7,LightGBM,6.843557000522374
4,CTGAN,5,8,RF,6.247945824255948
4,CTGAN,5,8,XGBoost,7.076305503393206
4,CTGAN,5,8,CatBoost,5.844796422973731
4,CTGAN,5,8,LightGBM,5.982274310913782
4,CTGAN,5,9,RF,6.279211949188962
4,CTGAN,5,9,XGBoost,6.967781667742649
4,CTGAN,5,9,CatBoost,5.808654659906639
4,CTGAN,5,9,LightGBM,5.762136401724738
4,CTGAN,5,10,RF,6.138318346277202
4,CTGAN,5,10,XGBoost,6.9372774512951905
4,CTGAN,5,10,CatBoost,5.748641767649548
4,CTGAN,5,10,LightGBM,5.587609012817038
4,CTGAN,5,12,RF,6.3575604894977
4,CTGAN,5,12,XGBoost,7.227529024438485
4,CTGAN,5,12,CatBoost,6.0217333465980785
4,CTGAN,5,12,LightGBM,5.570019176004752
4,CTGAN,5,14,RF,6.393511411020939
4,CTGAN,5,14,XGBoost,7.07301718307337
4,CTGAN,5,14,CatBoost,5.931936090856292
4,CTGAN,5,14,LightGBM,5.902724008623796
4,CTGAN,5,17,RF,6.431096459813209
4,CTGAN,5,17,XGBoost,7.357378786032839
4,CTGAN,5,17,CatBoost,6.088182878028741
4,CTGAN,5,17,LightGBM,5.541972929920215
4,CTGAN,5,19,RF,6.34629962900413
4,CTGAN,5,19,XGBoost,7.273590549016127
4,CTGAN,5,19,CatBoost,6.035401077529507
4,CTGAN,5,19,LightGBM,5.66289115687369
4,TVAE,1,1,RF,8.446165317238494
4,TVAE,1,1,XGBoost,8.216487533586076
4,TVAE,1,1,CatBoost,7.978274212716111
4,TVAE,1,1,LightGBM,7.78463764993192
4,TVAE,1,2,RF,7.505303339050457
4,TVAE,1,2,XGBoost,7.7666035193309755
4,TVAE,1,2,CatBoost,7.468721245645883
4,TVAE,1,2,LightGBM,7.312150241444842
4,TVAE,1,3,RF,6.568690715715426
4,TVAE,1,3,XGBoost,7.166888803657111
4,TVAE,1,3,CatBoost,6.390013918583929
4,TVAE,1,3,LightGBM,6.385152987030735
4,TVAE,1,4,RF,6.590152947080716
4,TVAE,1,4,XGBoost,6.479013458089064
4,TVAE,1,4,CatBoost,6.445217942008298
4,TVAE,1,4,LightGBM,6.4857657779991404
4,TVAE,1,5,RF,6.609624267610227
4,TVAE,1,5,XGBoost,6.691036298849503
4,TVAE,1,5,CatBoost,6.545229231367376
4,TVAE,1,5,LightGBM,6.451034459992957
4,TVAE,1,6,RF,6.576550076758181
4,TVAE,1,6,XGBoost,6.762775163473697
4,TVAE,1,6,CatBoost,6.643865999217718
4,TVAE,1,6,LightGBM,6.451034459992957
4,TVAE,1,7,RF,6.602958511298538
4,TVAE,1,7,XGBoost,6.650187736039877
4,TVAE,1,7,CatBoost,6.484758937075158
4,TVAE,1,7,LightGBM,6.809701420446067
4,TVAE,1,8,RF,6.588548707334213
4,TVAE,1,8,XGBoost,6.788553878961002
4,TVAE,1,8,CatBoost,6.374502306361261
4,TVAE,1,8,LightGBM,6.944588973982091
4,TVAE,1,9,RF,6.581448869799048
4,TVAE,1,9,XGBoost,6.724654039804968
4,TVAE,1,9,CatBoost,6.299970543735593
4,TVAE,1,9,LightGBM,6.958138321554742
4,TVAE,1,10,RF,6.51193129160704
4,TVAE,1,10,XGBoost,6.672877046926415
4,TVAE,1,10,CatBoost,6.251229158376724
4,TVAE,1,10,LightGBM,7.037322457647096
4,TVAE,1,12,RF,6.588467507535984
4,TVAE,1,12,XGBoost,6.8503566248444105
4,TVAE,1,12,CatBoost,6.396886496797655
4,TVAE,1,12,LightGBM,7.022234186681704
4,TVAE,1,14,RF,6.625498110695877
4,TVAE,1,14,XGBoost,6.6838637197067525
4,TVAE,1,14,CatBoost,6.350752314596414
4,TVAE,1,14,LightGBM,6.827830824689957
4,TVAE,1,17,RF,6.659196218683105
4,TVAE,1,17,XGBoost,6.719507231785261
4,TVAE,1,17,CatBoost,6.320452922550033
4,TVAE,1,17,LightGBM,6.750124430725035
4,TVAE,1,19,RF,6.636754336746475
4,TVAE,1,19,XGBoost,6.731131140139473
4,TVAE,1,19,CatBoost,6.426459009581055
4,TVAE,1,19,LightGBM,6.725694411988324
4,TVAE,2,1,RF,9.180400391492894
4,TVAE,2,1,XGBoost,8.310822042821197
4,TVAE,2,1,CatBoost,8.206319447860237
4,TVAE,2,1,LightGBM,8.375989911889924
4,TVAE,2,2,RF,8.042275111129982
4,TVAE,2,2,XGBoost,8.020638351803493
4,TVAE,2,2,CatBoost,7.827005756367234
4,TVAE,2,2,LightGBM,8.346104054806554
4,TVAE,2,3,RF,6.848176322521913
4,TVAE,2,3,XGBoost,7.489773110612943
4,TVAE,2,3,CatBoost,6.657187195328096
4,TVAE,2,3,LightGBM,6.822815226701047
4,TVAE,2,4,RF,6.5846817031477585
4,TVAE,2,4,XGBoost,6.704589232891496
4,TVAE,2,4,CatBoost,6.427763788224413
4,TVAE,2,4,LightGBM,6.729784968088759
4,TVAE,2,5,RF,6.683054805448301
4,TVAE,2,5,XGBoost,7.019035754010691
4,TVAE,2,5,CatBoost,6.577663826177051
4,TVAE,2,5,LightGBM,6.895551991450638
4,TVAE,2,6,RF,6.6497697038172365
4,TVAE,2,6,XGBoost,6.90528101026714
4,TVAE,2,6,CatBoost,6.536389086743907
4,TVAE,2,6,LightGBM,6.895551991450638
4,TVAE,2,7,RF,6.721322430818795
4,TVAE,2,7,XGBoost,6.7842928992038685
4,TVAE,2,7,CatBoost,6.453613242294158
4,TVAE,2,7,LightGBM,6.59926113894445
4,TVAE,2,8,RF,6.491014920985467
4,TVAE,2,8,XGBoost,6.807693493948305
4,TVAE,2,8,CatBoost,6.237145560823232
4,TVAE,2,8,LightGBM,6.904094619155642
4,TVAE,2,9,RF,6.52580913479726
4,TVAE,2,9,XGBoost,6.957767176479273
4,TVAE,2,9,CatBoost,6.102640628010628
4,TVAE,2,9,LightGBM,6.994440141494266
4,TVAE,2,10,RF,6.47326526943909
4,TVAE,2,10,XGBoost,6.772184809583926
4,TVAE,2,10,CatBoost,6.201905055021266
4,TVAE,2,10,LightGBM,6.885547038643477
4,TVAE,2,12,RF,6.556146132656455
4,TVAE,2,12,XGBoost,6.846921497864742
4,TVAE,2,12,CatBoost,6.397106965292914
4,TVAE,2,12,LightGBM,6.739633393593799
4,TVAE,2,14,RF,6.668944974546862
4,TVAE,2,14,XGBoost,6.865693526391345
4,TVAE,2,14,CatBoost,6.437781361580877
4,TVAE,2,14,LightGBM,6.725344841445481
4,TVAE,2,17,RF,6.704923371855278
4,TVAE,2,17,XGBoost,6.84365165548356
4,TVAE,2,17,CatBoost,6.510421317782279
4,TVAE,2,17,LightGBM,6.857275997445068
4,TVAE,2,19,RF,6.68817905405851
4,TVAE,2,19,XGBoost,6.763187554510759
4,TVAE,2,19,CatBoost,6.416659523745174
4,TVAE,2,19,LightGBM,6.6261335899861455
4,TVAE,5,1,RF,8.92028906890604
4,TVAE,5,1,XGBoost,8.62056825831259
4,TVAE,5,1,CatBoost,8.382285432616092
4,TVAE,5,1,LightGBM,8.3101898122985
4,TVAE,5,2,RF,8.013171757387287
4,TVAE,5,2,XGBoost,8.38240983477831
4,TVAE,5,2,CatBoost,8.065220900093118
4,TVAE,5,2,LightGBM,8.49809558008244
4,TVAE,5,3,RF,6.727238416012743
4,TVAE,5,3,XGBoost,7.780563895413515
4,TVAE,5,3,CatBoost,6.779932158538784
4,TVAE,5,3,LightGBM,6.98268280904262
4,TVAE,5,4,RF,6.51917213676517
4,TVAE,5,4,XGBoost,6.589224998533459
4,TVAE,5,4,CatBoost,6.370197516152993
4,TVAE,5,4,LightGBM,6.477815520451293
4,TVAE,5,5,RF,6.588561006820993
4,TVAE,5,5,XGBoost,6.813045574313725
4,TVAE,5,5,CatBoost,6.568475418291341
4,TVAE,5,5,LightGBM,6.495887800862642
4,TVAE,5,6,RF,6.6177015835052035
4,TVAE,5,6,XGBoost,6.7927584144633055
4,TVAE,5,6,CatBoost,6.721341632905575
4,TVAE,5,6,LightGBM,6.495887800862642
4,TVAE,5,7,RF,6.639062636636154
4,TVAE,5,7,XGBoost,6.667881202978098
4,TVAE,5,7,CatBoost,6.662554919759403
4,TVAE,5,7,LightGBM,6.362167810728113
4,TVAE,5,8,RF,6.516950167564091
4,TVAE,5,8,XGBoost,6.756603803899295
4,TVAE,5,8,CatBoost,6.433608993157157
4,TVAE,5,8,LightGBM,6.3886608794929085
4,TVAE,5,9,RF,6.519774522069216
4,TVAE,5,9,XGBoost,6.661066082816401
4,TVAE,5,9,CatBoost,6.472256655173575
4,TVAE,5,9,LightGBM,6.447173850400618
4,TVAE,5,10,RF,6.51355731970509
4,TVAE,5,10,XGBoost,6.792344983968011
4,TVAE,5,10,CatBoost,6.354274356585703
4,TVAE,5,10,LightGBM,6.559978230128606
4,TVAE,5,12,RF,6.516938073515361
4,TVAE,5,12,XGBoost,6.684852258142791
4,TVAE,5,12,CatBoost,6.377029640840012
4,TVAE,5,12,LightGBM,6.383120722117879
4,TVAE,5,14,RF,6.660383417076174
4,TVAE,5,14,XGBoost,6.679286801934213
4,TVAE,5,14,CatBoost,6.340195219302459
4,TVAE,5,14,LightGBM,6.442235417946783
4,TVAE,5,17,RF,6.545861164054518
4,TVAE,5,17,XGBoost,6.822005913125703
4,TVAE,5,17,CatBoost,6.481971274532743
4,TVAE,5,17,LightGBM,6.30456597117944
4,TVAE,5,19,RF,6.6191211257914935
4,TVAE,5,19,XGBoost,6.6047499867803054
4,TVAE,5,19,CatBoost,6.279074578335159
4,TVAE,5,19,LightGBM,6.3643792080215995
4,GEO-interp,1,1,RF,8.093263436367375
4,GEO-interp,1,1,XGBoost,7.6288728868365245
4,GEO-interp,1,1,CatBoost,8.236785956779908
4,GEO-interp,1,1,LightGBM,7.991082965788107
4,GEO-interp,1,2,RF,7.946066870245305
4,GEO-interp,1,2,XGBoost,7.820010112167658
4,GEO-interp,1,2,CatBoost,7.840298849302312
4,GEO-interp,1,2,LightGBM,8.332006594851457
4,GEO-interp,1,3,RF,6.4932426761718585
4,GEO-interp,1,3,XGBoost,7.571289377978673
4,GEO-interp,1,3,CatBoost,6.431813380480829
4,GEO-interp,1,3,LightGBM,6.457112729218209
4,GEO-interp,1,4,RF,6.513769227141255
4,GEO-interp,1,4,XGBoost,6.93192511505122
4,GEO-interp,1,4,CatBoost,6.422602737729064
4,GEO-interp,1,4,LightGBM,6.624422958701009
4,GEO-interp,1,5,RF,6.43119297549402
4,GEO-interp,1,5,XGBoost,6.645608528769059
4,GEO-interp,1,5,CatBoost,6.328422778291174
4,GEO-interp,1,5,LightGBM,6.292236748834364
4,GEO-interp,1,6,RF,6.462569344591142
4,GEO-interp,1,6,XGBoost,6.754573497858171
4,GEO-interp,1,6,CatBoost,6.200650814724741
4,GEO-interp,1,6,LightGBM,6.322724758975509
4,GEO-interp,1,7,RF,6.516534695887311
4,GEO-interp,1,7,XGBoost,6.6803302121698485
4,GEO-interp,1,7,CatBoost,6.241196240403783
4,GEO-interp,1,7,LightGBM,6.641946663983063
4,GEO-interp,1,8,RF,6.369066195255206
4,GEO-interp,1,8,XGBoost,6.676804839149801
4,GEO-interp,1,8,CatBoost,5.894721745096469
4,GEO-interp,1,8,LightGBM,6.254936755552098
4,GEO-interp,1,9,RF,6.34197176730294
4,GEO-interp,1,9,XGBoost,6.735395776076854
4,GEO-interp,1,9,CatBoost,5.826302779569978
4,GEO-interp,1,9,LightGBM,6.22766665958197
4,GEO-interp,1,10,RF,6.419024053091997
4,GEO-interp,1,10,XGBoost,6.728171645521741
4,GEO-interp,1,10,CatBoost,5.78899010492747
4,GEO-interp,1,10,LightGBM,6.092052138167795
4,GEO-interp,1,12,RF,6.425770131618103
4,GEO-interp,1,12,XGBoost,6.631329729878018
4,GEO-interp,1,12,CatBoost,5.7606865468323365
4,GEO-interp,1,12,LightGBM,5.873685370252625
4,GEO-interp,1,14,RF,6.439084175231069
4,GEO-interp,1,14,XGBoost,6.5606688035501906
4,GEO-interp,1,14,CatBoost,5.906252342939645
4,GEO-interp,1,14,LightGBM,5.897690470480176
4,GEO-interp,1,17,RF,6.386332116879482
4,GEO-interp,1,17,XGBoost,6.5598827749249
4,GEO-interp,1,17,CatBoost,5.904371791511577
4,GEO-interp,1,17,LightGBM,5.94919000374713
4,GEO-interp,1,19,RF,6.410855596155924
4,GEO-interp,1,19,XGBoost,6.5815653449056715
4,GEO-interp,1,19,CatBoost,5.94884179042946
4,GEO-interp,1,19,LightGBM,6.035766821606341
4,GEO-interp,2,1,RF,8.296246692926953
4,GEO-interp,2,1,XGBoost,7.773142334936793
4,GEO-interp,2,1,CatBoost,8.189252751863622
4,GEO-interp,2,1,LightGBM,7.769812669271109
4,GEO-interp,2,2,RF,7.642009460674898
4,GEO-interp,2,2,XGBoost,7.544233468214184
4,GEO-interp,2,2,CatBoost,7.321814332103834
4,GEO-interp,2,2,LightGBM,7.499526262789498
4,GEO-interp,2,3,RF,6.439866092746273
4,GEO-interp,2,3,XGBoost,7.432638367893604
4,GEO-interp,2,3,CatBoost,6.640921571867906
4,GEO-interp,2,3,LightGBM,6.1089222725614745
4,GEO-interp,2,4,RF,6.434941022207314
4,GEO-interp,2,4,XGBoost,7.191516703280769
4,GEO-interp,2,4,CatBoost,6.4504247369392935
4,GEO-interp,2,4,LightGBM,6.314701823343082
4,GEO-interp,2,5,RF,6.430929312504353
4,GEO-interp,2,5,XGBoost,6.74833098438656
4,GEO-interp,2,5,CatBoost,6.214773312136581
4,GEO-interp,2,5,LightGBM,6.0362615544790765
4,GEO-interp,2,6,RF,6.459919756037103
4,GEO-interp,2,6,XGBoost,6.711947859156098
4,GEO-interp,2,6,CatBoost,6.168844756332412
4,GEO-interp,2,6,LightGBM,6.0362615544790765
4,GEO-interp,2,7,RF,6.493993625225084
4,GEO-interp,2,7,XGBoost,6.79220112887592
4,GEO-interp,2,7,CatBoost,6.252174668433722
4,GEO-interp,2,7,LightGBM,6.23969687238771
4,GEO-interp,2,8,RF,6.38287204134213
4,GEO-interp,2,8,XGBoost,6.901601769037514
4,GEO-interp,2,8,CatBoost,5.774693299475898
4,GEO-interp,2,8,LightGBM,5.890831178438096
4,GEO-interp,2,9,RF,6.389693742621518
4,GEO-interp,2,9,XGBoost,6.780110742029773
4,GEO-interp,2,9,CatBoost,5.768807733868411
4,GEO-interp,2,9,LightGBM,5.978268547258516
4,GEO-interp,2,10,RF,6.315492865041593
4,GEO-interp,2,10,XGBoost,6.854202875648816
4,GEO-interp,2,10,CatBoost,5.984747833841765
4,GEO-interp,2,10,LightGBM,5.92757384374628
4,GEO-interp,2,12,RF,6.421668435444684
4,GEO-interp,2,12,XGBoost,6.691681053912605
4,GEO-interp,2,12,CatBoost,5.70754686624333
4,GEO-interp,2,12,LightGBM,5.868874755041067
4,GEO-interp,2,14,RF,6.436463472633225
4,GEO-interp,2,14,XGBoost,6.672343037481567
4,GEO-interp,2,14,CatBoost,5.83510651885906
4,GEO-interp,2,14,LightGBM,5.796367185940369
4,GEO-interp,2,17,RF,6.421397493138968
4,GEO-interp,2,17,XGBoost,6.763856347952406
4,GEO-interp,2,17,CatBoost,5.822164850484715
4,GEO-interp,2,17,LightGBM,5.7517289257680355
4,GEO-interp,2,19,RF,6.456033943495156
4,GEO-interp,2,19,XGBoost,6.62342752970287
4,GEO-interp,2,19,CatBoost,5.985022622599767
4,GEO-interp,2,19,LightGBM,5.861086315914521
4,GEO-interp,5,1,RF,8.493480296131366
4,GEO-interp,5,1,XGBoost,7.910975263427959
4,GEO-interp,5,1,CatBoost,8.335750741151395
4,GEO-interp,5,1,LightGBM,8.026072115142373
4,GEO-interp,5,2,RF,7.764903655231252
4,GEO-interp,5,2,XGBoost,7.634646655588564
4,GEO-interp,5,2,CatBoost,7.620317683329011
4,GEO-interp,5,2,LightGBM,7.693442572483694
4,GEO-interp,5,3,RF,6.483254333561006
4,GEO-interp,5,3,XGBoost,7.390965709513945
4,GEO-interp,5,3,CatBoost,6.592548184603195
4,GEO-interp,5,3,LightGBM,6.261984353443286
4,GEO-interp,5,4,RF,6.510538433491097
4,GEO-interp,5,4,XGBoost,7.204063604822196
4,GEO-interp,5,4,CatBoost,6.598365178587769
4,GEO-interp,5,4,LightGBM,6.3416556535899575
4,GEO-interp,5,5,RF,6.307865477890402
4,GEO-interp,5,5,XGBoost,6.846796709728766
4,GEO-interp,5,5,CatBoost,6.307592252154013
4,GEO-interp,5,5,LightGBM,6.251114326558138
4,GEO-interp,5,6,RF,6.440152611598846
4,GEO-interp,5,6,XGBoost,6.8296576134240805
4,GEO-interp,5,6,CatBoost,6.270564301369173
4,GEO-interp,5,6,LightGBM,6.342342985400068
4,GEO-interp,5,7,RF,6.325999035304111
4,GEO-interp,5,7,XGBoost,6.845538594617324
4,GEO-interp,5,7,CatBoost,6.447724048012087
4,GEO-interp,5,7,LightGBM,6.3383203033050455
4,GEO-interp,5,8,RF,6.117001965422908
4,GEO-interp,5,8,XGBoost,6.894896596075163
4,GEO-interp,5,8,CatBoost,5.782220964395613
4,GEO-interp,5,8,LightGBM,5.891775695875995
4,GEO-interp,5,9,RF,6.221600748684847
4,GEO-interp,5,9,XGBoost,6.801661942810821
4,GEO-interp,5,9,CatBoost,5.809877865654149
4,GEO-interp,5,9,LightGBM,5.867004339758857
4,GEO-interp,5,10,RF,6.197946031231113
4,GEO-interp,5,10,XGBoost,6.958592197135857
4,GEO-interp,5,10,CatBoost,5.7875145809175335
4,GEO-interp,5,10,LightGBM,5.9587619590676715
4,GEO-interp,5,12,RF,6.087179897464985
4,GEO-interp,5,12,XGBoost,6.882354109690406
4,GEO-interp,5,12,CatBoost,5.673332729198333
4,GEO-interp,5,12,LightGBM,5.821476027995441
4,GEO-interp,5,14,RF,6.143537828504817
4,GEO-interp,5,14,XGBoost,6.793486865264514
4,GEO-interp,5,14,CatBoost,5.737804858051397
4,GEO-interp,5,14,LightGBM,5.877405618891551
4,GEO-interp,5,17,RF,6.06563073201853
4,GEO-interp,5,17,XGBoost,6.855043516605491
4,GEO-interp,5,17,CatBoost,5.761638063453064
4,GEO-interp,5,17,LightGBM,5.959021470556528
4,GEO-interp,5,19,RF,6.100890022141929
4,GEO-interp,5,19,XGBoost,6.769194958694002
4,GEO-interp,5,19,CatBoost,5.84419749110669
4,GEO-interp,5,19,LightGBM,5.806792631925039
4,GEO-disp,1,1,RF,8.148959218499524
4,GEO-disp,1,1,XGBoost,7.655137411439302
4,GEO-disp,1,1,CatBoost,8.267748709063316
4,GEO-disp,1,1,LightGBM,8.055499948845299
4,GEO-disp,1,2,RF,8.074839272517405
4,GEO-disp,1,2,XGBoost,7.814593831034409
4,GEO-disp,1,2,CatBoost,8.04590589968854
4,GEO-disp,1,2,LightGBM,8.42725953268753
4,GEO-disp,1,3,RF,6.61064897806551
4,GEO-disp,1,3,XGBoost,7.724864934462969
4,GEO-disp,1,3,CatBoost,6.478420107597777
4,GEO-disp,1,3,LightGBM,6.779225549315009
4,GEO-disp,1,4,RF,6.654095161115128
4,GEO-disp,1,4,XGBoost,7.153036530121493
4,GEO-disp,1,4,CatBoost,6.649882671626563
4,GEO-disp,1,4,LightGBM,6.61949189283192
4,GEO-disp,1,5,RF,6.588003696156105
4,GEO-disp,1,5,XGBoost,6.995523187040246
4,GEO-disp,1,5,CatBoost,6.27159779735898
4,GEO-disp,1,5,LightGBM,6.508095386370457
4,GEO-disp,1,6,RF,6.651898242658009
4,GEO-disp,1,6,XGBoost,6.789549109770313
4,GEO-disp,1,6,CatBoost,6.311462884663264
4,GEO-disp,1,6,LightGBM,6.564154450623938
4,GEO-disp,1,7,RF,6.511844912232613
4,GEO-disp,1,7,XGBoost,6.784654599813384
4,GEO-disp,1,7,CatBoost,6.428400094695798
4,GEO-disp,1,7,LightGBM,6.673168642989467
4,GEO-disp,1,8,RF,6.517565595968531
4,GEO-disp,1,8,XGBoost,6.772877313538383
4,GEO-disp,1,8,CatBoost,5.964193230599999
4,GEO-disp,1,8,LightGBM,6.196364628744307
4,GEO-disp,1,9,RF,6.523916596096411
4,GEO-disp,1,9,XGBoost,6.8130357527867185
4,GEO-disp,1,9,CatBoost,5.942079124873941
4,GEO-disp,1,9,LightGBM,6.301949154685742
4,GEO-disp,1,10,RF,6.5489957313720195
4,GEO-disp,1,10,XGBoost,7.0376204371883455
4,GEO-disp,1,10,CatBoost,5.801722685627844
4,GEO-disp,1,10,LightGBM,6.347415669706928
4,GEO-disp,1,12,RF,6.548783579636487
4,GEO-disp,1,12,XGBoost,6.754345441000617
4,GEO-disp,1,12,CatBoost,5.7065640914138385
4,GEO-disp,1,12,LightGBM,6.1533553995061565
4,GEO-disp,1,14,RF,6.559818233779934
4,GEO-disp,1,14,XGBoost,6.659210011751178
4,GEO-disp,1,14,CatBoost,5.885795437864957
4,GEO-disp,1,14,LightGBM,5.956441031833105
4,GEO-disp,1,17,RF,6.49840595735549
4,GEO-disp,1,17,XGBoost,6.641392130747259
4,GEO-disp,1,17,CatBoost,5.7968505072612695
4,GEO-disp,1,17,LightGBM,5.965242833316241
4,GEO-disp,1,19,RF,6.560551461335645
4,GEO-disp,1,19,XGBoost,6.811303908650123
4,GEO-disp,1,19,CatBoost,5.918414743425309
4,GEO-disp,1,19,LightGBM,5.965859053131422
4,GEO-disp,2,1,RF,8.419731270396797
4,GEO-disp,2,1,XGBoost,7.8308838923656205
4,GEO-disp,2,1,CatBoost,8.18485575236396
4,GEO-disp,2,1,LightGBM,7.822439554074937
4,GEO-disp,2,2,RF,7.848533387915722
4,GEO-disp,2,2,XGBoost,7.531380412112264
4,GEO-disp,2,2,CatBoost,7.50454458114678
4,GEO-disp,2,2,LightGBM,7.563483704123072
4,GEO-disp,2,3,RF,6.586454017082773
4,GEO-disp,2,3,XGBoost,7.533300387104593
4,GEO-disp,2,3,CatBoost,6.609322575052817
4,GEO-disp,2,3,LightGBM,6.113793441926474
4,GEO-disp,2,4,RF,6.611603785655161
4,GEO-disp,2,4,XGBoost,7.233261760035797
4,GEO-disp,2,4,CatBoost,6.638455813371883
4,GEO-disp,2,4,LightGBM,6.524625922119723
4,GEO-disp,2,5,RF,6.4903119092927035
4,GEO-disp,2,5,XGBoost,6.969354886808599
4,GEO-disp,2,5,CatBoost,6.459508146282331
4,GEO-disp,2,5,LightGBM,6.333994495032143
4,GEO-disp,2,6,RF,6.564153707271727
4,GEO-disp,2,6,XGBoost,6.880572458531804
4,GEO-disp,2,6,CatBoost,6.438866054532342
4,GEO-disp,2,6,LightGBM,6.333994495032143
4,GEO-disp,2,7,RF,6.579336338207386
4,GEO-disp,2,7,XGBoost,6.914561215694435
4,GEO-disp,2,7,CatBoost,6.427724814173659
4,GEO-disp,2,7,LightGBM,6.1929600211220786
4,GEO-disp,2,8,RF,6.430050177814155
4,GEO-disp,2,8,XGBoost,6.892672322180098
4,GEO-disp,2,8,CatBoost,5.868901023661268
4,GEO-disp,2,8,LightGBM,6.08409917909239
4,GEO-disp,2,9,RF,6.453134321997121
4,GEO-disp,2,9,XGBoost,6.965862129769491
4,GEO-disp,2,9,CatBoost,6.001183624206508
4,GEO-disp,2,9,LightGBM,6.162926695152842
4,GEO-disp,2,10,RF,6.530257870784145
4,GEO-disp,2,10,XGBoost,6.980379572580137
4,GEO-disp,2,10,CatBoost,5.803457262884857
4,GEO-disp,2,10,LightGBM,5.840859626828474
4,GEO-disp,2,12,RF,6.538927069979137
4,GEO-disp,2,12,XGBoost,6.862519727853698
4,GEO-disp,2,12,CatBoost,5.77149292252715
4,GEO-disp,2,12,LightGBM,5.820312257171291
4,GEO-disp,2,14,RF,6.53971719718578
4,GEO-disp,2,14,XGBoost,6.745633877898987
4,GEO-disp,2,14,CatBoost,5.865224851360949
4,GEO-disp,2,14,LightGBM,5.8774195969797
4,GEO-disp,2,17,RF,6.521538953138214
4,GEO-disp,2,17,XGBoost,6.871062938409734
4,GEO-disp,2,17,CatBoost,5.8135490532212915
4,GEO-disp,2,17,LightGBM,5.74585135054925
4,GEO-disp,2,19,RF,6.50128085221011
4,GEO-disp,2,19,XGBoost,6.793495164660316
4,GEO-disp,2,19,CatBoost,6.000437590294976
4,GEO-disp,2,19,LightGBM,5.800615699606173
4,GEO-disp,5,1,RF,8.599354295694395
4,GEO-disp,5,1,XGBoost,7.910619082257716
4,GEO-disp,5,1,CatBoost,8.364219533983515
4,GEO-disp,5,1,LightGBM,8.106917929182773
4,GEO-disp,5,2,RF,8.08632745592324
4,GEO-disp,5,2,XGBoost,7.616391511286026
4,GEO-disp,5,2,CatBoost,7.843781776357258
4,GEO-disp,5,2,LightGBM,8.04382545594441
4,GEO-disp,5,3,RF,6.5449871381462845
4,GEO-disp,5,3,XGBoost,7.3814045470273175
4,GEO-disp,5,3,CatBoost,6.6619891112776575
4,GEO-disp,5,3,LightGBM,6.551346507412117
4,GEO-disp,5,4,RF,6.698064623274283
4,GEO-disp,5,4,XGBoost,7.291234143963946
4,GEO-disp,5,4,CatBoost,6.663485807342196
4,GEO-disp,5,4,LightGBM,6.591089630175308
4,GEO-disp,5,5,RF,6.439458453836276
4,GEO-disp,5,5,XGBoost,6.8791252306644735
4,GEO-disp,5,5,CatBoost,6.460785343005539
4,GEO-disp,5,5,LightGBM,6.553042850773985
4,GEO-disp,5,6,RF,6.473591311803438
4,GEO-disp,5,6,XGBoost,6.85070834112479
4,GEO-disp,5,6,CatBoost,6.401271614153928
4,GEO-disp,5,6,LightGBM,6.460354118482446
4,GEO-disp,5,7,RF,6.454211525612752
4,GEO-disp,5,7,XGBoost,6.860059775741382
4,GEO-disp,5,7,CatBoost,6.574315063947072
4,GEO-disp,5,7,LightGBM,6.538850372483893
4,GEO-disp,5,8,RF,6.212526270895041
4,GEO-disp,5,8,XGBoost,6.940487704272374
4,GEO-disp,5,8,CatBoost,5.885740699414883
4,GEO-disp,5,8,LightGBM,5.966335470863408
4,GEO-disp,5,9,RF,6.2038466774029635
4,GEO-disp,5,9,XGBoost,7.065164717550545
4,GEO-disp,5,9,CatBoost,5.972648500595266
4,GEO-disp,5,9,LightGBM,5.950167515387313
4,GEO-disp,5,10,RF,6.239185794675501
4,GEO-disp,5,10,XGBoost,6.965033268027013
4,GEO-disp,5,10,CatBoost,5.906998390031351
4,GEO-disp,5,10,LightGBM,5.9131592460575835
4,GEO-disp,5,12,RF,6.117994772546431
4,GEO-disp,5,12,XGBoost,6.97967284782359
4,GEO-disp,5,12,CatBoost,5.730043375767778
4,GEO-disp,5,12,LightGBM,5.676824103624201
4,GEO-disp,5,14,RF,6.112260040421881
4,GEO-disp,5,14,XGBoost,6.838555256251235
4,GEO-disp,5,14,CatBoost,5.811499300390649
4,GEO-disp,5,14,LightGBM,5.658534623343099
4,GEO-disp,5,17,RF,6.06023855571712
4,GEO-disp,5,17,XGBoost,6.845027498238463
4,GEO-disp,5,17,CatBoost,5.726934990342975
4,GEO-disp,5,17,LightGBM,5.630872337479742
4,GEO-disp,5,19,RF,6.183075136904285
4,GEO-disp,5,19,XGBoost,6.893408532715195
4,GEO-disp,5,19,CatBoost,5.703791019176191
4,GEO-disp,5,19,LightGBM,5.707482749211127
5,aucun,0,1,RF,8.236481356378341
5,aucun,0,1,XGBoost,7.868110739966767
5,aucun,0,1,CatBoost,8.12741439458934
5,aucun,0,1,LightGBM,8.223275618551083
5,aucun,0,2,RF,7.313928304572314
5,aucun,0,2,XGBoost,7.6906836081914385
5,aucun,0,2,CatBoost,7.739762345383715
5,aucun,0,2,LightGBM,7.916249778228691
5,aucun,0,3,RF,5.996795080960806
5,aucun,0,3,XGBoost,7.199328697672857
5,aucun,0,3,CatBoost,5.884846323912488
5,aucun,0,3,LightGBM,6.382983739049615
5,aucun,0,4,RF,6.089946396169193
5,aucun,0,4,XGBoost,6.201798952722592
5,aucun,0,4,CatBoost,5.86682017050097
5,aucun,0,4,LightGBM,6.218750022621807
5,aucun,0,5,RF,6.111972299760066
5,aucun,0,5,XGBoost,6.287473922845261
5,aucun,0,5,CatBoost,5.97121665006563
5,aucun,0,5,LightGBM,6.296294796576951
5,aucun,0,6,RF,6.161140351129011
5,aucun,0,6,XGBoost,6.3941246930866145
5,aucun,0,6,CatBoost,5.94449623335108
5,aucun,0,6,LightGBM,6.296294796576951
5,aucun,0,7,RF,6.220403880239599
5,aucun,0,7,XGBoost,6.047278638974725
5,aucun,0,7,CatBoost,6.048928483122446
5,aucun,0,7,LightGBM,6.158625816809094
5,aucun,0,8,RF,6.291463465597788
5,aucun,0,8,XGBoost,6.076386427681385
5,aucun,0,8,CatBoost,6.003795075861841
5,aucun,0,8,LightGBM,6.338961480299679
5,aucun,0,9,RF,6.25817529203434
5,aucun,0,9,XGBoost,6.263499832826471
5,aucun,0,9,CatBoost,6.145683897468918
5,aucun,0,9,LightGBM,6.329295052594991
5,aucun,0,10,RF,6.339663421887194
5,aucun,0,10,XGBoost,6.42267809591414
5,aucun,0,10,CatBoost,6.09551381152556
5,aucun,0,10,LightGBM,6.455466951867137
5,aucun,0,12,RF,6.36269482613574
5,aucun,0,12,XGBoost,6.277890819464912
5,aucun,0,12,CatBoost,6.265948107867915
5,aucun,0,12,LightGBM,6.726158007261207
5,aucun,0,14,RF,6.344241258798827
5,aucun,0,14,XGBoost,6.151153941751128
5,aucun,0,14,CatBoost,6.18883130737361
5,aucun,0,14,LightGBM,6.661184063282376
5,aucun,0,17,RF,6.328763614752256
5,aucun,0,17,XGBoost,6.133953227736993
5,aucun,0,17,CatBoost,6.18782466534417
5,aucun,0,17,LightGBM,6.697309080932921
5,aucun,0,19,RF,6.337340677203037
5,aucun,0,19,XGBoost,6.1931914810069255
5,aucun,0,19,CatBoost,6.059758733219536
5,aucun,0,19,LightGBM,6.672866004265623
5,SMOTE-R,1,1,RF,8.756656112000917
5,SMOTE-R,1,1,XGBoost,8.057992932404092
5,SMOTE-R,1,1,CatBoost,8.140068141813963
5,SMOTE-R,1,1,LightGBM,8.491530606318927
5,SMOTE-R,1,2,RF,7.951572783450608
5,SMOTE-R,1,2,XGBoost,7.823128666077014
5,SMOTE-R,1,2,CatBoost,7.895310636207862
5,SMOTE-R,1,2,LightGBM,8.400260806483645
5,SMOTE-R,1,3,RF,6.206512591656098
5,SMOTE-R,1,3,XGBoost,7.633754799668011
5,SMOTE-R,1,3,CatBoost,6.250948379271432
5,SMOTE-R,1,3,LightGBM,6.31166920877479
5,SMOTE-R,1,4,RF,6.177929439846957
5,SMOTE-R,1,4,XGBoost,6.417202683840587
5,SMOTE-R,1,4,CatBoost,6.091193516720331
5,SMOTE-R,1,4,LightGBM,6.525172026803471
5,SMOTE-R,1,5,RF,6.274370562658956
5,SMOTE-R,1,5,XGBoost,6.384579744330492
5,SMOTE-R,1,5,CatBoost,6.095491545206106
5,SMOTE-R,1,5,LightGBM,6.738797282692031
5,SMOTE-R,1,6,RF,6.215430165882182
5,SMOTE-R,1,6,XGBoost,6.366724078443883
5,SMOTE-R,1,6,CatBoost,6.163586811559895
5,SMOTE-R,1,6,LightGBM,6.884934618333586
5,SMOTE-R,1,7,RF,6.401570514575672
5,SMOTE-R,1,7,XGBoost,6.409403830150599
5,SMOTE-R,1,7,CatBoost,6.254819084939107
5,SMOTE-R,1,7,LightGBM,6.797344595685289
5,SMOTE-R,1,8,RF,6.557951716139541
5,SMOTE-R,1,8,XGBoost,6.492011128712858
5,SMOTE-R,1,8,CatBoost,6.219786483611516
5,SMOTE-R,1,8,LightGBM,6.760198961345561
5,SMOTE-R,1,9,RF,6.494614093380751
5,SMOTE-R,1,9,XGBoost,6.483971240839805
5,SMOTE-R,1,9,CatBoost,6.2290300881352865
5,SMOTE-R,1,9,LightGBM,6.644634349766775
5,SMOTE-R,1,10,RF,6.586019574851726
5,SMOTE-R,1,10,XGBoost,6.6387372545769
5,SMOTE-R,1,10,CatBoost,6.395103267729346
5,SMOTE-R,1,10,LightGBM,6.796688983292548
5,SMOTE-R,1,12,RF,6.581108236612878
5,SMOTE-R,1,12,XGBoost,6.592079336307096
5,SMOTE-R,1,12,CatBoost,6.471034599239897
5,SMOTE-R,1,12,LightGBM,6.955761073346135
5,SMOTE-R,1,14,RF,6.523559918091376
5,SMOTE-R,1,14,XGBoost,6.619150346920222
5,SMOTE-R,1,14,CatBoost,6.516540425041698
5,SMOTE-R,1,14,LightGBM,6.930477716146426
5,SMOTE-R,1,17,RF,6.516364702664861
5,SMOTE-R,1,17,XGBoost,6.396888847611989
5,SMOTE-R,1,17,CatBoost,6.371008736661512
5,SMOTE-R,1,17,LightGBM,6.777196481003914
5,SMOTE-R,1,19,RF,6.551962855658953
5,SMOTE-R,1,19,XGBoost,6.395190404694425
5,SMOTE-R,1,19,CatBoost,6.355488157470099
5,SMOTE-R,1,19,LightGBM,6.90894690179928
5,SMOTE-R,2,1,RF,8.801972668728224
5,SMOTE-R,2,1,XGBoost,8.185284444556007
5,SMOTE-R,2,1,CatBoost,8.400671249260862
5,SMOTE-R,2,1,LightGBM,8.539741327041023
5,SMOTE-R,2,2,RF,8.069343152621547
5,SMOTE-R,2,2,XGBoost,7.919240335164205
5,SMOTE-R,2,2,CatBoost,8.28239918051168
5,SMOTE-R,2,2,LightGBM,8.80055764067828
5,SMOTE-R,2,3,RF,6.436083935722728
5,SMOTE-R,2,3,XGBoost,7.5141726925376675
5,SMOTE-R,2,3,CatBoost,6.640226329194788
5,SMOTE-R,2,3,LightGBM,6.285074452676782
5,SMOTE-R,2,4,RF,6.389010485273487
5,SMOTE-R,2,4,XGBoost,6.509289219847208
5,SMOTE-R,2,4,CatBoost,6.268790241794967
5,SMOTE-R,2,4,LightGBM,6.455963372122153
5,SMOTE-R,2,5,RF,6.47521938569644
5,SMOTE-R,2,5,XGBoost,6.421144264915711
5,SMOTE-R,2,5,CatBoost,6.054399899102901
5,SMOTE-R,2,5,LightGBM,6.6417166243019645
5,SMOTE-R,2,6,RF,6.442091839723075
5,SMOTE-R,2,6,XGBoost,6.428896000002581
5,SMOTE-R,2,6,CatBoost,6.075600349349658
5,SMOTE-R,2,6,LightGBM,6.6417166243019645
5,SMOTE-R,2,7,RF,6.496362488331672
5,SMOTE-R,2,7,XGBoost,6.424447830757685
5,SMOTE-R,2,7,CatBoost,6.157920256610815
5,SMOTE-R,2,7,LightGBM,6.518423637581235
5,SMOTE-R,2,8,RF,6.472811601812676
5,SMOTE-R,2,8,XGBoost,6.477824326294256
5,SMOTE-R,2,8,CatBoost,6.2501006579370575
5,SMOTE-R,2,8,LightGBM,6.475407427239586
5,SMOTE-R,2,9,RF,6.570059546627339
5,SMOTE-R,2,9,XGBoost,6.437353924196804
5,SMOTE-R,2,9,CatBoost,6.314287404730169
5,SMOTE-R,2,9,LightGBM,6.45436513215596
5,SMOTE-R,2,10,RF,6.55234561383473
5,SMOTE-R,2,10,XGBoost,6.6210389075422995
5,SMOTE-R,2,10,CatBoost,6.33955436941449
5,SMOTE-R,2,10,LightGBM,6.500164273894392
5,SMOTE-R,2,12,RF,6.503034569387302
5,SMOTE-R,2,12,XGBoost,6.4077481166852035
5,SMOTE-R,2,12,CatBoost,6.435464245240213
5,SMOTE-R,2,12,LightGBM,6.5769266940929345
5,SMOTE-R,2,14,RF,6.479427325949004
5,SMOTE-R,2,14,XGBoost,6.615930691979437
5,SMOTE-R,2,14,CatBoost,6.23369594695419
5,SMOTE-R,2,14,LightGBM,6.599157068360554
5,SMOTE-R,2,17,RF,6.406805757238472
5,SMOTE-R,2,17,XGBoost,6.464652406648637
5,SMOTE-R,2,17,CatBoost,6.264194841105514
5,SMOTE-R,2,17,LightGBM,6.5865466870675125
5,SMOTE-R,2,19,RF,6.440408287310953
5,SMOTE-R,2,19,XGBoost,6.2947990064058725
5,SMOTE-R,2,19,CatBoost,6.072529931504914
5,SMOTE-R,2,19,LightGBM,6.676264305740403
5,SMOTE-R,5,1,RF,9.048678101179055
5,SMOTE-R,5,1,XGBoost,8.185544806356774
5,SMOTE-R,5,1,CatBoost,8.398037779005337
5,SMOTE-R,5,1,LightGBM,8.80225199796478
5,SMOTE-R,5,2,RF,8.41047370198973
5,SMOTE-R,5,2,XGBoost,7.937166327248034
5,SMOTE-R,5,2,CatBoost,8.216997015822884
5,SMOTE-R,5,2,LightGBM,9.068685087401745
5,SMOTE-R,5,3,RF,6.440714213356888
5,SMOTE-R,5,3,XGBoost,7.590271013526983
5,SMOTE-R,5,3,CatBoost,6.447084897879419
5,SMOTE-R,5,3,LightGBM,6.814101752497445
5,SMOTE-R,5,4,RF,6.23210279674301
5,SMOTE-R,5,4,XGBoost,6.168746960906449
5,SMOTE-R,5,4,CatBoost,6.03103915115263
5,SMOTE-R,5,4,LightGBM,6.550429301518785
5,SMOTE-R,5,5,RF,6.335773113479571
5,SMOTE-R,5,5,XGBoost,6.129434572585424
5,SMOTE-R,5,5,CatBoost,6.1050850120452385
5,SMOTE-R,5,5,LightGBM,6.534322455915184
5,SMOTE-R,5,6,RF,6.297581726970258
5,SMOTE-R,5,6,XGBoost,6.153179025742398
5,SMOTE-R,5,6,CatBoost,6.184773831074941
5,SMOTE-R,5,6,LightGBM,6.515613620248007
5,SMOTE-R,5,7,RF,6.495957559835773
5,SMOTE-R,5,7,XGBoost,6.187945330426803
5,SMOTE-R,5,7,CatBoost,6.352820716539986
5,SMOTE-R,5,7,LightGBM,6.514285949053603
5,SMOTE-R,5,8,RF,6.50454470145825
5,SMOTE-R,5,8,XGBoost,6.254303466860146
5,SMOTE-R,5,8,CatBoost,6.304035018020812
5,SMOTE-R,5,8,LightGBM,6.685480998955509
5,SMOTE-R,5,9,RF,6.526179479080617
5,SMOTE-R,5,9,XGBoost,6.192889897025446
5,SMOTE-R,5,9,CatBoost,6.311176994757516
5,SMOTE-R,5,9,LightGBM,6.726950691683737
5,SMOTE-R,5,10,RF,6.487798005835796
5,SMOTE-R,5,10,XGBoost,6.177545564931006
5,SMOTE-R,5,10,CatBoost,6.259780081073755
5,SMOTE-R,5,10,LightGBM,6.778882390203683
5,SMOTE-R,5,12,RF,6.517575776247205
5,SMOTE-R,5,12,XGBoost,6.076919713997715
5,SMOTE-R,5,12,CatBoost,6.400705119019167
5,SMOTE-R,5,12,LightGBM,6.676231192895317
5,SMOTE-R,5,14,RF,6.382641557610034
5,SMOTE-R,5,14,XGBoost,6.165245912581619
5,SMOTE-R,5,14,CatBoost,6.308377556576266
5,SMOTE-R,5,14,LightGBM,6.504540815367456
5,SMOTE-R,5,17,RF,6.41547356880198
5,SMOTE-R,5,17,XGBoost,6.071868820097168
5,SMOTE-R,5,17,CatBoost,6.270762457959046
5,SMOTE-R,5,17,LightGBM,6.653259485322537
5,SMOTE-R,5,19,RF,6.4572389845865885
5,SMOTE-R,5,19,XGBoost,6.050731002046392
5,SMOTE-R,5,19,CatBoost,6.166593949524104
5,SMOTE-R,5,19,LightGBM,6.694977769843082
5,CTGAN,1,1,RF,9.287944573132725
5,CTGAN,1,1,XGBoost,8.698622025511801
5,CTGAN,1,1,CatBoost,8.668075594315336
5,CTGAN,1,1,LightGBM,8.679435979562227
5,CTGAN,1,2,RF,7.682662130674589
5,CTGAN,1,2,XGBoost,7.853836288503995
5,CTGAN,1,2,CatBoost,7.695662749693105
5,CTGAN,1,2,LightGBM,7.996586885573916
5,CTGAN,1,3,RF,6.216491435890512
5,CTGAN,1,3,XGBoost,7.7139717708177065
5,CTGAN,1,3,CatBoost,6.174170974922743
5,CTGAN,1,3,LightGBM,6.458946708958041
5,CTGAN,1,4,RF,6.238608683658668
5,CTGAN,1,4,XGBoost,6.9190034011650186
5,CTGAN,1,4,CatBoost,5.910820401851479
5,CTGAN,1,4,LightGBM,6.302950482733351
5,CTGAN,1,5,RF,6.270981795444009
5,CTGAN,1,5,XGBoost,6.84692194749504
5,CTGAN,1,5,CatBoost,5.824021905231954
5,CTGAN,1,5,LightGBM,6.7237984754131155
5,CTGAN,1,6,RF,6.281251063603977
5,CTGAN,1,6,XGBoost,6.654939211167359
5,CTGAN,1,6,CatBoost,5.917324755480051
5,CTGAN,1,6,LightGBM,6.7237984754131155
5,CTGAN,1,7,RF,6.3081387878307025
5,CTGAN,1,7,XGBoost,6.857467421475321
5,CTGAN,1,7,CatBoost,5.792267290410467
5,CTGAN,1,7,LightGBM,6.7691519740345845
5,CTGAN,1,8,RF,6.559541869929233
5,CTGAN,1,8,XGBoost,7.061849806517008
5,CTGAN,1,8,CatBoost,6.306980173846441
5,CTGAN,1,8,LightGBM,7.309309053574503
5,CTGAN,1,9,RF,6.532751788590086
5,CTGAN,1,9,XGBoost,6.960574969260811
5,CTGAN,1,9,CatBoost,6.314941275604589
5,CTGAN,1,9,LightGBM,7.37253363960386
5,CTGAN,1,10,RF,6.6093660770349745
5,CTGAN,1,10,XGBoost,7.2726995890834205
5,CTGAN,1,10,CatBoost,6.363522775619391
5,CTGAN,1,10,LightGBM,7.530586677963896
5,CTGAN,1,12,RF,6.637255505389161
5,CTGAN,1,12,XGBoost,6.9970801622215495
5,CTGAN,1,12,CatBoost,6.7876186744587255
5,CTGAN,1,12,LightGBM,7.7332644866943365
5,CTGAN,1,14,RF,6.5725953746480625
5,CTGAN,1,14,XGBoost,7.030335663734156
5,CTGAN,1,14,CatBoost,6.547864719301208
5,CTGAN,1,14,LightGBM,7.551533935876788
5,CTGAN,1,17,RF,6.547658914766613
5,CTGAN,1,17,XGBoost,7.067921890103926
5,CTGAN,1,17,CatBoost,6.5660314577177745
5,CTGAN,1,17,LightGBM,7.489704703150613
5,CTGAN,1,19,RF,6.528211122037231
5,CTGAN,1,19,XGBoost,6.995459205588291
5,CTGAN,1,19,CatBoost,6.436114422705791
5,CTGAN,1,19,LightGBM,7.550298452797043
5,CTGAN,2,1,RF,10.886668106859965
5,CTGAN,2,1,XGBoost,9.655307196169899
5,CTGAN,2,1,CatBoost,9.691781573770498
5,CTGAN,2,1,LightGBM,9.841552313480062
5,CTGAN,2,2,RF,7.7992790929158025
5,CTGAN,2,2,XGBoost,8.109589301815397
5,CTGAN,2,2,CatBoost,7.7310851871503266
5,CTGAN,2,2,LightGBM,8.006741326359702
5,CTGAN,2,3,RF,6.323269225159248
5,CTGAN,2,3,XGBoost,7.956789207930751
5,CTGAN,2,3,CatBoost,6.381012093085047
5,CTGAN,2,3,LightGBM,6.495629302455272
5,CTGAN,2,4,RF,6.171062445520545
5,CTGAN,2,4,XGBoost,7.024598317565119
5,CTGAN,2,4,CatBoost,6.081164211446998
5,CTGAN,2,4,LightGBM,6.583233437278163
5,CTGAN,2,5,RF,6.204035330376991
5,CTGAN,2,5,XGBoost,7.123090380060281
5,CTGAN,2,5,CatBoost,5.869420472513009
5,CTGAN,2,5,LightGBM,6.764813069579935
5,CTGAN,2,6,RF,6.240191987376009
5,CTGAN,2,6,XGBoost,7.1452203606913685
5,CTGAN,2,6,CatBoost,5.915002583004142
5,CTGAN,2,6,LightGBM,6.764813069579935
5,CTGAN,2,7,RF,6.335728061128196
5,CTGAN,2,7,XGBoost,7.137638040698621
5,CTGAN,2,7,CatBoost,6.064584062714345
5,CTGAN,2,7,LightGBM,6.700190513334498
5,CTGAN,2,8,RF,6.707803459517499
5,CTGAN,2,8,XGBoost,7.34892671523651
5,CTGAN,2,8,CatBoost,6.633407695492297
5,CTGAN,2,8,LightGBM,8.05995347097811
5,CTGAN,2,9,RF,6.78830567326255
5,CTGAN,2,9,XGBoost,7.296390003900593
5,CTGAN,2,9,CatBoost,6.531043358015919
5,CTGAN,2,9,LightGBM,8.144433024913551
5,CTGAN,2,10,RF,6.963936100381946
5,CTGAN,2,10,XGBoost,7.364220000855564
5,CTGAN,2,10,CatBoost,6.6947396054328845
5,CTGAN,2,10,LightGBM,7.999225452364347
5,CTGAN,2,12,RF,6.90496108590467
5,CTGAN,2,12,XGBoost,7.11309550300009
5,CTGAN,2,12,CatBoost,7.070818892501792
5,CTGAN,2,12,LightGBM,8.105779555202547
5,CTGAN,2,14,RF,6.854184384093185
5,CTGAN,2,14,XGBoost,7.337567973504126
5,CTGAN,2,14,CatBoost,6.843901674653265
5,CTGAN,2,14,LightGBM,8.119492314951597
5,CTGAN,2,17,RF,6.626961165859369
5,CTGAN,2,17,XGBoost,7.145492754405592
5,CTGAN,2,17,CatBoost,6.536139934372191
5,CTGAN,2,17,LightGBM,7.619632728021681
5,CTGAN,2,19,RF,6.751495350656545
5,CTGAN,2,19,XGBoost,7.117380445897454
5,CTGAN,2,19,CatBoost,6.564973257790633
5,CTGAN,2,19,LightGBM,7.975213265141568
5,CTGAN,5,1,RF,10.834763278544951
5,CTGAN,5,1,XGBoost,10.026173874874724
5,CTGAN,5,1,CatBoost,9.882884987675265
5,CTGAN,5,1,LightGBM,9.964996362360575
5,CTGAN,5,2,RF,8.232229559161896
5,CTGAN,5,2,XGBoost,8.756669026598455
5,CTGAN,5,2,CatBoost,8.19765187174506
5,CTGAN,5,2,LightGBM,8.628002579816977
5,CTGAN,5,3,RF,6.900469325228427
5,CTGAN,5,3,XGBoost,8.517943517893704
5,CTGAN,5,3,CatBoost,7.409579587954134
5,CTGAN,5,3,LightGBM,7.436783161340847
5,CTGAN,5,4,RF,6.474593352862851
5,CTGAN,5,4,XGBoost,7.6738169904643385
5,CTGAN,5,4,CatBoost,6.538636697101122
5,CTGAN,5,4,LightGBM,7.138904031363993
5,CTGAN,5,5,RF,6.41959667833078
5,CTGAN,5,5,XGBoost,7.64090781067747
5,CTGAN,5,5,CatBoost,6.425473002426577
5,CTGAN,5,5,LightGBM,6.89695580344799
5,CTGAN,5,6,RF,6.437587052370672
5,CTGAN,5,6,XGBoost,7.646717089484147
5,CTGAN,5,6,CatBoost,6.497244209128518
5,CTGAN,5,6,LightGBM,6.89695580344799
5,CTGAN,5,7,RF,6.557041248470868
5,CTGAN,5,7,XGBoost,7.575551988363386
5,CTGAN,5,7,CatBoost,6.829301462064208
5,CTGAN,5,7,LightGBM,7.217192205589303
5,CTGAN,5,8,RF,7.053215431484328
5,CTGAN,5,8,XGBoost,7.581901565528752
5,CTGAN,5,8,CatBoost,6.83502412621651
5,CTGAN,5,8,LightGBM,8.148876279884364
5,CTGAN,5,9,RF,7.039615092357573
5,CTGAN,5,9,XGBoost,7.554085134434171
5,CTGAN,5,9,CatBoost,6.986396913776659
5,CTGAN,5,9,LightGBM,8.319779907041694
5,CTGAN,5,10,RF,7.044631932741993
5,CTGAN,5,10,XGBoost,7.490226661516165
5,CTGAN,5,10,CatBoost,6.92926176574804
5,CTGAN,5,10,LightGBM,8.041425697631418
5,CTGAN,5,12,RF,7.090585883111215
5,CTGAN,5,12,XGBoost,7.431139746453501
5,CTGAN,5,12,CatBoost,6.824824799747468
5,CTGAN,5,12,LightGBM,7.929187411750024
5,CTGAN,5,14,RF,6.986427277323036
5,CTGAN,5,14,XGBoost,7.416210554721934
5,CTGAN,5,14,CatBoost,7.077123820448556
5,CTGAN,5,14,LightGBM,8.006100508305211
5,CTGAN,5,17,RF,6.883559832369291
5,CTGAN,5,17,XGBoost,7.205090354827868
5,CTGAN,5,17,CatBoost,6.7686724755843715
5,CTGAN,5,17,LightGBM,7.855359672354898
5,CTGAN,5,19,RF,6.94631976504955
5,CTGAN,5,19,XGBoost,7.251422604000605
5,CTGAN,5,19,CatBoost,6.678894384718924
5,CTGAN,5,19,LightGBM,7.833423433541468
5,TVAE,1,1,RF,8.190169257396724
5,TVAE,1,1,XGBoost,7.932821622227841
5,TVAE,1,1,CatBoost,8.222049550933939
5,TVAE,1,1,LightGBM,8.352580143304657
5,TVAE,1,2,RF,7.694846901951971
5,TVAE,1,2,XGBoost,7.4683830228592045
5,TVAE,1,2,CatBoost,7.874938197333594
5,TVAE,1,2,LightGBM,8.403781699591596
5,TVAE,1,3,RF,6.226240012877386
5,TVAE,1,3,XGBoost,7.246486072874282
5,TVAE,1,3,CatBoost,6.306430879403151
5,TVAE,1,3,LightGBM,6.609177752240886
5,TVAE,1,4,RF,6.287958796936421
5,TVAE,1,4,XGBoost,6.368270695498639
5,TVAE,1,4,CatBoost,6.243635205920338
5,TVAE,1,4,LightGBM,7.005368755279279
5,TVAE,1,5,RF,6.313535037689181
5,TVAE,1,5,XGBoost,6.250085167899135
5,TVAE,1,5,CatBoost,6.2480360253992995
5,TVAE,1,5,LightGBM,7.377276732316636
5,TVAE,1,6,RF,6.281922070013238
5,TVAE,1,6,XGBoost,6.261551700439933
5,TVAE,1,6,CatBoost,6.422051062330636
5,TVAE,1,6,LightGBM,7.377276732316636
5,TVAE,1,7,RF,6.455492468364559
5,TVAE,1,7,XGBoost,6.2075477550061935
5,TVAE,1,7,CatBoost,6.349306898989753
5,TVAE,1,7,LightGBM,6.957696522510309
5,TVAE,1,8,RF,6.31909992428755
5,TVAE,1,8,XGBoost,6.218973125637241
5,TVAE,1,8,CatBoost,6.32163196074281
5,TVAE,1,8,LightGBM,7.15529503061624
5,TVAE,1,9,RF,6.434508523591278
5,TVAE,1,9,XGBoost,6.224724502746224
5,TVAE,1,9,CatBoost,6.3387279232422635
5,TVAE,1,9,LightGBM,7.137117285556887
5,TVAE,1,10,RF,6.412743556783721
5,TVAE,1,10,XGBoost,6.151798631733764
5,TVAE,1,10,CatBoost,6.3037955071632
5,TVAE,1,10,LightGBM,7.282582760802156
5,TVAE,1,12,RF,6.445164131799257
5,TVAE,1,12,XGBoost,6.078790184781083
5,TVAE,1,12,CatBoost,6.426685240176333
5,TVAE,1,12,LightGBM,6.825330418619454
5,TVAE,1,14,RF,6.345041859326293
5,TVAE,1,14,XGBoost,6.038972962262656
5,TVAE,1,14,CatBoost,6.229684221522207
5,TVAE,1,14,LightGBM,6.634462851272143
5,TVAE,1,17,RF,6.446461060594424
5,TVAE,1,17,XGBoost,5.947446783294354
5,TVAE,1,17,CatBoost,6.143957254114785
5,TVAE,1,17,LightGBM,6.578678290689266
5,TVAE,1,19,RF,6.367947997574791
5,TVAE,1,19,XGBoost,6.1017191289916175
5,TVAE,1,19,CatBoost,6.3149186928028715
5,TVAE,1,19,LightGBM,6.6796052575349965
5,TVAE,2,1,RF,9.259779123132898
5,TVAE,2,1,XGBoost,8.366178735784889
5,TVAE,2,1,CatBoost,8.55801229327899
5,TVAE,2,1,LightGBM,8.39436799964561
5,TVAE,2,2,RF,8.22994671709951
5,TVAE,2,2,XGBoost,8.0686490603584
5,TVAE,2,2,CatBoost,7.964032096664467
5,TVAE,2,2,LightGBM,8.551844252239468
5,TVAE,2,3,RF,6.407415943059167
5,TVAE,2,3,XGBoost,7.470944653003769
5,TVAE,2,3,CatBoost,6.6955849343662095
5,TVAE,2,3,LightGBM,6.530947578378937
5,TVAE,2,4,RF,6.476826103975278
5,TVAE,2,4,XGBoost,6.585690614176608
5,TVAE,2,4,CatBoost,6.332160256769753
5,TVAE,2,4,LightGBM,6.849070658843662
5,TVAE,2,5,RF,6.433874707201729
5,TVAE,2,5,XGBoost,6.360511425596565
5,TVAE,2,5,CatBoost,6.431656308618656
5,TVAE,2,5,LightGBM,7.014888200474396
5,TVAE,2,6,RF,6.400960438415223
5,TVAE,2,6,XGBoost,6.390222636486228
5,TVAE,2,6,CatBoost,6.428429914470328
5,TVAE,2,6,LightGBM,6.963713297682348
5,TVAE,2,7,RF,6.72677553097344
5,TVAE,2,7,XGBoost,6.791667133781714
5,TVAE,2,7,CatBoost,6.594521598295464
5,TVAE,2,7,LightGBM,6.842392818099121
5,TVAE,2,8,RF,6.655586951458242
5,TVAE,2,8,XGBoost,6.69498045944857
5,TVAE,2,8,CatBoost,6.660192906255119
5,TVAE,2,8,LightGBM,7.267594170131605
5,TVAE,2,9,RF,6.580174178593268
5,TVAE,2,9,XGBoost,6.740734381969662
5,TVAE,2,9,CatBoost,6.548861620585903
5,TVAE,2,9,LightGBM,7.296858050742254
5,TVAE,2,10,RF,6.530881060646887
5,TVAE,2,10,XGBoost,6.685569965799209
5,TVAE,2,10,CatBoost,6.671680438053624
5,TVAE,2,10,LightGBM,7.34021205084119
5,TVAE,2,12,RF,6.624253537576174
5,TVAE,2,12,XGBoost,6.708130657306457
5,TVAE,2,12,CatBoost,6.6202881389915875
5,TVAE,2,12,LightGBM,7.139799988570757
5,TVAE,2,14,RF,6.657529976206595
5,TVAE,2,14,XGBoost,6.58977300136863
5,TVAE,2,14,CatBoost,6.494105535829545
5,TVAE,2,14,LightGBM,7.413303369572074
5,TVAE,2,17,RF,6.511740755046554
5,TVAE,2,17,XGBoost,6.460483469534548
5,TVAE,2,17,CatBoost,6.459972537059805
5,TVAE,2,17,LightGBM,7.250283396033577
5,TVAE,2,19,RF,6.611264061358806
5,TVAE,2,19,XGBoost,6.454898660951653
5,TVAE,2,19,CatBoost,6.505333245336247
5,TVAE,2,19,LightGBM,7.382398114684497
5,TVAE,5,1,RF,9.74614259257062
5,TVAE,5,1,XGBoost,8.258240222013688
5,TVAE,5,1,CatBoost,8.302492489015263
5,TVAE,5,1,LightGBM,8.611758791164062
5,TVAE,5,2,RF,8.288993721672256
5,TVAE,5,2,XGBoost,8.052610177752383
5,TVAE,5,2,CatBoost,8.04763295379661
5,TVAE,5,2,LightGBM,8.669618526753498
5,TVAE,5,3,RF,6.548228613175801
5,TVAE,5,3,XGBoost,7.504568798404094
5,TVAE,5,3,CatBoost,6.814968774597414
5,TVAE,5,3,LightGBM,6.464907167931192
5,TVAE,5,4,RF,6.293920533672482
5,TVAE,5,4,XGBoost,6.479779671902053
5,TVAE,5,4,CatBoost,6.195820078528771
5,TVAE,5,4,LightGBM,6.2830325483996265
5,TVAE,5,5,RF,6.477134627540014
5,TVAE,5,5,XGBoost,6.28388727803103
5,TVAE,5,5,CatBoost,6.459201954803255
5,TVAE,5,5,LightGBM,6.9691251704263735
5,TVAE,5,6,RF,6.392627341911643
5,TVAE,5,6,XGBoost,6.4013951320479565
5,TVAE,5,6,CatBoost,6.392604497480328
5,TVAE,5,6,LightGBM,6.9691251704263735
5,TVAE,5,7,RF,6.595216664467913
5,TVAE,5,7,XGBoost,6.407809277449113
5,TVAE,5,7,CatBoost,6.55733900022052
5,TVAE,5,7,LightGBM,6.804219165414405
5,TVAE,5,8,RF,6.459845807979433
5,TVAE,5,8,XGBoost,6.384652328911748
5,TVAE,5,8,CatBoost,6.262541364016798
5,TVAE,5,8,LightGBM,6.6079721948145655
5,TVAE,5,9,RF,6.49634379607604
5,TVAE,5,9,XGBoost,6.328940506840156
5,TVAE,5,9,CatBoost,6.362581759034104
5,TVAE,5,9,LightGBM,6.4889544391702865
5,TVAE,5,10,RF,6.457532917592512
5,TVAE,5,10,XGBoost,6.300479149569423
5,TVAE,5,10,CatBoost,6.3052552414623975
5,TVAE,5,10,LightGBM,6.507487974992436
5,TVAE,5,12,RF,6.486944600546467
5,TVAE,5,12,XGBoost,6.258901526466524
5,TVAE,5,12,CatBoost,6.3464083594815
5,TVAE,5,12,LightGBM,6.611077757590078
5,TVAE,5,14,RF,6.406197569977137
5,TVAE,5,14,XGBoost,6.285386536669542
5,TVAE,5,14,CatBoost,6.19827716837072
5,TVAE,5,14,LightGBM,6.654728125955813
5,TVAE,5,17,RF,6.390768861524271
5,TVAE,5,17,XGBoost,6.133305200192028
5,TVAE,5,17,CatBoost,6.119612965025073
5,TVAE,5,17,LightGBM,6.6651811308126705
5,TVAE,5,19,RF,6.340839501612425
5,TVAE,5,19,XGBoost,6.293145374949776
5,TVAE,5,19,CatBoost,6.068356889005579
5,TVAE,5,19,LightGBM,6.781890088599459
5,GEO-interp,1,1,RF,8.061328681785257
5,GEO-interp,1,1,XGBoost,7.741611436228492
5,GEO-interp,1,1,CatBoost,7.83416207380776
5,GEO-interp,1,1,LightGBM,8.20652038529016
5,GEO-interp,1,2,RF,7.279552897386069
5,GEO-interp,1,2,XGBoost,7.727467086272306
5,GEO-interp,1,2,CatBoost,7.688510630978603
5,GEO-interp,1,2,LightGBM,8.077157477444308
5,GEO-interp,1,3,RF,5.784662538764819
5,GEO-interp,1,3,XGBoost,7.25592399622856
5,GEO-interp,1,3,CatBoost,5.817004448440441
5,GEO-interp,1,3,LightGBM,6.2272657742490765
5,GEO-interp,1,4,RF,5.997099552076457
5,GEO-interp,1,4,XGBoost,6.230943629222455
5,GEO-interp,1,4,CatBoost,5.87892281432163
5,GEO-interp,1,4,LightGBM,6.57636085849119
5,GEO-interp,1,5,RF,6.126219336534553
5,GEO-interp,1,5,XGBoost,6.231445265013899
5,GEO-interp,1,5,CatBoost,5.767327151982083
5,GEO-interp,1,5,LightGBM,6.687658186937893
5,GEO-interp,1,6,RF,6.147182801134281
5,GEO-interp,1,6,XGBoost,6.178941169865271
5,GEO-interp,1,6,CatBoost,5.98797453112199
5,GEO-interp,1,6,LightGBM,6.714989779566446
5,GEO-interp,1,7,RF,6.1686813995877285
5,GEO-interp,1,7,XGBoost,6.256774793533753
5,GEO-interp,1,7,CatBoost,5.902495651184094
5,GEO-interp,1,7,LightGBM,6.654418497774711
5,GEO-interp,1,8,RF,6.391788606143829
5,GEO-interp,1,8,XGBoost,6.141870646455048
5,GEO-interp,1,8,CatBoost,6.0155476539295325
5,GEO-interp,1,8,LightGBM,6.600272820998087
5,GEO-interp,1,9,RF,6.411532755064232
5,GEO-interp,1,9,XGBoost,6.3213785430168326
5,GEO-interp,1,9,CatBoost,6.032521381496702
5,GEO-interp,1,9,LightGBM,6.5131448019678
5,GEO-interp,1,10,RF,6.509233899155505
5,GEO-interp,1,10,XGBoost,6.470660584441366
5,GEO-interp,1,10,CatBoost,6.186755854825451
5,GEO-interp,1,10,LightGBM,6.683082493469088
5,GEO-interp,1,12,RF,6.485401766818648
5,GEO-interp,1,12,XGBoost,6.362639621155463
5,GEO-interp,1,12,CatBoost,6.194714973994622
5,GEO-interp,1,12,LightGBM,6.582423355405046
5,GEO-interp,1,14,RF,6.49843173211418
5,GEO-interp,1,14,XGBoost,6.376919748268602
5,GEO-interp,1,14,CatBoost,6.098879066718842
5,GEO-interp,1,14,LightGBM,6.62181536606516
5,GEO-interp,1,17,RF,6.3881930818683
5,GEO-interp,1,17,XGBoost,6.432849048604778
5,GEO-interp,1,17,CatBoost,6.033424570331317
5,GEO-interp,1,17,LightGBM,6.61601663378344
5,GEO-interp,1,19,RF,6.424803914861159
5,GEO-interp,1,19,XGBoost,6.423209005182783
5,GEO-interp,1,19,CatBoost,6.100202772192452
5,GEO-interp,1,19,LightGBM,6.592661941523536
5,GEO-interp,2,1,RF,8.950555776221155
5,GEO-interp,2,1,XGBoost,8.272763969200179
5,GEO-interp,2,1,CatBoost,8.205564727638986
5,GEO-interp,2,1,LightGBM,7.85983781630402
5,GEO-interp,2,2,RF,7.383852856278956
5,GEO-interp,2,2,XGBoost,7.6660148052663395
5,GEO-interp,2,2,CatBoost,7.496777858040993
5,GEO-interp,2,2,LightGBM,8.013294432740842
5,GEO-interp,2,3,RF,5.772454375895638
5,GEO-interp,2,3,XGBoost,7.273531146146967
5,GEO-interp,2,3,CatBoost,5.983385371167446
5,GEO-interp,2,3,LightGBM,5.867203762195595
5,GEO-interp,2,4,RF,5.9650658048623955
5,GEO-interp,2,4,XGBoost,6.168932173049195
5,GEO-interp,2,4,CatBoost,5.906769825312871
5,GEO-interp,2,4,LightGBM,6.379497591393595
5,GEO-interp,2,5,RF,5.934613320332453
5,GEO-interp,2,5,XGBoost,6.207373738405572
5,GEO-interp,2,5,CatBoost,5.8161626747895525
5,GEO-interp,2,5,LightGBM,6.251272076879415
5,GEO-interp,2,6,RF,5.993850191394009
5,GEO-interp,2,6,XGBoost,6.209787222800657
5,GEO-interp,2,6,CatBoost,5.841015356937905
5,GEO-interp,2,6,LightGBM,6.27381721465238
5,GEO-interp,2,7,RF,5.9966283924718855
5,GEO-interp,2,7,XGBoost,6.13022515002197
5,GEO-interp,2,7,CatBoost,5.98555335431004
5,GEO-interp,2,7,LightGBM,6.226894182997783
5,GEO-interp,2,8,RF,6.3645803387516375
5,GEO-interp,2,8,XGBoost,6.320136408271618
5,GEO-interp,2,8,CatBoost,6.012505414715017
5,GEO-interp,2,8,LightGBM,6.635943765894118
5,GEO-interp,2,9,RF,6.30560963557127
5,GEO-interp,2,9,XGBoost,6.410825555672276
5,GEO-interp,2,9,CatBoost,6.038912073646326
5,GEO-interp,2,9,LightGBM,6.739677843957303
5,GEO-interp,2,10,RF,6.386350637357808
5,GEO-interp,2,10,XGBoost,6.368424335702012
5,GEO-interp,2,10,CatBoost,6.030635466828674
5,GEO-interp,2,10,LightGBM,6.620451544612938
5,GEO-interp,2,12,RF,6.3489861941615064
5,GEO-interp,2,12,XGBoost,6.3783506295046575
5,GEO-interp,2,12,CatBoost,6.24420546964991
5,GEO-interp,2,12,LightGBM,6.784923288886908
5,GEO-interp,2,14,RF,6.375962955566269
5,GEO-interp,2,14,XGBoost,6.357694160753213
5,GEO-interp,2,14,CatBoost,6.190694499011617
5,GEO-interp,2,14,LightGBM,6.817746041682028
5,GEO-interp,2,17,RF,6.429291409405477
5,GEO-interp,2,17,XGBoost,6.320712810594523
5,GEO-interp,2,17,CatBoost,6.028494461285076
5,GEO-interp,2,17,LightGBM,6.8326637756687285
5,GEO-interp,2,19,RF,6.3876685340343275
5,GEO-interp,2,19,XGBoost,6.288890764200181
5,GEO-interp,2,19,CatBoost,6.109686286244316
5,GEO-interp,2,19,LightGBM,6.722148290246981
5,GEO-interp,5,1,RF,8.915008081817243
5,GEO-interp,5,1,XGBoost,7.6140560769990095
5,GEO-interp,5,1,CatBoost,8.010009667252454
5,GEO-interp,5,1,LightGBM,8.040785315618841
5,GEO-interp,5,2,RF,7.793054576321378
5,GEO-interp,5,2,XGBoost,7.588230190383386
5,GEO-interp,5,2,CatBoost,7.609964035884705
5,GEO-interp,5,2,LightGBM,7.974772305744965
5,GEO-interp,5,3,RF,5.617390386541413
5,GEO-interp,5,3,XGBoost,7.286580312129566
5,GEO-interp,5,3,CatBoost,6.133350313568936
5,GEO-interp,5,3,LightGBM,5.703790200370208
5,GEO-interp,5,4,RF,5.894094711545632
5,GEO-interp,5,4,XGBoost,6.304532790589496
5,GEO-interp,5,4,CatBoost,5.873697899052026
5,GEO-interp,5,4,LightGBM,6.01731168815978
5,GEO-interp,5,5,RF,5.928074674954303
5,GEO-interp,5,5,XGBoost,6.22569682336351
5,GEO-interp,5,5,CatBoost,5.911024245448991
5,GEO-interp,5,5,LightGBM,5.848377424351355
5,GEO-interp,5,6,RF,5.981662001601328
5,GEO-interp,5,6,XGBoost,6.285366305760177
5,GEO-interp,5,6,CatBoost,5.942642560611411
5,GEO-interp,5,6,LightGBM,5.785665767582386
5,GEO-interp,5,7,RF,5.932481692139316
5,GEO-interp,5,7,XGBoost,6.245175948047687
5,GEO-interp,5,7,CatBoost,6.041859867082516
5,GEO-interp,5,7,LightGBM,5.710097184704334
5,GEO-interp,5,8,RF,6.41473993933125
5,GEO-interp,5,8,XGBoost,6.291508272575635
5,GEO-interp,5,8,CatBoost,6.036250347909737
5,GEO-interp,5,8,LightGBM,6.55720725821872
5,GEO-interp,5,9,RF,6.504346538106165
5,GEO-interp,5,9,XGBoost,6.308801502893846
5,GEO-interp,5,9,CatBoost,6.147940442292859
5,GEO-interp,5,9,LightGBM,6.385283944423717
5,GEO-interp,5,10,RF,6.536281724703948
5,GEO-interp,5,10,XGBoost,6.499176415383234
5,GEO-interp,5,10,CatBoost,6.124527763646754
5,GEO-interp,5,10,LightGBM,6.714629170873784
5,GEO-interp,5,12,RF,6.647239709978945
5,GEO-interp,5,12,XGBoost,6.428948641641734
5,GEO-interp,5,12,CatBoost,6.233309290073689
5,GEO-interp,5,12,LightGBM,6.723977018716154
5,GEO-interp,5,14,RF,6.427168340860552
5,GEO-interp,5,14,XGBoost,6.285832540600597
5,GEO-interp,5,14,CatBoost,6.058412228932667
5,GEO-interp,5,14,LightGBM,6.286965997105097
5,GEO-interp,5,17,RF,6.498785967125294
5,GEO-interp,5,17,XGBoost,6.2765613222223635
5,GEO-interp,5,17,CatBoost,6.073867537905055
5,GEO-interp,5,17,LightGBM,6.3414265559475576
5,GEO-interp,5,19,RF,6.50405766446182
5,GEO-interp,5,19,XGBoost,6.40044132223679
5,GEO-interp,5,19,CatBoost,6.110751550825231
5,GEO-interp,5,19,LightGBM,6.295826651606702
5,GEO-disp,1,1,RF,8.112500051718804
5,GEO-disp,1,1,XGBoost,7.8859583086758285
5,GEO-disp,1,1,CatBoost,7.975660026521891
5,GEO-disp,1,1,LightGBM,8.282232682335616
5,GEO-disp,1,2,RF,7.447181041217109
5,GEO-disp,1,2,XGBoost,7.917030670436941
5,GEO-disp,1,2,CatBoost,7.956570790360477
5,GEO-disp,1,2,LightGBM,8.34857012650678
5,GEO-disp,1,3,RF,5.813037235312995
5,GEO-disp,1,3,XGBoost,7.373369224262534
5,GEO-disp,1,3,CatBoost,6.063899497105655
5,GEO-disp,1,3,LightGBM,6.187124907197067
5,GEO-disp,1,4,RF,6.052062978264722
5,GEO-disp,1,4,XGBoost,6.330051880095406
5,GEO-disp,1,4,CatBoost,6.057301865895466
5,GEO-disp,1,4,LightGBM,6.7831908670267556
5,GEO-disp,1,5,RF,6.1344282894843465
5,GEO-disp,1,5,XGBoost,6.236254971347709
5,GEO-disp,1,5,CatBoost,5.970490711207486
5,GEO-disp,1,5,LightGBM,6.645225208417168
5,GEO-disp,1,6,RF,6.240683343818257
5,GEO-disp,1,6,XGBoost,6.410527854822869
5,GEO-disp,1,6,CatBoost,6.103342061766777
5,GEO-disp,1,6,LightGBM,6.614058965083693
5,GEO-disp,1,7,RF,6.244291515346487
5,GEO-disp,1,7,XGBoost,6.294300218714829
5,GEO-disp,1,7,CatBoost,6.094119342536948
5,GEO-disp,1,7,LightGBM,6.572791850066099
5,GEO-disp,1,8,RF,6.409360775360872
5,GEO-disp,1,8,XGBoost,6.465099927169637
5,GEO-disp,1,8,CatBoost,6.229803733818562
5,GEO-disp,1,8,LightGBM,6.527644508182279
5,GEO-disp,1,9,RF,6.342725773413644
5,GEO-disp,1,9,XGBoost,6.541051032053698
5,GEO-disp,1,9,CatBoost,6.150537685682577
5,GEO-disp,1,9,LightGBM,6.5350585970552855
5,GEO-disp,1,10,RF,6.48275177959278
5,GEO-disp,1,10,XGBoost,6.581383811400631
5,GEO-disp,1,10,CatBoost,6.052289592278362
5,GEO-disp,1,10,LightGBM,6.737453280863101
5,GEO-disp,1,12,RF,6.464796326460058
5,GEO-disp,1,12,XGBoost,6.512956399013727
5,GEO-disp,1,12,CatBoost,6.199711624948321
5,GEO-disp,1,12,LightGBM,6.710175227518605
5,GEO-disp,1,14,RF,6.443809579604582
5,GEO-disp,1,14,XGBoost,6.53863709687748
5,GEO-disp,1,14,CatBoost,6.1270131288430365
5,GEO-disp,1,14,LightGBM,6.5614810672470485
5,GEO-disp,1,17,RF,6.266328161783757
5,GEO-disp,1,17,XGBoost,6.447961305071192
5,GEO-disp,1,17,CatBoost,6.299587566784697
5,GEO-disp,1,17,LightGBM,6.544818194046796
5,GEO-disp,1,19,RF,6.432195860406026
5,GEO-disp,1,19,XGBoost,6.489399497539106
5,GEO-disp,1,19,CatBoost,6.129657843191196
5,GEO-disp,1,19,LightGBM,6.61929160237928
5,GEO-disp,2,1,RF,8.954428369271351
5,GEO-disp,2,1,XGBoost,8.150895998150306
5,GEO-disp,2,1,CatBoost,8.203935504567696
5,GEO-disp,2,1,LightGBM,7.89582811077384
5,GEO-disp,2,2,RF,7.510043304051436
5,GEO-disp,2,2,XGBoost,7.75773171773871
5,GEO-disp,2,2,CatBoost,7.64361515372301
5,GEO-disp,2,2,LightGBM,8.247706234998478
5,GEO-disp,2,3,RF,5.69506685047023
5,GEO-disp,2,3,XGBoost,7.339874243084077
5,GEO-disp,2,3,CatBoost,5.928890157298884
5,GEO-disp,2,3,LightGBM,5.953151580022262
5,GEO-disp,2,4,RF,5.915539125130098
5,GEO-disp,2,4,XGBoost,6.366137867425331
5,GEO-disp,2,4,CatBoost,5.84521613822848
5,GEO-disp,2,4,LightGBM,6.409602495075191
5,GEO-disp,2,5,RF,5.827068598910098
5,GEO-disp,2,5,XGBoost,6.244163011606154
5,GEO-disp,2,5,CatBoost,5.702442947208509
5,GEO-disp,2,5,LightGBM,6.231660672602394
5,GEO-disp,2,6,RF,5.886684918892516
5,GEO-disp,2,6,XGBoost,6.245126057073589
5,GEO-disp,2,6,CatBoost,5.743837715173077
5,GEO-disp,2,6,LightGBM,6.3456773010835015
5,GEO-disp,2,7,RF,5.902293181540139
5,GEO-disp,2,7,XGBoost,6.348748001353874
5,GEO-disp,2,7,CatBoost,6.016137893009665
5,GEO-disp,2,7,LightGBM,6.332241357011332
5,GEO-disp,2,8,RF,6.1811071416081385
5,GEO-disp,2,8,XGBoost,6.394595540150877
5,GEO-disp,2,8,CatBoost,6.031919267276943
5,GEO-disp,2,8,LightGBM,6.859396078012824
5,GEO-disp,2,9,RF,6.103071334196807
5,GEO-disp,2,9,XGBoost,6.436933602208129
5,GEO-disp,2,9,CatBoost,6.054383702775911
5,GEO-disp,2,9,LightGBM,6.882075348219777
5,GEO-disp,2,10,RF,6.206558479325632
5,GEO-disp,2,10,XGBoost,6.457447701279941
5,GEO-disp,2,10,CatBoost,6.219602739008381
5,GEO-disp,2,10,LightGBM,6.92745202325592
5,GEO-disp,2,12,RF,6.242755944725977
5,GEO-disp,2,12,XGBoost,6.44493131872527
5,GEO-disp,2,12,CatBoost,6.1659439276569765
5,GEO-disp,2,12,LightGBM,6.877087853515412
5,GEO-disp,2,14,RF,6.131852053844021
5,GEO-disp,2,14,XGBoost,6.476599855213185
5,GEO-disp,2,14,CatBoost,6.066471768506384
5,GEO-disp,2,14,LightGBM,6.92365121791364
5,GEO-disp,2,17,RF,6.195730447422463
5,GEO-disp,2,17,XGBoost,6.400656391544216
5,GEO-disp,2,17,CatBoost,6.1181481296264435
5,GEO-disp,2,17,LightGBM,6.963905890944909
5,GEO-disp,2,19,RF,6.306201153285971
5,GEO-disp,2,19,XGBoost,6.527871960598004
5,GEO-disp,2,19,CatBoost,6.156962877582377
5,GEO-disp,2,19,LightGBM,6.992968350693007
5,GEO-disp,5,1,RF,8.86541817587255
5,GEO-disp,5,1,XGBoost,7.588534811922125
5,GEO-disp,5,1,CatBoost,7.9392314954760055
5,GEO-disp,5,1,LightGBM,7.983545433740628
5,GEO-disp,5,2,RF,7.923479014439492
5,GEO-disp,5,2,XGBoost,7.73219836760783
5,GEO-disp,5,2,CatBoost,7.854463628446617
5,GEO-disp,5,2,LightGBM,8.180176524313222
5,GEO-disp,5,3,RF,5.536783121501712
5,GEO-disp,5,3,XGBoost,7.409625810675129
5,GEO-disp,5,3,CatBoost,6.228285428965353
5,GEO-disp,5,3,LightGBM,5.8863494265140925
5,GEO-disp,5,4,RF,5.75986478178919
5,GEO-disp,5,4,XGBoost,6.36892866978889
5,GEO-disp,5,4,CatBoost,5.929017685691676
5,GEO-disp,5,4,LightGBM,6.1365474663496515
5,GEO-disp,5,5,RF,5.838753987067687
5,GEO-disp,5,5,XGBoost,6.252988502241704
5,GEO-disp,5,5,CatBoost,6.002240354323162
5,GEO-disp,5,5,LightGBM,5.974768544523492
5,GEO-disp,5,6,RF,5.931286373259484
5,GEO-disp,5,6,XGBoost,6.397590146703923
5,GEO-disp,5,6,CatBoost,6.132613210482769
5,GEO-disp,5,6,LightGBM,5.896013839842556
5,GEO-disp,5,7,RF,5.928646303664291
5,GEO-disp,5,7,XGBoost,6.335056545170937
5,GEO-disp,5,7,CatBoost,6.177362975621978
5,GEO-disp,5,7,LightGBM,6.149653974756866
5,GEO-disp,5,8,RF,6.3131104451544315
5,GEO-disp,5,8,XGBoost,6.348040330482347
5,GEO-disp,5,8,CatBoost,5.9783531858441
5,GEO-disp,5,8,LightGBM,6.832549169703066
5,GEO-disp,5,9,RF,6.453094622547608
5,GEO-disp,5,9,XGBoost,6.405126898294603
5,GEO-disp,5,9,CatBoost,6.035629498873537
5,GEO-disp,5,9,LightGBM,6.830782344158478
5,GEO-disp,5,10,RF,6.547890262303354
5,GEO-disp,5,10,XGBoost,6.497962685761374
5,GEO-disp,5,10,CatBoost,6.0920518356860445
5,GEO-disp,5,10,LightGBM,6.603623743179559
5,GEO-disp,5,12,RF,6.561047341886285
5,GEO-disp,5,12,XGBoost,6.370041768049229
5,GEO-disp,5,12,CatBoost,6.156999255125528
5,GEO-disp,5,12,LightGBM,6.545399522975213
5,GEO-disp,5,14,RF,6.438771249988631
5,GEO-disp,5,14,XGBoost,6.303341055389567
5,GEO-disp,5,14,CatBoost,6.118049087928878
5,GEO-disp,5,14,LightGBM,6.671995309024484
5,GEO-disp,5,17,RF,6.2856620650723
5,GEO-disp,5,17,XGBoost,6.300355260169767
5,GEO-disp,5,17,CatBoost,6.137862424429645
5,GEO-disp,5,17,LightGBM,6.590618221833749
5,GEO-disp,5,19,RF,6.351068126237688
5,GEO-disp,5,19,XGBoost,6.40211005522587
5,GEO-disp,5,19,CatBoost,6.077366056386161
5,GEO-disp,5,19,LightGBM,6.783028868401884
6,aucun,0,1,RF,8.666593215140363
6,aucun,0,1,XGBoost,8.032655327082667
6,aucun,0,1,CatBoost,8.074761165542126
6,aucun,0,1,LightGBM,7.568776770682854
6,aucun,0,2,RF,6.583942059242368
6,aucun,0,2,XGBoost,7.943614026037748
6,aucun,0,2,CatBoost,7.104829460580028
6,aucun,0,2,LightGBM,8.01021133331196
6,aucun,0,3,RF,6.148287160828272
6,aucun,0,3,XGBoost,7.154243672326755
6,aucun,0,3,CatBoost,6.197748503459039
6,aucun,0,3,LightGBM,6.859588314478717
6,aucun,0,4,RF,5.815050427912723
6,aucun,0,4,XGBoost,6.14062017034276
6,aucun,0,4,CatBoost,5.752983043802495
6,aucun,0,4,LightGBM,6.7609483081505015
6,aucun,0,5,RF,5.723388542594671
6,aucun,0,5,XGBoost,5.7086031131411366
6,aucun,0,5,CatBoost,5.655974616050746
6,aucun,0,5,LightGBM,6.294072295973816
6,aucun,0,6,RF,5.690522471484081
6,aucun,0,6,XGBoost,5.687417250557814
6,aucun,0,6,CatBoost,5.642112588583074
6,aucun,0,6,LightGBM,6.309526087989997
6,aucun,0,7,RF,5.817136033914653
6,aucun,0,7,XGBoost,5.925017625628849
6,aucun,0,7,CatBoost,5.796421851231442
6,aucun,0,7,LightGBM,6.5914330311172735
6,aucun,0,8,RF,5.7660953129816965
6,aucun,0,8,XGBoost,5.8595731721232704
6,aucun,0,8,CatBoost,5.758657023937597
6,aucun,0,8,LightGBM,6.350517751408576
6,aucun,0,9,RF,5.754512374030338
6,aucun,0,9,XGBoost,5.8704736516943745
6,aucun,0,9,CatBoost,5.776750812231288
6,aucun,0,9,LightGBM,6.421963349936281
6,aucun,0,10,RF,5.811622767334929
6,aucun,0,10,XGBoost,5.9694688326030025
6,aucun,0,10,CatBoost,5.733004514045996
6,aucun,0,10,LightGBM,6.311257375793271
6,aucun,0,12,RF,5.806749581974004
6,aucun,0,12,XGBoost,5.79284591655275
6,aucun,0,12,CatBoost,5.638009919487974
6,aucun,0,12,LightGBM,6.361755857513136
6,aucun,0,14,RF,5.799888489323126
6,aucun,0,14,XGBoost,5.7678462275053874
6,aucun,0,14,CatBoost,5.597307134553243
6,aucun,0,14,LightGBM,6.600866078861852
6,aucun,0,17,RF,5.723574735607514
6,aucun,0,17,XGBoost,5.8226777855627505
6,aucun,0,17,CatBoost,5.712426118472872
6,aucun,0,17,LightGBM,6.614904600222582
6,aucun,0,19,RF,5.775291731561811
6,aucun,0,19,XGBoost,5.791336447699593
6,aucun,0,19,CatBoost,5.676939954272507
6,aucun,0,19,LightGBM,6.57117746895337
6,SMOTE-R,1,1,RF,8.662569443991009
6,SMOTE-R,1,1,XGBoost,7.783572601711101
6,SMOTE-R,1,1,CatBoost,7.99450909412459
6,SMOTE-R,1,1,LightGBM,7.873503366481229
6,SMOTE-R,1,2,RF,6.268332428054708
6,SMOTE-R,1,2,XGBoost,7.220283954345851
6,SMOTE-R,1,2,CatBoost,6.794721375757022
6,SMOTE-R,1,2,LightGBM,6.903755158510715
6,SMOTE-R,1,3,RF,5.554849293938918
6,SMOTE-R,1,3,XGBoost,6.410963080222505
6,SMOTE-R,1,3,CatBoost,5.8853132025415915
6,SMOTE-R,1,3,LightGBM,5.822853560177546
6,SMOTE-R,1,4,RF,5.312563099658594
6,SMOTE-R,1,4,XGBoost,5.7601724473059255
6,SMOTE-R,1,4,CatBoost,5.2707456457990896
6,SMOTE-R,1,4,LightGBM,5.464589619031589
6,SMOTE-R,1,5,RF,5.215112729302284
6,SMOTE-R,1,5,XGBoost,5.3999683945064785
6,SMOTE-R,1,5,CatBoost,5.395136770414822
6,SMOTE-R,1,5,LightGBM,5.31672728477502
6,SMOTE-R,1,6,RF,5.286526217399407
6,SMOTE-R,1,6,XGBoost,5.338241518790967
6,SMOTE-R,1,6,CatBoost,5.343102368922815
6,SMOTE-R,1,6,LightGBM,5.31672728477502
6,SMOTE-R,1,7,RF,5.513854674125391
6,SMOTE-R,1,7,XGBoost,5.985616061946959
6,SMOTE-R,1,7,CatBoost,5.673200078200851
6,SMOTE-R,1,7,LightGBM,5.663187690307241
6,SMOTE-R,1,8,RF,5.51187487140562
6,SMOTE-R,1,8,XGBoost,5.767473445738835
6,SMOTE-R,1,8,CatBoost,5.6544217985510805
6,SMOTE-R,1,8,LightGBM,5.687387875497074
6,SMOTE-R,1,9,RF,5.489709088983049
6,SMOTE-R,1,9,XGBoost,5.853781960767508
6,SMOTE-R,1,9,CatBoost,5.66669151381488
6,SMOTE-R,1,9,LightGBM,5.803442789356242
6,SMOTE-R,1,10,RF,5.546749785724706
6,SMOTE-R,1,10,XGBoost,5.757306290388665
6,SMOTE-R,1,10,CatBoost,5.628587644306716
6,SMOTE-R,1,10,LightGBM,5.780629890536953
6,SMOTE-R,1,12,RF,5.5208939474336125
6,SMOTE-R,1,12,XGBoost,5.742968951944822
6,SMOTE-R,1,12,CatBoost,5.566640628265134
6,SMOTE-R,1,12,LightGBM,5.591635756418857
6,SMOTE-R,1,14,RF,5.48441362110708
6,SMOTE-R,1,14,XGBoost,5.652452878631246
6,SMOTE-R,1,14,CatBoost,5.513263700486743
6,SMOTE-R,1,14,LightGBM,5.587233422992738
6,SMOTE-R,1,17,RF,5.517612840932078
6,SMOTE-R,1,17,XGBoost,5.669632114778011
6,SMOTE-R,1,17,CatBoost,5.529306131313817
6,SMOTE-R,1,17,LightGBM,5.569452254482705
6,SMOTE-R,1,19,RF,5.5593642646639125
6,SMOTE-R,1,19,XGBoost,5.744949229917759
6,SMOTE-R,1,19,CatBoost,5.749033665620022
6,SMOTE-R,1,19,LightGBM,5.641249801623295
6,SMOTE-R,2,1,RF,8.962620431406526
6,SMOTE-R,2,1,XGBoost,8.224997656448851
6,SMOTE-R,2,1,CatBoost,7.9284829106042105
6,SMOTE-R,2,1,LightGBM,8.266720318087676
6,SMOTE-R,2,2,RF,6.3099087521397
6,SMOTE-R,2,2,XGBoost,7.509855505797089
6,SMOTE-R,2,2,CatBoost,6.633005496583297
6,SMOTE-R,2,2,LightGBM,6.848429501749775
6,SMOTE-R,2,3,RF,5.709606681973188
6,SMOTE-R,2,3,XGBoost,6.6954068814685845
6,SMOTE-R,2,3,CatBoost,5.739802230803641
6,SMOTE-R,2,3,LightGBM,5.24436651061559
6,SMOTE-R,2,4,RF,5.432247598953736
6,SMOTE-R,2,4,XGBoost,6.039384576072797
6,SMOTE-R,2,4,CatBoost,5.372125195423831
6,SMOTE-R,2,4,LightGBM,5.346288139921283
6,SMOTE-R,2,5,RF,5.222701384573196
6,SMOTE-R,2,5,XGBoost,5.526560544066155
6,SMOTE-R,2,5,CatBoost,4.994051394069953
6,SMOTE-R,2,5,LightGBM,5.065432883712964
6,SMOTE-R,2,6,RF,5.243996322800241
6,SMOTE-R,2,6,XGBoost,5.631267490511342
6,SMOTE-R,2,6,CatBoost,5.037474640812406
6,SMOTE-R,2,6,LightGBM,5.065432883712964
6,SMOTE-R,2,7,RF,5.496605257072241
6,SMOTE-R,2,7,XGBoost,5.8140766274263225
6,SMOTE-R,2,7,CatBoost,5.711459454736965
6,SMOTE-R,2,7,LightGBM,5.446812476973556
6,SMOTE-R,2,8,RF,5.463103626859952
6,SMOTE-R,2,8,XGBoost,5.811981490188597
6,SMOTE-R,2,8,CatBoost,5.532567624339339
6,SMOTE-R,2,8,LightGBM,5.423120810094886
6,SMOTE-R,2,9,RF,5.48178425879222
6,SMOTE-R,2,9,XGBoost,5.735427913385337
6,SMOTE-R,2,9,CatBoost,5.537184907728547
6,SMOTE-R,2,9,LightGBM,5.537215941712306
6,SMOTE-R,2,10,RF,5.467935992253183
6,SMOTE-R,2,10,XGBoost,5.764659546594951
6,SMOTE-R,2,10,CatBoost,5.625533441376117
6,SMOTE-R,2,10,LightGBM,5.503942969057994
6,SMOTE-R,2,12,RF,5.501452653079096
6,SMOTE-R,2,12,XGBoost,5.5799134609347725
6,SMOTE-R,2,12,CatBoost,5.403094688568671
6,SMOTE-R,2,12,LightGBM,5.614563291829031
6,SMOTE-R,2,14,RF,5.4014964275883
6,SMOTE-R,2,14,XGBoost,5.523145021047601
6,SMOTE-R,2,14,CatBoost,5.630223958160068
6,SMOTE-R,2,14,LightGBM,5.357582723398142
6,SMOTE-R,2,17,RF,5.485806566504809
6,SMOTE-R,2,17,XGBoost,5.614092093736579
6,SMOTE-R,2,17,CatBoost,5.509068050026397
6,SMOTE-R,2,17,LightGBM,5.525093055010899
6,SMOTE-R,2,19,RF,5.52527309572651
6,SMOTE-R,2,19,XGBoost,5.60738035109703
6,SMOTE-R,2,19,CatBoost,5.620167688459418
6,SMOTE-R,2,19,LightGBM,5.595053048415442
6,SMOTE-R,5,1,RF,8.425030695169795
6,SMOTE-R,5,1,XGBoost,7.5091623029177725
6,SMOTE-R,5,1,CatBoost,7.774819023012673
6,SMOTE-R,5,1,LightGBM,7.644656037950426
6,SMOTE-R,5,2,RF,6.238396850840847
6,SMOTE-R,5,2,XGBoost,7.019211979642517
6,SMOTE-R,5,2,CatBoost,6.429336113779866
6,SMOTE-R,5,2,LightGBM,6.517708951608736
6,SMOTE-R,5,3,RF,5.550788863973882
6,SMOTE-R,5,3,XGBoost,6.5344393880299085
6,SMOTE-R,5,3,CatBoost,5.630033831755958
6,SMOTE-R,5,3,LightGBM,5.254952959088091
6,SMOTE-R,5,4,RF,5.1648715239172285
6,SMOTE-R,5,4,XGBoost,5.5834492363149995
6,SMOTE-R,5,4,CatBoost,5.362201859021022
6,SMOTE-R,5,4,LightGBM,5.034036139012147
6,SMOTE-R,5,5,RF,4.943789738316043
6,SMOTE-R,5,5,XGBoost,5.282664774615697
6,SMOTE-R,5,5,CatBoost,4.840385393096385
6,SMOTE-R,5,5,LightGBM,4.734393495761358
6,SMOTE-R,5,6,RF,5.0126419934282875
6,SMOTE-R,5,6,XGBoost,5.354061047313238
6,SMOTE-R,5,6,CatBoost,4.958459889622161
6,SMOTE-R,5,6,LightGBM,4.775355354440323
6,SMOTE-R,5,7,RF,5.2556532466491115
6,SMOTE-R,5,7,XGBoost,5.679077333898229
6,SMOTE-R,5,7,CatBoost,5.3521055281732615
6,SMOTE-R,5,7,LightGBM,5.145833290670912
6,SMOTE-R,5,8,RF,5.292904824740795
6,SMOTE-R,5,8,XGBoost,5.700949331374228
6,SMOTE-R,5,8,CatBoost,5.425889275667589
6,SMOTE-R,5,8,LightGBM,5.2714512146800505
6,SMOTE-R,5,9,RF,5.285298743467349
6,SMOTE-R,5,9,XGBoost,5.669786125964803
6,SMOTE-R,5,9,CatBoost,5.446222161209317
6,SMOTE-R,5,9,LightGBM,5.216587505121426
6,SMOTE-R,5,10,RF,5.208955230794153
6,SMOTE-R,5,10,XGBoost,5.729164587247017
6,SMOTE-R,5,10,CatBoost,5.56364011652034
6,SMOTE-R,5,10,LightGBM,5.2703295930965455
6,SMOTE-R,5,12,RF,5.346747847128509
6,SMOTE-R,5,12,XGBoost,5.652803248491392
6,SMOTE-R,5,12,CatBoost,5.563381080549912
6,SMOTE-R,5,12,LightGBM,5.340431470429899
6,SMOTE-R,5,14,RF,5.15960734039149
6,SMOTE-R,5,14,XGBoost,5.594981230341738
6,SMOTE-R,5,14,CatBoost,5.380612117843214
6,SMOTE-R,5,14,LightGBM,5.408146644852752
6,SMOTE-R,5,17,RF,5.3168266968107165
6,SMOTE-R,5,17,XGBoost,5.629836808027257
6,SMOTE-R,5,17,CatBoost,5.3700892592560825
6,SMOTE-R,5,17,LightGBM,5.511352291208039
6,SMOTE-R,5,19,RF,5.381440901212094
6,SMOTE-R,5,19,XGBoost,5.619729423432311
6,SMOTE-R,5,19,CatBoost,5.589885963033067
6,SMOTE-R,5,19,LightGBM,5.384569052094956
6,CTGAN,1,1,RF,9.009343510516704
6,CTGAN,1,1,XGBoost,8.357759159988161
6,CTGAN,1,1,CatBoost,8.037234029316734
6,CTGAN,1,1,LightGBM,8.234646849658711
6,CTGAN,1,2,RF,7.437354348367359
6,CTGAN,1,2,XGBoost,8.689280519489301
6,CTGAN,1,2,CatBoost,7.275589752926448
6,CTGAN,1,2,LightGBM,8.306143525763883
6,CTGAN,1,3,RF,6.644446510272929
6,CTGAN,1,3,XGBoost,8.480174443673853
6,CTGAN,1,3,CatBoost,6.537221065928233
6,CTGAN,1,3,LightGBM,6.7351552556467436
6,CTGAN,1,4,RF,5.9796484167339035
6,CTGAN,1,4,XGBoost,6.889275501454936
6,CTGAN,1,4,CatBoost,5.732616111645508
6,CTGAN,1,4,LightGBM,6.408776797790888
6,CTGAN,1,5,RF,5.889091148713613
6,CTGAN,1,5,XGBoost,6.765898788517182
6,CTGAN,1,5,CatBoost,5.654053008272488
6,CTGAN,1,5,LightGBM,6.125290890895873
6,CTGAN,1,6,RF,5.945289689150649
6,CTGAN,1,6,XGBoost,6.673320272951421
6,CTGAN,1,6,CatBoost,5.695163837304903
6,CTGAN,1,6,LightGBM,6.125290890895873
6,CTGAN,1,7,RF,5.91960674134106
6,CTGAN,1,7,XGBoost,6.618814245242333
6,CTGAN,1,7,CatBoost,5.840292055629214
6,CTGAN,1,7,LightGBM,6.589003251655955
6,CTGAN,1,8,RF,6.0120502920728836
6,CTGAN,1,8,XGBoost,6.460526955519604
6,CTGAN,1,8,CatBoost,5.7996341102217475
6,CTGAN,1,8,LightGBM,6.561657860077673
6,CTGAN,1,9,RF,5.812488994161341
6,CTGAN,1,9,XGBoost,6.4695187440441355
6,CTGAN,1,9,CatBoost,5.908632433818469
6,CTGAN,1,9,LightGBM,6.457672888865521
6,CTGAN,1,10,RF,5.87073475627097
6,CTGAN,1,10,XGBoost,6.295827260767667
6,CTGAN,1,10,CatBoost,5.878952001625028
6,CTGAN,1,10,LightGBM,6.5701943765659125
6,CTGAN,1,12,RF,5.811980604045216
6,CTGAN,1,12,XGBoost,6.272487777389957
6,CTGAN,1,12,CatBoost,5.830929755563358
6,CTGAN,1,12,LightGBM,6.257318869020612
6,CTGAN,1,14,RF,5.760757578095651
6,CTGAN,1,14,XGBoost,6.181711437066578
6,CTGAN,1,14,CatBoost,5.53162683601903
6,CTGAN,1,14,LightGBM,6.324892662791448
6,CTGAN,1,17,RF,5.8436174924264375
6,CTGAN,1,17,XGBoost,6.124387791077916
6,CTGAN,1,17,CatBoost,5.729589335831964
6,CTGAN,1,17,LightGBM,6.296034942312644
6,CTGAN,1,19,RF,5.730668309874769
6,CTGAN,1,19,XGBoost,6.187610063342947
6,CTGAN,1,19,CatBoost,5.653348847156285
6,CTGAN,1,19,LightGBM,6.230985659050078
6,CTGAN,2,1,RF,9.076474970060396
6,CTGAN,2,1,XGBoost,8.347399904812626
6,CTGAN,2,1,CatBoost,8.377966798020077
6,CTGAN,2,1,LightGBM,8.573792406699392
6,CTGAN,2,2,RF,8.139517418961944
6,CTGAN,2,2,XGBoost,8.591162553552975
6,CTGAN,2,2,CatBoost,7.840443099423828
6,CTGAN,2,2,LightGBM,8.091708826311882
6,CTGAN,2,3,RF,7.34831736726692
6,CTGAN,2,3,XGBoost,8.682693587899584
6,CTGAN,2,3,CatBoost,7.1185388682127675
6,CTGAN,2,3,LightGBM,7.004831208062941
6,CTGAN,2,4,RF,6.262595081719532
6,CTGAN,2,4,XGBoost,7.053525020125096
6,CTGAN,2,4,CatBoost,6.041110975135693
6,CTGAN,2,4,LightGBM,5.987845186881881
6,CTGAN,2,5,RF,6.223280611226391
6,CTGAN,2,5,XGBoost,6.83340487127343
6,CTGAN,2,5,CatBoost,5.969548128119896
6,CTGAN,2,5,LightGBM,5.99126130741601
6,CTGAN,2,6,RF,6.130997812759846
6,CTGAN,2,6,XGBoost,6.71048565459114
6,CTGAN,2,6,CatBoost,5.926668864808274
6,CTGAN,2,6,LightGBM,5.99126130741601
6,CTGAN,2,7,RF,6.323059048705873
6,CTGAN,2,7,XGBoost,6.9097015746807005
6,CTGAN,2,7,CatBoost,6.1828465703616295
6,CTGAN,2,7,LightGBM,6.134622968901708
6,CTGAN,2,8,RF,6.125805906353657
6,CTGAN,2,8,XGBoost,7.038569898666722
6,CTGAN,2,8,CatBoost,6.064568940218268
6,CTGAN,2,8,LightGBM,6.330630172028969
6,CTGAN,2,9,RF,6.29810586592807
6,CTGAN,2,9,XGBoost,7.157516818330532
6,CTGAN,2,9,CatBoost,6.059221774261831
6,CTGAN,2,9,LightGBM,6.306778482938276
6,CTGAN,2,10,RF,6.100481811481333
6,CTGAN,2,10,XGBoost,6.992173866290655
6,CTGAN,2,10,CatBoost,6.035740552100286
6,CTGAN,2,10,LightGBM,6.514759206021733
6,CTGAN,2,12,RF,6.046234205846188
6,CTGAN,2,12,XGBoost,6.863782310516824
6,CTGAN,2,12,CatBoost,5.782122257889546
6,CTGAN,2,12,LightGBM,6.281852873460363
6,CTGAN,2,14,RF,6.104169198821287
6,CTGAN,2,14,XGBoost,6.691492454321443
6,CTGAN,2,14,CatBoost,5.786337109856023
6,CTGAN,2,14,LightGBM,6.50721897877831
6,CTGAN,2,17,RF,6.078006766389156
6,CTGAN,2,17,XGBoost,6.656322869753878
6,CTGAN,2,17,CatBoost,5.7871695986199585
6,CTGAN,2,17,LightGBM,6.188385775494889
6,CTGAN,2,19,RF,6.018928512135009
6,CTGAN,2,19,XGBoost,6.830163492756857
6,CTGAN,2,19,CatBoost,5.71435137116748
6,CTGAN,2,19,LightGBM,6.103902619096195
6,CTGAN,5,1,RF,9.564397945931079
6,CTGAN,5,1,XGBoost,8.917188165590925
6,CTGAN,5,1,CatBoost,8.568331769898235
6,CTGAN,5,1,LightGBM,8.851298127831727
6,CTGAN,5,2,RF,8.50659344780899
6,CTGAN,5,2,XGBoost,9.00065651423886
6,CTGAN,5,2,CatBoost,8.364037704218482
6,CTGAN,5,2,LightGBM,8.474008701218875
6,CTGAN,5,3,RF,7.954728164459196
6,CTGAN,5,3,XGBoost,8.71216704883297
6,CTGAN,5,3,CatBoost,7.890035424969856
6,CTGAN,5,3,LightGBM,8.25630715156572
6,CTGAN,5,4,RF,6.758535782126622
6,CTGAN,5,4,XGBoost,7.465985386929009
6,CTGAN,5,4,CatBoost,6.550551857459551
6,CTGAN,5,4,LightGBM,7.243144957432565
6,CTGAN,5,5,RF,6.559895802161307
6,CTGAN,5,5,XGBoost,7.169720237003185
6,CTGAN,5,5,CatBoost,6.199624961847843
6,CTGAN,5,5,LightGBM,6.926907864953145
6,CTGAN,5,6,RF,6.394709511311667
6,CTGAN,5,6,XGBoost,7.118050049238753
6,CTGAN,5,6,CatBoost,6.275756480509606
6,CTGAN,5,6,LightGBM,6.926907864953145
6,CTGAN,5,7,RF,6.562573944833709
6,CTGAN,5,7,XGBoost,7.23510244233132
6,CTGAN,5,7,CatBoost,6.561603603110583
6,CTGAN,5,7,LightGBM,6.885508728194298
6,CTGAN,5,8,RF,6.327486026126383
6,CTGAN,5,8,XGBoost,7.163865334256179
6,CTGAN,5,8,CatBoost,6.041954079384419
6,CTGAN,5,8,LightGBM,6.50001020971167
6,CTGAN,5,9,RF,6.39559801386477
6,CTGAN,5,9,XGBoost,7.08185450865903
6,CTGAN,5,9,CatBoost,5.900809886816241
6,CTGAN,5,9,LightGBM,6.349061493041161
6,CTGAN,5,10,RF,6.28396400516899
6,CTGAN,5,10,XGBoost,7.0351297312694685
6,CTGAN,5,10,CatBoost,6.038859233335295
6,CTGAN,5,10,LightGBM,6.483283984435959
6,CTGAN,5,12,RF,6.303408680568468
6,CTGAN,5,12,XGBoost,6.960578735068987
6,CTGAN,5,12,CatBoost,6.0317001287653556
6,CTGAN,5,12,LightGBM,5.998745471877688
6,CTGAN,5,14,RF,6.3221836583748825
6,CTGAN,5,14,XGBoost,6.994528476871086
6,CTGAN,5,14,CatBoost,5.912686404679856
6,CTGAN,5,14,LightGBM,6.3339439236672215
6,CTGAN,5,17,RF,6.161815666248663
6,CTGAN,5,17,XGBoost,6.968202049583462
6,CTGAN,5,17,CatBoost,5.87792437756886
6,CTGAN,5,17,LightGBM,6.2306251702094535
6,CTGAN,5,19,RF,6.259082726841761
6,CTGAN,5,19,XGBoost,6.930139852135793
6,CTGAN,5,19,CatBoost,5.969791731672943
6,CTGAN,5,19,LightGBM,6.03903147673826
6,TVAE,1,1,RF,8.454932188646728
6,TVAE,1,1,XGBoost,7.420286270668161
6,TVAE,1,1,CatBoost,7.728158051930739
6,TVAE,1,1,LightGBM,7.557530149348698
6,TVAE,1,2,RF,6.486080154575675
6,TVAE,1,2,XGBoost,7.219004636909506
6,TVAE,1,2,CatBoost,6.94094652173538
6,TVAE,1,2,LightGBM,6.768223157618575
6,TVAE,1,3,RF,5.623137504392796
6,TVAE,1,3,XGBoost,6.570920216639422
6,TVAE,1,3,CatBoost,5.976363322405808
6,TVAE,1,3,LightGBM,5.871648697512144
6,TVAE,1,4,RF,5.278350397624202
6,TVAE,1,4,XGBoost,5.937943108562481
6,TVAE,1,4,CatBoost,5.339462775994632
6,TVAE,1,4,LightGBM,5.254099844538291
6,TVAE,1,5,RF,5.190753694537118
6,TVAE,1,5,XGBoost,5.515233751447094
6,TVAE,1,5,CatBoost,5.191870477086999
6,TVAE,1,5,LightGBM,5.144810228239459
6,TVAE,1,6,RF,5.125232327769944
6,TVAE,1,6,XGBoost,5.673480135928711
6,TVAE,1,6,CatBoost,5.316744181562199
6,TVAE,1,6,LightGBM,5.144810228239459
6,TVAE,1,7,RF,5.516333028519562
6,TVAE,1,7,XGBoost,6.14876893220611
6,TVAE,1,7,CatBoost,5.743043656515832
6,TVAE,1,7,LightGBM,5.57635698058379
6,TVAE,1,8,RF,5.499021669464475
6,TVAE,1,8,XGBoost,6.092453173418068
6,TVAE,1,8,CatBoost,5.622953126374528
6,TVAE,1,8,LightGBM,5.601304968208421
6,TVAE,1,9,RF,5.543259684007489
6,TVAE,1,9,XGBoost,6.047563540083265
6,TVAE,1,9,CatBoost,5.637903979650015
6,TVAE,1,9,LightGBM,5.702097240499783
6,TVAE,1,10,RF,5.522507054157996
6,TVAE,1,10,XGBoost,6.015590374182106
6,TVAE,1,10,CatBoost,5.689022537324125
6,TVAE,1,10,LightGBM,5.690880488092583
6,TVAE,1,12,RF,5.5137141021197165
6,TVAE,1,12,XGBoost,6.0549635146883025
6,TVAE,1,12,CatBoost,5.456155210374702
6,TVAE,1,12,LightGBM,5.666797347535048
6,TVAE,1,14,RF,5.578012073450852
6,TVAE,1,14,XGBoost,6.065356039893346
6,TVAE,1,14,CatBoost,5.541471513001632
6,TVAE,1,14,LightGBM,5.764088012998861
6,TVAE,1,17,RF,5.592456813723129
6,TVAE,1,17,XGBoost,6.142462989522736
6,TVAE,1,17,CatBoost,5.52901695702726
6,TVAE,1,17,LightGBM,5.477633010847143
6,TVAE,1,19,RF,5.527050634831604
6,TVAE,1,19,XGBoost,6.112899608402472
6,TVAE,1,19,CatBoost,5.7254560857247325
6,TVAE,1,19,LightGBM,5.699032090888366
6,TVAE,2,1,RF,8.442872834342845
6,TVAE,2,1,XGBoost,7.412775152210213
6,TVAE,2,1,CatBoost,7.4743830765888655
6,TVAE,2,1,LightGBM,7.568436913296158
6,TVAE,2,2,RF,6.54603628016193
6,TVAE,2,2,XGBoost,7.12307543542533
6,TVAE,2,2,CatBoost,6.805777792459256
6,TVAE,2,2,LightGBM,6.891742784281821
6,TVAE,2,3,RF,5.914481000628873
6,TVAE,2,3,XGBoost,6.552864187569401
6,TVAE,2,3,CatBoost,5.916448621519777
6,TVAE,2,3,LightGBM,5.902087290796973
6,TVAE,2,4,RF,5.4148509097347635
6,TVAE,2,4,XGBoost,6.199069821995314
6,TVAE,2,4,CatBoost,5.273078450949619
6,TVAE,2,4,LightGBM,5.324023957755174
6,TVAE,2,5,RF,5.268238718749129
6,TVAE,2,5,XGBoost,6.037382954356899
6,TVAE,2,5,CatBoost,5.060693326371818
6,TVAE,2,5,LightGBM,5.2089171596699
6,TVAE,2,6,RF,5.38107548834442
6,TVAE,2,6,XGBoost,6.058423200489127
6,TVAE,2,6,CatBoost,5.186414477501867
6,TVAE,2,6,LightGBM,5.2089171596699
6,TVAE,2,7,RF,5.806927507955802
6,TVAE,2,7,XGBoost,6.378827833127138
6,TVAE,2,7,CatBoost,5.753717720671025
6,TVAE,2,7,LightGBM,5.851624817639518
6,TVAE,2,8,RF,5.700604456547546
6,TVAE,2,8,XGBoost,6.384531735248448
6,TVAE,2,8,CatBoost,5.711814791243792
6,TVAE,2,8,LightGBM,5.916503477982804
6,TVAE,2,9,RF,5.708842744394993
6,TVAE,2,9,XGBoost,6.382470710978724
6,TVAE,2,9,CatBoost,5.621935403716226
6,TVAE,2,9,LightGBM,6.07053019269472
6,TVAE,2,10,RF,5.6507471749686475
6,TVAE,2,10,XGBoost,6.478483662642829
6,TVAE,2,10,CatBoost,5.722999555204437
6,TVAE,2,10,LightGBM,5.889051953269998
6,TVAE,2,12,RF,5.632874165429044
6,TVAE,2,12,XGBoost,6.22076034357776
6,TVAE,2,12,CatBoost,5.612492119516678
6,TVAE,2,12,LightGBM,5.911924682449507
6,TVAE,2,14,RF,5.740414644976171
6,TVAE,2,14,XGBoost,6.381285869459909
6,TVAE,2,14,CatBoost,5.758571074379655
6,TVAE,2,14,LightGBM,6.031603657063766
6,TVAE,2,17,RF,5.775606859509452
6,TVAE,2,17,XGBoost,6.321064593601351
6,TVAE,2,17,CatBoost,5.588248947943371
6,TVAE,2,17,LightGBM,5.937665156043657
6,TVAE,2,19,RF,5.64659268336427
6,TVAE,2,19,XGBoost,6.440430095951387
6,TVAE,2,19,CatBoost,5.655764504921645
6,TVAE,2,19,LightGBM,5.782793162256729
6,TVAE,5,1,RF,7.584467147807578
6,TVAE,5,1,XGBoost,7.219269848654
6,TVAE,5,1,CatBoost,7.163461350957133
6,TVAE,5,1,LightGBM,7.32725258090308
6,TVAE,5,2,RF,6.343856293549658
6,TVAE,5,2,XGBoost,6.959519190388246
6,TVAE,5,2,CatBoost,6.47454373157542
6,TVAE,5,2,LightGBM,6.405961303053228
6,TVAE,5,3,RF,5.822576465158196
6,TVAE,5,3,XGBoost,6.5886178093822005
6,TVAE,5,3,CatBoost,6.125574427012177
6,TVAE,5,3,LightGBM,5.658602961378223
6,TVAE,5,4,RF,5.635174229141311
6,TVAE,5,4,XGBoost,6.085164161004422
6,TVAE,5,4,CatBoost,5.435900899379193
6,TVAE,5,4,LightGBM,5.127773008620148
6,TVAE,5,5,RF,5.689845990734518
6,TVAE,5,5,XGBoost,6.0660844058970325
6,TVAE,5,5,CatBoost,5.3576215587416165
6,TVAE,5,5,LightGBM,5.051874860969632
6,TVAE,5,6,RF,5.577744837847071
6,TVAE,5,6,XGBoost,6.121746966544117
6,TVAE,5,6,CatBoost,5.406723952592647
6,TVAE,5,6,LightGBM,5.051874860969632
6,TVAE,5,7,RF,5.8910204505623645
6,TVAE,5,7,XGBoost,6.545973840524625
6,TVAE,5,7,CatBoost,5.768873486626374
6,TVAE,5,7,LightGBM,5.624000127570437
6,TVAE,5,8,RF,5.943200795229075
6,TVAE,5,8,XGBoost,6.607175282932548
6,TVAE,5,8,CatBoost,5.748234328674012
6,TVAE,5,8,LightGBM,5.779834036720892
6,TVAE,5,9,RF,5.927495218311275
6,TVAE,5,9,XGBoost,6.661138852066875
6,TVAE,5,9,CatBoost,5.75834198808583
6,TVAE,5,9,LightGBM,5.784736422044056
6,TVAE,5,10,RF,5.98448206880262
6,TVAE,5,10,XGBoost,6.680096731627433
6,TVAE,5,10,CatBoost,5.854642859896801
6,TVAE,5,10,LightGBM,5.603218485329766
6,TVAE,5,12,RF,5.860684319772109
6,TVAE,5,12,XGBoost,6.662373250329364
6,TVAE,5,12,CatBoost,5.647012007014951
6,TVAE,5,12,LightGBM,5.863577821179688
6,TVAE,5,14,RF,5.951536555344832
6,TVAE,5,14,XGBoost,6.665490465186359
6,TVAE,5,14,CatBoost,5.764454681241515
6,TVAE,5,14,LightGBM,5.909504529057004
6,TVAE,5,17,RF,5.9918703697153
6,TVAE,5,17,XGBoost,6.684019655177455
6,TVAE,5,17,CatBoost,5.738452919349305
6,TVAE,5,17,LightGBM,5.791869353105551
6,TVAE,5,19,RF,5.9980928931044755
6,TVAE,5,19,XGBoost,6.707630710765579
6,TVAE,5,19,CatBoost,5.751709140297193
6,TVAE,5,19,LightGBM,5.927400314951065
6,GEO-interp,1,1,RF,7.550410419011874
6,GEO-interp,1,1,XGBoost,6.804685615375081
6,GEO-interp,1,1,CatBoost,7.117368008506969
6,GEO-interp,1,1,LightGBM,7.2795804213776085
6,GEO-interp,1,2,RF,6.098023254044385
6,GEO-interp,1,2,XGBoost,7.331140880111092
6,GEO-interp,1,2,CatBoost,6.397046823089389
6,GEO-interp,1,2,LightGBM,6.881494790851924
6,GEO-interp,1,3,RF,5.768866852388044
6,GEO-interp,1,3,XGBoost,7.009118573286913
6,GEO-interp,1,3,CatBoost,5.9702439995758665
6,GEO-interp,1,3,LightGBM,6.457570962555669
6,GEO-interp,1,4,RF,5.52834876827235
6,GEO-interp,1,4,XGBoost,5.899623850298819
6,GEO-interp,1,4,CatBoost,5.628211897602037
6,GEO-interp,1,4,LightGBM,6.0030010646319045
6,GEO-interp,1,5,RF,5.491246932337216
6,GEO-interp,1,5,XGBoost,5.601294792164765
6,GEO-interp,1,5,CatBoost,5.592942839618367
6,GEO-interp,1,5,LightGBM,5.701100099705906
6,GEO-interp,1,6,RF,5.47596912320113
6,GEO-interp,1,6,XGBoost,5.60654340060624
6,GEO-interp,1,6,CatBoost,5.68818370000504
6,GEO-interp,1,6,LightGBM,5.701100099705906
6,GEO-interp,1,7,RF,5.537443733158813
6,GEO-interp,1,7,XGBoost,5.632203312950343
6,GEO-interp,1,7,CatBoost,5.395780125874403
6,GEO-interp,1,7,LightGBM,5.6878308187148345
6,GEO-interp,1,8,RF,5.56373362076954
6,GEO-interp,1,8,XGBoost,5.73965244251094
6,GEO-interp,1,8,CatBoost,5.398386993906439
6,GEO-interp,1,8,LightGBM,5.931387873684615
6,GEO-interp,1,9,RF,5.598384845966706
6,GEO-interp,1,9,XGBoost,5.733859256676421
6,GEO-interp,1,9,CatBoost,5.402027309923519
6,GEO-interp,1,9,LightGBM,5.876534524597031
6,GEO-interp,1,10,RF,5.591629621718683
6,GEO-interp,1,10,XGBoost,5.706649382586877
6,GEO-interp,1,10,CatBoost,5.480946261594892
6,GEO-interp,1,10,LightGBM,5.928482616685798
6,GEO-interp,1,12,RF,5.632805014179231
6,GEO-interp,1,12,XGBoost,5.7953914352663505
6,GEO-interp,1,12,CatBoost,5.215651990968533
6,GEO-interp,1,12,LightGBM,5.90141925170053
6,GEO-interp,1,14,RF,5.5377428391974455
6,GEO-interp,1,14,XGBoost,5.623823390835189
6,GEO-interp,1,14,CatBoost,5.4340333173634585
6,GEO-interp,1,14,LightGBM,5.915220686289869
6,GEO-interp,1,17,RF,5.6077313012333425
6,GEO-interp,1,17,XGBoost,5.611533497953022
6,GEO-interp,1,17,CatBoost,5.204707664838117
6,GEO-interp,1,17,LightGBM,6.029528226679188
6,GEO-interp,1,19,RF,5.522615841316761
6,GEO-interp,1,19,XGBoost,5.547891533997788
6,GEO-interp,1,19,CatBoost,5.347516059901622
6,GEO-interp,1,19,LightGBM,5.879331906924792
6,GEO-interp,2,1,RF,6.935002913933047
6,GEO-interp,2,1,XGBoost,7.615063623234335
6,GEO-interp,2,1,CatBoost,7.29124156724368
6,GEO-interp,2,1,LightGBM,7.688182698449127
6,GEO-interp,2,2,RF,6.081215462883881
6,GEO-interp,2,2,XGBoost,7.353296153430461
6,GEO-interp,2,2,CatBoost,6.319238169543302
6,GEO-interp,2,2,LightGBM,7.073957844828711
6,GEO-interp,2,3,RF,6.022765237162284
6,GEO-interp,2,3,XGBoost,7.235611143186043
6,GEO-interp,2,3,CatBoost,6.179992213998728
6,GEO-interp,2,3,LightGBM,6.431663216832641
6,GEO-interp,2,4,RF,5.616200660765414
6,GEO-interp,2,4,XGBoost,6.095160581752825
6,GEO-interp,2,4,CatBoost,5.645080272956009
6,GEO-interp,2,4,LightGBM,6.1440985798105645
6,GEO-interp,2,5,RF,5.433412816623089
6,GEO-interp,2,5,XGBoost,5.734946325923082
6,GEO-interp,2,5,CatBoost,5.45489373973937
6,GEO-interp,2,5,LightGBM,5.683555572088108
6,GEO-interp,2,6,RF,5.388635184874065
6,GEO-interp,2,6,XGBoost,5.8103862201031165
6,GEO-interp,2,6,CatBoost,5.407609306712519
6,GEO-interp,2,6,LightGBM,5.683555572088108
6,GEO-interp,2,7,RF,5.381458867960701
6,GEO-interp,2,7,XGBoost,5.874474928372987
6,GEO-interp,2,7,CatBoost,5.383890513951011
6,GEO-interp,2,7,LightGBM,5.825392671351015
6,GEO-interp,2,8,RF,5.450767026229435
6,GEO-interp,2,8,XGBoost,5.7587947819218765
6,GEO-interp,2,8,CatBoost,5.3086153454067135
6,GEO-interp,2,8,LightGBM,5.725428062945939
6,GEO-interp,2,9,RF,5.436231438263912
6,GEO-interp,2,9,XGBoost,5.795036316335247
6,GEO-interp,2,9,CatBoost,5.3342474210232265
6,GEO-interp,2,9,LightGBM,5.7662839706225455
6,GEO-interp,2,10,RF,5.494624875005158
6,GEO-interp,2,10,XGBoost,5.791282252194358
6,GEO-interp,2,10,CatBoost,5.235261473142546
6,GEO-interp,2,10,LightGBM,5.836156187272328
6,GEO-interp,2,12,RF,5.392104004148425
6,GEO-interp,2,12,XGBoost,5.888843370569476
6,GEO-interp,2,12,CatBoost,5.378317532552538
6,GEO-interp,2,12,LightGBM,5.762936583135626
6,GEO-interp,2,14,RF,5.35245265883035
6,GEO-interp,2,14,XGBoost,5.608035909834344
6,GEO-interp,2,14,CatBoost,5.2864585225789025
6,GEO-interp,2,14,LightGBM,5.714255142293038
6,GEO-interp,2,17,RF,5.436057817194703
6,GEO-interp,2,17,XGBoost,5.685866881122453
6,GEO-interp,2,17,CatBoost,5.155854631520424
6,GEO-interp,2,17,LightGBM,5.647886933209592
6,GEO-interp,2,19,RF,5.412922922320131
6,GEO-interp,2,19,XGBoost,5.730748991491259
6,GEO-interp,2,19,CatBoost,5.120809223399515
6,GEO-interp,2,19,LightGBM,5.685541704848238
6,GEO-interp,5,1,RF,7.995892114164896
6,GEO-interp,5,1,XGBoost,7.851116083154087
6,GEO-interp,5,1,CatBoost,7.825237153602715
6,GEO-interp,5,1,LightGBM,8.11400153103496
6,GEO-interp,5,2,RF,6.550488372659911
6,GEO-interp,5,2,XGBoost,7.236489266493751
6,GEO-interp,5,2,CatBoost,6.65015799902969
6,GEO-interp,5,2,LightGBM,6.513185274322401
6,GEO-interp,5,3,RF,6.422570218688136
6,GEO-interp,5,3,XGBoost,7.30230863280281
6,GEO-interp,5,3,CatBoost,6.295158469680224
6,GEO-interp,5,3,LightGBM,6.367179016458476
6,GEO-interp,5,4,RF,5.7387941779337925
6,GEO-interp,5,4,XGBoost,6.247682382058581
6,GEO-interp,5,4,CatBoost,5.751493330189535
6,GEO-interp,5,4,LightGBM,6.12580401987948
6,GEO-interp,5,5,RF,5.451439548755019
6,GEO-interp,5,5,XGBoost,5.957381181616943
6,GEO-interp,5,5,CatBoost,5.54941483429902
6,GEO-interp,5,5,LightGBM,5.712135309073055
6,GEO-interp,5,6,RF,5.527863554883997
6,GEO-interp,5,6,XGBoost,6.051619233340143
6,GEO-interp,5,6,CatBoost,5.56737691863806
6,GEO-interp,5,6,LightGBM,5.736132798589678
6,GEO-interp,5,7,RF,5.4161364836843475
6,GEO-interp,5,7,XGBoost,6.034607662883887
6,GEO-interp,5,7,CatBoost,5.524579502327538
6,GEO-interp,5,7,LightGBM,5.63358918899266
6,GEO-interp,5,8,RF,5.561888729449014
6,GEO-interp,5,8,XGBoost,5.933561919779231
6,GEO-interp,5,8,CatBoost,5.360064481416011
6,GEO-interp,5,8,LightGBM,5.69695115824985
6,GEO-interp,5,9,RF,5.543670144671762
6,GEO-interp,5,9,XGBoost,5.899600468102826
6,GEO-interp,5,9,CatBoost,5.282077277459108
6,GEO-interp,5,9,LightGBM,5.812237684946025
6,GEO-interp,5,10,RF,5.638727561337007
6,GEO-interp,5,10,XGBoost,5.92760302321265
6,GEO-interp,5,10,CatBoost,5.387796156465956
6,GEO-interp,5,10,LightGBM,5.637458781289526
6,GEO-interp,5,12,RF,5.683374744949231
6,GEO-interp,5,12,XGBoost,6.007762155953214
6,GEO-interp,5,12,CatBoost,5.183170361470541
6,GEO-interp,5,12,LightGBM,5.7370455683749215
6,GEO-interp,5,14,RF,5.480111150720692
6,GEO-interp,5,14,XGBoost,5.8111690375085345
6,GEO-interp,5,14,CatBoost,5.107419731146465
6,GEO-interp,5,14,LightGBM,5.562264410487509
6,GEO-interp,5,17,RF,5.52426357625206
6,GEO-interp,5,17,XGBoost,5.706538440088381
6,GEO-interp,5,17,CatBoost,5.137518115445938
6,GEO-interp,5,17,LightGBM,5.639848796784701
6,GEO-interp,5,19,RF,5.532591446884661
6,GEO-interp,5,19,XGBoost,5.731477484585573
6,GEO-interp,5,19,CatBoost,5.17884727425502
6,GEO-interp,5,19,LightGBM,5.48986538629913
6,GEO-disp,1,1,RF,7.6424136463349726
6,GEO-disp,1,1,XGBoost,6.963759498530259
6,GEO-disp,1,1,CatBoost,7.07592576512928
6,GEO-disp,1,1,LightGBM,7.401173365994362
6,GEO-disp,1,2,RF,6.150526107625814
6,GEO-disp,1,2,XGBoost,7.228653329747327
6,GEO-disp,1,2,CatBoost,6.452796613209972
6,GEO-disp,1,2,LightGBM,7.023324213933514
6,GEO-disp,1,3,RF,5.718757506442249
6,GEO-disp,1,3,XGBoost,6.950700072416211
6,GEO-disp,1,3,CatBoost,6.08503421767973
6,GEO-disp,1,3,LightGBM,6.554752981189645
6,GEO-disp,1,4,RF,5.539186685004958
6,GEO-disp,1,4,XGBoost,5.919118324849982
6,GEO-disp,1,4,CatBoost,5.641675745416323
6,GEO-disp,1,4,LightGBM,6.155130960531599
6,GEO-disp,1,5,RF,5.399833393114546
6,GEO-disp,1,5,XGBoost,5.561227089824754
6,GEO-disp,1,5,CatBoost,5.600154133725338
6,GEO-disp,1,5,LightGBM,5.777463746954601
6,GEO-disp,1,6,RF,5.45638075624137
6,GEO-disp,1,6,XGBoost,5.6250339407945615
6,GEO-disp,1,6,CatBoost,5.4293577270052165
6,GEO-disp,1,6,LightGBM,5.777463746954601
6,GEO-disp,1,7,RF,5.530102858938914
6,GEO-disp,1,7,XGBoost,5.571698435694031
6,GEO-disp,1,7,CatBoost,5.634100802679375
6,GEO-disp,1,7,LightGBM,5.881904458471319
6,GEO-disp,1,8,RF,5.465263255279568
6,GEO-disp,1,8,XGBoost,5.667424097186792
6,GEO-disp,1,8,CatBoost,5.501011117342357
6,GEO-disp,1,8,LightGBM,6.045350719685284
6,GEO-disp,1,9,RF,5.507879364497973
6,GEO-disp,1,9,XGBoost,5.7290062231209165
6,GEO-disp,1,9,CatBoost,5.416921891028265
6,GEO-disp,1,9,LightGBM,6.022739129854914
6,GEO-disp,1,10,RF,5.541920412403429
6,GEO-disp,1,10,XGBoost,5.787522389863911
6,GEO-disp,1,10,CatBoost,5.480604038185575
6,GEO-disp,1,10,LightGBM,6.0154507218622975
6,GEO-disp,1,12,RF,5.531047045992681
6,GEO-disp,1,12,XGBoost,5.900289597551301
6,GEO-disp,1,12,CatBoost,5.382154671823312
6,GEO-disp,1,12,LightGBM,6.184179067780503
6,GEO-disp,1,14,RF,5.505430706940078
6,GEO-disp,1,14,XGBoost,5.708159463917202
6,GEO-disp,1,14,CatBoost,5.383481800413354
6,GEO-disp,1,14,LightGBM,6.011577364705916
6,GEO-disp,1,17,RF,5.411376584367634
6,GEO-disp,1,17,XGBoost,5.705191481234822
6,GEO-disp,1,17,CatBoost,5.292992662860036
6,GEO-disp,1,17,LightGBM,6.059343341575825
6,GEO-disp,1,19,RF,5.554605090409039
6,GEO-disp,1,19,XGBoost,5.633410991813066
6,GEO-disp,1,19,CatBoost,5.272728770978267
6,GEO-disp,1,19,LightGBM,6.0900171856633305
6,GEO-disp,2,1,RF,7.0244824214678125
6,GEO-disp,2,1,XGBoost,7.626991729069339
6,GEO-disp,2,1,CatBoost,7.340541323366115
6,GEO-disp,2,1,LightGBM,7.734005731490458
6,GEO-disp,2,2,RF,6.251139682979516
6,GEO-disp,2,2,XGBoost,7.309734754981519
6,GEO-disp,2,2,CatBoost,6.486022527538155
6,GEO-disp,2,2,LightGBM,7.372544569236387
6,GEO-disp,2,3,RF,6.072910997195362
6,GEO-disp,2,3,XGBoost,7.234489193979068
6,GEO-disp,2,3,CatBoost,6.315532677223246
6,GEO-disp,2,3,LightGBM,6.48301625160525
6,GEO-disp,2,4,RF,5.6627401976235525
6,GEO-disp,2,4,XGBoost,6.216169608342955
6,GEO-disp,2,4,CatBoost,5.730889501835986
6,GEO-disp,2,4,LightGBM,6.337567779464459
6,GEO-disp,2,5,RF,5.521476158351943
6,GEO-disp,2,5,XGBoost,5.747941409091305
6,GEO-disp,2,5,CatBoost,5.393780735398549
6,GEO-disp,2,5,LightGBM,5.833606644626838
6,GEO-disp,2,6,RF,5.485854321254201
6,GEO-disp,2,6,XGBoost,5.852935135372917
6,GEO-disp,2,6,CatBoost,5.512829457807177
6,GEO-disp,2,6,LightGBM,5.833606644626838
6,GEO-disp,2,7,RF,5.5042859793127805
6,GEO-disp,2,7,XGBoost,5.87674427670652
6,GEO-disp,2,7,CatBoost,5.421628489785671
6,GEO-disp,2,7,LightGBM,5.877044997974204
6,GEO-disp,2,8,RF,5.487262107555299
6,GEO-disp,2,8,XGBoost,5.756058736614169
6,GEO-disp,2,8,CatBoost,5.496272058927561
6,GEO-disp,2,8,LightGBM,5.873788553059656
6,GEO-disp,2,9,RF,5.446883492633974
6,GEO-disp,2,9,XGBoost,5.790156165420236
6,GEO-disp,2,9,CatBoost,5.379431333068161
6,GEO-disp,2,9,LightGBM,5.793848760560501
6,GEO-disp,2,10,RF,5.5174325806131606
6,GEO-disp,2,10,XGBoost,5.825048706490223
6,GEO-disp,2,10,CatBoost,5.464652372175907
6,GEO-disp,2,10,LightGBM,5.9487653440071355
6,GEO-disp,2,12,RF,5.434442686666177
6,GEO-disp,2,12,XGBoost,5.81582909271205
6,GEO-disp,2,12,CatBoost,5.43637063733237
6,GEO-disp,2,12,LightGBM,5.859679534123169
6,GEO-disp,2,14,RF,5.386210378351752
6,GEO-disp,2,14,XGBoost,5.61948267597329
6,GEO-disp,2,14,CatBoost,5.38338319015727
6,GEO-disp,2,14,LightGBM,5.693956759734861
6,GEO-disp,2,17,RF,5.409755055788914
6,GEO-disp,2,17,XGBoost,5.637782781981567
6,GEO-disp,2,17,CatBoost,5.351457935408792
6,GEO-disp,2,17,LightGBM,5.706965343845962
6,GEO-disp,2,19,RF,5.417371935923389
6,GEO-disp,2,19,XGBoost,5.736152139561678
6,GEO-disp,2,19,CatBoost,5.231098752288162
6,GEO-disp,2,19,LightGBM,5.637740244948481
6,GEO-disp,5,1,RF,8.241292466242603
6,GEO-disp,5,1,XGBoost,7.82530353086589
6,GEO-disp,5,1,CatBoost,7.895631669117458
6,GEO-disp,5,1,LightGBM,8.218695297662325
6,GEO-disp,5,2,RF,6.556184020409261
6,GEO-disp,5,2,XGBoost,7.269450795249306
6,GEO-disp,5,2,CatBoost,6.863216512400035
6,GEO-disp,5,2,LightGBM,6.670103065822802
6,GEO-disp,5,3,RF,6.411207978618895
6,GEO-disp,5,3,XGBoost,7.36421865731928
6,GEO-disp,5,3,CatBoost,6.5307115337782875
6,GEO-disp,5,3,LightGBM,6.630107745139285
6,GEO-disp,5,4,RF,5.829055639046868
6,GEO-disp,5,4,XGBoost,6.3029737445394876
6,GEO-disp,5,4,CatBoost,5.731106142539621
6,GEO-disp,5,4,LightGBM,6.155094595660073
6,GEO-disp,5,5,RF,5.5879698213451325
6,GEO-disp,5,5,XGBoost,6.085797485650172
6,GEO-disp,5,5,CatBoost,5.593028186097486
6,GEO-disp,5,5,LightGBM,5.935851687862169
6,GEO-disp,5,6,RF,5.632565400251474
6,GEO-disp,5,6,XGBoost,6.075797050918379
6,GEO-disp,5,6,CatBoost,5.5206275086182774
6,GEO-disp,5,6,LightGBM,5.963919063233761
6,GEO-disp,5,7,RF,5.554336295713329
6,GEO-disp,5,7,XGBoost,6.116466874041303
6,GEO-disp,5,7,CatBoost,5.60370872048822
6,GEO-disp,5,7,LightGBM,6.026144349562098
6,GEO-disp,5,8,RF,5.674280157262233
6,GEO-disp,5,8,XGBoost,6.052306857255878
6,GEO-disp,5,8,CatBoost,5.345720350635313
6,GEO-disp,5,8,LightGBM,5.910683886463071
6,GEO-disp,5,9,RF,5.681478362995998
6,GEO-disp,5,9,XGBoost,6.063169098015661
6,GEO-disp,5,9,CatBoost,5.451053368876009
6,GEO-disp,5,9,LightGBM,6.055486335261122
6,GEO-disp,5,10,RF,5.7388170387990804
6,GEO-disp,5,10,XGBoost,5.957148689902038
6,GEO-disp,5,10,CatBoost,5.396346041424835
6,GEO-disp,5,10,LightGBM,6.072058610032472
6,GEO-disp,5,12,RF,5.634267282442876
6,GEO-disp,5,12,XGBoost,6.090635535638676
6,GEO-disp,5,12,CatBoost,5.266226314046998
6,GEO-disp,5,12,LightGBM,5.897882167298575
6,GEO-disp,5,14,RF,5.537632690412082
6,GEO-disp,5,14,XGBoost,5.802274592641921
6,GEO-disp,5,14,CatBoost,5.186338529891552
6,GEO-disp,5,14,LightGBM,5.694245680862348
6,GEO-disp,5,17,RF,5.421474148417249
6,GEO-disp,5,17,XGBoost,5.745366133475029
6,GEO-disp,5,17,CatBoost,5.0990568252951505
6,GEO-disp,5,17,LightGBM,5.739389026372025
6,GEO-disp,5,19,RF,5.504264084229454
6,GEO-disp,5,19,XGBoost,5.762463255776949
6,GEO-disp,5,19,CatBoost,5.040443948030874
6,GEO-disp,5,19,LightGBM,5.630387834344829
7,aucun,0,1,RF,6.100654806388365
7,aucun,0,1,XGBoost,5.727452912953319
7,aucun,0,1,CatBoost,5.883230110375135
7,aucun,0,1,LightGBM,6.318283185324279
7,aucun,0,2,RF,6.1165417846184384
7,aucun,0,2,XGBoost,5.826819118547596
7,aucun,0,2,CatBoost,6.042356088059465
7,aucun,0,2,LightGBM,6.522861683806522
7,aucun,0,3,RF,5.376190176809485
7,aucun,0,3,XGBoost,5.312929569922679
7,aucun,0,3,CatBoost,5.1444516318965325
7,aucun,0,3,LightGBM,5.413078021873543
7,aucun,0,4,RF,5.48579217838817
7,aucun,0,4,XGBoost,5.377727896438433
7,aucun,0,4,CatBoost,5.2776797820480095
7,aucun,0,4,LightGBM,5.598551242013008
7,aucun,0,5,RF,5.5140395342823485
7,aucun,0,5,XGBoost,5.75224587648699
7,aucun,0,5,CatBoost,5.600970330985646
7,aucun,0,5,LightGBM,5.816468317008049
7,aucun,0,6,RF,5.502425707549133
7,aucun,0,6,XGBoost,5.638203688261457
7,aucun,0,6,CatBoost,5.4407201232785845
7,aucun,0,6,LightGBM,5.587805480809629
7,aucun,0,7,RF,5.560090919590883
7,aucun,0,7,XGBoost,5.653565366124633
7,aucun,0,7,CatBoost,5.552742916523189
7,aucun,0,7,LightGBM,5.756985129722568
7,aucun,0,8,RF,5.4935520727907825
7,aucun,0,8,XGBoost,5.6350103127002145
7,aucun,0,8,CatBoost,5.429210960576493
7,aucun,0,8,LightGBM,5.817459179576149
7,aucun,0,9,RF,5.5569319871659895
7,aucun,0,9,XGBoost,5.7128858172992585
7,aucun,0,9,CatBoost,5.515782365062728
7,aucun,0,9,LightGBM,5.770933762803478
7,aucun,0,10,RF,5.571078776026753
7,aucun,0,10,XGBoost,5.727015231920754
7,aucun,0,10,CatBoost,5.439531789448491
7,aucun,0,10,LightGBM,5.796053561387341
7,aucun,0,12,RF,5.519870856280825
7,aucun,0,12,XGBoost,5.496219644641624
7,aucun,0,12,CatBoost,5.447635063857536
7,aucun,0,12,LightGBM,5.666834497113548
7,aucun,0,14,RF,5.58973040100632
7,aucun,0,14,XGBoost,5.6409657127313855
7,aucun,0,14,CatBoost,5.418518052322917
7,aucun,0,14,LightGBM,5.547340029898939
7,aucun,0,17,RF,5.565534136058287
7,aucun,0,17,XGBoost,5.576434824165324
7,aucun,0,17,CatBoost,5.448196797179338
7,aucun,0,17,LightGBM,5.517780457761738
7,aucun,0,19,RF,5.643781109891819
7,aucun,0,19,XGBoost,5.648906998696085
7,aucun,0,19,CatBoost,5.493352356040364
7,aucun,0,19,LightGBM,5.5030833806255535
7,SMOTE-R,1,1,RF,5.9687969389305495
7,SMOTE-R,1,1,XGBoost,5.52805380979567
7,SMOTE-R,1,1,CatBoost,5.879358834935427
7,SMOTE-R,1,1,LightGBM,5.969900653785809
7,SMOTE-R,1,2,RF,5.80245701925602
7,SMOTE-R,1,2,XGBoost,5.731607556002468
7,SMOTE-R,1,2,CatBoost,5.977707183240308
7,SMOTE-R,1,2,LightGBM,6.285193499495148
7,SMOTE-R,1,3,RF,5.573500379412146
7,SMOTE-R,1,3,XGBoost,5.410769591495183
7,SMOTE-R,1,3,CatBoost,5.354710448155613
7,SMOTE-R,1,3,LightGBM,5.618396925322764
7,SMOTE-R,1,4,RF,5.521678891596386
7,SMOTE-R,1,4,XGBoost,5.41954078821626
7,SMOTE-R,1,4,CatBoost,5.262719358407967
7,SMOTE-R,1,4,LightGBM,5.5781332864283275
7,SMOTE-R,1,5,RF,5.687381231894683
7,SMOTE-R,1,5,XGBoost,5.670805338043402
7,SMOTE-R,1,5,CatBoost,5.482415926070151
7,SMOTE-R,1,5,LightGBM,5.700841749079075
7,SMOTE-R,1,6,RF,5.6373775087706575
7,SMOTE-R,1,6,XGBoost,5.608609485792476
7,SMOTE-R,1,6,CatBoost,5.513749224542447
7,SMOTE-R,1,6,LightGBM,5.600615144764748
7,SMOTE-R,1,7,RF,5.5668957188532655
7,SMOTE-R,1,7,XGBoost,5.864171933903761
7,SMOTE-R,1,7,CatBoost,5.510174459541711
7,SMOTE-R,1,7,LightGBM,5.908679452041155
7,SMOTE-R,1,8,RF,5.564335763486937
7,SMOTE-R,1,8,XGBoost,5.896897612769521
7,SMOTE-R,1,8,CatBoost,5.414674815759951
7,SMOTE-R,1,8,LightGBM,5.8117262657805195
7,SMOTE-R,1,9,RF,5.532472210993145
7,SMOTE-R,1,9,XGBoost,5.863744298038525
7,SMOTE-R,1,9,CatBoost,5.429030825931341
7,SMOTE-R,1,9,LightGBM,5.683434433485822
7,SMOTE-R,1,10,RF,5.5546382688118845
7,SMOTE-R,1,10,XGBoost,5.969777820375962
7,SMOTE-R,1,10,CatBoost,5.370675930216422
7,SMOTE-R,1,10,LightGBM,5.762828929773658
7,SMOTE-R,1,12,RF,5.505279596557546
7,SMOTE-R,1,12,XGBoost,5.731311698722225
7,SMOTE-R,1,12,CatBoost,5.469772941299084
7,SMOTE-R,1,12,LightGBM,5.6051961112779685
7,SMOTE-R,1,14,RF,5.632424620192504
7,SMOTE-R,1,14,XGBoost,5.834380037239831
7,SMOTE-R,1,14,CatBoost,5.461369975636764
7,SMOTE-R,1,14,LightGBM,5.340173244521565
7,SMOTE-R,1,17,RF,5.627358688789779
7,SMOTE-R,1,17,XGBoost,5.854164676438021
7,SMOTE-R,1,17,CatBoost,5.484105257721045
7,SMOTE-R,1,17,LightGBM,5.462722782174521
7,SMOTE-R,1,19,RF,5.621924032097683
7,SMOTE-R,1,19,XGBoost,5.891321954020221
7,SMOTE-R,1,19,CatBoost,5.446249792897576
7,SMOTE-R,1,19,LightGBM,5.412021453353353
7,SMOTE-R,2,1,RF,5.89206969544098
7,SMOTE-R,2,1,XGBoost,5.638715360629141
7,SMOTE-R,2,1,CatBoost,6.005127513030625
7,SMOTE-R,2,1,LightGBM,5.600357583924745
7,SMOTE-R,2,2,RF,5.825628754233569
7,SMOTE-R,2,2,XGBoost,5.674294632333411
7,SMOTE-R,2,2,CatBoost,6.099092102771105
7,SMOTE-R,2,2,LightGBM,6.052021426301878
7,SMOTE-R,2,3,RF,5.6030200473903555
7,SMOTE-R,2,3,XGBoost,5.483385286876684
7,SMOTE-R,2,3,CatBoost,5.319070817163128
7,SMOTE-R,2,3,LightGBM,5.6891126090605075
7,SMOTE-R,2,4,RF,5.680632993576482
7,SMOTE-R,2,4,XGBoost,5.440593421478719
7,SMOTE-R,2,4,CatBoost,5.2464509905727015
7,SMOTE-R,2,4,LightGBM,5.478049936556109
7,SMOTE-R,2,5,RF,5.753402150378602
7,SMOTE-R,2,5,XGBoost,5.450724270075467
7,SMOTE-R,2,5,CatBoost,5.3583433983048145
7,SMOTE-R,2,5,LightGBM,5.630502251292465
7,SMOTE-R,2,6,RF,5.698615692831559
7,SMOTE-R,2,6,XGBoost,5.598046864343904
7,SMOTE-R,2,6,CatBoost,5.441567371130573
7,SMOTE-R,2,6,LightGBM,5.630502251292465
7,SMOTE-R,2,7,RF,5.639802962358604
7,SMOTE-R,2,7,XGBoost,5.752835822925836
7,SMOTE-R,2,7,CatBoost,5.435008525568371
7,SMOTE-R,2,7,LightGBM,5.67418960206609
7,SMOTE-R,2,8,RF,5.60457593823111
7,SMOTE-R,2,8,XGBoost,5.894392863683402
7,SMOTE-R,2,8,CatBoost,5.344074150287727
7,SMOTE-R,2,8,LightGBM,5.586746359542277
7,SMOTE-R,2,9,RF,5.563056824086808
7,SMOTE-R,2,9,XGBoost,5.8726373400107725
7,SMOTE-R,2,9,CatBoost,5.3594580483039795
7,SMOTE-R,2,9,LightGBM,5.574491006585456
7,SMOTE-R,2,10,RF,5.505697501645566
7,SMOTE-R,2,10,XGBoost,5.9179667944241166
7,SMOTE-R,2,10,CatBoost,5.168927223162641
7,SMOTE-R,2,10,LightGBM,5.516184331985533
7,SMOTE-R,2,12,RF,5.529033856528607
7,SMOTE-R,2,12,XGBoost,5.807155255120937
7,SMOTE-R,2,12,CatBoost,5.150243264867949
7,SMOTE-R,2,12,LightGBM,5.425645581335044
7,SMOTE-R,2,14,RF,5.55275075388541
7,SMOTE-R,2,14,XGBoost,5.822952713922387
7,SMOTE-R,2,14,CatBoost,5.294659589831464
7,SMOTE-R,2,14,LightGBM,5.2517031203155735
7,SMOTE-R,2,17,RF,5.583895580499033
7,SMOTE-R,2,17,XGBoost,5.7271434020569965
7,SMOTE-R,2,17,CatBoost,5.215910747872442
7,SMOTE-R,2,17,LightGBM,5.23534622305082
7,SMOTE-R,2,19,RF,5.5649138355601035
7,SMOTE-R,2,19,XGBoost,5.771243703171927
7,SMOTE-R,2,19,CatBoost,5.147111599751633
7,SMOTE-R,2,19,LightGBM,5.1992906028124874
7,SMOTE-R,5,1,RF,5.583881216516326
7,SMOTE-R,5,1,XGBoost,5.480200052809421
7,SMOTE-R,5,1,CatBoost,5.715226708028635
7,SMOTE-R,5,1,LightGBM,5.76869020492565
7,SMOTE-R,5,2,RF,5.6612885296435245
7,SMOTE-R,5,2,XGBoost,5.590550113053922
7,SMOTE-R,5,2,CatBoost,6.011014959207001
7,SMOTE-R,5,2,LightGBM,6.113103454610226
7,SMOTE-R,5,3,RF,5.640770399607028
7,SMOTE-R,5,3,XGBoost,5.497138657986182
7,SMOTE-R,5,3,CatBoost,5.332409408416235
7,SMOTE-R,5,3,LightGBM,5.557067311663117
7,SMOTE-R,5,4,RF,5.630070868645618
7,SMOTE-R,5,4,XGBoost,5.407114169173271
7,SMOTE-R,5,4,CatBoost,5.329019705750035
7,SMOTE-R,5,4,LightGBM,5.2622680605226195
7,SMOTE-R,5,5,RF,5.788982342150629
7,SMOTE-R,5,5,XGBoost,5.491041599012989
7,SMOTE-R,5,5,CatBoost,5.349771207673692
7,SMOTE-R,5,5,LightGBM,5.376190899230551
7,SMOTE-R,5,6,RF,5.771169636175409
7,SMOTE-R,5,6,XGBoost,5.531033876700775
7,SMOTE-R,5,6,CatBoost,5.355801196759446
7,SMOTE-R,5,6,LightGBM,5.412411441740167
7,SMOTE-R,5,7,RF,5.6930131776834685
7,SMOTE-R,5,7,XGBoost,5.824790642821581
7,SMOTE-R,5,7,CatBoost,5.400234828322337
7,SMOTE-R,5,7,LightGBM,5.459520349681489
7,SMOTE-R,5,8,RF,5.6334219997374015
7,SMOTE-R,5,8,XGBoost,5.89631971883195
7,SMOTE-R,5,8,CatBoost,5.236858644163854
7,SMOTE-R,5,8,LightGBM,5.278041583552493
7,SMOTE-R,5,9,RF,5.587178090648042
7,SMOTE-R,5,9,XGBoost,5.843374904020271
7,SMOTE-R,5,9,CatBoost,5.221697548529363
7,SMOTE-R,5,9,LightGBM,5.264281735963795
7,SMOTE-R,5,10,RF,5.530523426257509
7,SMOTE-R,5,10,XGBoost,6.012249091646177
7,SMOTE-R,5,10,CatBoost,5.12495403308731
7,SMOTE-R,5,10,LightGBM,5.358472150951773
7,SMOTE-R,5,12,RF,5.564412711242987
7,SMOTE-R,5,12,XGBoost,5.924604846521425
7,SMOTE-R,5,12,CatBoost,5.125248523688597
7,SMOTE-R,5,12,LightGBM,5.204833301227185
7,SMOTE-R,5,14,RF,5.572720562302625
7,SMOTE-R,5,14,XGBoost,5.980644317125682
7,SMOTE-R,5,14,CatBoost,5.069985496706713
7,SMOTE-R,5,14,LightGBM,5.41467503553806
7,SMOTE-R,5,17,RF,5.607990010597684
7,SMOTE-R,5,17,XGBoost,5.950930656581712
7,SMOTE-R,5,17,CatBoost,5.200383272499565
7,SMOTE-R,5,17,LightGBM,5.443569124689348
7,SMOTE-R,5,19,RF,5.66610957402769
7,SMOTE-R,5,19,XGBoost,5.928959789743227
7,SMOTE-R,5,19,CatBoost,5.170880701081991
7,SMOTE-R,5,19,LightGBM,5.318750169982018
7,CTGAN,1,1,RF,7.4456665943966795
7,CTGAN,1,1,XGBoost,7.321738241112738
7,CTGAN,1,1,CatBoost,7.0753352058131345
7,CTGAN,1,1,LightGBM,6.75088862622275
7,CTGAN,1,2,RF,6.956312754997058
7,CTGAN,1,2,XGBoost,7.205616161852564
7,CTGAN,1,2,CatBoost,7.348515347562147
7,CTGAN,1,2,LightGBM,6.492035552571388
7,CTGAN,1,3,RF,6.1196006240269805
7,CTGAN,1,3,XGBoost,6.768484084310244
7,CTGAN,1,3,CatBoost,6.403655319124421
7,CTGAN,1,3,LightGBM,6.235413657375311
7,CTGAN,1,4,RF,5.822990971205076
7,CTGAN,1,4,XGBoost,6.090207195567848
7,CTGAN,1,4,CatBoost,5.8344976246121085
7,CTGAN,1,4,LightGBM,6.068499032079087
7,CTGAN,1,5,RF,5.860615564495616
7,CTGAN,1,5,XGBoost,6.247590783303565
7,CTGAN,1,5,CatBoost,5.897848487048425
7,CTGAN,1,5,LightGBM,6.539763336426558
7,CTGAN,1,6,RF,5.810960721917052
7,CTGAN,1,6,XGBoost,6.266583534545713
7,CTGAN,1,6,CatBoost,5.875085093611493
7,CTGAN,1,6,LightGBM,6.539763336426558
7,CTGAN,1,7,RF,5.730107629237452
7,CTGAN,1,7,XGBoost,6.145380980134565
7,CTGAN,1,7,CatBoost,5.897317338492711
7,CTGAN,1,7,LightGBM,6.206837858005936
7,CTGAN,1,8,RF,5.809604642788887
7,CTGAN,1,8,XGBoost,6.157697136114837
7,CTGAN,1,8,CatBoost,5.8149580068754
7,CTGAN,1,8,LightGBM,6.2420905725701585
7,CTGAN,1,9,RF,5.758681153949805
7,CTGAN,1,9,XGBoost,6.079827956309055
7,CTGAN,1,9,CatBoost,5.72248374556149
7,CTGAN,1,9,LightGBM,6.1119523892254595
7,CTGAN,1,10,RF,5.816027232644666
7,CTGAN,1,10,XGBoost,6.207932085027803
7,CTGAN,1,10,CatBoost,5.675788699400218
7,CTGAN,1,10,LightGBM,6.067186810445882
7,CTGAN,1,12,RF,5.785380822578686
7,CTGAN,1,12,XGBoost,6.214570259010749
7,CTGAN,1,12,CatBoost,5.7769553101707665
7,CTGAN,1,12,LightGBM,6.1713191644101935
7,CTGAN,1,14,RF,5.934642140844948
7,CTGAN,1,14,XGBoost,6.200106152567296
7,CTGAN,1,14,CatBoost,5.650764482540538
7,CTGAN,1,14,LightGBM,6.111982824527135
7,CTGAN,1,17,RF,5.918236526093568
7,CTGAN,1,17,XGBoost,6.140185079282034
7,CTGAN,1,17,CatBoost,5.8086050254254085
7,CTGAN,1,17,LightGBM,6.138533203156669
7,CTGAN,1,19,RF,5.895599417543366
7,CTGAN,1,19,XGBoost,6.149644488385873
7,CTGAN,1,19,CatBoost,5.76008802276532
7,CTGAN,1,19,LightGBM,6.225679550719395
7,CTGAN,2,1,RF,7.997091923186576
7,CTGAN,2,1,XGBoost,8.769880365823314
7,CTGAN,2,1,CatBoost,7.221652940711333
7,CTGAN,2,1,LightGBM,7.123908667219101
7,CTGAN,2,2,RF,7.024740451503295
7,CTGAN,2,2,XGBoost,7.893624267816647
7,CTGAN,2,2,CatBoost,7.293700176282862
7,CTGAN,2,2,LightGBM,6.750101192055149
7,CTGAN,2,3,RF,6.389204405708676
7,CTGAN,2,3,XGBoost,7.4733866223515335
7,CTGAN,2,3,CatBoost,6.759986952861683
7,CTGAN,2,3,LightGBM,6.338305908603089
7,CTGAN,2,4,RF,6.16804584044639
7,CTGAN,2,4,XGBoost,6.68876573058645
7,CTGAN,2,4,CatBoost,6.128359805305288
7,CTGAN,2,4,LightGBM,6.277991388535592
7,CTGAN,2,5,RF,6.005260081341249
7,CTGAN,2,5,XGBoost,6.628852624704786
7,CTGAN,2,5,CatBoost,6.163529420071207
7,CTGAN,2,5,LightGBM,6.538817423240429
7,CTGAN,2,6,RF,6.055555441719282
7,CTGAN,2,6,XGBoost,6.626585398876053
7,CTGAN,2,6,CatBoost,6.134145243118803
7,CTGAN,2,6,LightGBM,6.538817423240429
7,CTGAN,2,7,RF,6.002015124764049
7,CTGAN,2,7,XGBoost,6.593021673958109
7,CTGAN,2,7,CatBoost,6.2595810048801095
7,CTGAN,2,7,LightGBM,6.767315567007163
7,CTGAN,2,8,RF,5.951617954297114
7,CTGAN,2,8,XGBoost,6.477376908084498
7,CTGAN,2,8,CatBoost,5.974441706885184
7,CTGAN,2,8,LightGBM,6.408929536930674
7,CTGAN,2,9,RF,5.9742359072839575
7,CTGAN,2,9,XGBoost,6.461820490050207
7,CTGAN,2,9,CatBoost,6.076681826604649
7,CTGAN,2,9,LightGBM,6.49103875363822
7,CTGAN,2,10,RF,5.916565690969257
7,CTGAN,2,10,XGBoost,6.54699223297905
7,CTGAN,2,10,CatBoost,6.147650539543799
7,CTGAN,2,10,LightGBM,6.617632623647741
7,CTGAN,2,12,RF,5.9949356463275185
7,CTGAN,2,12,XGBoost,6.507578947623231
7,CTGAN,2,12,CatBoost,6.210497287646767
7,CTGAN,2,12,LightGBM,6.594905470385115
7,CTGAN,2,14,RF,6.1318738665706505
7,CTGAN,2,14,XGBoost,6.500070289012146
7,CTGAN,2,14,CatBoost,6.217248164326639
7,CTGAN,2,14,LightGBM,6.323237084972782
7,CTGAN,2,17,RF,6.102817713180184
7,CTGAN,2,17,XGBoost,6.40619439538111
7,CTGAN,2,17,CatBoost,5.896217071439117
7,CTGAN,2,17,LightGBM,6.6947965588001095
7,CTGAN,2,19,RF,6.09047462903296
7,CTGAN,2,19,XGBoost,6.286691034033682
7,CTGAN,2,19,CatBoost,5.996902858899342
7,CTGAN,2,19,LightGBM,6.654662515461244
7,CTGAN,5,1,RF,8.368648865706724
7,CTGAN,5,1,XGBoost,8.083324730532869
7,CTGAN,5,1,CatBoost,7.223559397194061
7,CTGAN,5,1,LightGBM,7.308380485574773
7,CTGAN,5,2,RF,7.281538964712803
7,CTGAN,5,2,XGBoost,7.530294985421993
7,CTGAN,5,2,CatBoost,7.4350958560627545
7,CTGAN,5,2,LightGBM,7.273374359864174
7,CTGAN,5,3,RF,6.381147601250491
7,CTGAN,5,3,XGBoost,7.5643063929343395
7,CTGAN,5,3,CatBoost,6.800590187746021
7,CTGAN,5,3,LightGBM,6.64613641341063
7,CTGAN,5,4,RF,6.067257534604916
7,CTGAN,5,4,XGBoost,6.6619569603872435
7,CTGAN,5,4,CatBoost,6.15171446678549
7,CTGAN,5,4,LightGBM,6.596737040017909
7,CTGAN,5,5,RF,6.004190709189462
7,CTGAN,5,5,XGBoost,6.534232538402038
7,CTGAN,5,5,CatBoost,6.118465119921744
7,CTGAN,5,5,LightGBM,6.417413520683789
7,CTGAN,5,6,RF,6.128493821050438
7,CTGAN,5,6,XGBoost,6.688166578694006
7,CTGAN,5,6,CatBoost,6.1740767208124705
7,CTGAN,5,6,LightGBM,6.417413520683789
7,CTGAN,5,7,RF,5.905225432854569
7,CTGAN,5,7,XGBoost,6.417914176455408
7,CTGAN,5,7,CatBoost,5.945361371896604
7,CTGAN,5,7,LightGBM,6.20217479425728
7,CTGAN,5,8,RF,5.827450963508542
7,CTGAN,5,8,XGBoost,6.355928562552376
7,CTGAN,5,8,CatBoost,6.02650404069958
7,CTGAN,5,8,LightGBM,5.911657074015864
7,CTGAN,5,9,RF,5.793724996263804
7,CTGAN,5,9,XGBoost,6.455156854349178
7,CTGAN,5,9,CatBoost,5.86195303652651
7,CTGAN,5,9,LightGBM,5.733700895109465
7,CTGAN,5,10,RF,5.8036253393041894
7,CTGAN,5,10,XGBoost,6.406363981797505
7,CTGAN,5,10,CatBoost,5.928855843535447
7,CTGAN,5,10,LightGBM,6.165616441695197
7,CTGAN,5,12,RF,5.91587952869508
7,CTGAN,5,12,XGBoost,6.461366398067159
7,CTGAN,5,12,CatBoost,6.192362426951916
7,CTGAN,5,12,LightGBM,6.102768357461275
7,CTGAN,5,14,RF,5.883284274460931
7,CTGAN,5,14,XGBoost,6.432620582480893
7,CTGAN,5,14,CatBoost,6.144994224852003
7,CTGAN,5,14,LightGBM,5.911556090504757
7,CTGAN,5,17,RF,5.856015446923355
7,CTGAN,5,17,XGBoost,6.364223231254031
7,CTGAN,5,17,CatBoost,6.048626271352407
7,CTGAN,5,17,LightGBM,5.840320530641856
7,CTGAN,5,19,RF,5.770438673029265
7,CTGAN,5,19,XGBoost,6.299636074655543
7,CTGAN,5,19,CatBoost,5.932885843058666
7,CTGAN,5,19,LightGBM,6.012297400869289
7,TVAE,1,1,RF,6.770561007315032
7,TVAE,1,1,XGBoost,6.166109462603227
7,TVAE,1,1,CatBoost,6.10860518512722
7,TVAE,1,1,LightGBM,6.287313793080863
7,TVAE,1,2,RF,6.057805754243669
7,TVAE,1,2,XGBoost,6.044457737686532
7,TVAE,1,2,CatBoost,6.003746054847949
7,TVAE,1,2,LightGBM,5.914578162201413
7,TVAE,1,3,RF,5.24306315399565
7,TVAE,1,3,XGBoost,5.635703395388405
7,TVAE,1,3,CatBoost,5.2361935185328
7,TVAE,1,3,LightGBM,5.501107049255918
7,TVAE,1,4,RF,5.3610804455380725
7,TVAE,1,4,XGBoost,5.22419064894395
7,TVAE,1,4,CatBoost,5.134852492090781
7,TVAE,1,4,LightGBM,5.367387541325102
7,TVAE,1,5,RF,5.234327912542917
7,TVAE,1,5,XGBoost,5.429949067327913
7,TVAE,1,5,CatBoost,5.155147615467243
7,TVAE,1,5,LightGBM,5.138817633669501
7,TVAE,1,6,RF,5.189470725050961
7,TVAE,1,6,XGBoost,5.3536299293130405
7,TVAE,1,6,CatBoost,5.098767341552477
7,TVAE,1,6,LightGBM,5.249872927013973
7,TVAE,1,7,RF,5.303375919574189
7,TVAE,1,7,XGBoost,5.558309334198279
7,TVAE,1,7,CatBoost,5.257692387155757
7,TVAE,1,7,LightGBM,5.440997631021647
7,TVAE,1,8,RF,5.244556744072309
7,TVAE,1,8,XGBoost,5.556696244581804
7,TVAE,1,8,CatBoost,5.288909417565145
7,TVAE,1,8,LightGBM,5.427883685028084
7,TVAE,1,9,RF,5.210839299066131
7,TVAE,1,9,XGBoost,5.583013439299845
7,TVAE,1,9,CatBoost,5.347964978956214
7,TVAE,1,9,LightGBM,5.353811346377759
7,TVAE,1,10,RF,5.2091208201082475
7,TVAE,1,10,XGBoost,5.54430774685263
7,TVAE,1,10,CatBoost,5.263736860249561
7,TVAE,1,10,LightGBM,5.500063828052356
7,TVAE,1,12,RF,5.204262042228045
7,TVAE,1,12,XGBoost,5.471257276970467
7,TVAE,1,12,CatBoost,5.170942035675337
7,TVAE,1,12,LightGBM,5.066406247574773
7,TVAE,1,14,RF,5.260918311065555
7,TVAE,1,14,XGBoost,5.536222855947658
7,TVAE,1,14,CatBoost,5.318659173393204
7,TVAE,1,14,LightGBM,5.189492670040831
7,TVAE,1,17,RF,5.282335047377081
7,TVAE,1,17,XGBoost,5.479828045654981
7,TVAE,1,17,CatBoost,5.232856070768265
7,TVAE,1,17,LightGBM,5.198419406764519
7,TVAE,1,19,RF,5.266675025250628
7,TVAE,1,19,XGBoost,5.428357585334267
7,TVAE,1,19,CatBoost,5.24052585547986
7,TVAE,1,19,LightGBM,5.122046877573876
7,TVAE,2,1,RF,6.902954299312205
7,TVAE,2,1,XGBoost,6.127581327057522
7,TVAE,2,1,CatBoost,6.348945607329939
7,TVAE,2,1,LightGBM,6.269980144303273
7,TVAE,2,2,RF,6.504831937422975
7,TVAE,2,2,XGBoost,6.44368059227889
7,TVAE,2,2,CatBoost,6.533492093640911
7,TVAE,2,2,LightGBM,6.045878884953652
7,TVAE,2,3,RF,5.596562418492813
7,TVAE,2,3,XGBoost,6.032628698147005
7,TVAE,2,3,CatBoost,5.541923035238992
7,TVAE,2,3,LightGBM,5.178914929385571
7,TVAE,2,4,RF,5.566190189190462
7,TVAE,2,4,XGBoost,5.599136866432623
7,TVAE,2,4,CatBoost,5.412241210080661
7,TVAE,2,4,LightGBM,5.592186992364443
7,TVAE,2,5,RF,5.479895269699335
7,TVAE,2,5,XGBoost,5.653919871536184
7,TVAE,2,5,CatBoost,5.281292563464073
7,TVAE,2,5,LightGBM,5.511458706540337
7,TVAE,2,6,RF,5.426478563614395
7,TVAE,2,6,XGBoost,5.548367488137788
7,TVAE,2,6,CatBoost,5.321245301865167
7,TVAE,2,6,LightGBM,5.511458706540337
7,TVAE,2,7,RF,5.4281576157773355
7,TVAE,2,7,XGBoost,5.749685780603796
7,TVAE,2,7,CatBoost,5.460369781180036
7,TVAE,2,7,LightGBM,5.600649934951295
7,TVAE,2,8,RF,5.448124414527813
7,TVAE,2,8,XGBoost,5.747147464621383
7,TVAE,2,8,CatBoost,5.683981922523062
7,TVAE,2,8,LightGBM,5.588401371187909
7,TVAE,2,9,RF,5.386675612947965
7,TVAE,2,9,XGBoost,5.87818654818254
7,TVAE,2,9,CatBoost,5.588981083054775
7,TVAE,2,9,LightGBM,5.686190312976924
7,TVAE,2,10,RF,5.470657236328896
7,TVAE,2,10,XGBoost,5.761588721810619
7,TVAE,2,10,CatBoost,5.527708945629215
7,TVAE,2,10,LightGBM,5.662838362110895
7,TVAE,2,12,RF,5.395791469746449
7,TVAE,2,12,XGBoost,5.701768949053928
7,TVAE,2,12,CatBoost,5.429047085595106
7,TVAE,2,12,LightGBM,5.33957086162799
7,TVAE,2,14,RF,5.514213818300778
7,TVAE,2,14,XGBoost,5.713710702537585
7,TVAE,2,14,CatBoost,5.4494054442275806
7,TVAE,2,14,LightGBM,5.258743515974459
7,TVAE,2,17,RF,5.528630854228942
7,TVAE,2,17,XGBoost,5.74985264655362
7,TVAE,2,17,CatBoost,5.480199693798604
7,TVAE,2,17,LightGBM,5.411873088950011
7,TVAE,2,19,RF,5.518378209722599
7,TVAE,2,19,XGBoost,5.732035629268405
7,TVAE,2,19,CatBoost,5.528964852639879
7,TVAE,2,19,LightGBM,5.331512217672453
7,TVAE,5,1,RF,7.433019997228222
7,TVAE,5,1,XGBoost,6.521978602266104
7,TVAE,5,1,CatBoost,6.771260946183781
7,TVAE,5,1,LightGBM,6.88282353681054
7,TVAE,5,2,RF,6.75772829342177
7,TVAE,5,2,XGBoost,6.752618041532722
7,TVAE,5,2,CatBoost,7.22884410892212
7,TVAE,5,2,LightGBM,6.521964690938881
7,TVAE,5,3,RF,5.682163995899306
7,TVAE,5,3,XGBoost,6.303080734027714
7,TVAE,5,3,CatBoost,5.919622480675799
7,TVAE,5,3,LightGBM,5.663423532155638
7,TVAE,5,4,RF,5.5471750792091585
7,TVAE,5,4,XGBoost,5.858746633612214
7,TVAE,5,4,CatBoost,5.505350745868042
7,TVAE,5,4,LightGBM,5.39344918914136
7,TVAE,5,5,RF,5.519612046388454
7,TVAE,5,5,XGBoost,5.724681098372755
7,TVAE,5,5,CatBoost,5.500515777521265
7,TVAE,5,5,LightGBM,5.685078415464972
7,TVAE,5,6,RF,5.54581359161692
7,TVAE,5,6,XGBoost,5.815628416681119
7,TVAE,5,6,CatBoost,5.387124097659326
7,TVAE,5,6,LightGBM,5.685078415464972
7,TVAE,5,7,RF,5.456482143581866
7,TVAE,5,7,XGBoost,5.881491749427317
7,TVAE,5,7,CatBoost,5.601275824051484
7,TVAE,5,7,LightGBM,5.404122126406718
7,TVAE,5,8,RF,5.409451005432025
7,TVAE,5,8,XGBoost,5.850965953821135
7,TVAE,5,8,CatBoost,5.59404265149237
7,TVAE,5,8,LightGBM,5.450521727300228
7,TVAE,5,9,RF,5.383369969858102
7,TVAE,5,9,XGBoost,5.845991615757953
7,TVAE,5,9,CatBoost,5.648972348166925
7,TVAE,5,9,LightGBM,5.572082833635819
7,TVAE,5,10,RF,5.414188344052041
7,TVAE,5,10,XGBoost,5.858998539387952
7,TVAE,5,10,CatBoost,5.509624280716676
7,TVAE,5,10,LightGBM,5.552014055284139
7,TVAE,5,12,RF,5.3669797075731625
7,TVAE,5,12,XGBoost,5.769553848997337
7,TVAE,5,12,CatBoost,5.446797421750783
7,TVAE,5,12,LightGBM,5.340323794052431
7,TVAE,5,14,RF,5.630803904402647
7,TVAE,5,14,XGBoost,5.906512116798209
7,TVAE,5,14,CatBoost,5.598818521045139
7,TVAE,5,14,LightGBM,5.733401149224599
7,TVAE,5,17,RF,5.676853039570622
7,TVAE,5,17,XGBoost,6.009333198674376
7,TVAE,5,17,CatBoost,5.698135910274343
7,TVAE,5,17,LightGBM,5.746984589737219
7,TVAE,5,19,RF,5.694198333616953
7,TVAE,5,19,XGBoost,5.936298263781793
7,TVAE,5,19,CatBoost,5.6618652865356704
7,TVAE,5,19,LightGBM,5.630456411777495
7,GEO-interp,1,1,RF,5.9626966609235454
7,GEO-interp,1,1,XGBoost,5.429450592158043
7,GEO-interp,1,1,CatBoost,5.745006903335357
7,GEO-interp,1,1,LightGBM,5.456569295079091
7,GEO-interp,1,2,RF,5.5816718188340735
7,GEO-interp,1,2,XGBoost,5.551086331880643
7,GEO-interp,1,2,CatBoost,5.7301494129450825
7,GEO-interp,1,2,LightGBM,5.274770829074806
7,GEO-interp,1,3,RF,5.030916677361522
7,GEO-interp,1,3,XGBoost,5.434253946525137
7,GEO-interp,1,3,CatBoost,4.8368354392500725
7,GEO-interp,1,3,LightGBM,4.978003398523767
7,GEO-interp,1,4,RF,5.2952555933475765
7,GEO-interp,1,4,XGBoost,5.267278091833386
7,GEO-interp,1,4,CatBoost,5.196639663417386
7,GEO-interp,1,4,LightGBM,5.300603693014721
7,GEO-interp,1,5,RF,5.330232318932264
7,GEO-interp,1,5,XGBoost,5.345365694395968
7,GEO-interp,1,5,CatBoost,5.337984583358927
7,GEO-interp,1,5,LightGBM,5.282972057889753
7,GEO-interp,1,6,RF,5.232256758094464
7,GEO-interp,1,6,XGBoost,5.397244477370103
7,GEO-interp,1,6,CatBoost,5.390399789889155
7,GEO-interp,1,6,LightGBM,5.337618719247587
7,GEO-interp,1,7,RF,5.2403313686491115
7,GEO-interp,1,7,XGBoost,5.574038406713162
7,GEO-interp,1,7,CatBoost,5.293997684712945
7,GEO-interp,1,7,LightGBM,5.263111777541631
7,GEO-interp,1,8,RF,5.209006257008678
7,GEO-interp,1,8,XGBoost,5.494844198025365
7,GEO-interp,1,8,CatBoost,5.371457289406032
7,GEO-interp,1,8,LightGBM,5.251307925085879
7,GEO-interp,1,9,RF,5.20340775290192
7,GEO-interp,1,9,XGBoost,5.5205114606769525
7,GEO-interp,1,9,CatBoost,5.286012870496606
7,GEO-interp,1,9,LightGBM,5.296559762519821
7,GEO-interp,1,10,RF,5.21718554415694
7,GEO-interp,1,10,XGBoost,5.48065771299894
7,GEO-interp,1,10,CatBoost,5.347887854558884
7,GEO-interp,1,10,LightGBM,5.371274640619209
7,GEO-interp,1,12,RF,5.109504839000156
7,GEO-interp,1,12,XGBoost,5.494047987666286
7,GEO-interp,1,12,CatBoost,5.211059305673453
7,GEO-interp,1,12,LightGBM,5.268643552108911
7,GEO-interp,1,14,RF,5.293468926504889
7,GEO-interp,1,14,XGBoost,5.44495864076643
7,GEO-interp,1,14,CatBoost,5.2241180599280455
7,GEO-interp,1,14,LightGBM,5.251806033349517
7,GEO-interp,1,17,RF,5.2587433538763975
7,GEO-interp,1,17,XGBoost,5.570475912329314
7,GEO-interp,1,17,CatBoost,5.318778278627668
7,GEO-interp,1,17,LightGBM,5.282404585345882
7,GEO-interp,1,19,RF,5.28085858574863
7,GEO-interp,1,19,XGBoost,5.697747708643277
7,GEO-interp,1,19,CatBoost,5.224830827280778
7,GEO-interp,1,19,LightGBM,5.268771848804064
7,GEO-interp,2,1,RF,5.812714125368461
7,GEO-interp,2,1,XGBoost,5.636074722083648
7,GEO-interp,2,1,CatBoost,5.625074052870033
7,GEO-interp,2,1,LightGBM,5.815636769885755
7,GEO-interp,2,2,RF,5.643011977630022
7,GEO-interp,2,2,XGBoost,5.99912410678695
7,GEO-interp,2,2,CatBoost,5.6765715707307205
7,GEO-interp,2,2,LightGBM,6.003249157356898
7,GEO-interp,2,3,RF,4.939752295009774
7,GEO-interp,2,3,XGBoost,5.445445927961946
7,GEO-interp,2,3,CatBoost,5.1977394016237115
7,GEO-interp,2,3,LightGBM,5.057688000078881
7,GEO-interp,2,4,RF,5.248735021804526
7,GEO-interp,2,4,XGBoost,5.338469996633343
7,GEO-interp,2,4,CatBoost,5.319030548933962
7,GEO-interp,2,4,LightGBM,5.417478572963472
7,GEO-interp,2,5,RF,5.28976631092511
7,GEO-interp,2,5,XGBoost,5.412984459736299
7,GEO-interp,2,5,CatBoost,5.511140682593284
7,GEO-interp,2,5,LightGBM,5.400049174070885
7,GEO-interp,2,6,RF,5.2812332918184515
7,GEO-interp,2,6,XGBoost,5.4754748302552505
7,GEO-interp,2,6,CatBoost,5.4418557475918865
7,GEO-interp,2,6,LightGBM,5.480753092852055
7,GEO-interp,2,7,RF,5.280631950812998
7,GEO-interp,2,7,XGBoost,5.491066098256022
7,GEO-interp,2,7,CatBoost,5.420247089393932
7,GEO-interp,2,7,LightGBM,5.438443361263762
7,GEO-interp,2,8,RF,5.171204453767896
7,GEO-interp,2,8,XGBoost,5.4250623976669905
7,GEO-interp,2,8,CatBoost,5.314632644706904
7,GEO-interp,2,8,LightGBM,5.422795533714538
7,GEO-interp,2,9,RF,5.2019030464374
7,GEO-interp,2,9,XGBoost,5.518863181343654
7,GEO-interp,2,9,CatBoost,5.308512036318582
7,GEO-interp,2,9,LightGBM,5.501591508754026
7,GEO-interp,2,10,RF,5.1408073110813435
7,GEO-interp,2,10,XGBoost,5.550704416937882
7,GEO-interp,2,10,CatBoost,5.362952691483458
7,GEO-interp,2,10,LightGBM,5.5734174690228295
7,GEO-interp,2,12,RF,5.164661495630635
7,GEO-interp,2,12,XGBoost,5.564767968673235
7,GEO-interp,2,12,CatBoost,5.286434925708726
7,GEO-interp,2,12,LightGBM,5.495849952175668
7,GEO-interp,2,14,RF,5.3017057638150495
7,GEO-interp,2,14,XGBoost,5.625507228359114
7,GEO-interp,2,14,CatBoost,5.312547158560002
7,GEO-interp,2,14,LightGBM,5.324714705463675
7,GEO-interp,2,17,RF,5.33554912320838
7,GEO-interp,2,17,XGBoost,5.797772022092607
7,GEO-interp,2,17,CatBoost,5.492802701376473
7,GEO-interp,2,17,LightGBM,5.393053184962078
7,GEO-interp,2,19,RF,5.29654849659839
7,GEO-interp,2,19,XGBoost,5.677112303671577
7,GEO-interp,2,19,CatBoost,5.41349559728442
7,GEO-interp,2,19,LightGBM,5.388532016693314
7,GEO-interp,5,1,RF,6.361223850271679
7,GEO-interp,5,1,XGBoost,5.448850208098312
7,GEO-interp,5,1,CatBoost,5.834184175628374
7,GEO-interp,5,1,LightGBM,6.160978512705391
7,GEO-interp,5,2,RF,5.4439505093374
7,GEO-interp,5,2,XGBoost,5.8732657212813075
7,GEO-interp,5,2,CatBoost,5.538938515975744
7,GEO-interp,5,2,LightGBM,5.951491928129119
7,GEO-interp,5,3,RF,4.802074150904415
7,GEO-interp,5,3,XGBoost,5.533040551962381
7,GEO-interp,5,3,CatBoost,4.988785890949422
7,GEO-interp,5,3,LightGBM,5.014116974791958
7,GEO-interp,5,4,RF,5.153613636912061
7,GEO-interp,5,4,XGBoost,5.222948513398604
7,GEO-interp,5,4,CatBoost,5.0327266014988785
7,GEO-interp,5,4,LightGBM,5.088627922416861
7,GEO-interp,5,5,RF,5.174068996797969
7,GEO-interp,5,5,XGBoost,5.232176931778098
7,GEO-interp,5,5,CatBoost,5.166537385430242
7,GEO-interp,5,5,LightGBM,5.126445922884253
7,GEO-interp,5,6,RF,5.1677650651784734
7,GEO-interp,5,6,XGBoost,5.347993959287718
7,GEO-interp,5,6,CatBoost,5.238578078257956
7,GEO-interp,5,6,LightGBM,5.13834789300785
7,GEO-interp,5,7,RF,5.114290127638495
7,GEO-interp,5,7,XGBoost,5.35164365532451
7,GEO-interp,5,7,CatBoost,5.194317088751531
7,GEO-interp,5,7,LightGBM,4.930493683265499
7,GEO-interp,5,8,RF,5.162237177214085
7,GEO-interp,5,8,XGBoost,5.417442585351437
7,GEO-interp,5,8,CatBoost,5.28732856480372
7,GEO-interp,5,8,LightGBM,5.327340673374571
7,GEO-interp,5,9,RF,5.187482550761292
7,GEO-interp,5,9,XGBoost,5.545980600295439
7,GEO-interp,5,9,CatBoost,5.129089061415588
7,GEO-interp,5,9,LightGBM,5.340492815322305
7,GEO-interp,5,10,RF,5.199006020242212
7,GEO-interp,5,10,XGBoost,5.519133375932965
7,GEO-interp,5,10,CatBoost,5.309873476620904
7,GEO-interp,5,10,LightGBM,5.276176761126193
7,GEO-interp,5,12,RF,5.194049982455015
7,GEO-interp,5,12,XGBoost,5.5187396197574445
7,GEO-interp,5,12,CatBoost,5.241578400378186
7,GEO-interp,5,12,LightGBM,5.291298535925899
7,GEO-interp,5,14,RF,5.289480352285612
7,GEO-interp,5,14,XGBoost,5.635450509912543
7,GEO-interp,5,14,CatBoost,5.275935122962018
7,GEO-interp,5,14,LightGBM,5.306001121903777
7,GEO-interp,5,17,RF,5.264284376555546
7,GEO-interp,5,17,XGBoost,5.826065423508492
7,GEO-interp,5,17,CatBoost,5.328668764508291
7,GEO-interp,5,17,LightGBM,5.2970523511803425
7,GEO-interp,5,19,RF,5.215451069007174
7,GEO-interp,5,19,XGBoost,5.756814234629655
7,GEO-interp,5,19,CatBoost,5.295532420588323
7,GEO-interp,5,19,LightGBM,5.187045689247184
7,GEO-disp,1,1,RF,5.970550060797224
7,GEO-disp,1,1,XGBoost,5.375479964658052
7,GEO-disp,1,1,CatBoost,5.72026075604477
7,GEO-disp,1,1,LightGBM,5.422936895834865
7,GEO-disp,1,2,RF,5.568931840827534
7,GEO-disp,1,2,XGBoost,5.553447494093843
7,GEO-disp,1,2,CatBoost,5.85374863963586
7,GEO-disp,1,2,LightGBM,5.2526869563328
7,GEO-disp,1,3,RF,4.971893482120494
7,GEO-disp,1,3,XGBoost,5.311910978663562
7,GEO-disp,1,3,CatBoost,4.80177947991325
7,GEO-disp,1,3,LightGBM,4.893336831638207
7,GEO-disp,1,4,RF,5.307472460861547
7,GEO-disp,1,4,XGBoost,5.232184292758101
7,GEO-disp,1,4,CatBoost,5.293735329215756
7,GEO-disp,1,4,LightGBM,5.283967207109497
7,GEO-disp,1,5,RF,5.2771382909940385
7,GEO-disp,1,5,XGBoost,5.347897979070816
7,GEO-disp,1,5,CatBoost,5.41709486652017
7,GEO-disp,1,5,LightGBM,5.27555130617003
7,GEO-disp,1,6,RF,5.2804757525773836
7,GEO-disp,1,6,XGBoost,5.422076695972989
7,GEO-disp,1,6,CatBoost,5.384842716953439
7,GEO-disp,1,6,LightGBM,5.488834390630968
7,GEO-disp,1,7,RF,5.226952481216213
7,GEO-disp,1,7,XGBoost,5.50401403167492
7,GEO-disp,1,7,CatBoost,5.350364607826343
7,GEO-disp,1,7,LightGBM,5.401956069546079
7,GEO-disp,1,8,RF,5.309635730559759
7,GEO-disp,1,8,XGBoost,5.425216992721389
7,GEO-disp,1,8,CatBoost,5.3690276806832635
7,GEO-disp,1,8,LightGBM,5.282878727121255
7,GEO-disp,1,9,RF,5.194236748534567
7,GEO-disp,1,9,XGBoost,5.528839633686608
7,GEO-disp,1,9,CatBoost,5.353919218016951
7,GEO-disp,1,9,LightGBM,5.288784450704269
7,GEO-disp,1,10,RF,5.228432704610894
7,GEO-disp,1,10,XGBoost,5.502745914641499
7,GEO-disp,1,10,CatBoost,5.283571428360641
7,GEO-disp,1,10,LightGBM,5.403166603917683
7,GEO-disp,1,12,RF,5.174580342326135
7,GEO-disp,1,12,XGBoost,5.508252538510858
7,GEO-disp,1,12,CatBoost,5.210085796300353
7,GEO-disp,1,12,LightGBM,5.23485866759055
7,GEO-disp,1,14,RF,5.346640306617935
7,GEO-disp,1,14,XGBoost,5.451140957871705
7,GEO-disp,1,14,CatBoost,5.441029834263368
7,GEO-disp,1,14,LightGBM,5.078559856922461
7,GEO-disp,1,17,RF,5.322024356320575
7,GEO-disp,1,17,XGBoost,5.575279656031552
7,GEO-disp,1,17,CatBoost,5.404687299597141
7,GEO-disp,1,17,LightGBM,5.061481704966824
7,GEO-disp,1,19,RF,5.256918994005941
7,GEO-disp,1,19,XGBoost,5.688724341645225
7,GEO-disp,1,19,CatBoost,5.30835907490595
7,GEO-disp,1,19,LightGBM,5.173480864637959
7,GEO-disp,2,1,RF,5.84831967450135
7,GEO-disp,2,1,XGBoost,5.616310318857545
7,GEO-disp,2,1,CatBoost,5.571857972614009
7,GEO-disp,2,1,LightGBM,5.819269956218392
7,GEO-disp,2,2,RF,5.571419622879773
7,GEO-disp,2,2,XGBoost,6.0868971653200985
7,GEO-disp,2,2,CatBoost,5.803993244852115
7,GEO-disp,2,2,LightGBM,5.994823343547942
7,GEO-disp,2,3,RF,4.916309073904182
7,GEO-disp,2,3,XGBoost,5.4584345069448945
7,GEO-disp,2,3,CatBoost,5.168234606273215
7,GEO-disp,2,3,LightGBM,5.017729073219752
7,GEO-disp,2,4,RF,5.273866739384386
7,GEO-disp,2,4,XGBoost,5.312374051315323
7,GEO-disp,2,4,CatBoost,5.383971755723066
7,GEO-disp,2,4,LightGBM,5.507865442434676
7,GEO-disp,2,5,RF,5.211445224775816
7,GEO-disp,2,5,XGBoost,5.330415761830834
7,GEO-disp,2,5,CatBoost,5.405566140850674
7,GEO-disp,2,5,LightGBM,5.528807997524904
7,GEO-disp,2,6,RF,5.252536111280475
7,GEO-disp,2,6,XGBoost,5.492513097599154
7,GEO-disp,2,6,CatBoost,5.37546448012566
7,GEO-disp,2,6,LightGBM,5.601980586986171
7,GEO-disp,2,7,RF,5.209960094916969
7,GEO-disp,2,7,XGBoost,5.479372849411035
7,GEO-disp,2,7,CatBoost,5.522438051080477
7,GEO-disp,2,7,LightGBM,5.507181208539657
7,GEO-disp,2,8,RF,5.132697638682044
7,GEO-disp,2,8,XGBoost,5.441205817145368
7,GEO-disp,2,8,CatBoost,5.353641804757734
7,GEO-disp,2,8,LightGBM,5.437304435765129
7,GEO-disp,2,9,RF,5.1409324616557015
7,GEO-disp,2,9,XGBoost,5.49376844448242
7,GEO-disp,2,9,CatBoost,5.323575765762737
7,GEO-disp,2,9,LightGBM,5.455627484745837
7,GEO-disp,2,10,RF,5.140487704365904
7,GEO-disp,2,10,XGBoost,5.558247233988449
7,GEO-disp,2,10,CatBoost,5.397818427019713
7,GEO-disp,2,10,LightGBM,5.549478493182314
7,GEO-disp,2,12,RF,5.151957372385357
7,GEO-disp,2,12,XGBoost,5.541553122956449
7,GEO-disp,2,12,CatBoost,5.263744529626659
7,GEO-disp,2,12,LightGBM,5.428563631030891
7,GEO-disp,2,14,RF,5.313263028997474
7,GEO-disp,2,14,XGBoost,5.649449613654915
7,GEO-disp,2,14,CatBoost,5.326445209353165
7,GEO-disp,2,14,LightGBM,5.245413500301057
7,GEO-disp,2,17,RF,5.245166223709147
7,GEO-disp,2,17,XGBoost,5.753721961862999
7,GEO-disp,2,17,CatBoost,5.395410821232778
7,GEO-disp,2,17,LightGBM,5.197891486059778
7,GEO-disp,2,19,RF,5.277764676569895
7,GEO-disp,2,19,XGBoost,5.662278760921814
7,GEO-disp,2,19,CatBoost,5.330090935765758
7,GEO-disp,2,19,LightGBM,5.277909111547793
7,GEO-disp,5,1,RF,6.459243944912909
7,GEO-disp,5,1,XGBoost,5.3887403033896115
7,GEO-disp,5,1,CatBoost,5.836792749371207
7,GEO-disp,5,1,LightGBM,6.124398895292234
7,GEO-disp,5,2,RF,5.347503143585599
7,GEO-disp,5,2,XGBoost,5.880574415706671
7,GEO-disp,5,2,CatBoost,5.60897668396618
7,GEO-disp,5,2,LightGBM,5.890438120083602
7,GEO-disp,5,3,RF,4.811884894031805
7,GEO-disp,5,3,XGBoost,5.513873677206654
7,GEO-disp,5,3,CatBoost,4.9778651955620115
7,GEO-disp,5,3,LightGBM,5.047602654282702
7,GEO-disp,5,4,RF,5.142433468487184
7,GEO-disp,5,4,XGBoost,5.1612680548465315
7,GEO-disp,5,4,CatBoost,5.012239405089544
7,GEO-disp,5,4,LightGBM,4.976852193596637
7,GEO-disp,5,5,RF,5.123012156801859
7,GEO-disp,5,5,XGBoost,5.177457145780205
7,GEO-disp,5,5,CatBoost,5.121385802419088
7,GEO-disp,5,5,LightGBM,5.141573581971644
7,GEO-disp,5,6,RF,5.140580796936223
7,GEO-disp,5,6,XGBoost,5.27018980133515
7,GEO-disp,5,6,CatBoost,5.040088413183479
7,GEO-disp,5,6,LightGBM,5.198668947405716
7,GEO-disp,5,7,RF,5.122512322272754
7,GEO-disp,5,7,XGBoost,5.318779910375864
7,GEO-disp,5,7,CatBoost,5.0344992709083325
7,GEO-disp,5,7,LightGBM,4.975397691476256
7,GEO-disp,5,8,RF,5.039576181788398
7,GEO-disp,5,8,XGBoost,5.454290012942801
7,GEO-disp,5,8,CatBoost,5.016295208807556
7,GEO-disp,5,8,LightGBM,5.431012273273642
7,GEO-disp,5,9,RF,5.124915717224913
7,GEO-disp,5,9,XGBoost,5.424409670952243
7,GEO-disp,5,9,CatBoost,5.125765672243851
7,GEO-disp,5,9,LightGBM,5.417327392699658
7,GEO-disp,5,10,RF,5.144900949988074
7,GEO-disp,5,10,XGBoost,5.495260377021966
7,GEO-disp,5,10,CatBoost,5.19436596732146
7,GEO-disp,5,10,LightGBM,5.438965025573688
7,GEO-disp,5,12,RF,5.067637590473234
7,GEO-disp,5,12,XGBoost,5.447887365479873
7,GEO-disp,5,12,CatBoost,5.062137143508738
7,GEO-disp,5,12,LightGBM,5.249441414447114
7,GEO-disp,5,14,RF,5.203768845113196
7,GEO-disp,5,14,XGBoost,5.679807259083497
7,GEO-disp,5,14,CatBoost,5.149097272699363
7,GEO-disp,5,14,LightGBM,5.38839299750516
7,GEO-disp,5,17,RF,5.175664124860689
7,GEO-disp,5,17,XGBoost,5.898698158527874
7,GEO-disp,5,17,CatBoost,5.383091599637324
7,GEO-disp,5,17,LightGBM,5.314025280072065
7,GEO-disp,5,19,RF,5.23022741343084
7,GEO-disp,5,19,XGBoost,5.591344100394228
7,GEO-disp,5,19,CatBoost,5.235031532559266
7,GEO-disp,5,19,LightGBM,5.339455693903561
8,aucun,0,1,RF,6.674597600723058
8,aucun,0,1,XGBoost,7.160034338202194
8,aucun,0,1,CatBoost,6.554548055220441
8,aucun,0,1,LightGBM,6.571755543206054
8,aucun,0,2,RF,6.18811994211071
8,aucun,0,2,XGBoost,6.496665062099637
8,aucun,0,2,CatBoost,6.0816230520570205
8,aucun,0,2,LightGBM,6.520139064088554
8,aucun,0,3,RF,5.813736366804789
8,aucun,0,3,XGBoost,6.641902718430813
8,aucun,0,3,CatBoost,5.514829016149018
8,aucun,0,3,LightGBM,6.160290384607546
8,aucun,0,4,RF,5.745941252447835
8,aucun,0,4,XGBoost,6.306090613223351
8,aucun,0,4,CatBoost,5.57246071236106
8,aucun,0,4,LightGBM,5.5737762062896765
8,aucun,0,5,RF,5.621372924142088
8,aucun,0,5,XGBoost,6.015229936725596
8,aucun,0,5,CatBoost,5.388856327269114
8,aucun,0,5,LightGBM,5.253743972842388
8,aucun,0,6,RF,5.630791781212745
8,aucun,0,6,XGBoost,5.718855041167086
8,aucun,0,6,CatBoost,5.455628695598496
8,aucun,0,6,LightGBM,5.253743972842388
8,aucun,0,7,RF,5.696345915567093
8,aucun,0,7,XGBoost,6.203956384501475
8,aucun,0,7,CatBoost,5.756131916866742
8,aucun,0,7,LightGBM,5.554145546418504
8,aucun,0,8,RF,5.747546815668
8,aucun,0,8,XGBoost,6.053196903373049
8,aucun,0,8,CatBoost,5.673527906231118
8,aucun,0,8,LightGBM,5.515649108967923
8,aucun,0,9,RF,5.728247744620475
8,aucun,0,9,XGBoost,5.853320636509995
8,aucun,0,9,CatBoost,5.551775364478263
8,aucun,0,9,LightGBM,5.487335427168386
8,aucun,0,10,RF,5.790785926883009
8,aucun,0,10,XGBoost,6.095294784016167
8,aucun,0,10,CatBoost,5.644317117013134
8,aucun,0,10,LightGBM,5.566431174612925
8,aucun,0,12,RF,5.706896626345664
8,aucun,0,12,XGBoost,5.93952933325396
8,aucun,0,12,CatBoost,5.544538823343653
8,aucun,0,12,LightGBM,5.3820242022769165
8,aucun,0,14,RF,5.652446104942332
8,aucun,0,14,XGBoost,5.553888172062145
8,aucun,0,14,CatBoost,5.4127923482924984
8,aucun,0,14,LightGBM,5.231640063131786
8,aucun,0,17,RF,5.692962166865395
8,aucun,0,17,XGBoost,5.72812586339221
8,aucun,0,17,CatBoost,5.40234827224858
8,aucun,0,17,LightGBM,5.248026097394895
8,aucun,0,19,RF,5.715647495946479
8,aucun,0,19,XGBoost,5.794493870118645
8,aucun,0,19,CatBoost,5.43345768607301
8,aucun,0,19,LightGBM,5.303217725577625
8,SMOTE-R,1,1,RF,7.116860828025983
8,SMOTE-R,1,1,XGBoost,7.242825660112727
8,SMOTE-R,1,1,CatBoost,7.102217868420541
8,SMOTE-R,1,1,LightGBM,6.88621230441085
8,SMOTE-R,1,2,RF,6.214978860999375
8,SMOTE-R,1,2,XGBoost,6.256177968090921
8,SMOTE-R,1,2,CatBoost,6.158157267549648
8,SMOTE-R,1,2,LightGBM,5.8265194080619676
8,SMOTE-R,1,3,RF,5.832193428955092
8,SMOTE-R,1,3,XGBoost,6.462711316988466
8,SMOTE-R,1,3,CatBoost,5.388504891214652
8,SMOTE-R,1,3,LightGBM,5.840821132223605
8,SMOTE-R,1,4,RF,5.819219910892238
8,SMOTE-R,1,4,XGBoost,5.763978374151854
8,SMOTE-R,1,4,CatBoost,5.585844631276803
8,SMOTE-R,1,4,LightGBM,5.800118911227147
8,SMOTE-R,1,5,RF,5.613840113775184
8,SMOTE-R,1,5,XGBoost,5.470029753233599
8,SMOTE-R,1,5,CatBoost,5.2989183141684535
8,SMOTE-R,1,5,LightGBM,5.58511646031905
8,SMOTE-R,1,6,RF,5.657283918769606
8,SMOTE-R,1,6,XGBoost,5.454086038014766
8,SMOTE-R,1,6,CatBoost,5.378560570516177
8,SMOTE-R,1,6,LightGBM,5.58511646031905
8,SMOTE-R,1,7,RF,5.677340934738774
8,SMOTE-R,1,7,XGBoost,5.664679970746896
8,SMOTE-R,1,7,CatBoost,5.639385270895944
8,SMOTE-R,1,7,LightGBM,5.789698059684377
8,SMOTE-R,1,8,RF,5.607643519315257
8,SMOTE-R,1,8,XGBoost,5.52740351040131
8,SMOTE-R,1,8,CatBoost,5.736055466861158
8,SMOTE-R,1,8,LightGBM,5.893851186749093
8,SMOTE-R,1,9,RF,5.672374435479132
8,SMOTE-R,1,9,XGBoost,5.471576839449886
8,SMOTE-R,1,9,CatBoost,5.69357809672773
8,SMOTE-R,1,9,LightGBM,5.898592236425889
8,SMOTE-R,1,10,RF,5.708952240990202
8,SMOTE-R,1,10,XGBoost,5.517661579720491
8,SMOTE-R,1,10,CatBoost,5.762639191461175
8,SMOTE-R,1,10,LightGBM,5.629782009961814
8,SMOTE-R,1,12,RF,5.641317172019056
8,SMOTE-R,1,12,XGBoost,5.516038728361844
8,SMOTE-R,1,12,CatBoost,5.626954536284098
8,SMOTE-R,1,12,LightGBM,5.58772144320373
8,SMOTE-R,1,14,RF,5.601145327366579
8,SMOTE-R,1,14,XGBoost,5.3745530723332875
8,SMOTE-R,1,14,CatBoost,5.408061455718186
8,SMOTE-R,1,14,LightGBM,5.313838387555922
8,SMOTE-R,1,17,RF,5.604733403083872
8,SMOTE-R,1,17,XGBoost,5.555196796787651
8,SMOTE-R,1,17,CatBoost,5.473651064538102
8,SMOTE-R,1,17,LightGBM,5.182986566779401
8,SMOTE-R,1,19,RF,5.57667557854688
8,SMOTE-R,1,19,XGBoost,5.551297532520952
8,SMOTE-R,1,19,CatBoost,5.442839341799622
8,SMOTE-R,1,19,LightGBM,5.192280505379495
8,SMOTE-R,2,1,RF,7.0356973196611445
8,SMOTE-R,2,1,XGBoost,7.388426438453911
8,SMOTE-R,2,1,CatBoost,6.948683110187023
8,SMOTE-R,2,1,LightGBM,6.99635030292253
8,SMOTE-R,2,2,RF,6.486865803837298
8,SMOTE-R,2,2,XGBoost,6.584613764042162
8,SMOTE-R,2,2,CatBoost,6.279567960909453
8,SMOTE-R,2,2,LightGBM,6.690767160493212
8,SMOTE-R,2,3,RF,5.854414958001706
8,SMOTE-R,2,3,XGBoost,6.730038627837926
8,SMOTE-R,2,3,CatBoost,5.599859442522007
8,SMOTE-R,2,3,LightGBM,5.781652299376301
8,SMOTE-R,2,4,RF,5.865908934372843
8,SMOTE-R,2,4,XGBoost,5.9313219630971385
8,SMOTE-R,2,4,CatBoost,5.794090123049062
8,SMOTE-R,2,4,LightGBM,5.815384156462468
8,SMOTE-R,2,5,RF,5.671125515865262
8,SMOTE-R,2,5,XGBoost,5.699895989416068
8,SMOTE-R,2,5,CatBoost,5.640775658134895
8,SMOTE-R,2,5,LightGBM,5.640729352802142
8,SMOTE-R,2,6,RF,5.670631297753332
8,SMOTE-R,2,6,XGBoost,5.690620303555464
8,SMOTE-R,2,6,CatBoost,5.6322337139517575
8,SMOTE-R,2,6,LightGBM,5.640729352802142
8,SMOTE-R,2,7,RF,5.7136706668487784
8,SMOTE-R,2,7,XGBoost,5.838942545374136
8,SMOTE-R,2,7,CatBoost,5.795077509130272
8,SMOTE-R,2,7,LightGBM,6.004064941722021
8,SMOTE-R,2,8,RF,5.6838320020219
8,SMOTE-R,2,8,XGBoost,5.7200356790783395
8,SMOTE-R,2,8,CatBoost,5.735771472193001
8,SMOTE-R,2,8,LightGBM,5.837433948660355
8,SMOTE-R,2,9,RF,5.819329439574931
8,SMOTE-R,2,9,XGBoost,5.654352211682092
8,SMOTE-R,2,9,CatBoost,5.814209359242242
8,SMOTE-R,2,9,LightGBM,5.766414857367216
8,SMOTE-R,2,10,RF,5.83716767514374
8,SMOTE-R,2,10,XGBoost,5.698642200769211
8,SMOTE-R,2,10,CatBoost,5.8391544518649825
8,SMOTE-R,2,10,LightGBM,5.943550838134206
8,SMOTE-R,2,12,RF,5.772637451318593
8,SMOTE-R,2,12,XGBoost,5.79913244603367
8,SMOTE-R,2,12,CatBoost,5.701517223217783
8,SMOTE-R,2,12,LightGBM,5.640483666242119
8,SMOTE-R,2,14,RF,5.686222428905607
8,SMOTE-R,2,14,XGBoost,5.632745734591702
8,SMOTE-R,2,14,CatBoost,5.460627144712561
8,SMOTE-R,2,14,LightGBM,5.4651417802154585
8,SMOTE-R,2,17,RF,5.739263074402399
8,SMOTE-R,2,17,XGBoost,5.641212588902717
8,SMOTE-R,2,17,CatBoost,5.518820716925353
8,SMOTE-R,2,17,LightGBM,5.6232257125061125
8,SMOTE-R,2,19,RF,5.758874740622227
8,SMOTE-R,2,19,XGBoost,5.597250721039392
8,SMOTE-R,2,19,CatBoost,5.597922077618721
8,SMOTE-R,2,19,LightGBM,5.669032136746163
8,SMOTE-R,5,1,RF,7.2208924632981715
8,SMOTE-R,5,1,XGBoost,7.122558237614293
8,SMOTE-R,5,1,CatBoost,6.89445292615988
8,SMOTE-R,5,1,LightGBM,7.102266462321433
8,SMOTE-R,5,2,RF,6.569555425933249
8,SMOTE-R,5,2,XGBoost,6.543073529920679
8,SMOTE-R,5,2,CatBoost,6.265821452274062
8,SMOTE-R,5,2,LightGBM,6.826979351681755
8,SMOTE-R,5,3,RF,5.725227429558195
8,SMOTE-R,5,3,XGBoost,6.6638701293348435
8,SMOTE-R,5,3,CatBoost,5.463690901179974
8,SMOTE-R,5,3,LightGBM,5.939047670462629
8,SMOTE-R,5,4,RF,5.798427947563831
8,SMOTE-R,5,4,XGBoost,5.778718274569693
8,SMOTE-R,5,4,CatBoost,5.718199930612714
8,SMOTE-R,5,4,LightGBM,6.072735246596537
8,SMOTE-R,5,5,RF,5.63816432177085
8,SMOTE-R,5,5,XGBoost,5.517803010935281
8,SMOTE-R,5,5,CatBoost,5.704140891723102
8,SMOTE-R,5,5,LightGBM,5.738950118411981
8,SMOTE-R,5,6,RF,5.687142252871862
8,SMOTE-R,5,6,XGBoost,5.595031763809618
8,SMOTE-R,5,6,CatBoost,5.693857157425063
8,SMOTE-R,5,6,LightGBM,5.738950118411981
8,SMOTE-R,5,7,RF,5.577427951121594
8,SMOTE-R,5,7,XGBoost,5.614371210152192
8,SMOTE-R,5,7,CatBoost,5.785803681868174
8,SMOTE-R,5,7,LightGBM,5.877938040968996
8,SMOTE-R,5,8,RF,5.805569998207438
8,SMOTE-R,5,8,XGBoost,5.54841881822052
8,SMOTE-R,5,8,CatBoost,5.747558829759932
8,SMOTE-R,5,8,LightGBM,6.166146002698235
8,SMOTE-R,5,9,RF,5.809934954268174
8,SMOTE-R,5,9,XGBoost,5.543865908076682
8,SMOTE-R,5,9,CatBoost,5.7889976889952965
8,SMOTE-R,5,9,LightGBM,6.026523849888083
8,SMOTE-R,5,10,RF,5.804483179550681
8,SMOTE-R,5,10,XGBoost,5.563838115271827
8,SMOTE-R,5,10,CatBoost,5.650496461243929
8,SMOTE-R,5,10,LightGBM,6.19730098270382
8,SMOTE-R,5,12,RF,5.861866991527829
8,SMOTE-R,5,12,XGBoost,5.619737831401182
8,SMOTE-R,5,12,CatBoost,5.638536055043895
8,SMOTE-R,5,12,LightGBM,6.158236672364507
8,SMOTE-R,5,14,RF,5.806305739277949
8,SMOTE-R,5,14,XGBoost,5.570490551918357
8,SMOTE-R,5,14,CatBoost,5.711497741182248
8,SMOTE-R,5,14,LightGBM,6.363236369791855
8,SMOTE-R,5,17,RF,5.86164969570994
8,SMOTE-R,5,17,XGBoost,5.579383265818813
8,SMOTE-R,5,17,CatBoost,5.596292105172519
8,SMOTE-R,5,17,LightGBM,6.041241640267294
8,SMOTE-R,5,19,RF,5.851601317949184
8,SMOTE-R,5,19,XGBoost,5.574507367077183
8,SMOTE-R,5,19,CatBoost,5.629136959583236
8,SMOTE-R,5,19,LightGBM,5.981397845310066
8,CTGAN,1,1,RF,6.410238732127163
8,CTGAN,1,1,XGBoost,6.368121229048206
8,CTGAN,1,1,CatBoost,6.313841440902604
8,CTGAN,1,1,LightGBM,6.355385000800204
8,CTGAN,1,2,RF,6.6308175854848646
8,CTGAN,1,2,XGBoost,6.497753812683005
8,CTGAN,1,2,CatBoost,6.4675552521556
8,CTGAN,1,2,LightGBM,6.463840501684178
8,CTGAN,1,3,RF,6.23375035060046
8,CTGAN,1,3,XGBoost,6.836253100894589
8,CTGAN,1,3,CatBoost,6.5415728023374795
8,CTGAN,1,3,LightGBM,6.47880078201671
8,CTGAN,1,4,RF,5.8650671286432745
8,CTGAN,1,4,XGBoost,6.08814734679474
8,CTGAN,1,4,CatBoost,6.097305849390656
8,CTGAN,1,4,LightGBM,5.6931403518795145
8,CTGAN,1,5,RF,5.45382067624538
8,CTGAN,1,5,XGBoost,5.847531606986465
8,CTGAN,1,5,CatBoost,5.7250443074515625
8,CTGAN,1,5,LightGBM,5.328954954889991
8,CTGAN,1,6,RF,5.419340514562505
8,CTGAN,1,6,XGBoost,5.769534783893774
8,CTGAN,1,6,CatBoost,5.706113229933751
8,CTGAN,1,6,LightGBM,5.391083200133827
8,CTGAN,1,7,RF,5.515731710207673
8,CTGAN,1,7,XGBoost,5.684839164520337
8,CTGAN,1,7,CatBoost,5.848564675238387
8,CTGAN,1,7,LightGBM,5.435190401400748
8,CTGAN,1,8,RF,5.368676296332289
8,CTGAN,1,8,XGBoost,5.492325843858905
8,CTGAN,1,8,CatBoost,5.692073627104294
8,CTGAN,1,8,LightGBM,5.430551905134311
8,CTGAN,1,9,RF,5.408135429967461
8,CTGAN,1,9,XGBoost,5.675263290574671
8,CTGAN,1,9,CatBoost,5.590836743066314
8,CTGAN,1,9,LightGBM,5.432886890395476
8,CTGAN,1,10,RF,5.405711220381199
8,CTGAN,1,10,XGBoost,5.604046189240717
8,CTGAN,1,10,CatBoost,5.4815166422381125
8,CTGAN,1,10,LightGBM,5.4009307489486496
8,CTGAN,1,12,RF,5.352193545265513
8,CTGAN,1,12,XGBoost,5.6236731663135595
8,CTGAN,1,12,CatBoost,5.401170806152246
8,CTGAN,1,12,LightGBM,5.575978444539931
8,CTGAN,1,14,RF,5.467500448646793
8,CTGAN,1,14,XGBoost,5.707933315342435
8,CTGAN,1,14,CatBoost,5.5162419217720915
8,CTGAN,1,14,LightGBM,5.334413952676841
8,CTGAN,1,17,RF,5.4021801047118325
8,CTGAN,1,17,XGBoost,5.64688831596101
8,CTGAN,1,17,CatBoost,5.476146884457717
8,CTGAN,1,17,LightGBM,5.370281643001674
8,CTGAN,1,19,RF,5.406526598977495
8,CTGAN,1,19,XGBoost,5.427560142120137
8,CTGAN,1,19,CatBoost,5.448832673648357
8,CTGAN,1,19,LightGBM,5.263783581235513
8,CTGAN,2,1,RF,7.159481048527089
8,CTGAN,2,1,XGBoost,6.610221792169851
8,CTGAN,2,1,CatBoost,6.504792667622113
8,CTGAN,2,1,LightGBM,6.328969140215837
8,CTGAN,2,2,RF,6.765711719195098
8,CTGAN,2,2,XGBoost,6.546029402273068
8,CTGAN,2,2,CatBoost,6.4561487562403075
8,CTGAN,2,2,LightGBM,6.336223354559116
8,CTGAN,2,3,RF,6.056547080107544
8,CTGAN,2,3,XGBoost,7.02305529366267
8,CTGAN,2,3,CatBoost,6.362227356806035
8,CTGAN,2,3,LightGBM,6.5070953989791
8,CTGAN,2,4,RF,5.95563490125634
8,CTGAN,2,4,XGBoost,6.332694494030456
8,CTGAN,2,4,CatBoost,6.130873869511634
8,CTGAN,2,4,LightGBM,6.618119714075565
8,CTGAN,2,5,RF,5.522815696354524
8,CTGAN,2,5,XGBoost,5.943758072370401
8,CTGAN,2,5,CatBoost,5.541402312638372
8,CTGAN,2,5,LightGBM,6.122751607665947
8,CTGAN,2,6,RF,5.5755391602063655
8,CTGAN,2,6,XGBoost,5.688010414837017
8,CTGAN,2,6,CatBoost,5.751120109744211
8,CTGAN,2,6,LightGBM,6.122751607665947
8,CTGAN,2,7,RF,5.57432565185804
8,CTGAN,2,7,XGBoost,5.845565847709956
8,CTGAN,2,7,CatBoost,5.914905613090702
8,CTGAN,2,7,LightGBM,6.604143746721966
8,CTGAN,2,8,RF,5.482545440743365
8,CTGAN,2,8,XGBoost,5.871587339624138
8,CTGAN,2,8,CatBoost,5.598347117978705
8,CTGAN,2,8,LightGBM,6.24115241021918
8,CTGAN,2,9,RF,5.532546251044126
8,CTGAN,2,9,XGBoost,5.8994421648199875
8,CTGAN,2,9,CatBoost,5.512169297286948
8,CTGAN,2,9,LightGBM,6.0656120677767955
8,CTGAN,2,10,RF,5.562086431175839
8,CTGAN,2,10,XGBoost,5.959984502376171
8,CTGAN,2,10,CatBoost,5.624544425399707
8,CTGAN,2,10,LightGBM,5.86786275056085
8,CTGAN,2,12,RF,5.530961121504858
8,CTGAN,2,12,XGBoost,5.9979740705983415
8,CTGAN,2,12,CatBoost,5.514200937281395
8,CTGAN,2,12,LightGBM,5.655144852160139
8,CTGAN,2,14,RF,5.6666372339069895
8,CTGAN,2,14,XGBoost,6.086102898990806
8,CTGAN,2,14,CatBoost,5.78138318541649
8,CTGAN,2,14,LightGBM,6.133254529736093
8,CTGAN,2,17,RF,5.671968180155926
8,CTGAN,2,17,XGBoost,5.8832092638366795
8,CTGAN,2,17,CatBoost,5.726881816000513
8,CTGAN,2,17,LightGBM,5.831896378987217
8,CTGAN,2,19,RF,5.67913695002041
8,CTGAN,2,19,XGBoost,5.962662878195361
8,CTGAN,2,19,CatBoost,5.745549273133366
8,CTGAN,2,19,LightGBM,5.967798598385618
8,CTGAN,5,1,RF,7.237573732402148
8,CTGAN,5,1,XGBoost,6.563458431244394
8,CTGAN,5,1,CatBoost,6.5639959687705325
8,CTGAN,5,1,LightGBM,6.4370857442999725
8,CTGAN,5,2,RF,6.943612073984599
8,CTGAN,5,2,XGBoost,6.727029683123149
8,CTGAN,5,2,CatBoost,6.564876276486174
8,CTGAN,5,2,LightGBM,6.683992608657103
8,CTGAN,5,3,RF,6.01339315727021
8,CTGAN,5,3,XGBoost,6.939849106258894
8,CTGAN,5,3,CatBoost,6.007637453235416
8,CTGAN,5,3,LightGBM,6.002217856493382
8,CTGAN,5,4,RF,5.8116260669626705
8,CTGAN,5,4,XGBoost,6.24094609320619
8,CTGAN,5,4,CatBoost,5.741023582602892
8,CTGAN,5,4,LightGBM,6.354053811030435
8,CTGAN,5,5,RF,5.4470242098824215
8,CTGAN,5,5,XGBoost,6.0376180911134965
8,CTGAN,5,5,CatBoost,5.124505144548629
8,CTGAN,5,5,LightGBM,5.287354044855941
8,CTGAN,5,6,RF,5.4561716229443995
8,CTGAN,5,6,XGBoost,5.958366882469776
8,CTGAN,5,6,CatBoost,5.1758123025327984
8,CTGAN,5,6,LightGBM,5.287354044855941
8,CTGAN,5,7,RF,5.495052466475362
8,CTGAN,5,7,XGBoost,6.105582006347758
8,CTGAN,5,7,CatBoost,5.282459206502356
8,CTGAN,5,7,LightGBM,5.382299861991149
8,CTGAN,5,8,RF,5.388973943873302
8,CTGAN,5,8,XGBoost,6.178157842510652
8,CTGAN,5,8,CatBoost,5.2603839746017
8,CTGAN,5,8,LightGBM,5.536001221772441
8,CTGAN,5,9,RF,5.454990918766618
8,CTGAN,5,9,XGBoost,6.172305399930755
8,CTGAN,5,9,CatBoost,5.277657920254387
8,CTGAN,5,9,LightGBM,5.713343766429241
8,CTGAN,5,10,RF,5.445368829474348
8,CTGAN,5,10,XGBoost,6.237782493414744
8,CTGAN,5,10,CatBoost,5.36810409092539
8,CTGAN,5,10,LightGBM,5.566123686069476
8,CTGAN,5,12,RF,5.503205986473868
8,CTGAN,5,12,XGBoost,6.216515928193069
8,CTGAN,5,12,CatBoost,5.499849965504684
8,CTGAN,5,12,LightGBM,5.467843013449793
8,CTGAN,5,14,RF,5.685263335290053
8,CTGAN,5,14,XGBoost,6.230612351733235
8,CTGAN,5,14,CatBoost,5.6750577353118254
8,CTGAN,5,14,LightGBM,5.868121598742531
8,CTGAN,5,17,RF,5.718842810547662
8,CTGAN,5,17,XGBoost,6.37949472656832
8,CTGAN,5,17,CatBoost,5.604711085614964
8,CTGAN,5,17,LightGBM,5.920901955146734
8,CTGAN,5,19,RF,5.717927034755628
8,CTGAN,5,19,XGBoost,6.423701624317411
8,CTGAN,5,19,CatBoost,5.861149620463077
8,CTGAN,5,19,LightGBM,5.944522935907633
8,TVAE,1,1,RF,7.652791987692574
8,TVAE,1,1,XGBoost,7.170975181912646
8,TVAE,1,1,CatBoost,7.161011798823539
8,TVAE,1,1,LightGBM,7.358628082545781
8,TVAE,1,2,RF,6.910301181228858
8,TVAE,1,2,XGBoost,7.059765472185798
8,TVAE,1,2,CatBoost,7.05798705933105
8,TVAE,1,2,LightGBM,7.3405678435162605
8,TVAE,1,3,RF,6.2485468126737995
8,TVAE,1,3,XGBoost,6.763083671856285
8,TVAE,1,3,CatBoost,5.811607799152023
8,TVAE,1,3,LightGBM,6.217322489479417
8,TVAE,1,4,RF,6.25086770139795
8,TVAE,1,4,XGBoost,6.373812645877434
8,TVAE,1,4,CatBoost,5.833662578362589
8,TVAE,1,4,LightGBM,5.936490610050962
8,TVAE,1,5,RF,6.129151040763259
8,TVAE,1,5,XGBoost,6.184082849868281
8,TVAE,1,5,CatBoost,5.674618288794804
8,TVAE,1,5,LightGBM,5.605355401470105
8,TVAE,1,6,RF,6.138567846698996
8,TVAE,1,6,XGBoost,5.988936745053539
8,TVAE,1,6,CatBoost,5.730479670587084
8,TVAE,1,6,LightGBM,5.605355401470105
8,TVAE,1,7,RF,6.325106400886889
8,TVAE,1,7,XGBoost,6.222896540751052
8,TVAE,1,7,CatBoost,5.794358572801319
8,TVAE,1,7,LightGBM,5.775654944297385
8,TVAE,1,8,RF,6.333164289862988
8,TVAE,1,8,XGBoost,6.174325750827536
8,TVAE,1,8,CatBoost,5.723196036509589
8,TVAE,1,8,LightGBM,5.705194483096855
8,TVAE,1,9,RF,6.325222791126827
8,TVAE,1,9,XGBoost,6.240689413002769
8,TVAE,1,9,CatBoost,5.803480862560532
8,TVAE,1,9,LightGBM,5.7011977401999925
8,TVAE,1,10,RF,6.388633904434125
8,TVAE,1,10,XGBoost,6.119320453798782
8,TVAE,1,10,CatBoost,5.758258054094918
8,TVAE,1,10,LightGBM,5.573447975702525
8,TVAE,1,12,RF,6.256008321790564
8,TVAE,1,12,XGBoost,6.088571696273924
8,TVAE,1,12,CatBoost,5.6684452394384826
8,TVAE,1,12,LightGBM,5.24274639680152
8,TVAE,1,14,RF,6.295979912246359
8,TVAE,1,14,XGBoost,6.151630537806196
8,TVAE,1,14,CatBoost,5.810927941909159
8,TVAE,1,14,LightGBM,5.081602580376618
8,TVAE,1,17,RF,6.368083061286869
8,TVAE,1,17,XGBoost,6.2079799692965
8,TVAE,1,17,CatBoost,5.791202440164238
8,TVAE,1,17,LightGBM,5.101502014108135
8,TVAE,1,19,RF,6.350423307450676
8,TVAE,1,19,XGBoost,6.2886907429339995
8,TVAE,1,19,CatBoost,5.836073048187827
8,TVAE,1,19,LightGBM,5.129508540204475
8,TVAE,2,1,RF,7.89463137154213
8,TVAE,2,1,XGBoost,7.455309029746526
8,TVAE,2,1,CatBoost,7.5073085104741555
8,TVAE,2,1,LightGBM,7.466633312812172
8,TVAE,2,2,RF,7.071977929827024
8,TVAE,2,2,XGBoost,7.403221030198663
8,TVAE,2,2,CatBoost,7.408050546073736
8,TVAE,2,2,LightGBM,7.943430311269372
8,TVAE,2,3,RF,6.313319392134037
8,TVAE,2,3,XGBoost,7.312784946594786
8,TVAE,2,3,CatBoost,5.9779242978936376
8,TVAE,2,3,LightGBM,6.261343063688409
8,TVAE,2,4,RF,6.363612953146566
8,TVAE,2,4,XGBoost,6.860834823605387
8,TVAE,2,4,CatBoost,5.985906466532625
8,TVAE,2,4,LightGBM,6.058360302509981
8,TVAE,2,5,RF,6.366982333364647
8,TVAE,2,5,XGBoost,6.812931065420659
8,TVAE,2,5,CatBoost,5.939926475271045
8,TVAE,2,5,LightGBM,6.0728463241625565
8,TVAE,2,6,RF,6.305451771455797
8,TVAE,2,6,XGBoost,6.749490525496286
8,TVAE,2,6,CatBoost,5.991351365566916
8,TVAE,2,6,LightGBM,6.0728463241625565
8,TVAE,2,7,RF,6.434158050135005
8,TVAE,2,7,XGBoost,6.785954954769228
8,TVAE,2,7,CatBoost,6.102364162188822
8,TVAE,2,7,LightGBM,6.021429767735795
8,TVAE,2,8,RF,6.413548859754218
8,TVAE,2,8,XGBoost,6.746968132159117
8,TVAE,2,8,CatBoost,5.9995741825160644
8,TVAE,2,8,LightGBM,5.731021547460487
8,TVAE,2,9,RF,6.461744144588417
8,TVAE,2,9,XGBoost,6.782793296417705
8,TVAE,2,9,CatBoost,6.105541124267852
8,TVAE,2,9,LightGBM,5.937574344418431
8,TVAE,2,10,RF,6.453909688591263
8,TVAE,2,10,XGBoost,6.82028632960787
8,TVAE,2,10,CatBoost,6.107284852195319
8,TVAE,2,10,LightGBM,5.785297202239085
8,TVAE,2,12,RF,6.383432845266808
8,TVAE,2,12,XGBoost,6.667108649103575
8,TVAE,2,12,CatBoost,6.028043905760545
8,TVAE,2,12,LightGBM,5.815927925423654
8,TVAE,2,14,RF,6.503526049978814
8,TVAE,2,14,XGBoost,6.701532148900159
8,TVAE,2,14,CatBoost,6.078911303731766
8,TVAE,2,14,LightGBM,5.817175953565688
8,TVAE,2,17,RF,6.438783264023995
8,TVAE,2,17,XGBoost,6.814087012079533
8,TVAE,2,17,CatBoost,6.050352130595109
8,TVAE,2,17,LightGBM,5.89739206206597
8,TVAE,2,19,RF,6.465467563858639
8,TVAE,2,19,XGBoost,6.897305148713157
8,TVAE,2,19,CatBoost,6.0136239799440006
8,TVAE,2,19,LightGBM,5.8315570900184035
8,TVAE,5,1,RF,7.7321965856723684
8,TVAE,5,1,XGBoost,7.352358224112819
8,TVAE,5,1,CatBoost,7.386835824510707
8,TVAE,5,1,LightGBM,7.367685056082833
8,TVAE,5,2,RF,7.117089601829854
8,TVAE,5,2,XGBoost,7.208747620945838
8,TVAE,5,2,CatBoost,7.290528062343511
8,TVAE,5,2,LightGBM,7.698002253308477
8,TVAE,5,3,RF,6.601281585579238
8,TVAE,5,3,XGBoost,6.96412732793072
8,TVAE,5,3,CatBoost,6.635288264711126
8,TVAE,5,3,LightGBM,6.718444709892546
8,TVAE,5,4,RF,6.6321305123361665
8,TVAE,5,4,XGBoost,6.781643796476907
8,TVAE,5,4,CatBoost,6.5635542425028355
8,TVAE,5,4,LightGBM,6.613142929250487
8,TVAE,5,5,RF,6.582411443312628
8,TVAE,5,5,XGBoost,6.771981942790103
8,TVAE,5,5,CatBoost,6.472402856640129
8,TVAE,5,5,LightGBM,6.35118065179053
8,TVAE,5,6,RF,6.547400229006803
8,TVAE,5,6,XGBoost,6.716215259491596
8,TVAE,5,6,CatBoost,6.583548314159639
8,TVAE,5,6,LightGBM,6.35118065179053
8,TVAE,5,7,RF,6.661862335592857
8,TVAE,5,7,XGBoost,6.720772854997332
8,TVAE,5,7,CatBoost,6.65032446797527
8,TVAE,5,7,LightGBM,6.546070901719545
8,TVAE,5,8,RF,6.684726956150986
8,TVAE,5,8,XGBoost,6.737113181343071
8,TVAE,5,8,CatBoost,6.538605216186807
8,TVAE,5,8,LightGBM,6.661082947612437
8,TVAE,5,9,RF,6.675591635190775
8,TVAE,5,9,XGBoost,6.858108422083288
8,TVAE,5,9,CatBoost,6.612055505853072
8,TVAE,5,9,LightGBM,6.3546367348485475
8,TVAE,5,10,RF,6.77351230778603
8,TVAE,5,10,XGBoost,6.818657916974555
8,TVAE,5,10,CatBoost,6.55854060978915
8,TVAE,5,10,LightGBM,6.579100149530848
8,TVAE,5,12,RF,6.706781921536082
8,TVAE,5,12,XGBoost,6.719099023753224
8,TVAE,5,12,CatBoost,6.512575071431374
8,TVAE,5,12,LightGBM,6.5253769085722055
8,TVAE,5,14,RF,6.8469216021710375
8,TVAE,5,14,XGBoost,6.892735443420862
8,TVAE,5,14,CatBoost,6.5884113169189344
8,TVAE,5,14,LightGBM,6.58841646802068
8,TVAE,5,17,RF,6.808052944835045
8,TVAE,5,17,XGBoost,6.960023166155306
8,TVAE,5,17,CatBoost,6.51627614644185
8,TVAE,5,17,LightGBM,6.557717121344917
8,TVAE,5,19,RF,6.779341692147307
8,TVAE,5,19,XGBoost,7.013919051337468
8,TVAE,5,19,CatBoost,6.445462833351744
8,TVAE,5,19,LightGBM,6.677972408508556
8,GEO-interp,1,1,RF,7.340878628560046
8,GEO-interp,1,1,XGBoost,7.677987308565989
8,GEO-interp,1,1,CatBoost,7.08316002834387
8,GEO-interp,1,1,LightGBM,6.781851947009
8,GEO-interp,1,2,RF,6.894589504372357
8,GEO-interp,1,2,XGBoost,7.1854309920637105
8,GEO-interp,1,2,CatBoost,6.9707175195250555
8,GEO-interp,1,2,LightGBM,6.549245273705834
8,GEO-interp,1,3,RF,6.123761970409112
8,GEO-interp,1,3,XGBoost,7.430320712183147
8,GEO-interp,1,3,CatBoost,5.791076079716633
8,GEO-interp,1,3,LightGBM,5.903870341288734
8,GEO-interp,1,4,RF,6.048954120970514
8,GEO-interp,1,4,XGBoost,6.643563563127477
8,GEO-interp,1,4,CatBoost,5.838154530052835
8,GEO-interp,1,4,LightGBM,6.211088792215236
8,GEO-interp,1,5,RF,6.030704575348941
8,GEO-interp,1,5,XGBoost,6.355818649630167
8,GEO-interp,1,5,CatBoost,5.5672055369290625
8,GEO-interp,1,5,LightGBM,5.957852800405675
8,GEO-interp,1,6,RF,6.0056037243155265
8,GEO-interp,1,6,XGBoost,6.412764176190082
8,GEO-interp,1,6,CatBoost,5.6648028873038365
8,GEO-interp,1,6,LightGBM,5.957852800405675
8,GEO-interp,1,7,RF,5.94294117048899
8,GEO-interp,1,7,XGBoost,6.481058868108868
8,GEO-interp,1,7,CatBoost,5.496382411524224
8,GEO-interp,1,7,LightGBM,5.781733072144936
8,GEO-interp,1,8,RF,5.915106984499187
8,GEO-interp,1,8,XGBoost,6.3362990876755685
8,GEO-interp,1,8,CatBoost,5.557014443250376
8,GEO-interp,1,8,LightGBM,5.792531293031806
8,GEO-interp,1,9,RF,5.915327780363209
8,GEO-interp,1,9,XGBoost,6.387379830878599
8,GEO-interp,1,9,CatBoost,5.5779956204559245
8,GEO-interp,1,9,LightGBM,5.703591855547323
8,GEO-interp,1,10,RF,5.91110914093428
8,GEO-interp,1,10,XGBoost,6.286642965183372
8,GEO-interp,1,10,CatBoost,5.557871487750122
8,GEO-interp,1,10,LightGBM,5.684440995099197
8,GEO-interp,1,12,RF,5.876176060548446
8,GEO-interp,1,12,XGBoost,6.1892018156629
8,GEO-interp,1,12,CatBoost,5.520384627930341
8,GEO-interp,1,12,LightGBM,5.490118546445411
8,GEO-interp,1,14,RF,5.820330511721437
8,GEO-interp,1,14,XGBoost,5.913659835790545
8,GEO-interp,1,14,CatBoost,5.27697270541545
8,GEO-interp,1,14,LightGBM,5.058665205908036
8,GEO-interp,1,17,RF,5.863117050337078
8,GEO-interp,1,17,XGBoost,5.916558983114058
8,GEO-interp,1,17,CatBoost,5.237575162972841
8,GEO-interp,1,17,LightGBM,5.122719810548011
8,GEO-interp,1,19,RF,5.795523883755875
8,GEO-interp,1,19,XGBoost,6.058983441112585
8,GEO-interp,1,19,CatBoost,5.266010399431531
8,GEO-interp,1,19,LightGBM,5.118933212076789
8,GEO-interp,2,1,RF,7.698622019988985
8,GEO-interp,2,1,XGBoost,7.371847282430092
8,GEO-interp,2,1,CatBoost,7.1508269297927
8,GEO-interp,2,1,LightGBM,7.505735362271326
8,GEO-interp,2,2,RF,7.143996860862189
8,GEO-interp,2,2,XGBoost,7.168204331817461
8,GEO-interp,2,2,CatBoost,7.017332906646515
8,GEO-interp,2,2,LightGBM,7.0747015391399986
8,GEO-interp,2,3,RF,6.162725633719628
8,GEO-interp,2,3,XGBoost,7.129154447459962
8,GEO-interp,2,3,CatBoost,5.849427008654969
8,GEO-interp,2,3,LightGBM,6.027197356075968
8,GEO-interp,2,4,RF,6.169292869406629
8,GEO-interp,2,4,XGBoost,6.210756188566721
8,GEO-interp,2,4,CatBoost,6.059730805209344
8,GEO-interp,2,4,LightGBM,6.246823972853088
8,GEO-interp,2,5,RF,5.944897373960075
8,GEO-interp,2,5,XGBoost,6.0316865351762825
8,GEO-interp,2,5,CatBoost,5.650490052440659
8,GEO-interp,2,5,LightGBM,6.232525941873042
8,GEO-interp,2,6,RF,5.944807447870576
8,GEO-interp,2,6,XGBoost,6.102636151642402
8,GEO-interp,2,6,CatBoost,5.703851101708684
8,GEO-interp,2,6,LightGBM,6.206703138258487
8,GEO-interp,2,7,RF,5.8127787178114065
8,GEO-interp,2,7,XGBoost,6.022248310494949
8,GEO-interp,2,7,CatBoost,5.746865238373744
8,GEO-interp,2,7,LightGBM,6.199818921162812
8,GEO-interp,2,8,RF,5.826800917333604
8,GEO-interp,2,8,XGBoost,5.819322509960011
8,GEO-interp,2,8,CatBoost,5.837688756394362
8,GEO-interp,2,8,LightGBM,6.029986887140015
8,GEO-interp,2,9,RF,5.862181346029581
8,GEO-interp,2,9,XGBoost,5.862992025418659
8,GEO-interp,2,9,CatBoost,5.883948623845646
8,GEO-interp,2,9,LightGBM,6.22390813691252
8,GEO-interp,2,10,RF,5.865864248206171
8,GEO-interp,2,10,XGBoost,5.988387747590573
8,GEO-interp,2,10,CatBoost,5.809985490204509
8,GEO-interp,2,10,LightGBM,6.138957502521854
8,GEO-interp,2,12,RF,5.7424945260377305
8,GEO-interp,2,12,XGBoost,5.848309234032142
8,GEO-interp,2,12,CatBoost,5.624800167563068
8,GEO-interp,2,12,LightGBM,5.937948452706073
8,GEO-interp,2,14,RF,5.724049008525531
8,GEO-interp,2,14,XGBoost,5.438282191106817
8,GEO-interp,2,14,CatBoost,5.34856172439511
8,GEO-interp,2,14,LightGBM,5.731255059933948
8,GEO-interp,2,17,RF,5.6265213327687995
8,GEO-interp,2,17,XGBoost,5.275265261943669
8,GEO-interp,2,17,CatBoost,5.181043751923133
8,GEO-interp,2,17,LightGBM,5.7572142567250655
8,GEO-interp,2,19,RF,5.728844191312918
8,GEO-interp,2,19,XGBoost,5.367614358966813
8,GEO-interp,2,19,CatBoost,5.125757569569939
8,GEO-interp,2,19,LightGBM,5.6646992333726915
8,GEO-interp,5,1,RF,7.744202088418425
8,GEO-interp,5,1,XGBoost,7.443143855347179
8,GEO-interp,5,1,CatBoost,7.47610005415243
8,GEO-interp,5,1,LightGBM,7.711343429249011
8,GEO-interp,5,2,RF,6.999371532713561
8,GEO-interp,5,2,XGBoost,6.764782917072288
8,GEO-interp,5,2,CatBoost,6.833779524851642
8,GEO-interp,5,2,LightGBM,6.9684712918672265
8,GEO-interp,5,3,RF,5.8899830192850064
8,GEO-interp,5,3,XGBoost,6.91378510695986
8,GEO-interp,5,3,CatBoost,5.511167496620588
8,GEO-interp,5,3,LightGBM,5.739235730540415
8,GEO-interp,5,4,RF,5.802379244641153
8,GEO-interp,5,4,XGBoost,5.888763872812483
8,GEO-interp,5,4,CatBoost,5.796507182579757
8,GEO-interp,5,4,LightGBM,5.950098248625995
8,GEO-interp,5,5,RF,5.570036406774467
8,GEO-interp,5,5,XGBoost,5.689761851244853
8,GEO-interp,5,5,CatBoost,5.471793479321891
8,GEO-interp,5,5,LightGBM,5.680188812125079
8,GEO-interp,5,6,RF,5.610214738878773
8,GEO-interp,5,6,XGBoost,5.616124171412707
8,GEO-interp,5,6,CatBoost,5.496572239053512
8,GEO-interp,5,6,LightGBM,5.680188812125079
8,GEO-interp,5,7,RF,5.537311205368296
8,GEO-interp,5,7,XGBoost,5.681513276807366
8,GEO-interp,5,7,CatBoost,5.487548356545226
8,GEO-interp,5,7,LightGBM,5.618231085940397
8,GEO-interp,5,8,RF,5.347719686485556
8,GEO-interp,5,8,XGBoost,5.536202833461138
8,GEO-interp,5,8,CatBoost,5.5041241854484495
8,GEO-interp,5,8,LightGBM,5.683617707515792
8,GEO-interp,5,9,RF,5.389620280362002
8,GEO-interp,5,9,XGBoost,5.486081681269992
8,GEO-interp,5,9,CatBoost,5.4312556857142775
8,GEO-interp,5,9,LightGBM,5.646114357638701
8,GEO-interp,5,10,RF,5.421818329040449
8,GEO-interp,5,10,XGBoost,5.569791192198681
8,GEO-interp,5,10,CatBoost,5.461821295632783
8,GEO-interp,5,10,LightGBM,5.662660504537908
8,GEO-interp,5,12,RF,5.465530151199652
8,GEO-interp,5,12,XGBoost,5.4275820649150255
8,GEO-interp,5,12,CatBoost,5.418781382311929
8,GEO-interp,5,12,LightGBM,5.644450551470229
8,GEO-interp,5,14,RF,5.446208028258308
8,GEO-interp,5,14,XGBoost,4.951017776829811
8,GEO-interp,5,14,CatBoost,5.20744778646602
8,GEO-interp,5,14,LightGBM,5.610311540240891
8,GEO-interp,5,17,RF,5.482421540036134
8,GEO-interp,5,17,XGBoost,5.058724273410125
8,GEO-interp,5,17,CatBoost,5.23955098147931
8,GEO-interp,5,17,LightGBM,5.5701579851341725
8,GEO-interp,5,19,RF,5.504116048118875
8,GEO-interp,5,19,XGBoost,5.032505897784708
8,GEO-interp,5,19,CatBoost,5.053951601589783
8,GEO-interp,5,19,LightGBM,5.5843414930849296
8,GEO-disp,1,1,RF,7.364364040938705
8,GEO-disp,1,1,XGBoost,7.633893342016681
8,GEO-disp,1,1,CatBoost,7.073837345279429
8,GEO-disp,1,1,LightGBM,6.821772580228143
8,GEO-disp,1,2,RF,6.900902223215609
8,GEO-disp,1,2,XGBoost,7.200037793071736
8,GEO-disp,1,2,CatBoost,6.803907975452011
8,GEO-disp,1,2,LightGBM,6.5313337800589855
8,GEO-disp,1,3,RF,6.20077238657221
8,GEO-disp,1,3,XGBoost,7.419360884025241
8,GEO-disp,1,3,CatBoost,5.82702102568228
8,GEO-disp,1,3,LightGBM,5.85273993626722
8,GEO-disp,1,4,RF,6.009621503718759
8,GEO-disp,1,4,XGBoost,6.648138567536876
8,GEO-disp,1,4,CatBoost,5.8154915163195495
8,GEO-disp,1,4,LightGBM,6.239118927485683
8,GEO-disp,1,5,RF,6.054937613142245
8,GEO-disp,1,5,XGBoost,6.337459691991223
8,GEO-disp,1,5,CatBoost,5.6740931904644665
8,GEO-disp,1,5,LightGBM,5.8845638977800725
8,GEO-disp,1,6,RF,6.041806779384658
8,GEO-disp,1,6,XGBoost,6.522598184455529
8,GEO-disp,1,6,CatBoost,5.692096304492788
8,GEO-disp,1,6,LightGBM,5.8845638977800725
8,GEO-disp,1,7,RF,5.945055418373513
8,GEO-disp,1,7,XGBoost,6.491897086372516
8,GEO-disp,1,7,CatBoost,5.615431459118379
8,GEO-disp,1,7,LightGBM,6.004643661049638
8,GEO-disp,1,8,RF,5.881937793300008
8,GEO-disp,1,8,XGBoost,6.279667385436516
8,GEO-disp,1,8,CatBoost,5.519748821754196
8,GEO-disp,1,8,LightGBM,5.755206839012793
8,GEO-disp,1,9,RF,5.904166469886077
8,GEO-disp,1,9,XGBoost,6.368979702438467
8,GEO-disp,1,9,CatBoost,5.664784059032224
8,GEO-disp,1,9,LightGBM,5.6472761379691
8,GEO-disp,1,10,RF,5.923048590992752
8,GEO-disp,1,10,XGBoost,6.28660882059283
8,GEO-disp,1,10,CatBoost,5.671297904058184
8,GEO-disp,1,10,LightGBM,5.596548849017762
8,GEO-disp,1,12,RF,5.874852282486661
8,GEO-disp,1,12,XGBoost,6.156123842043807
8,GEO-disp,1,12,CatBoost,5.402286964149729
8,GEO-disp,1,12,LightGBM,5.438955686964169
8,GEO-disp,1,14,RF,5.832407373418895
8,GEO-disp,1,14,XGBoost,5.952709568272048
8,GEO-disp,1,14,CatBoost,5.2707579360513614
8,GEO-disp,1,14,LightGBM,5.048166150989367
8,GEO-disp,1,17,RF,5.869092874784186
8,GEO-disp,1,17,XGBoost,5.870154573604811
8,GEO-disp,1,17,CatBoost,5.228706431064502
8,GEO-disp,1,17,LightGBM,5.143346577091578
8,GEO-disp,1,19,RF,5.7860231008269
8,GEO-disp,1,19,XGBoost,5.920417237310175
8,GEO-disp,1,19,CatBoost,5.24345079068851
8,GEO-disp,1,19,LightGBM,5.152769582664744
8,GEO-disp,2,1,RF,7.712584840385182
8,GEO-disp,2,1,XGBoost,7.375984589940787
8,GEO-disp,2,1,CatBoost,7.171311865727763
8,GEO-disp,2,1,LightGBM,7.509889051515444
8,GEO-disp,2,2,RF,7.127396189907655
8,GEO-disp,2,2,XGBoost,7.115313995628019
8,GEO-disp,2,2,CatBoost,6.927994163080143
8,GEO-disp,2,2,LightGBM,7.143795025497307
8,GEO-disp,2,3,RF,6.146863272176942
8,GEO-disp,2,3,XGBoost,7.098051428186138
8,GEO-disp,2,3,CatBoost,5.791596118406228
8,GEO-disp,2,3,LightGBM,6.159568227849237
8,GEO-disp,2,4,RF,6.089295045017884
8,GEO-disp,2,4,XGBoost,6.214698082898174
8,GEO-disp,2,4,CatBoost,6.023478022140823
8,GEO-disp,2,4,LightGBM,6.2576291260844235
8,GEO-disp,2,5,RF,5.939459602329513
8,GEO-disp,2,5,XGBoost,5.984802876868951
8,GEO-disp,2,5,CatBoost,5.654713214951147
8,GEO-disp,2,5,LightGBM,6.289465306439212
8,GEO-disp,2,6,RF,5.967661550749582
8,GEO-disp,2,6,XGBoost,6.103962724637729
8,GEO-disp,2,6,CatBoost,5.743868985015938
8,GEO-disp,2,6,LightGBM,6.241096859405906
8,GEO-disp,2,7,RF,5.850922376856088
8,GEO-disp,2,7,XGBoost,5.974169939013896
8,GEO-disp,2,7,CatBoost,5.789700404804943
8,GEO-disp,2,7,LightGBM,6.2573498658587985
8,GEO-disp,2,8,RF,5.848286488740692
8,GEO-disp,2,8,XGBoost,5.877335638523224
8,GEO-disp,2,8,CatBoost,5.732581278495679
8,GEO-disp,2,8,LightGBM,6.200080953009221
8,GEO-disp,2,9,RF,5.823328871978705
8,GEO-disp,2,9,XGBoost,5.925453043841116
8,GEO-disp,2,9,CatBoost,5.757162971852836
8,GEO-disp,2,9,LightGBM,6.240598862231381
8,GEO-disp,2,10,RF,5.874209430863666
8,GEO-disp,2,10,XGBoost,5.940619704443734
8,GEO-disp,2,10,CatBoost,5.715106442249811
8,GEO-disp,2,10,LightGBM,6.221926125856273
8,GEO-disp,2,12,RF,5.7563521619110265
8,GEO-disp,2,12,XGBoost,5.8219435628944725
8,GEO-disp,2,12,CatBoost,5.625983681482856
8,GEO-disp,2,12,LightGBM,5.937548287946077
8,GEO-disp,2,14,RF,5.722790643485096
8,GEO-disp,2,14,XGBoost,5.365497348201004
8,GEO-disp,2,14,CatBoost,5.304579246381239
8,GEO-disp,2,14,LightGBM,5.701172541183411
8,GEO-disp,2,17,RF,5.715305356361274
8,GEO-disp,2,17,XGBoost,5.217847629585775
8,GEO-disp,2,17,CatBoost,5.087674163636292
8,GEO-disp,2,17,LightGBM,5.718437231493091
8,GEO-disp,2,19,RF,5.704829956934
8,GEO-disp,2,19,XGBoost,5.358117193042235
8,GEO-disp,2,19,CatBoost,5.1380830132750015
8,GEO-disp,2,19,LightGBM,5.789176898514396
8,GEO-disp,5,1,RF,7.82692583294611
8,GEO-disp,5,1,XGBoost,7.400008937842647
8,GEO-disp,5,1,CatBoost,7.490503194712742
8,GEO-disp,5,1,LightGBM,7.8001277524186
8,GEO-disp,5,2,RF,6.96088238384109
8,GEO-disp,5,2,XGBoost,6.784714678433622
8,GEO-disp,5,2,CatBoost,6.8688334711068055
8,GEO-disp,5,2,LightGBM,7.1388509867660055
8,GEO-disp,5,3,RF,5.939502258376047
8,GEO-disp,5,3,XGBoost,6.907627573576148
8,GEO-disp,5,3,CatBoost,5.572501871328766
8,GEO-disp,5,3,LightGBM,5.934096758031658
8,GEO-disp,5,4,RF,5.859141060004658
8,GEO-disp,5,4,XGBoost,5.81352178273076
8,GEO-disp,5,4,CatBoost,5.801313483062073
8,GEO-disp,5,4,LightGBM,6.078018709871536
8,GEO-disp,5,5,RF,5.612990890341023
8,GEO-disp,5,5,XGBoost,5.66901797438536
8,GEO-disp,5,5,CatBoost,5.5779350809635275
8,GEO-disp,5,5,LightGBM,5.706667697409142
8,GEO-disp,5,6,RF,5.632899974499983
8,GEO-disp,5,6,XGBoost,5.649749040723495
8,GEO-disp,5,6,CatBoost,5.46534765563623
8,GEO-disp,5,6,LightGBM,5.706667697409142
8,GEO-disp,5,7,RF,5.504386982926713
8,GEO-disp,5,7,XGBoost,5.674034664051426
8,GEO-disp,5,7,CatBoost,5.445705806747927
8,GEO-disp,5,7,LightGBM,5.649385192519303
8,GEO-disp,5,8,RF,5.378636724730585
8,GEO-disp,5,8,XGBoost,5.51912100372279
8,GEO-disp,5,8,CatBoost,5.540248475631274
8,GEO-disp,5,8,LightGBM,5.5965584914284205
8,GEO-disp,5,9,RF,5.4041709272210445
8,GEO-disp,5,9,XGBoost,5.523479394916401
8,GEO-disp,5,9,CatBoost,5.591201810681618
8,GEO-disp,5,9,LightGBM,5.624156618575108
8,GEO-disp,5,10,RF,5.362771376428777
8,GEO-disp,5,10,XGBoost,5.5361523671422335
8,GEO-disp,5,10,CatBoost,5.553812220118011
8,GEO-disp,5,10,LightGBM,5.757893660607121
8,GEO-disp,5,12,RF,5.435392969461248
8,GEO-disp,5,12,XGBoost,5.482760259081147
8,GEO-disp,5,12,CatBoost,5.451679982092056
8,GEO-disp,5,12,LightGBM,5.7517216464464065
8,GEO-disp,5,14,RF,5.441448440852269
8,GEO-disp,5,14,XGBoost,4.94756483724008
8,GEO-disp,5,14,CatBoost,5.299431086024593
8,GEO-disp,5,14,LightGBM,5.5943128512206535
8,GEO-disp,5,17,RF,5.482286393517827
8,GEO-disp,5,17,XGBoost,5.046084851619071
8,GEO-disp,5,17,CatBoost,5.232538848879408
8,GEO-disp,5,17,LightGBM,5.630162330173389
8,GEO-disp,5,19,RF,5.431887155695773
8,GEO-disp,5,19,XGBoost,5.056043761285746
8,GEO-disp,5,19,CatBoost,5.232838310723321
8,GEO-disp,5,19,LightGBM,5.584209429856528
9,aucun,0,1,RF,6.131046920824289
9,aucun,0,1,XGBoost,6.266391316898712
9,aucun,0,1,CatBoost,6.279417973850295
9,aucun,0,1,LightGBM,6.588623146048658
9,aucun,0,2,RF,6.11754198282855
9,aucun,0,2,XGBoost,6.4569119195764255
9,aucun,0,2,CatBoost,6.615752756164423
9,aucun,0,2,LightGBM,6.8456102912845616
9,aucun,0,3,RF,5.087599666870767
9,aucun,0,3,XGBoost,5.325438924182858
9,aucun,0,3,CatBoost,5.673291947546782
9,aucun,0,3,LightGBM,5.846868960628643
9,aucun,0,4,RF,5.208905786284352
9,aucun,0,4,XGBoost,5.449044236362159
9,aucun,0,4,CatBoost,5.311183846419376
9,aucun,0,4,LightGBM,5.448466554708469
9,aucun,0,5,RF,4.869468825823242
9,aucun,0,5,XGBoost,4.863054459149838
9,aucun,0,5,CatBoost,4.830097448243409
9,aucun,0,5,LightGBM,4.680014063617737
9,aucun,0,6,RF,4.919380058205109
9,aucun,0,6,XGBoost,4.97316354635397
9,aucun,0,6,CatBoost,4.7596085806445645
9,aucun,0,6,LightGBM,4.751468607088024
9,aucun,0,7,RF,4.8066154866739215
9,aucun,0,7,XGBoost,4.721587999454844
9,aucun,0,7,CatBoost,4.789311454829058
9,aucun,0,7,LightGBM,4.623943908465658
9,aucun,0,8,RF,5.058598012926921
9,aucun,0,8,XGBoost,5.023410758059444
9,aucun,0,8,CatBoost,5.304006423801509
9,aucun,0,8,LightGBM,5.105307090047689
9,aucun,0,9,RF,4.982283212961663
9,aucun,0,9,XGBoost,5.097632859603367
9,aucun,0,9,CatBoost,5.241704952900224
9,aucun,0,9,LightGBM,5.01590695469207
9,aucun,0,10,RF,5.021207853622328
9,aucun,0,10,XGBoost,5.107192810785886
9,aucun,0,10,CatBoost,5.149845975115976
9,aucun,0,10,LightGBM,5.029923611041778
9,aucun,0,12,RF,5.082657886209661
9,aucun,0,12,XGBoost,4.940577828244289
9,aucun,0,12,CatBoost,5.2537264860037425
9,aucun,0,12,LightGBM,4.992167230718318
9,aucun,0,14,RF,5.074897340320964
9,aucun,0,14,XGBoost,5.019426659930784
9,aucun,0,14,CatBoost,5.237915677436019
9,aucun,0,14,LightGBM,4.723186126108932
9,aucun,0,17,RF,5.159304755876032
9,aucun,0,17,XGBoost,5.02507281997339
9,aucun,0,17,CatBoost,5.2229906389072305
9,aucun,0,17,LightGBM,4.643380549531578
9,aucun,0,19,RF,5.100488468463999
9,aucun,0,19,XGBoost,5.041903061358981
9,aucun,0,19,CatBoost,5.38348157652753
9,aucun,0,19,LightGBM,4.792444701862033
9,SMOTE-R,1,1,RF,6.928540566771262
9,SMOTE-R,1,1,XGBoost,6.647884949207025
9,SMOTE-R,1,1,CatBoost,6.60135630524781
9,SMOTE-R,1,1,LightGBM,6.34973996546223
9,SMOTE-R,1,2,RF,6.146922063096183
9,SMOTE-R,1,2,XGBoost,6.630459622830961
9,SMOTE-R,1,2,CatBoost,6.548069898551938
9,SMOTE-R,1,2,LightGBM,6.844214908127513
9,SMOTE-R,1,3,RF,5.180289454453933
9,SMOTE-R,1,3,XGBoost,5.708255723403631
9,SMOTE-R,1,3,CatBoost,5.607166926044222
9,SMOTE-R,1,3,LightGBM,5.439068191735495
9,SMOTE-R,1,4,RF,5.324518753994517
9,SMOTE-R,1,4,XGBoost,5.856916854723775
9,SMOTE-R,1,4,CatBoost,5.421616798519028
9,SMOTE-R,1,4,LightGBM,5.257382692086677
9,SMOTE-R,1,5,RF,5.050216215536417
9,SMOTE-R,1,5,XGBoost,5.348112401006558
9,SMOTE-R,1,5,CatBoost,5.207639326837782
9,SMOTE-R,1,5,LightGBM,4.85830643206791
9,SMOTE-R,1,6,RF,5.129212922491234
9,SMOTE-R,1,6,XGBoost,5.418278351760276
9,SMOTE-R,1,6,CatBoost,5.174481406108135
9,SMOTE-R,1,6,LightGBM,4.85830643206791
9,SMOTE-R,1,7,RF,4.984853206950409
9,SMOTE-R,1,7,XGBoost,5.036708068514928
9,SMOTE-R,1,7,CatBoost,5.071553848118849
9,SMOTE-R,1,7,LightGBM,4.758630378489451
9,SMOTE-R,1,8,RF,5.220322687371469
9,SMOTE-R,1,8,XGBoost,5.105269894575906
9,SMOTE-R,1,8,CatBoost,5.313110443199706
9,SMOTE-R,1,8,LightGBM,5.093001411447968
9,SMOTE-R,1,9,RF,5.210936255660579
9,SMOTE-R,1,9,XGBoost,5.119098597166306
9,SMOTE-R,1,9,CatBoost,5.4255949175443545
9,SMOTE-R,1,9,LightGBM,5.141705856559746
9,SMOTE-R,1,10,RF,5.243828038782
9,SMOTE-R,1,10,XGBoost,5.204185347611163
9,SMOTE-R,1,10,CatBoost,5.297097467298465
9,SMOTE-R,1,10,LightGBM,5.104708228553327
9,SMOTE-R,1,12,RF,5.399678369686308
9,SMOTE-R,1,12,XGBoost,5.273924392890281
9,SMOTE-R,1,12,CatBoost,5.41159351359721
9,SMOTE-R,1,12,LightGBM,5.154500705241962
9,SMOTE-R,1,14,RF,5.349448856477789
9,SMOTE-R,1,14,XGBoost,5.411593426667684
9,SMOTE-R,1,14,CatBoost,5.4743308210025114
9,SMOTE-R,1,14,LightGBM,4.823654129568048
9,SMOTE-R,1,17,RF,5.459221637521641
9,SMOTE-R,1,17,XGBoost,5.242704349991567
9,SMOTE-R,1,17,CatBoost,5.4991523131178255
9,SMOTE-R,1,17,LightGBM,4.8600892970951435
9,SMOTE-R,1,19,RF,5.457956341741812
9,SMOTE-R,1,19,XGBoost,5.413182609758668
9,SMOTE-R,1,19,CatBoost,5.5309854280290205
9,SMOTE-R,1,19,LightGBM,4.973931677249021
9,SMOTE-R,2,1,RF,6.6747981658242095
9,SMOTE-R,2,1,XGBoost,6.379057163017876
9,SMOTE-R,2,1,CatBoost,6.190074628840216
9,SMOTE-R,2,1,LightGBM,6.378234103243692
9,SMOTE-R,2,2,RF,6.064865235527043
9,SMOTE-R,2,2,XGBoost,6.390677099304049
9,SMOTE-R,2,2,CatBoost,6.314563925762229
9,SMOTE-R,2,2,LightGBM,6.710430887132203
9,SMOTE-R,2,3,RF,5.2886892508688845
9,SMOTE-R,2,3,XGBoost,5.682812056059108
9,SMOTE-R,2,3,CatBoost,5.43550710101714
9,SMOTE-R,2,3,LightGBM,5.7148447377987335
9,SMOTE-R,2,4,RF,5.29861748018764
9,SMOTE-R,2,4,XGBoost,5.696465208112877
9,SMOTE-R,2,4,CatBoost,5.272284747160832
9,SMOTE-R,2,4,LightGBM,5.654267188319745
9,SMOTE-R,2,5,RF,5.031780720882019
9,SMOTE-R,2,5,XGBoost,5.3324588818834195
9,SMOTE-R,2,5,CatBoost,5.051274223034814
9,SMOTE-R,2,5,LightGBM,5.425480031176294
9,SMOTE-R,2,6,RF,5.026750942441238
9,SMOTE-R,2,6,XGBoost,5.336187844775196
9,SMOTE-R,2,6,CatBoost,4.956824383824389
9,SMOTE-R,2,6,LightGBM,5.425480031176294
9,SMOTE-R,2,7,RF,5.011594482538755
9,SMOTE-R,2,7,XGBoost,5.0433697475346255
9,SMOTE-R,2,7,CatBoost,5.017915507628323
9,SMOTE-R,2,7,LightGBM,5.446182344854201
9,SMOTE-R,2,8,RF,5.221303713591354
9,SMOTE-R,2,8,XGBoost,5.136543831753504
9,SMOTE-R,2,8,CatBoost,5.16442884268337
9,SMOTE-R,2,8,LightGBM,5.484506896934685
9,SMOTE-R,2,9,RF,5.17166914946005
9,SMOTE-R,2,9,XGBoost,5.097077849657096
9,SMOTE-R,2,9,CatBoost,5.053009559119898
9,SMOTE-R,2,9,LightGBM,5.3843090831286124
9,SMOTE-R,2,10,RF,5.332094675867749
9,SMOTE-R,2,10,XGBoost,5.184890647477932
9,SMOTE-R,2,10,CatBoost,5.216885586897187
9,SMOTE-R,2,10,LightGBM,5.46006844539257
9,SMOTE-R,2,12,RF,5.35225340241477
9,SMOTE-R,2,12,XGBoost,5.19046151581686
9,SMOTE-R,2,12,CatBoost,5.309807063719431
9,SMOTE-R,2,12,LightGBM,5.508347689691364
9,SMOTE-R,2,14,RF,5.248120063183439
9,SMOTE-R,2,14,XGBoost,5.411361082181687
9,SMOTE-R,2,14,CatBoost,5.24652014944601
9,SMOTE-R,2,14,LightGBM,5.126617666288817
9,SMOTE-R,2,17,RF,5.391578841261974
9,SMOTE-R,2,17,XGBoost,5.448977609028171
9,SMOTE-R,2,17,CatBoost,5.462574660275121
9,SMOTE-R,2,17,LightGBM,5.315178448318117
9,SMOTE-R,2,19,RF,5.453308624092604
9,SMOTE-R,2,19,XGBoost,5.4350456369262385
9,SMOTE-R,2,19,CatBoost,5.463250199585527
9,SMOTE-R,2,19,LightGBM,5.155017860763191
9,SMOTE-R,5,1,RF,6.925097766392625
9,SMOTE-R,5,1,XGBoost,6.360856079561224
9,SMOTE-R,5,1,CatBoost,6.4793187916581125
9,SMOTE-R,5,1,LightGBM,6.503223335313426
9,SMOTE-R,5,2,RF,6.292445405034513
9,SMOTE-R,5,2,XGBoost,6.311330150316949
9,SMOTE-R,5,2,CatBoost,6.488877587434465
9,SMOTE-R,5,2,LightGBM,6.570001287832805
9,SMOTE-R,5,3,RF,5.505562882353781
9,SMOTE-R,5,3,XGBoost,5.567156264877924
9,SMOTE-R,5,3,CatBoost,5.66898543596119
9,SMOTE-R,5,3,LightGBM,5.579267312097023
9,SMOTE-R,5,4,RF,5.468747709311889
9,SMOTE-R,5,4,XGBoost,5.497501176775095
9,SMOTE-R,5,4,CatBoost,5.440591255957514
9,SMOTE-R,5,4,LightGBM,5.493117983376449
9,SMOTE-R,5,5,RF,5.1503269389938175
9,SMOTE-R,5,5,XGBoost,5.084794001450733
9,SMOTE-R,5,5,CatBoost,4.930841226531405
9,SMOTE-R,5,5,LightGBM,5.291448726167226
9,SMOTE-R,5,6,RF,5.230964608091076
9,SMOTE-R,5,6,XGBoost,5.057188774401725
9,SMOTE-R,5,6,CatBoost,4.907628950825375
9,SMOTE-R,5,6,LightGBM,5.082087375967662
9,SMOTE-R,5,7,RF,5.252938468232413
9,SMOTE-R,5,7,XGBoost,4.812863755968593
9,SMOTE-R,5,7,CatBoost,5.178235262383995
9,SMOTE-R,5,7,LightGBM,5.057128879669766
9,SMOTE-R,5,8,RF,5.320222466139258
9,SMOTE-R,5,8,XGBoost,4.936568164860896
9,SMOTE-R,5,8,CatBoost,4.982452280589651
9,SMOTE-R,5,8,LightGBM,5.1379486399778065
9,SMOTE-R,5,9,RF,5.346278593484946
9,SMOTE-R,5,9,XGBoost,4.913714810938986
9,SMOTE-R,5,9,CatBoost,4.964754658764584
9,SMOTE-R,5,9,LightGBM,5.0328216226847795
9,SMOTE-R,5,10,RF,5.420614804178418
9,SMOTE-R,5,10,XGBoost,4.872418385697449
9,SMOTE-R,5,10,CatBoost,4.986809680863326
9,SMOTE-R,5,10,LightGBM,5.131782447738789
9,SMOTE-R,5,12,RF,5.455126320187128
9,SMOTE-R,5,12,XGBoost,5.032168141718087
9,SMOTE-R,5,12,CatBoost,5.1683333151477635
9,SMOTE-R,5,12,LightGBM,5.181159896633787
9,SMOTE-R,5,14,RF,5.3517756751602255
9,SMOTE-R,5,14,XGBoost,5.127425977417014
9,SMOTE-R,5,14,CatBoost,4.96152226586079
9,SMOTE-R,5,14,LightGBM,5.1198530506928215
9,SMOTE-R,5,17,RF,5.550801724952721
9,SMOTE-R,5,17,XGBoost,5.175833010350941
9,SMOTE-R,5,17,CatBoost,5.208227359780231
9,SMOTE-R,5,17,LightGBM,5.259382877863579
9,SMOTE-R,5,19,RF,5.576329651650552
9,SMOTE-R,5,19,XGBoost,5.306416623726806
9,SMOTE-R,5,19,CatBoost,5.443059381106598
9,SMOTE-R,5,19,LightGBM,5.351170999000644
9,CTGAN,1,1,RF,6.92869319807346
9,CTGAN,1,1,XGBoost,6.646234204855801
9,CTGAN,1,1,CatBoost,6.515568612538225
9,CTGAN,1,1,LightGBM,6.502351734410079
9,CTGAN,1,2,RF,6.135737797685174
9,CTGAN,1,2,XGBoost,6.479263576723505
9,CTGAN,1,2,CatBoost,6.1038510190799435
9,CTGAN,1,2,LightGBM,6.455370547802713
9,CTGAN,1,3,RF,5.027202173869765
9,CTGAN,1,3,XGBoost,6.074244508305694
9,CTGAN,1,3,CatBoost,4.805700781260228
9,CTGAN,1,3,LightGBM,5.0086100995016904
9,CTGAN,1,4,RF,5.441164143226112
9,CTGAN,1,4,XGBoost,5.89684036767268
9,CTGAN,1,4,CatBoost,4.997362406509475
9,CTGAN,1,4,LightGBM,5.386212319623379
9,CTGAN,1,5,RF,5.255040555677759
9,CTGAN,1,5,XGBoost,5.6002147426617706
9,CTGAN,1,5,CatBoost,5.249560107485775
9,CTGAN,1,5,LightGBM,5.1338688515126085
9,CTGAN,1,6,RF,5.267820907021052
9,CTGAN,1,6,XGBoost,5.503821233817151
9,CTGAN,1,6,CatBoost,5.1943518228199625
9,CTGAN,1,6,LightGBM,5.1338688515126085
9,CTGAN,1,7,RF,5.303096673414664
9,CTGAN,1,7,XGBoost,5.50669840889167
9,CTGAN,1,7,CatBoost,5.23917228439839
9,CTGAN,1,7,LightGBM,5.376719782319587
9,CTGAN,1,8,RF,5.447767796407393
9,CTGAN,1,8,XGBoost,5.341708406676547
9,CTGAN,1,8,CatBoost,5.473923707238844
9,CTGAN,1,8,LightGBM,5.452318495088812
9,CTGAN,1,9,RF,5.461888672250095
9,CTGAN,1,9,XGBoost,5.381085469279995
9,CTGAN,1,9,CatBoost,5.4283636546123555
9,CTGAN,1,9,LightGBM,5.309854100571114
9,CTGAN,1,10,RF,5.424611461696939
9,CTGAN,1,10,XGBoost,5.481773208308316
9,CTGAN,1,10,CatBoost,5.304285052872573
9,CTGAN,1,10,LightGBM,5.150924518888954
9,CTGAN,1,12,RF,5.465290686115465
9,CTGAN,1,12,XGBoost,5.409915577655922
9,CTGAN,1,12,CatBoost,5.4659206687009325
9,CTGAN,1,12,LightGBM,5.202502203157194
9,CTGAN,1,14,RF,5.364743138807269
9,CTGAN,1,14,XGBoost,5.253458161486664
9,CTGAN,1,14,CatBoost,5.233116573238126
9,CTGAN,1,14,LightGBM,4.989503178091309
9,CTGAN,1,17,RF,5.442543124761745
9,CTGAN,1,17,XGBoost,5.268045310474109
9,CTGAN,1,17,CatBoost,5.515923707834758
9,CTGAN,1,17,LightGBM,5.149337956177003
9,CTGAN,1,19,RF,5.413388060553822
9,CTGAN,1,19,XGBoost,5.384672110126195
9,CTGAN,1,19,CatBoost,5.454012796483082
9,CTGAN,1,19,LightGBM,5.227534443716855
9,CTGAN,2,1,RF,7.674574300127009
9,CTGAN,2,1,XGBoost,7.144709475593669
9,CTGAN,2,1,CatBoost,7.120320587123123
9,CTGAN,2,1,LightGBM,7.294150307941914
9,CTGAN,2,2,RF,6.2766108293407115
9,CTGAN,2,2,XGBoost,6.735423866812632
9,CTGAN,2,2,CatBoost,6.383172523726795
9,CTGAN,2,2,LightGBM,6.3379838169264575
9,CTGAN,2,3,RF,5.41200327085123
9,CTGAN,2,3,XGBoost,6.546862922712915
9,CTGAN,2,3,CatBoost,5.491276069452186
9,CTGAN,2,3,LightGBM,5.751828554657986
9,CTGAN,2,4,RF,5.528265727246043
9,CTGAN,2,4,XGBoost,6.079087664361989
9,CTGAN,2,4,CatBoost,5.549423323786966
9,CTGAN,2,4,LightGBM,5.77563177557941
9,CTGAN,2,5,RF,5.384162556117957
9,CTGAN,2,5,XGBoost,5.9789612787162385
9,CTGAN,2,5,CatBoost,5.5003425122616605
9,CTGAN,2,5,LightGBM,5.583036912376967
9,CTGAN,2,6,RF,5.321797055974138
9,CTGAN,2,6,XGBoost,5.947866852337014
9,CTGAN,2,6,CatBoost,5.460007688765613
9,CTGAN,2,6,LightGBM,5.583036912376967
9,CTGAN,2,7,RF,5.5321594505555876
9,CTGAN,2,7,XGBoost,5.8938868220548
9,CTGAN,2,7,CatBoost,5.588599346134368
9,CTGAN,2,7,LightGBM,6.113341879513342
9,CTGAN,2,8,RF,5.552598364086107
9,CTGAN,2,8,XGBoost,5.745945326017786
9,CTGAN,2,8,CatBoost,5.478967384078722
9,CTGAN,2,8,LightGBM,5.998055851590127
9,CTGAN,2,9,RF,5.634787609217138
9,CTGAN,2,9,XGBoost,5.85248442088292
9,CTGAN,2,9,CatBoost,5.518938457923573
9,CTGAN,2,9,LightGBM,6.094615802811325
9,CTGAN,2,10,RF,5.469263426729797
9,CTGAN,2,10,XGBoost,5.673336755806619
9,CTGAN,2,10,CatBoost,5.702911471813963
9,CTGAN,2,10,LightGBM,6.068342783858034
9,CTGAN,2,12,RF,5.578291571500424
9,CTGAN,2,12,XGBoost,5.73966424013337
9,CTGAN,2,12,CatBoost,5.473941848301104
9,CTGAN,2,12,LightGBM,5.691489070290977
9,CTGAN,2,14,RF,5.564188219486302
9,CTGAN,2,14,XGBoost,5.670329740191007
9,CTGAN,2,14,CatBoost,5.330774289027665
9,CTGAN,2,14,LightGBM,5.284471389908699
9,CTGAN,2,17,RF,5.59786067095083
9,CTGAN,2,17,XGBoost,5.709421919594979
9,CTGAN,2,17,CatBoost,5.401466186815225
9,CTGAN,2,17,LightGBM,5.459235005907626
9,CTGAN,2,19,RF,5.636122167788882
9,CTGAN,2,19,XGBoost,5.640672517064023
9,CTGAN,2,19,CatBoost,5.500431274301628
9,CTGAN,2,19,LightGBM,5.703502916275568
9,CTGAN,5,1,RF,7.938962084800861
9,CTGAN,5,1,XGBoost,7.944599760789984
9,CTGAN,5,1,CatBoost,8.046911115115494
9,CTGAN,5,1,LightGBM,7.782483634214277
9,CTGAN,5,2,RF,6.489507222147592
9,CTGAN,5,2,XGBoost,7.226314447698149
9,CTGAN,5,2,CatBoost,6.814278514718176
9,CTGAN,5,2,LightGBM,6.645629486047152
9,CTGAN,5,3,RF,5.578218184778106
9,CTGAN,5,3,XGBoost,6.885479945341372
9,CTGAN,5,3,CatBoost,5.82895586628641
9,CTGAN,5,3,LightGBM,5.4084577093011985
9,CTGAN,5,4,RF,5.803748015331773
9,CTGAN,5,4,XGBoost,6.51183404448582
9,CTGAN,5,4,CatBoost,5.827088012773423
9,CTGAN,5,4,LightGBM,5.818769010356345
9,CTGAN,5,5,RF,5.603259486577813
9,CTGAN,5,5,XGBoost,6.380148957016611
9,CTGAN,5,5,CatBoost,5.638131016069888
9,CTGAN,5,5,LightGBM,5.837621622943389
9,CTGAN,5,6,RF,5.585859057792916
9,CTGAN,5,6,XGBoost,6.3503891173811935
9,CTGAN,5,6,CatBoost,5.6510371140045095
9,CTGAN,5,6,LightGBM,5.837621622943389
9,CTGAN,5,7,RF,5.783306358497155
9,CTGAN,5,7,XGBoost,6.210264284569918
9,CTGAN,5,7,CatBoost,5.777496040245041
9,CTGAN,5,7,LightGBM,6.208393893433792
9,CTGAN,5,8,RF,5.630869130770291
9,CTGAN,5,8,XGBoost,6.05520098283588
9,CTGAN,5,8,CatBoost,5.509425298164827
9,CTGAN,5,8,LightGBM,5.8095579952372525
9,CTGAN,5,9,RF,5.738032181763807
9,CTGAN,5,9,XGBoost,5.985996327118414
9,CTGAN,5,9,CatBoost,5.6579266003468955
9,CTGAN,5,9,LightGBM,6.073098464681448
9,CTGAN,5,10,RF,5.695937304707348
9,CTGAN,5,10,XGBoost,6.056695034292558
9,CTGAN,5,10,CatBoost,5.480998340302214
9,CTGAN,5,10,LightGBM,5.85892094195465
9,CTGAN,5,12,RF,5.648530585953214
9,CTGAN,5,12,XGBoost,6.060136426952289
9,CTGAN,5,12,CatBoost,5.574448898025216
9,CTGAN,5,12,LightGBM,5.627092142233937
9,CTGAN,5,14,RF,5.8048738293963025
9,CTGAN,5,14,XGBoost,6.0861882190449075
9,CTGAN,5,14,CatBoost,5.4664596804221395
9,CTGAN,5,14,LightGBM,5.746843505920948
9,CTGAN,5,17,RF,5.825828317359789
9,CTGAN,5,17,XGBoost,6.267297534704545
9,CTGAN,5,17,CatBoost,5.525034670673773
9,CTGAN,5,17,LightGBM,5.705000817886873
9,CTGAN,5,19,RF,5.768482487964787
9,CTGAN,5,19,XGBoost,6.190190637344285
9,CTGAN,5,19,CatBoost,5.554649354465391
9,CTGAN,5,19,LightGBM,5.7019747899846775
9,TVAE,1,1,RF,5.943610443244211
9,TVAE,1,1,XGBoost,6.190940157213242
9,TVAE,1,1,CatBoost,6.154445250749636
9,TVAE,1,1,LightGBM,6.227589762644768
9,TVAE,1,2,RF,6.1403135299602125
9,TVAE,1,2,XGBoost,5.887207013702868
9,TVAE,1,2,CatBoost,6.3968101660918375
9,TVAE,1,2,LightGBM,6.480765815089405
9,TVAE,1,3,RF,5.057468007788428
9,TVAE,1,3,XGBoost,4.9269517141209676
9,TVAE,1,3,CatBoost,5.501848340443865
9,TVAE,1,3,LightGBM,5.323097499267322
9,TVAE,1,4,RF,5.001330250637343
9,TVAE,1,4,XGBoost,5.154725381399804
9,TVAE,1,4,CatBoost,5.151885482185089
9,TVAE,1,4,LightGBM,5.2463678418639565
9,TVAE,1,5,RF,4.960748312030566
9,TVAE,1,5,XGBoost,4.804808633688055
9,TVAE,1,5,CatBoost,5.0070509371886365
9,TVAE,1,5,LightGBM,4.8438782310054895
9,TVAE,1,6,RF,4.918965557687408
9,TVAE,1,6,XGBoost,4.900590618961866
9,TVAE,1,6,CatBoost,4.937633044027237
9,TVAE,1,6,LightGBM,4.8438782310054895
9,TVAE,1,7,RF,4.914412578752073
9,TVAE,1,7,XGBoost,4.63025460304104
9,TVAE,1,7,CatBoost,4.839428882507636
9,TVAE,1,7,LightGBM,4.755007120625801
9,TVAE,1,8,RF,5.039877255461424
9,TVAE,1,8,XGBoost,4.678743185816292
9,TVAE,1,8,CatBoost,5.020841088465101
9,TVAE,1,8,LightGBM,5.200868410528845
9,TVAE,1,9,RF,4.975008837532146
9,TVAE,1,9,XGBoost,4.731839727481317
9,TVAE,1,9,CatBoost,5.087238919608493
9,TVAE,1,9,LightGBM,5.2003515211944045
9,TVAE,1,10,RF,5.09481232459759
9,TVAE,1,10,XGBoost,4.770169296757587
9,TVAE,1,10,CatBoost,5.1151348861603765
9,TVAE,1,10,LightGBM,5.152254126198286
9,TVAE,1,12,RF,5.2286609721130315
9,TVAE,1,12,XGBoost,4.841521664454915
9,TVAE,1,12,CatBoost,5.083236637209359
9,TVAE,1,12,LightGBM,5.253490260287677
9,TVAE,1,14,RF,5.165470329603352
9,TVAE,1,14,XGBoost,5.039283631919995
9,TVAE,1,14,CatBoost,4.970513432135312
9,TVAE,1,14,LightGBM,4.9764870984991845
9,TVAE,1,17,RF,5.367603359490253
9,TVAE,1,17,XGBoost,5.009300363615416
9,TVAE,1,17,CatBoost,5.239057751478527
9,TVAE,1,17,LightGBM,4.952070329644884
9,TVAE,1,19,RF,5.361171347660874
9,TVAE,1,19,XGBoost,5.0851516465668
9,TVAE,1,19,CatBoost,5.3631397281426585
9,TVAE,1,19,LightGBM,5.036159018151229
9,TVAE,2,1,RF,6.1958163137720925
9,TVAE,2,1,XGBoost,5.9653404883018295
9,TVAE,2,1,CatBoost,6.240593677573519
9,TVAE,2,1,LightGBM,6.075797361984307
9,TVAE,2,2,RF,6.085064991544455
9,TVAE,2,2,XGBoost,5.864768715819306
9,TVAE,2,2,CatBoost,6.2036997478110525
9,TVAE,2,2,LightGBM,6.425827534618343
9,TVAE,2,3,RF,4.80976910375267
9,TVAE,2,3,XGBoost,5.1733422142438625
9,TVAE,2,3,CatBoost,5.108075901012229
9,TVAE,2,3,LightGBM,4.928411654161155
9,TVAE,2,4,RF,4.9513683904675
9,TVAE,2,4,XGBoost,5.133903328952858
9,TVAE,2,4,CatBoost,4.940965904058853
9,TVAE,2,4,LightGBM,5.408185651160524
9,TVAE,2,5,RF,5.001121809659139
9,TVAE,2,5,XGBoost,5.031509865453676
9,TVAE,2,5,CatBoost,4.981556588676015
9,TVAE,2,5,LightGBM,5.157304758490182
9,TVAE,2,6,RF,4.955206895707715
9,TVAE,2,6,XGBoost,5.175448449546534
9,TVAE,2,6,CatBoost,4.827019750265568
9,TVAE,2,6,LightGBM,5.157304758490182
9,TVAE,2,7,RF,4.980806709189883
9,TVAE,2,7,XGBoost,4.990581426431717
9,TVAE,2,7,CatBoost,4.836926301185358
9,TVAE,2,7,LightGBM,5.032231655185991
9,TVAE,2,8,RF,5.0210949081188
9,TVAE,2,8,XGBoost,5.056923934727848
9,TVAE,2,8,CatBoost,4.932039219564244
9,TVAE,2,8,LightGBM,5.401848614149852
9,TVAE,2,9,RF,5.134393514078378
9,TVAE,2,9,XGBoost,5.093042104560696
9,TVAE,2,9,CatBoost,4.780304676159204
9,TVAE,2,9,LightGBM,5.444026178386463
9,TVAE,2,10,RF,5.063756047106262
9,TVAE,2,10,XGBoost,5.118769564671942
9,TVAE,2,10,CatBoost,5.089661036300448
9,TVAE,2,10,LightGBM,5.360517564817824
9,TVAE,2,12,RF,5.297311168704287
9,TVAE,2,12,XGBoost,5.204209926675047
9,TVAE,2,12,CatBoost,5.11994735770539
9,TVAE,2,12,LightGBM,5.403535944668689
9,TVAE,2,14,RF,5.259443934141731
9,TVAE,2,14,XGBoost,5.178430222422953
9,TVAE,2,14,CatBoost,5.011431629819156
9,TVAE,2,14,LightGBM,5.0846454024349415
9,TVAE,2,17,RF,5.434246771703167
9,TVAE,2,17,XGBoost,5.281267588770802
9,TVAE,2,17,CatBoost,5.23315066781515
9,TVAE,2,17,LightGBM,4.973829043936921
9,TVAE,2,19,RF,5.430387973755938
9,TVAE,2,19,XGBoost,5.3070900889185895
9,TVAE,2,19,CatBoost,5.25241581005856
9,TVAE,2,19,LightGBM,5.016295760041115
9,TVAE,5,1,RF,7.130356271588566
9,TVAE,5,1,XGBoost,6.686690991359461
9,TVAE,5,1,CatBoost,6.447250403404928
9,TVAE,5,1,LightGBM,6.511916680854621
9,TVAE,5,2,RF,6.1060418784023565
9,TVAE,5,2,XGBoost,6.547069586161861
9,TVAE,5,2,CatBoost,6.379754158128233
9,TVAE,5,2,LightGBM,6.513798384314506
9,TVAE,5,3,RF,4.949868912926616
9,TVAE,5,3,XGBoost,5.780274520077876
9,TVAE,5,3,CatBoost,5.514925897463301
9,TVAE,5,3,LightGBM,5.382706952162411
9,TVAE,5,4,RF,5.040808934625679
9,TVAE,5,4,XGBoost,5.570382513239073
9,TVAE,5,4,CatBoost,5.227235650012291
9,TVAE,5,4,LightGBM,5.668797914180203
9,TVAE,5,5,RF,5.153343231876514
9,TVAE,5,5,XGBoost,5.550667315018685
9,TVAE,5,5,CatBoost,5.296108138456756
9,TVAE,5,5,LightGBM,5.623730602936966
9,TVAE,5,6,RF,5.137178377263341
9,TVAE,5,6,XGBoost,5.497087800987524
9,TVAE,5,6,CatBoost,5.203297290230176
9,TVAE,5,6,LightGBM,5.623730602936966
9,TVAE,5,7,RF,5.159390621669684
9,TVAE,5,7,XGBoost,5.385947099733224
9,TVAE,5,7,CatBoost,5.277503040348372
9,TVAE,5,7,LightGBM,5.2596508915130995
9,TVAE,5,8,RF,5.280746410470008
9,TVAE,5,8,XGBoost,5.382502889559296
9,TVAE,5,8,CatBoost,5.055900328835366
9,TVAE,5,8,LightGBM,5.2628909144638065
9,TVAE,5,9,RF,5.193820291025723
9,TVAE,5,9,XGBoost,5.461160941451388
9,TVAE,5,9,CatBoost,5.013604598519572
9,TVAE,5,9,LightGBM,5.351094902574236
9,TVAE,5,10,RF,5.226637986561202
9,TVAE,5,10,XGBoost,5.295199964054282
9,TVAE,5,10,CatBoost,5.100116702229494
9,TVAE,5,10,LightGBM,5.216083158163443
9,TVAE,5,12,RF,5.369856205275417
9,TVAE,5,12,XGBoost,5.416383506821332
9,TVAE,5,12,CatBoost,5.101167474704774
9,TVAE,5,12,LightGBM,5.348973981385628
9,TVAE,5,14,RF,5.341645244173226
9,TVAE,5,14,XGBoost,5.41664940743742
9,TVAE,5,14,CatBoost,5.0501261751980815
9,TVAE,5,14,LightGBM,5.2430446198078045
9,TVAE,5,17,RF,5.4080973029197335
9,TVAE,5,17,XGBoost,5.446170001043324
9,TVAE,5,17,CatBoost,5.125962334704257
9,TVAE,5,17,LightGBM,5.187266858297517
9,TVAE,5,19,RF,5.431186309023402
9,TVAE,5,19,XGBoost,5.456843935120548
9,TVAE,5,19,CatBoost,5.232355810010194
9,TVAE,5,19,LightGBM,5.072221383464085
9,GEO-interp,1,1,RF,6.181344202513728
9,GEO-interp,1,1,XGBoost,6.310937609791501
9,GEO-interp,1,1,CatBoost,6.449028622522796
9,GEO-interp,1,1,LightGBM,6.381710056872025
9,GEO-interp,1,2,RF,6.096915911318885
9,GEO-interp,1,2,XGBoost,6.483662897764906
9,GEO-interp,1,2,CatBoost,6.3581931336769175
9,GEO-interp,1,2,LightGBM,6.3613172028032805
9,GEO-interp,1,3,RF,4.984487124463522
9,GEO-interp,1,3,XGBoost,5.099845070709188
9,GEO-interp,1,3,CatBoost,5.508003072535264
9,GEO-interp,1,3,LightGBM,5.352472837208234
9,GEO-interp,1,4,RF,5.113785848074714
9,GEO-interp,1,4,XGBoost,5.252741814833969
9,GEO-interp,1,4,CatBoost,5.277631599284691
9,GEO-interp,1,4,LightGBM,4.952744575625952
9,GEO-interp,1,5,RF,4.839580779716816
9,GEO-interp,1,5,XGBoost,4.935957592711234
9,GEO-interp,1,5,CatBoost,4.811015500485282
9,GEO-interp,1,5,LightGBM,4.594188342357844
9,GEO-interp,1,6,RF,4.915301221800384
9,GEO-interp,1,6,XGBoost,4.9515950047371025
9,GEO-interp,1,6,CatBoost,4.776736329131982
9,GEO-interp,1,6,LightGBM,4.594188342357844
9,GEO-interp,1,7,RF,4.866423131373075
9,GEO-interp,1,7,XGBoost,4.8452913835352
9,GEO-interp,1,7,CatBoost,4.8451215904966825
9,GEO-interp,1,7,LightGBM,4.679912096950261
9,GEO-interp,1,8,RF,5.032886054721065
9,GEO-interp,1,8,XGBoost,4.872926868100298
9,GEO-interp,1,8,CatBoost,4.94506434404141
9,GEO-interp,1,8,LightGBM,4.963189426587221
9,GEO-interp,1,9,RF,5.005974904822489
9,GEO-interp,1,9,XGBoost,4.839966282441836
9,GEO-interp,1,9,CatBoost,4.9780282130528555
9,GEO-interp,1,9,LightGBM,4.858414989953022
9,GEO-interp,1,10,RF,5.095693772873848
9,GEO-interp,1,10,XGBoost,4.8505849446569105
9,GEO-interp,1,10,CatBoost,4.992912043269263
9,GEO-interp,1,10,LightGBM,4.985640007191341
9,GEO-interp,1,12,RF,5.153044264672691
9,GEO-interp,1,12,XGBoost,4.903241920394464
9,GEO-interp,1,12,CatBoost,4.858122890720042
9,GEO-interp,1,12,LightGBM,4.916094618664179
9,GEO-interp,1,14,RF,5.018989552633723
9,GEO-interp,1,14,XGBoost,4.925870412897499
9,GEO-interp,1,14,CatBoost,4.833455184855141
9,GEO-interp,1,14,LightGBM,4.902087460531906
9,GEO-interp,1,17,RF,5.248885120951753
9,GEO-interp,1,17,XGBoost,4.869852154500252
9,GEO-interp,1,17,CatBoost,4.864932868003694
9,GEO-interp,1,17,LightGBM,4.900263671949208
9,GEO-interp,1,19,RF,5.211311683489013
9,GEO-interp,1,19,XGBoost,4.852891713295468
9,GEO-interp,1,19,CatBoost,4.960253604770213
9,GEO-interp,1,19,LightGBM,4.761388208094377
9,GEO-interp,2,1,RF,6.269966137332211
9,GEO-interp,2,1,XGBoost,6.56272771667091
9,GEO-interp,2,1,CatBoost,6.4031113391825585
9,GEO-interp,2,1,LightGBM,6.473445040774214
9,GEO-interp,2,2,RF,5.903717918157427
9,GEO-interp,2,2,XGBoost,6.531232132418579
9,GEO-interp,2,2,CatBoost,6.222661950764396
9,GEO-interp,2,2,LightGBM,6.5769783849415
9,GEO-interp,2,3,RF,5.2063374662049355
9,GEO-interp,2,3,XGBoost,5.23434675895909
9,GEO-interp,2,3,CatBoost,5.41215407967571
9,GEO-interp,2,3,LightGBM,5.462387728124705
9,GEO-interp,2,4,RF,5.209291754921976
9,GEO-interp,2,4,XGBoost,5.287154840143035
9,GEO-interp,2,4,CatBoost,5.209060740452335
9,GEO-interp,2,4,LightGBM,5.268395961691515
9,GEO-interp,2,5,RF,5.118089988939975
9,GEO-interp,2,5,XGBoost,5.089288867062971
9,GEO-interp,2,5,CatBoost,4.858666757852003
9,GEO-interp,2,5,LightGBM,4.891329203619878
9,GEO-interp,2,6,RF,5.118678082370681
9,GEO-interp,2,6,XGBoost,5.105148438690261
9,GEO-interp,2,6,CatBoost,4.969532972774015
9,GEO-interp,2,6,LightGBM,4.885276057768261
9,GEO-interp,2,7,RF,5.118100153530406
9,GEO-interp,2,7,XGBoost,4.935300084872812
9,GEO-interp,2,7,CatBoost,4.941966669533935
9,GEO-interp,2,7,LightGBM,4.938100244520441
9,GEO-interp,2,8,RF,5.235416799654722
9,GEO-interp,2,8,XGBoost,4.947761677769091
9,GEO-interp,2,8,CatBoost,5.026197929313738
9,GEO-interp,2,8,LightGBM,5.422916513998421
9,GEO-interp,2,9,RF,5.263517726826997
9,GEO-interp,2,9,XGBoost,4.83578911200998
9,GEO-interp,2,9,CatBoost,5.138352738945319
9,GEO-interp,2,9,LightGBM,5.216120261480149
9,GEO-interp,2,10,RF,5.345023831124562
9,GEO-interp,2,10,XGBoost,4.962680709568329
9,GEO-interp,2,10,CatBoost,5.208641522344449
9,GEO-interp,2,10,LightGBM,5.258545949349304
9,GEO-interp,2,12,RF,5.415060978811182
9,GEO-interp,2,12,XGBoost,5.004439301122414
9,GEO-interp,2,12,CatBoost,5.1089336492314565
9,GEO-interp,2,12,LightGBM,5.265101943799142
9,GEO-interp,2,14,RF,5.203328121283296
9,GEO-interp,2,14,XGBoost,5.103421124014143
9,GEO-interp,2,14,CatBoost,4.982139381479231
9,GEO-interp,2,14,LightGBM,5.259012888745369
9,GEO-interp,2,17,RF,5.262834200644233
9,GEO-interp,2,17,XGBoost,5.153639868675153
9,GEO-interp,2,17,CatBoost,5.003588042532427
9,GEO-interp,2,17,LightGBM,5.263462386868127
9,GEO-interp,2,19,RF,5.2844280775699914
9,GEO-interp,2,19,XGBoost,5.125615726548438
9,GEO-interp,2,19,CatBoost,5.0325642478813375
9,GEO-interp,2,19,LightGBM,5.274028018871151
9,GEO-interp,5,1,RF,6.01100741114527
9,GEO-interp,5,1,XGBoost,6.004195159918416
9,GEO-interp,5,1,CatBoost,6.073698282096647
9,GEO-interp,5,1,LightGBM,6.1556729189343375
9,GEO-interp,5,2,RF,6.085862529806745
9,GEO-interp,5,2,XGBoost,6.452479770914624
9,GEO-interp,5,2,CatBoost,6.425071140898295
9,GEO-interp,5,2,LightGBM,6.495236903658503
9,GEO-interp,5,3,RF,5.492267013650402
9,GEO-interp,5,3,XGBoost,5.354083929649453
9,GEO-interp,5,3,CatBoost,5.55867774971608
9,GEO-interp,5,3,LightGBM,5.850987235954225
9,GEO-interp,5,4,RF,5.347036029703351
9,GEO-interp,5,4,XGBoost,5.400214948356171
9,GEO-interp,5,4,CatBoost,5.330195401801246
9,GEO-interp,5,4,LightGBM,5.778936897336968
9,GEO-interp,5,5,RF,5.2687028942763465
9,GEO-interp,5,5,XGBoost,4.957409477831403
9,GEO-interp,5,5,CatBoost,5.158946335051997
9,GEO-interp,5,5,LightGBM,5.290593920403078
9,GEO-interp,5,6,RF,5.203172443225934
9,GEO-interp,5,6,XGBoost,5.011815522699894
9,GEO-interp,5,6,CatBoost,4.981236739884706
9,GEO-interp,5,6,LightGBM,5.290593920403078
9,GEO-interp,5,7,RF,5.117123054447032
9,GEO-interp,5,7,XGBoost,4.887950097094769
9,GEO-interp,5,7,CatBoost,4.9865008036336205
9,GEO-interp,5,7,LightGBM,5.28873911203173
9,GEO-interp,5,8,RF,5.293251250623959
9,GEO-interp,5,8,XGBoost,4.899097403503302
9,GEO-interp,5,8,CatBoost,5.03446139984732
9,GEO-interp,5,8,LightGBM,5.734359760915441
9,GEO-interp,5,9,RF,5.235017863791787
9,GEO-interp,5,9,XGBoost,4.912294599115298
9,GEO-interp,5,9,CatBoost,5.110192105860936
9,GEO-interp,5,9,LightGBM,5.698937935294809
9,GEO-interp,5,10,RF,5.349318863481366
9,GEO-interp,5,10,XGBoost,4.873484956508724
9,GEO-interp,5,10,CatBoost,5.133549102304718
9,GEO-interp,5,10,LightGBM,5.72450642997309
9,GEO-interp,5,12,RF,5.425877450515853
9,GEO-interp,5,12,XGBoost,4.892789082663301
9,GEO-interp,5,12,CatBoost,5.061286601572533
9,GEO-interp,5,12,LightGBM,5.785433855198552
9,GEO-interp,5,14,RF,5.200592612260292
9,GEO-interp,5,14,XGBoost,4.907071193087921
9,GEO-interp,5,14,CatBoost,4.819146339697492
9,GEO-interp,5,14,LightGBM,5.678013012347184
9,GEO-interp,5,17,RF,5.183402037401354
9,GEO-interp,5,17,XGBoost,4.884113223243401
9,GEO-interp,5,17,CatBoost,4.96510534889427
9,GEO-interp,5,17,LightGBM,5.615376778284538
9,GEO-interp,5,19,RF,5.23698836335136
9,GEO-interp,5,19,XGBoost,4.932176834686094
9,GEO-interp,5,19,CatBoost,4.937071062605171
9,GEO-interp,5,19,LightGBM,5.657438666377352
9,GEO-disp,1,1,RF,6.241048157340773
9,GEO-disp,1,1,XGBoost,6.396639713644401
9,GEO-disp,1,1,CatBoost,6.514886444386792
9,GEO-disp,1,1,LightGBM,6.396233354756068
9,GEO-disp,1,2,RF,6.219941249872683
9,GEO-disp,1,2,XGBoost,6.51278309035889
9,GEO-disp,1,2,CatBoost,6.40402981849484
9,GEO-disp,1,2,LightGBM,6.440219279591172
9,GEO-disp,1,3,RF,5.027541899344474
9,GEO-disp,1,3,XGBoost,5.122049058256702
9,GEO-disp,1,3,CatBoost,5.538408254816475
9,GEO-disp,1,3,LightGBM,5.451972033541412
9,GEO-disp,1,4,RF,5.122431594583704
9,GEO-disp,1,4,XGBoost,5.218862069937598
9,GEO-disp,1,4,CatBoost,5.450447628663078
9,GEO-disp,1,4,LightGBM,5.064544451369574
9,GEO-disp,1,5,RF,4.915483850607205
9,GEO-disp,1,5,XGBoost,4.928182751634252
9,GEO-disp,1,5,CatBoost,4.871749401520006
9,GEO-disp,1,5,LightGBM,4.792490191548482
9,GEO-disp,1,6,RF,4.94848745859907
9,GEO-disp,1,6,XGBoost,4.945914225904832
9,GEO-disp,1,6,CatBoost,4.947024017467664
9,GEO-disp,1,6,LightGBM,4.792490191548482
9,GEO-disp,1,7,RF,4.938704060552448
9,GEO-disp,1,7,XGBoost,4.890895003347844
9,GEO-disp,1,7,CatBoost,4.678297886395443
9,GEO-disp,1,7,LightGBM,4.702657976535857
9,GEO-disp,1,8,RF,5.04342494302176
9,GEO-disp,1,8,XGBoost,4.80155197285294
9,GEO-disp,1,8,CatBoost,5.032667725221595
9,GEO-disp,1,8,LightGBM,5.06225957314351
9,GEO-disp,1,9,RF,5.121355742690333
9,GEO-disp,1,9,XGBoost,4.876287623742634
9,GEO-disp,1,9,CatBoost,4.977111563936638
9,GEO-disp,1,9,LightGBM,5.038226484934497
9,GEO-disp,1,10,RF,5.164345127122628
9,GEO-disp,1,10,XGBoost,4.84974420333038
9,GEO-disp,1,10,CatBoost,5.054069317763296
9,GEO-disp,1,10,LightGBM,5.046787136912964
9,GEO-disp,1,12,RF,5.144355873986201
9,GEO-disp,1,12,XGBoost,4.874183366938685
9,GEO-disp,1,12,CatBoost,4.954114893320164
9,GEO-disp,1,12,LightGBM,4.9613345553008665
9,GEO-disp,1,14,RF,5.147223928870551
9,GEO-disp,1,14,XGBoost,4.982781929516306
9,GEO-disp,1,14,CatBoost,4.808298509525075
9,GEO-disp,1,14,LightGBM,4.8381920081721965
9,GEO-disp,1,17,RF,5.230711023696956
9,GEO-disp,1,17,XGBoost,4.86751664007645
9,GEO-disp,1,17,CatBoost,5.002171391487109
9,GEO-disp,1,17,LightGBM,4.893394025012447
9,GEO-disp,1,19,RF,5.185150367102761
9,GEO-disp,1,19,XGBoost,4.877389419542908
9,GEO-disp,1,19,CatBoost,4.995350360888595
9,GEO-disp,1,19,LightGBM,4.8189973988755
9,GEO-disp,2,1,RF,6.327957565133317
9,GEO-disp,2,1,XGBoost,6.624401643133288
9,GEO-disp,2,1,CatBoost,6.417713779574989
9,GEO-disp,2,1,LightGBM,6.52202075330361
9,GEO-disp,2,2,RF,5.984908768894266
9,GEO-disp,2,2,XGBoost,6.538134020338605
9,GEO-disp,2,2,CatBoost,6.327279311596642
9,GEO-disp,2,2,LightGBM,6.745349750903962
9,GEO-disp,2,3,RF,5.310200673216613
9,GEO-disp,2,3,XGBoost,5.345836544243703
9,GEO-disp,2,3,CatBoost,5.647170948824919
9,GEO-disp,2,3,LightGBM,5.687507309951725
9,GEO-disp,2,4,RF,5.264672441492806
9,GEO-disp,2,4,XGBoost,5.410067120788335
9,GEO-disp,2,4,CatBoost,5.316118048997268
9,GEO-disp,2,4,LightGBM,5.292875092736066
9,GEO-disp,2,5,RF,5.24110798541011
9,GEO-disp,2,5,XGBoost,5.137319264253121
9,GEO-disp,2,5,CatBoost,4.9736142365474985
9,GEO-disp,2,5,LightGBM,5.078508003895516
9,GEO-disp,2,6,RF,5.211975500763065
9,GEO-disp,2,6,XGBoost,5.228389432593457
9,GEO-disp,2,6,CatBoost,5.062056602413319
9,GEO-disp,2,6,LightGBM,5.075176415351835
9,GEO-disp,2,7,RF,5.135976052728162
9,GEO-disp,2,7,XGBoost,5.006910905349414
9,GEO-disp,2,7,CatBoost,4.909155069744678
9,GEO-disp,2,7,LightGBM,5.140663092944011
9,GEO-disp,2,8,RF,5.334831905191109
9,GEO-disp,2,8,XGBoost,4.968362463089427
9,GEO-disp,2,8,CatBoost,5.329125073116339
9,GEO-disp,2,8,LightGBM,5.491757703141034
9,GEO-disp,2,9,RF,5.31371616494754
9,GEO-disp,2,9,XGBoost,5.023033049698867
9,GEO-disp,2,9,CatBoost,5.196061946008302
9,GEO-disp,2,9,LightGBM,5.511423158306335
9,GEO-disp,2,10,RF,5.358149228546193
9,GEO-disp,2,10,XGBoost,5.145521345762087
9,GEO-disp,2,10,CatBoost,5.261722271902685
9,GEO-disp,2,10,LightGBM,5.523030575962092
9,GEO-disp,2,12,RF,5.506648781805064
9,GEO-disp,2,12,XGBoost,5.138993118290124
9,GEO-disp,2,12,CatBoost,5.243805811539645
9,GEO-disp,2,12,LightGBM,5.671300645170822
9,GEO-disp,2,14,RF,5.360957412003917
9,GEO-disp,2,14,XGBoost,5.205413106037976
9,GEO-disp,2,14,CatBoost,4.946890906691592
9,GEO-disp,2,14,LightGBM,5.55352125162158
9,GEO-disp,2,17,RF,5.338286617736304
9,GEO-disp,2,17,XGBoost,5.321412755663604
9,GEO-disp,2,17,CatBoost,5.100780089320969
9,GEO-disp,2,17,LightGBM,5.4753395739036765
9,GEO-disp,2,19,RF,5.368731091315881
9,GEO-disp,2,19,XGBoost,5.28010782028922
9,GEO-disp,2,19,CatBoost,5.091920693498044
9,GEO-disp,2,19,LightGBM,5.416762007562047
9,GEO-disp,5,1,RF,6.128438165639189
9,GEO-disp,5,1,XGBoost,6.060200294235685
9,GEO-disp,5,1,CatBoost,6.038984998294628
9,GEO-disp,5,1,LightGBM,6.160130087315934
9,GEO-disp,5,2,RF,6.205179457155564
9,GEO-disp,5,2,XGBoost,6.572149054863223
9,GEO-disp,5,2,CatBoost,6.568988316165513
9,GEO-disp,5,2,LightGBM,6.546442096792403
9,GEO-disp,5,3,RF,5.648184430161165
9,GEO-disp,5,3,XGBoost,5.43948797446202
9,GEO-disp,5,3,CatBoost,5.674712636156524
9,GEO-disp,5,3,LightGBM,6.019835438387137
9,GEO-disp,5,4,RF,5.504333994415956
9,GEO-disp,5,4,XGBoost,5.4252410051256295
9,GEO-disp,5,4,CatBoost,5.395862521214279
9,GEO-disp,5,4,LightGBM,6.086517554505904
9,GEO-disp,5,5,RF,5.303063911528973
9,GEO-disp,5,5,XGBoost,4.937181580496284
9,GEO-disp,5,5,CatBoost,5.209786423245287
9,GEO-disp,5,5,LightGBM,5.465908659210416
9,GEO-disp,5,6,RF,5.312265729467808
9,GEO-disp,5,6,XGBoost,4.994347716278893
9,GEO-disp,5,6,CatBoost,5.050281939223144
9,GEO-disp,5,6,LightGBM,5.465908659210416
9,GEO-disp,5,7,RF,5.271002575794851
9,GEO-disp,5,7,XGBoost,4.8819371333570025
9,GEO-disp,5,7,CatBoost,5.156479279824306
9,GEO-disp,5,7,LightGBM,5.4534077495149855
9,GEO-disp,5,8,RF,5.382155150091588
9,GEO-disp,5,8,XGBoost,4.915522555334514
9,GEO-disp,5,8,CatBoost,5.222956396708645
9,GEO-disp,5,8,LightGBM,5.835268099588577
9,GEO-disp,5,9,RF,5.400830030768412
9,GEO-disp,5,9,XGBoost,4.953707785242864
9,GEO-disp,5,9,CatBoost,5.1397494624903395
9,GEO-disp,5,9,LightGBM,6.020414586650378
9,GEO-disp,5,10,RF,5.437547629130028
9,GEO-disp,5,10,XGBoost,4.867008362113328
9,GEO-disp,5,10,CatBoost,5.200457647096297
9,GEO-disp,5,10,LightGBM,5.947073398374671
9,GEO-disp,5,12,RF,5.463598399609288
9,GEO-disp,5,12,XGBoost,4.944067844938429
9,GEO-disp,5,12,CatBoost,5.179312200514823
9,GEO-disp,5,12,LightGBM,6.064071812015746
9,GEO-disp,5,14,RF,5.301335917941645
9,GEO-disp,5,14,XGBoost,4.946081010828342
9,GEO-disp,5,14,CatBoost,4.833786847512842
9,GEO-disp,5,14,LightGBM,5.720511480084665
9,GEO-disp,5,17,RF,5.286288019738135
9,GEO-disp,5,17,XGBoost,4.934927833125508
9,GEO-disp,5,17,CatBoost,4.855227847589575
9,GEO-disp,5,17,LightGBM,5.894929546019282
9,GEO-disp,5,19,RF,5.306785932040707
9,GEO-disp,5,19,XGBoost,4.918301334999965
9,GEO-disp,5,19,CatBoost,4.926758836967504
9,GEO-disp,5,19,LightGBM,5.938865388284445
