Rx_lat,Rx_lon,Tx_id,City,Tx_lat,Tx_lon,Distance,Tx_power,Tx_alt,Tx_antenna_height,Tx_height,Freq,Rx_antenna_height,Rx_height,Azimut_Tx_Rx,Tilt_Tx_Rx,Rx_alt,Slope_Tx_Rx,Roughness_Tx_Rx,Slope_Tx_Rx_50m,Roughness_Tx_Rx_50m,Slope_Local_Rx_50m,Roughness_Local_Rx_50m,LOS,First_building_m,First_tree_m,Fresnel_buildings,Fresnel_trees,Buildings_near_Rx,Trees_near_Rx,Environment,Temp,Rhum,Wdir,Wspd,Pres,stratum,pair_dist,y_a,y_b,lam
6.377280959987018,2.3515676868179605,ABCA,cotonou,6.4302,2.3471,5873.050131990345,21238.37353,17.0,150.0,167.0,570.0,10,14.20168924331665,175.20397017976256,1.4903199604746158,4.20168924331665,-0.0018746752439453757,3.5094564041629925,-0.0018731138733204724,3.49252536240471,-0.0015951567948179507,0.030444384131874048,1,-1.0,-1.0,0,0,1,5,1,30.0,52.0,20.0,13.0,1011.0,cotonou/ABCA,390.776757083828,74.3,70.7,0.12811363267554587
6.383902442109315,2.3556218190300395,ABCA,cotonou,6.4302,2.3471,5206.032629849096,21238.37353,17.0,150.0,167.0,570.0,10,13.238672256469727,169.6337669200616,1.6917517415017083,3.2386722564697266,-0.0022938896413050394,3.4870666982309033,-0.002329727823128734,3.4685041581334946,-0.001974934182543684,0.03249526482600288,1,-1.0,-1.0,0,0,0,12,1,31.3,40.0,44.0,11.1,1009.1,cotonou/ABCA,340.0678431422958,81.1,79.4,0.45038593789556713
6.379044790954701,2.351597752118546,ABCA,cotonou,6.4302,2.3471,5678.997709588618,21238.37353,17.0,150.0,167.0,570.0,10,13.998159170150757,175.006217663568,1.5432722591419348,3.998159170150757,-0.0018618694604905699,3.5408339417224197,-0.0019341117790104639,3.532012029546367,0.005499727517515984,0.18328502477258196,0,5440.001813994708,5462.763327860795,2,1,1,9,1,32.0,41.0,10.0,11.2,1010.0,cotonou/ABCA,390.776757083828,70.7,74.3,0.37079802423258124
6.380668999037915,2.354440453093978,ABCA,cotonou,6.4302,2.3471,5537.408219665182,21238.37353,17.0,150.0,167.0,570.0,10,12.791360139846802,171.6216362080354,1.5951905375151696,2.7913601398468018,-0.002233462860641006,3.4123393943089466,-0.002213844938499192,3.394156612161001,0.0003756443659464518,0.018638641547067684,1,-1.0,-1.0,0,0,1,4,1,31.3,40.0,44.0,11.1,1009.1,cotonou/ABCA,382.1302966248984,79.4,73.3,0.9267649888486018
6.3839165797680115,2.355910227267447,ABCA,cotonou,6.4302,2.3471,5210.369116762555,21238.37353,17.0,150.0,167.0,570.0,10,13.26603078842163,169.28772675741266,1.6900439611267102,3.266030788421631,-0.0022755128268565922,3.463757689526036,-0.0023216338236881936,3.4456015999518685,-0.0022149187073654928,0.049508748496560354,1,-1.0,-1.0,0,0,0,12,1,31.3,40.0,44.0,11.1,1009.1,cotonou/ABCA,340.0678431422958,79.4,81.1,0.6438651200806645
6.379498506993136,2.3547432837162465,ABCA,cotonou,6.4302,2.3471,5670.381994666921,21238.37353,17.0,150.0,167.0,570.0,10,12.798988580703735,171.4794687131414,1.5577240162559904,2.7989885807037354,-0.002188750473477697,3.388526286472199,-0.002146697716333491,3.3708833895685317,0.001999274493640561,0.05330627054324077,1,-1.0,-1.0,0,0,0,9,1,31.3,40.0,44.0,11.1,1009.1,cotonou/ABCA,129.29475120989903,73.3,76.2,0.82276161327083
6.378390817979872,2.3515866048519296,ABCA,cotonou,6.4302,2.3471,5750.938073387487,21238.37353,17.0,150.0,167.0,570.0,10,14.172547817230225,175.08109493986933,1.5222399419299122,4.172547817230225,-0.001911170526852549,3.541527630157367,-0.0018773985152044444,3.524279465466991,0.0018766027208130236,0.04307182684098463,0,5439.765071420628,5462.814923418174,2,1,1,5,1,30.0,52.0,20.0,13.0,1011.0,cotonou/ABCA,390.776757083828,74.3,70.7,0.44341419882733113
6.392096824642861,2.366677178872126,ABCA,cotonou,6.4302,2.3471,4737.760764714475,21238.37353,17.0,150.0,167.0,570.0,10,13.664859056472778,152.9509253130617,1.8537007925101183,3.6648590564727783,-0.002433015320849553,3.24123878535964,-0.002361518674310368,3.228500769124336,0.003530868783721808,0.07766882385131406,1,-1.0,-1.0,0,0,1,6,1,33.0,44.0,10.0,11.2,1008.0,cotonou/ABCA,307.08506585455837,66.0,65.5,0.2272387217847769
6.3799211349614575,2.354622532868155,ABCA,cotonou,6.4302,2.3471,5622.178362632728,21238.37353,17.0,150.0,167.0,570.0,10,12.838192224502563,171.5426655598975,1.5706737952870964,2.8381922245025635,-0.0021940751701382036,3.3861410842557316,-0.00214661581474438,3.3685193227744876,0.0015329996744791667,0.07363733559197666,1,-1.0,-1.0,0,0,0,12,1,32.0,41.0,10.0,11.2,1010.0,cotonou/ABCA,129.29475120989903,76.2,73.3,0.5545847870158348
6.377054636741486,2.351563829035366,ABCA,cotonou,6.4302,2.3471,5897.954608266957,21238.37353,17.0,150.0,167.0,570.0,10,14.18149995803833,175.22840234740647,1.4842258104222807,4.18149995803833,-0.0018695439817573943,3.5017811044898663,-0.00185365301480445,3.4849244932379806,-0.0006964683532714843,0.03230568404473972,1,-1.0,-1.0,0,0,2,4,1,30.0,52.0,20.0,13.0,1011.0,cotonou/ABCA,390.776757083828,74.3,70.7,0.06381725610417532
6.380407934182039,2.353987025151899,ABCA,cotonou,6.4302,2.3471,5558.8712387733185,21238.37353,17.0,150.0,167.0,570.0,10,12.922895193099976,172.17322185233502,1.5876799065523488,2.9228951930999756,-0.00216516504053015,3.421758879961476,-0.002169188865667825,3.4126843840997574,0.0027771166242335065,0.08767211009515989,1,-1.0,-1.0,0,0,0,4,1,32.0,41.0,10.0,11.2,1010.0,cotonou/ABCA,317.5550729640992,70.7,73.3,0.8276311719925821
6.382567658957015,2.354138901224474,ABCA,cotonou,6.4302,2.3471,5324.817255167149,21238.37353,17.0,150.0,167.0,570.0,10,12.628208637237549,171.64527083740848,1.6605969702838541,2.628208637237549,-0.002316289792198898,3.4793139808432314,-0.0023208624786800807,3.460038397686654,0.0026912331581115724,0.12968730787162225,1,-1.0,-1.0,0,0,0,9,1,31.3,40.0,44.0,11.1,1009.1,cotonou/ABCA,382.1302966248984,73.3,79.4,0.6316643991220648
6.391995963329384,2.3681423221626354,ABCA,cotonou,6.4302,2.3471,4823.780732478018,21238.37353,17.0,150.0,167.0,570.0,10,14.021753787994385,151.30502012931572,1.816432315950983,4.021753787994385,-0.0023153426741683836,3.190371917679754,-0.002274760049301179,3.181643226288274,0.0009977261225382486,0.04009658207956761,1,-1.0,-1.0,0,0,0,3,1,33.0,44.0,10.0,11.2,1008.0,cotonou/ABCA,307.08506585455837,66.0,65.5,0.7580877400853738
6.383916821104781,2.355915150537523,ABCA,cotonou,6.4302,2.3471,5210.44481153196,21238.37353,17.0,150.0,167.0,570.0,10,13.26603078842163,169.28182463286248,1.6900194232410302,3.266030788421631,-0.0022756529619540264,3.463757689526036,-0.00232115310624192,3.4456015999518685,-0.0021867166171840977,0.049508748496560354,1,-1.0,-1.0,0,0,0,11,1,31.3,40.0,44.0,11.1,1009.1,cotonou/ABCA,340.0678431422958,81.1,79.4,0.35452596812986836
6.391955567375365,2.3687291265473296,ABCA,cotonou,6.4302,2.3471,4859.329123278932,21238.37353,17.0,150.0,167.0,570.0,10,14.104713439941406,150.66224209988627,1.8021758219393482,4.104713439941406,-0.0022849660672808057,3.190235433106978,-0.002250532406132395,3.1821665221147826,0.0008101198408338758,0.030154014292326423,1,-1.0,-1.0,0,0,0,2,1,33.0,44.0,10.0,11.2,1008.0,cotonou/ABCA,307.08506585455837,66.0,65.5,0.9706980243949033
6.348003335817408,2.3814102801783488,COTO,cotonou,6.352268,2.402957,2430.154074826072,21238.37353,9.0,100.0,109.0,570.0,10,10.953526198863983,258.738192158992,2.310390140786703,0.9535261988639832,-0.0011331132655281097,0.8822897984076447,-0.0011058093314189987,0.968660123809667,0.0,0.0,1,-1.0,-1.0,0,0,0,0,1,32.0,71.0,200.0,18.4,1008.0,cotonou/COTO,94.8968856180276,55.9,59.0,0.9618976645495145
6.360765725863384,2.4089983237771424,COTO,cotonou,6.352268,2.402957,1153.210158587184,21238.37353,9.0,100.0,109.0,570.0,10,14.592071533203125,35.24329896624624,4.680101191832377,4.592071533203125,0.0007564787171844743,0.46871327878181934,0.0008234607494943512,0.4576549021256115,0.0013152440388997397,0.065119360081898,1,-1.0,-1.0,0,0,1,2,1,32.0,67.0,210.0,18.4,1012.0,cotonou/COTO,267.46393794301054,68.1,62.5,0.908580690707607
6.356412568160407,2.3921205812013495,COTO,cotonou,6.352268,2.402957,1283.5647250593547,21238.37353,9.0,100.0,109.0,570.0,10,15.66183853149414,291.04886296967294,4.159109439787856,5.661838531494141,0.0015127828360577246,0.6910592073681009,0.0014628662886442961,0.6904991647837082,9.707344902886286e-05,0.008222750375734132,1,-1.0,-1.0,0,0,3,7,1,32.6,66.0,210.0,11.2,1010.9,cotonou/COTO,267.5192114597196,58.2,57.1,0.6997071338107496
6.385301553575154,2.3833477820539564,COTO,cotonou,6.352268,2.402957,4248.763033156232,21238.37353,9.0,100.0,109.0,570.0,10,14.904884815216064,329.4625368264075,1.2686920359839118,4.9048848152160645,0.0002875571086169269,0.9847282779717167,0.00027362323469585847,0.9931959700355414,0.0007005453109741211,0.035120432923978484,1,-1.0,-1.0,0,0,0,9,1,33.0,41.0,50.0,9.4,1007.0,cotonou/COTO,266.4578062283396,64.8,75.6,0.2658699614595196
6.36121328453432,2.395516609401508,COTO,cotonou,6.352268,2.402957,1286.9566783830555,21238.37353,9.0,100.0,109.0,570.0,10,13.665865182876587,320.42147505110745,4.236572373256826,3.665865182876587,-3.398537513186229e-05,0.3957651186146804,-4.5006716692889046e-05,0.41454322225681367,-0.00044744279649522567,0.016658526516369287,1,-1.0,-1.0,0,0,3,9,1,32.6,66.0,210.0,11.2,1010.9,cotonou/COTO,204.60464730791253,56.5,68.1,0.9691763773477239
6.355521610899981,2.375415411333884,COTO,cotonou,6.352268,2.402957,3068.376921551295,21238.37353,9.0,100.0,109.0,570.0,10,14.415698528289795,276.7801595249235,1.765612866186411,4.415698528289795,0.00022935504666424106,0.4681856116673174,0.00021987182971758718,0.4663175578484522,0.0003372775183783638,0.018857418001239676,1,-1.0,-1.0,0,0,3,3,1,31.5,70.0,236.0,9.3,1011.4,cotonou/COTO,243.1128071492526,59.2,56.3,0.7787509039657946
6.350563243924337,2.390166997074392,COTO,cotonou,6.352268,2.402957,1427.5984173433892,21238.37353,9.0,100.0,109.0,570.0,10,14.2377290725708,262.3622710808803,3.7976540002699264,4.237729072570801,0.00038247618274639514,0.3179619862494004,0.0002796657880147298,0.3152171850244381,-0.00019970337549845378,0.032774524296939944,1,-1.0,-1.0,0,0,2,4,1,31.0,66.0,250.0,7.6,1013.0,cotonou/COTO,253.66596638093372,73.7,65.2,0.7168901891589956
6.357922578121452,2.405167098216313,COTO,cotonou,6.352268,2.402957,671.4368522822117,21238.37353,9.0,100.0,109.0,570.0,10,14.473104000091553,21.228503789584295,8.013605983181296,4.473104000091553,0.0011003683623241078,0.5603837962176024,0.0009829072952270508,0.5413101752768783,-0.0006676236788431803,0.031237406150785924,1,-1.0,-1.0,0,0,0,7,1,31.4,69.0,240.0,16.6,1010.7,cotonou/COTO,384.8115623263995,64.7,66.4,0.44936150214378867
6.356840232329664,2.3745405156650947,COTO,cotonou,6.352268,2.402957,3184.4018188933733,21238.37353,9.0,100.0,109.0,570.0,10,14.06065320968628,279.1977047801923,1.7077031569795322,4.060653209686279,0.0001101750079716477,0.5455362436311908,6.494314857631717e-05,0.5472092186864776,-0.001506988638184275,0.06405864039879156,1,-1.0,-1.0,0,0,6,6,1,32.4,63.0,230.0,7.6,1010.7,cotonou/COTO,275.910366967215,53.0,56.3,0.272241561845159
6.352292667621162,2.373801694714366,COTO,cotonou,6.352268,2.402957,3225.760708876051,21238.37353,9.0,100.0,109.0,570.0,10,13.916914939880371,270.0503889589806,1.6883715219429778,3.916914939880371,4.852837366741869e-05,0.3582951670130531,5.410642334909151e-05,0.361469848204821,-0.0013477901617685954,0.06117598863084475,1,-1.0,-1.0,0,0,0,6,1,33.0,63.0,210.0,13.0,1009.0,cotonou/COTO,384.84357926308275,74.7,56.3,0.0963909621534993
6.37480682552292,2.3573666761763987,COTO,cotonou,6.352268,2.402957,5626.268714375838,21238.37353,9.0,100.0,109.0,570.0,10,13.693313837051392,296.45022049921005,0.9704742043019016,3.6933138370513916,-5.381087622791893e-06,1.3166669197542573,-1.6293191073233632e-05,1.310416420828421,-0.0007872621218363445,0.044140457256741025,0,-1.0,5254.19082344517,0,3,0,4,1,31.5,72.0,200.0,11.2,1008.3,cotonou/COTO,315.24390842648114,63.4,72.1,0.9026023965438417
6.372542175124052,2.356347499677161,COTO,cotonou,6.352268,2.402957,5623.122863227796,21238.37353,9.0,100.0,109.0,570.0,10,13.444994926452637,293.6403823322943,0.9735465027956287,3.4449949264526367,-6.075938287705188e-05,1.374068769158186,-5.370437053211947e-05,1.3669997645383478,-0.0008895198504130046,0.044777609519584934,0,-1.0,5352.672064194796,0,5,1,11,1,32.0,71.0,220.0,18.4,1009.0,cotonou/COTO,309.1504439589486,65.2,58.6,0.45577628983361107
6.379993530273621,2.369222259970128,COTO,cotonou,6.352268,2.402957,4830.250310043978,21238.37353,9.0,100.0,109.0,570.0,10,12.520179986953735,309.59153489552347,1.1442784894228955,2.5201799869537354,-0.0002439148863584789,1.1342097314115893,-0.0001994297814576527,1.128381866799572,0.004317410664756494,0.11662968212106825,1,-1.0,-1.0,0,0,4,1,1,30.7,55.0,293.0,13.0,1011.4,cotonou/COTO,260.0268288079785,66.5,58.1,0.20236336479523032
6.369502626412159,2.401726462272786,COTO,cotonou,6.352268,2.402957,1910.7976178673875,21238.37353,9.0,100.0,109.0,570.0,10,13.068948745727539,355.9411856944786,2.874105204523041,3.068948745727539,-0.0003828005150480198,0.5323423373323634,-0.0003878102158055161,0.571133736946072,-0.0036413139767116965,0.134086932726436,1,-1.0,-1.0,0,0,1,15,1,32.0,75.0,200.0,20.5,1010.0,cotonou/COTO,382.96286934899615,86.2,68.2,0.3059566241506525
6.35455,2.3966777621430237,COTO,cotonou,6.352268,2.402957,739.1520466542036,21238.37353,9.0,100.0,109.0,570.0,10,15.428159713745117,290.0860818332379,7.214894514009595,5.428159713745117,0.002269408892505998,0.5779022591535516,0.00217382586912358,0.6046819361325184,0.0014752091882953863,0.06609410026055879,1,-1.0,-1.0,0,0,6,12,1,31.0,71.0,240.0,9.4,1011.0,cotonou/COTO,375.179999999993,62.9,62.1,0.579219568941896
6.37949161360853,2.3629493835228037,COTO,cotonou,6.352268,2.402957,5353.157632883044,21238.37353,9.0,100.0,109.0,570.0,10,12.10880970954895,304.40097418414115,1.0369300793976597,2.10880970954895,-0.0003538417335808431,1.1499502721135895,-0.00032620324614298274,1.1497889577341225,-0.0029733498891194666,0.1594481771275248,0,4956.230113009952,4773.858009284478,5,14,2,10,1,31.8,31.0,20.0,11.2,1010.9,cotonou/COTO,233.1422818794881,78.2,78.1,0.1767727829392317
6.372776753137278,2.4024301850005676,COTO,cotonou,6.352268,2.402957,2268.7690332205343,21238.37353,9.0,100.0,109.0,570.0,10,12.150146722793579,358.5376367616081,2.4443743533356845,2.150146722793579,-0.000693661256703049,0.8003419398752659,-0.0006780616238585905,0.8463958049902255,-0.0010617474714914958,0.048055189443718,1,-1.0,-1.0,0,0,1,1,1,32.0,75.0,200.0,20.5,1010.0,cotonou/COTO,383.81129230388444,86.2,86.5,0.8566142840923755
6.368957215077757,2.400436075388786,COTO,cotonou,6.352268,2.402957,1866.5810428710158,21238.37353,9.0,100.0,109.0,570.0,10,13.044163703918457,351.46257733294465,2.9428291060863563,3.044163703918457,-0.0003507025027401232,0.6137737808004259,-0.0004100210964679718,0.6332449786623175,-0.003155697716606988,0.11666077379239975,1,-1.0,-1.0,0,0,2,14,1,32.0,63.0,210.0,14.8,1011.0,cotonou/COTO,147.1577031622736,68.2,69.0,0.7585195298352101
6.372218469620093,2.406534133869746,COTO,cotonou,6.352268,2.402957,2241.496727349994,21238.37353,9.0,100.0,109.0,570.0,10,13.466620922088623,10.1036514241664,2.44048928292124,3.466620922088623,-0.00011145355350292853,0.4787739020471789,-0.0001366873324175418,0.5000903358174527,-0.0010955466164482965,0.044262226370613104,1,-1.0,-1.0,0,0,0,5,1,32.0,75.0,200.0,20.5,1010.0,cotonou/COTO,338.55000000000837,75.5,80.8,0.7194629559509368
6.348467781384942,2.376935074382097,COTO,cotonou,6.352268,2.402957,2909.6019287663607,21238.37353,9.0,100.0,109.0,570.0,10,10.30681025981903,261.6421772101931,1.9427180045682804,0.30681025981903076,-0.0011684471389272369,1.3364487865584642,-0.001144842146221636,1.3960275421298354,0.0,0.0,1,-1.0,-1.0,0,0,0,0,1,33.0,63.0,200.0,11.2,1008.0,cotonou/COTO,255.08273363755146,66.5,64.3,0.4320930397751037
6.36009229593662,2.396105125120097,COTO,cotonou,6.352268,2.402957,1150.3895486654014,21238.37353,9.0,100.0,109.0,570.0,10,14.154365539550781,318.9661996267987,4.7131787233569575,4.154365539550781,0.00038237103030212935,0.3768819869685932,0.00018965004947895154,0.38336818902455144,-0.004599987259558261,0.15281280551775436,1,-1.0,-1.0,0,0,4,2,1,31.0,71.0,210.0,20.5,1010.0,cotonou/COTO,391.6664531205258,58.3,68.1,0.6273088407024432
6.3545564832735755,2.405738440143418,COTO,cotonou,6.352268,2.402957,398.4373155847317,21238.37353,9.0,100.0,109.0,570.0,10,15.067376613616943,50.380063297144034,13.265407100608266,5.067376613616943,0.0026428306772927185,0.5394364698974606,0.002964158953058659,0.5400369081220132,-0.00043300075252219024,0.04532921113644456,1,-1.0,-1.0,0,0,6,8,1,31.4,69.0,240.0,16.6,1010.7,cotonou/COTO,245.31000000003797,71.6,65.4,0.5840979689127356
6.367141881962128,2.4002948005820213,COTO,cotonou,6.352268,2.402957,1671.0348526195696,21238.37353,9.0,100.0,109.0,570.0,10,13.453621864318848,349.9136842492475,3.2724931031884776,3.4536218643188477,-0.0001508152201062157,0.5666706263386923,-0.00016035910310416385,0.5803943806274781,-0.00028505855136447484,0.019311548342695002,1,-1.0,-1.0,0,0,3,5,1,32.0,63.0,210.0,14.8,1011.0,cotonou/COTO,311.79147214124436,68.2,66.0,0.64984660155482
6.373755644742841,2.362809333129881,COTO,cotonou,6.352268,2.402957,5037.546408424165,21238.37353,9.0,100.0,109.0,570.0,10,12.563607692718506,298.3061453298068,1.0967091910549724,2.563607692718506,-0.00022464155678853407,1.325314796498004,-0.00017491057931591869,1.3184353069715748,0.003561105922640475,0.09434872749358299,1,-1.0,-1.0,0,0,0,6,1,31.0,75.0,200.0,18.4,1008.0,cotonou/COTO,325.1163282580652,76.5,78.0,0.08444432113988909
6.358294982508254,2.3752015116926017,COTO,cotonou,6.352268,2.402957,3142.363821978248,21238.37353,9.0,100.0,109.0,570.0,10,13.228466033935547,282.3263132409055,1.7456943032701484,3.228466033935547,-0.00015352414293937693,0.7277166917776888,-0.00018065933869263837,0.7434557654180244,-0.0012642939885457356,0.04786279665959684,1,-1.0,-1.0,0,0,6,7,1,32.4,63.0,230.0,7.6,1010.7,cotonou/COTO,320.4806640032702,53.0,63.8,0.41580740217060963
6.34832501889741,2.3808006559076533,COTO,cotonou,6.352268,2.402957,2489.8789968924584,21238.37353,9.0,100.0,109.0,570.0,10,10.879392445087433,259.8494063550367,2.2567318305320816,0.8793924450874329,-0.001153994907552782,0.7059814120186069,-0.0014921619459121352,0.8559628834819082,-0.025984668961861357,0.7275868145929211,1,-1.0,-1.0,0,0,0,0,1,32.0,71.0,200.0,18.4,1008.0,cotonou/COTO,377.3020461115892,55.9,63.1,0.04161417386189248
6.3479554330226255,2.386750037139919,COTO,cotonou,6.352268,2.402957,1855.49333936258,21238.37353,9.0,100.0,109.0,570.0,10,13.38232684135437,255.0122863897023,2.9499687299288744,3.38232684135437,-0.00016344246031811075,0.4082162445095799,-0.00048297983273541776,0.42198080614499034,-0.005587393308146976,0.14317316700031826,1,-1.0,-1.0,0,0,4,12,1,31.0,75.0,200.0,18.4,1008.0,cotonou/COTO,288.9775799261479,72.8,69.3,0.49399081924451893
6.357288680496847,2.3750127085458987,COTO,cotonou,6.352268,2.402957,3141.2163409701716,21238.37353,9.0,100.0,109.0,570.0,10,13.798307418823242,280.24870567857363,1.7359472974864536,3.798307418823242,2.898920150030229e-05,0.5928508517259211,7.458565019744227e-06,0.5975771581792436,-0.0007485999001397027,0.030504802551468785,1,-1.0,-1.0,0,0,1,4,1,32.4,63.0,230.0,7.6,1010.7,cotonou/COTO,241.82719946273568,53.0,59.2,0.3298612123327853
6.384772235247695,2.372228716374573,COTO,cotonou,6.352268,2.402957,4947.611341891393,21238.37353,9.0,100.0,109.0,570.0,10,12.690542936325073,316.7875143497504,1.1151701739221933,2.6905429363250732,-0.00020652727840558607,1.098305543941462,-0.0002091513898320303,1.0922947081787433,-0.0007618533240424263,0.028235727673000154,1,-1.0,-1.0,0,0,2,7,1,31.8,57.0,210.0,13.0,1008.6,cotonou/COTO,161.07626082067793,62.5,53.4,0.1445241888660469
6.35419222573168,2.3947944501367604,COTO,cotonou,6.352268,2.402957,927.8390553126695,21238.37353,9.0,100.0,109.0,570.0,10,15.211978912353516,283.3441282553976,5.771978610531152,5.211978912353516,0.0016320053768349172,0.512856172603195,0.0015740189889464718,0.5237691049746104,0.002166647381252713,0.07976897648633985,1,-1.0,-1.0,0,0,1,12,1,31.0,71.0,240.0,9.4,1011.0,cotonou/COTO,392.28725444494233,62.9,70.0,0.10340296772255164
6.371610030470025,2.3563605630536983,COTO,cotonou,6.352268,2.402957,5581.490476175066,21238.37353,9.0,100.0,109.0,570.0,10,13.318260669708252,292.6713561078821,0.982107367373658,3.318260669708252,-6.95461398606835e-05,1.3876528649893327,-7.175353764599484e-05,1.380328880075673,0.00034577135035755274,0.019355485616982644,0,-1.0,5368.968794717498,0,3,1,11,1,29.5,69.0,210.0,9.4,1009.5,cotonou/COTO,399.3609701761259,51.6,65.2,0.587644572177712
6.366410820500136,2.3605393093586886,COTO,cotonou,6.352268,2.402957,4946.809479139772,21238.37353,9.0,100.0,109.0,570.0,10,11.511525273323059,288.5480382743311,1.129001475445519,1.511525273323059,-0.0004435285173281275,1.39792994655606,-0.0004367545931163187,1.404981300846421,8.139610290527345e-05,0.0034576305229982985,1,-1.0,-1.0,0,0,0,0,1,30.0,49.0,140.0,14.8,1008.0,cotonou/COTO,364.4114954279447,78.69999999999999,61.3,0.1705929685368861
6.364953430331342,2.371310748798816,COTO,cotonou,6.352268,2.402957,3771.8985889190767,21238.37353,9.0,100.0,109.0,570.0,10,11.567285895347595,291.96755863529575,1.479690407837821,1.5672858953475952,-0.0005724730840198313,1.2738584399270034,-0.0005621920650204022,1.2941195228893339,-0.0008030613263448079,0.02958504536888389,1,-1.0,-1.0,0,0,1,7,1,31.0,63.0,180.0,9.4,1011.0,cotonou/COTO,64.38956825449732,62.4,66.8,0.9251201183767972
6.359340932186393,2.411871263876116,COTO,cotonou,6.352268,2.402957,1258.785117658976,21238.37353,9.0,100.0,109.0,570.0,10,15.190772533416748,51.397501823582445,4.262010643512825,5.190772533416748,0.0011779045861362199,0.4056066645269929,0.001112301241267811,0.40628614501409777,-0.00010048018561469183,0.006562255046788225,0,-1.0,1089.7698814201958,0,2,4,2,1,32.0,67.0,210.0,18.4,1012.0,cotonou/COTO,276.1246316430909,65.5,68.1,0.581061139700395
6.3708979866996085,2.368548121882721,COTO,cotonou,6.352268,2.402957,4328.683308251019,21238.37353,9.0,100.0,109.0,570.0,10,11.56627082824707,298.58275528530993,1.2894449782526007,1.5662708282470703,-0.00047684632101738234,1.3316452543948816,-0.0004768511143850028,1.334452111184608,0.0010811199354163845,0.03399177535231317,1,-1.0,-1.0,0,0,0,15,1,31.5,72.0,230.0,14.8,1010.2,cotonou/COTO,291.86035290862867,64.7,79.6,0.34686980453483707
6.388485921828049,2.375920923940237,COTO,cotonou,6.352268,2.402957,4998.932209073539,21238.37353,9.0,100.0,109.0,570.0,10,12.73922872543335,323.43073493018363,1.1031664653927031,2.7392287254333496,-0.00019316620931415977,0.9735691732905057,-0.0002923473568827913,0.9754529206312862,-0.006779877344767253,0.31361411875564277,0,-1.0,4538.1087990186625,0,5,4,7,1,31.0,59.0,170.0,13.0,1007.0,cotonou/COTO,339.277088085809,66.1,64.0,0.5909154914814168
6.385541723199924,2.369999375406314,COTO,cotonou,6.352268,2.402957,5180.321903388743,21238.37353,9.0,100.0,109.0,570.0,10,12.915658950805664,315.4526175374701,1.0625972937402497,2.915658950805664,-0.00015510925072170117,1.0898816616479885,-0.00014645313081287204,1.0836793911460485,3.3219655354817493e-06,0.009680286774849776,0,4889.642518028252,4816.972671688129,3,12,2,11,1,34.0,32.0,222.0,5.4,1009.0,cotonou/COTO,282.2544702923159,57.6,68.0,0.022803871029697498
6.380104721120078,2.3658067003851255,COTO,cotonou,6.352268,2.402957,5135.220160989381,21238.37353,9.0,100.0,109.0,570.0,10,13.278192043304443,307.01649793855813,1.0678842105715123,3.2781920433044434,-8.310065713039661e-05,1.125934703555348,-8.020220321409524e-05,1.1228093243203994,0.00013944395679658134,0.005547515567638124,1,-1.0,-1.0,0,0,1,4,1,30.7,55.0,293.0,13.0,1011.4,cotonou/COTO,398.73109698140775,66.5,66.5,0.9585592132414453
6.355264601106395,2.3742913315678473,COTO,cotonou,6.352268,2.402957,3188.842575429095,21238.37353,9.0,100.0,109.0,570.0,10,14.55200481414795,276.0060107546652,1.6965058080823976,4.552004814147949,0.0002632440436294888,0.4348058643620767,0.00026987077277383685,0.4328249927845356,-0.0003985193040635851,0.023121089665131718,1,-1.0,-1.0,0,0,1,11,1,29.6,72.0,220.0,14.8,1010.1,cotonou/COTO,182.1212014017086,61.8,56.3,0.48230343694290023
6.380028399568235,2.3692238991250028,COTO,cotonou,6.352268,2.402957,4832.558834308247,21238.37353,9.0,100.0,109.0,570.0,10,12.520179986953735,309.6282739851677,1.143732010240005,2.5201799869537354,-0.0002441998862435298,1.1321949256078647,-0.0002127405080814791,1.128790231968127,0.003594194518195258,0.13311727380723726,1,-1.0,-1.0,0,0,4,0,1,30.7,45.0,199.0,11.1,1008.8,cotonou/COTO,260.0268288079785,58.1,66.5,0.7827352272502862
6.369087011299937,2.4009138053998464,COTO,cotonou,6.352268,2.402957,1873.666002662268,21238.37353,9.0,100.0,109.0,570.0,10,13.255958795547485,353.1159169191187,2.9252610472702094,3.2559587955474854,-0.0002386416076983093,0.5572965369117747,-0.0004156167690570538,0.5993017708810845,-0.004194279511769613,0.19824872074287278,1,-1.0,-1.0,0,0,3,11,1,32.0,63.0,210.0,14.8,1011.0,cotonou/COTO,237.45958919365236,69.0,86.2,0.08272999992243857
6.361696061081662,2.4054774838384736,COTO,cotonou,6.352268,2.402957,1079.2783864818375,21238.37353,9.0,100.0,109.0,570.0,10,14.99803113937378,14.879274754387495,4.977732159678882,4.998031139373779,0.001196392675376474,0.42960750844124346,0.0011570510111357036,0.42923203576122604,0.0006231837802463108,0.02324888043166029,1,-1.0,-1.0,0,0,6,9,1,31.6,70.0,230.0,16.6,1013.0,cotonou/COTO,240.45018714908818,70.5,64.4,0.48665833083816035
6.3824920809073395,2.374641339281701,COTO,cotonou,6.352268,2.402957,4581.048604560465,21238.37353,9.0,100.0,109.0,570.0,10,12.655810117721558,317.0456311334026,1.2048118883009005,2.6558101177215576,-0.00022017607562660265,1.1301911297479759,-0.0002463719678169294,1.1235490961330015,-0.00021522581571008256,0.04059195055201466,1,-1.0,-1.0,0,0,1,1,1,34.0,32.0,222.0,5.4,1009.0,cotonou/COTO,217.8231826505345,64.4,70.5,0.4907069943545209
6.373277821396873,2.389051807915453,COTO,cotonou,6.352268,2.402957,2786.6032116239135,21238.37353,9.0,100.0,109.0,570.0,10,11.944288969039917,326.6652267368623,1.9947711322592971,1.944288969039917,-0.0006341737650641,0.900967156323925,-0.0006171896747867124,0.9227932464948081,-0.00039306533837935666,0.01668250507392612,1,-1.0,-1.0,0,0,0,1,1,33.0,67.0,190.0,20.5,1010.0,cotonou/COTO,256.9667980498637,81.4,73.3,0.9378264549749828
6.3552413507063825,2.3744361994448493,COTO,cotonou,6.352268,2.402957,3172.6341337825943,21238.37353,9.0,100.0,109.0,570.0,10,14.617239475250244,275.9897956103206,1.7039908058370576,4.617239475250244,0.0002862415223751428,0.43650702935584773,0.00026987077277383685,0.4324571043392929,-0.0003985193040635851,0.023121089665131718,1,-1.0,-1.0,0,0,3,10,1,29.6,72.0,220.0,14.8,1010.1,cotonou/COTO,182.1212014017086,61.8,56.3,0.5717280523760754
6.384694044608045,2.3707697038896067,COTO,cotonou,6.352268,2.402957,5053.749952463332,21238.37353,9.0,100.0,109.0,570.0,10,12.832928895950317,315.39081416505604,1.0901414693221434,2.8329288959503174,-0.00019782793881657418,1.1043223788758632,-0.0001552590617427119,1.097865323366078,0.0004697640736897787,0.023524521160437867,0,4881.578110395443,4638.511980417246,1,2,4,10,1,34.0,32.0,222.0,5.4,1009.0,cotonou/COTO,265.7725736414513,57.6,53.4,0.4734894010569538
6.36042635690463,2.395939151791054,COTO,cotonou,6.352268,2.402957,1190.3240679908995,21238.37353,9.0,100.0,109.0,570.0,10,13.934663772583008,319.4727404061522,4.566240435950099,3.934663772583008,0.00014114218349798652,0.37557185900730067,6.473934839642243e-05,0.39107712906967973,-0.0029021607504950628,0.10965358100581239,1,-1.0,-1.0,0,0,3,1,1,33.0,63.0,200.0,16.6,1009.0,cotonou/COTO,391.6664531205258,68.1,58.3,0.2669756630918936
6.354262665409035,2.3735597353496014,COTO,cotonou,6.352268,2.402957,3259.995363672161,21238.37353,9.0,100.0,109.0,570.0,10,14.5574369430542,273.90722694810796,1.6594033488489794,4.557436943054199,0.0002617410907175568,0.40123210112801305,0.000268085797627767,0.3978740727996702,0.0006978789965311686,0.032096373397842375,1,-1.0,-1.0,0,0,1,10,1,29.6,72.0,220.0,14.8,1010.1,cotonou/COTO,377.7671008703886,61.8,74.7,0.3315689973425522
6.362115143084202,2.364262957776169,COTO,cotonou,6.352268,2.402957,4417.420019891559,21238.37353,9.0,100.0,109.0,570.0,10,11.722682118415833,284.36480465994646,1.261523479303824,1.7226821184158325,-0.0004469165125408688,1.1516194712744272,-0.00044670195083119094,1.160595964857881,3.554849378153101e-05,0.010143221834734853,1,-1.0,-1.0,0,0,1,0,1,33.0,39.0,280.0,7.6,1012.0,cotonou/COTO,255.36031896131075,61.3,60.2,0.5206724024715378
6.355409183595229,2.3913604922958465,COTO,cotonou,6.352268,2.402957,1329.2340609393543,21238.37353,9.0,100.0,109.0,570.0,10,15.86599588394165,285.2461667395522,4.00793130468721,5.86599588394165,0.0015992625554402666,0.6618535492712229,0.0014570123235836644,0.6625543091733581,-0.0018868509630053914,0.06605661907335084,1,-1.0,-1.0,0,0,5,8,1,31.0,71.0,240.0,9.4,1011.0,cotonou/COTO,249.61182844569544,68.3,57.1,0.4389114603050467
6.366084871544084,2.417716028243554,COTO,cotonou,6.352268,2.402957,2236.3284564338046,21238.37353,9.0,100.0,109.0,570.0,10,14.414307117462158,46.711096089612,2.4218861657796755,4.414307117462158,0.0003143625259399414,0.4130736882306564,6.255105940153167e-05,0.4209881353341794,-0.00540782144370415,0.09634740024627574,1,-1.0,-1.0,0,0,8,8,1,33.0,63.0,248.0,13.0,1011.0,cotonou/COTO,337.6225164292086,61.6,57.9,0.021612079880330426
6.368542302791535,2.40075,COTO,cotonou,6.352268,2.402957,1816.2300573759703,21238.37353,9.0,100.0,109.0,570.0,10,13.491737842559814,352.3241761471165,3.0101828644922244,3.4917378425598145,-0.00011762491340845655,0.5595431358184998,-0.0008406182786384003,0.5865329365498115,-0.012556350767990028,0.19984067587747245,1,-1.0,-1.0,0,0,4,12,1,32.0,63.0,210.0,14.8,1011.0,cotonou/COTO,305.25,66.0,69.0,0.8262919241943578
6.353080296334182,2.3922555578774407,COTO,cotonou,6.352268,2.402957,1187.4155226487,21238.37353,9.0,100.0,109.0,570.0,10,15.023609638214111,274.3680372681015,4.52516434088207,5.023609638214111,0.001105401958353651,0.3847518749601051,0.001475156682765504,0.39569437694897197,0.005778898844498608,0.09166489159919877,1,-1.0,-1.0,0,0,7,7,1,31.0,71.0,240.0,9.4,1011.0,cotonou/COTO,355.40979741691933,62.9,54.4,0.8961607718397667
6.356483344167133,2.4035831786152775,COTO,cotonou,6.352268,2.402957,471.2860004975088,21238.37353,9.0,100.0,109.0,570.0,10,14.800467491149902,8.39815269635659,11.303191125528741,4.800467491149902,0.002225548925305906,0.4915905754029986,0.0017312328020731608,0.47350501220795976,-0.0024289237128363715,0.09665928492933763,1,-1.0,-1.0,0,0,2,11,1,31.4,69.0,240.0,16.6,1010.7,cotonou/COTO,264.0610446469,68.1,65.4,0.14024908899861077
6.350633405423256,2.4138976048214387,COTO,cotonou,6.352268,2.402957,1223.899607764682,21238.37353,9.0,100.0,109.0,570.0,10,15.357537269592285,98.54859235485117,4.375264872984103,5.357537269592285,0.001292006239833562,0.47623961471237164,0.0003123141448654332,0.49783451524142674,-0.016316402746532472,0.2806383815143915,1,-1.0,-1.0,0,0,0,7,1,29.8,77.0,200.0,11.2,1012.0,cotonou/COTO,285.3045504368927,58.1,75.1,0.5540361435390494
6.355361770307304,2.3736858927006392,COTO,cotonou,6.352268,2.402957,3256.5843297439606,21238.37353,9.0,100.0,109.0,570.0,10,14.64737319946289,276.0720316935238,1.659559484701128,4.647373199462891,0.0002875785215185323,0.43512682880541614,0.0003682760168483473,0.43173289533569514,0.0029331486026480435,0.04703001834026769,1,-1.0,-1.0,0,0,1,14,1,29.6,72.0,220.0,14.8,1010.1,cotonou/COTO,182.1212014017086,61.8,56.3,0.10857574113544355
6.382367058928324,2.3675342143590625,COTO,cotonou,6.352268,2.402957,5141.861803996287,21238.37353,9.0,100.0,109.0,570.0,10,14.052140235900879,310.53184532230176,1.0578840210190348,4.052140235900879,6.68893026751141e-05,1.10947254411781,9.776563936723146e-05,1.1107288696831665,0.0022446195284525554,0.11142118496271772,1,-1.0,-1.0,0,0,1,5,1,33.0,28.0,70.0,11.2,1010.0,cotonou/COTO,327.77907193718073,68.0,61.3,0.6722400930398117
6.360381301243069,2.3959615370406273,COTO,cotonou,6.352268,2.402957,1184.932717775891,21238.37353,9.0,100.0,109.0,570.0,10,13.934663772583008,319.406417704552,4.586928011412591,3.934663772583008,8.752122483570084e-05,0.37557185900730067,6.473934839642243e-05,0.39107712906967973,-0.003048354387283325,0.14411345730217445,1,-1.0,-1.0,0,0,5,0,1,33.0,63.0,200.0,16.6,1009.0,cotonou/COTO,391.6664531205258,68.1,58.3,0.2812337838390083
6.377345942263469,2.3636082679040755,COTO,cotonou,6.352268,2.402957,5161.773940634312,21238.37353,9.0,100.0,109.0,570.0,10,12.657920360565186,302.67333958409233,1.0692745865982274,2.6579203605651855,-0.00020213315482314157,1.205260470918221,-0.0002139321367841256,1.2024662772920816,-0.000751718672011455,0.024216042700571223,0,4748.004486475248,-1.0,2,0,0,9,1,31.0,75.0,200.0,18.4,1008.0,cotonou/COTO,333.1849486396399,76.1,64.2,0.6594226346919018
6.346777025206715,2.4043383455662886,COTO,cotonou,6.352268,2.402957,626.1730153967687,21238.37353,9.0,100.0,109.0,570.0,10,12.399997234344482,165.9624198382985,8.769909921161688,2.3999972343444824,-0.0021030022719328045,0.3902264078193628,-0.0023796918322032375,0.47806806109220595,-0.004998591660654239,0.13016299447852142,1,-1.0,-1.0,0,0,0,6,1,31.0,71.0,180.0,18.4,1010.0,cotonou/COTO,313.45464504453633,69.1,77.3,0.7269946142868826
6.348070973377829,2.381259545043696,COTO,cotonou,6.352268,2.402957,2445.0855756978513,21238.37353,9.0,100.0,109.0,570.0,10,10.890208840370178,258.98751496119246,2.2977776740761784,0.8902088403701782,-0.0011587224214815771,0.9052024848200964,-0.0011056897422624015,0.9889569282496311,-0.0002739409605662028,0.013149166107177736,1,-1.0,-1.0,0,0,0,0,1,32.0,71.0,200.0,18.4,1008.0,cotonou/COTO,94.8968856180276,55.9,59.0,0.768647491917657
6.359287781951338,2.395591004789206,COTO,cotonou,6.352268,2.402957,1125.533693564042,21238.37353,9.0,100.0,109.0,570.0,10,14.35785436630249,313.7982167238311,4.806492485933779,4.35785436630249,0.0005709323966712282,0.4477682934559491,0.00042232016722361257,0.4430007357419757,-0.0019972999890645344,0.09299496055001183,1,-1.0,-1.0,0,0,5,11,1,32.6,66.0,210.0,11.2,1010.9,cotonou/COTO,237.15585761266473,56.5,58.3,0.10774094595589656
6.382353492200491,2.3651824114532185,COTO,cotonou,6.352268,2.402957,5341.903177813711,21238.37353,9.0,100.0,109.0,570.0,10,13.861927032470703,308.7104795828126,1.0203168512636316,3.861927032470703,2.8852066736203533e-05,1.0975306007797638,1.2027432425690613e-05,1.0959802907052816,-0.001877063584759128,0.04688700891299391,1,-1.0,-1.0,0,0,3,2,1,34.0,32.0,222.0,5.4,1009.0,cotonou/COTO,290.9174264288137,61.3,55.8,0.9160118451376079
6.358177548392411,2.373995398272838,COTO,cotonou,6.352268,2.402957,3270.2746058754306,21238.37353,9.0,100.0,109.0,570.0,10,13.21265172958374,281.60373954356885,1.6777313129635065,3.2126517295837402,-0.00015127484913078502,0.7136057230392961,-0.0001563485241646357,0.7258117048578799,-0.00041787065450818564,0.01722858851950527,1,-1.0,-1.0,0,0,5,5,1,32.4,63.0,230.0,7.6,1010.7,cotonou/COTO,370.9625978450856,53.0,62.1,0.23021399089488082
6.369146454439876,2.4007256818384852,COTO,cotonou,6.352268,2.402957,1882.8076780042754,21238.37353,9.0,100.0,109.0,570.0,10,13.102049112319946,352.5151670359336,2.9157539250361224,3.1020491123199463,-0.00034890300570050145,0.5823196418451251,-0.0004436392661852714,0.6214455278167674,-0.0046007103390163845,0.17712046261869457,1,-1.0,-1.0,0,0,3,12,1,32.0,63.0,210.0,14.8,1011.0,cotonou/COTO,382.05451823009946,69.0,87.4,0.03741255617617978
6.379824831141835,2.36435609669693,COTO,cotonou,6.352268,2.402957,5246.518089197425,21238.37353,9.0,100.0,109.0,570.0,10,13.011487007141113,305.69258716942875,1.0481471828527558,3.0114870071411133,-0.00013741804765556723,1.141807719324064,-0.00015395006442025106,1.1356188954255255,-0.002705049514770508,0.10094926981216282,0,-1.0,4994.180545829212,0,5,0,10,1,30.7,55.0,293.0,13.0,1011.4,cotonou/COTO,267.89890817251177,66.5,78.2,0.5548524693914834
6.358940382585302,2.3960331494368887,COTO,cotonou,6.352268,2.402957,1063.6316471563262,21238.37353,9.0,100.0,109.0,570.0,10,14.589624404907227,314.11730639470903,5.072410786833575,4.589624404907227,0.0006400689365454955,0.44839720219992846,0.0006393248104747694,0.43944520523747643,-0.0027740542585534536,0.18440322430169198,1,-1.0,-1.0,0,0,3,8,1,32.6,66.0,210.0,11.2,1010.9,cotonou/COTO,237.15585761266473,56.5,58.3,0.37092228386243875
6.360056592257046,2.3622006425633253,COTO,cotonou,6.352268,2.402957,4590.797292611962,21238.37353,9.0,100.0,109.0,570.0,10,12.392861127853394,280.88643302723426,1.2055344931682679,2.3928611278533936,-0.00028630289896381186,0.9027708395814402,-0.0002754303329268525,0.9144154755980474,0.00037088064593369653,0.010313549101450025,1,-1.0,-1.0,0,0,2,12,1,29.0,75.0,200.0,13.0,1010.0,cotonou/COTO,243.7480135303034,61.2,68.1,0.8297897431324132
6.357284565819338,2.403532986248745,COTO,cotonou,6.352268,2.402957,558.4195835739665,21238.37353,9.0,100.0,109.0,570.0,10,14.52785348892212,6.509908785562345,9.602248714178323,4.527853488922119,0.0013861534955906792,0.4455052086760047,0.001248310104249016,0.42621625856063805,-0.0012369195620218912,0.0564145989544179,1,-1.0,-1.0,0,0,1,7,1,31.0,75.0,210.0,18.4,1008.0,cotonou/COTO,329.0564998598276,66.4,68.1,0.8082514720643018
6.376679082225684,2.3602915922299323,COTO,cotonou,6.352268,2.402957,5437.829400933674,21238.37353,9.0,100.0,109.0,570.0,10,12.992103099822998,299.93138684615855,1.0114837045184037,2.992103099822998,-0.00013093192935426597,1.2375792184046641,-0.0001716583934466142,1.2344480440248033,-0.0036171921083774164,0.10746814932965552,1,-1.0,-1.0,0,0,2,11,1,31.5,72.0,200.0,11.2,1008.3,cotonou/COTO,238.48215027541633,77.1,76.1,0.31713889282271535
6.354994276899027,2.3903188425723645,COTO,cotonou,6.352268,2.402957,1430.4233767257426,21238.37353,9.0,100.0,109.0,570.0,10,15.542208671569824,282.24685788941656,3.7381499663768576,5.542208671569824,0.0012084585668287956,0.6458147504710005,0.0008076098787173803,0.6386843832627391,-0.00902106227579187,0.17587518964424356,1,-1.0,-1.0,0,0,1,15,1,31.0,71.0,240.0,9.4,1011.0,cotonou/COTO,330.80979731559944,66.6,68.3,0.952899395069745
6.361609791415291,2.377056901480818,COTO,cotonou,6.352268,2.402957,3046.1119177446203,21238.37353,9.0,100.0,109.0,570.0,10,12.887524604797363,289.9481278092413,1.8072260552692,2.8875246047973633,-0.0002760945618885522,0.929803162659585,-0.0002834258935390375,0.9437244781886763,-0.0006775160630544027,0.04142416197890945,1,-1.0,-1.0,0,0,1,14,1,31.7,62.0,220.0,11.2,1010.7,cotonou/COTO,353.12133962707986,65.7,63.8,0.2909178381401186
6.35069226373486,2.413978681171198,COTO,cotonou,6.352268,2.402957,1231.8346023673525,21238.37353,9.0,100.0,109.0,570.0,10,15.357537269592285,98.18522910861554,4.347189522147451,5.357537269592285,0.0013099570122976152,0.4947357320831766,0.0011871490736422206,0.5108030727409455,-0.003777102100731853,0.10687685097409563,1,-1.0,-1.0,0,0,0,8,1,29.8,77.0,200.0,11.2,1012.0,cotonou/COTO,285.3045504368927,58.1,75.1,0.5150571292317145
6.36970728808657,2.4053809980512812,COTO,cotonou,6.352268,2.402957,1947.1322186462664,21238.37353,9.0,100.0,109.0,570.0,10,13.878228187561035,7.864965631967664,2.796803729842243,3.878228187561035,8.222670542602526e-05,0.464146995763484,0.00010873642726917171,0.4680226688539936,-0.00037842061784532327,0.028963139507437584,1,-1.0,-1.0,0,0,4,10,1,32.0,75.0,200.0,20.5,1010.0,cotonou/COTO,258.69668668155117,68.0,75.5,0.25596509056760275
6.36970330674662,2.3904109321151688,COTO,cotonou,6.352268,2.402957,2375.8091558738147,21238.37353,9.0,100.0,109.0,570.0,10,11.931247353553772,324.430306403338,2.3396400528105072,1.931247353553772,-0.000797091778791785,0.7305941146897181,-0.0007588725630166988,0.7574742772220504,-0.0017452256163475101,0.052399754940320765,1,-1.0,-1.0,0,0,0,4,1,32.0,63.0,210.0,16.6,1010.0,cotonou/COTO,281.07558431847417,70.8,86.3,0.9360435700489633
6.356195722599363,2.3983756794201976,COTO,cotonou,6.352268,2.402957,667.5272455956347,21238.37353,9.0,100.0,109.0,570.0,10,15.224071979522705,310.78241301839535,7.996725051249808,5.224071979522705,0.0021986674571382826,0.486853716919266,0.0021468462694192677,0.5040958580758512,0.0007267677639628108,0.022367829557871977,1,-1.0,-1.0,0,0,8,7,1,31.0,71.0,210.0,20.5,1010.0,cotonou/COTO,221.7167693252332,62.0,62.1,0.16460781758201815
6.3701249711856445,2.3683669463716353,COTO,cotonou,6.352268,2.402957,4306.460876541771,21238.37353,9.0,100.0,109.0,570.0,10,11.536815404891968,297.4512635163105,1.2964882702458609,1.5368154048919678,-0.0005023555623160468,1.359955767111589,-0.00047223078598429216,1.3664729828334263,0.0009051718341360025,0.014309145750174277,1,-1.0,-1.0,0,0,1,10,1,31.5,72.0,230.0,14.8,1010.2,cotonou/COTO,291.86035290862867,64.7,79.6,0.04491061939232899
6.372696516915008,2.3937170688844054,COTO,cotonou,6.352268,2.402957,2479.682328072751,21238.37353,9.0,100.0,109.0,570.0,10,12.23787522315979,335.79565840745914,2.234661215642608,2.23787522315979,-0.0005733228878586429,0.924470710373809,-0.000591450018041274,0.9463150522668871,0.00013653238614400227,0.014936598131533162,1,-1.0,-1.0,0,0,0,9,1,33.0,67.0,190.0,20.5,1010.0,cotonou/COTO,361.2210155846181,82.1,76.9,0.43509706000303794
6.360486897959089,2.372920750454681,COTO,cotonou,6.352268,2.402957,3445.2556071029558,21238.37353,9.0,100.0,109.0,570.0,10,13.01735258102417,285.3952342914903,1.595811491622891,3.01735258102417,-0.00020200470118623254,0.87951612877742,-0.00019328539867346785,0.8857487301551783,-0.0002038902706570095,0.010601539417272855,1,-1.0,-1.0,0,0,3,11,1,32.4,63.0,230.0,7.6,1010.7,cotonou/COTO,370.9625978450856,53.0,62.1,0.992375564055837
6.366978268761271,2.413197147375416,COTO,cotonou,6.352268,2.402957,1982.4236200247365,21238.37353,9.0,100.0,109.0,570.0,10,14.370557308197021,34.6764138779165,2.732894846919519,4.3705573081970215,0.00033013227567150826,0.42291184540139937,0.00029044064571189735,0.42284146230548775,-0.0017328803310742193,0.0489235709842252,1,-1.0,-1.0,0,0,5,3,1,33.0,63.0,248.0,13.0,1011.0,cotonou/COTO,281.80230889756126,57.9,65.5,0.891677266254914
6.3570834521117465,2.4113959660315523,COTO,cotonou,6.352268,2.402957,1074.8774671779724,21238.37353,9.0,100.0,109.0,570.0,10,15.482953071594238,60.13729689581123,4.97235637082747,5.482953071594238,0.001653445352333748,0.48896136988321853,0.0014453116216157612,0.49155068323632733,-0.0009420818752712674,0.055450856484684154,1,-1.0,-1.0,0,0,2,3,1,32.0,67.0,210.0,18.4,1012.0,cotonou/COTO,390.090387602657,65.5,58.7,0.7486080194569492
6.373532419604378,2.3598996353533677,COTO,cotonou,6.352268,2.402957,5312.597694167851,21238.37353,9.0,100.0,109.0,570.0,10,13.740071535110474,296.42625287228213,1.0272577250113428,3.7400715351104736,6.1947754706335744e-06,1.3460812295823867,1.8634831661174587e-05,1.3433301346542728,0.0021686236063639323,0.07968470278141793,0,-1.0,4950.617089755612,0,3,1,9,1,31.0,75.0,200.0,18.4,1008.0,cotonou/COTO,349.29744130181854,76.5,63.4,0.8907924908785249
6.355550895574056,2.3738200702784793,COTO,cotonou,6.352268,2.402957,3244.094816670455,21238.37353,9.0,100.0,109.0,570.0,10,14.57349681854248,276.46948727842357,1.6672487348607334,4.5734968185424805,0.0005490515113060759,0.44655346668501056,0.0002868512136817101,0.4445960608698089,0.0011288402788776017,0.058614389616117424,1,-1.0,-1.0,0,0,1,14,1,31.5,70.0,236.0,9.3,1011.4,cotonou/COTO,363.9073676088481,59.2,61.8,0.8934466396978632
6.3793394291801935,2.3623284710551884,COTO,cotonou,6.352268,2.402957,5400.7515348568695,21238.37353,9.0,100.0,109.0,570.0,10,11.785611867904663,303.84211052086255,1.031221795898729,1.785611867904663,-0.00035653440706206373,1.1716020908486817,-0.0003736471518492087,1.1743283959898154,-0.002462756633758545,0.09104426302413193,0,4967.825560118844,4794.655170223633,4,10,1,1,1,29.5,80.0,200.0,7.6,1009.5,cotonou/COTO,233.1422818794881,78.1,78.2,0.5188583603864491
6.381250256929967,2.3702167163787546,COTO,cotonou,6.352268,2.402957,4836.699426275103,21238.37353,9.0,100.0,109.0,570.0,10,12.673217296600342,311.6936065769052,1.1409409785959348,2.673217296600342,-0.00021271072788003046,1.134435784685851,-0.0001311353558027463,1.1307528707742711,0.004361358306905763,0.14436095248388017,1,-1.0,-1.0,0,0,5,10,1,30.7,45.0,199.0,11.1,1008.8,cotonou/COTO,383.9027712846491,58.1,78.2,0.315929051830793
6.357025409168365,2.4113376890440437,COTO,cotonou,6.352268,2.402957,1066.0992311959346,21238.37353,9.0,100.0,109.0,570.0,10,15.482953071594238,60.26571114896319,5.013090848921373,5.482953071594238,0.001680966592655926,0.4920499470671578,0.0011248718413139405,0.49737208477881784,-0.0042234796516063084,0.04949183057133559,1,-1.0,-1.0,0,0,3,6,1,32.0,67.0,210.0,18.4,1012.0,cotonou/COTO,390.090387602657,65.5,58.7,0.772012432110988
6.36259287204002,2.3609884983789504,COTO,cotonou,6.352268,2.402957,4781.697458677912,21238.37353,9.0,100.0,109.0,570.0,10,11.65629756450653,283.9056727247723,1.1662412924523171,1.6562975645065308,-0.0004272278894980748,1.2263265937399561,-0.0004207687858691431,1.2383096367440019,4.8191348711649576e-05,0.002824783505900813,1,-1.0,-1.0,0,0,0,7,1,29.0,75.0,200.0,13.0,1010.0,cotonou/COTO,234.36776676836976,61.2,67.2,0.6616612631677611
6.348589062098064,2.3834346744792247,COTO,cotonou,6.352268,2.402957,2197.951155493399,21238.37353,9.0,100.0,109.0,570.0,10,12.813481092453003,259.26461548107227,2.5057733902506727,2.813481092453003,-0.00040248213587580503,0.47008906179800153,-0.00037823592291937936,0.4830355227659932,-0.0023765802383422852,0.10026067601696435,1,-1.0,-1.0,0,0,5,5,1,32.0,71.0,200.0,18.4,1008.0,cotonou/COTO,255.0899788310412,63.1,65.8,0.37365772887371007
6.361372482669066,2.361047894003808,COTO,cotonou,6.352268,2.402957,4744.861848635901,21238.37353,9.0,100.0,109.0,570.0,10,11.897932171821594,282.33252096463286,1.1723760070358265,1.8979321718215942,-0.000379257706976037,1.1209856069552844,-0.0003778148194154104,1.1272427913114036,-0.0011258231268988716,0.04327022823820991,0,-1.0,4193.354860217299,0,5,2,1,1,29.0,75.0,200.0,13.0,1010.0,cotonou/COTO,358.1586621876183,61.2,60.2,0.09446666806151527
6.348071155739914,2.38318414888636,COTO,cotonou,6.352268,2.402957,2236.378309203292,21238.37353,9.0,100.0,109.0,570.0,10,12.847128629684448,257.94592292944697,2.461910305941461,2.8471286296844482,-0.00036604970614876556,0.510824306569937,-0.001467647748592096,0.8047022018337668,-0.020950556794802348,1.1310905337520665,1,-1.0,-1.0,0,0,0,6,1,32.0,71.0,200.0,18.4,1008.0,cotonou/COTO,377.3020461115892,55.9,63.1,0.746789611349026
6.3809323850355435,2.3751879054027394,COTO,cotonou,6.352268,2.402957,4414.468941511204,21238.37353,9.0,100.0,109.0,570.0,10,12.217399597167969,316.08755161618785,1.2559486557046646,2.2173995971679688,-0.0003579025488303486,1.1601752048697191,-0.0003247556507782544,1.1576689138794332,0.0008460735079558582,0.035443875865560574,1,-1.0,-1.0,0,0,1,10,1,32.1,54.0,211.0,13.0,1008.6,cotonou/COTO,389.1226866940447,70.5,81.4,0.2624605159228647
6.365892005501398,2.3633932418634522,COTO,cotonou,6.352268,2.402957,4629.335046488769,21238.37353,9.0,100.0,109.0,570.0,10,11.502754926681519,289.1127539385385,1.2065134397090698,1.5027549266815186,-0.0004740293564334993,1.3739874076693046,-0.0004665431964932995,1.378773511734366,0.00029987415300136776,0.009951253301172068,1,-1.0,-1.0,0,0,1,4,1,30.1,50.0,198.0,11.1,1009.1,cotonou/COTO,322.59013949595317,66.1,61.3,0.9368131505337792
6.35455,2.3972855194564806,COTO,cotonou,6.352268,2.402957,676.3398888270007,21238.37353,9.0,100.0,109.0,570.0,10,15.474515438079834,292.04090554306606,7.87303348114399,5.474515438079834,0.0026315700419606027,0.5659719811858591,0.0023382590611775713,0.6012884160424853,0.0017465670903523763,0.08315689721734451,1,-1.0,-1.0,0,0,5,10,1,31.0,71.0,210.0,20.5,1010.0,cotonou/COTO,375.179999999993,62.1,62.9,0.24097057500568475
6.355907253561843,2.3785028813407676,COTO,cotonou,6.352268,2.402957,2735.3770091789706,21238.37353,9.0,100.0,109.0,570.0,10,13.847341775894165,278.5175220669309,1.9922841639784583,3.847341775894165,5.085157311480975e-05,0.5287875337339609,4.0642500530205345e-05,0.5320765792297666,-0.001311254667977967,0.04352706406154653,1,-1.0,-1.0,0,0,2,7,1,33.0,63.0,210.0,13.0,1009.0,cotonou/COTO,346.04950975268054,62.4,70.7,0.12275793241148603
6.3840324415565695,2.37131329126163,COTO,cotonou,6.352268,2.402957,4959.466290131837,21238.37353,9.0,100.0,109.0,570.0,10,13.022546529769897,315.28815650966806,1.1086710438180531,3.0225465297698975,-0.0001374387358087133,1.115525610120238,-0.00015778002347419332,1.1122137275900112,-0.0011781445919812905,0.04525245748510776,0,-1.0,4621.546743309226,0,4,4,11,1,34.0,32.0,222.0,5.4,1009.0,cotonou/COTO,265.7725736414513,57.6,53.4,0.8311126721249061
6.3629867151971515,2.363147519110602,COTO,cotonou,6.352268,2.402957,4561.215002559365,21238.37353,9.0,100.0,109.0,570.0,10,11.63806962966919,285.16070702993835,1.2228278389019747,1.6380696296691895,-0.0004537089043039288,1.2178995945462125,-0.0004521026694882863,1.2327749020390781,-0.00021116967177320467,0.008109270597553684,1,-1.0,-1.0,0,0,3,11,1,33.0,48.0,210.0,9.4,1011.2,cotonou/COTO,272.838812854726,60.2,67.2,0.15328431662449404
6.381927292638669,2.3646806219253764,COTO,cotonou,6.352268,2.402957,5356.459524467276,21238.37353,9.0,100.0,109.0,570.0,10,13.713271617889404,307.9449946632015,1.0191342937882675,3.7132716178894043,1.1694941884757205e-06,1.1010396798551811,-3.109057305267495e-05,1.095617527173087,-0.0014099260171254475,0.07777391323391139,1,-1.0,-1.0,0,0,7,3,1,34.0,32.0,222.0,5.4,1009.0,cotonou/COTO,367.6178566119935,55.8,78.2,0.1792683081577391
6.379800339464664,2.364251450439926,COTO,cotonou,6.352268,2.402957,5254.37697229493,21238.37353,9.0,100.0,109.0,570.0,10,13.011487007141113,305.5950095437197,1.0465798357257303,3.0114870071411133,-0.00013172432328715467,1.1372271689073796,-0.00015395006442025106,1.1342461862915563,-0.002705049514770508,0.10094926981216282,0,-1.0,5001.66144657333,0,5,0,12,1,30.7,55.0,293.0,13.0,1011.4,cotonou/COTO,267.89890817251177,66.5,78.2,0.5993827915208435
6.347981254379591,2.3837138613061777,COTO,cotonou,6.352268,2.402957,2181.2196767703954,21238.37353,9.0,100.0,109.0,570.0,10,11.169460654258728,257.3674424019449,2.5680691419848665,1.169460654258728,-0.0011624388437045977,0.6386031249549579,-0.0011294061872694227,0.7594180081198265,-0.00023627811008029514,0.00880939100004838,1,-1.0,-1.0,0,0,2,5,1,32.0,71.0,200.0,18.4,1008.0,cotonou/COTO,288.60213460746706,59.0,63.1,0.8745620408374645
6.372871237628599,2.402810191917915,COTO,cotonou,6.352268,2.402957,2278.5269508368256,21238.37353,9.0,100.0,109.0,570.0,10,12.223414182662964,359.5942693055656,2.4320797395275475,2.223414182662964,-0.000651976610231946,0.783826139718566,-0.0006723172603694402,0.8309052501587553,-0.0013952942958980318,0.040864692196871055,1,-1.0,-1.0,0,0,1,5,1,32.0,75.0,200.0,20.5,1010.0,cotonou/COTO,331.4609434005665,86.5,75.5,0.19643466571457324
6.3522875318393535,2.407116212608317,COTO,cotonou,6.352268,2.402957,460.1827196262986,21238.37353,9.0,100.0,109.0,570.0,10,14.229508399963379,89.72904636487243,11.636857805835504,4.229508399963379,0.0013186047527025456,0.17023966833845597,0.001050393228177671,0.18343019600571978,0.0007775704065958659,0.0433242905277622,1,-1.0,-1.0,0,0,2,4,1,31.5,68.0,230.0,13.0,1012.0,cotonou/COTO,286.83997943094687,75.4,71.6,0.31032367290009477
6.3611395415330785,2.3788103913378054,COTO,cotonou,6.352268,2.402957,2846.0188285965287,21238.37353,9.0,100.0,109.0,570.0,10,12.977566719055176,290.28948131716584,1.93238145544603,2.977566719055176,-0.00025961196924918154,0.888590327916372,-0.00025511558113229234,0.9022713761485626,-0.0007313225004408094,0.027150276520076455,1,-1.0,-1.0,0,0,4,10,1,31.7,62.0,220.0,11.2,1010.7,cotonou/COTO,289.18429314187705,65.7,65.8,0.7774048382411776
6.3640516968894305,2.3739730861431463,COTO,cotonou,6.352268,2.402957,3461.426066495993,21238.37353,9.0,100.0,109.0,570.0,10,11.88625419139862,292.24990107188944,1.6070684207254893,1.8862541913986206,-0.0005232003570973189,1.1814015285221058,-0.0005428138425794699,1.205660226938247,-0.0007156560818354288,0.04597613050096119,1,-1.0,-1.0,0,0,3,6,1,31.0,63.0,180.0,9.4,1011.0,cotonou/COTO,344.695661852635,62.4,60.5,0.9718264260609674
6.365901882612953,2.4118417195519894,COTO,cotonou,6.352268,2.402957,1799.8809166753163,21238.37353,9.0,100.0,109.0,570.0,10,14.60885763168335,32.928827859748935,3.0020120690772507,4.60885763168335,0.0004997922197505358,0.43616497972816043,0.0004470879045654143,0.4308331537114455,-0.001760586074101068,0.05980224242250158,1,-1.0,-1.0,0,0,4,11,1,32.0,63.0,180.0,14.8,1011.0,cotonou/COTO,381.8464534337698,67.6,65.5,0.5007411862023423
6.37018429939653,2.397976227908266,COTO,cotonou,6.352268,2.402957,2056.5326705512575,21238.37353,9.0,100.0,109.0,570.0,10,12.247134447097778,344.5552974122571,2.6935853584341576,2.2471344470977783,-0.0007052449212558027,0.7841922054401318,-0.0007669521609382449,0.8419470976616403,-0.0021652936935424804,0.10086184925074136,1,-1.0,-1.0,0,0,2,1,1,31.7,72.0,200.0,14.8,1010.3,cotonou/COTO,390.0382688916548,86.5,69.0,0.14389750255125078
6.365424667229243,2.4147946359563712,COTO,cotonou,6.352268,2.402957,1957.6165607421135,21238.37353,9.0,100.0,109.0,570.0,10,14.844311237335205,41.80270710706458,2.753639056713308,4.844311237335205,0.00057440394102925,0.40658432974996,0.0004650805126968307,0.40504108866005245,-0.0031241522894965277,0.12407773812783066,1,-1.0,-1.0,0,0,4,10,1,33.0,63.0,248.0,13.0,1011.0,cotonou/COTO,281.80230889756126,57.9,65.5,0.013936287708201545
6.380577829258498,2.365106528967703,COTO,cotonou,6.352268,2.402957,5228.587933494605,21238.37353,9.0,100.0,109.0,570.0,10,13.265506267547607,306.9664747109624,1.0489580876543214,3.2655062675476074,-8.409241267613001e-05,1.1187263874916908,-7.925242672766073e-05,1.1156257275829162,-1.8329906169738005e-05,0.02243421995678342,0,5060.937819394578,5050.459687263326,1,1,1,4,1,30.7,55.0,293.0,13.0,1011.4,cotonou/COTO,344.11074176779897,66.5,70.4,0.22965602999885526
6.363285499556043,2.3607630808998894,COTO,cotonou,6.352268,2.402957,4824.688439586336,21238.37353,9.0,100.0,109.0,570.0,10,11.659311890602112,284.7230566814351,1.1558164054006321,1.6593118906021118,-0.00042259110172167594,1.2589688988890013,-0.0004165075551756563,1.2692805126528497,0.0003631035486857096,0.013341305498370619,0,-1.0,4582.97058189163,0,3,1,2,1,33.0,48.0,210.0,9.4,1011.2,cotonou/COTO,275.55065323816524,67.2,65.7,0.13182221778652103
6.369696636388059,2.397213445979724,COTO,cotonou,6.352268,2.402957,2029.4495750129277,21238.37353,9.0,100.0,109.0,570.0,10,12.202143430709839,341.8657585376402,2.730744685850684,2.202143430709839,-0.0007724910085459375,0.7120683263695177,-0.0007710768880658874,0.773760235205745,-0.002931018351389641,0.1210793916819807,1,-1.0,-1.0,0,0,2,4,1,32.0,63.0,210.0,14.8,1011.0,cotonou/COTO,256.52289722354817,73.4,86.5,0.6776586736128575
6.385494463847131,2.370328996435599,COTO,cotonou,6.352268,2.402957,5150.9882695502565,21238.37353,9.0,100.0,109.0,570.0,10,12.850395202636719,315.69978961023537,1.069372822246388,2.8503952026367188,-0.00016708041192862856,1.089719208468876,-0.00015269764538468981,1.083493226133513,0.0005515284008449978,0.027510549343029805,0,-1.0,4830.986994287615,0,2,2,6,1,34.0,32.0,222.0,5.4,1009.0,cotonou/COTO,263.34150546393204,57.6,62.5,0.12183250462853112
6.380453036429237,2.3683064571762333,COTO,cotonou,6.352268,2.402957,4940.860607127806,21238.37353,9.0,100.0,109.0,570.0,10,12.749220609664917,309.3007178112313,1.116013267160688,2.749220609664917,-0.00019348905544088341,1.1242530912372881,-5.4528260465377934e-05,1.1174075261368526,0.007606491550009219,0.11276536845627763,1,-1.0,-1.0,0,0,2,3,1,34.0,32.0,222.0,5.4,1009.0,cotonou/COTO,290.4766293524832,61.3,66.5,0.506329931620633
6.367066049228119,2.411951320154255,COTO,cotonou,6.352268,2.402957,1915.2943901122799,21238.37353,9.0,100.0,109.0,570.0,10,14.464548110961914,31.134169283950826,2.8257223821585,4.464548110961914,0.00039206932327629895,0.4270672061692777,0.0003579620159033573,0.4246114198857982,-0.0007859177059597439,0.030871599416402693,1,-1.0,-1.0,0,0,6,0,1,32.0,63.0,180.0,14.8,1011.0,cotonou/COTO,382.5959232662903,56.6,65.5,0.6942624356428865
6.362360610886258,2.3595231657918987,COTO,cotonou,6.352268,2.402957,4933.409603857203,21238.37353,9.0,100.0,109.0,570.0,10,11.670767664909363,283.1620652057828,1.1302185213425957,1.6707676649093628,-0.0004113583372096823,1.216669092515889,-0.0004114930739183864,1.228574599231219,-0.0002875775098800659,0.013707949834560015,1,-1.0,-1.0,0,0,1,0,1,29.0,75.0,200.0,13.0,1010.0,cotonou/COTO,326.8907597349128,61.2,65.7,0.5811166092209024
6.376575802573461,2.3600615602772534,COTO,cotonou,6.352268,2.402957,5454.298910569543,21238.37353,9.0,100.0,109.0,570.0,10,12.96946382522583,299.6937233810793,1.0086678591501825,2.96946382522583,-0.0001413178653763257,1.243748607663792,-0.00015709322962423122,1.2371714279580375,-0.0025625258627197203,0.06313285170133155,0,-1.0,5235.689735797217,0,2,1,6,1,31.5,72.0,200.0,11.2,1008.3,cotonou/COTO,238.48215027541633,77.1,76.1,0.19977565166005762
6.361597833438159,2.3603629914670776,COTO,cotonou,6.352268,2.402957,4824.207775501802,21238.37353,9.0,100.0,109.0,570.0,10,11.888189554214478,282.4314215301248,1.1532143219704656,1.8881895542144775,-0.0003769249479050702,1.1402431365356178,-0.00039971001386668125,1.1541205306816793,-0.0015674537179344618,0.04401538783749774,1,-1.0,-1.0,0,0,0,0,1,34.0,44.0,220.0,14.8,1010.0,cotonou/COTO,326.8907597349128,65.7,61.2,0.8041245261822627
6.373514337411093,2.369176084352773,COTO,cotonou,6.352268,2.402957,4414.656812873489,21238.37353,9.0,100.0,109.0,570.0,10,11.740650057792664,302.3292734176104,1.2620797480104302,1.7406500577926636,-0.00044286967934788896,1.2674288613203222,-0.0004101390111366538,1.2673360336530801,0.002027035563521106,0.06657707664255279,1,-1.0,-1.0,0,0,1,0,1,32.0,67.0,220.0,16.6,1011.0,cotonou/COTO,151.02935906652115,79.6,80.0,0.7154071296158017
6.382171153524033,2.3656090485505636,COTO,cotonou,6.352268,2.402957,5292.433403107785,21238.37353,9.0,100.0,109.0,570.0,10,13.965047359466553,308.8581468907063,1.0287359598245012,3.9650473594665527,8.427923859446735e-05,1.0992345291340355,5.139878342271526e-05,1.0969878844613763,0.0007818063100179036,0.04924024752272716,1,-1.0,-1.0,0,0,1,8,1,34.0,32.0,222.0,5.4,1009.0,cotonou/COTO,290.9174264288137,61.3,55.8,0.7389840039155418
6.347988689422484,2.381780750154049,COTO,cotonou,6.352268,2.402957,2390.27761889264,21238.37353,9.0,100.0,109.0,570.0,10,11.046527743339539,258.50800091497337,2.346665496173196,1.0465277433395386,-0.0011085265378157298,0.8242358781806499,-0.0010814893051860777,0.9133803682556841,0.0,0.0,1,-1.0,-1.0,0,0,2,0,1,32.0,71.0,200.0,18.4,1008.0,cotonou/COTO,288.60213460746706,59.0,63.1,0.13105775155731325
6.348190481161914,2.3815612787275775,COTO,cotonou,6.352268,2.402957,2409.8085686294908,21238.37353,9.0,100.0,109.0,570.0,10,10.920653283596039,259.146313548959,2.3306551686698618,0.9206532835960388,-0.0011783098355513273,0.8113805636632098,-0.0011454770332877942,0.8660527969717137,-0.0011833392261471612,0.039146604051048695,1,-1.0,-1.0,0,0,1,1,1,32.0,71.0,200.0,18.4,1008.0,cotonou/COTO,210.16260561769036,59.0,65.8,0.12375380365034461
6.378363640032644,2.374633763115309,COTO,cotonou,6.352268,2.402957,4260.02092078804,21238.37353,9.0,100.0,109.0,570.0,10,11.782398343086243,312.83412265352115,1.307315552145048,1.7823983430862427,-0.0004516500743548266,1.1595221249033407,-0.0004435011353861447,1.161807202295997,0.0002203597169768001,0.012061986361609817,1,-1.0,-1.0,0,0,2,4,1,31.0,63.0,200.0,16.6,1007.0,cotonou/COTO,74.10445128334986,85.6,81.4,0.9275625510065076
6.364279132169588,2.370536851651972,COTO,cotonou,6.352268,2.402957,3824.983275974986,21238.37353,9.0,100.0,109.0,570.0,10,11.640734195709229,290.4460714864239,1.4580641027493617,1.6407341957092285,-0.0005380878224968909,1.2050448762432469,-0.0005442670064094739,1.2283862861557846,-0.0006738394498825074,0.0316610315421348,1,-1.0,-1.0,0,0,1,5,1,30.0,55.0,310.0,7.6,1013.0,cotonou/COTO,265.7076628552334,59.4,62.4,0.39757819382494064
6.357631491580068,2.3974932712469865,COTO,cotonou,6.352268,2.402957,846.9004314210473,21238.37353,9.0,100.0,109.0,570.0,10,15.027139663696289,314.6464353735867,6.331691854636914,5.027139663696289,0.001517411758159769,0.47425932114145586,0.0014104077551099989,0.4722587947870861,-0.0011273913913302951,0.042068931458514106,1,-1.0,-1.0,0,0,4,11,1,31.0,71.0,210.0,20.5,1010.0,cotonou/COTO,230.8079454871386,58.3,62.0,0.30094869178093975
6.3488389504847165,2.3809899539599093,COTO,cotonou,6.352268,2.402957,2459.8598671363598,21238.37353,9.0,100.0,109.0,570.0,10,12.220863580703735,261.0750627109622,2.2530460930879324,2.2208635807037354,-0.000605190470302239,0.5913411344319139,-0.0005688647429148355,0.637613162660636,-0.00027872456444634334,0.028309577898444533,1,-1.0,-1.0,0,0,1,0,1,32.0,71.0,200.0,18.4,1008.0,cotonou/COTO,208.55006593135025,75.4,59.0,0.4885840453515333
6.370662065697443,2.390184398020426,COTO,cotonou,6.352268,2.402957,2476.849770511498,21238.37353,9.0,100.0,109.0,570.0,10,11.939276576042175,325.39070303222104,2.2441109890318085,1.9392765760421753,-0.0007099256458052668,0.7827472418719761,-0.000704679115145814,0.8245268575395827,-9.064972400665288e-05,0.01595954237009733,1,-1.0,-1.0,0,0,2,2,1,33.0,67.0,200.0,18.4,1012.0,cotonou/COTO,137.85914006689853,86.3,84.9,0.6628642127635824
6.363543458742423,2.3700772459984094,COTO,cotonou,6.352268,2.402957,3845.5670721304664,21238.37353,9.0,100.0,109.0,570.0,10,11.691865801811218,289.03893585592147,1.4495016745511935,1.6918658018112183,-0.000520704297748339,1.1350752879274446,-0.0005383871204359554,1.1495196847651108,-0.001430424282001749,0.04949473311701938,0,-1.0,3614.370654968314,0,3,2,6,1,33.0,49.0,210.0,16.6,1009.0,cotonou/COTO,213.77228304903036,66.8,59.4,0.9556232570469699
6.350392533802592,2.413565808151915,COTO,cotonou,6.352268,2.402957,1191.9499350451101,21238.37353,9.0,100.0,109.0,570.0,10,15.156518459320068,100.08544582281763,4.5016714413498695,5.156518459320068,0.0012084716995968837,0.3681760410171703,0.0010306171008518763,0.3944963338403508,-0.0016591495937771268,0.07507043663220368,1,-1.0,-1.0,0,0,0,7,1,30.0,75.0,180.0,20.5,1011.0,cotonou/COTO,285.3045504368927,75.1,58.1,0.286446226882055
6.347610076628275,2.385408716475382,COTO,cotonou,6.352268,2.402957,2008.7300899032239,21238.37353,9.0,100.0,109.0,570.0,10,11.6312575340271,255.0478086851664,2.7751139024095712,1.6312575340270996,-0.001076309584248297,0.5125124364461408,-0.0012099705456535595,0.66004294289408,-0.018684385882483587,0.6888700948873856,1,-1.0,-1.0,0,0,1,1,1,32.0,71.0,200.0,18.4,1008.0,cotonou/COTO,170.17425892305585,63.1,72.8,0.9248084293120271
6.374084122347827,2.3910877302234614,COTO,cotonou,6.352268,2.402957,2746.837774160316,21238.37353,9.0,100.0,109.0,570.0,10,12.297257661819458,331.6002224822188,2.016271847160543,2.297257661819458,-0.0005107731058977653,0.8300757892610877,-0.0005152521403968758,0.8492568700789753,-0.0009635527928670248,0.043867751875088096,1,-1.0,-1.0,0,0,1,4,1,33.0,67.0,190.0,20.5,1010.0,cotonou/COTO,363.2414581239478,81.4,82.1,0.024859491386256316
6.361546665911637,2.363061853983597,COTO,cotonou,6.352268,2.402957,4531.681437813613,21238.37353,9.0,100.0,109.0,570.0,10,11.912840247154236,283.17327348821937,1.2273222939457837,1.9128402471542358,-0.00039345420766295053,1.1319044248544063,-0.00040368125261955475,1.139565329252953,-0.0004825143998868923,0.026160230211079064,1,-1.0,-1.0,0,0,0,0,1,33.0,48.0,210.0,9.4,1011.2,cotonou/COTO,363.6499594390807,68.1,60.2,0.5551980423268247
6.368437338576895,2.3902480746649566,COTO,cotonou,6.352268,2.402957,2274.761528504036,21238.37353,9.0,100.0,109.0,570.0,10,12.265664339065552,322.0054838477338,2.4350384670753016,2.2656643390655518,-0.0006437153629006545,0.6568371367490677,-0.0006799412588787892,0.7082665816310498,-0.002828982141282823,0.10767155255083172,1,-1.0,-1.0,0,0,3,4,1,32.0,63.0,210.0,16.6,1010.0,cotonou/COTO,374.8202269089207,61.2,62.3,0.6339751116810851
6.35926124881471,2.404402143534451,COTO,cotonou,6.352268,2.402957,789.7239552254568,21238.37353,9.0,100.0,109.0,570.0,10,14.61086893081665,11.605842945322422,6.815755008770623,4.61086893081665,0.0011158981440979757,0.4323907991049103,0.0011562781674521309,0.4274440534992278,0.0015303717719184027,0.05699387724087673,1,-1.0,-1.0,0,0,4,8,1,31.0,75.0,210.0,18.4,1008.0,cotonou/COTO,384.8115623263995,66.4,64.7,0.1058974037507533
6.360015072039919,2.3622514226849916,COTO,cotonou,6.352268,2.402957,4584.41876357102,21238.37353,9.0,100.0,109.0,570.0,10,12.392861127853394,280.8429698563107,1.207211317030416,2.3928611278533936,-0.00028630289896381186,0.8967332175492673,-0.0002739152729686177,0.9086644231215082,0.0004491587437758216,0.010313549101450025,1,-1.0,-1.0,0,0,2,13,1,33.0,48.0,210.0,9.4,1011.2,cotonou/COTO,243.7480135303034,68.1,61.2,0.14033959706391264
6.379775659734784,2.3677163353096202,COTO,cotonou,6.352268,2.402957,4945.262092624966,21238.37353,9.0,100.0,109.0,570.0,10,12.748273372650146,308.14835582697395,1.1150311911224888,2.7482733726501465,-0.00019368041645396835,1.135098276894439,-0.00012834605667104288,1.1282917138647959,0.003507825750280205,0.07557443843965606,1,-1.0,-1.0,0,0,3,10,1,30.7,55.0,293.0,13.0,1011.4,cotonou/COTO,398.73109698140775,66.5,66.5,0.41911431931630383
6.352983276750649,2.3919179971447004,COTO,cotonou,6.352268,2.402957,1223.9195286648282,21238.37353,9.0,100.0,109.0,570.0,10,14.910414218902588,273.7307719424426,4.396002871985543,4.910414218902588,0.0009890701114957667,0.3741307978235958,0.001205653515612208,0.38173772868959926,0.004436966574082873,0.08836827966266363,1,-1.0,-1.0,0,0,5,9,1,31.0,71.0,240.0,9.4,1011.0,cotonou/COTO,295.36221914797846,68.3,54.4,0.9662319121431817
6.354180700000101,2.3749118629787467,COTO,cotonou,6.352268,2.402957,3110.1254369501403,21238.37353,9.0,100.0,109.0,570.0,10,14.432661533355713,273.9271604094557,1.74161479711627,4.432661533355713,0.00025301004389065377,0.4099888547400626,0.0002531668675020806,0.4061457188147484,0.0021152602301703557,0.07802561691961712,1,-1.0,-1.0,0,0,5,5,1,33.0,63.0,210.0,13.0,1009.0,cotonou/COTO,267.64813860748006,78.1,56.3,0.5960425532343728
6.385070744268159,2.3754177115960884,COTO,cotonou,6.352268,2.402957,4737.381789507075,21238.37353,9.0,100.0,109.0,570.0,10,13.232219696044922,320.1612180103264,1.1580958851317564,3.232219696044922,-9.805487214266757e-05,1.032186744173812,-5.81426542663186e-05,1.0261325709291005,0.0028477609334330643,0.06278469194953543,1,-1.0,-1.0,0,0,1,6,1,31.0,59.0,170.0,13.0,1007.0,cotonou/COTO,285.70158014965295,66.1,70.2,0.9330232216002112
6.350931272147593,2.3900073593659044,COTO,cotonou,6.352268,2.402957,1440.3633236602932,21238.37353,9.0,100.0,109.0,570.0,10,14.344090461730957,264.0710868644428,3.7598825996747482,4.344090461730957,0.00044247525782993043,0.2882143674591327,0.0004019667761994193,0.28253962511940495,-0.0002168727294061095,0.011779893408128574,1,-1.0,-1.0,0,0,2,3,1,31.0,71.0,240.0,9.4,1011.0,cotonou/COTO,384.59858190063676,54.4,65.2,0.8043609156129707
6.353457578228883,2.3743470509542863,COTO,cotonou,6.352268,2.402957,3168.1499245797986,21238.37353,9.0,100.0,109.0,570.0,10,14.161951065063477,272.39721682880696,1.7146277388189493,4.161951065063477,0.00014366226954541826,0.3764828543039926,0.00013947523670432003,0.3750365545895343,-0.00015731255213419598,0.007276183562333408,1,-1.0,-1.0,0,0,8,8,1,33.0,63.0,210.0,13.0,1009.0,cotonou/COTO,384.84357926308275,74.7,56.3,0.4673816015552915
6.368203616653659,2.3897957096522435,COTO,cotonou,6.352268,2.402957,2286.050542827772,21238.37353,9.0,100.0,109.0,570.0,10,12.254967212677002,320.62087247464507,2.4232957104532695,2.254967212677002,-0.0006285819140347568,0.7004753677039215,-0.0006892501759865234,0.728288213900545,-0.0036652722944945488,0.1249891513307402,1,-1.0,-1.0,0,0,7,4,1,32.0,63.0,210.0,16.6,1010.0,cotonou/COTO,374.8202269089207,61.2,62.3,0.7847634492521874
6.352050645065521,2.3736573244824037,COTO,cotonou,6.352268,2.402957,3241.822630039347,21238.37353,9.0,100.0,109.0,570.0,10,13.900843620300293,269.5739636761772,1.680294928484818,3.900843620300293,5.928201412935867e-05,0.3514328026885017,3.943779421107925e-05,0.35364084849580013,-0.0015611846620895281,0.05129012524605908,1,-1.0,-1.0,0,0,0,6,1,33.0,63.0,210.0,13.0,1009.0,cotonou/COTO,377.7671008703886,74.7,61.8,0.017836783976987736
6.3597664299959575,2.4106451633666626,COTO,cotonou,6.352268,2.402957,1187.9310551002893,21238.37353,9.0,100.0,109.0,570.0,10,14.848448753356934,45.538767044606686,4.531604327500924,4.848448753356934,0.000942600397129908,0.4011465813602165,0.001239310794337195,0.39624675667893994,0.0038735573284504996,0.06160189287482472,1,-1.0,-1.0,0,0,2,1,1,32.0,67.0,210.0,18.4,1012.0,cotonou/COTO,267.46393794301054,68.1,62.5,0.10914399676573494
6.3482731484992945,2.3812898971810967,COTO,cotonou,6.352268,2.402957,2437.6370230161338,21238.37353,9.0,100.0,109.0,570.0,10,10.890208840370178,259.49160161227934,2.304791306028169,0.8902088403701782,-0.0011872701187067554,0.7329801248770651,-0.0011361040252131256,0.7954572768564482,-0.016670774054116964,0.6417778161037129,1,-1.0,-1.0,0,0,0,2,1,32.0,71.0,200.0,18.4,1008.0,cotonou/COTO,208.55006593135025,75.4,59.0,0.8294286148827363
6.3526890560181934,2.388366647051045,COTO,cotonou,6.352268,2.402957,1614.955749625119,21238.37353,9.0,100.0,109.0,570.0,10,14.79572582244873,271.6640263131641,3.3384182888606637,4.7957258224487305,0.0006540153933590581,0.3888733878772726,0.00045726742134696234,0.3820511995264089,-0.0049761766724204515,0.14527756413827314,1,-1.0,-1.0,0,0,3,11,1,31.8,66.0,200.0,14.8,1010.6,cotonou/COTO,351.49863683938656,65.2,66.6,0.7968170883251617
6.35375673058894,2.415211145444187,COTO,cotonou,6.352268,2.402957,1365.7629914024112,21238.37353,9.0,100.0,109.0,570.0,10,15.412944793701172,83.03014169988836,3.9199877652448243,5.412944793701172,0.0012572318653148627,0.5340397872554882,0.0012026030156347485,0.5437031027783881,0.00015934308369954428,0.020627347815810694,1,-1.0,-1.0,0,0,1,9,1,32.0,67.0,210.0,18.4,1012.0,cotonou/COTO,331.6003083532061,69.85,58.1,0.2326407419664337
6.383464770339045,2.375437769263154,COTO,cotonou,6.352268,2.402957,4601.337821535589,21238.37353,9.0,100.0,109.0,570.0,10,12.87885332107544,318.76127346320254,1.1967248100340706,2.8788533210754395,-0.00019120082992106927,1.0838697052886013,-0.00016127732077177647,1.080362463459825,0.0012448114314505682,0.042594588892275694,1,-1.0,-1.0,0,0,3,7,1,32.1,54.0,211.0,13.0,1008.6,cotonou/COTO,342.02592664884946,70.5,70.2,0.5307695905990535
6.35455,2.396768333473966,COTO,cotonou,6.352268,2.402957,729.7413703758771,21238.37353,9.0,100.0,109.0,570.0,10,15.428159713745117,290.3560656841823,7.306937859916478,5.428159713745117,0.002201152468045338,0.5779022591535516,0.0022484570439459126,0.5927775527330056,0.0018891404764795397,0.07006628938295502,1,-1.0,-1.0,0,0,5,11,1,31.0,71.0,240.0,9.4,1011.0,cotonou/COTO,375.179999999993,62.9,62.1,0.6060158207000109
6.384003315215827,2.368025746348412,COTO,cotonou,6.352268,2.402957,5220.417807989403,21238.37353,9.0,100.0,109.0,570.0,10,14.104864120483398,312.43387646296543,1.041390219031428,4.104864120483398,7.622082114676405e-05,1.1188067954049918,6.150092475524874e-05,1.1171322651899496,-0.0008127533742043904,0.036483809675967066,0,4948.412070498973,-1.0,1,0,0,3,1,30.7,45.0,199.0,11.1,1008.8,cotonou/COTO,319.62025483378403,58.1,68.0,0.8677389537760112
6.379013277120845,2.3736515814639065,COTO,cotonou,6.352268,2.402957,4388.670154033663,21238.37353,9.0,100.0,109.0,570.0,10,11.816497921943665,312.5629138822995,1.2685607323704573,1.8164979219436646,-0.0004286833360892575,1.1629839395954715,-0.0004188134326591148,1.1632514657196367,0.0006000638008117677,0.022750735250260886,1,-1.0,-1.0,0,0,3,8,1,30.0,70.0,210.0,16.6,1007.0,cotonou/COTO,319.0936288927952,78.2,81.4,0.6031071573387257
6.355534445361123,2.406348445853581,COTO,cotonou,6.352268,2.402957,520.8496624616929,21238.37353,9.0,100.0,109.0,570.0,10,15.035027980804443,45.89898857884765,10.226564666970253,5.035027980804443,0.00245932693834658,0.5646191400962903,0.001968973080317179,0.5414394137460808,-0.002072564760843913,0.09504684895021476,1,-1.0,-1.0,0,0,6,5,1,31.4,69.0,240.0,16.6,1010.7,cotonou/COTO,299.4984878091749,64.7,71.6,0.4125715692736803
6.377342581595659,2.3635074478697784,COTO,cotonou,6.352268,2.402957,5170.985881653491,21238.37353,9.0,100.0,109.0,570.0,10,12.632570266723633,302.60327150991446,1.0676509379266783,2.632570266723633,-0.0002180340161072185,1.2052709417381193,-0.00021196440465186378,1.2024232213939476,-0.0006375902083402708,0.024216042700571223,0,4746.115298190979,4766.840692506224,2,1,0,7,1,30.7,55.0,293.0,13.0,1011.4,cotonou/COTO,333.1849486396399,64.2,76.1,0.3741840434071827
6.355689364218064,2.404242659228712,COTO,cotonou,6.352268,2.402957,404.2167281997226,21238.37353,9.0,100.0,109.0,570.0,10,15.267451763153076,20.478855767163168,13.055399626576317,5.267451763153076,0.003715381735847109,0.6429986030640367,0.0031709526975949604,0.6431153741720561,-0.001101382573445638,0.048339540899318745,1,-1.0,-1.0,0,0,3,14,1,31.4,69.0,240.0,16.6,1010.7,cotonou/COTO,264.0610446469,65.4,68.1,0.4258820863735099
6.370929166881951,2.392058501356252,COTO,cotonou,6.352268,2.402957,2390.145479603845,21238.37353,9.0,100.0,109.0,570.0,10,12.278708219528198,329.86869328796763,2.317306569251361,2.2787082195281982,-0.0006220251687128417,0.6597442856314278,-0.0005759826520594155,0.698623316842444,-0.0011718511581420897,0.047535912724494284,1,-1.0,-1.0,0,0,1,12,1,33.0,67.0,200.0,18.4,1012.0,cotonou/COTO,340.2779183256066,86.3,82.1,0.6519310255799742
6.373123549799414,2.3597309370850397,COTO,cotonou,6.352268,2.402957,5309.545517372073,21238.37353,9.0,100.0,109.0,570.0,10,13.635037660598755,295.8974189704243,1.0289811792679713,3.635037660598755,-1.3550616478066887e-05,1.3681830670914443,3.7154126783883146e-05,1.362262137306105,0.0030163492703109743,0.09430429187524564,1,-1.0,-1.0,0,0,1,8,1,32.0,71.0,220.0,18.4,1009.0,cotonou/COTO,331.14855306943616,73.3,63.4,0.8674906317523249
11.109808994021485,2.9194775039345577,KAND,kandi,11.123456,2.954658,4129.108587171553,7079.457844,327.0,100.0,427.0,538.0,10,317.2057800292969,248.43293487827103,1.5231528317008252,307.2057800292969,-0.0038936227991961054,7.2404312672621,-0.0037348066057477677,7.194807058480138,0.006263224283854167,0.2850411734202887,1,-1.0,-1.0,0,0,0,0,0,31.5,29.0,60.0,14.8,1011.4,kandi/KAND,305.7478243151074,89.2,82.3,0.6424832759955477
11.112776347630476,2.9227483848599554,KAND,kandi,11.123456,2.954658,3680.658804264645,7079.457844,327.0,100.0,427.0,538.0,10,310.240966796875,251.16928405514267,1.8169456985645234,300.240966796875,-0.006225766365024745,8.043218274364337,-0.00612666015625,8.059414431367852,0.003411526150173611,0.12538506826636117,1,-1.0,-1.0,0,0,0,0,0,36.4,21.0,100.0,14.8,1008.9,kandi/KAND,172.33978820923755,87.9,85.3,0.778996354578129
11.13833333809283,2.920603952289866,KAND,kandi,11.123456,2.954658,4067.782811365958,7079.457844,327.0,100.0,427.0,538.0,10,297.3453674316406,294.00430665475244,1.8256011858411898,287.3453674316406,-0.008818630143707875,13.738498882557383,-0.008482014384246681,13.678011326315582,0.009983317057291666,0.4752640657589664,1,-1.0,-1.0,0,0,0,0,0,30.2,23.0,100.0,18.4,1012.1,kandi/KAND,222.29118403569404,85.2,79.8,0.13455220841314708
11.102976266136078,2.9251916408215686,KAND,kandi,11.123456,2.954658,3936.286535414604,7079.457844,327.0,100.0,427.0,538.0,10,321.20306396484375,234.69279296002748,1.5395878458176637,311.20306396484375,-0.0030611905184659088,3.7587927532062637,-0.0029708928520168665,3.8002828533734814,0.004697548512842508,0.13329108935709116,1,-1.0,-1.0,0,0,0,0,0,31.5,29.0,60.0,14.8,1011.4,kandi/KAND,185.52613185200588,82.2,83.6,0.5360680359476373
11.109440350551958,2.9334362285894606,KAND,kandi,11.123456,2.954658,2788.974199768295,7079.457844,327.0,100.0,427.0,538.0,10,328.2452087402344,236.05889792817297,2.027939076879435,318.2452087402344,-0.0017917572783749845,3.026361854674958,-0.003051841080289387,3.0242827446503924,-0.02845485306767086,0.8904650794516017,1,-1.0,-1.0,0,0,0,0,0,30.3,45.0,32.0,11.2,1007.8,kandi/KAND,352.26948019734937,82.3,86.1,0.5142228701904145
11.135107752444654,2.9246422356309503,KAND,kandi,11.123456,2.954658,3523.129111972755,7079.457844,327.0,100.0,427.0,538.0,10,293.2713317871094,291.5880293141811,2.1737527853830105,283.2713317871094,-0.011314702438095866,13.631174988657472,-0.011163787841796875,13.66976558953567,-0.001897430419921875,0.08813414977643107,1,-1.0,-1.0,0,0,0,0,0,30.0,38.0,28.0,18.0,1008.6,kandi/KAND,261.51750763597073,84.7,80.0,0.8575721441225576
11.110472089274227,2.9324054563480093,KAND,kandi,11.123456,2.954658,2823.528512881783,7079.457844,327.0,100.0,427.0,538.0,10,322.40203857421875,239.26482670999297,2.1215590609679578,312.40203857421875,-0.0038327508223684205,3.672511819614228,-0.004088325645572633,3.7194677742974283,-0.019436582333671477,0.6430413007994995,1,-1.0,-1.0,0,0,0,0,0,31.0,43.0,40.0,3.6,1008.2,kandi/KAND,336.60591917685895,88.7,86.1,0.46279936559351587
11.118385277225748,2.924617539422967,KAND,kandi,11.123456,2.954658,3329.2920579352117,7079.457844,327.0,100.0,427.0,538.0,10,303.07171630859375,260.2420299734026,2.131771772666394,293.07171630859375,-0.009084871245199558,9.680929556467904,-0.008726638429076377,9.75726314121249,0.007607111792984219,0.18530119689861457,1,-1.0,-1.0,0,0,0,0,0,33.2,27.0,75.0,15.8,1010.6,kandi/KAND,116.63871176489182,78.9,88.5,0.3850894961003535
11.139180606266615,2.9060697572223546,KAND,kandi,11.123456,2.954658,5585.465618398246,7079.457844,327.0,100.0,427.0,538.0,10,297.0721130371094,288.25905079748105,1.3325616475100421,287.0721130371094,-0.006462257643646947,11.987549977146298,-0.006609786140915909,11.974083649886595,-0.017359627135417787,0.5079435044272781,1,-1.0,-1.0,0,0,0,0,0,26.0,22.0,47.0,14.0,1010.5,kandi/KAND,359.64685178650427,83.3,78.5,0.6395632712371101
11.122627119874752,2.923837597929428,KAND,kandi,11.123456,2.954658,3368.1299724847504,7079.457844,327.0,100.0,427.0,538.0,10,302.2204284667969,268.4329604914276,2.1216742721379296,292.2204284667969,-0.009175501460522678,10.83551971772418,-0.009001007972404973,10.836224278493194,0.006818305121527778,0.25558791736477704,1,-1.0,-1.0,0,0,0,0,0,31.5,32.0,75.0,15.1,1011.5,kandi/KAND,280.0326934020449,80.5,81.6,0.26646331750084606
11.137142609912612,2.9189766871704173,KAND,kandi,11.123456,2.954658,4181.49570343673,7079.457844,327.0,100.0,427.0,538.0,10,298.92083740234375,291.35558059351035,1.754420504108027,288.92083740234375,-0.008191557384672617,13.454890348976479,-0.007961820538487766,13.419601790323934,0.012862780502706846,0.44009126556949435,1,-1.0,-1.0,0,0,0,1,0,26.8,36.0,58.0,15.8,1010.5,kandi/KAND,239.88586973826605,79.8,85.4,0.13976841095395687
11.132660439815226,2.9191661087755922,KAND,kandi,11.123456,2.954658,4008.595801077826,7079.457844,327.0,100.0,427.0,538.0,10,299.1755676269531,284.8086353553545,1.8264050670890213,289.1755676269531,-0.008494977808710355,12.487658017419692,-0.00836047752230775,12.446962580135246,0.0017506917317708333,0.09488518323641715,1,-1.0,-1.0,0,0,1,2,0,30.0,38.0,28.0,18.0,1008.6,kandi/KAND,352.45777406663626,87.5,85.7,0.4778772740237458
11.11816687866162,2.9179047728440333,KAND,kandi,11.123456,2.954658,4057.428645111961,7079.457844,327.0,100.0,427.0,538.0,10,307.7435607910156,261.659860445491,1.683559866505819,297.7435607910156,-0.006270053339939491,9.765853655154473,-0.006123215561917081,9.744908724490877,0.004283949734085237,0.14716796535645085,1,-1.0,-1.0,0,0,0,1,0,35.2,25.0,75.0,18.4,1008.5,kandi/KAND,329.7372658647473,86.1,87.2,0.416889368594885
11.12822671763381,2.9281186360418068,KAND,kandi,11.123456,2.954658,2946.82166696226,7079.457844,327.0,100.0,427.0,538.0,10,296.8717956542969,280.384206040546,2.528472074253821,286.8717956542969,-0.012273933590461913,12.234579385861796,-0.01193013615515716,12.263942648433343,0.009688956503441959,0.3048088930578503,1,-1.0,-1.0,0,0,0,5,0,33.0,34.0,28.0,16.2,1007.9,kandi/KAND,386.7215149173957,82.6,83.3,0.2325699405288737
11.119441099409352,2.9253787831311175,KAND,kandi,11.123456,2.954658,3229.2217985941966,7079.457844,327.0,100.0,427.0,538.0,10,302.70709228515625,262.0473187471238,2.204229324100451,292.70709228515625,-0.009450088312596453,9.777200656003144,-0.009236422452059662,9.859708703008192,0.0005638122558593749,0.051144202954811875,1,-1.0,-1.0,0,0,0,0,0,33.2,27.0,75.0,15.8,1010.6,kandi/KAND,368.7529770885469,88.5,87.2,0.367511810115128
11.134103113959862,2.929821269052248,KAND,kandi,11.123456,2.954658,2957.753544223834,7079.457844,327.0,100.0,427.0,538.0,10,294.06427001953125,293.6029002611405,2.5734171976391207,284.06427001953125,-0.013219228416982323,13.227520883309625,-0.012774084110071162,13.310938497559903,0.005833180745442708,0.2879208479018494,1,-1.0,-1.0,0,0,2,7,0,25.1,38.0,70.0,13.7,1012.7,kandi/KAND,183.82149629455927,84.2,84.5,0.3663924498262474
11.127089702306506,2.9274041332058367,KAND,kandi,11.123456,2.954658,3004.253582719909,7079.457844,327.0,100.0,427.0,538.0,10,297.4242858886719,277.74067269631087,2.4696793588861348,287.4242858886719,-0.011848545389206891,12.039776657283586,-0.011491271751172304,12.065057360558718,0.010627665950593152,0.31869547967282413,1,-1.0,-1.0,0,0,0,3,0,35.7,22.0,60.0,14.8,1008.1,kandi/KAND,213.30780787394355,87.2,81.0,0.32749556441254546
11.138776741279475,2.9264079468693844,KAND,kandi,11.123456,2.954658,3520.723456244983,7079.457844,327.0,100.0,427.0,538.0,10,292.1667175292969,298.93320710431584,2.1931868824922542,282.1667175292969,-0.01173593804858107,14.052586379032986,-0.011682009167251577,14.080132243837312,-0.009155949137784829,0.3284851453391939,1,-1.0,-1.0,0,0,2,11,0,34.2,16.0,100.0,18.4,1010.2,kandi/KAND,262.6669063662963,83.4,85.4,0.37946407972692897
11.129717910495996,2.9270443278509113,KAND,kandi,11.123456,2.954658,3095.040110335466,7079.457844,327.0,100.0,427.0,538.0,10,298.1453857421875,283.0159613789851,2.3839964094297854,288.1453857421875,-0.011275638678135016,12.54033444186635,-0.011016521632416742,12.54525164146372,0.01015301185412936,0.30115142588871696,1,-1.0,-1.0,0,0,2,10,0,33.0,34.0,28.0,16.2,1007.9,kandi/KAND,377.8714555243443,84.8,82.6,0.6857433454559454
11.121250307633915,2.9243473435877974,KAND,kandi,11.123456,2.954658,3320.180672226469,7079.457844,327.0,100.0,427.0,538.0,10,302.4648132324219,265.7614904633455,2.1480750329609073,292.4648132324219,-0.009228561391012762,10.392001767654726,-0.00886445525306581,10.426224566427177,0.011433955758653072,0.1910089942887066,1,-1.0,-1.0,0,0,0,0,0,31.5,32.0,75.0,15.1,1011.5,kandi/KAND,366.5034435036539,80.5,88.5,0.2968764745712853
11.130026494744252,2.9225295532196673,KAND,kandi,11.123456,2.954658,3584.1942622449874,7079.457844,327.0,100.0,427.0,538.0,10,299.967041015625,281.77641686390353,2.029858457530974,289.967041015625,-0.009266204833984375,12.278220007702947,-0.009098240586577868,12.247171503305394,0.0013849894205729167,0.06129807385923628,1,-1.0,-1.0,0,0,3,3,0,33.0,34.0,28.0,16.2,1007.9,kandi/KAND,371.69589343971694,82.4,86.6,0.9488579267153404
11.133058288722735,2.9215566203917405,KAND,kandi,11.123456,2.954658,3768.7687660263755,7079.457844,327.0,100.0,427.0,538.0,10,296.9660339355469,286.4733035987836,1.9760944636298317,286.9660339355469,-0.009576125190915087,12.925880153967828,-0.009422659873962402,12.90657498519282,0.00261688232421875,0.16069439470669894,1,-1.0,-1.0,0,0,0,7,0,33.0,34.0,28.0,16.2,1007.9,kandi/KAND,274.61005170973647,82.4,86.0,0.9163480195381779
11.111108465495336,2.932474500735565,KAND,kandi,11.123456,2.954658,2781.805217228197,7079.457844,327.0,100.0,427.0,538.0,10,322.20013427734375,240.43790241654781,2.157502490767261,312.20013427734375,-0.0040322564005739825,3.851653929166426,-0.004157672012061403,3.9117624470906494,-0.011128065321180556,0.4424197882026788,1,-1.0,-1.0,0,0,0,0,0,33.4,23.0,80.0,18.4,1011.3,kandi/KAND,165.92922165772438,88.6,88.7,0.4809104283000786
11.138828355182945,2.92651730702129,KAND,kandi,11.123456,2.954658,3513.0165545790373,7079.457844,327.0,100.0,427.0,538.0,10,292.1501770019531,299.10920930136393,2.198262982548098,282.1501770019531,-0.012579204268448057,14.04471079156245,-0.011711814786997178,14.072285928054974,-0.01033823872102692,0.3284851453391939,1,-1.0,-1.0,0,0,1,9,0,34.2,16.0,100.0,18.4,1010.2,kandi/KAND,262.6669063662963,83.4,85.4,0.3283612050046888
11.109160994834882,2.931802615798724,KAND,kandi,11.123456,2.954658,2955.4162990577374,7079.457844,327.0,100.0,427.0,538.0,10,324.0216979980469,237.48820208851447,1.9956024496099936,314.0216979980469,-0.0030503061119299753,3.4413408643707584,-0.0032910136106384068,3.493645751030614,-0.0026631673177083333,0.19523695781841788,1,-1.0,-1.0,0,0,0,0,0,31.0,43.0,40.0,3.6,1008.2,kandi/KAND,320.7240494333438,88.1,88.6,0.5354347898300031
11.104872306231677,2.9305073635167815,KAND,kandi,11.123456,2.954658,3344.627481740974,7079.457844,327.0,100.0,427.0,538.0,10,328.583251953125,231.8988405339474,1.6854605490637355,318.583251953125,-0.0014113471621558782,2.9527043008189655,-0.0014893024288422884,2.9621552148176007,0.00315704345703125,0.27179761188031093,1,-1.0,-1.0,0,0,0,2,0,31.0,43.0,40.0,3.6,1008.2,kandi/KAND,383.69036938137486,88.1,86.3,0.8485604887736246
11.135265269769448,2.928722249013713,KAND,kandi,11.123456,2.954658,3119.8530193654133,7079.457844,327.0,100.0,427.0,538.0,10,294.2062072753906,294.8963922144144,2.4372731700942274,284.2062072753906,-0.012540458835191549,13.508610257380719,-0.01219154383942387,13.565636614280965,0.0022789248568496484,0.12585613196939208,1,-1.0,-1.0,0,0,1,14,0,25.1,38.0,70.0,13.7,1012.7,kandi/KAND,265.70070718742903,84.2,85.1,0.652587340560102
11.111550280313963,2.933374209660246,KAND,kandi,11.123456,2.954658,2672.18924795971,7079.457844,327.0,100.0,427.0,538.0,10,322.469482421875,240.31554492594353,2.2401502434984466,312.469482421875,-0.004020702220775463,3.7593449023685706,-0.0035280686520509463,3.7699019920051158,0.01849461286695463,0.46849032923456335,1,-1.0,-1.0,0,0,0,0,0,30.3,45.0,32.0,11.2,1007.8,kandi/KAND,382.98217256152554,85.8,88.7,0.8043918279470774
11.110195811813362,2.9354008392273268,KAND,kandi,11.123456,2.954658,2564.59623066555,7079.457844,327.0,100.0,427.0,538.0,10,331.22418212890625,234.94250520534735,2.1387386793799332,321.22418212890625,-0.0012070735141164106,2.9817907830885093,-0.0011317628802675187,2.9482576671751737,-0.011364746093750001,0.7011616895780636,1,-1.0,-1.0,0,0,0,12,0,30.3,45.0,32.0,11.2,1007.8,kandi/KAND,112.37245272427367,85.8,82.3,0.5327222760657402
11.140057994766241,2.9061678503465362,KAND,kandi,11.123456,2.954658,5606.313495901028,7079.457844,327.0,100.0,427.0,538.0,10,297.5262145996094,289.2407968321542,1.3229697283585373,287.5262145996094,-0.0063926450700282425,12.19637923129069,-0.006401635225487765,12.157615587515366,-0.008404880099826388,0.3266648314837103,1,-1.0,-1.0,0,0,0,0,0,28.4,37.0,100.0,3.6,1009.9,kandi/KAND,359.64685178650427,78.5,83.3,0.6329176292676207
11.133931013545588,2.9072193873022347,KAND,kandi,11.123456,2.954658,5310.146966089716,7079.457844,327.0,100.0,427.0,538.0,10,302.6200866699219,282.6873420536766,1.341797370284522,292.6200866699219,-0.005778785066586289,10.936552540250148,-0.005479820379383675,10.884276493035843,0.017354671899031032,0.5065557892193517,1,-1.0,-1.0,0,0,0,0,0,28.4,37.0,100.0,3.6,1009.9,kandi/KAND,362.3516751720424,79.6,86.9,0.2881556141824617
11.136867133333592,2.928101871794772,KAND,kandi,11.123456,2.954658,3258.276389756807,7079.457844,327.0,100.0,427.0,538.0,10,293.6402893066406,297.2370628575518,2.3437809373890044,283.6402893066406,-0.012117572588970074,13.81804129518755,-0.011944809189071886,13.867164311600586,0.00034459431966145837,0.01937576007890312,1,-1.0,-1.0,0,0,4,3,0,34.2,16.0,100.0,18.4,1010.2,kandi/KAND,371.0522637042291,83.4,85.1,0.7348931623102908
11.111966393110311,2.921824067950088,KAND,kandi,11.123456,2.954658,3805.414238654863,7079.457844,327.0,100.0,427.0,538.0,10,311.17181396484375,250.37573200944468,1.7434154252395364,301.17181396484375,-0.005803062568793395,7.856278519012056,-0.005544760060864827,7.852761092339309,0.009634738498263889,0.3953107945819818,1,-1.0,-1.0,0,0,0,0,0,36.4,21.0,100.0,14.8,1008.9,kandi/KAND,191.92410374935423,87.9,85.9,0.20240459312571835
11.104846114919043,2.9309246234616855,KAND,kandi,11.123456,2.954658,3310.5890940284175,7079.457844,327.0,100.0,427.0,538.0,10,328.4050598144531,231.37358011204708,1.7058609615396496,318.4050598144531,-0.002126603851718846,3.0110212909914513,-0.0013518869307808763,3.0074008059536297,0.0019431559296667355,0.2865044853752785,1,-1.0,-1.0,0,0,0,0,0,33.4,23.0,80.0,18.4,1011.3,kandi/KAND,268.61311974672043,86.8,86.3,0.6947981288184982
11.14075229834038,2.918867560524217,KAND,kandi,11.123456,2.954658,4352.726713833198,7079.457844,327.0,100.0,427.0,538.0,10,302.6846618652344,296.22522546244295,1.6359420111201872,292.6846618652344,-0.006995597386469034,13.55451106947208,-0.008351003894812399,13.535839775703721,-0.06874678470431446,2.1722159279302935,1,-1.0,-1.0,0,0,0,2,0,30.2,23.0,100.0,18.4,1012.1,kandi/KAND,387.1975309838644,85.2,82.9,0.8607190683258941
11.135658309822817,2.917470097551786,KAND,kandi,11.123456,2.954658,4280.757081629775,7079.457844,327.0,100.0,427.0,538.0,10,300.1227111816406,288.49429977168484,1.697691660776175,290.1227111816406,-0.007739549472337559,12.974166529947349,-0.007545380575845327,12.90842911516527,0.004225130348899461,0.11415081536622516,1,-1.0,-1.0,0,0,1,0,0,30.4,39.0,60.0,7.6,1009.9,kandi/KAND,371.02901908073824,85.4,86.4,0.13210283730154393
11.111655519129616,2.9209919552232857,KAND,kandi,11.123456,2.954658,3902.5849883633196,7079.457844,327.0,100.0,427.0,538.0,10,313.5231018066406,250.34552670786422,1.6655411458012455,303.5231018066406,-0.0050387472293455795,7.811997826189373,-0.004940942321160827,7.796302385623908,0.015561591254340278,0.5804305877722048,1,-1.0,-1.0,0,0,0,0,0,26.1,45.0,70.0,11.9,1012.3,kandi/KAND,259.1606293612586,82.3,87.9,0.6143797405419198
11.128558857546057,2.927372571697372,KAND,kandi,11.123456,2.954658,3033.659196198508,7079.457844,327.0,100.0,427.0,538.0,10,297.7413330078125,280.7937741320642,2.439792586889074,287.7413330078125,-0.011628773009854982,12.33433674271683,-0.011248519386041017,12.34442309913343,0.012112534173876394,0.3755298830649486,1,-1.0,-1.0,0,0,3,6,0,33.0,34.0,28.0,16.2,1007.9,kandi/KAND,268.144848356337,82.6,81.0,0.0950957482299346
11.129594795864925,2.927102287660994,KAND,kandi,11.123456,2.954658,3085.8447537004627,7079.457844,327.0,100.0,427.0,538.0,10,297.9569091796875,282.794532709896,2.3945855289730065,287.9569091796875,-0.011428583012572036,12.50283591867975,-0.010907594670636832,12.52163386393926,0.013965455516426134,0.30639898329547854,1,-1.0,-1.0,0,0,3,8,0,33.0,34.0,28.0,16.2,1007.9,kandi/KAND,377.8714555243443,84.8,82.6,0.7257156282714269
11.104451958422258,2.9301065203435295,KAND,kandi,11.123456,2.954658,3407.763595174455,7079.457844,327.0,100.0,427.0,538.0,10,328.413818359375,231.73447548283994,1.657097660967236,318.413818359375,-0.001392046314381871,2.99651133626855,-0.000798970166977837,3.0140382275863473,0.014628428796965628,0.35918733247438095,1,-1.0,-1.0,0,0,0,0,0,31.4,32.0,75.0,16.2,1012.0,kandi/KAND,349.9740403229864,86.3,80.7,0.08449321882352023
11.135435840637582,2.933813744425519,KAND,kandi,11.123456,2.954658,2634.5502090716564,7079.457844,327.0,100.0,427.0,538.0,10,292.46490478515625,300.36151529316976,2.9233086069621046,282.46490478515625,-0.0154774521336411,12.60994312480704,-0.015187055862885017,12.854459292020046,-0.0016064132997448306,0.10025217527622687,1,-1.0,-1.0,0,0,3,4,0,33.4,16.0,49.0,20.9,1010.0,kandi/KAND,305.11071367616483,83.2,87.6,0.935939822700626
11.128545262184243,2.9275700780443197,KAND,kandi,11.123456,2.954658,3012.1815162351886,7079.457844,327.0,100.0,427.0,538.0,10,297.4773254394531,280.8423009080394,2.462180263017014,287.4773254394531,-0.011831040586968853,12.31764358312641,-0.011386098522198624,12.350976772451954,0.007836405436197916,0.3726436610864551,1,-1.0,-1.0,0,0,2,6,0,33.0,34.0,28.0,16.2,1007.9,kandi/KAND,174.81002316812828,82.6,87.2,0.13740793003780216
11.133842895803273,2.9293496236434318,KAND,kandi,11.123456,2.954658,2993.9226603628276,7079.457844,327.0,100.0,427.0,538.0,10,294.8526611328125,292.70095450116776,2.527310970368246,284.8526611328125,-0.012800896403501665,13.283896797995569,-0.012285982760576799,13.346589800881782,0.012182456366083309,0.29372336358494844,1,-1.0,-1.0,0,0,2,10,0,25.1,38.0,70.0,13.7,1012.7,kandi/KAND,183.82149629455927,84.5,84.2,0.9588802459090804
11.125802365760737,2.9209633632913916,KAND,kandi,11.123456,2.954658,3689.988138436307,7079.457844,327.0,100.0,427.0,538.0,10,305.4545593261719,274.06270921276894,1.8865978694174632,295.4545593261719,-0.00754894881459436,11.210359724811212,-0.007242106343784937,11.145891595775588,0.011162303492467857,0.30614562270591356,1,-1.0,-1.0,0,0,0,0,0,31.5,32.0,75.0,15.1,1011.5,kandi/KAND,346.276348393292,81.6,82.1,0.8008841760850967
11.11083880794982,2.9346814216290955,KAND,kandi,11.123456,2.954658,2590.4444820287067,7079.457844,327.0,100.0,427.0,538.0,10,328.5411071777344,237.2334389047955,2.1766785028526168,318.5411071777344,-0.0013308680012277497,3.169495161021835,-0.0022070104425603696,3.164449919149921,-0.013130357530381944,0.4829133079935099,1,-1.0,-1.0,0,0,0,1,0,31.0,43.0,40.0,3.6,1008.2,kandi/KAND,237.3936713820402,90.3,82.3,0.5936820044663541
11.122331496546776,2.9257319259041012,KAND,kandi,11.123456,2.954658,3162.390484094247,7079.457844,327.0,100.0,427.0,538.0,10,300.53515625,267.7339579588332,2.2900533445709215,290.53515625,-0.010311390618858097,10.576080360809165,-0.009982799011983989,10.641836537489764,0.004836018880208333,0.2333829132407787,1,-1.0,-1.0,0,0,0,1,0,31.0,31.0,80.0,11.2,1011.0,kandi/KAND,360.5272688756482,87.2,82.0,0.7826241046295469
11.135996051767627,2.9149365001801693,KAND,kandi,11.123456,2.954658,4555.479914380464,7079.457844,327.0,100.0,427.0,538.0,10,299.5425109863281,287.83944503025714,1.6026569386379381,289.5425109863281,-0.007408523559570311,12.547471272856745,-0.007471106062719832,12.500303009257317,-0.008151584201388888,0.33346643916441077,1,-1.0,-1.0,0,0,0,0,0,30.4,39.0,60.0,7.6,1009.9,kandi/KAND,198.68689941707686,82.8,86.4,0.7951148389830859
11.107785276303156,2.931307011483641,KAND,kandi,11.123456,2.954658,3084.1898740017327,7079.457844,327.0,100.0,427.0,538.0,10,325.29180908203125,235.63305118444185,1.8887744413600418,315.29180908203125,-0.0025118340702834354,3.1443234815088337,-0.002776285807291667,3.1903378600613745,0.0019443088107638888,0.3410126012491097,1,-1.0,-1.0,0,0,0,0,0,33.4,23.0,80.0,18.4,1011.3,kandi/KAND,209.350490283057,81.5,88.1,0.9460270628173303
11.121746215669281,2.9251165854096106,KAND,kandi,11.123456,2.954658,3232.7047271402175,7079.457844,327.0,100.0,427.0,538.0,10,301.2666320800781,266.6271416551456,2.2273491082429246,291.2666320800781,-0.009870793185637147,10.46582921760835,-0.009350680731794566,10.520243501219522,0.015494028549477066,0.3276868236819843,1,-1.0,-1.0,0,0,0,1,0,31.5,32.0,75.0,15.1,1011.5,kandi/KAND,386.05135929607223,80.5,87.2,0.2533833538391872
11.134334380630953,2.924463182725941,KAND,kandi,11.123456,2.954658,3511.113754820726,7079.457844,327.0,100.0,427.0,538.0,10,294.50164794921875,290.16502379151945,2.1611364135281073,284.50164794921875,-0.01106090158896728,13.46178381255264,-0.010995247870764016,13.491399925188889,-0.004809043904021239,0.22428077731169732,1,-1.0,-1.0,0,0,0,7,0,33.0,34.0,28.0,16.2,1007.9,kandi/KAND,290.56781050227556,82.4,80.0,0.5900758953583092
11.112025801346983,2.9326544953907034,KAND,kandi,11.123456,2.954658,2715.9923621562084,7079.457844,327.0,100.0,427.0,538.0,10,321.1677551269531,242.10505890684843,2.2314770965152064,311.1677551269531,-0.0044533418648408886,4.20398084601341,-0.0046406188746079755,4.272381685135831,-0.006068166097005208,0.3404758016154545,1,-1.0,-1.0,0,0,1,2,0,31.0,43.0,40.0,3.6,1008.2,kandi/KAND,259.74237178418406,88.7,87.3,0.09504919756440122
11.11603474412598,2.9181418236950325,KAND,kandi,11.123456,2.954658,4072.733681369354,7079.457844,327.0,100.0,427.0,538.0,10,309.81439208984375,258.30185203731037,1.6481285782632984,299.81439208984375,-0.005798898658088651,9.23674361942094,-0.0056985710993781614,9.19868338613268,-0.004817850758027398,0.22527743429839067,1,-1.0,-1.0,0,0,2,12,0,35.2,25.0,75.0,18.4,1008.5,kandi/KAND,175.32730220931484,87.2,77.9,0.6161657000241213
11.126020240217837,2.9210139699994135,KAND,kandi,11.123456,2.954658,3686.2482301596224,7079.457844,327.0,100.0,427.0,538.0,10,305.4545593261719,274.44485564420313,1.8885105448499095,295.4545593261719,-0.007535604660935214,11.244224988304074,-0.007364794921874999,11.179894483215472,0.006204901801215278,0.22980433500335182,1,-1.0,-1.0,0,0,0,2,0,34.3,13.0,100.0,18.4,1008.8,kandi/KAND,320.7976815689198,82.1,84.4,0.1712913040927888
11.139628530385712,2.919838087394157,KAND,kandi,11.123456,2.954658,4203.369660026388,7079.457844,327.0,100.0,427.0,538.0,10,299.2650451660156,295.3347283611772,1.7406087926733629,289.2650451660156,-0.008052088239232418,13.680191955732159,-0.007924025271420188,13.643916301738853,0.006040106879340278,0.22820727878438357,1,-1.0,-1.0,0,0,0,0,0,30.2,29.0,65.0,16.6,1012.8,kandi/KAND,387.1975309838644,82.9,85.2,0.5649506114724419
11.14033920685891,2.9150216832635767,KAND,kandi,11.123456,2.954658,4715.407240613444,7079.457844,327.0,100.0,427.0,538.0,10,300.60540771484375,293.4704933665755,1.535422641639527,290.60540771484375,-0.006902947405722574,13.040088931394532,-0.008593153499636333,13.055471386336526,-0.15016166347551727,4.772121064445651,0,-1.0,4611.460387613948,0,5,0,5,0,30.4,39.0,60.0,7.6,1009.9,kandi/KAND,295.05963126131167,78.5,82.2,0.5724305140338497
11.138097553851203,2.9064974126814853,KAND,kandi,11.123456,2.954658,5504.668850808853,7079.457844,327.0,100.0,427.0,538.0,10,298.30926513671875,287.21991355529326,1.3392437013191647,288.30926513671875,-0.006433795043238042,11.788081286340903,-0.006320447477388551,11.750375413332673,-0.008368682861328126,0.3862476877456576,1,-1.0,-1.0,0,0,0,1,0,28.4,37.0,100.0,3.6,1009.9,kandi/KAND,325.21295177169327,83.6,81.9,0.46598515298122734
11.139185552896942,2.92161394766327,KAND,kandi,11.123456,2.954658,4007.153340570685,7079.457844,327.0,100.0,427.0,538.0,10,296.7176208496094,295.8832794582922,1.8621703031374877,286.7176208496094,-0.008993811423140525,13.96699269570876,-0.008919628403744037,13.914665845109425,0.009728036290931844,0.5539045927025626,1,-1.0,-1.0,0,0,0,0,0,30.2,23.0,100.0,18.4,1012.1,kandi/KAND,224.00284038368383,85.2,84.6,0.5226317755131228
11.104087165640388,2.9259161847928876,KAND,kandi,11.123456,2.954658,3801.227257304735,7079.457844,327.0,100.0,427.0,538.0,10,321.82110595703125,235.52266425782562,1.5849537742382045,311.82110595703125,-0.0030194940842355644,3.7119714011245013,-0.00330990283527181,3.799270608859739,-0.014500572350715626,0.2604792538078482,1,-1.0,-1.0,0,0,0,0,0,31.4,32.0,75.0,16.2,1012.0,kandi/KAND,277.7596185553782,80.7,83.6,0.7639233900065879
11.11013000894864,2.9321666197945677,KAND,kandi,11.123456,2.954658,2865.3061735775277,7079.457844,327.0,100.0,427.0,538.0,10,322.4173889160156,238.87761200690557,2.090346731332398,312.4173889160156,-0.0037874963548448354,3.6580364370032847,-0.0037069203902264035,3.7257385658357762,0.00020828247070312465,0.3156749672806462,1,-1.0,-1.0,0,0,0,0,0,31.0,43.0,40.0,3.6,1008.2,kandi/KAND,173.06789013672005,86.1,88.6,0.7992447165120666
11.137441054665755,2.906722084048014,KAND,kandi,11.123456,2.954658,5460.205987291271,7079.457844,327.0,100.0,427.0,538.0,10,299.3575439453125,286.56382245340626,1.3391513569755946,289.3575439453125,-0.006221219435530621,11.674821058866389,-0.0062781955884850535,11.635420969036018,-0.007646009657118056,0.3439865317054773,1,-1.0,-1.0,0,0,0,1,0,28.4,37.0,100.0,3.6,1009.9,kandi/KAND,212.6801711490994,81.9,78.5,0.4921532155754291
11.13644711397023,2.9333516869499725,KAND,kandi,11.123456,2.954658,2735.3671558627907,7079.457844,327.0,100.0,427.0,538.0,10,292.16571044921875,301.85963640552427,2.821993289736727,282.16571044921875,-0.014912923177083329,13.098287500621934,-0.014738154043329833,13.190211418171817,0.0002932636107681264,0.03777653619680946,1,-1.0,-1.0,0,0,1,6,0,33.4,16.0,49.0,20.9,1010.0,kandi/KAND,315.9212884563857,76.8,87.6,0.5995934415226123
11.13521235545468,2.9247807241230976,KAND,kandi,11.123456,2.954658,3513.319561380364,7079.457844,327.0,100.0,427.0,538.0,10,293.3634338378906,291.8551482004009,2.1783164370831014,283.3634338378906,-0.011288684909626588,13.638003841654676,-0.01125646223260926,13.66043634826101,-0.005008193408257649,0.19110165294071024,1,-1.0,-1.0,0,0,0,1,0,30.0,38.0,28.0,18.0,1008.6,kandi/KAND,261.51750763597073,84.7,80.0,0.9312362356901018
11.118631595437273,2.930755055755039,KAND,kandi,11.123456,2.954658,2665.196313207135,7079.457844,327.0,100.0,427.0,538.0,10,308.21136474609375,258.3789344265721,2.5520018886214286,298.21136474609375,-0.0094387131626527,8.036624659187076,-0.009403784590830319,8.147412061935384,-0.01019455728470027,0.21812756507059228,1,-1.0,-1.0,0,0,1,3,0,35.5,22.0,100.0,11.2,1009.7,kandi/KAND,351.7491748390901,88.4,85.1,0.11973358850112281
11.102322681562805,2.9249402621395397,KAND,kandi,11.123456,2.954658,4000.5897601099364,7079.457844,327.0,100.0,427.0,538.0,10,322.0052185058594,234.07112373737218,1.5033726480268645,312.0052185058594,-0.0028159601771416353,3.719518905576763,-0.0026340097514137963,3.7409051462295158,0.01225603308308054,0.4418664422776323,0,-1.0,3495.5052813786215,0,4,0,0,0,31.5,29.0,60.0,14.8,1011.4,kandi/KAND,185.52613185200588,82.2,83.6,0.1171035659001105
11.124723490770844,2.9227182692726053,KAND,kandi,11.123456,2.954658,3491.962776658322,7079.457844,327.0,100.0,427.0,538.0,10,303.6055908203125,272.3190721269674,2.0238011681277936,293.6055908203125,-0.00835512243866794,11.233643994138058,-0.008271648503151261,11.195907047159034,0.0047943115234375,0.22663242444913145,1,-1.0,-1.0,0,0,0,0,0,31.5,32.0,75.0,15.1,1011.5,kandi/KAND,320.7976815689198,84.4,82.1,0.08770901191076841
11.133119243550707,2.911743842004886,KAND,kandi,11.123456,2.954658,4808.2613076454445,7079.457844,327.0,100.0,427.0,538.0,10,302.1160888671875,282.9292108130695,1.4877961641676716,292.1160888671875,-0.006461550631631728,11.36059281244559,-0.006401514123987267,11.33453840601448,0.0017744276258680556,0.06800890214771263,0,-1.0,4557.730658349289,0,2,0,0,0,27.9,27.0,25.0,15.8,1009.5,kandi/KAND,389.6874709302928,86.9,83.5,0.6578632850405278
11.127581402684589,2.926720935123059,KAND,kandi,11.123456,2.954658,3085.8028078769444,7079.457844,327.0,100.0,427.0,538.0,10,298.2126159667969,278.5612531987633,2.3898784660693257,288.2126159667969,-0.011363353544068568,12.166512067842355,-0.010894261920262898,12.185847111015763,0.008842637803819444,0.34635814569266793,1,-1.0,-1.0,0,0,1,7,0,35.7,22.0,60.0,14.8,1008.1,kandi/KAND,268.144848356337,81.0,82.6,0.4186083007903795
11.12687634640744,2.928086730718512,KAND,kandi,11.123456,2.954658,2927.2304689321054,7079.457844,327.0,100.0,427.0,538.0,10,297.04742431640625,277.4764456611453,2.5419414278563455,287.04742431640625,-0.012313288239037353,11.884767869846659,-0.01203992716471354,11.979447750627022,0.001880645751953125,0.10705776129900826,1,-1.0,-1.0,0,0,0,0,0,35.3,21.0,79.0,20.2,1008.9,kandi/KAND,192.4369964429442,81.1,87.2,0.7743214161418432
11.137254796188827,2.9069736963764954,KAND,kandi,11.123456,2.954658,5428.023837350865,7079.457844,327.0,100.0,427.0,538.0,10,299.3578796386719,286.43673694822917,1.3470845780850282,289.3578796386719,-0.0062597421686254925,11.673034285426732,-0.006208926341572747,11.630357374125378,-0.0029157850477430553,0.10802700089353862,1,-1.0,-1.0,0,0,0,0,0,28.4,37.0,100.0,3.6,1009.9,kandi/KAND,212.6801711490994,78.5,81.9,0.6712314133085926
11.126346736684415,2.931312806678092,KAND,kandi,11.123456,2.954658,2570.2271991627304,7079.457844,327.0,100.0,427.0,538.0,10,299.938720703125,277.1947954165309,2.830159580881531,289.938720703125,-0.013044627660449592,11.063463943275655,-0.013112418991680187,11.213816494839334,-0.018971709584945203,0.5562927819828073,1,-1.0,-1.0,0,0,3,2,0,35.3,21.0,79.0,20.2,1008.9,kandi/KAND,193.7196474289899,79.8,83.3,0.33363775832823817
11.13558985462419,2.914408239465041,KAND,kandi,11.123456,2.954658,4597.164311021796,7079.457844,327.0,100.0,427.0,538.0,10,299.2793273925781,287.08305228799304,1.5914100672393623,289.2793273925781,-0.0073692751137209135,12.360743439109582,-0.007187139611635704,12.334909156325484,-0.001081369083816967,0.34492877974084774,1,-1.0,-1.0,0,0,0,0,0,30.7,25.0,24.0,16.6,1009.0,kandi/KAND,396.79356169185417,83.5,86.4,0.8983665473615358
11.138920157468542,2.926711818794731,KAND,kandi,11.123456,2.954658,3499.39065501752,7079.457844,327.0,100.0,427.0,538.0,10,292.2337341308594,299.4241476522287,2.205448055304926,282.2337341308594,-0.011707021164418628,14.026635090195416,-0.01168044488303134,14.078701568676914,-0.00719146728515625,0.3443219511466433,1,-1.0,-1.0,0,0,1,9,0,30.2,23.0,100.0,18.4,1012.1,kandi/KAND,262.6669063662963,85.4,83.4,0.7625321470706523
11.110022260504902,2.9321515414572934,KAND,kandi,11.123456,2.954658,2872.865946563114,7079.457844,327.0,100.0,427.0,538.0,10,322.4173889160156,238.69012024727317,2.084850970845694,312.4173889160156,-0.0037874963548448354,3.6109879659176856,-0.0038420957879963893,3.6661259641871355,-0.004308579052847319,0.2091737873694952,1,-1.0,-1.0,0,0,0,0,0,33.4,23.0,80.0,18.4,1011.3,kandi/KAND,173.06789013672005,88.6,86.1,0.2705349409101757
11.111457292771565,2.9335197644433895,KAND,kandi,11.123456,2.954658,2663.4759520370076,7079.457844,327.0,100.0,427.0,538.0,10,322.5906066894531,239.95324073433557,2.244869587615715,312.5906066894531,-0.004020513755998362,3.670001896337829,-0.003396354226876064,3.7042516715222504,0.01625249654604412,0.2944184306496225,1,-1.0,-1.0,0,0,0,0,0,31.0,43.0,40.0,3.6,1008.2,kandi/KAND,289.5291964551508,90.3,88.6,0.364192017772054
11.137649784027714,2.9338867747372475,KAND,kandi,11.123456,2.954658,2759.2711132034533,7079.457844,327.0,100.0,427.0,538.0,10,292.27008056640625,304.85685882813783,2.795422899944571,282.27008056640625,-0.014873554483974797,13.115329201282108,-0.01460060498393174,13.288432402474644,-0.0005828857421875002,0.04866611485184665,1,-1.0,-1.0,0,0,0,8,0,33.4,16.0,49.0,20.9,1010.0,kandi/KAND,384.65784393401856,76.8,83.2,0.3144399802042629
11.134156638053451,2.9178278751489612,KAND,kandi,11.123456,2.954658,4193.819715315567,7079.457844,327.0,100.0,427.0,538.0,10,299.9181213378906,286.4980214426403,1.7356558979376138,289.9181213378906,-0.007936816792882053,12.676267067173088,-0.007560528448922246,12.616911084925182,0.015601647992333106,0.3426195492732087,1,-1.0,-1.0,0,0,0,0,0,30.0,38.0,28.0,18.0,1008.6,kandi/KAND,348.5559072802526,87.5,82.8,0.15761164862499966
11.113899162224332,2.9360862564172403,KAND,kandi,11.123456,2.954658,2287.737682215414,7079.457844,327.0,100.0,427.0,538.0,10,322.50048828125,242.32774953118215,2.6153444222678552,312.50048828125,-0.004686099626285173,3.8199496922484992,-0.004886025690926315,3.842338263785583,-0.012006760737521707,0.42481068539769884,1,-1.0,-1.0,0,0,0,4,0,33.3,38.0,28.0,15.5,1007.0,kandi/KAND,389.4186282137673,89.9,90.3,0.14778337254219165
11.138000578448725,2.933092475941099,KAND,kandi,11.123456,2.954658,2852.755328291008,7079.457844,327.0,100.0,427.0,538.0,10,292.1543884277344,304.50540795519856,2.706274135351909,282.1543884277344,-0.01605386964691419,13.440192450687345,-0.014033167468723153,13.499682520832536,0.004350789388020833,0.16397189933973294,1,-1.0,-1.0,0,0,0,0,0,33.4,16.0,49.0,20.9,1010.0,kandi/KAND,384.65784393401856,83.2,76.8,0.936127463375744
11.133452225254704,2.919528809080524,KAND,kandi,11.123456,2.954658,3993.6391697997974,7079.457844,327.0,100.0,427.0,538.0,10,298.07781982421875,286.1760323733833,1.848973369407632,288.07781982421875,-0.008768049401430347,12.764006440222827,-0.008676395326908991,12.745307296127338,0.0028178255234703573,0.112129317843767,1,-1.0,-1.0,0,0,0,1,0,30.0,38.0,28.0,18.0,1008.6,kandi/KAND,367.47538693083294,87.5,86.0,0.43790403719875326
11.128178853464062,2.9276954931096166,KAND,kandi,11.123456,2.954658,2991.3814562286375,7079.457844,327.0,100.0,427.0,538.0,10,297.3612060546875,280.12435359661515,2.481499264222908,287.3612060546875,-0.011952169257858246,12.231552045451146,-0.011393985938069865,12.285613486106453,0.014667127302673236,0.26837116126035526,1,-1.0,-1.0,0,0,1,2,0,33.0,34.0,28.0,16.2,1007.9,kandi/KAND,174.81002316812828,82.6,87.2,0.38331982277740984
11.134412800869649,2.9290548265665493,KAND,kandi,11.123456,2.954658,3048.19544699994,7079.457844,327.0,100.0,427.0,538.0,10,294.8047180175781,293.5668270825659,2.4832687515462943,284.8047180175781,-0.012612134161047978,13.344581915017782,-0.012004500045314333,13.404919342976365,0.010428622601124244,0.1445582377522449,1,-1.0,-1.0,0,0,3,14,0,25.1,38.0,70.0,13.7,1012.7,kandi/KAND,265.70070718742903,85.1,84.2,0.7296857086773779
11.10958611013611,2.932090506493495,KAND,kandi,11.123456,2.954658,2903.7751271545503,7079.457844,327.0,100.0,427.0,538.0,10,323.0545959472656,237.94128525005564,2.050121237549087,313.0545959472656,-0.0035294785122691155,3.4959066793042854,-0.00339691624526881,3.5303280585884065,0.0020215691361640024,0.32475045745548414,1,-1.0,-1.0,0,0,0,0,0,33.4,23.0,80.0,18.4,1011.3,kandi/KAND,173.06789013672005,88.6,86.1,0.5529930652528999
11.122108072204592,2.924565641058261,KAND,kandi,11.123456,2.954658,3290.731436222161,7079.457844,327.0,100.0,427.0,538.0,10,301.5633239746094,267.38913500776454,2.182953672956614,291.5633239746094,-0.009624864982836176,10.647159645463006,-0.009069839100009401,10.681547788017863,0.014304389636975374,0.23142734930189102,1,-1.0,-1.0,0,0,0,0,0,31.0,31.0,80.0,11.2,1011.0,kandi/KAND,386.05135929607223,87.2,80.5,0.9361399868384622
11.13520916379361,2.917953939701218,KAND,kandi,11.123456,2.954658,4215.046284083567,7079.457844,327.0,100.0,427.0,538.0,10,299.8623046875,288.07772059931335,1.727678642374364,289.8623046875,-0.007850917109522354,12.931806374606113,-0.007689881936097757,12.867694094245046,0.010398101806640624,0.4672251917392616,1,-1.0,-1.0,0,0,1,0,0,30.0,38.0,28.0,18.0,1008.6,kandi/KAND,208.75379014506763,87.5,85.4,0.7803014939093922
11.140242911306622,2.9059836160876777,KAND,kandi,11.123456,2.954658,5632.041730208671,7079.457844,327.0,100.0,427.0,538.0,10,297.8123779296875,289.37102006782817,1.3140186280151749,287.8123779296875,-0.006270466687361802,12.20532041589919,-0.006411100688733552,12.16940671133548,-0.008267890082465278,0.33007469471723433,1,-1.0,-1.0,0,0,0,0,0,26.0,22.0,47.0,14.0,1010.5,kandi/KAND,242.2242803683185,83.3,83.6,0.47936956412454035
11.138730950200232,2.9057529078420443,KAND,kandi,11.123456,2.954658,5603.171956519043,7079.457844,327.0,100.0,427.0,538.0,10,296.8369140625,287.6623970578764,1.3307559441674721,286.8369140625,-0.006504182594557709,11.838167302186124,-0.006743683381377116,11.813273406367337,-0.019424671299327814,0.426272879474857,1,-1.0,-1.0,0,0,0,0,0,28.4,37.0,100.0,3.6,1009.9,kandi/KAND,130.8482388112753,83.6,78.5,0.3763594734808262
11.135629491603103,2.91788874415643,KAND,kandi,11.123456,2.954658,4236.367586416656,7079.457844,327.0,100.0,427.0,538.0,10,299.9050598144531,288.6491692622943,1.7184108708840224,289.9050598144531,-0.00784514521209287,13.021016510944992,-0.007739549472337558,12.988110405133057,0.0062520345052083336,0.23008363833322518,1,-1.0,-1.0,0,0,1,0,0,30.4,39.0,60.0,7.6,1009.9,kandi/KAND,193.28666844877344,82.8,85.4,0.986631544924322
11.110702898748817,2.9206678985002266,KAND,kandi,11.123456,2.954658,3972.161177690858,7079.457844,327.0,100.0,427.0,538.0,10,315.096923828125,249.07764125230852,1.6137005304413834,305.096923828125,-0.004568534984923246,7.493448592767465,-0.004239456741898148,7.450872174347919,0.010824839274088543,0.5354534249885816,1,-1.0,-1.0,0,0,0,0,0,36.4,21.0,100.0,14.8,1008.9,kandi/KAND,285.06577511311707,85.9,82.3,0.7177602360036435
11.138192979267393,2.932824112791005,KAND,kandi,11.123456,2.954658,2888.9663989827523,7079.457844,327.0,100.0,427.0,538.0,10,292.4888610839844,304.5261560816253,2.6657833799031097,282.4888610839844,-0.013706722369692411,13.515598826749978,-0.013484413008764304,13.55749275201241,0.016964619382970184,0.5949968278273402,1,-1.0,-1.0,0,0,0,1,0,34.2,16.0,100.0,18.4,1010.2,kandi/KAND,278.04558367284955,85.3,76.8,0.9511946600038411
11.111854880501214,2.932938902651598,KAND,kandi,11.123456,2.954658,2697.4769348686737,7079.457844,327.0,100.0,427.0,538.0,10,321.85443115234375,241.44000921457217,2.232215190936809,311.85443115234375,-0.00421070179358322,4.026103061201969,-0.0045363865437844115,4.063780399663372,-0.003347557025881673,0.40277882911024204,1,-1.0,-1.0,0,0,1,0,0,31.0,43.0,40.0,3.6,1008.2,kandi/KAND,169.22313139762375,88.7,90.3,0.11847857721704136
11.130327366941676,2.922663274196301,KAND,kandi,11.123456,2.954658,3576.8136472863343,7079.457844,327.0,100.0,427.0,538.0,10,299.6291809082031,282.3492866124515,2.0394487080551538,289.6291809082031,-0.009360054863823786,12.356502115775498,-0.009215716151652934,12.34021566726568,0.004518456253991429,0.14839534627616102,1,-1.0,-1.0,0,0,2,5,0,33.0,34.0,28.0,16.2,1007.9,kandi/KAND,371.69589343971694,82.4,86.6,0.8505336791907826
11.136062428968724,2.915211491441855,KAND,kandi,11.123456,2.954658,4529.130514392624,7079.457844,327.0,100.0,427.0,538.0,10,299.6427307128906,288.0446835196363,1.6107090814496623,289.6427307128906,-0.0074421434069568485,12.610710777181229,-0.007416932839724179,12.560083081540464,-0.007442109439648431,0.30890102231245664,1,-1.0,-1.0,0,0,0,0,0,30.4,39.0,60.0,7.6,1009.9,kandi/KAND,198.68689941707686,82.8,86.4,0.6370738839912076
11.1238239284609,2.9224146132411826,KAND,kandi,11.123456,2.954658,3522.5593887404634,7079.457844,327.0,100.0,427.0,538.0,10,303.6345520019531,270.669398958468,2.0057665660846897,293.6345520019531,-0.008316068481221047,11.0443050928844,-0.008169742160373264,11.01143107034898,0.005465698242187501,0.2529772683536049,1,-1.0,-1.0,0,0,0,0,0,31.5,32.0,75.0,15.1,1011.5,kandi/KAND,113.91424559135775,81.6,84.4,0.12192167833511258
