Rx_lat,Rx_lon,Tx_id,City,Tx_lat,Tx_lon,Distance,Tx_power,Tx_alt,Tx_antenna_height,Tx_height,Freq,Rx_antenna_height,Rx_height,Azimut_Tx_Rx,Tilt_Tx_Rx,Rx_alt,Slope_Tx_Rx,Roughness_Tx_Rx,Slope_Tx_Rx_50m,Roughness_Tx_Rx_50m,Slope_Local_Rx_50m,Roughness_Local_Rx_50m,LOS,First_building_m,First_tree_m,Fresnel_buildings,Fresnel_trees,Buildings_near_Rx,Trees_near_Rx,Environment,Temp,Rhum,Wdir,Wspd,Pres,stratum,pair_dist,y_a,y_b,lam
6.3776287209086595,2.351573614560943,ABCA,cotonou,6.4302,2.3471,5834.784856471765,21238.37353,17.0,150.0,167.0,570.0,10,14.230043888092041,175.16602202514957,1.4998109776896678,4.230043888092041,-0.0018777675015807871,3.517317617627007,-0.0018631280779636853,3.500364483114334,-5.5265426635742204e-05,0.013441895932408349,0,-1.0,5460.610276497623,0,1,0,3,1,30.0,52.0,20.0,13.0,1011.0,cotonou/ABCA,390.776757083828,74.3,70.7,0.2269093490508841
6.3838695279007975,2.354950369176272,ABCA,cotonou,6.4302,2.3471,5196.683538938223,21238.37353,17.0,150.0,167.0,570.0,10,12.7606840133667,170.44149678471626,1.700058925079226,2.760684013366699,-0.0023854582702519792,3.4968722608990137,-0.0023262760222390847,3.4873551766432955,0.0036086206112893766,0.14894068215413972,1,-1.0,-1.0,0,0,1,13,1,31.3,40.0,44.0,11.1,1009.1,cotonou/ABCA,340.0678431422958,81.1,79.4,0.6698139946825103
6.3788112252455695,2.3515937708848678,ABCA,cotonou,6.4302,2.3471,5704.689992287089,21238.37353,17.0,150.0,167.0,570.0,10,13.998159170150757,175.03317681479712,1.5363251434028256,3.998159170150757,-0.0019571757441415837,3.546997343413382,-0.001913660232240564,3.538367932912931,0.004202495319709335,0.13825491563765244,0,5441.7483693961,5464.612858343143,2,1,2,5,1,32.0,41.0,10.0,11.2,1010.0,cotonou/ABCA,390.776757083828,70.7,74.3,0.43715191887233074
6.380988894133403,2.3543896462258713,ABCA,cotonou,6.4302,2.3471,5501.589835743458,21238.37353,17.0,150.0,167.0,570.0,10,12.791569709777832,171.62549051387657,1.6055685083229587,2.791569709777832,-0.002233811741586347,3.421566915997742,-0.0022380466380226044,3.41236103768901,0.00066159510202293,0.021878499886377037,1,-1.0,-1.0,0,0,2,9,1,31.3,40.0,44.0,11.1,1009.1,cotonou/ABCA,382.1302966248984,79.4,73.3,0.8326781960578374
6.3839250397653,2.356082811212127,ABCA,cotonou,6.4302,2.3471,5213.055968771333,21238.37353,17.0,150.0,167.0,570.0,10,13.170172929763794,169.08093072162683,1.6902260441263408,3.170172929763794,-0.0023057387158327745,3.4692383006667313,-0.0023140046638217802,3.450914106703729,-0.0017673413285359044,0.02755122773537372,1,-1.0,-1.0,0,0,0,16,1,31.3,40.0,44.0,11.1,1009.1,cotonou/ABCA,340.0678431422958,79.4,81.1,0.7002651020022491
6.380070149361652,2.3545799573252424,ABCA,cotonou,6.4302,2.3471,5605.18391435707,21238.37353,17.0,150.0,167.0,570.0,10,12.838192224502563,171.56520719874254,1.5754335503931785,2.8381922245025635,-0.0022034969178678226,3.3941203351449776,-0.002170953086234064,3.3762846808345337,0.0012262900670369466,0.04671526901704233,1,-1.0,-1.0,0,0,0,11,1,31.3,40.0,44.0,11.1,1009.1,cotonou/ABCA,129.29475120989903,73.3,76.2,0.31236664138204107
6.379759554500911,2.3516099355880837,ABCA,cotonou,6.4302,2.3471,5600.381611661378,21238.37353,17.0,150.0,167.0,570.0,10,13.44693374633789,174.92217981027022,1.570560645947287,3.4469337463378906,-0.0020766307329811422,3.567461465393396,-0.0018996568497673793,3.548890158611472,0.013125723481575391,0.2235859853904524,0,5443.256676664866,5465.703095950082,2,1,0,16,1,30.0,52.0,20.0,13.0,1011.0,cotonou/ABCA,390.776757083828,74.3,70.7,0.8322598013952011
6.391987094772075,2.368271149626691,ABCA,cotonou,6.4302,2.3471,4831.532380379122,21238.37353,17.0,150.0,167.0,570.0,10,14.069230079650879,151.1631021960809,1.8129575588211877,4.069230079650879,-0.0023071047807139717,3.192282927075956,-0.002274760049301179,3.1836274018917723,0.0009977261225382486,0.036911739033635295,1,-1.0,-1.0,0,0,1,4,1,33.0,44.0,10.0,11.2,1008.0,cotonou/ABCA,307.08506585455837,66.0,65.5,0.8047643574968019
6.3797339757845135,2.3546760069187105,ABCA,cotonou,6.4302,2.3471,5643.524297859094,21238.37353,17.0,150.0,167.0,570.0,10,12.903472185134888,171.51454595568111,1.5640736146033063,2.9034721851348877,-0.002170953086234064,3.391866123577049,-0.0021707772690321824,3.3829644115742896,1.2816956622514045e-05,0.03820186543175349,1,-1.0,-1.0,0,0,0,13,1,32.0,41.0,10.0,11.2,1010.0,cotonou/ABCA,129.29475120989903,76.2,73.3,0.38747837903017446
6.377844914925834,2.351577299686236,ABCA,cotonou,6.4302,2.3471,5810.997640080295,21238.37353,17.0,150.0,167.0,570.0,10,14.23169231414795,175.14217869060258,1.50593136400022,4.231692314147949,-0.0018844744926086712,3.52584137753247,-0.001867811614964284,3.508838481499033,0.00024136437310112846,0.00966762653754779,0,5438.348492820636,5461.6390645243655,2,1,1,4,1,30.0,52.0,20.0,13.0,1011.0,cotonou/ABCA,390.776757083828,74.3,70.7,0.2883281039302441
6.380397774685278,2.3535719371413686,ABCA,cotonou,6.4302,2.3471,5553.877726486999,21238.37353,17.0,150.0,167.0,570.0,10,12.96747374534607,172.64109985124765,1.5886471292552933,2.9674737453460693,-0.00219449864493476,3.445872233288945,-0.0021595462758273363,3.4367507145280163,0.002713137202792698,0.10190685320361095,1,-1.0,-1.0,0,0,0,7,1,32.0,41.0,10.0,11.2,1010.0,cotonou/ABCA,317.5550729640992,70.7,73.3,0.6824955039749755
6.380895158444272,2.354404533658851,ABCA,cotonou,6.4302,2.3471,5512.085339135474,21238.37353,17.0,150.0,167.0,570.0,10,12.791569709777832,171.62435594396675,1.6025129579251407,2.791569709777832,-0.0022464104230185823,3.4215452186489466,-0.0022260602229812235,3.403211294454809,0.0004814598295423719,0.018590021783819057,1,-1.0,-1.0,0,0,1,6,1,31.3,40.0,44.0,11.1,1009.1,cotonou/ABCA,382.1302966248984,73.3,79.4,0.1397524836093098
6.3921020174415295,2.3666017466388314,ABCA,cotonou,6.4302,2.3471,4733.44069876287,21238.37353,17.0,150.0,167.0,570.0,10,13.641902208328247,153.03725499141672,1.8556690154297344,3.641902208328247,-0.0024346378237663936,3.243356142090035,-0.002397033870220184,3.2306326710936952,0.0016367250018649632,0.06021230944966356,1,-1.0,-1.0,0,0,1,8,1,33.0,44.0,10.0,11.2,1008.0,cotonou/ABCA,307.08506585455837,66.0,65.5,0.19990820247510832
6.383968895659537,2.356977471454562,ABCA,cotonou,6.4302,2.3471,5228.082640352962,21238.37353,17.0,150.0,167.0,570.0,10,12.458997011184692,168.01242913888586,1.693157934745823,2.4589970111846924,-0.0024292912710280647,3.4330891943581983,-0.002411851648128394,3.423510066278138,0.00014722347259521482,0.008381644010352001,1,-1.0,-1.0,0,0,0,14,1,31.3,40.0,44.0,11.1,1009.1,cotonou/ABCA,340.0678431422958,81.1,79.4,0.007362269751005512
6.391990484368274,2.3682219112819056,ABCA,cotonou,6.4302,2.3471,4828.566150472845,21238.37353,17.0,150.0,167.0,570.0,10,14.021753787994385,151.21729043227492,1.8146333194840456,4.021753787994385,-0.002316455564791337,3.189708590518854,-0.002274760049301179,3.1809908004937126,0.0009977261225382486,0.04009658207956761,1,-1.0,-1.0,0,0,0,4,1,33.0,44.0,10.0,11.2,1008.0,cotonou/ABCA,307.08506585455837,66.0,65.5,0.7869243775021384
6.383870272371511,2.3549655563788288,ABCA,cotonou,6.4302,2.3471,5196.883423331831,21238.37353,17.0,150.0,167.0,570.0,10,12.7606840133667,170.4231961465764,1.6999935751731048,2.760684013366699,-0.0023854582702519792,3.4973530969098436,-0.0023262512871637503,3.487837610853072,0.0036100634906838743,0.14894068215413972,1,-1.0,-1.0,0,0,0,14,1,31.3,40.0,44.0,11.1,1009.1,cotonou/ABCA,340.0678431422958,81.1,79.4,0.6648508565920321
6.380399361576504,2.3536367729828713,ABCA,cotonou,6.4302,2.3471,5554.632965276908,21238.37353,17.0,150.0,167.0,570.0,10,12.962517023086548,172.56796424660183,1.5884823276945692,2.962517023086548,-0.002195386946414961,3.4454032506306205,-0.0021595462758273363,3.43628864425301,0.0026482052273220486,0.1002520574719863,1,-1.0,-1.0,0,0,0,7,1,32.0,41.0,10.0,11.2,1010.0,cotonou/ABCA,317.5550729640992,70.7,73.3,0.7051653786263351
6.392098338515894,2.3666551878743793,ABCA,cotonou,6.4302,2.3471,4736.5002036063515,21238.37353,17.0,150.0,167.0,570.0,10,13.664859056472778,152.97607715723586,1.8541937877851284,3.6648590564727783,-0.00243172808887867,3.2410536774666503,-0.002397033870220184,3.2282235896815243,0.0016367250018649632,0.06021230944966356,1,-1.0,-1.0,0,0,1,6,1,33.0,44.0,10.0,11.2,1008.0,cotonou/ABCA,307.08506585455837,65.5,66.0,0.7807290310219679
6.379906014331397,2.354626853048172,ABCA,cotonou,6.4302,2.3471,5623.902854221083,21238.37353,17.0,150.0,167.0,570.0,10,12.838192224502563,171.54038584863747,1.570192411159859,2.8381922245025635,-0.0021940751701382036,3.386210449037136,-0.00214661581474438,3.368588452741961,0.0015329996744791667,0.07363733559197666,1,-1.0,-1.0,0,0,0,12,1,31.3,40.0,44.0,11.1,1009.1,cotonou/ABCA,129.29475120989903,73.3,76.2,0.45891577553833995
6.38188627993376,2.3542471202458146,ABCA,cotonou,6.4302,2.3471,5401.110443055614,21238.37353,17.0,150.0,167.0,570.0,10,12.704104900360107,171.6365752555572,1.636348663478165,2.7041049003601074,-0.0023163136636649958,3.4599687638732743,-0.002284017880435703,3.4410112762017766,0.0006879973077055279,0.01877098379394591,1,-1.0,-1.0,0,0,2,12,1,31.3,40.0,44.0,11.1,1009.1,cotonou/ABCA,382.1302966248984,79.4,73.3,0.5687411959528937
6.380359785789869,2.3520198194146453,ABCA,cotonou,6.4302,2.3471,5538.542428396458,21238.37353,17.0,150.0,167.0,570.0,10,13.068317174911499,174.39718348123074,1.5920011525952054,3.068317174911499,-0.00218083540259201,3.5469973480443997,-0.0021251290027258017,3.5280828762388525,0.004380812247594197,0.1959126598121657,1,-1.0,-1.0,0,0,0,10,1,32.0,41.0,10.0,11.2,1010.0,cotonou/ABCA,317.5550729640992,70.7,73.3,0.13979699812765745
6.376404974435298,2.3499484447338355,ABCA,cotonou,6.4302,2.3471,5957.429159656219,21238.37353,17.0,150.0,167.0,570.0,10,14.2510666847229,176.9877359093855,1.4687463098880953,4.2510666847229,-0.0018361322444487656,3.558901434409705,-0.0018277615061644493,3.541408523253829,-0.0006656209627787272,0.031915075970302194,1,-1.0,-1.0,0,0,0,9,1,28.4,51.0,15.0,14.8,1011.3,cotonou/ABCA,208.9278317199207,70.6,74.3,0.11453007353597344
6.39207699656274,2.366965207825458,ABCA,cotonou,6.4302,2.3471,4754.355690007487,21238.37353,17.0,150.0,167.0,570.0,10,13.756994485855103,152.62272130010308,1.8461258090424457,3.7569944858551025,-0.0023951082570732992,3.24720652657955,-0.0023516566116617327,3.2356141770582605,0.0019565502802530925,0.08732921800700913,1,-1.0,-1.0,0,0,1,4,1,33.0,44.0,10.0,11.2,1008.0,cotonou/ABCA,307.08506585455837,65.5,66.0,0.6684029617904717
6.38038702326557,2.3531326648504307,ABCA,cotonou,6.4302,2.3471,5549.002520966487,21238.37353,17.0,150.0,167.0,570.0,10,12.98811149597168,173.1371049457839,1.5898292266468725,2.9881114959716797,-0.0021998972992413376,3.480185646294965,-0.0021431231456219405,3.4616810682488133,0.003846473164028591,0.14619090035316432,1,-1.0,-1.0,0,0,0,2,1,31.3,40.0,44.0,11.1,1009.1,cotonou/ABCA,317.5550729640992,73.3,70.7,0.4710962061431325
6.383885214584028,2.355270377514168,ABCA,cotonou,6.4302,2.3471,5201.008708556965,21238.37353,17.0,150.0,167.0,570.0,10,13.133420467376709,170.05618293811813,1.6945434105422723,3.133420467376709,-0.0023140528192922075,3.4626518407439564,-0.0023057126882430968,3.453233505692218,0.0021245857251192147,0.08999575813009238,1,-1.0,-1.0,0,0,0,15,1,31.3,40.0,44.0,11.1,1009.1,cotonou/ABCA,340.0678431422958,81.1,79.4,0.5652361064811888
6.3776572040218955,2.351574100068555,ABCA,cotonou,6.4302,2.3471,5831.650881729567,21238.37353,17.0,150.0,167.0,570.0,10,14.230043888092041,175.16289184165907,1.5006166193855084,4.230043888092041,-0.0018779805716756036,3.5175111778775383,-0.0018726866256537473,3.5090045430963372,-7.713632527714001e-05,0.013155233194688533,0,5457.677278091599,-1.0,1,0,0,5,1,32.0,41.0,10.0,11.2,1010.0,cotonou/ABCA,390.776757083828,70.7,74.3,0.7649988574160256
6.383915207748,2.355882238059202,ABCA,cotonou,6.4302,2.3471,5209.9398492662285,21238.37353,17.0,150.0,167.0,570.0,10,13.26603078842163,169.32128403406887,1.690183129749123,3.266030788421631,-0.002274696059870828,3.487593961376678,-0.002324528406503804,3.4692386475743997,-0.0011201163723988576,0.06928763597733793,1,-1.0,-1.0,0,0,0,12,1,31.3,40.0,44.0,11.1,1009.1,cotonou/ABCA,340.0678431422958,79.4,81.1,0.6347183200005908
6.379799991071263,2.354657145408211,ABCA,cotonou,6.4302,2.3471,5635.994945592218,21238.37353,17.0,150.0,167.0,570.0,10,12.903472185134888,171.52444007375914,1.5661620834513437,2.9034721851348877,-0.002179667128237476,3.4009693294119536,-0.002177857474276894,3.383135309920098,-0.0004355960422092015,0.04269731536073113,1,-1.0,-1.0,0,0,0,12,1,31.3,40.0,44.0,11.1,1009.1,cotonou/ABCA,129.29475120989903,73.3,76.2,0.5535794006579958
6.380389144501252,2.353219332479732,ABCA,cotonou,6.4302,2.3471,5549.931014159093,21238.37353,17.0,150.0,167.0,570.0,10,12.98811149597168,173.0391767464938,1.5895633876258801,2.9881114959716797,-0.0022008487208723146,3.461201688477035,-0.0021431231456219405,3.442815383258835,0.003846473164028591,0.14619090035316432,1,-1.0,-1.0,0,0,0,4,1,32.0,41.0,10.0,11.2,1010.0,cotonou/ABCA,317.5550729640992,70.7,73.3,0.5592071607454135
6.382786569666587,2.354104133052954,ABCA,cotonou,6.4302,2.3471,5300.306113797164,21238.37353,17.0,150.0,167.0,570.0,10,12.462743520736694,171.64811757706718,1.6700591761876789,2.4627435207366943,-0.002388819428179739,3.48907282462543,-0.0023094072631576813,3.4696392107421254,0.005045426229878601,0.12899318582889172,1,-1.0,-1.0,0,0,0,11,1,31.3,40.0,44.0,11.1,1009.1,cotonou/ABCA,382.1302966248984,79.4,73.3,0.3039500980626122
6.383715219362469,2.353956641630667,ABCA,cotonou,6.4302,2.3471,5196.32659205947,21238.37353,17.0,150.0,167.0,570.0,10,12.196823358535767,171.66049204838464,1.7063873894446333,2.1968233585357666,-0.0024934775527866407,3.5184348055723973,-0.002462491398765927,3.5085012474890216,0.0016925017038981118,0.06422777291371239,1,-1.0,-1.0,0,0,1,6,1,31.3,40.0,44.0,11.1,1009.1,cotonou/ABCA,382.1302966248984,79.4,73.3,0.030817834567939406
6.37978912347594,2.3546602504354457,ABCA,cotonou,6.4302,2.3471,5637.234433960443,21238.37353,17.0,150.0,167.0,570.0,10,12.903472185134888,171.522809463719,1.565817894612953,2.9034721851348877,-0.002180371675412554,3.400822491631216,-0.002177857474276894,3.3829898483338625,-0.0004355960422092015,0.04269731536073113,1,-1.0,-1.0,0,0,0,12,1,32.0,41.0,10.0,11.2,1010.0,cotonou/ABCA,129.29475120989903,76.2,73.3,0.43671738923236236
6.377585338048325,2.351572875080369,ABCA,cotonou,6.4302,2.3471,5839.558272619551,21238.37353,17.0,150.0,167.0,570.0,10,14.230043888092041,175.17078317648225,1.4985855500719285,4.230043888092041,-0.0018775887557053973,3.5180012888357886,-0.0018631280779636853,3.501042059638089,-5.5265426635742204e-05,0.013441895932408349,1,-1.0,-1.0,0,0,0,3,1,30.0,52.0,20.0,13.0,1011.0,cotonou/ABCA,390.776757083828,74.3,70.7,0.2145846728195292
6.380378597005061,2.3527883919210524,ABCA,cotonou,6.4302,2.3471,5545.4765150791645,21238.37353,17.0,150.0,167.0,570.0,10,12.997619390487671,173.52641877426151,1.5907414160898306,2.997619390487671,-0.0021929475602545045,3.4849328428295543,-0.0021364743696814558,3.4663847622538255,0.004370080100165473,0.16612785599126398,1,-1.0,-1.0,0,0,0,1,1,32.0,41.0,10.0,11.2,1010.0,cotonou/ABCA,317.5550729640992,70.7,73.3,0.40852864372463615
6.380360261784872,2.3520392672104533,ABCA,cotonou,6.4302,2.3471,5538.70188820394,21238.37353,17.0,150.0,167.0,570.0,10,13.068317174911499,174.37512419200175,1.5919553423011008,3.068317174911499,-0.002180992216772563,3.546643843784881,-0.0021251290027258017,3.5277318089232303,0.004380812247594197,0.1959126598121657,1,-1.0,-1.0,0,0,0,11,1,31.3,40.0,44.0,11.1,1009.1,cotonou/ABCA,317.5550729640992,73.3,70.7,0.8534030732681661
6.377653466990246,2.351574036369152,ABCA,cotonou,6.4302,2.3471,5832.062063403216,21238.37353,17.0,150.0,167.0,570.0,10,14.230043888092041,175.16330271867287,1.50051086880403,4.230043888092041,-0.0018779450851086207,3.517317617627007,-0.0018631280779636853,3.500364483114334,-5.5265426635742204e-05,0.013441895932408349,0,5458.062091401406,-1.0,1,0,0,5,1,30.0,52.0,20.0,13.0,1011.0,cotonou/ABCA,390.776757083828,74.3,70.7,0.23393948586534075
6.380354700929308,2.3544986568773405,ABCA,cotonou,6.4302,2.3471,5572.73450032413,21238.37353,17.0,150.0,167.0,570.0,10,12.793106079101562,171.60863349372062,1.5850656576852766,2.7931060791015625,-0.0022256102536736344,3.403163357043711,-0.002194075170138203,3.3851429995116327,0.0005203564961751302,0.022987846822466025,1,-1.0,-1.0,0,0,0,2,1,31.3,40.0,44.0,11.1,1009.1,cotonou/ABCA,129.29475120989903,73.3,76.2,0.05830274168906602
6.380104850040936,2.354570042845447,ABCA,cotonou,6.4302,2.3471,5601.226578459391,21238.37353,17.0,150.0,167.0,570.0,10,12.838192224502563,171.57047605016896,1.5765460521577694,2.8381922245025635,-0.0022013805976513314,3.393594252851492,-0.002170953086234064,3.375760838478042,0.0012262900670369466,0.04671526901704233,1,-1.0,-1.0,0,0,0,9,1,31.3,40.0,44.0,11.1,1009.1,cotonou/ABCA,129.29475120989903,73.3,76.2,0.28138389202199654
6.379608273445655,2.353866371850302,ABCA,cotonou,6.4302,2.3471,5644.697034475937,21238.37353,17.0,150.0,167.0,570.0,10,13.24838137626648,172.4288203857684,1.5602504700356268,3.2483813762664795,-0.0020967652861827242,3.4084762478753685,-0.0020752224240097794,3.399722889892068,0.003180964339284623,0.09027600922445544,1,-1.0,-1.0,0,0,0,16,1,32.0,41.0,10.0,11.2,1010.0,cotonou/ABCA,371.72406814317804,76.2,70.7,0.2935937577666836
6.378020053868162,2.3515802850091165,ABCA,cotonou,6.4302,2.3471,5791.7283504043835,21238.37353,17.0,150.0,167.0,570.0,10,14.20832109451294,175.12271957851522,1.511170376919777,4.2083210945129395,-0.0019005516751073766,3.5339525934923373,-0.0018775360309779409,3.516835203027131,0.0006293620625650337,0.02385425541742195,0,5443.528249177667,-1.0,2,0,1,6,1,32.0,41.0,10.0,11.2,1010.0,cotonou/ABCA,390.776757083828,70.7,74.3,0.6619165147268951
6.392055836108945,2.367272591259538,ABCA,cotonou,6.4302,2.3471,4772.237874694671,21238.37353,17.0,150.0,167.0,570.0,10,13.831446170806885,152.27497095273372,1.8383199487980602,3.8314461708068848,-0.0023711104194323223,3.202314014071361,-0.002332886726284428,3.19705249994884,0.0023437963689270985,0.06564150727472252,1,-1.0,-1.0,0,0,0,3,1,33.0,44.0,10.0,11.2,1008.0,cotonou/ABCA,307.08506585455837,65.5,66.0,0.5570321523412783
6.383852415268634,2.3546012714801345,ABCA,cotonou,6.4302,2.3471,5192.237054222018,21238.37353,17.0,150.0,167.0,570.0,10,12.538762331008911,170.86253416280442,1.7039606717352112,2.538762331008911,-0.0024279720025044294,3.499392158533964,-0.002382277062974176,3.489458323853128,0.0030669381213468804,0.09225723487915323,1,-1.0,-1.0,0,0,2,13,1,31.3,40.0,44.0,11.1,1009.1,cotonou/ABCA,340.0678431422958,81.1,79.4,0.7838982091064135
6.392013780427337,2.3678835053713034,ABCA,cotonou,6.4302,2.3471,4808.2980435216505,21238.37353,17.0,150.0,167.0,570.0,10,13.971653699874878,151.59150246820877,1.8228736690585299,3.971653699874878,-0.002327354551595684,3.1884484613750996,-0.0022962860079121213,3.183987294305299,0.0011230974242129835,0.03884086617011129,1,-1.0,-1.0,0,0,1,2,1,33.0,44.0,10.0,11.2,1008.0,cotonou/ABCA,307.08506585455837,66.0,65.5,0.6643135403273875
6.376545065693492,2.350479624087821,ABCA,cotonou,6.4302,2.3471,5945.364562142775,21238.37353,17.0,150.0,167.0,570.0,10,14.20145559310913,176.4180453552691,1.472203234688391,4.201455593109131,-0.001882872664031789,3.545244624210358,-0.0018395478524402744,3.536573444215138,-0.0008445620380240527,0.026874893594740167,1,-1.0,-1.0,0,0,2,5,1,28.4,51.0,15.0,14.8,1011.3,cotonou/ABCA,208.9278317199207,70.6,74.3,0.4063868614400705
6.379695351754024,2.3516088412230802,ABCA,cotonou,6.4302,2.3471,5607.4426996753655,21238.37353,17.0,150.0,167.0,570.0,10,13.44693374633789,174.92982473917277,1.5685839297029347,3.4469337463378906,-0.002091520991623287,3.566167553579144,-0.001964247513675867,3.547600324452926,0.009056511655340662,0.2235859853904524,0,5438.882297881517,-1.0,3,0,1,14,1,30.0,52.0,20.0,13.0,1011.0,cotonou/ABCA,390.776757083828,74.3,70.7,0.8140203846660347
6.380987707927686,2.35438983462325,ABCA,cotonou,6.4302,2.3471,5501.72265414957,21238.37353,17.0,150.0,167.0,570.0,10,12.791569709777832,171.62547612912556,1.6055297681958893,2.791569709777832,-0.0022341384602456967,3.421566915997742,-0.002238068991971615,3.41236103768901,0.0006602166085006167,0.021878499886377037,1,-1.0,-1.0,0,0,2,9,1,31.3,40.0,44.0,11.1,1009.1,cotonou/ABCA,382.1302966248984,73.3,79.4,0.1669729199077039
6.383742778951345,2.3539522645194926,ABCA,cotonou,6.4302,2.3471,5193.240789819784,21238.37353,17.0,150.0,167.0,570.0,10,12.196823358535767,171.66086684726417,1.7074007178090131,2.1968233585357666,-0.0024934775527866407,3.5184348055723973,-0.002462491398765927,3.5085012474890216,0.0016925017038981118,0.06422777291371239,1,-1.0,-1.0,0,0,1,6,1,31.3,40.0,44.0,11.1,1009.1,cotonou/ABCA,382.1302966248984,79.4,73.3,0.022712073133860478
6.380413696649746,2.3542224631181816,ABCA,cotonou,6.4302,2.3471,5561.870181752511,21238.37353,17.0,150.0,167.0,570.0,10,12.879146099090576,171.90821871012736,1.5872746092888335,2.879146099090576,-0.0021974519136611858,3.405873127613982,-0.0021865372098773266,3.396830691401547,0.0017192525210266596,0.05628188448179807,1,-1.0,-1.0,0,0,0,3,1,31.3,40.0,44.0,11.1,1009.1,cotonou/ABCA,317.5550729640992,73.3,70.7,0.09004786077564175
6.3778072950859,2.3515766584389644,ABCA,cotonou,6.4302,2.3471,5815.136771190315,21238.37353,17.0,150.0,167.0,570.0,10,14.23169231414795,175.1463416800425,1.5048599566783225,4.231692314147949,-0.0018856034345771536,3.5261493300974016,-0.0018787990364589528,3.5091101085213525,-0.00047648049788389323,0.013155233194688533,0,5442.222188669092,-1.0,2,0,0,4,1,32.0,41.0,10.0,11.2,1010.0,cotonou/ABCA,390.776757083828,70.7,74.3,0.7223593505964503
6.383900718415462,2.355586655675431,ABCA,cotonou,6.4302,2.3471,5205.517076339065,21238.37353,17.0,150.0,167.0,570.0,10,13.238672256469727,169.6759952688301,1.691919194920803,3.2386722564697266,-0.0022938896413050394,3.470002466304984,-0.002280884032899683,3.451446698762938,0.0010108828544616699,0.0652370552661777,1,-1.0,-1.0,0,0,0,11,1,31.3,40.0,44.0,11.1,1009.1,cotonou/ABCA,340.0678431422958,81.1,79.4,0.4618772302513874
6.383945809233145,2.356506508356157,ABCA,cotonou,6.4302,2.3471,5219.943273500535,21238.37353,17.0,150.0,167.0,570.0,10,12.953291177749634,168.57415195707586,1.6903757102761228,2.953291177749634,-0.0023483037686134536,3.483878547261636,-0.002318197850025061,3.465186864936225,0.00044696066114637586,0.016626053313230776,1,-1.0,-1.0,0,0,0,16,1,31.3,40.0,44.0,11.1,1009.1,cotonou/ABCA,340.0678431422958,81.1,79.4,0.1612717790336018
6.379861170148116,2.354639665671967,ABCA,cotonou,6.4302,2.3471,5629.017338029589,21238.37353,17.0,150.0,167.0,570.0,10,12.903472185134888,171.53363297923534,1.5681024952343032,2.9034721851348877,-0.002173798445544648,3.400646622234358,-0.0021778574742768943,3.382814194904451,4.902084668477371e-05,0.041690103066554365,1,-1.0,-1.0,0,0,0,13,1,32.0,41.0,10.0,11.2,1010.0,cotonou/ABCA,129.29475120989903,76.2,73.3,0.5010447751033635
6.376423109809303,2.350017208026938,ABCA,cotonou,6.4302,2.3471,5955.833784939199,21238.37353,17.0,150.0,167.0,570.0,10,14.226481437683105,176.9141184950181,1.469375924291941,4.2264814376831055,-0.001840250376281227,3.5565424650300432,-0.0018590631839774873,3.5390790918511876,-0.0020338638172971257,0.024177564004119502,1,-1.0,-1.0,0,0,0,9,1,28.4,51.0,15.0,14.8,1011.3,cotonou/ABCA,208.9278317199207,70.6,74.3,0.15231210271316842
6.381452510724736,2.354316013002542,ABCA,cotonou,6.4302,2.3471,5449.679122743998,21238.37353,17.0,150.0,167.0,570.0,10,12.732073783874512,171.6311662614346,1.6214791869000973,2.7320737838745117,-0.0022836084765930817,3.4402270815370564,-0.0022581064182779064,3.421586179811818,0.00036603212356567383,0.017738715010490503,1,-1.0,-1.0,0,0,4,11,1,31.3,40.0,44.0,11.1,1009.1,cotonou/ABCA,382.1302966248984,79.4,73.3,0.696320375077736
6.382303068663048,2.3541809243888103,ABCA,cotonou,6.4302,2.3471,5354.443096539648,21238.37353,17.0,150.0,167.0,570.0,10,12.680118799209595,171.64186481626882,1.650859070804318,2.6801187992095947,-0.002320557339900291,3.469741149925791,-0.002303622704184516,3.4506240254048874,0.002011344830195109,0.09088611866329283,1,-1.0,-1.0,0,0,1,10,1,31.3,40.0,44.0,11.1,1009.1,cotonou/ABCA,382.1302966248984,79.4,73.3,0.4461562755740307
6.376647109811474,2.3508665413685046,ABCA,cotonou,6.4302,2.3471,5936.952741066119,21238.37353,17.0,150.0,167.0,570.0,10,14.191477298736572,176.00164236891715,1.4743844520281353,4.191477298736572,-0.001856271573623877,3.547188142845252,-0.001850826540744943,3.529900954067489,-0.0012020984726907643,0.029332132687776204,1,-1.0,-1.0,0,0,2,3,1,30.0,52.0,20.0,13.0,1011.0,cotonou/ABCA,208.9278317199207,74.3,70.6,0.3810212260964825
6.3803711058462405,2.352482324574963,ABCA,cotonou,6.4302,2.3471,5542.559822908545,21238.37353,17.0,150.0,167.0,570.0,10,13.058180093765259,173.87292369316867,1.590952531590065,3.058180093765259,-0.0021797792338467646,3.513949441053422,-0.0021275219432810412,3.4952356088253134,0.003840239842732747,0.1481103903137874,1,-1.0,-1.0,0,0,0,5,1,32.0,41.0,10.0,11.2,1010.0,cotonou/ABCA,317.5550729640992,70.7,73.3,0.3015120891478765
6.3920697536926925,2.367070420042992,ABCA,cotonou,6.4302,2.3471,4760.456552426941,21238.37353,17.0,150.0,167.0,570.0,10,13.756994485855103,152.50340084903746,1.8437615020427287,3.7569944858551025,-0.0023987789630396158,3.246027515988815,-0.002351656611661733,3.234411441426285,0.0013364791870117186,0.0549955068577783,1,-1.0,-1.0,0,0,1,3,1,33.0,44.0,10.0,11.2,1008.0,cotonou/ABCA,307.08506585455837,65.5,66.0,0.6302825931188885
6.392071255603995,2.367048602805127,ABCA,cotonou,6.4302,2.3471,4759.18974474716,21238.37353,17.0,150.0,167.0,570.0,10,13.756994485855103,152.5281187026494,1.8442519381439246,3.7569944858551025,-0.002398226230361042,3.2462710298438493,-0.002351656611661733,3.234659421129497,0.0019565502802530925,0.08732921800700913,1,-1.0,-1.0,0,0,1,3,1,33.0,44.0,10.0,11.2,1008.0,cotonou/ABCA,307.08506585455837,66.0,65.5,0.3618126105533904
6.380041472284007,2.351614741004841,ABCA,cotonou,6.4302,2.3471,5569.377190465601,21238.37353,17.0,150.0,167.0,570.0,10,13.260406732559204,174.888381041863,1.5812169208402609,3.260406732559204,-0.0021184647449021487,3.5760361792802224,-0.0019389421959520386,3.5571605808955,0.011564885841742433,0.27980611352030815,0,5435.44427205761,-1.0,3,0,0,16,1,32.0,41.0,10.0,11.2,1010.0,cotonou/ABCA,390.776757083828,70.7,74.3,0.087649919316101
6.380411739586852,2.3541425031199354,ABCA,cotonou,6.4302,2.3471,5560.838166074895,21238.37353,17.0,150.0,167.0,570.0,10,12.879146099090576,171.99818808686473,1.5875690350585634,2.879146099090576,-0.0022020639499625385,3.418724863581927,-0.0021861106619251456,3.4096420627548216,0.0017223246575272036,0.05439221858351232,1,-1.0,-1.0,0,0,0,2,1,31.3,40.0,44.0,11.1,1009.1,cotonou/ABCA,317.5550729640992,73.3,70.7,0.11800590212051532
6.391957239443736,2.3687048375541564,ABCA,cotonou,6.4302,2.3471,4857.84557366242,21238.37353,17.0,150.0,167.0,570.0,10,14.104713439941406,150.6886624453536,1.8027258298236413,4.104713439941406,-0.0022844933564209976,3.1931493779830604,-0.002250532406132395,3.185043389515403,0.0008101198408338758,0.030154014292326423,1,-1.0,-1.0,0,0,0,3,1,33.0,44.0,10.0,11.2,1008.0,cotonou/ABCA,307.08506585455837,66.0,65.5,0.9618976645495145
6.376786118731539,2.351393616857088,ABCA,cotonou,6.4302,2.3471,5926.0066476838865,21238.37353,17.0,150.0,167.0,570.0,10,14.146467685699463,175.4325338324204,1.477541511150745,4.146467685699463,-0.0018697405999148918,3.5177672768122066,-0.0018499816258748369,3.5007610822604622,-0.0009499589602152507,0.04354947336744122,1,-1.0,-1.0,0,0,2,5,1,28.4,51.0,15.0,14.8,1011.3,cotonou/ABCA,208.9278317199207,70.6,74.3,0.908580690707607
6.382799004254957,2.354102158147742,ABCA,cotonou,6.4302,2.3471,5298.913829854595,21238.37353,17.0,150.0,167.0,570.0,10,12.462743520736694,171.64828006725054,1.6704977338526164,2.4627435207366943,-0.0023862036757748306,3.48907282462543,-0.002302739798811016,3.4696392107421254,0.004686392699216336,0.15199221548344752,1,-1.0,-1.0,0,0,0,10,1,31.3,40.0,44.0,11.1,1009.1,cotonou/ABCA,382.1302966248984,73.3,79.4,0.6997071338107496
6.383859880494219,2.3547535620820663,ABCA,cotonou,6.4302,2.3471,5194.141864281266,21238.37353,17.0,150.0,167.0,570.0,10,12.7606840133667,170.67877365485265,1.700890334623267,2.760684013366699,-0.0023854582702519792,3.4813884505631814,-0.0023483831119745255,3.4716345770695183,0.002319040376722009,0.07268659243774966,1,-1.0,-1.0,0,0,2,10,1,31.3,40.0,44.0,11.1,1009.1,cotonou/ABCA,340.0678431422958,79.4,81.1,0.2658699614595196
6.376815204661127,2.351503901006773,ABCA,cotonou,6.4302,2.3471,5923.79141104588,21238.37353,17.0,150.0,167.0,570.0,10,14.146467685699463,175.3131906733595,1.478093801419644,4.146467685699463,-0.0018721093766355288,3.4954429004250733,-0.0018499816258748369,3.4786053732121975,-0.0007400234540303548,0.03584812513750514,1,-1.0,-1.0,0,0,2,4,1,28.4,51.0,15.0,14.8,1011.3,cotonou/ABCA,208.9278317199207,70.6,74.3,0.9691763773477239
6.380365487436722,2.352252772414658,ABCA,cotonou,6.4302,2.3471,5540.507162650985,21238.37353,17.0,150.0,167.0,570.0,10,13.046741008758545,174.1330327120944,1.5916598515693978,3.046741008758545,-0.0021794621027510534,3.5245292304107756,-0.0021216752057406987,3.50575338424475,0.004204686482747396,0.16553434728152905,1,-1.0,-1.0,0,0,0,8,1,31.3,40.0,44.0,11.1,1009.1,cotonou/ABCA,317.5550729640992,73.3,70.7,0.7787509039657946
6.376694107290796,2.3510447401442693,ABCA,cotonou,6.4302,2.3471,5933.185662383811,21238.37353,17.0,150.0,167.0,570.0,10,14.191477298736572,175.80946952107092,1.4753201497559025,4.191477298736572,-0.001857153560462637,3.5409953307350257,-0.0018541005361451385,3.52380982033722,-0.0014203648327038038,0.029332132687776204,1,-1.0,-1.0,0,0,2,3,1,28.4,51.0,15.0,14.8,1011.3,cotonou/ABCA,208.9278317199207,70.6,74.3,0.7168901891589956
6.378411752487546,2.3515869616901286,ABCA,cotonou,6.4302,2.3471,5748.635018461951,21238.37353,17.0,150.0,167.0,570.0,10,14.172547817230225,175.0787270621289,1.5228495043183412,4.172547817230225,-0.001909088467554781,3.541527630157367,-0.0018907998435685727,3.5242519828196412,0.0017513493696848551,0.07876409239982743,0,5437.58663068946,5460.627252005942,2,1,1,4,1,30.0,52.0,20.0,13.0,1011.0,cotonou/ABCA,390.776757083828,74.3,70.7,0.44936150214378867
6.382894378689726,2.3540870104433966,ABCA,cotonou,6.4302,2.3471,5288.2348855900345,21238.37353,17.0,150.0,167.0,570.0,10,12.462743520736694,171.64952922292946,1.6738691827738923,2.4627435207366943,-0.002328646707936764,3.48907282462543,-0.0023524889660540803,3.4793171678135844,0.004064319608803637,0.12916555380965283,1,-1.0,-1.0,0,0,0,8,1,31.3,40.0,44.0,11.1,1009.1,cotonou/ABCA,382.1302966248984,79.4,73.3,0.272241561845159
6.383955541355677,2.3567050436558103,ABCA,cotonou,6.4302,2.3471,5223.312467217257,21238.37353,17.0,150.0,167.0,570.0,10,12.758829593658447,168.33714721309002,1.6914172391971134,2.7588295936584473,-0.002372180302937825,3.4667827308720303,-0.0023598976659052295,3.4572679942685856,0.0002860864003499349,0.012332641863531012,1,-1.0,-1.0,0,0,0,14,1,31.3,40.0,44.0,11.1,1009.1,cotonou/ABCA,340.0678431422958,81.1,79.4,0.0963909621534993
6.380310914684129,2.354511167233106,ABCA,cotonou,6.4302,2.3471,5577.72754134145,21238.37353,17.0,150.0,167.0,570.0,10,12.793106079101562,171.60191826111998,1.5836474697616199,2.7931060791015625,-0.0022256971302608082,3.4031850355355284,-0.002172147553696269,3.3851827981453564,0.001894487126536354,0.04557981617722967,1,-1.0,-1.0,0,0,0,4,1,32.0,41.0,10.0,11.2,1010.0,cotonou/ABCA,129.29475120989903,76.2,73.3,0.9026023965438417
6.382270360614566,2.3541861191965103,ABCA,cotonou,6.4302,2.3471,5358.105376783827,21238.37353,17.0,150.0,167.0,570.0,10,12.680118799209595,171.64144638391724,1.649731327699002,2.6801187992095947,-0.0023257079074267464,3.469741149925791,-0.00229478907891756,3.4506241964698803,0.002411066373524878,0.09247101571863701,1,-1.0,-1.0,0,0,1,12,1,31.3,40.0,44.0,11.1,1009.1,cotonou/ABCA,382.1302966248984,79.4,73.3,0.45577628983361107
6.391988449039311,2.368251477113165,ABCA,cotonou,6.4302,2.3471,4830.346741575651,21238.37353,17.0,150.0,167.0,570.0,10,14.021753787994385,151.1847444576626,1.8139648455537332,4.021753787994385,-0.00231677500684034,3.1901342653813534,-0.002274760049301179,3.181623999401912,0.0009977261225382486,0.036911739033635295,1,-1.0,-1.0,0,0,0,4,1,33.0,44.0,10.0,11.2,1008.0,cotonou/ABCA,307.08506585455837,65.5,66.0,0.20236336479523032
6.37927303268299,2.3516016426025512,ABCA,cotonou,6.4302,2.3471,5653.8923074341865,21238.37353,17.0,150.0,167.0,570.0,10,13.811868667602539,174.97963630919583,1.552008090246556,3.811868667602539,-0.0019639962683708203,3.549468987248056,-0.0019571757441415837,3.531524937062842,0.004593545198440552,0.2135620956393031,0,5438.613842822464,-1.0,3,0,1,13,1,32.0,41.0,10.0,11.2,1010.0,cotonou/ABCA,390.776757083828,70.7,74.3,0.3059566241506525
6.371535340104184,2.356243907482307,COTO,cotonou,6.352268,2.402957,5590.260758452073,21238.37353,9.0,100.0,109.0,570.0,10,13.274072408676147,292.5418673595138,0.9810196512594979,3.2740724086761475,-7.716916674173665e-05,1.3850019714466155,-7.076939792497784e-05,1.381357884219898,0.0004074441062079536,0.01764201847781479,0,-1.0,5366.202211019124,0,6,1,11,1,29.5,69.0,210.0,9.4,1009.5,cotonou/COTO,399.3609701761259,51.6,65.2,0.5491443835996794
6.361895556383011,2.396913480770431,COTO,cotonou,6.352268,2.402957,1257.2442105273553,21238.37353,9.0,100.0,109.0,570.0,10,14.164774894714355,328.041468951078,4.313710568897189,4.1647748947143555,0.0003633202068389408,0.2906441993267782,0.0001742444651867153,0.29795199359153257,-0.0025308974063400136,0.1132815662246411,1,-1.0,-1.0,0,0,5,9,1,33.0,63.0,200.0,16.6,1009.0,cotonou/COTO,392.99957175554596,68.1,56.6,0.4314181951798901
6.380958037442824,2.3625095047122633,COTO,cotonou,6.352268,2.402957,5485.635319179215,21238.37353,9.0,100.0,109.0,570.0,10,12.409893274307251,305.5183464329779,1.0087498182268415,2.409893274307251,-0.00023626560287614556,1.1208487106553873,-0.0003157085175880139,1.1182931630959896,-0.005056490142482643,0.10397681079193116,0,-1.0,4946.965718698691,0,26,5,9,1,29.5,80.0,200.0,7.6,1009.5,cotonou/COTO,398.98903293196753,78.1,70.4,0.6260124809410571
6.372514590626991,2.3566109791835728,COTO,cotonou,6.352268,2.402957,5595.180152422428,21238.37353,9.0,100.0,109.0,570.0,10,13.493072748184204,293.73115201655327,0.9779153344019643,3.493072748184204,-5.3856743238750995e-05,1.3768292955269543,-2.1024715820614533e-06,1.3698104168805016,0.0013267430540716534,0.04264822784078531,0,5426.988364273458,5404.562792520262,1,2,1,9,1,32.0,71.0,220.0,18.4,1009.0,cotonou/COTO,309.1504439589486,65.2,58.6,0.3606573344502543
6.368890351096767,2.38977554187842,COTO,cotonou,6.352268,2.402957,2346.479753489998,21238.37353,9.0,100.0,109.0,570.0,10,11.96075701713562,321.7585684805127,2.36813152564047,1.9607570171356201,-0.0007368077708699029,0.7437440439333852,-0.0007692021330500786,0.7708661281622818,-0.0028335841504869078,0.08682029511070417,1,-1.0,-1.0,0,0,1,2,1,32.0,63.0,210.0,16.6,1010.0,cotonou/COTO,259.09644632842327,62.3,86.3,0.5127392446067582
6.357052710700681,2.3758670819458128,COTO,cotonou,6.352268,2.402957,3043.5782053856256,21238.37353,9.0,100.0,109.0,570.0,10,13.964729309082031,280.0786221390613,1.7884709820611526,3.9647293090820312,8.422806372050364e-05,0.5826024585411549,9.812292380210677e-05,0.5813168298020228,0.0004317045211791992,0.022678357737913827,1,-1.0,-1.0,0,0,5,6,1,32.4,63.0,230.0,7.6,1010.7,cotonou/COTO,241.82719946273568,53.0,59.2,0.7367056884822203
6.366968933109501,2.413206746746163,COTO,cotonou,6.352268,2.402957,1982.1839407040807,21238.37353,9.0,100.0,109.0,570.0,10,14.370557308197021,34.71856270545544,2.7332247987220013,4.3705573081970215,0.0003301322756715083,0.42252100716413593,0.00029005203984610906,0.4224660359034022,-0.001741688730698755,0.0489235709842252,1,-1.0,-1.0,0,0,5,4,1,33.0,63.0,248.0,13.0,1011.0,cotonou/COTO,281.80230889756126,57.9,65.5,0.8864028867237077
6.365444213174431,2.371319210571973,COTO,cotonou,6.352268,2.402957,3791.5533776912916,21238.37353,9.0,100.0,109.0,570.0,10,11.555829644203186,292.73781575325404,1.4721963259591329,1.555829644203186,-0.0005823533410955596,1.3166964595636572,-0.0005664421298399143,1.3347641038276132,-0.0009637524684270223,0.045349383140679725,1,-1.0,-1.0,0,0,1,3,1,33.0,49.0,210.0,16.6,1009.0,cotonou/COTO,64.38956825449732,66.8,62.4,0.9210571972951916
6.356008569722426,2.375770313526514,COTO,cotonou,6.352268,2.402957,3036.250480823833,21238.37353,9.0,100.0,109.0,570.0,10,14.272206783294678,277.8833621395645,1.786987871922201,4.272206783294678,0.0002649874113094735,0.5151690268859535,0.00019033352206235076,0.5133304616803317,0.001278202951016521,0.04371876711719143,1,-1.0,-1.0,0,0,7,7,1,31.5,70.0,236.0,9.3,1011.4,cotonou/COTO,243.1128071492526,59.2,56.3,0.5036329251830992
6.352401017340645,2.3741438558567087,COTO,cotonou,6.352268,2.402957,3187.9362573374483,21238.37353,9.0,100.0,109.0,570.0,10,14.047277450561523,270.26773496064976,1.7060511451662752,4.047277450561523,0.0001060081048175182,0.35615001698757603,6.295295774235335e-05,0.3582951670130531,-0.002761170467788138,0.09161951016458855,1,-1.0,-1.0,0,0,0,2,1,33.0,63.0,210.0,13.0,1009.0,cotonou/COTO,135.44729233169025,74.7,78.1,0.5202751147405691
6.360947817279177,2.3645536656597708,COTO,cotonou,6.352268,2.402957,4356.006360679502,21238.37353,9.0,100.0,109.0,570.0,10,11.995909094810486,282.814165458518,1.2757112991849318,1.9959090948104858,-0.0003906580683303206,1.0698986710714655,-0.00038388489384367564,1.0772411964250743,0.00015029096358209633,0.0059247940138164755,0,-1.0,4076.6632674094735,0,2,1,0,1,33.0,48.0,210.0,9.4,1011.2,cotonou/COTO,326.35698935364053,68.1,61.3,0.7998704107638365
6.3808156881926035,2.367959155752057,COTO,cotonou,6.352268,2.402957,4995.978269500255,21238.37353,9.0,100.0,109.0,570.0,10,13.068166255950928,309.37972747267463,1.1000475805480254,3.0681662559509277,-9.218704754466969e-05,1.1177206864960312,-6.92844390869141e-05,1.1115869490337669,0.004235466321309408,0.21554724284993312,1,-1.0,-1.0,0,0,2,9,1,34.0,32.0,222.0,5.4,1009.0,cotonou/COTO,290.4766293524832,61.3,66.5,0.31445069174420126
6.371461159987211,2.405013946150798,COTO,cotonou,6.352268,2.402957,2134.6970010772866,21238.37353,9.0,100.0,109.0,570.0,10,13.328859329223633,6.079585304100874,2.566119195095191,3.328859329223633,-0.0001750611596637302,0.5430626618896472,-0.00022594667460820448,0.5596949722937381,-0.0023157040278116866,0.08750673615622481,1,-1.0,-1.0,0,0,1,2,1,31.0,75.0,200.0,16.6,1010.0,cotonou/COTO,338.55000000000837,80.8,75.5,0.8373823623450686
6.362033102312261,2.384461309237306,COTO,cotonou,6.352268,2.402957,2313.8183143832953,21238.37353,9.0,100.0,109.0,570.0,10,13.322573900222778,297.9797338755642,2.3678572530465445,3.3225739002227783,-0.00016428099738226997,0.863959761597374,-0.00012635127741909155,0.8652884846745655,0.002065841532195693,0.06287770844160981,1,-1.0,-1.0,0,0,4,8,1,31.9,70.0,220.0,18.4,1008.0,cotonou/COTO,350.04620409299224,62.4,75.2,0.4941416465174234
6.381807864474049,2.3690875550892763,COTO,cotonou,6.352268,2.402957,4971.25616441381,21238.37353,9.0,100.0,109.0,570.0,10,13.193758010864258,311.2714687394565,1.1040698148206485,3.193758010864258,-9.729879049364887e-05,1.1191286657622583,-3.134712340339781e-05,1.1140750279622804,0.0045435587565104164,0.1700517621296419,1,-1.0,-1.0,0,0,7,8,1,30.7,45.0,199.0,11.1,1008.8,cotonou/COTO,218.89526468152152,58.1,61.3,0.11585672433526839
6.3513611906879195,2.414900116974088,COTO,cotonou,6.352268,2.402957,1325.194238723836,21238.37353,9.0,100.0,109.0,570.0,10,15.611904621124268,94.36804067703918,4.031041072850697,5.611904621124268,0.0014110468052051686,0.6759876998036892,0.0012848195822342584,0.6777207928780111,-0.003300333023071289,0.12209352817302195,1,-1.0,-1.0,0,0,1,14,1,29.8,77.0,200.0,11.2,1012.0,cotonou/COTO,285.3045504368927,58.1,75.1,0.0720591470729437
6.354752248689869,2.3943771252679555,COTO,cotonou,6.352268,2.402957,988.2346926932445,21238.37353,9.0,100.0,109.0,570.0,10,15.443662643432617,286.24306204479154,5.408082561240428,5.443662643432617,0.001762270521476211,0.5781113039563843,0.0017523617724407297,0.5910357825401189,0.0023214655218521856,0.06200204271621068,1,-1.0,-1.0,0,0,1,11,1,32.6,66.0,210.0,11.2,1010.9,cotonou/COTO,279.6517178563703,57.1,62.9,0.8419932110394631
6.348000004450086,2.383852180440855,COTO,cotonou,6.352268,2.402957,2165.8314178488513,21238.37353,9.0,100.0,109.0,570.0,10,11.187092542648315,257.33278015913777,2.585825125636971,1.1870925426483154,-0.0011506387632187099,0.6388584272120656,-0.0011449903743521483,0.7042501482396006,-0.019709734677677424,0.7642499960650673,1,-1.0,-1.0,0,0,2,6,1,32.0,71.0,200.0,18.4,1008.0,cotonou/COTO,377.3020461115892,63.1,55.9,0.0555679169068779
6.3713793370824625,2.3921546451782962,COTO,cotonou,6.352268,2.402957,2428.00516150569,21238.37353,9.0,100.0,109.0,570.0,10,12.324825525283813,330.67540736399246,2.2801249297432324,2.3248255252838135,-0.0005696727051557634,0.6813752707770212,-0.0005627211796710768,0.7169154356912902,-0.00043913788265652126,0.01633163118400665,1,-1.0,-1.0,0,0,1,13,1,33.0,67.0,190.0,20.5,1010.0,cotonou/COTO,322.1257484275571,82.1,84.9,0.2806114361336559
6.381078135705226,2.369273245695545,COTO,cotonou,6.352268,2.402957,4902.970982978022,21238.37353,9.0,100.0,109.0,570.0,10,12.951478004455566,310.71782117496355,1.1222728319079305,2.9514780044555664,-9.584689139367898e-05,1.123062441808616,-0.00011795146398276209,1.116352010223229,0.00323406457901001,0.16349948750601087,1,-1.0,-1.0,0,0,8,8,1,30.7,45.0,199.0,11.1,1008.8,cotonou/COTO,260.0268288079785,58.1,66.5,0.3341300405015458
6.354762954721587,2.405242908668191,COTO,cotonou,6.352268,2.402957,374.2894515054367,21238.37353,9.0,100.0,109.0,570.0,10,15.283637523651123,42.32040166276988,14.056988210996254,5.283637523651123,0.004418033041372777,0.5986707059877145,0.003523289892408583,0.6166461629368335,7.755756378173823e-05,0.054215164934623104,1,-1.0,-1.0,0,0,5,9,1,31.4,69.0,240.0,16.6,1010.7,cotonou/COTO,245.31000000003797,65.4,71.6,0.1729944451915938
6.357082058154486,2.375760823923416,COTO,cotonou,6.352268,2.402957,3055.719935355671,21238.37353,9.0,100.0,109.0,570.0,10,13.979772567749023,280.10036712352996,1.7810873880926528,3.9797725677490234,9.020625124387725e-05,0.5849690852915971,9.812292380210681e-05,0.5837978186463806,0.0005378405253092447,0.021122575239147574,1,-1.0,-1.0,0,0,4,6,1,31.5,70.0,236.0,9.3,1011.4,cotonou/COTO,241.82719946273568,59.2,53.0,0.31389336980198923
6.34941585023572,2.379872989153156,COTO,cotonou,6.352268,2.402957,2573.4376105626907,21238.37353,9.0,100.0,109.0,570.0,10,10.81373131275177,262.9147312207683,2.184988432870765,0.81373131275177,-0.0013901477068309375,0.625474423650532,-0.0010959318641460304,0.7774271893463138,-0.023328133424123126,0.9091240275673571,1,-1.0,-1.0,0,0,0,2,1,33.0,63.0,200.0,11.2,1008.0,cotonou/COTO,313.1105188267804,66.5,75.4,0.7426925667250857
6.348334861004754,2.380671452617977,COTO,cotonou,6.352268,2.402957,2503.765174080969,21238.37353,9.0,100.0,109.0,570.0,10,12.225592136383057,259.9317360382005,2.2134689301651616,2.2255921363830566,-0.0005720749717568954,0.6710670783865189,-0.0013387231517207714,0.8927149670319362,-0.01656260813275973,0.891638040317706,1,-1.0,-1.0,0,0,0,0,1,32.0,71.0,200.0,18.4,1008.0,cotonou/COTO,94.8968856180276,55.9,59.0,0.014682843560070769
6.372594924435763,2.357947011822185,COTO,cotonou,6.352268,2.402957,5463.68427047773,21238.37353,9.0,100.0,109.0,570.0,10,13.688153743743896,294.4399194324431,0.9994012114442986,3.6881537437438965,-3.4312732884141226e-06,1.3842254055398473,9.092774944028995e-06,1.3812365395664419,0.0006837076610989042,0.032748292395602265,0,-1.0,5233.749661900511,0,3,1,15,1,31.5,72.0,200.0,11.2,1008.3,cotonou/COTO,246.89454307456222,63.4,65.2,0.8271734245206864
6.367321809264912,2.387060022822478,COTO,cotonou,6.352268,2.402957,2421.760106465527,21238.37353,9.0,100.0,109.0,570.0,10,12.258319854736328,313.6170154881881,2.2875694514938814,2.258319854736328,-0.0005996543342169542,0.8359218536473595,-0.000643789337342044,0.8718754368148174,-0.0019326474931504994,0.08236679131321142,1,-1.0,-1.0,0,0,6,11,1,32.0,63.0,210.0,16.6,1010.0,cotonou/COTO,280.00176285154186,62.3,67.2,0.8565480235745582
6.353255689348851,2.3736041607640215,COTO,cotonou,6.352268,2.402957,3249.4480854131566,21238.37353,9.0,100.0,109.0,570.0,10,14.049765586853027,271.9407320941866,1.6737304278463965,4.049765586853027,0.00010482389992530188,0.3653515324883056,0.00012493203399541056,0.3645041772003835,0.0006283883749638295,0.025800481846360725,1,-1.0,-1.0,0,0,3,12,1,33.0,63.0,210.0,13.0,1009.0,cotonou/COTO,377.7671008703886,74.7,61.8,0.3722615731915482
6.347641445159624,2.3852926529093903,COTO,cotonou,6.352268,2.402957,2020.2633926620158,21238.37353,9.0,100.0,109.0,570.0,10,11.6312575340271,255.2373886791519,2.7592958546952064,1.6312575340270996,-0.0010175166176814659,0.5643679445467314,-0.0012147898427182183,0.6581469892506834,-0.018795229714970735,0.6907622203567874,1,-1.0,-1.0,0,0,2,4,1,31.0,75.0,200.0,18.4,1008.0,cotonou/COTO,170.17425892305585,72.8,63.1,0.1536128990606348
6.3661354621389155,2.3619247061135833,COTO,cotonou,6.352268,2.402957,4791.806600169834,21238.37353,9.0,100.0,109.0,570.0,10,11.532804489135742,288.7832291832859,1.1652575835437746,1.5328044891357422,-0.00045295561353365585,1.3845584974370977,-0.0004482669104273918,1.3927046761393358,-4.8780441284179686e-05,0.0019693186149434107,1,-1.0,-1.0,0,0,0,0,1,30.0,49.0,140.0,14.8,1008.0,cotonou/COTO,364.4114954279447,78.69999999999999,61.3,0.6008404079450809
6.381256819128493,2.3671829664783535,COTO,cotonou,6.352268,2.402957,5093.387633667118,21238.37353,9.0,100.0,109.0,570.0,10,13.380316257476807,309.19441182544637,1.0755044042281006,3.3803162574768066,-6.405395620009479e-05,1.1096233779177072,-1.7250498789390873e-05,1.1051733161444945,0.002640695587413628,0.09600501859423063,1,-1.0,-1.0,0,0,3,9,1,34.0,32.0,222.0,5.4,1009.0,cotonou/COTO,238.87705477918232,61.3,66.5,0.11967255586489434
6.352158266116179,2.391900665321395,COTO,cotonou,6.352268,2.402957,1223.3395054234913,21238.37353,9.0,100.0,109.0,570.0,10,14.583444118499756,269.4284584517565,4.413302435158213,4.583444118499756,0.0007125631580507851,0.308490772613348,0.0007039360297742738,0.3044649482636254,0.0003513866000705295,0.015071016341902542,1,-1.0,-1.0,0,0,3,8,1,31.0,71.0,240.0,9.4,1011.0,cotonou/COTO,229.63053738552546,54.4,73.7,0.3649193610782525
6.383951063097243,2.3823781991467388,COTO,cotonou,6.352268,2.402957,4178.527963110522,21238.37353,9.0,100.0,109.0,570.0,10,14.598869323730469,327.15837655028054,1.2942037219195264,4.598869323730469,0.00021143067654121498,0.9931677642028895,0.0002276934066844607,0.996631628563234,0.0007043997446695965,0.03344924368970908,1,-1.0,-1.0,0,0,6,7,1,33.0,41.0,50.0,9.4,1007.0,cotonou/COTO,266.4578062283396,64.8,75.6,0.9584291809009724
6.364535577022816,2.407584965564568,COTO,cotonou,6.352268,2.402957,1450.0574489070596,21238.37353,9.0,100.0,109.0,570.0,10,14.973148345947266,20.552331574870323,3.7100668436263904,4.973148345947266,0.0008613312325510039,0.4271688754617183,0.0007869808899886817,0.42322810756709667,-0.0011435332769695109,0.038587546272220864,1,-1.0,-1.0,0,0,3,6,1,31.6,70.0,230.0,16.6,1013.0,cotonou/COTO,373.8657305772486,70.5,58.8,0.9954644725836371
6.367514831749976,2.3905861150979195,COTO,cotonou,6.352268,2.402957,2171.7109291483616,21238.37353,9.0,100.0,109.0,570.0,10,12.788623094558716,321.11865054857583,2.5366652541723127,2.788623094558716,-0.0004564855782664415,0.6026268690991888,-0.0005430221557617187,0.6421056525988604,-0.00367279847462972,0.18409095253284183,1,-1.0,-1.0,0,0,2,13,1,32.0,63.0,210.0,16.6,1010.0,cotonou/COTO,212.6801711490812,62.3,70.8,0.7721048913545856
6.354921992391032,2.3923696423242458,COTO,cotonou,6.352268,2.402957,1207.5977959692573,21238.37353,9.0,100.0,109.0,570.0,10,15.724445819854736,284.1567402126624,4.416789492879254,5.724445819854736,0.001690046369734414,0.6049715658945065,0.0017071080086371736,0.6179192695196591,0.0026125715462744312,0.07955014038356371,1,-1.0,-1.0,0,0,3,5,1,32.6,66.0,210.0,11.2,1010.9,cotonou/COTO,330.452052195156,57.1,54.4,0.3109615099207662
6.348615066019667,2.37875516781381,COTO,cotonou,6.352268,2.402957,2708.014776452713,21238.37353,9.0,100.0,109.0,570.0,10,10.710995376110077,261.3659213566877,2.0786718728934512,0.7109953761100769,-0.0010974344534751697,1.0404902675912115,-0.001085505818111309,1.0797898907585044,0.0,0.0,1,-1.0,-1.0,0,0,0,0,1,32.0,71.0,200.0,18.4,1008.0,cotonou/COTO,310.65923598055264,55.9,66.5,0.6876650491660925
6.363309595410661,2.383805325447616,COTO,cotonou,6.352268,2.402957,2445.581075535161,21238.37353,9.0,100.0,109.0,570.0,10,12.839801549911499,300.1191645246892,2.2517089438796836,2.839801549911499,-0.00040749278922463906,0.9027167939368195,-0.00039713240805126375,0.9232221324165995,-0.002689578135808309,0.13643142299548716,1,-1.0,-1.0,0,0,4,11,1,31.7,62.0,220.0,11.2,1010.7,cotonou/COTO,160.52457568861385,54.4,62.4,0.7054063654840127
6.380875909429897,2.3760570877156812,COTO,cotonou,6.352268,2.402957,4343.539660403168,21238.37353,9.0,100.0,109.0,570.0,10,12.255134344100952,316.94080256039433,1.2759538441692913,2.255134344100952,-0.0003294792784757764,1.155434757803147,-0.0003150578799431556,1.1504839723067353,0.0012675417794121636,0.047623515085187265,1,-1.0,-1.0,0,0,2,0,1,32.1,54.0,211.0,13.0,1008.6,cotonou/COTO,333.1849486397105,70.5,81.4,0.38784169516364975
6.379932488749023,2.3648160882912777,COTO,cotonou,6.352268,2.402957,5212.154110456348,21238.37353,9.0,100.0,109.0,570.0,10,13.204535245895386,306.1249608463039,1.0529347016552704,3.2045352458953857,-0.00010328824726905016,1.1370660736704588,-9.775487741975783e-05,1.1306265287755357,-0.0010147126395245022,0.06533838841315764,0,5086.811727038559,4940.578946384473,2,13,0,8,1,31.8,31.0,20.0,11.2,1010.9,cotonou/COTO,267.89890817251177,78.2,66.5,0.6408886345861594
6.3732606669488705,2.4023555409694555,COTO,cotonou,6.352268,2.402957,2322.48876820008,21238.37353,9.0,100.0,109.0,570.0,10,12.120327234268188,358.3690096179405,2.3886359648961366,2.1203272342681885,-0.0006780616238585904,0.8434232300274679,-0.0006960320472717285,0.888528896781557,-0.0009469350179036458,0.04697433113737761,1,-1.0,-1.0,0,0,1,2,1,32.0,75.0,200.0,20.5,1010.0,cotonou/COTO,270.87866527279124,86.5,87.4,0.010727644975676243
6.355673206756048,2.392106797763763,COTO,cotonou,6.352268,2.402957,1258.146789882175,21238.37353,9.0,100.0,109.0,570.0,10,15.83988904953003,287.5255640309714,4.234766683617259,5.839889049530029,0.0016977822080448484,0.6558051582565073,0.0016372714981888277,0.6709716719172256,0.001163625717163086,0.042849980491932345,1,-1.0,-1.0,0,0,3,11,1,32.6,66.0,210.0,11.2,1010.9,cotonou/COTO,249.61182844569544,57.1,68.3,0.20905765860224146
6.360286360378709,2.4097883180958872,COTO,cotonou,6.352268,2.402957,1165.14067459772,21238.37353,9.0,100.0,109.0,570.0,10,14.68239450454712,40.25495260651854,4.6279760110413175,4.682394504547119,0.0008355136752823544,0.43920417185454713,0.0008448426228253605,0.4288329942456842,0.0008205386122409181,0.027963834249758804,1,-1.0,-1.0,0,0,2,1,1,32.0,67.0,210.0,18.4,1012.0,cotonou/COTO,267.46393794301054,68.1,62.5,0.5250883029672612
6.356003178051965,2.378587327686772,COTO,cotonou,6.352268,2.402957,2727.721872016903,21238.37353,9.0,100.0,109.0,570.0,10,13.93839693069458,278.76837629331976,1.9959605377129852,3.93839693069458,7.84587103243526e-05,0.5260681302690849,3.623256549302818e-05,0.5326080228557657,-0.0030408689702518792,0.10086043540378425,1,-1.0,-1.0,0,0,2,9,1,33.0,63.0,210.0,13.0,1009.0,cotonou/COTO,346.04950975268054,62.4,70.7,0.16375130425829587
6.379571641165387,2.3726163350625153,COTO,cotonou,6.352268,2.402957,4515.012398410769,21238.37353,9.0,100.0,109.0,570.0,10,11.88612425327301,312.1620716724615,1.232190940023974,1.8861242532730103,-0.00040254799431528425,1.1565914434526046,-0.00038329879702565984,1.1555534759270245,0.0008598178625106812,0.04201735738517547,1,-1.0,-1.0,0,0,0,10,1,30.0,70.0,210.0,16.6,1007.0,cotonou/COTO,377.7671008703648,78.2,85.6,0.16590686787653364
6.372825787102003,2.3575314260594644,COTO,cotonou,6.352268,2.402957,5516.096862124216,21238.37353,9.0,100.0,109.0,570.0,10,13.75718355178833,294.48535322293895,0.9891902465483594,3.75718355178833,9.092774944028958e-06,1.3813486113935916,-2.266051663626691e-06,1.374955580786366,-0.0006981853997119637,0.023324920238343753,0,5261.847908559373,5239.73930390156,1,4,0,15,1,32.0,71.0,220.0,18.4,1009.0,cotonou/COTO,286.930169205042,72.1,65.2,0.8363042905502379
6.368754566501342,2.399418920387675,COTO,cotonou,6.352268,2.402957,1864.7639568072377,21238.37353,9.0,100.0,109.0,570.0,10,12.779965877532959,347.9603903768826,2.953787755878569,2.779965877532959,-0.0004904897124679,0.6575259302929444,-0.0005667210666577734,0.6814780120214036,-0.003717350532194176,0.12068385354295225,1,-1.0,-1.0,0,0,0,15,1,32.0,63.0,210.0,14.8,1011.0,cotonou/COTO,322.2748851523748,73.4,68.2,0.9891330026836055
6.3641149637179195,2.3705927994378433,COTO,cotonou,6.352268,2.402957,3812.903402511354,21238.37353,9.0,100.0,109.0,570.0,10,11.640734195709229,290.2214018620199,1.4626814739752676,1.6407341957092285,-0.0007448728889604849,1.1871720632712954,-0.0005435513048810376,1.1994271644077439,-0.0013858440862131464,0.04873358297758573,1,-1.0,-1.0,0,0,1,6,1,33.0,49.0,210.0,16.6,1009.0,cotonou/COTO,213.77228304903036,66.8,59.4,0.5559694280284484
6.350845888462032,2.3899226698566487,COTO,cotonou,6.352268,2.402957,1450.6776522644743,21238.37353,9.0,100.0,109.0,570.0,10,14.344090461730957,263.7359385309462,3.7332256741438923,4.344090461730957,0.0004334006990705218,0.29579069967085037,0.00034080190596237685,0.29144423130638947,-0.0008420149485270182,0.05116289384222396,1,-1.0,-1.0,0,0,1,3,1,31.0,71.0,240.0,9.4,1011.0,cotonou/COTO,384.59858190063676,54.4,65.2,0.8390697308817134
6.377280967833567,2.3616590350070212,COTO,cotonou,6.352268,2.402957,5341.1931838563705,21238.37353,9.0,100.0,109.0,570.0,10,12.775887489318848,301.3615480758394,1.0320988227121697,2.7758874893188477,-0.0001743640346027046,1.2171939438483537,-0.0001710698663301849,1.210984927501235,8.140740661604631e-05,0.01648693876899013,0,-1.0,4827.411073986418,0,3,3,13,1,30.7,55.0,293.0,13.0,1011.4,cotonou/COTO,333.1849486396399,64.2,76.1,0.9903216643262726
6.37799655342171,2.3751356705437083,COTO,cotonou,6.352268,2.402957,4191.681268184289,21238.37353,9.0,100.0,109.0,570.0,10,11.771246910095215,312.9401570625083,1.3287743187701824,1.7712469100952148,-0.0004597477105641494,1.1580344434000245,-0.0004466960164506555,1.1609055276832145,0.0004753826317156806,0.0074810123289823175,1,-1.0,-1.0,0,0,1,1,1,31.0,63.0,200.0,16.6,1007.0,cotonou/COTO,310.99815111988335,85.6,81.4,0.1415958885687747
6.349285798243967,2.3886913333321464,COTO,cotonou,6.352268,2.402957,1612.4528971202612,21238.37353,9.0,100.0,109.0,570.0,10,13.615639925003052,258.1224486164947,3.385376365484156,3.6156399250030518,-8.7539123482946e-05,0.3857703882989187,1.4328040755464068e-05,0.3886266985913794,-0.0002326977344705959,0.060566627180698794,1,-1.0,-1.0,0,0,2,6,1,31.0,75.0,200.0,18.4,1008.0,cotonou/COTO,288.65336045167965,69.3,65.2,0.4482456132543511
6.356557454117771,2.3746379838998317,COTO,cotonou,6.352268,2.402957,3168.924292553758,21238.37353,9.0,100.0,109.0,570.0,10,14.18665361404419,278.66706975903827,1.713762761981058,4.1866536140441895,0.00014739985992502286,0.5329893620552324,0.00012702257544906046,0.5310610205119202,-0.0002606391906738282,0.03452517855853134,1,-1.0,-1.0,0,0,4,8,1,32.4,63.0,230.0,7.6,1010.7,cotonou/COTO,275.910366967215,53.0,56.3,0.3925727158419199
6.363198805421201,2.3588085222234425,COTO,cotonou,6.352268,2.402957,5031.915302389291,21238.37353,9.0,100.0,109.0,570.0,10,11.69238817691803,283.99144101596323,1.1078526382628298,1.6923881769180298,-0.00039869407824530835,1.2702345609441676,-0.00038415770904690614,1.2776402119069417,0.0007341994179619684,0.030603019500344466,1,-1.0,-1.0,0,0,3,1,1,34.0,44.0,220.0,14.8,1010.0,cotonou/COTO,275.55065323816524,65.7,67.2,0.08004928364618502
6.3658330655941535,2.4143747009144865,COTO,cotonou,6.352268,2.402957,1961.1687128956837,21238.37353,9.0,100.0,109.0,570.0,10,14.622556209564209,39.91253112069552,2.75512287039692,4.622556209564209,0.00031219226578920194,0.40787337611154667,0.0003743986288706462,0.4059043581577319,-0.0025501569112141927,0.1381334248574129,1,-1.0,-1.0,0,0,1,7,1,32.0,63.0,180.0,14.8,1011.0,cotonou/COTO,281.80230889756126,65.5,57.9,0.7553301727947445
6.355630073185355,2.4053454679786888,COTO,cotonou,6.352268,2.402957,456.1494037900688,21238.37353,9.0,100.0,109.0,570.0,10,15.363909721374512,35.223920267659196,11.600248871890809,5.363909721374512,0.003451913098494212,0.6715104610593386,0.0030732665797276334,0.6645998745956265,-0.0015015488272424697,0.04596333198524815,1,-1.0,-1.0,0,0,7,9,1,31.4,69.0,240.0,16.6,1010.7,cotonou/COTO,218.02671877540922,65.4,64.7,0.433779027322593
6.379871870186196,2.3645570817046524,COTO,cotonou,6.352268,2.402957,5231.466900902218,21238.37353,9.0,100.0,109.0,570.0,10,13.132971048355103,305.8808111774311,1.0498320148300784,3.1329710483551025,-0.0001093372163318452,1.135795258684257,-0.0001303418996999055,1.1326012870476916,-0.0023467618909217463,0.07464122564376467,0,-1.0,5011.304967196914,0,2,0,11,1,30.7,55.0,293.0,13.0,1011.4,cotonou/COTO,267.89890817251177,66.5,78.2,0.4693269341904013
6.360953829757168,2.408458931971015,COTO,cotonou,6.352268,2.402957,1137.1921662335383,21238.37353,9.0,100.0,109.0,570.0,10,14.621192455291748,32.19188916961713,4.744266860378744,4.621192455291748,0.0008065632865445295,0.4637276803228494,0.0008194512128829956,0.45246998428389607,0.0012593375311957466,0.047390834686947075,1,-1.0,-1.0,0,0,4,6,1,32.0,67.0,210.0,18.4,1012.0,cotonou/COTO,264.2872471383624,62.5,70.5,0.15067297381324019
6.369356621641404,2.362520909629449,COTO,cotonou,6.352268,2.402957,4856.5621408751385,21238.37353,9.0,100.0,109.0,570.0,10,11.95790421962738,293.03869205071857,1.1447115371877061,1.9579042196273804,-0.00035989448857405554,1.476126337026281,-0.00026849980013228465,1.4711128263992916,0.004756313309100772,0.11196696446463754,1,-1.0,-1.0,0,0,0,3,1,32.0,71.0,220.0,18.4,1009.0,cotonou/COTO,298.34231362650223,78.0,73.3,0.18092665223086812
6.35422857853266,2.3947868853920475,COTO,cotonou,6.352268,2.402957,929.5831402630769,21238.37353,9.0,100.0,109.0,570.0,10,15.211978912353516,283.5748432744675,5.7612221335521365,5.211978912353516,0.001619132755371034,0.5220079074518088,0.0015740189889464718,0.5315075892553188,0.0009472899966769749,0.036433914410158315,1,-1.0,-1.0,0,0,1,13,1,30.0,79.0,220.0,18.4,1011.0,cotonou/COTO,392.28725444494233,70.0,62.9,0.907103622156215
6.35643204129472,2.3984152658006384,COTO,cotonou,6.352268,2.402957,681.5846401987596,21238.37353,9.0,100.0,109.0,570.0,10,15.115276336669922,312.6920049473594,7.842840459821395,5.115276336669922,0.0020111881528459092,0.46378038289011997,0.001884152412414551,0.48522746670249467,-0.0005102422502305773,0.02067600583050854,1,-1.0,-1.0,0,0,6,9,1,31.0,71.0,210.0,20.5,1010.0,cotonou/COTO,221.7167693252332,62.0,62.1,0.04464908897427888
6.386751154516135,2.374766552624998,COTO,cotonou,6.352268,2.402957,4926.432579340826,21238.37353,9.0,100.0,109.0,570.0,10,13.367957353591919,320.9088373758091,1.1120875494808609,3.367957353591919,-6.849173343542854e-05,0.9920125459033992,-4.1737087280396036e-05,0.9898042903370335,0.001364323827955458,0.0635624558776196,0,-1.0,4521.655553783764,0,2,4,11,1,31.0,59.0,170.0,13.0,1007.0,cotonou/COTO,285.70158014965295,66.1,70.2,0.23285228494370624
6.379698156191492,2.3681661099706868,COTO,cotonou,6.352268,2.402957,4900.814691249643,21238.37353,9.0,100.0,109.0,570.0,10,12.66784405708313,308.4276322586443,1.126081198377132,2.66784405708313,-0.00021120881646629274,1.1390747881718892,-0.00018249407817767988,1.1358307495301923,0.0028627914103377416,0.08971544615201191,1,-1.0,-1.0,0,0,3,11,1,30.7,55.0,293.0,13.0,1011.4,cotonou/COTO,398.73109698140775,66.5,66.5,0.29205933031452835
6.378197644423677,2.3614464711152645,COTO,cotonou,6.352268,2.402957,5414.3209204404575,21238.37353,9.0,100.0,109.0,570.0,10,12.443862199783325,302.152764475962,1.021674351302998,2.443862199783325,-0.00023262048514069333,1.1953636488826167,-0.000174311715568907,1.1916143645410207,0.00263671948719455,0.05069282758342695,0,-1.0,5067.109959610608,0,1,3,11,1,29.5,80.0,200.0,7.6,1009.5,cotonou/COTO,203.75681976320604,78.1,76.1,0.4901975424015864
6.373037496335126,2.358753568087379,COTO,cotonou,6.352268,2.402957,5403.097429405415,21238.37353,9.0,100.0,109.0,570.0,10,13.865037441253662,295.30600266652743,1.0087304031217164,3.865037441253662,2.910607866599856e-05,1.3764848071490396,2.6804667252760683e-05,1.3735769807989706,0.0013236814075046116,0.05348647966889339,1,-1.0,-1.0,0,0,0,5,1,32.0,71.0,220.0,18.4,1009.0,cotonou/COTO,246.89454307456222,65.2,63.4,0.5864451730147959
6.371570036646147,2.354708255393721,COTO,cotonou,6.352268,2.402957,5749.125742056508,21238.37353,9.0,100.0,109.0,570.0,10,13.204362392425537,291.9290100180718,0.9546108565282071,3.204362392425537,-8.726198640134601e-05,1.3668440310595469,-9.67201088711978e-05,1.3598464976228009,-0.0008406738440195719,0.03829341261838931,0,-1.0,5161.539744371374,0,6,2,2,1,29.5,69.0,210.0,9.4,1009.5,cotonou/COTO,249.20674248494376,51.6,58.6,0.4932899758506666
6.361391967235107,2.3957916925306186,COTO,cotonou,6.352268,2.402957,1283.1837896600766,21238.37353,9.0,100.0,109.0,570.0,10,13.720560073852539,322.02837408091443,4.2465546292480045,3.720560073852539,6.728187650586801e-06,0.3702236364557333,-7.826663829662115e-06,0.386389055299066,-0.00043834050496419276,0.016793317686080066,1,-1.0,-1.0,0,0,3,9,1,33.0,63.0,200.0,16.6,1009.0,cotonou/COTO,392.99957175554596,68.1,56.6,0.08411533455688203
6.366035947170595,2.3624253907979407,COTO,cotonou,6.352268,2.402957,4735.80882682749,21238.37353,9.0,100.0,109.0,570.0,10,11.542748928070068,288.87201369738455,1.1789118478159202,1.5427489280700684,-0.00045608437507176563,1.3795895938511318,-0.00045295561353365585,1.3883793704167056,6.000200907389287e-07,0.00404426458155075,1,-1.0,-1.0,0,0,0,0,1,30.1,50.0,198.0,11.1,1009.1,cotonou/COTO,364.4114954279447,61.3,78.69999999999999,0.24366745405571355
6.363716181539009,2.3695726627804206,COTO,cotonou,6.352268,2.402957,3904.570532939925,21238.37353,9.0,100.0,109.0,570.0,10,11.611680746078491,289.0384822253777,1.4287827405473388,1.6116807460784912,-0.000533157935882646,1.1623949120695927,-0.0005400282120444941,1.175517435959435,-0.0006853057542605797,0.021013042092234563,0,-1.0,3615.0532789944796,0,3,4,6,1,30.1,50.0,198.0,11.1,1009.1,cotonou/COTO,358.990200005476,58.0,59.4,0.8435883847625412
6.366111943231694,2.3620430356155406,COTO,cotonou,6.352268,2.402957,4778.571327504033,21238.37353,9.0,100.0,109.0,570.0,10,11.532804489135742,288.80402436186466,1.16848411942391,1.5328044891357422,-0.00045295561353365585,1.387010569670781,-0.0004511305178119672,1.3911475782334848,-0.00016353216671755486,0.005342364591851526,1,-1.0,-1.0,0,0,0,0,1,30.0,49.0,140.0,14.8,1008.0,cotonou/COTO,364.4114954279447,78.69999999999999,61.3,0.6375887004784591
6.374058838587342,2.357298408455936,COTO,cotonou,6.352268,2.402957,5596.934573806858,21238.37353,9.0,100.0,109.0,570.0,10,13.831717252731323,295.6535205096956,0.9741431596612814,3.8317172527313232,2.223276624492565e-05,1.3497544618951542,-5.941913694073145e-05,1.343310949947575,-0.004082634662878146,0.07378861899916195,0,-1.0,5305.310728277843,0,2,1,4,1,32.0,71.0,220.0,18.4,1009.0,cotonou/COTO,286.930169205042,65.2,72.1,0.6491490501342744
6.361971255291987,2.3835736341403675,COTO,cotonou,6.352268,2.402957,2398.046914508977,21238.37353,9.0,100.0,109.0,570.0,10,13.356807470321655,296.73520375312074,2.2839621381787536,3.3568074703216553,-0.00013957347489513983,0.8645870519478066,-0.0002361435424951239,0.8726688794311881,-0.000908287895942298,0.06531245623525568,1,-1.0,-1.0,0,0,1,6,1,33.0,63.0,210.0,18.4,1008.0,cotonou/COTO,318.97004498850305,75.2,54.4,0.6702032553513549
6.356471854849048,2.4105376449586586,COTO,cotonou,6.352268,2.402957,958.9498460618127,21238.37353,9.0,100.0,109.0,570.0,10,15.342365264892578,60.838976788388266,5.578208122198857,5.342365264892578,0.0017049388179476844,0.4858296756268725,0.0016260882217988507,0.4981752885706495,0.0005726536107187333,0.05106901832932271,1,-1.0,-1.0,0,0,3,12,1,32.0,71.0,220.0,16.6,1011.0,cotonou/COTO,108.9214896151932,54.0,58.7,0.7629030190395291
6.3854979454826655,2.3699209991705783,COTO,cotonou,6.352268,2.402957,5182.995566734377,21238.37353,9.0,100.0,109.0,570.0,10,12.95960807800293,315.34686810365514,1.061563603614986,2.9596080780029297,-0.00014226636816522487,1.093521479688558,-0.00013753060044296818,1.0872978048866075,0.000523802903779871,0.00992312398723786,0,4881.779391513341,4829.845568199368,4,7,2,11,1,34.0,32.0,222.0,5.4,1009.0,cotonou/COTO,282.2544702923159,57.6,68.0,0.058108481721447336
6.3617943723820956,2.4051752132729614,COTO,cotonou,6.352268,2.402957,1081.71033910169,21238.37353,9.0,100.0,109.0,570.0,10,15.015956401824951,13.029781012669332,4.965654678398862,5.015956401824951,0.0011792477186735686,0.42593173975473586,0.0012549033245805006,0.4299703450601949,0.0014201044470667108,0.0428853388932945,1,-1.0,-1.0,0,0,3,11,1,31.6,70.0,230.0,16.6,1013.0,cotonou/COTO,240.45018714908818,64.4,70.5,0.3666083849326124
6.364138475767576,2.3706140096085124,COTO,cotonou,6.352268,2.402957,3811.594333253901,21238.37353,9.0,100.0,109.0,570.0,10,11.640734195709229,290.2704749150927,1.463183604830658,1.6407341957092285,-0.0005380878224968909,1.1897454226333402,-0.0005438400774622832,1.2018499206854616,-0.0013982613072067082,0.04687582111270566,1,-1.0,-1.0,0,0,1,6,1,33.0,49.0,210.0,16.6,1009.0,cotonou/COTO,213.77228304903036,66.8,59.4,0.5395274352616787
6.357588754014725,2.4053578548487287,COTO,cotonou,6.352268,2.402957,645.5904339157094,21238.37353,9.0,100.0,109.0,570.0,10,14.51894235610962,24.15380766491694,8.326033402760569,4.518942356109619,0.0011257367475979775,0.5665068961888579,0.0010796033673816255,0.5458340946382958,-0.001731280485788981,0.0792464410157671,1,-1.0,-1.0,0,0,0,1,1,31.4,69.0,240.0,16.6,1010.7,cotonou/COTO,384.8115623263995,64.7,66.4,0.338456483297326
6.373583638873355,2.3629266098590764,COTO,cotonou,6.352268,2.402957,5017.144557640143,21238.37353,9.0,100.0,109.0,570.0,10,12.563607692718506,298.1840419430574,1.1011677827551023,2.563607692718506,-0.00022686185344817137,1.3286291570421591,-0.00020978751737455402,1.3250952107532072,0.0018482632107204861,0.06872074200802064,1,-1.0,-1.0,0,0,0,2,1,31.5,72.0,230.0,14.8,1010.2,cotonou/COTO,325.1163282580652,78.0,76.5,0.8444788732871865
6.37567785927149,2.362131875408931,COTO,cotonou,6.352268,2.402957,5206.12438585616,21238.37353,9.0,100.0,109.0,570.0,10,12.833059549331665,299.98606261328257,1.0582408046519878,2.833059549331665,-0.0001489510771795499,1.2650540157389278,-0.00015022750153686064,1.2580837639447007,0.001985798279444377,0.09371169804089675,1,-1.0,-1.0,0,0,2,4,1,31.0,75.0,200.0,18.4,1008.0,cotonou/COTO,386.1779175456935,76.1,76.5,0.48257250858729395
6.355702391784354,2.390589646963273,COTO,cotonou,6.352268,2.402957,1420.0587866602143,21238.37353,9.0,100.0,109.0,570.0,10,15.587552070617676,285.6118245231203,3.7635338097522135,5.587552070617676,0.00130594488647249,0.661123957720051,0.0009615494257266191,0.6512121905038368,-0.006511301502363929,0.22408065986803788,1,-1.0,-1.0,0,0,5,10,1,32.6,66.0,210.0,11.2,1010.9,cotonou/COTO,308.25641307206246,58.2,68.3,0.7686275894593791
6.373321656603062,2.3592714302579183,COTO,cotonou,6.352268,2.402957,5364.853951893249,21238.37353,9.0,100.0,109.0,570.0,10,13.85381555557251,295.8722451406214,1.0160394681674447,3.8538155555725098,3.518366226260502e-05,1.3625156658409194,3.527062593463596e-05,1.357103927640404,0.0020395623313056097,0.07527777778598367,1,-1.0,-1.0,0,0,1,5,1,32.0,71.0,220.0,18.4,1009.0,cotonou/COTO,246.89454307456222,65.2,63.4,0.852015516881169
6.3507077648608155,2.4140000337155607,COTO,cotonou,6.352268,2.402957,1233.9324611954612,21238.37353,9.0,100.0,109.0,570.0,10,15.357537269592285,98.09030976356132,4.3398269481168095,5.357537269592285,0.0013099570122976152,0.5014460385868952,0.0011994274312990894,0.5169701151726118,-0.0036011123076500682,0.10687685097409563,1,-1.0,-1.0,0,0,0,11,1,29.8,77.0,200.0,11.2,1012.0,cotonou/COTO,285.3045504368927,58.1,75.1,0.5047914829034981
6.3846314209111235,2.3754718597019484,COTO,cotonou,6.352268,2.402957,4696.402816993851,21238.37353,9.0,100.0,109.0,570.0,10,13.171608209609985,319.83632394190954,1.168937336568615,3.1716082096099854,-0.00010397921028106365,1.0444024686825946,2.542813145861866e-07,1.038154100868632,0.005076786603636431,0.07707023739198163,0,4423.465579132485,-1.0,3,0,2,9,1,32.1,54.0,211.0,13.0,1008.6,cotonou/COTO,342.02592664884946,70.5,70.2,0.9095522438713499
6.362437089035722,2.360966137182161,COTO,cotonou,6.352268,2.402957,4780.018229832147,21238.37353,9.0,100.0,109.0,570.0,10,11.65629756450653,283.6968382581653,1.1666508818635293,1.6562975645065308,-0.00044668058439236157,1.2164326235005334,-0.0004222140915605822,1.222626995916122,-0.00027508534966432863,0.014006501894921992,1,-1.0,-1.0,0,0,0,6,1,29.0,75.0,200.0,13.0,1010.0,cotonou/COTO,234.36776676836976,61.2,67.2,0.5871239405369806
6.384677499223877,2.3725765666078424,COTO,cotonou,6.352268,2.402957,4913.599253965178,21238.37353,9.0,100.0,109.0,570.0,10,12.70334267616272,317.02948563452077,1.1227382511487265,2.7033426761627197,-0.00020698777948006063,1.0936473010714134,-0.0002093498965343797,1.0876160088866533,-0.0008758650885687934,0.032643296133392126,1,-1.0,-1.0,0,0,2,11,1,34.0,32.0,222.0,5.4,1009.0,cotonou/COTO,267.5261198461977,64.4,62.5,0.8502742988337217
6.3510328610061135,2.4125544792293785,COTO,cotonou,6.352268,2.402957,1070.6208635942355,21238.37353,9.0,100.0,109.0,570.0,10,14.832941055297852,97.37758527860007,5.026546985119492,4.832941055297852,0.0010425459455560755,0.3151203758064459,0.001487300479621218,0.4208960033032086,0.006328588061862522,0.23252815379702518,1,-1.0,-1.0,0,0,0,11,1,30.0,75.0,180.0,20.5,1011.0,cotonou/COTO,374.95826287725737,75.1,70.9,0.3405907955915243
6.382866545518912,2.3676094794617537,COTO,cotonou,6.352268,2.402957,5171.489485848849,21238.37353,9.0,100.0,109.0,570.0,10,14.235110759735107,311.058555146154,1.0497982456035486,4.235110759735107,0.00010175709549861617,1.1096878303248718,0.00011428115212322382,1.110640237404844,0.002343058702521161,0.08069635144922052,1,-1.0,-1.0,0,0,5,4,1,34.0,32.0,222.0,5.4,1009.0,cotonou/COTO,327.77907193718073,61.3,68.0,0.4988169585314852
6.369969969321758,2.3618059214763507,COTO,cotonou,6.352268,2.402957,4955.925549652182,21238.37353,9.0,100.0,109.0,570.0,10,12.534323692321777,293.40693156393576,1.1151051805981673,2.5343236923217773,-0.00023547545015572546,1.4608031632299943,-0.0002120246906242447,1.4568194547491542,0.00330150392320421,0.12140502663715329,1,-1.0,-1.0,0,0,0,13,1,32.0,71.0,220.0,18.4,1009.0,cotonou/COTO,298.34231362650223,78.0,73.3,0.5314110410045777
6.37107239543576,2.3607145761664943,COTO,cotonou,6.352268,2.402957,5115.408269856606,21238.37353,9.0,100.0,109.0,570.0,10,13.046303987503052,294.13053842427826,1.0746155252924217,3.0463039875030518,-0.00010630017976100409,1.4335865804181251,-0.00012174603566958035,1.4253705631823552,0.0010437250137329101,0.057620576443799205,1,-1.0,-1.0,0,0,1,1,1,32.0,71.0,220.0,18.4,1009.0,cotonou/COTO,331.14855306943616,73.3,63.4,0.10497971589607058
6.380907177388068,2.3646994884588493,COTO,cotonou,6.352268,2.402957,5286.464332268989,21238.37353,9.0,100.0,109.0,570.0,10,13.282453775405884,306.9904601219891,1.0372929609688353,3.282453775405884,-7.995059485713864e-05,1.1119569479334903,-8.473342884301465e-05,1.1090045178733918,-0.00012212603857795178,0.03527388232922038,0,5063.987877403961,5042.799643607292,1,2,2,12,1,30.7,55.0,293.0,13.0,1011.4,cotonou/COTO,344.11074176779897,66.5,70.4,0.39855250670154063
6.371069715605457,2.4046601019369187,COTO,cotonou,6.352268,2.402957,2087.7630248782275,21238.37353,9.0,100.0,109.0,570.0,10,13.383979082107544,5.14406162793648,2.6222176158821116,3.383979082107544,-0.000153815405709403,0.5392321225197118,-0.0002123938666449654,0.5655638006098832,-0.001771851380666097,0.08182760964857602,1,-1.0,-1.0,0,0,1,3,1,32.0,75.0,200.0,20.5,1010.0,cotonou/COTO,258.69668668155117,68.0,75.5,0.9173376725516761
6.381693874508164,2.3686011979015005,COTO,cotonou,6.352268,2.402957,5003.734200060378,21238.37353,9.0,100.0,109.0,570.0,10,13.366671323776245,310.7573081207137,1.0949260821189206,3.366671323776245,-5.9160265222495214e-05,1.1133563250650576,2.281095728988941e-05,1.1088067302851696,0.006412826043453214,0.1854278885907159,1,-1.0,-1.0,0,0,3,13,1,34.0,32.0,222.0,5.4,1009.0,cotonou/COTO,218.89526468152152,61.3,58.1,0.6308322403647424
6.372304160321166,2.3547938482885664,COTO,cotonou,6.352268,2.402957,5771.0116188124875,21238.37353,9.0,100.0,109.0,570.0,10,13.24733829498291,292.71607438728205,0.9505647182206168,3.24733829498291,-7.938741608193088e-05,1.3619172984705548,-8.797362886852349e-05,1.3584198218312717,-0.0010177347260691965,0.034715617387111326,0,-1.0,5366.231244747483,0,4,3,2,1,31.0,63.0,210.0,16.6,1009.0,cotonou/COTO,249.20674248494376,58.6,51.6,0.17750658243696749
6.373414985391136,2.354880662676273,COTO,cotonou,6.352268,2.402957,5810.483392263174,21238.37353,9.0,100.0,109.0,570.0,10,13.234651565551758,293.87631704188055,0.944233581972399,3.234651565551758,-8.319023147355126e-05,1.351649025751992,-7.993631622418254e-05,1.3447730960576807,-0.00018565124935574002,0.007627827365113126,0,5437.867222819444,5216.626372212228,3,34,0,4,1,31.0,63.0,210.0,16.6,1009.0,cotonou/COTO,234.58846199256698,58.6,58.3,0.33885563560960497
6.38685015277681,2.3747281907989866,COTO,cotonou,6.352268,2.402957,4937.595315068509,21238.37353,9.0,100.0,109.0,570.0,10,13.365596532821655,320.9510911939239,1.109601396349504,3.3655965328216553,-6.939163548008518e-05,0.9902899034347904,-4.443360897833245e-05,0.9852857512842059,0.0009002288182576498,0.056163393795051225,0,-1.0,4531.901110824403,0,1,4,10,1,31.0,59.0,170.0,13.0,1007.0,cotonou/COTO,285.70158014965295,66.1,70.2,0.19160300966269983
6.3741269144874275,2.390987374960587,COTO,cotonou,6.352268,2.402957,2756.3125194864165,21238.37353,9.0,100.0,109.0,570.0,10,12.260335922241211,331.44509951954086,2.0101132140845066,2.260335922241211,-0.0005265970728123046,0.8297023023908949,-0.0005152521403968758,0.8482820900717388,-0.0004808584849039714,0.018010141799630147,1,-1.0,-1.0,0,0,1,6,1,33.0,67.0,190.0,20.5,1010.0,cotonou/COTO,256.9667980498637,81.4,73.3,0.02482313179857254
6.356635337870978,2.3983327970143953,COTO,cotonou,6.352268,2.402957,703.5779095994487,21238.37353,9.0,100.0,109.0,570.0,10,15.115276336669922,313.5401995994454,7.600591067751369,5.115276336669922,0.0019559512535730996,0.4643459248545674,0.001186849868619819,0.4780724526323443,-0.004444110119235051,0.04042666935668247,1,-1.0,-1.0,0,0,5,11,1,31.0,71.0,210.0,20.5,1010.0,cotonou/COTO,230.8079454871386,58.3,62.0,0.9274604585040267
6.351371853084009,2.4124231870595265,COTO,cotonou,6.352268,2.402957,1052.0235131716001,21238.37353,9.0,100.0,109.0,570.0,10,14.912057876586914,95.44065080778574,5.110662777906975,4.912057876586914,0.0011158022615644669,0.3417347141319226,0.0013424128025501698,0.3851716229779569,0.004546525743272569,0.17901667234838886,1,-1.0,-1.0,0,0,0,8,1,30.0,75.0,180.0,20.5,1011.0,cotonou/COTO,374.95826287725737,75.1,70.9,0.4482073282568715
6.3805235426897715,2.3712973743421526,COTO,cotonou,6.352268,2.402957,4693.94277421371,21238.37353,9.0,100.0,109.0,570.0,10,12.289135217666626,311.92612298711214,1.1803170143048938,2.289135217666626,-0.0002613940753916275,1.151029064526567,-0.00027275090447511816,1.1459196009992574,0.0020595351854960126,0.11055910995916006,1,-1.0,-1.0,0,0,1,3,1,30.0,70.0,210.0,16.6,1007.0,cotonou/COTO,383.9027712846491,78.2,58.1,0.30753507242078615
6.363234167508929,2.359605776564937,COTO,cotonou,6.352268,2.402957,4947.2930077681285,21238.37353,9.0,100.0,109.0,570.0,10,11.674470663070679,284.28246712187075,1.1270047817807871,1.6744706630706787,-0.00041042685608593584,1.2663138477985583,-0.00039938226669372433,1.2750635905565506,0.0004099872377183702,0.017230164803189365,1,-1.0,-1.0,0,0,0,0,1,33.0,48.0,210.0,9.4,1011.2,cotonou/COTO,275.55065323816524,67.2,65.7,0.5984771915577366
6.383706395111295,2.371553469328778,COTO,cotonou,6.352268,2.402957,4915.174617929479,21238.37353,9.0,100.0,109.0,570.0,10,13.232849359512329,315.2108298064434,1.1162084342256433,3.232849359512329,-8.343866702198621e-05,1.1223793870348686,-8.467310945518146e-05,1.1157023359753304,0.0031328044648490446,0.09304461684328179,1,-1.0,-1.0,0,0,2,10,1,34.0,32.0,222.0,5.4,1009.0,cotonou/COTO,324.8945539710613,53.4,58.1,0.0073144562930156365
6.365484439557869,2.370674988712686,COTO,cotonou,6.352268,2.402957,3859.1355868358464,21238.37353,9.0,100.0,109.0,570.0,10,11.50969135761261,292.39051392122127,1.4471104509627843,1.5096913576126099,-0.0005707867759150144,1.3256140484542143,-0.0005649910628340626,1.34357840872676,-0.0005771090586980184,0.027290920241899917,1,-1.0,-1.0,0,0,0,2,1,31.0,63.0,180.0,9.4,1011.0,cotonou/COTO,257.5295687877015,62.4,62.5,0.27802210660081383
6.348552911083391,2.3772337039591944,COTO,cotonou,6.352268,2.402957,2875.5513019661917,21238.37353,9.0,100.0,109.0,570.0,10,10.30681025981903,261.7332625281167,1.965704613481976,0.30681025981903076,-0.0011806184632910622,1.3032414963963739,-0.0011565242089381835,1.3673087640455488,0.0,0.0,1,-1.0,-1.0,0,0,0,0,1,33.0,63.0,210.0,13.0,1009.0,cotonou/COTO,255.08273363755146,64.3,66.5,0.7030334656988926
6.360560664494408,2.37675862029743,COTO,cotonou,6.352268,2.402957,3040.194568790807,21238.37353,9.0,100.0,109.0,570.0,10,12.972028017044067,287.6676816929817,1.8091502794730296,2.9720280170440674,-0.0002401841232200074,0.8608011549704194,-0.00023681577355344705,0.8672327309893384,-0.00028394063313802085,0.011601668815112477,1,-1.0,-1.0,0,0,2,14,1,31.7,62.0,220.0,11.2,1010.7,cotonou/COTO,353.12133962707986,65.7,63.8,0.633769773069263
6.354395781723676,2.415256179248984,COTO,cotonou,6.352268,2.402957,1380.9801904179103,21238.37353,9.0,100.0,109.0,570.0,10,15.435359001159668,80.12472795858679,3.875999673044026,5.435359001159668,0.0012257926007534596,0.5425438932441308,0.0012422039928306815,0.5467326430595651,0.0006501247971900463,0.01779723717377138,1,-1.0,-1.0,0,0,2,12,1,29.8,77.0,200.0,11.2,1012.0,cotonou/COTO,331.6003083532061,58.1,69.85,0.9818059475425355
6.360347702783575,2.361844608106419,COTO,cotonou,6.352268,2.402957,4635.591499249917,21238.37353,9.0,100.0,109.0,570.0,10,12.326525211334229,281.1877993237123,1.1947082289805568,2.3265252113342285,-0.00029421984891247083,0.9596589827796772,-0.00029779928251942746,0.9710668892546881,0.00015580256779988602,0.013609144382257474,1,-1.0,-1.0,0,0,1,6,1,29.0,75.0,200.0,13.0,1010.0,cotonou/COTO,243.7480135303034,61.2,68.1,0.620357709658044
6.3725484767033524,2.3562873087300513,COTO,cotonou,6.352268,2.402957,5629.508226137076,21238.37353,9.0,100.0,109.0,570.0,10,13.444994926452637,293.6197726043212,0.9724424537267886,3.4449949264526367,-5.247188105501269e-05,1.3744049355833974,-5.370437053211944e-05,1.3673328068662034,-0.0008895198504130046,0.044777609519584934,0,-1.0,5347.468735849648,0,5,1,10,1,32.0,71.0,220.0,18.4,1009.0,cotonou/COTO,309.1504439589486,65.2,58.6,0.4775058736277328
6.366864032917672,2.400439862332139,COTO,cotonou,6.352268,2.402957,1637.9931635547564,21238.37353,9.0,100.0,109.0,570.0,10,13.437885522842407,350.2745782025241,3.338906764056372,3.4378855228424072,-0.000163094491669626,0.5637544304623059,-0.00018008312983819617,0.5785863273302934,-0.00015599926312764487,0.021551263513750783,1,-1.0,-1.0,0,0,3,4,1,32.0,63.0,210.0,14.8,1011.0,cotonou/COTO,311.79147214124436,68.2,66.0,0.7614325631840076
6.363623232951038,2.387212281485958,COTO,cotonou,6.352268,2.402957,2147.422866010337,21238.37353,9.0,100.0,109.0,570.0,10,12.794686079025269,305.96822350935577,2.56515622037312,2.7946860790252686,-0.00047116303108303906,0.8679717352824537,-0.0005117554733097479,0.8853272846814495,-0.0026326613103736045,0.059838133946018994,1,-1.0,-1.0,0,0,4,9,1,31.9,70.0,220.0,18.4,1008.0,cotonou/COTO,376.3702126895599,62.4,66.2,0.9033278719640531
6.370999478039962,2.3618191850648875,COTO,cotonou,6.352268,2.402957,5000.6514035575865,21238.37353,9.0,100.0,109.0,570.0,10,12.668335199356079,294.6174434706646,1.1035992699857158,2.668335199356079,-0.00019446256481427406,1.442576764282908,-0.00017855952712440867,1.4345808121174712,0.0027071237564086914,0.09984214574250118,1,-1.0,-1.0,0,0,1,7,1,31.5,72.0,230.0,14.8,1010.2,cotonou/COTO,394.064070171349,78.0,73.3,0.7206959467183516
6.35684448012512,2.403401270459983,COTO,cotonou,6.352268,2.402957,508.48461905764884,21238.37353,9.0,100.0,109.0,570.0,10,14.618048667907715,5.510841090177394,10.515239338995402,4.618048667907715,0.001771341395326607,0.4610574016384219,0.001362995568135206,0.4413503092828316,-0.002917519873659591,0.084753939758688,1,-1.0,-1.0,0,0,0,7,1,31.0,75.0,210.0,18.4,1008.0,cotonou/COTO,329.0564998598276,66.4,68.1,0.9632112235493796
6.362403907497571,2.3980458767014845,COTO,cotonou,6.352268,2.402957,1245.6647962685208,21238.37353,9.0,100.0,109.0,570.0,10,14.715895175933838,334.287237576842,4.328452196425453,4.715895175933838,0.0008007172554258317,0.3525714888153104,0.0004612971435893666,0.3449090801528625,-0.0046170155207316075,0.2192951433648663,1,-1.0,-1.0,0,0,5,10,1,33.0,63.0,200.0,16.6,1009.0,cotonou/COTO,392.99957175554596,68.1,56.6,0.7820051707381772
6.36945438903718,2.405514813567706,COTO,cotonou,6.352268,2.402957,1921.5596006576543,21238.37353,9.0,100.0,109.0,570.0,10,14.008097648620605,8.413567829732642,2.8301011386286845,4.0080976486206055,0.00015441344334529,0.4572254517896083,0.0001440727349483606,0.45859763614725285,-0.0005847480561998156,0.021497625914867067,1,-1.0,-1.0,0,0,6,6,1,32.0,75.0,200.0,20.5,1010.0,cotonou/COTO,258.69668668155117,75.5,68.0,0.8668014382619265
6.3833376694095545,2.3737397155675297,COTO,cotonou,6.352268,2.402957,4717.499799376745,21238.37353,9.0,100.0,109.0,570.0,10,12.741835117340088,316.9384675924922,1.1689287999598248,2.741835117340088,-0.00020361947610911436,1.1153995002515387,-0.0001813998823049088,1.1119772685778757,0.0014795816691549376,0.04422767196109533,1,-1.0,-1.0,0,0,0,15,1,34.0,32.0,222.0,5.4,1009.0,cotonou/COTO,267.5261198461977,64.4,62.5,0.11410407118363719
6.382945738479342,2.3657426215164676,COTO,cotonou,6.352268,2.402957,5334.959643261149,21238.37353,9.0,100.0,109.0,570.0,10,14.034875869750977,309.6767145443537,1.0197877021445325,4.034875869750977,5.8628170933178834e-05,1.1022105369618302,4.175617052729796e-05,1.0998104005540592,-0.0016920126953030388,0.050063022025886784,0,-1.0,4992.837982771455,0,6,3,13,1,33.0,28.0,70.0,11.2,1010.0,cotonou/COTO,379.59078834977134,68.0,55.8,0.7324135029937877
6.364325466063714,2.3684186536806484,COTO,cotonou,6.352268,2.402957,4047.2582207582955,21238.37353,9.0,100.0,109.0,570.0,10,11.528904438018799,289.35647384790985,1.3796013897118011,1.5289044380187988,-0.0005386297381221895,1.2250918319501425,-0.0005387856972668238,1.246902027359097,-0.0006377125616256526,0.01843879285330053,1,-1.0,-1.0,0,0,2,3,1,30.1,50.0,198.0,11.1,1009.1,cotonou/COTO,358.990200005476,58.0,59.4,0.4400886995273686
6.380792509661346,2.3708974079129206,COTO,cotonou,6.352268,2.402957,4746.769823848539,21238.37353,9.0,100.0,109.0,570.0,10,12.405969619750977,311.8384361452547,1.1657751961763203,2.4059696197509766,-0.0002727509044751181,1.1460830690696207,-0.00023445613893875614,1.1428241622414241,0.003249630550273717,0.1032383753385538,1,-1.0,-1.0,0,0,3,9,1,30.7,45.0,199.0,11.1,1008.8,cotonou/COTO,383.9027712846491,58.1,78.2,0.5531038024112752
6.364118069699268,2.416811928433966,COTO,cotonou,6.352268,2.402957,2016.7112182122655,21238.37353,9.0,100.0,109.0,570.0,10,14.897308826446533,49.28428038922266,2.671566959238033,4.897308826446533,0.0005834889178182564,0.40257049831037245,0.0005455513420003776,0.39979773946671704,-0.0011694592257814052,0.03624323740076681,1,-1.0,-1.0,0,0,10,5,1,33.0,63.0,248.0,13.0,1011.0,cotonou/COTO,374.3070762089054,61.6,65.7,0.6541024094823568
6.34802920135977,2.3839911004890633,COTO,cotonou,6.352268,2.402957,2150.12688728286,21238.37353,9.0,100.0,109.0,570.0,10,11.187092542648315,257.32745502426525,2.604686080135535,1.1870925426483154,-0.001610645324540875,0.5640259606437293,-0.0011430318828101632,0.7040707422652224,-0.01966142521964179,0.7637171962299297,1,-1.0,-1.0,0,0,2,6,1,32.0,71.0,200.0,18.4,1008.0,cotonou/COTO,255.0899788310412,65.8,63.1,0.9698151167055694
6.364628766246515,2.410632346271624,COTO,cotonou,6.352268,2.402957,1609.2503808151296,21238.37353,9.0,100.0,109.0,570.0,10,15.128331184387207,31.67932595989396,3.3384254776854134,5.128331184387207,0.0008773702162283441,0.4558645777682853,0.0006951244378897275,0.45093229685934666,-0.0023024495574456294,0.03903356379287347,1,-1.0,-1.0,0,0,0,9,1,32.0,63.0,180.0,14.8,1011.0,cotonou/COTO,343.10493220009766,58.8,67.6,0.9845780814316246
6.354304994008665,2.4063420143792045,COTO,cotonou,6.352268,2.402957,437.0466450361599,21238.37353,9.0,100.0,109.0,570.0,10,14.831409454345703,58.805460225043134,12.159385126092786,4.831409454345703,0.002439003750039262,0.44561627047754776,0.0021377212861004996,0.43721822095415397,5.0286451975504575e-05,0.028496249245937622,1,-1.0,-1.0,0,0,3,8,1,31.4,69.0,240.0,16.6,1010.7,cotonou/COTO,245.31000000003797,71.6,65.4,0.28822824548790527
6.356854320718979,2.3745356596670755,COTO,cotonou,6.352268,2.402957,3185.179946891268,21238.37353,9.0,100.0,109.0,570.0,10,14.06065320968628,279.2240059151647,1.7072862181784627,4.060653209686279,0.00011017500797164778,0.5457593338344782,6.513680032732513e-05,0.5474374202606842,-0.0015000171751479911,0.06405864039879156,1,-1.0,-1.0,0,0,6,6,1,29.6,72.0,220.0,14.8,1010.1,cotonou/COTO,275.910366967215,56.3,53.0,0.7337534974379162
6.3726175143219965,2.4006700375335077,COTO,cotonou,6.352268,2.402957,2264.5901772154775,21238.37353,9.0,100.0,109.0,570.0,10,11.957129120826721,353.6270643537048,2.4537540318012723,1.9571291208267212,-0.0007674834707327055,0.8859425105943152,-0.0007551305823855929,0.9289206973737176,-0.00036812921365102127,0.0164860747979078,1,-1.0,-1.0,0,0,1,7,1,32.0,75.0,200.0,20.5,1010.0,cotonou/COTO,270.87866527279124,86.5,87.4,0.7499835379352686
6.362217585351097,2.397630828057959,COTO,cotonou,6.352268,2.402957,1248.1686584326342,21238.37353,9.0,100.0,109.0,570.0,10,14.403059005737305,331.9862358226452,4.334080745889716,4.403059005737305,0.0004056471170537956,0.32927563646992586,0.0004606530521855211,0.3229870178537123,-0.0032534400622049966,0.17174099418524036,1,-1.0,-1.0,0,0,4,10,1,32.0,71.0,210.0,22.3,1008.0,cotonou/COTO,392.99957175554596,56.6,68.1,0.3464928613130488
6.368266383279566,2.3892664375883723,COTO,cotonou,6.352268,2.402957,2329.057231212536,21238.37353,9.0,100.0,109.0,570.0,10,12.171190738677979,319.62027619530113,2.3806581429795193,2.1711907386779785,-0.0006770929091490488,0.7306617221945442,-0.0008265933112966657,0.783782055105635,-0.006023092501695234,0.17909489815455065,1,-1.0,-1.0,0,0,4,6,1,32.0,63.0,210.0,16.6,1010.0,cotonou/COTO,370.2078816016378,62.3,84.9,0.12386977486422102
6.349648362121588,2.3806361613461315,COTO,cotonou,6.352268,2.402957,2486.530406204851,21238.37353,9.0,100.0,109.0,570.0,10,12.82511305809021,263.26650331722936,2.215001948091438,2.82511305809021,-0.00035524246049636513,0.47885061081483893,-0.00027786484695253063,0.5068976392693355,0.001749341807014182,0.03737017320434711,1,-1.0,-1.0,0,0,0,1,1,32.0,71.0,200.0,18.4,1008.0,cotonou/COTO,206.50773641684015,75.4,65.8,0.04094696028571976
6.357916407470043,2.3747920325696383,COTO,cotonou,6.352268,2.402957,3178.160503384343,21238.37353,9.0,100.0,109.0,570.0,10,13.390741109848022,281.4099210843115,1.7231210874412093,3.3907411098480225,-9.767212704493266e-05,0.6765363523885686,-0.00010375888536065106,0.6860744676261706,0.0003586476707245136,0.018607762751436843,1,-1.0,-1.0,0,0,3,10,1,32.4,63.0,230.0,7.6,1010.7,cotonou/COTO,320.4806640032702,63.8,53.0,0.7773431275291786
6.374909923246105,2.3596138669716,COTO,cotonou,6.352268,2.402957,5409.762606826918,21238.37353,9.0,100.0,109.0,570.0,10,13.611893653869629,297.7300016857537,1.010168099128977,3.611893653869629,-5.9903752053755485e-05,1.2955920084341048,-1.4162345551851887e-05,1.2924979771018061,-0.0001880128038788615,0.030856477106726947,1,-1.0,-1.0,0,0,2,5,1,31.5,72.0,200.0,11.2,1008.3,cotonou/COTO,324.3499013411239,63.4,77.1,0.4896997418169059
6.379405571183042,2.3770851290915314,COTO,cotonou,6.352268,2.402957,4147.273982649004,21238.37353,9.0,100.0,109.0,570.0,10,11.950038433074951,316.54617290628556,1.3405283966511377,1.9500384330749512,-0.00042133165492142416,1.1731433658976582,-0.0004019921396961358,1.1723109877536513,0.001148267836349654,0.033719962748105424,1,-1.0,-1.0,0,0,0,6,1,32.1,54.0,211.0,13.0,1008.6,cotonou/COTO,333.1849486397105,70.5,81.4,0.9855401694949262
6.384709799106042,2.3707567596534145,COTO,cotonou,6.352268,2.402957,5055.995286159016,21238.37353,9.0,100.0,109.0,570.0,10,12.832928895950317,315.3932120318555,1.0896574615380434,2.8329288959503174,-0.00019115126906133932,1.1043101069782622,-0.0001552590617427119,1.0978531270206273,0.0004697640736897787,0.023524521160437867,0,4883.746949756805,4630.44057269473,1,4,4,11,1,34.0,32.0,222.0,5.4,1009.0,cotonou/COTO,265.7725736414513,57.6,53.4,0.46497345619365305
6.384922837884261,2.372322996073887,COTO,cotonou,6.352268,2.402957,4952.580328080683,21238.37353,9.0,100.0,109.0,570.0,10,12.664428949356079,317.00749043295673,1.1143535869707113,2.664428949356079,-0.0002093498965343797,1.0870147028914403,-0.0002137120640263094,1.0840706475312967,-0.0007449853648582209,0.021234037405576823,0,-1.0,4734.2300931753225,0,1,0,6,1,34.0,32.0,222.0,5.4,1009.0,cotonou/COTO,161.07626082067793,53.4,62.5,0.9779169790738402
6.372434500715546,2.403281351444805,COTO,cotonou,6.352268,2.402957,2230.459914556951,21238.37353,9.0,100.0,109.0,570.0,10,12.512105703353882,0.9157550144146285,2.4770247794414004,2.512105703353882,-0.000531060324774848,0.7370371744223081,-0.0005726942609880431,0.7604438823725528,-0.0019379211308621347,0.06426250853719766,1,-1.0,-1.0,0,0,0,0,1,32.0,75.0,200.0,20.5,1010.0,cotonou/COTO,331.4609434005665,86.5,75.5,0.4115760021940599
6.350957541909622,2.390033415552634,COTO,cotonou,6.352268,2.402957,1437.1998213426684,21238.37353,9.0,100.0,109.0,570.0,10,14.344090461730957,264.17516859226475,3.7681348740254315,4.344090461730957,0.0004436838117842651,0.2802218829739369,0.000396312824983106,0.27470167034144966,-0.0003111052496779961,0.011779893408128574,1,-1.0,-1.0,0,0,2,5,1,31.0,71.0,240.0,9.4,1011.0,cotonou/COTO,384.59858190063676,54.4,65.2,0.7936821505599726
6.3606388867532715,2.379002506037527,COTO,cotonou,6.352268,2.402957,2807.336424499738,21238.37353,9.0,100.0,109.0,570.0,10,13.106179475784302,289.37356682100756,1.9563653802334853,3.1061794757843018,-0.0002200056001854957,0.8526146743245165,-0.000220476422044966,0.8655588737832297,-0.0010147849718729655,0.04516079909666472,1,-1.0,-1.0,0,0,2,14,1,32.0,63.0,220.0,13.0,1010.0,cotonou/COTO,343.13365923494894,65.8,63.8,0.08481927231183206
6.348885402587524,2.383140152029577,COTO,cotonou,6.352268,2.402957,2224.236254183432,21238.37353,9.0,100.0,109.0,570.0,10,13.115527868270874,260.2558003279622,2.4684321089579195,3.115527868270874,-0.00026287269592285156,0.4433467361278991,-0.00046495486228177355,0.47527378171258716,-0.005529494943111189,0.19765558308792017,1,-1.0,-1.0,0,0,6,7,1,32.0,71.0,200.0,18.4,1008.0,cotonou/COTO,255.0899788310412,63.1,65.8,0.5554617101377639
6.363873901023898,2.3698181009827253,COTO,cotonou,6.352268,2.402957,3884.619795980721,21238.37353,9.0,100.0,109.0,570.0,10,11.605924487113953,289.4136462209341,1.4362025049701896,1.6059244871139526,-0.0005387351146111122,1.1678585144648697,-0.0005729142735004234,1.1925411109598976,-0.0018141755478375825,0.02743756961914281,1,-1.0,-1.0,0,0,4,2,1,30.0,55.0,310.0,7.6,1013.0,cotonou/COTO,248.21595536951256,62.5,59.4,0.8020597869857242
6.374939458233411,2.3569666026178675,COTO,cotonou,6.352268,2.402957,5672.4525344191825,21238.37353,9.0,100.0,109.0,570.0,10,13.614120244979858,296.38473544569007,0.963374001841507,3.6141202449798584,-1.629319107323367e-05,1.3131785105294809,-2.7573727648922695e-05,1.309938562381003,-0.001603554026471426,0.051713175686552024,0,-1.0,5251.849841486297,0,6,0,4,1,31.0,63.0,210.0,16.6,1009.0,cotonou/COTO,241.37076977131866,58.3,72.1,0.9247016672198887
6.359672416151291,2.376936767346271,COTO,cotonou,6.352268,2.402957,2993.059571619921,21238.37353,9.0,100.0,109.0,570.0,10,13.091174364089966,285.9791147479706,1.8353431120062011,3.091174364089966,-0.00020527235666910817,0.811753635407504,-0.00023643986051669213,0.8265286733377295,-0.0011965433685972606,0.024767600630088964,1,-1.0,-1.0,0,0,0,3,1,32.0,63.0,220.0,13.0,1010.0,cotonou/COTO,343.13365923494894,65.8,63.8,0.8225830906174316
6.3563361480638765,2.410806231312657,COTO,cotonou,6.352268,2.402957,978.0527426964201,21238.37353,9.0,100.0,109.0,570.0,10,15.505800724029541,62.45797775101374,5.460436876820538,5.505800724029541,0.0018660572805521158,0.5347399121140928,0.0018295176823933917,0.5547006295292273,0.0016019503275553383,0.08659968519010457,1,-1.0,-1.0,0,0,4,12,1,32.0,71.0,220.0,16.6,1011.0,cotonou/COTO,387.43452466200705,58.7,70.9,0.036970727201174225
6.357046957457865,2.3916529643480686,COTO,cotonou,6.352268,2.402957,1357.7574034550248,21238.37353,9.0,100.0,109.0,570.0,10,15.277434825897217,293.04451805293985,3.9487193256829287,5.277434825897217,0.0011380024578260337,0.6795500513125459,0.0007888417877247568,0.6728294378031078,-0.0083123721161796,0.25179712108733066,1,-1.0,-1.0,0,0,2,11,1,32.6,66.0,210.0,11.2,1010.9,cotonou/COTO,267.5192114597196,58.2,57.1,0.3727023413067342
6.370704777673451,2.3609493448835206,COTO,cotonou,6.352268,2.402957,5075.2212066891425,21238.37353,9.0,100.0,109.0,570.0,10,12.907895803451538,293.82906181841304,1.0846845960745883,2.907895803451538,-0.00015668541777367684,1.4402153295360485,-0.00013499464440299287,1.4359864296047515,0.002018610636393229,0.07679824289852441,1,-1.0,-1.0,0,0,2,6,1,32.0,71.0,220.0,18.4,1009.0,cotonou/COTO,298.34231362650223,73.3,78.0,0.04869847231385127
6.364202482314256,2.4074686966568626,COTO,cotonou,6.352268,2.402957,1411.0521435356484,21238.37353,9.0,100.0,109.0,570.0,10,14.990380764007568,20.591621936180843,3.811628137719071,4.990380764007568,0.0008912425902154711,0.4305420673763353,0.0008386415639563627,0.4270751489081084,-0.0007880582560046817,0.02222043059948411,1,-1.0,-1.0,0,0,2,8,1,32.0,63.0,180.0,14.8,1011.0,cotonou/COTO,373.8657305772486,58.8,70.5,0.109282291114558
6.358803599032188,2.375751647932775,COTO,cotonou,6.352268,2.402957,3095.554775438293,21238.37353,9.0,100.0,109.0,570.0,10,13.11829948425293,283.59025789390734,1.77411202309806,3.1182994842529297,-0.00021950269048786486,0.7721053676927222,-0.0002179985882702886,0.7810287246531141,-0.0015301489961034396,0.05695479079782525,1,-1.0,-1.0,0,0,6,4,1,32.4,63.0,230.0,7.6,1010.7,cotonou/COTO,320.4806640032702,53.0,63.8,0.6753056286674841
6.384428129917287,2.3727930520498273,COTO,cotonou,6.352268,2.402957,4877.1003058911,21238.37353,9.0,100.0,109.0,570.0,10,12.74325680732727,317.01309924132437,1.130669631475013,2.7432568073272705,-0.00020050500294969514,1.0957599942455036,-0.00020275732483526667,1.0895552353191396,-0.0006191194057464599,0.030093862348870952,1,-1.0,-1.0,0,0,2,11,1,34.0,32.0,222.0,5.4,1009.0,cotonou/COTO,267.5261198461977,64.4,62.5,0.7132581963116982
6.363803579423665,2.3703119003192503,COTO,cotonou,6.352268,2.402957,3830.5000974245945,21238.37353,9.0,100.0,109.0,570.0,10,11.691056847572327,289.574658552106,1.4552128224337328,1.6910568475723267,-0.000524982965240876,1.1524050241733999,-0.0005506018125753187,1.178744217934327,-0.0014601386946531056,0.032079600467265476,1,-1.0,-1.0,0,0,0,8,1,33.0,49.0,210.0,16.6,1009.0,cotonou/COTO,213.77228304903036,66.8,59.4,0.7737206827516263
6.371856540147653,2.392701676572267,COTO,cotonou,6.352268,2.402957,2445.4154669325085,21238.37353,9.0,100.0,109.0,570.0,10,12.36677098274231,332.51203548317903,2.262927129404578,2.3667709827423096,-0.0005448050615264149,0.7459695366253104,-0.0005180260491749598,0.7707291416466195,0.00011548201243082685,0.012789576174516988,1,-1.0,-1.0,0,0,1,3,1,33.0,67.0,190.0,20.5,1010.0,cotonou/COTO,363.2414581239478,81.4,82.1,0.8654565480556629
6.370754712076856,2.3901629591888263,COTO,cotonou,6.352268,2.402957,2486.6204301236876,21238.37353,9.0,100.0,109.0,570.0,10,11.890429615974426,325.480300914032,2.2364259825954926,1.8904296159744263,-0.0007327692856524166,0.7806584646736663,-0.0006885350908364876,0.8208526101661708,0.00013278196024523752,0.019121713912127674,1,-1.0,-1.0,0,0,2,5,1,33.0,67.0,200.0,18.4,1012.0,cotonou/COTO,137.85914006689853,86.3,84.9,0.7394314684765099
6.380384884362104,2.3660044921456556,COTO,cotonou,6.352268,2.402957,5136.417119943935,21238.37353,9.0,100.0,109.0,570.0,10,13.282978296279907,307.44021432922983,1.0675820438017647,3.2829782962799072,-8.217308872429901e-05,1.1249359612506369,-7.70976588569105e-05,1.1218813164537176,0.0004834212507979889,0.02475851745129342,1,-1.0,-1.0,0,0,0,3,1,34.0,32.0,222.0,5.4,1009.0,cotonou/COTO,238.87705477918232,61.3,66.5,0.8008715921066321
6.348709152862812,2.3777817902012903,COTO,cotonou,6.352268,2.402957,2813.0762205602005,21238.37353,9.0,100.0,109.0,570.0,10,10.30681025981903,261.90617386436156,2.009325181292858,0.30681025981903076,-0.0012057380050632125,1.2291265794545891,-0.0011806184632910622,1.3035309657425043,0.0,0.0,1,-1.0,-1.0,0,0,0,0,1,33.0,63.0,200.0,11.2,1008.0,cotonou/COTO,255.08273363755146,66.5,64.3,0.048963709823279244
6.368642732424779,2.3987792294697377,COTO,cotonou,6.352268,2.402957,1868.908440691711,21238.37353,9.0,100.0,109.0,570.0,10,12.763568639755249,345.77191960415723,2.947750376021648,2.763568639755249,-0.0007726640719483031,0.6233811093194959,-0.0005333772482592281,0.6447552462090359,-0.0030793294527656045,0.11678791798635314,1,-1.0,-1.0,0,0,0,10,1,32.0,63.0,210.0,14.8,1011.0,cotonou/COTO,322.2748851523748,68.2,73.4,0.23453515044129858
6.363070934362203,2.3760773867412035,COTO,cotonou,6.352268,2.402957,3204.9325560279913,21238.37353,9.0,100.0,109.0,570.0,10,12.172682762145996,292.0192874985815,1.7304918294123837,2.172682762145996,-0.0004918980064264922,1.0680434965155496,-0.00041753489063415524,1.0880180171082683,-4.0677432217404476e-05,0.06089199147095618,1,-1.0,-1.0,0,0,4,8,1,31.0,63.0,180.0,9.4,1011.0,cotonou/COTO,398.79289324162653,60.5,65.7,0.6218977733752458
6.3479885812530465,2.3818088742079753,COTO,cotonou,6.352268,2.402957,2387.229991401517,21238.37353,9.0,100.0,109.0,570.0,10,11.046527743339539,258.4928394213963,2.3496579819145356,1.0465277433395386,-0.0011085265378157298,0.8235076514970804,-0.0010814893051860777,0.9126858393931668,0.0,0.0,1,-1.0,-1.0,0,0,2,0,1,32.0,71.0,200.0,18.4,1008.0,cotonou/COTO,288.60213460746706,63.1,59.0,0.8581253046248232
6.369826354898799,2.4027210897526197,COTO,cotonou,6.352268,2.402957,1941.9171303336814,21238.37353,9.0,100.0,109.0,570.0,10,13.184560775756836,359.2349842480045,2.824719810540818,3.184560775756836,-0.0003004520358650689,0.5079272349424374,-0.00041654607727462865,0.5440385984079489,-0.0052089160415213385,0.11768549495936903,1,-1.0,-1.0,0,0,1,7,1,32.0,75.0,200.0,20.5,1010.0,cotonou/COTO,237.45958919365236,86.2,69.0,0.0045001249396591225
6.365222977915784,2.368053082010506,COTO,cotonou,6.352268,2.402957,4118.928242392436,21238.37353,9.0,100.0,109.0,570.0,10,11.471461176872253,290.4805150361607,1.3564037468688162,1.4714611768722534,-0.0005510081420578619,1.3113658181221959,-0.0005369118466264992,1.3200934802669693,-0.0002593601540026249,0.010632158932453204,1,-1.0,-1.0,0,0,3,1,1,30.0,55.0,310.0,7.6,1013.0,cotonou/COTO,211.07519039432174,62.5,58.0,0.5146293421163498
6.349020923587341,2.3885005231529663,COTO,cotonou,6.352268,2.402957,1639.2904248070547,21238.37353,9.0,100.0,109.0,570.0,10,13.493959665298462,257.2660394511395,3.334317227487642,3.493959665298462,-0.0001224194316282065,0.38956407874848953,-8.144336834288488e-05,0.3922731120399621,0.0003100713094075521,0.037577022952712966,1,-1.0,-1.0,0,0,1,6,1,31.8,66.0,200.0,14.8,1010.6,cotonou/COTO,288.65336045167965,65.2,69.3,0.6772873993643972
6.3658856253849345,2.363295861138473,COTO,cotonou,6.352268,2.402957,4639.294858460648,21238.37353,9.0,100.0,109.0,570.0,10,11.512753367424011,289.0609440186787,1.2038005873469797,1.5127533674240112,-0.0004703862823630614,1.371926594839662,-0.00046374511819989307,1.3815386975235815,5.180040995279949e-05,0.007432824066477672,1,-1.0,-1.0,0,0,1,2,1,30.1,50.0,198.0,11.1,1009.1,cotonou/COTO,322.59013949595317,61.3,66.1,0.029607289128613212
6.378203117782372,2.3623042773366896,COTO,cotonou,6.352268,2.402957,5334.380430194212,21238.37353,9.0,100.0,109.0,570.0,10,12.341007471084595,302.69966295493316,1.0380861270625372,2.3410074710845947,-0.0002578427857261449,1.1918211322327084,-0.0002783101134830051,1.1892958512919218,-0.0018877744674682614,0.07553569661817064,0,4757.112808489827,5045.74661934202,1,1,1,6,1,31.0,75.0,200.0,18.4,1008.0,cotonou/COTO,316.153254609243,76.1,78.2,0.4013555575533879
6.361421329421994,2.3958570993331305,COTO,cotonou,6.352268,2.402957,1281.2893220825422,21238.37353,9.0,100.0,109.0,570.0,10,13.720560073852539,322.37197557628514,4.252810410324233,3.720560073852539,5.305284542549607e-06,0.3633510553946611,-7.826663829662173e-06,0.37998292435858805,-0.00043834050496419276,0.016793317686080066,1,-1.0,-1.0,0,0,4,10,1,32.0,71.0,210.0,22.3,1008.0,cotonou/COTO,392.99957175554596,56.6,68.1,0.8956348813836968
6.3653123741482505,2.368395767568295,COTO,cotonou,6.352268,2.402957,4086.8812105222787,21238.37353,9.0,100.0,109.0,570.0,10,11.480753302574158,290.7969024926561,1.3669056882006143,1.4807533025741577,-0.0005416637789593996,1.319464263612464,-0.0005409524334814332,1.3281706461958667,-0.00037692778911103784,0.012963783955106419,1,-1.0,-1.0,0,0,2,1,1,30.1,50.0,198.0,11.1,1009.1,cotonou/COTO,211.07519039432174,58.0,62.5,0.6716128088558587
6.366923560499242,2.40075,COTO,cotonou,6.352268,2.402957,1639.0186652775315,21238.37353,9.0,100.0,109.0,570.0,10,13.498097896575928,351.48815113661544,3.3347246582665826,3.4980978965759277,-0.0001252054877757733,0.549615577676647,-0.00011959619689406007,0.561347602605799,0.0003162384033203125,0.014257430106580826,1,-1.0,-1.0,0,0,5,6,1,32.0,63.0,210.0,14.8,1011.0,cotonou/COTO,305.25,66.0,69.0,0.2376583633605973
6.371904851893512,2.39321616083444,COTO,cotonou,6.352268,2.402957,2424.314743980039,21238.37353,9.0,100.0,109.0,570.0,10,12.295861721038818,333.7575195690406,2.284275620013735,2.2958617210388184,-0.0005841701606566187,0.7859110688320186,-0.0005448441907583948,0.8103568296670572,0.00026906331380208327,0.013185884774240599,1,-1.0,-1.0,0,0,0,6,1,31.7,72.0,200.0,14.8,1010.3,cotonou/COTO,361.2210155846181,76.9,82.1,0.8527811296319127
6.366064330868499,2.4099563148799845,COTO,cotonou,6.352268,2.402957,1710.9864586591304,21238.37353,9.0,100.0,109.0,570.0,10,14.588035106658936,26.757313562363436,3.1583691910360137,4.5880351066589355,0.0005063469382538193,0.4220612082508172,0.00042187222793803157,0.42068515194831746,-0.0022533367463243447,0.07066017456387094,1,-1.0,-1.0,0,0,7,8,1,32.0,63.0,180.0,14.8,1011.0,cotonou/COTO,273.522108978383,56.6,67.6,0.3480314234095143
6.366879862811811,2.410073027777976,COTO,cotonou,6.352268,2.402957,1797.491267168263,21238.37353,9.0,100.0,109.0,570.0,10,14.38318681716919,25.826894435483666,3.0131692590555863,4.3831868171691895,0.0003756641017066108,0.41269235648357394,0.0002966698976146885,0.412688790162713,-0.0013821041500953213,0.03660890399224098,1,-1.0,-1.0,0,0,4,3,1,32.0,63.0,180.0,14.8,1011.0,cotonou/COTO,382.5959232662903,65.5,56.6,0.8533446711440594
6.373495394380523,2.3691713485951307,COTO,cotonou,6.352268,2.402957,4413.985989506325,21238.37353,9.0,100.0,109.0,570.0,10,11.740650057792664,302.30255585755276,1.262271492771333,1.7406500577926636,-0.00044286967934788896,1.26708552099362,-0.0004097855244382073,1.266999030271178,0.0020445920695439487,0.06657707664255279,1,-1.0,-1.0,0,0,1,0,1,29.6,70.0,230.0,11.2,1008.2,cotonou/COTO,151.02935906652115,80.0,79.6,0.29894365111890553
6.359976680471343,2.377587103297527,COTO,cotonou,6.352268,2.402957,2933.517966112973,21238.37353,9.0,100.0,109.0,570.0,10,13.083361864089966,287.0014103823489,1.8727212342069253,3.083361864089966,-0.00021920269385838342,0.8184445850442448,-0.00023107439184407187,0.8325209417623494,-0.0014686709987520496,0.0391645859822839,1,-1.0,-1.0,0,0,0,4,1,32.0,63.0,220.0,13.0,1010.0,cotonou/COTO,343.13365923494894,65.8,63.8,0.590320250883149
6.35193352743334,2.3910014662346954,COTO,cotonou,6.352268,2.402957,1323.2845686905296,21238.37353,9.0,100.0,109.0,570.0,10,14.634068012237549,268.3882570583544,4.078965668536864,4.634068012237549,0.0012492192815726155,0.2879282486451618,0.0007262330648201028,0.28734144269834494,0.0010458239004769833,0.04861130697264542,1,-1.0,-1.0,0,0,4,11,1,31.0,71.0,240.0,9.4,1011.0,cotonou/COTO,384.59858190063676,54.4,65.2,0.3969400677478341
6.3653380839756375,2.368494321906611,COTO,cotonou,6.352268,2.402957,4077.687752905116,21238.37353,9.0,100.0,109.0,570.0,10,11.480753302574158,290.8888106730594,1.369986308014522,1.4807533025741577,-0.0005459456694551016,1.3146183835688718,-0.0005444317724162716,1.3319800277819005,-0.0004039464357132501,0.010411570813505118,1,-1.0,-1.0,0,0,1,3,1,30.0,55.0,310.0,7.6,1013.0,cotonou/COTO,211.07519039432174,62.5,58.0,0.274825050755067
6.36730260316021,2.3869867995483007,COTO,cotonou,6.352268,2.402957,2426.1941717785176,21238.37353,9.0,100.0,109.0,570.0,10,12.258319854736328,313.4490143991638,2.283393163318884,2.258319854736328,-0.0006036701044878338,0.8419856074445753,-0.000643789337342044,0.877844363277317,-0.0028227223290337457,0.1080134460366526,1,-1.0,-1.0,0,0,7,12,1,32.0,63.0,210.0,16.6,1010.0,cotonou/COTO,280.00176285154186,62.3,67.2,0.8865575621718692
6.368808774357304,2.3996938717865213,COTO,cotonou,6.352268,2.402957,1864.4970713104321,21238.37353,9.0,100.0,109.0,570.0,10,12.830135345458984,348.90728229698186,2.952672205259316,2.8301353454589844,-0.00046394502044354795,0.6527575590236814,-0.0005185270018695853,0.6739529505361634,-0.0025028810656209767,0.08278714185790727,1,-1.0,-1.0,0,0,0,14,1,32.0,63.0,210.0,14.8,1011.0,cotonou/COTO,147.1577031622736,68.2,69.0,0.18759368193949133
6.365978403481465,2.3661990521707974,COTO,cotonou,6.352268,2.402957,4340.308723831488,21238.37353,9.0,100.0,109.0,570.0,10,11.458176136016846,290.57318295939183,1.2874186140194142,1.4581761360168457,-0.0005169672925086217,1.3688823627570497,-0.0005073867326993029,1.381705009383085,0.00012502846967222715,0.0035979811158378997,1,-1.0,-1.0,0,0,2,3,1,30.1,50.0,198.0,11.1,1009.1,cotonou/COTO,167.19783760562936,66.1,58.0,0.0848115912357631
6.360302116983349,2.3633721715014477,COTO,cotonou,6.352268,2.402957,4468.865557389911,21238.37353,9.0,100.0,109.0,570.0,10,12.22036337852478,281.54414017783074,1.2406276300606125,2.2203633785247803,-0.0003322108742298219,0.9752800120730423,-0.0003165098826940386,0.9884966400819901,0.0007746586227024609,0.02077457320045369,1,-1.0,-1.0,0,0,0,13,1,33.0,48.0,210.0,9.4,1011.2,cotonou/COTO,326.35698935364053,68.1,61.3,0.34192693854566036
6.371378584833486,2.3921496243537312,COTO,cotonou,6.352268,2.402957,2428.2062418562473,21238.37353,9.0,100.0,109.0,570.0,10,12.324825525283813,330.6630742962458,2.279936311307675,2.3248255252838135,-0.0005696042413853433,0.6813083183342046,-0.0005627211796710769,0.7168025179361721,-0.00043913788265652126,0.01633163118400665,1,-1.0,-1.0,0,0,1,13,1,33.0,67.0,200.0,18.4,1012.0,cotonou/COTO,322.1257484275571,84.9,82.1,0.7176391476415676
6.375837700289451,2.3596488174766574,COTO,cotonou,6.352268,2.402957,5454.608673671303,21238.37353,9.0,100.0,109.0,570.0,10,13.231676816940308,298.7078016356651,1.005857127939455,3.2316768169403076,-8.901956887113737e-05,1.2637978848470446,-0.00014521660667970502,1.2569673406516289,-0.0039990608436064855,0.06862885212064915,0,-1.0,5148.538447493354,0,2,1,4,1,31.5,72.0,200.0,11.2,1008.3,cotonou/COTO,324.3499013411239,63.4,77.1,0.8074316059762817
6.385568441778883,2.370047210281548,COTO,cotonou,6.352268,2.402957,5178.698784471839,21238.37353,9.0,100.0,109.0,570.0,10,12.915658950805664,315.5172111770156,1.062930258874116,2.915658950805664,-0.00015247254013326132,1.0874765584885997,-0.00014645313081287207,1.0812869569643995,0.0006486694018046061,0.0284747407870611,0,4888.110475924321,4815.463398787441,2,12,2,12,1,33.0,28.0,70.0,11.2,1010.0,cotonou/COTO,282.2544702923159,68.0,57.6,0.9987433700667648
6.380707906011172,2.3649457674426033,COTO,cotonou,6.352268,2.402957,5251.4462348873285,21238.37353,9.0,100.0,109.0,570.0,10,13.265506267547607,306.9760109026642,1.0443932351204817,3.2655062675476074,-8.409241267613001e-05,1.1190486230497194,-8.880590697711274e-05,1.112871581608601,-0.0003341577722087347,0.018560002293334363,0,5062.015308578767,5051.491368228291,1,1,1,10,1,30.7,55.0,293.0,13.0,1011.4,cotonou/COTO,344.11074176779897,66.5,70.4,0.2963620570111649
6.363588555936579,2.385532923214335,COTO,cotonou,6.352268,2.402957,2298.6222323208235,21238.37353,9.0,100.0,109.0,570.0,10,12.860806941986084,303.17474978079997,2.3949831148321605,2.860806941986084,-0.0003985433210618632,0.9108508437216576,-0.00037582635986152345,0.9242515059490991,-0.00106390339255358,0.060350512045043325,1,-1.0,-1.0,0,0,8,7,1,31.9,70.0,220.0,18.4,1008.0,cotonou/COTO,376.3702126895599,62.4,66.2,0.4079419511312822
6.372219737528244,2.368857907233182,COTO,cotonou,6.352268,2.402957,4370.507455572012,21238.37353,9.0,100.0,109.0,570.0,10,11.663612842559814,300.48876104547054,1.2758340854915342,1.6636128425598145,-0.0004608089663226881,1.3029012866231773,-0.0004248883421359205,1.306155199337052,0.0022241333431539923,0.04433535957324201,1,-1.0,-1.0,0,0,3,3,1,32.0,67.0,220.0,16.6,1011.0,cotonou/COTO,291.86035290862867,79.6,64.7,0.1368212780296263
6.3604877643505064,2.3954732359122586,COTO,cotonou,6.352268,2.402957,1229.584823424431,21238.37353,9.0,100.0,109.0,570.0,10,13.844822883605957,317.8596460193236,4.425188941123386,3.844822883605957,0.00011205808903143656,0.4078333170884504,-7.212369862341945e-05,0.43074442519451456,-0.002565233563698645,0.09237128496183505,1,-1.0,-1.0,0,0,3,2,1,32.6,66.0,210.0,11.2,1010.9,cotonou/COTO,204.60464730791253,56.5,68.1,0.5748719296230336
6.3565238477407515,2.3984267572499323,COTO,cotonou,6.352268,2.402957,687.5572483708382,21238.37353,9.0,100.0,109.0,570.0,10,15.115276336669922,313.3876845268102,7.775548986083624,5.115276336669922,0.002033776213838783,0.45652766754704016,0.001884152412414551,0.4795452635108033,-0.0005102422502305773,0.02067600583050854,1,-1.0,-1.0,0,0,7,9,1,31.0,71.0,210.0,20.5,1010.0,cotonou/COTO,230.8079454871386,58.3,62.0,0.9975800372629172
6.385016629868724,2.3705046608646168,COTO,cotonou,6.352268,2.402957,5099.72660086927,21238.37353,9.0,100.0,109.0,570.0,10,12.861985921859741,315.4394912153067,1.0799892835054339,2.861985921859741,-0.00016635413551022258,1.098881275295686,-0.00013899141148903988,1.0925529783866261,0.0008975380707356946,0.03277068690062888,0,4885.108848127277,4639.831416422141,2,7,3,9,1,34.0,32.0,222.0,5.4,1009.0,cotonou/COTO,265.7725736414513,53.4,57.6,0.7008810101206585
6.352309781856073,2.3740364520584154,COTO,cotonou,6.352268,2.402957,3199.7891526268113,21238.37353,9.0,100.0,109.0,570.0,10,13.967224597930908,270.0848870818635,1.7011673516365744,3.967224597930908,6.597916301585902e-05,0.35696673965007814,6.419679075935202e-05,0.3595415740332991,-0.0020212451616923015,0.09223054180081806,1,-1.0,-1.0,0,0,0,3,1,33.0,63.0,210.0,13.0,1009.0,cotonou/COTO,135.44729233169025,78.1,74.7,0.5952128404133717
6.353702067368366,2.3748018793101777,COTO,cotonou,6.352268,2.402957,3119.1286590044083,21238.37353,9.0,100.0,109.0,570.0,10,14.201354026794434,272.9353556480211,1.740835801822106,4.201354026794434,0.0001585883694138758,0.392822082185797,0.0001772534571331001,0.3904498989649474,0.0008395447518286832,0.02005786130517291,1,-1.0,-1.0,0,0,8,5,1,33.0,63.0,210.0,13.0,1009.0,cotonou/COTO,267.64813860748006,78.1,56.3,0.392369092921794
6.3850025147686225,2.372146034161054,COTO,cotonou,6.352268,2.402957,4972.410267638388,21238.37353,9.0,100.0,109.0,570.0,10,12.664428949356079,316.91252707406045,1.1099106660858893,2.664428949356079,-0.00021170443296729142,1.0905287136598467,-0.00021338558339932005,1.0846555874504678,-0.0006557204728928493,0.019692169850321264,0,-1.0,4663.503016542616,0,3,0,2,1,34.0,32.0,222.0,5.4,1009.0,cotonou/COTO,263.34150546393204,57.6,62.5,0.9152987602855548
6.351886351811971,2.3918755858467353,COTO,cotonou,6.352268,2.402957,1226.7806721068032,21238.37353,9.0,100.0,109.0,570.0,10,14.511693954467773,268.0159291561261,4.40430294136938,4.511693954467773,0.0006542296913581167,0.2924252559101892,0.0006332528683566309,0.28679429185511,0.0001354853312174479,0.006377773047154138,1,-1.0,-1.0,0,0,2,4,1,31.0,71.0,240.0,9.4,1011.0,cotonou/COTO,229.63053738552546,54.4,73.7,0.49691659613034944
6.379964289372075,2.363534392745233,COTO,cotonou,6.352268,2.402957,5329.630417606081,21238.37353,9.0,100.0,109.0,570.0,10,12.557698249816895,305.2589582117909,1.0366823614023026,2.5576982498168945,-0.00023333976027102994,1.134254734956589,-0.00021496198795459894,1.1294769086492746,-0.002689623832702637,0.12665014210793163,0,4987.850511066212,4934.447400669357,1,18,0,11,1,31.8,31.0,20.0,11.2,1010.9,cotonou/COTO,367.6178566119935,78.2,55.8,0.1343669133130615
6.385786908311678,2.375140198029225,COTO,cotonou,6.352268,2.402957,4817.85114769798,21238.37353,9.0,100.0,109.0,570.0,10,13.339983940124512,320.48702988912186,1.1374770486301105,3.3399839401245117,-7.036766433104364e-05,1.0125446315536772,-4.548178128669599e-05,1.0073866624338974,0.0014702995618184407,0.08206452668732676,0,4518.545765776863,4489.580728816754,2,3,2,8,1,31.0,59.0,170.0,13.0,1007.0,cotonou/COTO,285.70158014965295,70.2,66.1,0.3653784631991335
6.362559546661781,2.383100900003926,COTO,cotonou,6.352268,2.402957,2474.1764243441526,21238.37353,9.0,100.0,109.0,570.0,10,13.126152515411377,297.5437525784892,2.219089888055701,3.126152515411377,-0.00023326864204253534,0.8810479424364529,-0.0003170204162597656,0.8998254084411251,-0.0031548380851745606,0.14603944068307476,1,-1.0,-1.0,0,0,3,4,1,31.7,62.0,220.0,11.2,1010.7,cotonou/COTO,318.97004498850305,54.4,75.2,0.0671666688477669
6.365485960419247,2.370851408632562,COTO,cotonou,6.352268,2.402957,3841.1417827340633,21238.37353,9.0,100.0,109.0,570.0,10,11.526708602905273,292.50362617395683,1.4536328561426477,1.5267086029052734,-0.0005678267517370909,1.3183728780199178,-0.0005703536507687574,1.3366507480824237,-0.0008135272011561027,0.027561234249178543,1,-1.0,-1.0,0,0,0,3,1,31.0,63.0,180.0,9.4,1011.0,cotonou/COTO,257.5295687877015,62.4,62.5,0.20197903768878156
6.380081410852251,2.36564180115557,COTO,cotonou,6.352268,2.402957,5148.293820310432,21238.37353,9.0,100.0,109.0,570.0,10,13.29633092880249,306.87155817668446,1.0649712346015423,3.2963309288024902,-7.958536924317822e-05,1.1317322539867827,-7.984734129631651e-05,1.1254432194810409,-5.3656101226806637e-05,0.0030595218659729318,1,-1.0,-1.0,0,0,0,6,1,30.7,55.0,293.0,13.0,1011.4,cotonou/COTO,325.9584504197963,66.5,64.2,0.017668780999912204
6.38523103354823,2.3713019889912146,COTO,cotonou,6.352268,2.402957,5055.080324723406,21238.37353,9.0,100.0,109.0,570.0,10,12.682768821716309,316.33857639727427,1.0915559823492058,2.6827688217163086,-0.00020178966088829295,1.0942205850046054,-0.00019407170093082776,1.0881896916026672,0.00024629632631937665,0.014332790322551001,0,4892.993580844499,4832.211051889909,2,4,3,4,1,31.8,57.0,210.0,13.0,1008.6,cotonou/COTO,263.34150546393204,62.5,57.6,0.4532799165001634
6.384935381610598,2.3734875435680514,COTO,cotonou,6.352268,2.402957,4866.345101075475,21238.37353,9.0,100.0,109.0,570.0,10,12.84788179397583,318.12415394812587,1.13193653461544,2.84788179397583,-0.0001756870429696237,1.0739504977705638,-0.00017779799620566185,1.0707693548190411,-0.0005800727358202677,0.018447815840584532,0,-1.0,4690.80559843147,0,5,2,9,1,31.0,59.0,170.0,13.0,1007.0,cotonou/COTO,348.5682791075882,70.2,62.5,0.6345402649517972
6.385150579698361,2.3832393905526694,COTO,cotonou,6.352268,2.402957,4240.573213682723,21238.37353,9.0,100.0,109.0,570.0,10,14.867967128753662,329.20884119395566,1.2716400193273847,4.867967128753662,0.0002725295057878808,0.9820286900564116,0.00027533337218272306,0.9870010590888311,0.0008918171399407551,0.04013060443315637,1,-1.0,-1.0,0,0,1,9,1,33.0,41.0,50.0,9.4,1007.0,cotonou/COTO,266.4578062283396,64.8,75.6,0.34329246237890776
6.384237069578951,2.371893693964059,COTO,cotonou,6.352268,2.402957,4930.547314623083,21238.37353,9.0,100.0,109.0,570.0,10,12.841807842254639,316.0022231650238,1.1172715478303004,2.8418078422546387,-0.00017478456400861638,1.1067270032461665,-0.00017975455399207773,1.1035157223854248,-0.0007444840517028052,0.03168804603271772,0,-1.0,4436.504497526582,0,7,3,8,1,34.0,32.0,222.0,5.4,1009.0,cotonou/COTO,161.07626082067793,53.4,62.5,0.4203817715052771
6.371509406954634,2.364178456176771,COTO,cotonou,6.352268,2.402957,4789.086998458433,21238.37353,9.0,100.0,109.0,570.0,10,11.975784420967102,296.53333688969445,1.1606215730191995,1.975784420967102,-0.0003606681277354558,1.4002180731447835,-0.00031911870579660667,1.3959989254294487,0.0020299404859542847,0.09696184196108303,1,-1.0,-1.0,0,0,3,0,1,32.0,71.0,220.0,18.4,1009.0,cotonou/COTO,394.064070171349,73.3,78.0,0.9592092728445759
6.382807552058048,2.374284614211285,COTO,cotonou,6.352268,2.402957,4633.494766436121,21238.37353,9.0,100.0,109.0,570.0,10,12.65223479270935,316.98462424683095,1.1912228610318472,2.6522347927093506,-0.00022682938524471816,1.1243530024580934,-0.00021198297002512938,1.1176630339315228,0.0005956033865610759,0.030569489957152828,1,-1.0,-1.0,0,0,1,11,1,32.1,54.0,211.0,13.0,1008.6,cotonou/COTO,217.8231826505345,70.5,64.4,0.7519631215749155
6.374820698620121,2.359610505769936,COTO,cotonou,6.352268,2.402957,5405.532930628414,21238.37353,9.0,100.0,109.0,570.0,10,13.694349527359009,297.63510739881133,1.0100846463817625,3.694349527359009,-2.328159620309709e-06,1.3007473485966696,-1.43907009026944e-05,1.2974933246930134,-0.0002018663618299696,0.026966838193818794,0,-1.0,5069.71825958737,0,2,3,4,1,31.5,72.0,200.0,11.2,1008.3,cotonou/COTO,324.3499013411239,77.1,63.4,0.5408566369449512
6.380291352187779,2.363292927547493,COTO,cotonou,6.352268,2.402957,5372.297124182397,21238.37353,9.0,100.0,109.0,570.0,10,12.66513967514038,305.4112624645196,1.0273053217753976,2.665139675140381,-0.0001929355109179461,1.1277037506296106,-0.00023259065513645298,1.1258372907191732,-0.0012630452567838262,0.06745563404970034,0,-1.0,4941.652064127696,0,15,0,3,1,31.8,31.0,20.0,11.2,1010.9,cotonou/COTO,277.57990849483264,78.2,70.4,0.28454087511182524
6.370900044717975,2.3903021865945275,COTO,cotonou,6.352268,2.402957,2491.1609364647156,21238.37353,9.0,100.0,109.0,570.0,10,11.956919074058533,325.98080082403084,2.230826981544368,1.9569190740585327,-0.0006944731587455386,0.7886879619075517,-0.0006962058590907676,0.8090112501936317,-0.0005649169286092121,0.02106560473321362,1,-1.0,-1.0,0,0,2,7,1,32.0,63.0,210.0,16.6,1010.0,cotonou/COTO,292.9664112146319,61.2,84.9,0.8969967987729952
6.356545003353511,2.3757358673898774,COTO,cotonou,6.352268,2.402957,3048.663308203697,21238.37353,9.0,100.0,109.0,570.0,10,14.183737754821777,278.9851580531327,1.7813777838950942,4.183737754821777,0.00016501647280927657,0.5445303607961859,0.00015149597938244155,0.541710471570429,0.0004792094230651855,0.024582695865903774,1,-1.0,-1.0,0,0,5,6,1,31.5,70.0,236.0,9.3,1011.4,cotonou/COTO,363.9073676088481,59.2,61.8,0.23509711688065948
6.355585992952113,2.3918602734113046,COTO,cotonou,6.352268,2.402957,1281.4028975103756,21238.37353,9.0,100.0,109.0,570.0,10,15.83988904953003,286.7447665361562,4.1581822073158685,5.839889049530029,0.0016452016824396295,0.6575403495015,0.00160383489396837,0.6731678041800059,8.58730740017361e-05,0.0032130954978849303,1,-1.0,-1.0,0,0,3,7,1,32.6,66.0,210.0,11.2,1010.9,cotonou/COTO,249.61182844569544,57.1,68.3,0.32534273051667706
6.37835180148123,2.37463727768526,COTO,cotonou,6.352268,2.402957,4258.848084176989,21238.37353,9.0,100.0,109.0,570.0,10,11.782398343086243,312.8247049850827,1.3076754464608524,1.7823983430862427,-0.00045153221008789574,1.1577548733918206,-0.00044368159101352655,1.1600448034390165,0.00021169784686247224,0.012061986361609817,1,-1.0,-1.0,0,0,2,4,1,31.0,63.0,200.0,16.6,1007.0,cotonou/COTO,74.10445128334986,85.6,81.4,0.9090648144229485
6.382783737198568,2.3675970014956746,COTO,cotonou,6.352268,2.402957,5166.54758735721,21238.37353,9.0,100.0,109.0,570.0,10,14.235110759735107,310.9716563642022,1.0508021720315777,4.235110759735107,0.00010175709549861609,1.109396840520975,0.00011560389105019344,1.11031163235968,0.002419777560285404,0.08013597547931611,1,-1.0,-1.0,0,0,3,4,1,33.0,28.0,70.0,11.2,1010.0,cotonou/COTO,327.77907193718073,68.0,61.3,0.5295420552850724
6.370900517742176,2.3981773965110076,COTO,cotonou,6.352268,2.402957,2127.3051525367737,21238.37353,9.0,100.0,109.0,570.0,10,12.049036026000977,345.6979445656467,2.60942344486462,2.0490360260009766,-0.0007833130024644871,0.82988996797485,-0.0007739858540225791,0.8786257470549917,-0.0013157659106784395,0.04835548920724256,1,-1.0,-1.0,0,0,1,2,1,31.7,72.0,200.0,14.8,1010.3,cotonou/COTO,364.58895828051044,87.4,86.5,0.7423179494179767
6.360183029578739,2.395455018072642,COTO,cotonou,6.352268,2.402957,1206.2710592968292,21238.37353,9.0,100.0,109.0,570.0,10,13.916435480117798,316.71146270646875,4.506985139623897,3.916435480117798,0.000170279712211795,0.4247661394262209,-4.331189385704052e-05,0.4406810362390565,-0.004365287077590419,0.14032901113998197,1,-1.0,-1.0,0,0,3,5,1,33.0,63.0,200.0,16.6,1009.0,cotonou/COTO,204.60464730791253,68.1,56.5,0.5907447941637661
6.365275925957046,2.369800555427188,COTO,cotonou,6.352268,2.402957,3940.369248369889,21238.37353,9.0,100.0,109.0,570.0,10,11.503898859024048,291.54337589835575,1.4173736575809641,1.5038988590240479,-0.0005563365088568793,1.313110805700142,-0.0005535199905713312,1.3221592816709165,-0.0003046198183373738,0.010490146204538996,1,-1.0,-1.0,0,0,0,4,1,33.0,49.0,210.0,16.6,1009.0,cotonou/COTO,263.8369831922563,66.8,62.5,0.6534392090094951
6.381181850125456,2.3626572210828005,COTO,cotonou,6.352268,2.402957,5486.697965060998,21238.37353,9.0,100.0,109.0,570.0,10,12.504918098449707,305.8285667663352,1.0075624813882924,2.504918098449707,-0.00022468655553624692,1.1163307801714148,-0.00023926657599371832,1.112786355047277,-0.0030729982588026256,0.11384636495474143,0,5090.864043733952,4980.910176698661,1,14,7,9,1,31.8,31.0,20.0,11.2,1010.9,cotonou/COTO,398.98903293196753,70.4,78.1,0.29938329151482557
6.3547048337476175,2.4053823990057186,COTO,cotonou,6.352268,2.402957,380.30491441833937,21238.37353,9.0,100.0,109.0,570.0,10,15.15277910232544,44.68863099251092,13.861843910711567,5.1527791023254395,0.003707147867251665,0.5676857113181295,0.003350080694261125,0.5930555739047673,0.0006860960465484071,0.0319887453149513,1,-1.0,-1.0,0,0,7,8,1,31.4,69.0,240.0,16.6,1010.7,cotonou/COTO,245.31000000003797,65.4,71.6,0.24137206162666291
6.370284714209508,2.4033233859187906,COTO,cotonou,6.352268,2.402957,1992.843048502934,21238.37353,9.0,100.0,109.0,570.0,10,13.08279037475586,1.1578088885423767,2.7555674722791736,3.0827903747558594,-0.0003568557447723754,0.5618180277881641,-0.0003618531756930881,0.6002238335969494,-0.002242765824000041,0.10550293663362396,1,-1.0,-1.0,0,0,1,10,1,32.0,75.0,200.0,20.5,1010.0,cotonou/COTO,257.31179082972295,86.2,75.5,0.32249234716866526
6.3719161685850825,2.3640635214192627,COTO,cotonou,6.352268,2.402957,4820.5887151308625,21238.37353,9.0,100.0,109.0,570.0,10,12.127571821212769,296.9468148056837,1.151235804405812,2.1275718212127686,-0.0003123701843489389,1.3885802766787598,-0.00030949788590881717,1.3844460639200153,0.002077362272474501,0.07634356210540387,1,-1.0,-1.0,0,0,3,0,1,31.5,72.0,230.0,14.8,1010.2,cotonou/COTO,325.1163282580652,78.0,76.5,0.15544156408342247
6.38549207490648,2.370337820103484,COTO,cotonou,6.352268,2.402957,5150.115694785458,21238.37353,9.0,100.0,109.0,570.0,10,12.850395202636719,315.7054758952926,1.0695539620608805,2.8503952026367188,-0.00016722243385032632,1.0907538373663885,-0.00015269764538468981,1.0845228769910016,0.0005515284008449978,0.027510549343029805,0,-1.0,4923.05648579692,0,1,2,6,1,31.8,57.0,210.0,13.0,1008.6,cotonou/COTO,263.34150546393204,62.5,57.6,0.8743143652908074
6.385394386901385,2.370698635477143,COTO,cotonou,6.352268,2.402957,5114.478345383004,21238.37353,9.0,100.0,109.0,570.0,10,12.809850931167603,315.93965233225777,1.0774588378317291,2.8098509311676025,-0.00015510821952712653,1.0905847033732952,-0.00016504744344134317,1.0844037291209478,0.0006590624650319417,0.04631620870913501,0,-1.0,4694.250665702236,0,3,4,2,1,34.0,32.0,222.0,5.4,1009.0,cotonou/COTO,263.34150546393204,57.6,62.5,0.2832469332501141
6.365594723332288,2.4101932532278,COTO,cotonou,6.352268,2.402957,1677.1975834466527,21238.37353,9.0,100.0,109.0,570.0,10,14.733476161956787,28.35300535252952,3.216912237152261,4.733476161956787,0.0006088005607663216,0.4421576038592398,0.0006132978983573829,0.43525149446456607,0.0001283635594930089,0.058135673793395334,1,-1.0,-1.0,0,0,5,10,1,32.0,63.0,180.0,14.8,1011.0,cotonou/COTO,273.522108978383,56.6,67.6,0.5614893944143846
6.354701393453757,2.3899390596433334,COTO,cotonou,6.352268,2.402957,1465.2326792001286,21238.37353,9.0,100.0,109.0,570.0,10,15.477442264556885,280.65254855908836,3.6521085773447237,5.477442264556885,0.0012043883200405408,0.6179004929740638,0.0009365613164465412,0.6056583095546315,-0.0037501335144042975,0.14176211102244166,1,-1.0,-1.0,0,0,0,16,1,31.0,71.0,240.0,9.4,1011.0,cotonou/COTO,330.80979731559944,66.6,68.3,0.7919744251413741
6.381539560273439,2.3632629705534374,COTO,cotonou,6.352268,2.402957,5455.753714731939,21238.37353,9.0,100.0,109.0,570.0,10,12.873299360275269,306.5778507548401,1.009408544820664,2.8732993602752686,-0.00015897685352580848,1.1052163637947718,-0.00017048669034156242,1.0997215574067742,-0.002683067321777344,0.10290566922609895,0,-1.0,5007.485373441338,0,13,3,12,1,31.8,31.0,20.0,11.2,1010.9,cotonou/COTO,277.57990849483264,78.2,70.4,0.7838241093757136
6.375415442378499,2.3622140782910725,COTO,cotonou,6.352268,2.402957,5183.845106758103,21238.37353,9.0,100.0,109.0,570.0,10,12.741994857788086,299.7569857721034,1.0637940708622708,2.741994857788086,-0.0001859338297320239,1.2763331002805984,-0.00011931411506489884,1.2691713127069206,0.0037621941357609454,0.06740744613308826,1,-1.0,-1.0,0,0,3,5,1,31.0,75.0,200.0,18.4,1008.0,cotonou/COTO,386.1779175456935,76.5,76.1,0.4383862585841929
6.363759204675179,2.3663743859628803,COTO,cotonou,6.352268,2.402957,4242.2833093898025,21238.37353,9.0,100.0,109.0,570.0,10,11.519263625144958,287.54171469711446,1.316331718322182,1.5192636251449585,-0.0005135511288620497,1.2278814776977351,-0.0005047885080178579,1.2474497076765776,4.5353174209594725e-05,0.0031096961261896632,1,-1.0,-1.0,0,0,1,8,1,33.0,39.0,280.0,7.6,1012.0,cotonou/COTO,309.4591612797848,63.0,58.0,0.47625730858672566
6.383133125968128,2.3739075491099975,COTO,cotonou,6.352268,2.402957,4688.302043969426,21238.37353,9.0,100.0,109.0,570.0,10,12.70855164527893,316.91432087528636,1.1766131891226599,2.7085516452789307,-0.00021198297002512938,1.1197063444611346,-0.00020361947610911436,1.116297918858513,0.0009955591625637479,0.03660908635170245,1,-1.0,-1.0,0,0,0,15,1,34.0,32.0,222.0,5.4,1009.0,cotonou/COTO,268.94546398849457,53.4,64.4,0.9947017489350248
6.3839077602290955,2.375450713772928,COTO,cotonou,6.352268,2.402957,4637.241459739937,21238.37353,9.0,100.0,109.0,570.0,10,13.00629448890686,319.1747003316996,1.185887950723797,3.0062944889068604,-0.00014984909265918194,1.069570017468724,-0.00014520283717258723,1.0627790613829216,0.00027310848236083984,0.012662885966726775,1,-1.0,-1.0,0,0,3,5,1,32.1,54.0,211.0,13.0,1008.6,cotonou/COTO,342.02592664884946,70.5,70.2,0.6745974769790241
6.3854550758347335,2.37047447796526,COTO,cotonou,6.352268,2.402957,5136.608061231736,21238.37353,9.0,100.0,109.0,570.0,10,12.850395202636719,315.7937887245355,1.0723658903953384,2.8503952026367188,-0.00012522125892461508,1.0912674011683101,-0.00015119197764958367,1.0881367710823462,0.0012494904325372025,0.04096734890029054,0,-1.0,4704.268304574956,0,1,3,4,1,31.8,57.0,210.0,13.0,1008.6,cotonou/COTO,263.34150546393204,62.5,57.6,0.8146384431178827
6.359751807538476,2.410669261176592,COTO,cotonou,6.352268,2.402957,1188.7152159362097,21238.37353,9.0,100.0,109.0,570.0,10,14.848448753356934,45.68430628671126,4.528627398717135,4.848448753356934,0.0009434871730952393,0.39902646762169125,0.0012110872440872836,0.394209004655259,0.003577210050826429,0.06160189287482472,1,-1.0,-1.0,0,0,2,1,1,32.0,67.0,210.0,18.4,1012.0,cotonou/COTO,267.46393794301054,62.5,68.1,0.9025539692192319
6.37410023767821,2.3595833651180147,COTO,cotonou,6.352268,2.402957,5371.922601738994,21238.37353,9.0,100.0,109.0,570.0,10,13.794191598892212,296.86338242104847,1.0153385281427474,3.794191598892212,1.614817866572636e-05,1.3296595727740488,2.054830062894319e-05,1.3269102584245582,0.0007700416776869032,0.028298531145149027,1,-1.0,-1.0,0,0,2,7,1,31.5,72.0,200.0,11.2,1008.3,cotonou/COTO,324.3499013411239,77.1,63.4,0.7875898362293392
6.381060011038038,2.3677251746143657,COTO,cotonou,6.352268,2.402957,5033.116930173503,21238.37353,9.0,100.0,109.0,570.0,10,13.27543592453003,309.43198109840864,1.0895738045298373,3.2754359245300293,-6.907667637552604e-05,1.114126558009366,3.030308324363379e-05,1.1085339460840364,0.008815232252098829,0.17115304699097095,1,-1.0,-1.0,0,0,2,13,1,34.0,32.0,222.0,5.4,1009.0,cotonou/COTO,290.4766293524832,61.3,66.5,0.18517934495356758
6.384130663906053,2.3747969863446308,COTO,cotonou,6.352268,2.402957,4703.462212348105,21238.37353,9.0,100.0,109.0,570.0,10,12.973602771759033,318.7074255705271,1.1695943956511283,2.973602771759033,-0.00015438483588440632,1.0750881758852495,-0.00014552370307330568,1.06834777146246,0.0006216711468166775,0.02452009631966424,1,-1.0,-1.0,0,0,4,9,1,34.0,32.0,222.0,5.4,1009.0,cotonou/COTO,262.7208442434569,64.4,70.2,0.5621707337375722
6.3776041671460915,2.3644954997123446,COTO,cotonou,6.352268,2.402957,5094.90540630816,21238.37353,9.0,100.0,109.0,570.0,10,12.945258140563965,303.5396107459018,1.080074889316991,2.945258140563965,-0.0001539742812056984,1.1940812651690746,-0.00015270959499270417,1.1873190404201825,-0.0011771758397420248,0.04343003175992523,1,-1.0,-1.0,0,0,1,0,1,30.7,55.0,293.0,13.0,1011.4,cotonou/COTO,284.78369054431397,64.2,78.2,0.10189415731454488
6.362487529371083,2.384368659060265,COTO,cotonou,6.352268,2.402957,2346.673083156948,21238.37353,9.0,100.0,109.0,570.0,10,13.396358728408813,298.95167134582647,2.33294431521012,3.3963587284088135,-0.0002525863819131953,0.8606893697989257,-0.00019183365006978024,0.866219260638285,-0.002400082349706947,0.11227948996887162,1,-1.0,-1.0,0,0,4,9,1,33.0,63.0,210.0,18.4,1008.0,cotonou/COTO,350.04620409299224,75.2,62.4,0.6529221265639984
6.359689840406658,2.4042289301143627,COTO,cotonou,6.352268,2.402957,832.7424889149609,21238.37353,9.0,100.0,109.0,570.0,10,14.658854961395264,9.665974019863995,6.463463668994379,4.658854961395264,0.0011331708658309208,0.4062825243994843,0.0012318645583258734,0.40479220860391785,0.0017423841688368055,0.0648030007817984,1,-1.0,-1.0,0,0,3,9,1,31.6,70.0,230.0,16.6,1013.0,cotonou/COTO,273.96095269222405,64.4,66.4,0.955349428187811
6.370517047789337,2.403626573001688,COTO,cotonou,6.352268,2.402957,2019.4832293686527,21238.37353,9.0,100.0,109.0,570.0,10,13.100993871688843,2.0883243934813436,2.7187568011989636,3.1009938716888428,-0.0002970576286315918,0.5905479977297458,-0.00038727226124578274,0.6138749680237291,-0.0036084859118851544,0.11875357521095455,1,-1.0,-1.0,0,0,0,14,1,32.0,75.0,200.0,20.5,1010.0,cotonou/COTO,257.31179082972295,75.5,86.2,0.5127320643001113
6.379818134871077,2.3643274853582392,COTO,cotonou,6.352268,2.402957,5248.665279990993,21238.37353,9.0,100.0,109.0,570.0,10,13.011487007141113,305.66587965104486,1.0477184890629072,3.0114870071411133,-0.00013517466599826652,1.1417945426206282,-0.00015395006442025106,1.1356059509327117,-0.002705049514770508,0.10094926981216282,0,-1.0,4996.224464921286,0,5,0,11,1,31.8,31.0,20.0,11.2,1010.9,cotonou/COTO,267.89890817251177,78.2,66.5,0.4329724928677672
6.35275168422638,2.374556666241181,COTO,cotonou,6.352268,2.402957,3142.6829236995786,21238.37353,9.0,100.0,109.0,570.0,10,14.1347074508667,270.9833042064297,1.7290102162528844,4.134707450866699,0.00012469542446511065,0.3495235550302734,6.667143048411363e-05,0.3498956089653417,-0.00337292301738416,0.07568197386331328,1,-1.0,-1.0,0,0,2,0,1,33.0,63.0,210.0,13.0,1009.0,cotonou/COTO,135.44729233169025,78.1,74.7,0.03584275141816318
6.365447473732504,2.3690929208534195,COTO,cotonou,6.352268,2.402957,4020.1976546406513,21238.37353,9.0,100.0,109.0,570.0,10,11.49600875377655,291.38701894758077,1.3893526258698858,1.4960087537765503,-0.0005500224068537323,1.3227115254697959,-0.000548102107702517,1.3400057961369292,-0.0003099415037367079,0.013324421119194251,1,-1.0,-1.0,0,0,0,3,1,33.0,49.0,210.0,16.6,1009.0,cotonou/COTO,263.8369831922563,66.8,62.5,0.9597745223292203
6.374718243960707,2.356894123853342,COTO,cotonou,6.352268,2.402957,5668.891151443984,21238.37353,9.0,100.0,109.0,570.0,10,13.615647792816162,296.12607273351256,0.9639636761161131,3.615647792816162,-1.765904940346343e-05,1.3252887952832049,-2.810127268401551e-05,1.318867424690472,-0.0016376735285323302,0.052414980239096194,0,5305.355045539761,5293.9945422302535,2,2,1,8,1,32.0,71.0,220.0,18.4,1009.0,cotonou/COTO,356.3532216776974,72.1,58.6,0.10300268413015878
6.361152900060306,2.3608598344586182,COTO,cotonou,6.352268,2.402957,4760.126201953621,21238.37353,9.0,100.0,109.0,570.0,10,11.986635088920593,281.9916968524004,1.1675503405135903,1.9866350889205933,-0.00036066170758421314,1.0875074821881185,-0.0003598626109137051,1.099733896315143,-0.000197556283738878,0.007381790821508108,1,-1.0,-1.0,0,0,1,0,1,29.0,75.0,200.0,13.0,1010.0,cotonou/COTO,243.7480135303034,61.2,68.1,0.041079093304846936
6.353628514505594,2.392112718634673,COTO,cotonou,6.352268,2.402957,1209.2126972737542,21238.37353,9.0,100.0,109.0,570.0,10,15.533994197845459,277.1952410570621,4.419884801571128,5.533994197845459,0.001777097725750642,0.46736032146846396,0.001470042862868803,0.48338540934846574,0.0041664266360511,0.14899534825086294,1,-1.0,-1.0,0,0,5,10,1,31.0,71.0,240.0,9.4,1011.0,cotonou/COTO,330.452052195156,54.4,57.1,0.24606661150493847
6.381981886607088,2.3694580987806555,COTO,cotonou,6.352268,2.402957,4953.173460151004,21238.37353,9.0,100.0,109.0,570.0,10,13.443089008331299,311.7512808298955,1.1052164158889854,3.443089008331299,-5.299245497309061e-05,1.1243117194562589,-1.3037689193756048e-05,1.1224864714357483,0.00466812981499566,0.17338103077878098,1,-1.0,-1.0,0,0,9,7,1,30.7,45.0,199.0,11.1,1008.8,cotonou/COTO,324.8945539710613,58.1,53.4,0.06553043391838242
6.3538425993358,2.3735782676763617,COTO,cotonou,6.352268,2.402957,3255.1356584835494,21238.37353,9.0,100.0,109.0,570.0,10,14.280519962310791,273.0884675870921,1.6667494275713384,4.280519962310791,0.00017539098722125417,0.3860450994609216,0.0002352444617239921,0.38262492112720287,0.001716911792755127,0.10295306483513872,1,-1.0,-1.0,0,0,3,11,1,29.6,72.0,220.0,14.8,1010.1,cotonou/COTO,377.7671008703886,61.8,74.7,0.45511784241176234
6.350739292579898,2.4140434626266147,COTO,cotonou,6.352268,2.402957,1238.2095561427427,21238.37353,9.0,100.0,109.0,570.0,10,15.415804386138916,97.89824535171465,4.322212167837348,5.415804386138916,0.0014882780062630443,0.5260258239244615,0.0012187142415820498,0.5371562834230675,-0.003324668026927631,0.10687685097409563,1,-1.0,-1.0,0,0,0,11,1,30.0,75.0,180.0,20.5,1011.0,cotonou/COTO,285.3045504368927,75.1,58.1,0.5160878012571124
6.388677985801434,2.3761448377182535,COTO,cotonou,6.352268,2.402957,5001.232517163533,21238.37353,9.0,100.0,109.0,570.0,10,12.566471576690674,323.8030009655963,1.1046376202028303,2.566471576690674,-0.0002276486741330572,0.9761556973559968,-0.00029076232007269325,0.9771290962842921,-0.003707167837354872,0.16682255268096924,0,4710.57972558489,4520.152034550608,7,13,3,5,1,33.0,41.0,50.0,9.4,1007.0,cotonou/COTO,339.277088085809,64.0,66.1,0.3125699490285839
6.351393049671312,2.4149440021962443,COTO,cotonou,6.352268,2.402957,1329.7748138577404,21238.37353,9.0,100.0,109.0,570.0,10,15.611904621124268,94.1997370220941,4.017201188864979,5.611904621124268,0.001411046805205169,0.690917497525718,0.0012848195822342586,0.6920799299938521,-0.006648026572333442,0.2460106416635959,1,-1.0,-1.0,0,0,1,13,1,29.8,77.0,200.0,11.2,1012.0,cotonou/COTO,285.3045504368927,58.1,75.1,0.05096048257488606
6.365247915267184,2.3691138323756142,COTO,cotonou,6.352268,2.402957,4010.089777910589,21238.37353,9.0,100.0,109.0,570.0,10,11.49600875377655,291.1037475844822,1.3928532656653523,1.4960087537765503,-0.000553483805237795,1.3072200345677252,-0.000543527538869895,1.324941308507997,-0.00033180978563096785,0.012277190246242907,1,-1.0,-1.0,0,0,0,3,1,30.0,55.0,310.0,7.6,1013.0,cotonou/COTO,248.21595536951256,62.5,59.4,0.1116003682492267
6.378385207004784,2.3756943600693767,COTO,cotonou,6.352268,2.402957,4176.111526416807,21238.37353,9.0,100.0,109.0,570.0,10,11.784626007080078,313.949252111368,1.3335431242526588,1.7846260070800781,-0.00045770605405171715,1.173064240562389,-0.0004500486522914467,1.1738044991880612,0.00032083763446373576,0.013442322083412443,1,-1.0,-1.0,0,0,1,5,1,31.0,63.0,200.0,16.6,1007.0,cotonou/COTO,310.99815111988335,85.6,81.4,0.3845043779899281
6.377286052845083,2.3618115853524797,COTO,cotonou,6.352268,2.402957,5327.054231267713,21238.37353,9.0,100.0,109.0,570.0,10,12.775887489318848,301.46102949896624,1.0348376022582009,2.7758874893188477,-0.00016583500467660361,1.2119992724850124,-0.00017986690556561505,1.2058653569842341,-0.0002072453498840332,0.017889449030298165,0,-1.0,4825.307640346705,0,4,2,12,1,31.0,75.0,200.0,18.4,1008.0,cotonou/COTO,333.1849486396399,76.1,64.2,0.06052845082653613
6.372657325142988,2.403040964500914,COTO,cotonou,6.352268,2.402957,2254.8320486274974,21238.37353,9.0,100.0,109.0,570.0,10,12.356528997421265,0.2344883366632189,2.454229809518806,2.3565289974212646,-0.0005923080862614146,0.7855106690964663,-0.000632434136987702,0.8099677442169094,-0.0018536636046949852,0.05956936892043041,1,-1.0,-1.0,0,0,1,2,1,32.0,75.0,200.0,20.5,1010.0,cotonou/COTO,331.4609434005665,75.5,86.5,0.6981897256099134
6.349306345901068,2.3807421780765416,COTO,cotonou,6.352268,2.402957,2479.593618587644,21238.37353,9.0,100.0,109.0,570.0,10,12.584008932113647,262.3610651371657,2.2267551141318824,2.5840089321136475,-0.0004659938854911813,0.5346569211030107,-0.0004335054696774951,0.5704028671965562,-0.000748141606648763,0.039057113038351306,1,-1.0,-1.0,0,0,2,4,1,32.0,71.0,200.0,18.4,1008.0,cotonou/COTO,208.55006593135025,75.4,59.0,0.20702054152481197
6.375388003774736,2.3578972617847107,COTO,cotonou,6.352268,2.402957,5602.735436811054,21238.37353,9.0,100.0,109.0,570.0,10,13.530590772628784,297.30880632365927,0.9762133092211747,3.530590772628784,-3.109766251320066e-05,1.294235916631895,-5.261864401465796e-05,1.287599422180877,-0.001306009292602539,0.059892235090177735,0,-1.0,5075.022880638469,0,1,1,8,1,32.0,71.0,220.0,18.4,1009.0,cotonou/COTO,324.64606281298086,72.1,77.1,0.3020715687836385
6.36913120248697,2.3895204782305473,COTO,cotonou,6.352268,2.402957,2384.891263005976,21238.37353,9.0,100.0,109.0,570.0,10,11.875373482704163,321.62537869769216,2.3320802348727776,1.8753734827041626,-0.0007878710613353712,0.7738553851363352,-0.0007642597202363053,0.824124371652488,-0.0017610400915145873,0.07894702499428251,1,-1.0,-1.0,0,0,0,1,1,32.0,63.0,210.0,16.6,1010.0,cotonou/COTO,370.2078816016378,62.3,84.9,0.3941257771780975
6.380771503550577,2.3640057380872253,COTO,cotonou,6.352268,2.402957,5339.246195648786,21238.37353,9.0,100.0,109.0,570.0,10,13.088939428329468,306.36691274157215,1.0291168098790602,3.0889394283294678,-0.00011560005809888393,1.1218453253056584,-0.00010174247822592333,1.1156824594746377,0.00085090804014821,0.05281085078956666,0,-1.0,4996.849646028022,0,11,0,10,1,31.8,31.0,20.0,11.2,1010.9,cotonou/COTO,367.6178566119935,78.2,55.8,0.4166096330691479
6.369832341597822,2.4027330557021216,COTO,cotonou,6.352268,2.402957,1942.561790245776,21238.37353,9.0,100.0,109.0,570.0,10,13.184560775756836,359.27403097492123,2.823783914516543,3.184560775756836,-0.0002971694359880923,0.5075886438030146,-0.00041014071551546917,0.5440243108539052,-0.005065862962233446,0.11768549495936903,1,-1.0,-1.0,0,0,1,5,1,32.0,75.0,200.0,20.5,1010.0,cotonou/COTO,257.31179082972295,86.2,75.5,0.0016607076748005323
6.361063790517362,2.39550767225919,COTO,cotonou,6.352268,2.402957,1274.9318634671106,21238.37353,9.0,100.0,109.0,570.0,10,13.68650221824646,319.9126663031399,4.2754607653657075,3.68650221824646,-1.5883113062658886e-05,0.3971723822909175,-4.500671669288909e-05,0.41869327126953765,-0.0019610603650410973,0.09494427413773328,1,-1.0,-1.0,0,0,3,10,1,33.0,63.0,200.0,16.6,1009.0,cotonou/COTO,204.60464730791253,68.1,56.5,0.11207037099869754
6.371426640193313,2.4049446527409875,COTO,cotonou,6.352268,2.402957,2130.096187810275,21238.37353,9.0,100.0,109.0,570.0,10,13.328859329223633,5.886750922635315,2.5716543453387204,3.328859329223633,-0.00017846742049267133,0.5354492740992078,-0.00022594667460820443,0.5626501418898849,-0.0023157040278116866,0.08750673615622481,1,-1.0,-1.0,0,0,1,2,1,31.0,75.0,200.0,16.6,1010.0,cotonou/COTO,338.55000000000837,80.8,75.5,0.8627645637408781
6.357477102303097,2.3743209987806346,COTO,cotonou,6.352268,2.402957,3220.2322244458196,21238.37353,9.0,100.0,109.0,570.0,10,13.55777382850647,280.37374446654246,1.697652839273496,3.5577738285064697,-0.000168291304281387,0.6088249802916621,-7.097568923584242e-05,0.613565829091869,-0.0027558595033629943,0.10851037611693752,1,-1.0,-1.0,0,0,4,10,1,32.4,63.0,230.0,7.6,1010.7,cotonou/COTO,275.910366967215,53.0,56.3,0.001233062511908134
6.382805191281812,2.370458458224137,COTO,cotonou,6.352268,2.402957,4932.790283187671,21238.37353,9.0,100.0,109.0,570.0,10,13.372677564620972,313.3965921767669,1.110599771316236,3.3726775646209717,-0.0001025203024867649,1.1293416475081948,-4.4616634498338005e-06,1.124967360177346,0.004182360569636027,0.19165497941472204,0,4784.510014153973,4774.62466288506,3,1,2,12,1,30.7,45.0,199.0,11.1,1008.8,cotonou/COTO,324.8945539710613,58.1,53.4,0.5081673558128751
6.362220786027116,2.3596771143741857,COTO,cotonou,6.352268,2.402957,4913.3335566121905,21238.37353,9.0,100.0,109.0,570.0,10,11.670767664909363,283.0305674695193,1.1348354272374002,1.6707676649093628,-0.00041458374660991663,1.20328110413296,-0.0004106762179409165,1.2155765239863754,-0.0002010729577806261,0.00749469643879844,1,-1.0,-1.0,0,0,1,1,1,34.0,44.0,220.0,14.8,1010.0,cotonou/COTO,326.8907597349128,65.7,61.2,0.4895020065072081
6.374010574013575,2.3558426995266784,COTO,cotonou,6.352268,2.402957,5740.479937396097,21238.37353,9.0,100.0,109.0,570.0,10,13.447505712509155,294.91023388076775,0.9536221989156193,3.4475057125091553,-4.504960444238451e-05,1.349735111049128,-6.268149956735898e-05,1.3462357817790418,-0.0017549183121054535,0.05968709266237853,0,-1.0,5314.833128410814,0,13,0,5,1,31.0,63.0,210.0,16.6,1009.0,cotonou/COTO,396.8541073241009,58.3,65.2,0.3330941610106378
6.384927253080805,2.37412563315674,COTO,cotonou,6.352268,2.402957,4818.657253005441,21238.37353,9.0,100.0,109.0,570.0,10,13.186105489730835,318.7396523325135,1.1391157668573313,3.186105489730835,-9.950196957176865e-05,1.0604322282252963,-0.00012705316329051142,1.0538911956016692,0.0006071507930755615,0.04649762435750399,1,-1.0,-1.0,0,0,4,5,1,31.0,59.0,170.0,13.0,1007.0,cotonou/COTO,348.5682791075882,70.2,62.5,0.43132702014644964
6.379934701650075,2.368802851858923,COTO,cotonou,6.352268,2.402957,4862.098119118051,21238.37353,9.0,100.0,109.0,570.0,10,12.585082292556763,309.18467902689395,1.1360206688656034,2.5850822925567627,-0.00022942927229867635,1.1328502228871644,-0.00017900252990481766,1.1296742391485297,0.004161117199330093,0.10543715340722977,1,-1.0,-1.0,0,0,3,4,1,34.0,32.0,222.0,5.4,1009.0,cotonou/COTO,290.4766293524832,61.3,66.5,0.7805811375265843
6.352609791674578,2.411943731478418,COTO,cotonou,6.352268,2.402957,995.0149596854616,21238.37353,9.0,100.0,109.0,570.0,10,14.977849960327148,87.80798391865585,5.398033486100119,4.977849960327148,0.0012459397315979005,0.44607423472887164,0.001371310771836571,0.46129310341299035,0.0026469812613992626,0.09255026226953998,1,-1.0,-1.0,0,0,1,5,1,30.0,75.0,180.0,20.5,1011.0,cotonou/COTO,374.95826287725737,75.1,70.9,0.8412037062149564
6.365917756019609,2.417009368311491,COTO,cotonou,6.352268,2.402957,2166.98062586318,21238.37353,9.0,100.0,109.0,570.0,10,14.504050731658936,45.655130933833334,2.496926391185481,4.5040507316589355,0.00036395401715143624,0.40932792307520327,0.00027284013379789816,0.41167356915086817,-0.003811438053716786,0.1139110315952669,1,-1.0,-1.0,0,0,4,11,1,33.0,63.0,248.0,13.0,1011.0,cotonou/COTO,337.6225164292086,61.6,57.9,0.26034854341525004
6.371298132169275,2.363200958169842,COTO,cotonou,6.352268,2.402957,4876.082016360575,21238.37353,9.0,100.0,109.0,570.0,10,12.224623203277588,295.71946363574887,1.1369974431845111,2.224623203277588,-0.0002856069697233822,1.4270861740015306,-0.0002761665498367464,1.4213215984619556,0.001621927817662557,0.08718417803456356,1,-1.0,-1.0,0,0,0,13,1,31.5,72.0,230.0,14.8,1010.2,cotonou/COTO,394.064070171349,78.0,73.3,0.32249044096772983
6.35555919464986,2.3754428028804067,COTO,cotonou,6.352268,2.402957,3065.85777637513,21238.37353,9.0,100.0,109.0,570.0,10,14.332403182983398,276.86448037231605,1.7686178803820949,4.332403182983398,0.0002023986242349866,0.4711265869573486,0.00021987182971758723,0.4689200781792019,0.0003372775183783637,0.02512320313004474,1,-1.0,-1.0,0,0,4,3,1,29.6,72.0,220.0,14.8,1010.1,cotonou/COTO,243.1128071492526,56.3,59.2,0.24248285302833272
6.34655707842649,2.403676033913477,COTO,cotonou,6.352268,2.402957,636.549447600445,21238.37353,9.0,100.0,109.0,570.0,10,12.296810626983643,172.8674549944716,8.638198964536418,2.2968106269836426,-0.0021366375865358293,0.4530014332083717,-0.002448491635307149,0.5105548153272625,-0.004755011132969775,0.15490763870286584,1,-1.0,-1.0,0,0,3,2,1,31.0,71.0,180.0,18.4,1010.0,cotonou/COTO,313.45464504453633,69.1,77.3,0.47986340055106513
6.357083710152558,2.3757548425510833,COTO,cotonou,6.352268,2.402957,3056.403418548113,21238.37353,9.0,100.0,109.0,570.0,10,13.979772567749023,280.1015860348546,1.780689351804452,3.9797725677490234,9.004514491339228e-05,0.5849690852915971,9.812292380210681e-05,0.5837978186463806,0.0005378405253092447,0.021122575239147574,1,-1.0,-1.0,0,0,4,7,1,32.4,63.0,230.0,7.6,1010.7,cotonou/COTO,241.82719946273568,53.0,59.2,0.6832583576588129
6.365031211720319,2.3710232712618975,COTO,cotonou,6.352268,2.402957,3804.6240694729704,21238.37353,9.0,100.0,109.0,570.0,10,11.548173904418945,291.9093961774387,1.4672560624204363,1.5481739044189453,-0.0005680560389763558,1.282884153626801,-0.0005607454659710867,1.3026962161834503,-0.0003375490506490072,0.012412180322130463,1,-1.0,-1.0,0,0,1,5,1,31.0,63.0,180.0,9.4,1011.0,cotonou/COTO,265.7076628552334,62.4,59.4,0.22825287546342055
6.370260190247886,2.3902773939922244,COTO,cotonou,6.352268,2.402957,2434.539190609209,21238.37353,9.0,100.0,109.0,570.0,10,11.920937657356262,324.9937130570365,2.283502055044721,1.9209376573562622,-0.000726038120626434,0.7666497326514647,-0.0007281221506010482,0.7909888513747474,-0.0009172478395009105,0.038237607682276194,1,-1.0,-1.0,0,0,0,0,1,33.0,67.0,200.0,18.4,1012.0,cotonou/COTO,137.85914006689853,86.3,84.9,0.33073574205486667
6.357076823071324,2.3764213923076483,COTO,cotonou,6.352268,2.402957,2983.6763035350427,21238.37353,9.0,100.0,109.0,570.0,10,13.90418815612793,280.3353566820358,1.8255146664863886,3.9041881561279297,6.573224067687987e-05,0.5919628618595897,8.422806372050365e-05,0.5910395496718414,0.0012084345022837322,0.05652097150930995,1,-1.0,-1.0,0,0,1,10,1,32.4,63.0,230.0,7.6,1010.7,cotonou/COTO,281.94874002195616,63.8,59.2,0.9303846175891505
6.356826660372332,2.3762786633665454,COTO,cotonou,6.352268,2.402957,2994.435453714138,21238.37353,9.0,100.0,109.0,570.0,10,14.115290641784668,279.7570357158125,1.8149247268787303,4.115290641784668,0.00014271634411062666,0.5640493577544997,0.0001372149567198909,0.5616826762950726,0.0009116172790527344,0.034183941536747,1,-1.0,-1.0,0,0,1,8,1,31.5,70.0,236.0,9.3,1011.4,cotonou/COTO,363.9073676088481,59.2,61.8,0.048569289846958075
6.364489560254028,2.3659026536776424,COTO,cotonou,6.352268,2.402957,4316.707522151478,21238.37353,9.0,100.0,109.0,570.0,10,11.526329517364502,288.36147911232,1.2935509281423356,1.526329517364502,-0.0005043462316235143,1.2757122499295521,-0.00048629427875867523,1.2916029340961974,0.0006740669437067607,0.016271275149165793,1,-1.0,-1.0,0,0,0,0,1,30.1,50.0,198.0,11.1,1009.1,cotonou/COTO,383.9926241478955,66.1,63.0,0.4607696052395662
6.381615055998966,2.3644983019294665,COTO,cotonou,6.352268,2.402957,5351.411116158352,21238.37353,9.0,100.0,109.0,570.0,10,13.523992776870728,307.51974909158344,1.022121422537203,3.5239927768707275,-5.984606821404463e-06,1.104663276991311,-4.254947110174479e-05,1.1017760715729157,-0.0008050077516122282,0.04674304866404231,1,-1.0,-1.0,0,0,7,6,1,31.8,31.0,20.0,11.2,1010.9,cotonou/COTO,367.6178566119935,78.2,55.8,0.7115580415967778
6.370887950646015,2.390132127123236,COTO,cotonou,6.352268,2.402957,2500.682625822222,21238.37353,9.0,100.0,109.0,570.0,10,11.910059690475464,325.60792434176574,2.223413366902199,1.9100596904754639,-0.0007512794176305666,0.8003487343942784,-0.000712786043826745,0.8205591486928724,-0.0005543283744787252,0.025980940525658924,1,-1.0,-1.0,0,0,2,6,1,33.0,67.0,200.0,18.4,1012.0,cotonou/COTO,137.85914006689853,84.9,86.3,0.15045401155747407
6.365443470548797,2.3691094339862127,COTO,cotonou,6.352268,2.402957,4018.334473428802,21238.37353,9.0,100.0,109.0,570.0,10,11.49600875377655,291.39059686892466,1.3899965743508342,1.4960087537765503,-0.0005500692985452503,1.323169515105465,-0.000548102107702517,1.3404443162465964,-0.0003099415037367079,0.013324421119194251,1,-1.0,-1.0,0,0,0,4,1,30.0,55.0,310.0,7.6,1013.0,cotonou/COTO,263.8369831922563,62.5,66.8,0.047374020005481854
6.365987076777016,2.366509413524035,COTO,cotonou,6.352268,2.402957,4308.488271196489,21238.37353,9.0,100.0,109.0,570.0,10,11.458163380622864,290.7454947073348,1.29692381174955,1.4581633806228638,-0.0005205598162169021,1.3709433461053857,-0.000515559302073091,1.3839285443354197,-5.372166633605957e-05,0.0042269704870279,1,-1.0,-1.0,0,0,2,4,1,30.1,50.0,198.0,11.1,1009.1,cotonou/COTO,327.63056038773834,66.1,62.5,0.13820537163853075
6.365456823764529,2.4150602833471493,COTO,cotonou,6.352268,2.402957,1980.0187431191366,21238.37353,9.0,100.0,109.0,570.0,10,14.735901355743408,42.36559912061159,2.7256611484443205,4.735901355743408,0.0005178506205826582,0.4045478833774494,0.0004955531335344501,0.3992393284157164,-0.0019379562801784941,0.0732974941785085,1,-1.0,-1.0,0,0,3,12,1,33.0,63.0,248.0,13.0,1011.0,cotonou/COTO,337.6225164292086,61.6,57.9,0.9188231935306829
6.348736296087272,2.377915649595644,COTO,cotonou,6.352268,2.402957,2797.9916684460395,21238.37353,9.0,100.0,109.0,570.0,10,10.30681025981903,261.9247166993369,2.020148917700517,0.30681025981903076,-0.0012057380050632125,1.227339129023859,-0.001193046026062547,1.266059121092207,0.0,0.0,1,-1.0,-1.0,0,0,0,0,1,33.0,63.0,200.0,11.2,1008.0,cotonou/COTO,310.65923598055264,66.5,55.9,0.009259781821123414
6.371296586112243,2.3606070646524935,COTO,cotonou,6.352268,2.402957,5136.384789877431,21238.37353,9.0,100.0,109.0,570.0,10,13.046303987503052,294.33016478326675,1.0702279177924348,3.0463039875030518,-0.00012804020282834077,1.4223920696411123,-0.00011039712366289747,1.4182795643122015,0.0016300654004976296,0.05476106542915891,1,-1.0,-1.0,0,0,0,4,1,32.0,71.0,220.0,18.4,1009.0,cotonou/COTO,331.14855306943616,73.3,63.4,0.18832197481135182
6.368793473358805,2.3995526099223174,COTO,cotonou,6.352268,2.402957,1865.929016400504,21238.37353,9.0,100.0,109.0,570.0,10,12.779965877532959,348.4293297337846,2.9519467157324795,2.779965877532959,-0.0004904897124679,0.6585149192277664,-0.000564946011419777,0.6826063350455708,-0.0034931532693583973,0.11417752801768175,1,-1.0,-1.0,0,0,0,15,1,32.0,63.0,210.0,14.8,1011.0,cotonou/COTO,382.96286934899615,68.2,86.2,0.03128351290164455
6.3798565736689055,2.363303362231946,COTO,cotonou,6.352268,2.402957,5343.759096416987,21238.37353,9.0,100.0,109.0,570.0,10,12.526562452316284,304.9963508200686,1.0342757410205021,2.526562452316284,-0.0002198191772404108,1.1353333670498986,-0.00027957959309386933,1.1342052195850576,-0.0036588980102876486,0.1102540561728904,0,4979.655270208214,4797.603357103827,1,14,0,11,1,31.8,31.0,20.0,11.2,1010.9,cotonou/COTO,277.57990849483264,78.2,70.4,0.11062946756220327
6.379005343315163,2.3761641717237048,COTO,cotonou,6.352268,2.402957,4186.870676809595,21238.37353,9.0,100.0,109.0,570.0,10,11.847950458526611,315.11926868138517,1.3292513986658143,1.8479504585266113,-0.00044262880370730446,1.1795377418625002,-0.0004251203906368202,1.1790963542077746,0.0006015082200368245,0.03042963353505287,1,-1.0,-1.0,0,0,1,10,1,31.0,63.0,200.0,16.6,1007.0,cotonou/COTO,296.22029927065233,81.4,81.4,0.6201492866282963
6.36800201532641,2.390855351098407,COTO,cotonou,6.352268,2.402957,2195.5089034135494,21238.37353,9.0,100.0,109.0,570.0,10,12.8202965259552,322.6061790478002,2.5083796968663643,2.8202965259552,-0.00039941212078472513,0.5836326686821984,-0.0005946297753483509,0.6169731384215169,-0.006540768946120609,0.2344048085251637,0,2085.513467370786,-1.0,5,0,2,8,1,32.0,63.0,210.0,16.6,1010.0,cotonou/COTO,281.07558431847417,70.8,86.3,0.24163890873908578
6.370566492237294,2.3914857407893844,COTO,cotonou,6.352268,2.402957,2388.6612102819763,21238.37353,9.0,100.0,109.0,570.0,10,12.174687385559082,328.07622411037386,2.321235942880724,2.174687385559082,-0.0006675137278397259,0.6537516003401715,-0.0006958469944923957,0.6988092720533964,-0.0024894293699127155,0.06383612253070009,1,-1.0,-1.0,0,0,2,7,1,33.0,67.0,190.0,20.5,1010.0,cotonou/COTO,340.2779183256066,82.1,86.3,0.5692120504306768
6.370024197511502,2.405213312967215,COTO,cotonou,6.352268,2.402957,1979.4252233318127,21238.37353,9.0,100.0,109.0,570.0,10,13.81818675994873,7.19762660970747,2.7529803569762734,3.8181867599487305,5.4829665789558406e-05,0.47046582269621234,1.8286938760794836e-05,0.48069719798973554,-0.0014881266487969294,0.05612467569149931,1,-1.0,-1.0,0,0,1,10,1,32.0,75.0,200.0,20.5,1010.0,cotonou/COTO,258.69668668155117,75.5,68.0,0.5901953827661262
6.369528908574156,2.4006521329665085,COTO,cotonou,6.352268,2.402957,1925.8059453439996,21238.37353,9.0,100.0,109.0,570.0,10,12.84189486503601,352.4406346285287,2.858482095006185,2.8418948650360107,-0.00044363926618527143,0.6230501765512549,-0.0005396600417707314,0.6483336695059504,-0.004378341511200556,0.1367527612864623,1,-1.0,-1.0,0,0,2,14,1,31.7,72.0,200.0,14.8,1010.3,cotonou/COTO,382.05451823009946,87.4,69.0,0.849435333089779
6.3801409526176265,2.36565677585282,COTO,cotonou,6.352268,2.402957,5150.902816630444,21238.37353,9.0,100.0,109.0,570.0,10,13.29633092880249,306.94143439920845,1.064431937568693,3.2963309288024902,-7.759026514197104e-05,1.1277627562557546,-7.984734129631651e-05,1.121495576717674,0.00013329188028971355,0.0049748711339258345,1,-1.0,-1.0,0,0,0,3,1,30.7,55.0,293.0,13.0,1011.4,cotonou/COTO,267.2888297328458,66.5,55.8,0.004741392911873921
6.361679288869983,2.4043906738918683,COTO,cotonou,6.352268,2.402957,1052.7926440433748,21238.37353,9.0,100.0,109.0,570.0,10,15.274956703186035,8.609057145136433,5.087354843586699,5.274956703186035,0.00145181969360069,0.450880266135496,0.0014705140589097595,0.46044122876880067,0.001563888468395333,0.04458053614170212,1,-1.0,-1.0,0,0,4,5,1,31.0,75.0,210.0,18.4,1008.0,cotonou/COTO,273.96095269222405,66.4,64.4,0.8533694593423667
6.357867437520476,2.3764276176182717,COTO,cotonou,6.352268,2.402957,2999.8173891249826,21238.37353,9.0,100.0,109.0,570.0,10,13.413018465042114,281.99126886119114,1.8250704862467164,3.4130184650421143,-9.855112843103081e-05,0.6796028454027193,-0.00010314624202156494,0.6901728681974215,-0.0006835796785826532,0.02529745620384728,1,-1.0,-1.0,0,0,2,12,1,32.4,63.0,230.0,7.6,1010.7,cotonou/COTO,281.94874002195616,63.8,59.2,0.619119086426974
6.369285783265968,2.4051831615857124,COTO,cotonou,6.352268,2.402957,1898.009696211956,21238.37353,9.0,100.0,109.0,570.0,10,14.004337787628174,7.407270566434363,2.865271202332802,4.004337787628174,0.00015486789246400194,0.46257571181618584,8.37452739688587e-05,0.46654429583660884,-0.002284254979298046,0.07168887854663042,1,-1.0,-1.0,0,0,7,6,1,32.0,75.0,200.0,20.5,1010.0,cotonou/COTO,333.13687187099424,68.0,86.2,0.1627434861049576
6.366374679928406,2.3607211416102043,COTO,cotonou,6.352268,2.402957,4926.460899118,21238.37353,9.0,100.0,109.0,570.0,10,11.511525273323059,288.5780632262046,1.1336635633316468,1.511525273323059,-0.0004435285173281275,1.398291727489221,-0.0004406806694934646,1.40191876721316,-6.708833906385634e-05,0.0027642647373210478,1,-1.0,-1.0,0,0,0,0,1,30.1,50.0,198.0,11.1,1009.1,cotonou/COTO,364.4114954279447,61.3,78.69999999999999,0.772937388135284
6.348648959671328,2.377570636307357,COTO,cotonou,6.352268,2.402957,2837.142124681742,21238.37353,9.0,100.0,109.0,570.0,10,10.30681025981903,261.83865646949334,1.9922949834156705,0.30681025981903076,-0.001193046026062547,1.2667680827442682,-0.0011684471389272369,1.3357317764185472,0.0,0.0,1,-1.0,-1.0,0,0,0,0,1,33.0,63.0,210.0,13.0,1009.0,cotonou/COTO,255.08273363755146,64.3,66.5,0.8554915417905857
6.372395333615885,2.402468992219314,COTO,cotonou,6.352268,2.402957,2226.494558002837,21238.37353,9.0,100.0,109.0,570.0,10,12.247736930847168,358.61965547847603,2.4882211972010158,2.247736930847168,-0.0006485575570000542,0.7727490153215026,-0.0006855347276007143,0.8000601354750382,-0.0015448824412591124,0.051634582031763215,1,-1.0,-1.0,0,0,0,2,1,32.0,75.0,200.0,20.5,1010.0,cotonou/COTO,383.81129230388444,86.5,86.2,0.2542634837541573
6.365028979033166,2.3673094196271394,COTO,cotonou,6.352268,2.402957,4188.89094533,21238.37353,9.0,100.0,109.0,570.0,10,11.478058218955994,289.81058189442285,1.3336672082984868,1.4780582189559937,-0.0005306962019115019,1.2962961885150273,-0.0005171164553060061,1.313457843100862,0.00013376810504651363,0.004173188026708543,1,-1.0,-1.0,0,0,2,6,1,30.0,55.0,310.0,7.6,1013.0,cotonou/COTO,211.07519039432174,62.5,58.0,0.9187936809026809
6.353844844736984,2.3735781686145447,COTO,cotonou,6.352268,2.402957,3255.159888815088,21238.37353,9.0,100.0,109.0,570.0,10,14.280519962310791,273.09285054650104,1.6667370278390639,4.280519962310791,0.00017539098722125417,0.3860450994609216,0.0002352444617239921,0.38262492112720287,0.001716911792755127,0.10295306483513872,1,-1.0,-1.0,0,0,3,12,1,29.6,72.0,220.0,14.8,1010.1,cotonou/COTO,377.7671008703886,61.8,74.7,0.4544574302986578
6.3643911709260435,2.368294206060607,COTO,cotonou,6.352268,2.402957,4062.652643413071,21238.37353,9.0,100.0,109.0,570.0,10,11.521391034126282,289.38943084302673,1.3744816394835024,1.5213910341262817,-0.0005387513019542091,1.2365355732619996,-0.000532734595635087,1.25757452943757,-0.00040421783924102786,0.018595179795725843,1,-1.0,-1.0,0,0,2,5,1,30.0,55.0,310.0,7.6,1013.0,cotonou/COTO,358.990200005476,59.4,58.0,0.6034244543333215
6.377281535046638,2.361676051399147,COTO,cotonou,6.352268,2.402957,5339.615247900361,21238.37353,9.0,100.0,109.0,570.0,10,12.775887489318848,301.37261882665905,1.0324037573058367,2.7758874893188477,-0.0001743640346027046,1.21567625397546,-0.0001702890077988778,1.2094720890999313,0.00012825891849447255,0.01648693876899013,0,-1.0,4825.984923453031,0,3,3,13,1,30.7,55.0,293.0,13.0,1011.4,cotonou/COTO,333.1849486396399,64.2,76.1,0.9846495336176436
6.350505919478746,2.4137219950435695,COTO,cotonou,6.352268,2.402957,1206.882660685043,21238.37353,9.0,100.0,109.0,570.0,10,15.156518459320068,99.35189002428297,4.446197115121481,5.156518459320068,0.0011784772562786815,0.4100506269939799,0.000941426645118845,0.4093915575583485,-0.002907815974039563,0.10580293577082107,1,-1.0,-1.0,0,0,0,9,1,30.0,75.0,180.0,20.5,1011.0,cotonou/COTO,285.3045504368927,75.1,58.1,0.36153607863919934
6.364741843411238,2.371821943392453,COTO,cotonou,6.352268,2.402957,3710.69580686005,21238.37353,9.0,100.0,109.0,570.0,10,11.642522931098938,291.9568966169471,1.5029238159807312,1.642522931098938,-0.0005581999160550559,1.2527415545154077,-0.0005519952408220403,1.272984017645584,-0.0004908031887478299,0.018311911063033287,1,-1.0,-1.0,0,0,3,3,1,31.0,63.0,180.0,9.4,1011.0,cotonou/COTO,320.12677113920535,60.5,66.8,0.8131593458201128
6.366361266240715,2.412261314046638,COTO,cotonou,6.352268,2.402957,1867.824510860189,21238.37353,9.0,100.0,109.0,570.0,10,14.545252799987793,33.2697036414437,2.8949466190581323,4.545252799987793,0.0004435245322171974,0.4287669426241476,0.00040406656483530897,0.4270285533855178,-0.0011491013167233164,0.03762110309304731,1,-1.0,-1.0,0,0,7,6,1,32.0,63.0,180.0,14.8,1011.0,cotonou/COTO,381.8464534337698,65.5,67.6,0.31839911782845964
6.372020474233149,2.3570016169723917,COTO,cotonou,6.352268,2.402957,5533.804678823219,21238.37353,9.0,100.0,109.0,570.0,10,13.459506034851074,293.39015930478223,0.9891066987983984,3.459506034851074,-4.459196382814697e-05,1.3858743883405082,-4.5253588766550184e-05,1.3786835617187936,-0.00023261109987894694,0.019799184727132286,0,-1.0,4990.405020982862,0,5,0,3,1,29.5,69.0,210.0,9.4,1009.5,cotonou/COTO,399.3609701761259,51.6,65.2,0.799213522241491
6.3740669211392715,2.358589783422836,COTO,cotonou,6.352268,2.402957,5468.720414906764,21238.37353,9.0,100.0,109.0,570.0,10,13.8935546875,296.30910402396864,0.9963297158575399,3.8935546875,3.398237766898176e-05,1.335050847604132,2.702732132368238e-05,1.3322389053241606,-0.00025675130766397676,0.015070025194969073,1,-1.0,-1.0,0,0,2,9,1,32.0,71.0,220.0,18.4,1009.0,cotonou/COTO,315.24390842648114,72.1,63.4,0.6007339188626425
6.356210849545926,2.4057128265200136,COTO,cotonou,6.352268,2.402957,532.0624453239055,21238.37353,9.0,100.0,109.0,570.0,10,15.035447120666504,34.78558474374944,10.015413256350481,5.035447120666504,0.002290171409058605,0.6496344207130852,0.0019893411795298263,0.6195621202206392,-0.004244878556993272,0.15600064656810736,1,-1.0,-1.0,0,0,3,10,1,31.4,69.0,240.0,16.6,1010.7,cotonou/COTO,218.02671877540922,64.7,65.4,0.21635569522540143
6.353808436623522,2.3913323998155644,COTO,cotonou,6.352268,2.402957,1297.3833061320272,21238.37353,9.0,100.0,109.0,570.0,10,15.628065586090088,277.59532661663127,4.11644708620166,5.628065586090088,0.00145535920605515,0.525925691965999,0.001402243577176928,0.5373150264260885,0.00046448016267914763,0.030515100645619304,1,-1.0,-1.0,0,0,8,6,1,31.0,71.0,240.0,9.4,1011.0,cotonou/COTO,295.36221914797846,54.4,68.3,0.4140260937892364
6.351504329406789,2.391840350770529,COTO,cotonou,6.352268,2.402957,1232.8493207579604,21238.37353,9.0,100.0,109.0,570.0,10,14.431917667388916,266.04659490639335,4.386393499343555,4.431917667388916,0.0006775941302128554,0.2877794571146004,0.0005567058724521307,0.28456487930698504,0.00023392791554081657,0.010483211093063388,1,-1.0,-1.0,0,0,0,2,1,31.0,66.0,250.0,7.6,1013.0,cotonou/COTO,229.63053738552546,73.7,54.4,0.3176356343635617
6.3713447290172995,2.3642083049978955,COTO,cotonou,6.352268,2.402957,4778.060521816373,21238.37353,9.0,100.0,109.0,570.0,10,11.975784420967102,296.3545691105086,1.1632992398114246,1.975784420967102,-0.0003606681277354558,1.407085338213606,-0.00032847155469090323,1.4049968192581435,0.0030260823722470967,0.09663236061370455,1,-1.0,-1.0,0,0,2,1,1,31.5,72.0,230.0,14.8,1010.2,cotonou/COTO,319.6896352714521,78.0,78.0,0.07810839308036388
6.383147602514359,2.3738498882902657,COTO,cotonou,6.352268,2.402957,4693.842177026546,21238.37353,9.0,100.0,109.0,570.0,10,12.70855164527893,316.871045006068,1.175224824515792,2.7085516452789307,-0.00021198297002512938,1.1218550130067104,-0.00020233885047320798,1.1151002232733371,0.0007466693719228108,0.03497405377846946,1,-1.0,-1.0,0,0,0,14,1,34.0,32.0,222.0,5.4,1009.0,cotonou/COTO,268.94546398849457,64.4,53.4,0.029834770099697483
6.363584253505878,2.3853245626418302,COTO,cotonou,6.352268,2.402957,2317.733097698925,21238.37353,9.0,100.0,109.0,570.0,10,12.836711883544922,302.8536458507226,2.3758526176652777,2.836711883544922,-0.0005919366769155676,0.9088552646438869,-0.0003694515188032061,0.9158281956771014,-0.0015388753679063585,0.07504409396488892,1,-1.0,-1.0,0,0,8,8,1,31.9,70.0,220.0,18.4,1008.0,cotonou/COTO,376.3702126895599,62.4,66.2,0.3464786554071809
6.379570482926091,2.3632711703384524,COTO,cotonou,6.352268,2.402957,5328.694281680637,21238.37353,9.0,100.0,109.0,570.0,10,12.291919708251953,304.6944907595166,1.0397212394814142,2.291919708251953,-0.0002935194603893071,1.1458631266694876,-0.0002868788330643265,1.1434886459712028,-0.004249487320582072,0.19641324110198985,0,4954.938169739109,4784.078232851553,4,9,1,12,1,31.8,31.0,20.0,11.2,1010.9,cotonou/COTO,233.1422818794881,78.2,78.1,0.01903414781748658
6.352569095219382,2.3919385573260596,COTO,cotonou,6.352268,2.402957,1219.5410878266127,21238.37353,9.0,100.0,109.0,570.0,10,14.796333312988281,271.57557705090034,4.417051295403185,4.796333312988281,0.0008856438039764156,0.3430766991531739,0.0009281016135400579,0.34833452457531877,0.0011948426564534504,0.057631082661948836,1,-1.0,-1.0,0,0,4,10,1,31.0,71.0,240.0,9.4,1011.0,cotonou/COTO,229.63053738552546,54.4,73.7,0.16548775758177503
6.363031682171285,2.3628521954696673,COTO,cotonou,6.352268,2.402957,4594.060411665749,21238.37353,9.0,100.0,109.0,570.0,10,11.62326443195343,285.11444585978006,1.214272374296813,1.6232644319534302,-0.0004510231606371991,1.2330279274142222,-0.0004484976358037879,1.2400850274499762,-0.00018435780066125213,0.007288629797462286,1,-1.0,-1.0,0,0,3,9,1,33.0,48.0,210.0,9.4,1011.2,cotonou/COTO,272.838812854726,67.2,60.2,0.7251833208508688
6.365580053778902,2.360311099640748,COTO,cotonou,6.352268,2.402957,4942.635355310915,21238.37353,9.0,100.0,109.0,570.0,10,11.573681116104126,287.4391124487454,1.129234445741135,1.573681116104126,-0.00043097178141276044,1.3617175704948017,-0.000425790169995702,1.3693443768293778,1.1285146077473958e-06,4.2107169648748644e-05,1,-1.0,-1.0,0,0,0,0,1,33.0,48.0,210.0,9.4,1011.2,cotonou/COTO,377.7002335187451,67.2,78.69999999999999,0.7080912356835879
6.373288194130471,2.3554386509150125,COTO,cotonou,6.352268,2.402957,5748.33923502596,21238.37353,9.0,100.0,109.0,570.0,10,13.293128728866577,293.9965397369549,0.9538569245984343,3.293128728866577,-7.887070607218466e-05,1.359176163248386,-7.788950634985855e-05,1.3521946585924154,-0.001322038968404134,0.06016868881732292,0,5287.550518791414,5218.432211356232,1,20,0,8,1,32.0,71.0,220.0,18.4,1009.0,cotonou/COTO,356.3532216776974,72.1,58.6,0.7385803864573827
6.3496373138731546,2.381149904898302,COTO,cotonou,6.352268,2.402957,2430.231490272481,21238.37353,9.0,100.0,109.0,570.0,10,12.874984502792358,263.0805381434061,2.265087998528542,2.8749845027923584,-0.0003427861929427038,0.4593359621720318,-0.0003576642356211369,0.4929088531038349,-0.001171360572087673,0.03706207541687561,1,-1.0,-1.0,0,0,2,1,1,32.0,71.0,200.0,18.4,1008.0,cotonou/COTO,206.50773641684015,75.4,65.8,0.31715317112997876
6.381202136773952,2.3675890647826168,COTO,cotonou,6.352268,2.402957,5054.722859186819,21238.37353,9.0,100.0,109.0,570.0,10,13.355719327926636,309.4620242881472,1.0840079468686479,3.3557193279266357,-6.928443908691405e-05,1.11162432261214,-3.108996861626994e-05,1.1066863586435223,0.003994446992874145,0.18498703186882579,1,-1.0,-1.0,0,0,4,9,1,30.7,55.0,293.0,13.0,1011.4,cotonou/COTO,290.4766293524832,66.5,61.3,0.8900194571176955
6.361642133532821,2.4056432909289387,COTO,cotonou,6.352268,2.402957,1078.4291726507793,21238.37353,9.0,100.0,109.0,570.0,10,14.959965705871582,15.896921529348106,4.983639299559421,4.959965705871582,0.001160161362753974,0.4363161341938526,0.0011720686341410384,0.43485272260693725,0.0009242663460721319,0.021476684477205736,1,-1.0,-1.0,0,0,5,10,1,31.6,70.0,230.0,16.6,1013.0,cotonou/COTO,240.45018714908818,64.4,70.5,0.5938305480284476
6.3787422494041195,2.3610683578532057,COTO,cotonou,6.352268,2.402957,5481.777069331171,21238.37353,9.0,100.0,109.0,570.0,10,12.117475032806396,302.4560546887866,1.0125150787796566,2.1174750328063965,-0.00028952939914223924,1.187118953704646,-0.0003280188801052334,1.1880826013493848,-0.002566537592146132,0.10285172746576637,0,-1.0,5031.3705365805135,0,7,5,10,1,29.5,80.0,200.0,7.6,1009.5,cotonou/COTO,346.4622784662153,78.1,77.1,0.12602634174662652
6.3798563016678065,2.3692158090527604,COTO,cotonou,6.352268,2.402957,4821.184364822676,21238.37353,9.0,100.0,109.0,570.0,10,12.433120965957642,309.44660342888074,1.1474638718489354,2.4331209659576416,-0.00026374129775148,1.137277274021527,-0.00023438662351518567,1.131422025308703,0.0014191097683376736,0.05214799790552052,1,-1.0,-1.0,0,0,4,1,1,30.7,55.0,293.0,13.0,1011.4,cotonou/COTO,260.0268288079785,66.5,58.1,0.14371866145553414
6.361285014750248,2.404358619085386,COTO,cotonou,6.352268,2.402957,1009.1587419695795,21238.37353,9.0,100.0,109.0,570.0,10,15.09287691116333,8.781887922371368,5.316340783284744,5.09287691116333,0.0013587112520255294,0.4200077633609603,0.0016225569009004305,0.44146577296623996,0.0032200925581618565,0.0748067982666342,1,-1.0,-1.0,0,0,2,4,1,31.0,75.0,210.0,18.4,1008.0,cotonou/COTO,273.96095269222405,66.4,64.4,0.6930954269297015
6.367833712644282,2.3908993158806773,COTO,cotonou,6.352268,2.402957,2177.804897022351,21238.37353,9.0,100.0,109.0,570.0,10,12.8202965259552,322.409306988261,2.528744678229321,2.8202965259552,-0.0004183733917527929,0.575468877763141,-0.0005447076161702474,0.6172567657540714,-0.004127703110376994,0.20451631558605665,0,2086.1537891316307,2073.0607737186706,5,4,2,13,1,32.0,63.0,210.0,16.6,1010.0,cotonou/COTO,281.07558431847417,70.8,86.3,0.17294393644207806
6.356772935078298,2.379264977034741,COTO,cotonou,6.352268,2.402957,2668.2096882554283,21238.37353,9.0,100.0,109.0,570.0,10,13.643439769744873,280.8323169523123,2.0467672523343383,3.643439769744873,-2.6363078713997907e-05,0.5765956353306666,-3.05802511043888e-05,0.5886326875293751,-0.0009872267877044374,0.03263886978665922,1,-1.0,-1.0,0,0,4,12,1,31.9,70.0,220.0,18.4,1008.0,cotonou/COTO,346.04950975268054,70.7,62.4,0.5072927015820433
6.363491762499422,2.370030610926052,COTO,cotonou,6.352268,2.402957,3848.600925018943,21238.37353,9.0,100.0,109.0,570.0,10,11.691865801811218,288.9329639780354,1.448359518990417,1.6918658018112183,-0.0005207042977483391,1.1281642878271794,-0.0005377346352001443,1.1428701462515343,-0.0014021499217832698,0.04949473311701938,0,-1.0,3609.509484787305,0,5,2,6,1,33.0,49.0,210.0,16.6,1009.0,cotonou/COTO,213.77228304903036,66.8,59.4,0.9917744759287107
6.382081442737705,2.3632569331561886,COTO,cotonou,6.352268,2.402957,5492.0538503034095,21238.37353,9.0,100.0,109.0,570.0,10,12.927932500839233,307.0779180439621,1.0021683661891445,2.9279325008392334,-0.00014113386472066242,1.0894059422882827,-0.0001758676122274433,1.0866821756250813,-0.0038377480331258803,0.09820075966052727,0,5062.815172624385,5040.80293274341,2,10,1,6,1,31.8,31.0,20.0,11.2,1010.9,cotonou/COTO,196.14362722252218,70.4,55.8,0.004007604733339498
6.370413491199833,2.397552941686915,COTO,cotonou,6.352268,2.402957,2093.8514100770426,21238.37353,9.0,100.0,109.0,570.0,10,12.09377384185791,343.5123596178225,2.6498339587215693,2.09377384185791,-0.0007776981035272525,0.8151218677298063,-0.0008147358604135299,0.8681968464912834,-0.0023749741900655065,0.06064112301398946,1,-1.0,-1.0,0,0,0,1,1,31.7,72.0,200.0,14.8,1010.3,cotonou/COTO,364.58895828051044,86.5,87.4,0.016579801897556923
6.350452766167228,2.3895455596906565,COTO,cotonou,6.352268,2.402957,1497.3691906418865,21238.37353,9.0,100.0,109.0,570.0,10,14.133553981781006,262.2455941299363,3.6251527080401,4.133553981781006,0.0002849269489782431,0.31539624781535525,0.0002592577384068416,0.3119645220548425,-0.00016729566786024305,0.009623967835685358,1,-1.0,-1.0,0,0,0,1,1,31.0,66.0,250.0,7.6,1013.0,cotonou/COTO,253.66596638093372,73.7,65.2,0.9930845819305065
6.367601066136298,2.3902374282314893,COTO,cotonou,6.352268,2.402957,2203.558705246501,21238.37353,9.0,100.0,109.0,570.0,10,12.681814193725586,320.4969524423326,2.5028218846549466,2.681814193725586,-0.0004617915497169838,0.631522849387926,-0.0005627065374140154,0.673422535821126,-0.0034286181131998696,0.15742521011940797,1,-1.0,-1.0,0,0,6,11,1,32.0,63.0,210.0,16.6,1010.0,cotonou/COTO,212.6801711490812,62.3,70.8,0.5846388341341655
6.373722478832316,2.369228119708079,COTO,cotonou,6.352268,2.402957,4422.090405217438,21238.37353,9.0,100.0,109.0,570.0,10,11.777552366256714,302.622292914285,1.2594809580450312,1.7775523662567139,-0.00043455834861274244,1.2645507065753625,-0.0004150066905551487,1.2653661895099124,0.0012352039416631063,0.05826148265374158,1,-1.0,-1.0,0,0,0,0,1,29.6,70.0,230.0,11.2,1008.2,cotonou/COTO,151.02935906652115,80.0,79.6,0.12690997551851313
6.368926370436398,2.3992507662675226,COTO,cotonou,6.352268,2.402957,1887.2988942983811,21238.37353,9.0,100.0,109.0,570.0,10,12.668255090713501,347.53185287022507,2.9219625368546707,2.668255090713501,-0.0005554649378794649,0.6537377419354681,-0.0005595549558981871,0.6954907991602401,-0.00156148009830051,0.05742277902648307,1,-1.0,-1.0,0,0,1,15,1,31.7,72.0,200.0,14.8,1010.3,cotonou/COTO,280.5468730889592,86.5,68.2,0.8973021997540936
6.381420900626437,2.375297892831098,COTO,cotonou,6.352268,2.402957,4445.033929286148,21238.37353,9.0,100.0,109.0,570.0,10,12.35114312171936,316.6846644589367,1.2455921094935396,2.3511431217193604,-0.0003033217701069194,1.153495793779934,-0.0002868349817064073,1.1504291184593505,0.0012918896145290798,0.04881752555621608,1,-1.0,-1.0,0,0,2,5,1,31.0,63.0,200.0,16.6,1007.0,cotonou/COTO,389.1226866940447,81.4,70.5,0.8803803001276922
6.373588050950698,2.3573873761982935,COTO,cotonou,6.352268,2.402957,5565.800394564181,21238.37353,9.0,100.0,109.0,570.0,10,13.843920469284058,295.21154347361744,0.9794657123213059,3.8439204692840576,1.8090557193097056e-05,1.3631927315783636,1.3620971787905815e-05,1.3572679872042834,-0.0006458441416422526,0.03863390400507195,0,-1.0,5376.183948256384,0,2,1,1,1,32.0,71.0,220.0,18.4,1009.0,cotonou/COTO,286.930169205042,72.1,65.2,0.5362004131113752
6.364599743362389,2.40951133737227,COTO,cotonou,6.352268,2.402957,1544.5576005843898,21238.37353,9.0,100.0,109.0,570.0,10,15.17590045928955,27.84407415705641,3.4761587816091146,5.175900459289551,0.0009416083494822186,0.4530003109595665,0.00033540270103510236,0.44290756858783187,-0.008658683215159217,0.15867229246763104,1,-1.0,-1.0,0,0,6,4,1,32.0,63.0,180.0,14.8,1011.0,cotonou/COTO,343.10493220009766,58.8,67.6,0.6217920298607565
6.354101973005938,2.3939687352233725,COTO,cotonou,6.352268,2.402957,1014.9357664876775,21238.37353,9.0,100.0,109.0,570.0,10,15.223536014556885,281.6022090945087,5.27893851431642,5.223536014556885,0.00149665983890615,0.5008959749934042,0.0014970706568823919,0.5142862315474463,0.0016213046179877387,0.0636309424752479,1,-1.0,-1.0,0,0,2,10,1,31.0,71.0,240.0,9.4,1011.0,cotonou/COTO,355.40979741691933,62.9,54.4,0.27318719150087634
6.361177043758675,2.3955144428333988,COTO,cotonou,6.352268,2.402957,1284.0323125016057,21238.37353,9.0,100.0,109.0,570.0,10,13.665865182876587,320.2990092754893,4.246185858009622,3.665865182876587,-3.6228779557574607e-05,0.39173249083685324,-4.500671669288903e-05,0.4112282022324587,-0.00044744279649522567,0.016658526516369287,1,-1.0,-1.0,0,0,3,10,1,33.0,63.0,200.0,16.6,1009.0,cotonou/COTO,204.60464730791253,68.1,56.5,0.05051969637200515
6.361801659671464,2.3653092051107545,COTO,cotonou,6.352268,2.402957,4296.694210072796,21238.37353,9.0,100.0,109.0,570.0,10,11.776876211166382,284.29685340678816,1.296234730434438,1.7768762111663818,-0.00044678593123400657,1.1123304799866898,-0.0004652606437141857,1.1229212394841483,-0.0011939987037777342,0.03639757478333781,1,-1.0,-1.0,0,0,4,3,1,33.0,39.0,280.0,7.6,1012.0,cotonou/COTO,169.65942414145263,63.0,61.3,0.5945676088908644
6.371318933605099,2.3632971994795864,COTO,cotonou,6.352268,2.402957,4867.474146335178,21238.37353,9.0,100.0,109.0,570.0,10,12.180212020874023,295.79830710903167,1.139530197788032,2.1802120208740234,-0.00028251506561385815,1.425981224352871,-0.0002750352114189922,1.4228500858823778,0.0031882738166756643,0.1040730045505993,1,-1.0,-1.0,0,0,0,11,1,31.5,72.0,230.0,14.8,1010.2,cotonou/COTO,394.064070171349,78.0,73.3,0.294755193202763
6.38352153641753,2.3723604905403484,COTO,cotonou,6.352268,2.402957,4837.845755526128,21238.37353,9.0,100.0,109.0,570.0,10,12.892058372497559,315.7875660503498,1.1380799405593351,2.8920583724975586,-0.00020321485865410508,1.123585097642885,-0.00016975726824663116,1.1201817429241296,-0.0005092050005691303,0.02322343841537377,1,-1.0,-1.0,0,0,3,10,1,34.0,32.0,222.0,5.4,1009.0,cotonou/COTO,268.94546398849457,64.4,53.4,0.6636210466603519
6.365396923271685,2.3632607639951786,COTO,cotonou,6.352268,2.402957,4625.723024231073,21238.37353,9.0,100.0,109.0,570.0,10,11.56091034412384,288.4087151904263,1.2067352607010642,1.5609103441238403,-0.00046152281504805364,1.3502875390631823,-0.000462062306956338,1.3555001843464192,-7.065900495264469e-05,0.0058997690271503575,1,-1.0,-1.0,0,0,0,0,1,33.0,48.0,210.0,9.4,1011.2,cotonou/COTO,329.2530191203894,60.2,61.3,0.8362451768426012
6.376415981278645,2.359705594666072,COTO,cotonou,6.352268,2.402957,5479.967195606175,21238.37353,9.0,100.0,109.0,570.0,10,13.038532972335815,299.32875313858324,1.0032222756076077,3.0385329723358154,-0.00012175928265236328,1.246456305679563,-0.0001610782124974706,1.2401524233388956,-0.0029483993848164877,0.1381427145809357,0,5172.474046353724,5150.510249978549,1,2,0,7,1,31.5,72.0,200.0,11.2,1008.3,cotonou/COTO,238.48215027541633,77.1,76.1,0.018160543914364058
6.369347471842505,2.4015504867261224,COTO,cotonou,6.352268,2.402957,1895.1826546598845,21238.37353,9.0,100.0,109.0,570.0,10,13.266845464706421,355.3211826276637,2.8917779813308533,3.266845464706421,-0.00022924269239107768,0.5200860903811751,-0.00043988615851184136,0.5487385357010082,-0.006435695581097491,0.2030531294086608,1,-1.0,-1.0,0,0,2,14,1,32.0,75.0,200.0,20.5,1010.0,cotonou/COTO,237.45958919365236,86.2,69.0,0.5957137746857274
6.371169450632065,2.390753775148901,COTO,cotonou,6.352268,2.402957,2488.399870262315,21238.37353,9.0,100.0,109.0,570.0,10,12.117344856262207,327.3144936768525,2.229611518671893,2.117344856262207,-0.0006372378740687023,0.7327035237348549,-0.0006409360848221124,0.7703933757495889,-0.0001331143909030491,0.01830931388735046,1,-1.0,-1.0,0,0,2,10,1,33.0,67.0,200.0,18.4,1012.0,cotonou/COTO,322.1257484275571,84.9,82.1,0.23128053968685225
6.348689555399162,2.3782393288608064,COTO,cotonou,6.352268,2.402957,2763.270258840508,21238.37353,9.0,100.0,109.0,570.0,10,10.30681025981903,261.7135793443789,2.0455113309412645,0.30681025981903076,-0.0012187029298488384,1.1881455251790713,-0.0012057380050632125,1.2295676710056591,0.0,0.0,1,-1.0,-1.0,0,0,0,0,1,32.0,71.0,200.0,18.4,1008.0,cotonou/COTO,310.65923598055264,55.9,66.5,0.8738884979038014
6.357301433260473,2.410063957667087,COTO,cotonou,6.352268,2.402957,963.3972150447244,21238.37353,9.0,100.0,109.0,570.0,10,14.779067039489746,54.5252180494378,5.585803828473581,4.779067039489746,0.0010829046519115718,0.3984783735530215,0.0014189948998290104,0.40138482161747246,0.004690426996069661,0.14453975907437422,1,-1.0,-1.0,0,0,0,1,1,32.0,71.0,220.0,16.6,1011.0,cotonou/COTO,366.4815913522073,54.0,68.1,0.2536645065618285
6.361308956607701,2.376971370015915,COTO,cotonou,6.352268,2.402957,3043.927523840541,21238.37353,9.0,100.0,109.0,570.0,10,12.94336748123169,289.2952488296856,1.8074720192979636,2.9433674812316895,-0.0002495503113939872,0.9080770682047441,-0.0002543955277173947,0.9207202859148815,-0.0001826405525207519,0.023141106743604423,1,-1.0,-1.0,0,0,2,12,1,32.4,63.0,230.0,7.6,1010.7,cotonou/COTO,353.12133962707986,63.8,65.7,0.6107701332354183
6.3742937050349315,2.3582148957585822,COTO,cotonou,6.352268,2.402957,5517.006105649077,21238.37353,9.0,100.0,109.0,570.0,10,13.856549501419067,296.35321328752707,0.9879956146961095,3.8565495014190674,2.698432512987846e-05,1.3312985170157783,1.598130844827189e-05,1.3256052686445439,-0.0007054938210381403,0.030988742037892765,0,-1.0,4964.199882638147,0,1,5,6,1,31.5,72.0,200.0,11.2,1008.3,cotonou/COTO,315.24390842648114,63.4,72.1,0.5535408400896115
6.352302971535047,2.374028434845055,COTO,cotonou,6.352268,2.402957,3200.6752031296996,21238.37353,9.0,100.0,109.0,570.0,10,13.967224597930908,270.071292651343,1.7006966900543774,3.967224597930908,6.779032393897798e-05,0.35696673965007814,6.419679075935202e-05,0.3595415740332991,-0.0014484723409016926,0.05330299650512745,1,-1.0,-1.0,0,0,0,3,1,33.0,63.0,210.0,13.0,1009.0,cotonou/COTO,135.44729233169025,74.7,78.1,0.3961665000592489
6.370038386443519,2.3897869635177837,COTO,cotonou,6.352268,2.402957,2446.4579037187714,21238.37353,9.0,100.0,109.0,570.0,10,11.84336519241333,323.6268625633134,2.274202805312579,1.84336519241333,-0.0007603598461534992,0.7936533673917684,-0.0007504158549838597,0.8391925821366222,-0.0005558212598164876,0.024854786104979286,1,-1.0,-1.0,0,0,1,0,1,32.0,63.0,210.0,16.6,1010.0,cotonou/COTO,370.2078816016378,62.3,84.9,0.6776207635997941
6.358725102719144,2.3800165735091454,COTO,cotonou,6.352268,2.402957,2636.6627331899554,21238.37353,9.0,100.0,109.0,570.0,10,13.462989807128906,285.8140929609408,2.075151185337187,3.4629898071289062,-9.151583857504383e-05,0.7314102064969091,-0.00010651611184964147,0.7424479850951508,-0.0003225368282200922,0.016514296014745983,1,-1.0,-1.0,0,0,2,3,1,32.0,63.0,220.0,13.0,1010.0,cotonou/COTO,331.6838992172874,65.8,70.7,0.7257696347154339
6.348467170811052,2.3769329325276556,COTO,cotonou,6.352268,2.402957,2909.8461752825096,21238.37353,9.0,100.0,109.0,570.0,10,10.30681025981903,261.6415316241568,1.9425550617445662,0.30681025981903076,-0.0011684471389272369,1.3364487865584642,-0.001144842146221636,1.3960275421298354,0.0,0.0,1,-1.0,-1.0,0,0,0,0,1,33.0,63.0,210.0,13.0,1009.0,cotonou/COTO,255.08273363755146,64.3,66.5,0.5669377953193868
6.365050115102433,2.371312415777628,COTO,cotonou,6.352268,2.402957,3775.7169699130036,21238.37353,9.0,100.0,109.0,570.0,10,11.567285895347595,292.1199398418259,1.4781946618083979,1.5672858953475952,-0.0005679070104014671,1.2814365572683237,-0.0005621920650204024,1.3011632604879815,-0.0005520158343844944,0.020312426459254285,1,-1.0,-1.0,0,0,1,4,1,31.0,63.0,180.0,9.4,1011.0,cotonou/COTO,64.38956825449732,62.4,66.8,0.7584222371847541
6.355385688439758,2.3735368643368915,COTO,cotonou,6.352268,2.402957,3273.2595514759328,21238.37353,9.0,100.0,109.0,570.0,10,14.677647590637207,276.08786377280643,1.6505802639054534,4.677647590637207,0.00029413822925452026,0.43255430418510743,0.00031040538858401797,0.4309051656542626,0.001036313095768659,0.02742378127079599,1,-1.0,-1.0,0,0,0,16,1,29.6,72.0,220.0,14.8,1010.1,cotonou/COTO,182.1212014017086,56.3,61.8,0.9834170759929376
6.357930733581639,2.4037263815297156,COTO,cotonou,6.352268,2.402957,631.9887688485366,21238.37353,9.0,100.0,109.0,570.0,10,14.466151237487793,7.690239763878878,8.507315365902128,4.466151237487793,0.001150242126349247,0.4219440148559672,0.0011173095895193996,0.41339386752444046,-0.00017213054342771458,0.011561412433369849,1,-1.0,-1.0,0,0,2,1,1,31.4,69.0,240.0,16.6,1010.7,cotonou/COTO,329.0564998598276,68.1,66.4,0.4192723879008051
6.351814021624202,2.388821291255753,COTO,cotonou,6.352268,2.402957,1564.789160890692,21238.37353,9.0,100.0,109.0,570.0,10,14.641639232635498,268.1499647992117,3.450814568720822,4.641639232635498,0.0005878288041120806,0.29374471562732685,0.0004896026202247159,0.2907137609819357,-0.002112215333411986,0.06317373440739872,1,-1.0,-1.0,0,0,3,12,1,31.0,71.0,240.0,9.4,1011.0,cotonou/COTO,351.49863683938656,66.6,65.2,0.5145830518855309
6.3649959855414115,2.367182944575412,COTO,cotonou,6.352268,2.402957,4200.844854271467,21238.37353,9.0,100.0,109.0,570.0,10,11.478058218955994,289.69886387336635,1.329873494533601,1.4780582189559937,-0.0005307464489160724,1.2934265560799882,-0.0005208788994435423,1.310757705298729,1.2804883316289194e-07,0.004287422468066371,1,-1.0,-1.0,0,0,3,4,1,30.1,50.0,198.0,11.1,1009.1,cotonou/COTO,211.07519039432174,58.0,62.5,0.012469877941213237
6.3782794582760385,2.374658754574301,COTO,cotonou,6.352268,2.402957,4251.683597804988,21238.37353,9.0,100.0,109.0,570.0,10,11.782423734664917,312.76704204610576,1.3098778933886184,1.782423734664917,-0.000450506648254647,1.1564950424688119,-0.00043660827213843484,1.1589432366713117,0.0005512171528668714,0.008584767316571939,1,-1.0,-1.0,0,0,2,2,1,31.0,63.0,200.0,16.6,1007.0,cotonou/COTO,74.10445128334986,85.6,81.4,0.7960285563103784
6.379812659659102,2.367501614437343,COTO,cotonou,6.352268,2.402957,4966.521892597084,21238.37353,9.0,100.0,109.0,570.0,10,12.863439798355103,308.0167886279561,1.1089312543913417,2.8634397983551025,-0.0001693878786630898,1.1383335999163364,-5.012680817286899e-05,1.1315377587459616,0.00590474755959798,0.10011448500110409,1,-1.0,-1.0,0,0,2,6,1,30.7,55.0,293.0,13.0,1011.4,cotonou/COTO,398.73109698140775,66.5,66.5,0.5202300670459938
6.373675821486573,2.3608287600484212,COTO,cotonou,6.352268,2.402957,5227.780321385952,21238.37353,9.0,100.0,109.0,570.0,10,13.324511289596558,297.0833682961359,1.0484736288613279,3.3245112895965576,-7.28533608572824e-05,1.3341576144591019,-2.039494376231629e-05,1.3308688494125636,0.0043746474123349,0.13810019257354386,1,-1.0,-1.0,0,0,1,11,1,31.5,72.0,200.0,11.2,1008.3,cotonou/COTO,349.29744130181854,63.4,76.5,0.4079614303605652
6.377289407196309,2.361912215889268,COTO,cotonou,6.352268,2.402957,5317.736183704468,21238.37353,9.0,100.0,109.0,570.0,10,12.728916883468628,301.52694123271914,1.0371564272848768,2.728916883468628,-0.00018316002820761463,1.2142734247826203,-0.00018205642444442212,1.2111121077629825,0.00013077274323655664,0.021971275085206094,0,-1.0,4838.180816436529,0,3,3,11,1,31.0,75.0,200.0,18.4,1008.0,cotonou/COTO,333.1849486396399,76.1,64.2,0.0940719630893958
6.368315171789162,2.3969055826340084,COTO,cotonou,6.352268,2.402957,1896.7199767543339,21238.37353,9.0,100.0,109.0,570.0,10,12.736635208129883,339.45530588030834,2.905413695277099,2.736635208129883,-0.0009531109408125375,0.5681846671670941,-0.0006206067822004505,0.6005674438897363,-0.007697911640194875,0.24622335608593646,1,-1.0,-1.0,0,0,1,10,1,32.0,63.0,210.0,14.8,1011.0,cotonou/COTO,322.2748851523748,68.2,73.4,0.8896564216753973
6.379797253982022,2.364238267014095,COTO,cotonou,6.352268,2.402957,5255.368115778494,21238.37353,9.0,100.0,109.0,570.0,10,13.011487007141113,305.58273719068137,1.0463824984307808,3.0114870071411133,-0.00013172432328715467,1.1363172721366688,-0.00015395006442025106,1.1333408178675712,-0.0024883137808905708,0.09369454019622724,0,-1.0,5002.604919829228,0,6,0,12,1,31.8,31.0,20.0,11.2,1010.9,cotonou/COTO,267.89890817251177,78.2,66.5,0.39500724004055643
6.378714721665719,2.3754103718204593,COTO,cotonou,6.352268,2.402957,4224.0094836141225,21238.37353,9.0,100.0,109.0,570.0,10,11.803905010223389,314.01154554160996,1.318165474607562,1.8039050102233887,-0.0004501252699162735,1.1764263560993107,-0.0004363677162668366,1.17749091518052,0.00031343168682522243,0.014853901745220364,1,-1.0,-1.0,0,0,1,8,1,31.0,63.0,200.0,16.6,1007.0,cotonou/COTO,296.22029927065233,81.4,81.4,0.6825815982092204
6.357480214136646,2.3913336050436063,COTO,cotonou,6.352268,2.402957,1409.281458039445,21238.37353,9.0,100.0,109.0,570.0,10,15.047137260437012,294.2853891626726,3.814105820261053,5.047137260437012,0.0009509370191818235,0.6742946864462269,0.000546157843079215,0.6670855518668258,-0.005790566131771857,0.19067348155075675,1,-1.0,-1.0,0,0,3,9,1,32.6,66.0,210.0,11.2,1010.9,cotonou/COTO,267.5192114597196,58.2,57.1,0.14937415636815077
6.359648826163122,2.4043068978372375,COTO,cotonou,6.352268,2.402957,829.7815862866897,21238.37353,9.0,100.0,109.0,570.0,10,14.658854961395264,10.30200672884905,6.486330986054922,4.658854961395264,0.0011331708658309208,0.419982588216908,0.0011967640452914768,0.41500955009093554,0.0015766700108846027,0.07334812560497876,1,-1.0,-1.0,0,0,5,8,1,31.6,70.0,230.0,16.6,1013.0,cotonou/COTO,320.01321175851473,70.5,66.4,0.9615496295410325
6.347981784417618,2.383576051419263,COTO,cotonou,6.352268,2.402957,2196.0924827938966,21238.37353,9.0,100.0,109.0,570.0,10,11.169460654258728,257.455930653665,2.550700211096065,1.169460654258728,-0.0011430318828101632,0.7010737488029752,-0.0011328727148137167,0.7581474757048142,-0.0003229412986876426,0.010306185708332687,1,-1.0,-1.0,0,0,2,4,1,32.0,71.0,200.0,18.4,1008.0,cotonou/COTO,288.60213460746706,63.1,59.0,0.1784417618218309
6.355338119081846,2.373833258028497,COTO,cotonou,6.352268,2.402957,3240.095432812683,21238.37353,9.0,100.0,109.0,570.0,10,14.64737319946289,276.0562161187388,1.668000250256148,4.647373199462891,0.0002909561397298093,0.43626318498903277,0.0002941382292545203,0.43262815589110026,0.0010697205861409506,0.0393119201035222,1,-1.0,-1.0,0,0,1,12,1,29.6,72.0,220.0,14.8,1010.1,cotonou/COTO,182.1212014017086,61.8,56.3,0.19954199289949037
6.351257064119443,2.41475668434996,COTO,cotonou,6.352268,2.402957,1310.303165962184,21238.37353,9.0,100.0,109.0,570.0,10,15.777072429656982,94.92629218460013,4.069512776669017,5.777072429656982,0.0015682431784543127,0.6891411628571211,0.0010887875895077466,0.6984063757753022,-0.0063061569115444695,0.10534552512196685,1,-1.0,-1.0,0,0,1,14,1,30.0,75.0,180.0,20.5,1011.0,cotonou/COTO,285.3045504368927,75.1,58.1,0.8589828605577138
6.368445324582419,2.3966704238753898,COTO,cotonou,6.352268,2.402957,1919.467358273568,21238.37353,9.0,100.0,109.0,570.0,10,12.661839485168457,338.8831762082656,2.8732669665309474,2.661839485168457,-0.0005494546033816499,0.5637525561928345,-0.0006816173488078241,0.6305503006263983,-0.006006022394224333,0.1779368862207432,1,-1.0,-1.0,0,0,2,11,1,31.7,72.0,200.0,14.8,1010.3,cotonou/COTO,256.52289722354817,86.5,73.4,0.9125827441419312
6.348342164696489,2.3812533102813793,COTO,cotonou,6.352268,2.402957,2440.248512715807,21238.37353,9.0,100.0,109.0,570.0,10,12.240598678588867,259.68626887797916,2.2706714447270135,2.240598678588867,-0.0006571440314892169,0.628074343003659,-0.0011356718198175695,0.7527600558491976,-0.015889495247747628,0.7122215329138193,1,-1.0,-1.0,0,0,0,1,1,32.0,71.0,200.0,18.4,1008.0,cotonou/COTO,208.55006593135025,59.0,75.4,0.2121474075233014
6.379838390488496,2.3644140320872107,COTO,cotonou,6.352268,2.402957,5242.173701910993,21238.37353,9.0,100.0,109.0,570.0,10,13.132971048355103,305.7467339940473,1.047688279207155,3.1329710483551025,-0.00010933721633184522,1.1411363380470951,-0.00020047558199723774,1.1348760979958987,-0.005450055051812723,0.08615348333383173,0,-1.0,5000.550465149565,0,4,0,10,1,31.8,31.0,20.0,11.2,1010.9,cotonou/COTO,267.89890817251177,78.2,66.5,0.4698008881748279
6.3709456694014905,2.3927441308726958,COTO,cotonou,6.352268,2.402957,2354.389379875201,21238.37353,9.0,100.0,109.0,570.0,10,12.486603498458862,331.47963765437174,2.347409472311986,2.4866034984588623,-0.0005149316184128387,0.662242308060069,-0.0005450924728142381,0.7001540294926686,-0.0013903180758158364,0.0654183931386949,1,-1.0,-1.0,0,0,1,4,1,32.0,63.0,210.0,16.6,1010.0,cotonou/COTO,247.7688085695969,61.2,82.1,0.7334949045628298
6.360939600790433,2.408526592159779,COTO,cotonou,6.352268,2.402957,1139.8927209789947,21238.37353,9.0,100.0,109.0,570.0,10,14.628901481628418,32.55103932835118,4.73269334693753,4.628901481628418,0.0008094683921752743,0.46957944611444064,0.0008251790222907115,0.45817203675811985,0.0013357083232986228,0.0484472013819308,1,-1.0,-1.0,0,0,4,6,1,31.6,70.0,230.0,16.6,1013.0,cotonou/COTO,264.2872471383624,70.5,62.5,0.8783657338108016
6.354400672465952,2.3739193769106404,COTO,cotonou,6.352268,2.402957,3221.3777894779273,21238.37353,9.0,100.0,109.0,570.0,10,14.515971660614014,274.22802528584407,1.6800216698495836,4.515971660614014,0.00024968525509775426,0.40227246125917077,0.0002938758243214,0.3993222743618299,0.0014124234517415364,0.07616582071646306,1,-1.0,-1.0,0,0,3,7,1,29.6,72.0,220.0,14.8,1010.1,cotonou/COTO,313.5332494330497,61.8,78.1,0.3790526950373052
6.373719088882748,2.354897957661578,COTO,cotonou,6.352268,2.402957,5822.3512801667275,21238.37353,9.0,100.0,109.0,570.0,10,13.240023612976074,294.1882413338019,0.9422564171648337,3.240023612976074,-7.982355916601979e-05,1.3456515507157711,-7.638387939556927e-05,1.3422383016067367,-6.836520300971135e-05,0.008967943412050233,0,5273.9534641991195,5227.281309648684,4,27,0,0,1,31.0,63.0,210.0,16.6,1009.0,cotonou/COTO,234.58846199256698,58.3,58.6,0.5170194868494292
6.360344087288083,2.365341197768954,COTO,cotonou,6.352268,2.402957,4256.553722848972,21238.37353,9.0,100.0,109.0,570.0,10,12.18630838394165,282.19221064531496,1.302946013004715,2.1863083839416504,-0.0003573405389555484,0.9899280786596452,-0.0003509976283146082,1.0054019788657271,-4.1673098086388884e-05,0.005329372502210734,0,-1.0,4128.601206130065,0,3,0,11,1,33.0,39.0,280.0,7.6,1012.0,cotonou/COTO,398.169857472909,55.2,61.3,0.7417164105197349
6.357046755777196,2.3909344838238904,COTO,cotonou,6.352268,2.402957,1431.3072665733669,21238.37353,9.0,100.0,109.0,570.0,10,14.900221347808838,291.7991674055611,3.7614371964348576,4.900221347808838,0.0007457798116088984,0.6713054928411493,0.0005053624492926418,0.6607808594016285,-0.007838862170704506,0.1832106425061279,1,-1.0,-1.0,0,0,2,11,1,31.0,71.0,240.0,9.4,1011.0,cotonou/COTO,308.25641307206246,68.3,58.2,0.7311359766527954
6.368423140357572,2.40075,COTO,cotonou,6.352268,2.402957,1803.172642184254,21238.37353,9.0,100.0,109.0,570.0,10,13.491737842559814,352.26823889355427,3.0319401462579956,3.4917378425598145,-0.00011762491340845655,0.5594601110883684,-0.0004197432111306148,0.5777977431184557,-0.007763510202613001,0.21521396552612512,1,-1.0,-1.0,0,0,4,12,1,32.0,63.0,210.0,14.8,1011.0,cotonou/COTO,305.25,66.0,69.0,0.7829601300260849
6.361961112508309,2.364403397418894,COTO,cotonou,6.352268,2.402957,4398.181097238652,21238.37353,9.0,100.0,109.0,570.0,10,11.722682118415833,284.1986731841604,1.2670399547474103,1.7226821184158325,-0.0004471212885578299,1.138908964436869,-0.0004396213247738695,1.1559659064453969,-0.00016286472479502356,0.01858505367831563,1,-1.0,-1.0,0,0,1,2,1,33.0,48.0,210.0,9.4,1011.2,cotonou/COTO,255.36031896131075,60.2,61.3,0.5699338186415264
6.357943661996081,2.397230184229718,COTO,cotonou,6.352268,2.402957,891.8654336012097,21238.37353,9.0,100.0,109.0,570.0,10,14.976358413696289,314.9198607520775,6.018096249409107,4.976358413696289,0.0014104077551099989,0.46985070826835396,0.0011919014155864715,0.4624849219032106,-0.0013904624515109591,0.06257081031799316,1,-1.0,-1.0,0,0,2,8,1,31.0,71.0,210.0,20.5,1010.0,cotonou/COTO,230.8079454871386,58.3,62.0,0.10461509680477521
6.360900628387712,2.365170828044578,COTO,cotonou,6.352268,2.402957,4288.263990512516,21238.37353,9.0,100.0,109.0,570.0,10,12.004328966140747,282.9479569312629,1.2957446488542421,2.004328966140747,-0.0003971658929992378,1.0515499941730502,-0.0003922893261087352,1.0679586227631324,-0.00015172163645426432,0.005584200859459713,0,-1.0,3978.8902356859617,0,4,0,0,1,33.0,39.0,280.0,7.6,1012.0,cotonou/COTO,398.169857472909,55.2,61.3,0.90397329087804
6.381676717617963,2.3629838336278555,COTO,cotonou,6.352268,2.402957,5489.61577833825,21238.37353,9.0,100.0,109.0,570.0,10,12.765904903411865,306.51392886560495,1.004303945562983,2.7659049034118652,-0.0001730147455127467,1.1041958097096043,-0.0002024926364795392,1.0989110502814186,-0.003223800651549126,0.0730617768301381,0,-1.0,5005.561481250307,0,16,5,9,1,29.5,80.0,200.0,7.6,1009.5,cotonou/COTO,398.98903293196753,78.1,70.4,0.8655725393210282
6.358376511384719,2.396750803692175,COTO,cotonou,6.352268,2.402957,963.2391209189549,21238.37353,9.0,100.0,109.0,570.0,10,14.748417854309082,314.72244419110694,5.588520617141392,4.748417854309082,0.0010519458790018102,0.457661943834907,0.0010470788086953148,0.45269828608410123,-0.0008467219343754615,0.04240158116509153,1,-1.0,-1.0,0,0,1,8,1,32.6,66.0,210.0,11.2,1010.9,cotonou/COTO,237.15585761266473,56.5,58.3,0.798097435818333
6.381815061885277,2.3691182640438515,COTO,cotonou,6.352268,2.402957,4969.218983180314,21238.37353,9.0,100.0,109.0,570.0,10,13.140081644058228,311.30415623869186,1.1051409930321845,3.1400816440582275,-0.00011383730723675953,1.1212797417300955,9.434485941658564e-05,1.115780301488354,0.009857409292462132,0.18816031893223914,1,-1.0,-1.0,0,0,7,8,1,30.7,45.0,199.0,11.1,1008.8,cotonou/COTO,218.89526468152152,58.1,61.3,0.09986247716072949
6.357320488522512,2.403543737762019,COTO,cotonou,6.352268,2.402957,562.502469304532,21238.37353,9.0,100.0,109.0,570.0,10,14.52785348892212,6.583625995941873,9.533835396221008,4.527853488922119,0.0014113073184560127,0.44537745507860615,0.0012483101042490158,0.42613396345362703,-0.000911516613430447,0.03363132893671511,1,-1.0,-1.0,0,0,1,5,1,31.4,69.0,240.0,16.6,1010.7,cotonou/COTO,329.0564998598276,68.1,66.4,0.2043973670814292
6.349639744014604,2.3810369033209,COTO,cotonou,6.352268,2.402957,2442.6126340865835,21238.37353,9.0,100.0,109.0,570.0,10,12.84099531173706,263.1221776262714,2.2544146049258247,2.8409953117370605,-0.00037342415507534804,0.47167382893561555,-0.0003499517365107461,0.5035236619783577,-0.000805974006652832,0.036916728433728487,1,-1.0,-1.0,0,0,2,2,1,32.0,71.0,200.0,18.4,1008.0,cotonou/COTO,206.50773641684015,65.8,75.4,0.7436003651076519
6.359472577774031,2.3954125454104043,COTO,cotonou,6.352268,2.402957,1153.926108193421,21238.37353,9.0,100.0,109.0,570.0,10,14.213775634765625,313.8567914864673,4.695868423394997,4.213775634765625,0.00028319760118781937,0.44541089073173007,0.00013722811287980742,0.4578079677436405,-0.004017269611358643,0.21904992618677582,1,-1.0,-1.0,0,0,4,9,1,32.6,66.0,210.0,11.2,1010.9,cotonou/COTO,204.60464730791253,56.5,68.1,0.023140094581946435
6.371210706733527,2.4045317733260214,COTO,cotonou,6.352268,2.402957,2102.0673723895693,21238.37353,9.0,100.0,109.0,570.0,10,13.214202880859375,4.7230520359485695,2.609016349970112,3.214202880859375,-0.00023135612828071136,0.5697597356897736,-0.00033389151884839064,0.5888255210940805,-0.0032830420373155303,0.09271017702920009,1,-1.0,-1.0,0,0,2,1,1,32.0,75.0,200.0,20.5,1010.0,cotonou/COTO,257.31179082972295,86.2,75.5,0.9792246337072796
6.384934914212786,2.3735242342963168,COTO,cotonou,6.352268,2.402957,4863.587905187398,21238.37353,9.0,100.0,109.0,570.0,10,12.84788179397583,318.15922035743444,1.132578068831615,2.84788179397583,-0.0003842028722202774,1.070890392732266,-0.00017819848351313482,1.067718229900664,-0.0006019660419621232,0.032304690064258165,0,-1.0,4688.1478605113,0,5,2,8,1,31.8,57.0,210.0,13.0,1008.6,cotonou/COTO,348.5682791075882,62.5,70.2,0.3771446803556807
6.373280736331532,2.36313313431941,COTO,cotonou,6.352268,2.402957,4981.2724684492905,21238.37353,9.0,100.0,109.0,570.0,10,12.477025032043457,297.9665813296208,1.1100912693409013,2.477025032043457,-0.00024673879219403035,1.3406071926930596,-0.00020515122502154875,1.3341046820130826,0.0030939534433353697,0.08648381656887412,1,-1.0,-1.0,0,0,1,1,1,31.5,72.0,230.0,14.8,1010.2,cotonou/COTO,325.1163282580652,78.0,76.5,0.7193125336908236
6.362155967530773,2.3772121868469847,COTO,cotonou,6.352268,2.402957,3051.076128892321,21238.37353,9.0,100.0,109.0,570.0,10,12.757455587387085,291.13057137892923,1.8067277035402278,2.757455587387085,-0.0003103058322582369,0.9786723484533381,-0.0003399501244227091,0.9957180254054997,-0.0012345393498738606,0.04761968007241122,1,-1.0,-1.0,0,0,4,4,1,32.4,63.0,230.0,7.6,1010.7,cotonou/COTO,353.12133962707986,63.8,65.7,0.8875710884880433
6.358630911452358,2.396427021787908,COTO,cotonou,6.352268,2.402957,1008.5188944845163,21238.37353,9.0,100.0,109.0,570.0,10,14.768708229064941,314.4345196196275,5.337952115308798,4.768708229064941,0.0010346508807423116,0.4573686221057179,0.0008172527507499411,0.44490746605557246,-0.0013232787450154623,0.08656348490810505,1,-1.0,-1.0,0,0,4,3,1,31.0,71.0,210.0,20.5,1010.0,cotonou/COTO,237.15585761266473,58.3,56.5,0.39462988815008226
6.365277622074007,2.4082218823274273,COTO,cotonou,6.352268,2.402957,1552.1552754665834,21238.37353,9.0,100.0,109.0,570.0,10,14.669935703277588,21.909783620161477,3.4777933486074137,4.669935703277588,0.0005780741854422114,0.42478215717865636,0.0005321021433229801,0.418380742299399,-0.002873690923055013,0.10577857112128419,1,-1.0,-1.0,0,0,3,8,1,32.0,63.0,180.0,14.8,1011.0,cotonou/COTO,335.1905947367722,58.8,56.6,0.31913248859966603
6.372067887935302,2.406231863281892,COTO,cotonou,6.352268,2.402957,2219.4035004536345,21238.37353,9.0,100.0,109.0,570.0,10,13.390930891036987,9.334586859124443,2.4667038980679497,3.3909308910369873,-0.00014483281103886816,0.48694982589556285,-0.0001737626588972689,0.5072886257976625,-0.0021646568160604567,0.06969556980066018,1,-1.0,-1.0,0,0,0,6,1,32.0,75.0,200.0,20.5,1010.0,cotonou/COTO,338.55000000000837,75.5,80.8,0.6087411288982467
6.3640462947591665,2.415679864273147,COTO,cotonou,6.352268,2.402957,1917.8315251970264,21238.37353,9.0,100.0,109.0,570.0,10,15.059717178344727,47.03079942014995,2.80425220631406,5.059717178344727,0.0007009311552263204,0.4352682895443121,0.0006227398371277038,0.42890467351121553,-0.0020688688070199953,0.06050627940698139,1,-1.0,-1.0,0,0,2,5,1,33.0,63.0,248.0,13.0,1011.0,cotonou/COTO,306.3941828756752,57.9,65.7,0.5809893737480507
6.355283623605818,2.374172806763752,COTO,cotonou,6.352268,2.402957,3202.1038257585196,21238.37353,9.0,100.0,109.0,570.0,10,14.55200481414795,276.0191552608212,1.6894839488315605,4.552004814147949,0.0002632440436294889,0.4350017366711564,0.00028757852151853233,0.431225936981433,0.0010596487257215712,0.04165697318342314,1,-1.0,-1.0,0,0,1,11,1,29.6,72.0,220.0,14.8,1010.1,cotonou/COTO,182.1212014017086,61.8,56.3,0.40913997762479715
6.357130970641597,2.375583726987322,COTO,cotonou,6.352268,2.402957,3075.9571323217547,21238.37353,9.0,100.0,109.0,570.0,10,13.979772567749023,280.1362273427944,1.769376812402507,3.9797725677490234,8.827868402968718e-05,0.5860704986739671,2.8989201500302297e-05,0.5887487817618808,-0.0013868490854899089,0.09321714192691258,1,-1.0,-1.0,0,0,5,6,1,32.4,63.0,230.0,7.6,1010.7,cotonou/COTO,241.82719946273568,53.0,59.2,0.6017747558677085
6.361337944888258,2.3606491313856552,COTO,cotonou,6.352268,2.402957,4787.183643070881,21238.37353,9.0,100.0,109.0,570.0,10,11.89348030090332,282.1748716303364,1.162067561314054,1.8934803009033203,-0.0003941637379065002,1.111097875704922,-0.00037819510134159284,1.124089785553945,-0.0009805987278620402,0.05290451165061278,0,-1.0,4211.570379374983,0,1,0,0,1,34.0,44.0,220.0,14.8,1010.0,cotonou/COTO,326.8907597349128,65.7,61.2,0.9353813695664948
6.361889372761843,2.3653459077514096,COTO,cotonou,6.352268,2.402957,4295.149994261009,21238.37353,9.0,100.0,109.0,570.0,10,11.69914186000824,284.43639349586385,1.297737018003279,1.6991418600082397,-0.0005935314040597413,1.1162413234880912,-0.00046211404277718204,1.12657932743743,-0.0010419129918225682,0.045251268852032574,1,-1.0,-1.0,0,0,3,2,1,33.0,39.0,280.0,7.6,1012.0,cotonou/COTO,169.65942414145263,61.3,63.0,0.4676402566265965
6.353869272054602,2.3948616543701404,COTO,cotonou,6.352268,2.402957,913.009644602172,21238.37353,9.0,100.0,109.0,570.0,10,14.9798002243042,281.25658905054956,5.879498477422123,4.979800224304199,0.001379683392423337,0.4764158712736541,0.0014587207274003463,0.48806912304252686,0.0014302531878153482,0.07895652936911071,1,-1.0,-1.0,0,0,0,11,1,31.0,71.0,240.0,9.4,1011.0,cotonou/COTO,392.28725444494233,62.9,70.0,0.19674218075063132
6.35667587498291,2.4043394193760093,COTO,cotonou,6.352268,2.402957,510.8902734445431,21238.37353,9.0,100.0,109.0,570.0,10,14.870622634887695,17.312078211847222,10.439428981530135,4.870622634887695,0.002154872594056306,0.5929464578809531,0.0015571927670797144,0.5783303873209895,-0.0038216148072134025,0.0963353990968574,1,-1.0,-1.0,0,0,1,6,1,31.4,69.0,240.0,16.6,1010.7,cotonou/COTO,285.8934238489022,68.1,64.7,0.3772059828830039
6.355232467815474,2.374491546688199,COTO,cotonou,6.352268,2.402957,3166.441712395344,21238.37353,9.0,100.0,109.0,570.0,10,14.617239475250244,275.98355675385454,1.7073212287477055,4.617239475250244,0.0002862415223751428,0.43650702935584773,0.00026987077277383685,0.4325453191636768,0.000243528683980306,0.0320413493649688,1,-1.0,-1.0,0,0,3,9,1,29.6,72.0,220.0,14.8,1010.1,cotonou/COTO,182.1212014017086,56.3,61.8,0.3941069825931186
6.366294303469963,2.3631680452182318,COTO,cotonou,6.352268,2.402957,4667.495399369185,21238.37353,9.0,100.0,109.0,570.0,10,11.49447238445282,289.5317999623756,1.1967537754478639,1.4944723844528198,-0.0004708676655365259,1.3898436751772845,-0.00045496536951214993,1.3988251198914645,0.0005497416892890007,0.008250847483274731,1,-1.0,-1.0,0,0,0,5,1,30.1,50.0,198.0,11.1,1009.1,cotonou/COTO,352.5538937525515,61.3,78.0,0.13110869302621986
6.384187599426081,2.3825480201007765,COTO,cotonou,6.352268,2.402957,4190.331697310205,21238.37353,9.0,100.0,109.0,570.0,10,14.6817045211792,327.56754792792157,1.28942725882606,4.681704521179199,0.00024350741920851766,0.9872958232373993,0.0002260601576505132,0.9927436723757773,0.0007771227094862195,0.032328267714092536,1,-1.0,-1.0,0,0,6,7,1,33.0,41.0,50.0,9.4,1007.0,cotonou/COTO,266.4578062283396,75.6,64.8,0.1628715005545549
6.350436311269176,2.4136261108873414,COTO,cotonou,6.352268,2.402957,1197.6923217217102,21238.37353,9.0,100.0,109.0,570.0,10,15.156518459320068,99.80006294234937,4.480176067399104,5.156518459320068,0.0012080744701541534,0.3739173749895612,0.0008939507167179952,0.39506487243293065,-0.003572478971651464,0.10580293577082107,1,-1.0,-1.0,0,0,0,8,1,29.8,77.0,200.0,11.2,1012.0,cotonou/COTO,285.3045504368927,58.1,75.1,0.6845620733936773
6.385359523792391,2.370827404057138,COTO,cotonou,6.352268,2.402957,5101.780901608144,21238.37353,9.0,100.0,109.0,570.0,10,12.735145330429077,316.0240142808532,1.0809784968618528,2.735145330429077,-0.0001894436849255775,1.0878926977840668,-0.0001808625321055567,1.0847967238603309,2.703401777479386e-05,0.016391256651865336,0,4856.404665859455,4682.596498870801,1,6,4,3,1,34.0,32.0,222.0,5.4,1009.0,cotonou/COTO,263.34150546393204,57.6,62.5,0.3394777542089027
6.371109781922543,2.3511996596928304,COTO,cotonou,6.352268,2.402957,6093.674109117517,21238.37353,9.0,100.0,109.0,570.0,10,13.283085107803345,290.12046356662484,0.8999044232075296,3.2830851078033447,-6.926573959051395e-05,1.3357955667428782,-6.197994128358661e-05,1.332569867063098,0.0017175443934867082,0.0578998030757657,0,5434.238433982555,5458.661977506072,5,9,3,9,1,29.5,69.0,210.0,9.4,1009.5,cotonou/COTO,399.9159167874965,51.6,61.5,0.9548983918558076
6.3496402561301855,2.381013089946367,COTO,cotonou,6.352268,2.402957,2445.2219344358514,21238.37353,9.0,100.0,109.0,570.0,10,12.84099531173706,263.1308987427947,2.252011393621493,2.8409953117370605,-0.0003670376892698751,0.47167382893561555,-0.0003499517365107461,0.5035236619783577,-0.000805974006652832,0.036916728433728487,1,-1.0,-1.0,0,0,2,2,1,32.0,71.0,200.0,18.4,1008.0,cotonou/COTO,206.50773641684015,75.4,65.8,0.24359674535860742
6.377833311683267,2.3747912043440302,COTO,cotonou,6.352268,2.402957,4207.595830701752,21238.37353,9.0,100.0,109.0,570.0,10,11.761256575584412,312.4070787278668,1.3238862008098689,1.7612565755844116,-0.00045998460012124787,1.152974947305264,-0.0004544060834696595,1.1545326026105742,0.00012468364503648546,0.00531521733533273,1,-1.0,-1.0,0,0,0,0,1,31.0,63.0,200.0,16.6,1007.0,cotonou/COTO,74.10445128334986,85.6,81.4,0.09892450510482231
6.3656178972622,2.368287628187071,COTO,cotonou,6.352268,2.402957,4110.0916517908245,21238.37353,9.0,100.0,109.0,570.0,10,11.46805214881897,291.18062324086213,1.3593663828312113,1.4680521488189697,-0.0005447540840093236,1.3364776668868783,-0.0005429154291930996,1.3526516754530684,-0.0002779783828545075,0.006498428332675222,1,-1.0,-1.0,0,0,3,5,1,30.1,50.0,198.0,11.1,1009.1,cotonou/COTO,327.63056038773834,66.1,62.5,0.7535045630002579
6.363719117535645,2.3701746531325067,COTO,cotonou,6.352268,2.402957,3841.732772067701,21238.37353,9.0,100.0,109.0,570.0,10,11.655951976776123,289.3668184227534,1.4514830306105384,1.655951976776123,-0.0005299843558969424,1.1505808884718227,-0.0005416600958023034,1.1639711963428283,-0.0010726643011557742,0.03156736684934658,1,-1.0,-1.0,0,0,2,6,1,31.0,63.0,180.0,9.4,1011.0,cotonou/COTO,265.7076628552334,62.4,59.4,0.88103605191787
6.3693065544198255,2.3900307017046165,COTO,cotonou,6.352268,2.402957,2365.5350263477458,21238.37353,9.0,100.0,109.0,570.0,10,11.952411532402039,322.98516493683803,2.349278590488818,1.9524115324020386,-0.0007403290724452539,0.7217162077842503,-0.0007563520360876013,0.7761508150936992,-0.0009261727333068848,0.041677772998809814,1,-1.0,-1.0,0,0,0,0,1,33.0,67.0,200.0,18.4,1012.0,cotonou/COTO,259.09644632842327,86.3,62.3,0.27811335687148786
6.3688125429064275,2.399712714532139,COTO,cotonou,6.352268,2.402957,1864.503476950119,21238.37353,9.0,100.0,109.0,570.0,10,12.830135345458984,348.97221211666067,2.9526620790858873,2.8301353454589844,-0.00046394502044354795,0.6534512645216874,-0.0005185208191779303,0.6746820175494621,-0.002502749168199003,0.08278714185790727,1,-1.0,-1.0,0,0,0,16,1,32.0,63.0,210.0,14.8,1011.0,cotonou/COTO,147.1577031622736,68.2,69.0,0.20208810164547797
6.3765634741986865,2.3600341016243473,COTO,cotonou,6.352268,2.402957,5456.271064787722,21238.37353,9.0,100.0,109.0,570.0,10,13.070464134216309,299.66544898460523,1.007243087718931,3.0704641342163086,-0.00011658009155329329,1.2428562602249404,-0.0001545795731832249,1.2363258837008915,-0.002408354934337999,0.06313285170133155,0,-1.0,5237.582845758154,0,3,1,7,1,31.5,72.0,200.0,11.2,1008.3,cotonou/COTO,238.48215027541633,77.1,76.1,0.18576613487108717
6.368895723198356,2.4001286159917763,COTO,cotonou,6.352268,2.402957,1865.2619647039385,21238.37353,9.0,100.0,109.0,570.0,10,12.847063302993774,350.40483103899913,2.9509449331459097,2.8470633029937744,-0.0006166823830607923,0.64581592886401,-0.00045759327324271373,0.6622923365950976,-0.0032357580634308227,0.11526738981969356,1,-1.0,-1.0,0,0,1,13,1,32.0,63.0,210.0,14.8,1011.0,cotonou/COTO,147.1577031622736,68.2,69.0,0.5220123013665123
6.3694505825205905,2.4018025350503316,COTO,cotonou,6.352268,2.402957,1904.47387329498,21238.37353,9.0,100.0,109.0,570.0,10,13.068948745727539,356.1798396934355,2.8836324981016337,3.068948745727539,-0.0004791738578086684,0.5309986120543762,-0.0003878102158055161,0.5702785429991435,-0.004464932282765706,0.21283430131623532,1,-1.0,-1.0,0,0,1,13,1,32.0,75.0,200.0,20.5,1010.0,cotonou/COTO,237.45958919365236,86.2,69.0,0.46841664124677096
6.35892982989394,2.396682679451428,COTO,cotonou,6.352268,2.402957,1012.2512550539693,21238.37353,9.0,100.0,109.0,570.0,10,14.667673587799072,316.8924228536352,5.3240527620427445,4.667673587799072,0.000909881731657863,0.4263128469057489,0.0007879873116811117,0.4147905071442702,-0.002198081546359592,0.08295116654089266,1,-1.0,-1.0,0,0,6,2,1,31.0,71.0,210.0,20.5,1010.0,cotonou/COTO,391.6664531205258,58.3,68.1,0.2594398398545342
6.385541992667467,2.370153446437906,COTO,cotonou,6.352268,2.402957,5168.358966097064,21238.37353,9.0,100.0,109.0,570.0,10,12.915658950805664,315.5870567069434,1.065056267693066,2.915658950805664,-0.0001524725401332613,1.0883471351624783,-0.00014673934065390876,1.0852365073361625,0.0008971100752303032,0.028725893559189555,0,-1.0,4826.563683770003,0,10,1,9,1,34.0,32.0,222.0,5.4,1009.0,cotonou/COTO,263.34150546393204,57.6,62.5,0.04517311698942639
6.349434053271912,2.388798133162704,COTO,cotonou,6.352268,2.402957,1597.5908898803914,21238.37353,9.0,100.0,109.0,570.0,10,13.615639925003052,258.6143267657992,3.4167954449557167,3.6156399250030518,-0.0005501304104034851,0.38746786875022454,-6.977657547855303e-05,0.3903611634983214,-0.003921948220728223,0.15208442682312048,1,-1.0,-1.0,0,0,2,9,1,31.8,66.0,200.0,14.8,1010.6,cotonou/COTO,288.65336045167965,65.2,69.3,0.4814913403262807
6.369356965138835,2.392027997042907,COTO,cotonou,6.352268,2.402957,2243.5603816618604,21238.37353,9.0,100.0,109.0,570.0,10,12.683168888092041,327.5606206663468,2.458218398115859,2.683168888092041,-0.00047248030071097327,0.5361219697796769,-0.0006995865684538608,0.5869356009229687,-0.007958091351647956,0.1615178269309313,1,-1.0,-1.0,0,0,2,4,1,32.0,63.0,210.0,16.6,1010.0,cotonou/COTO,374.8202269089207,62.3,61.2,0.9593323476356084
6.352292283565395,2.3951898138245418,COTO,cotonou,6.352268,2.402957,859.3700914908061,21238.37353,9.0,100.0,109.0,570.0,10,14.606346130371094,270.1806669316528,6.268269790787776,4.606346130371094,0.0010337410301997745,0.3537859595706413,0.0009630985157464141,0.34763694869179773,-0.00029144287109374997,0.013691732672997215,1,-1.0,-1.0,0,0,1,12,1,31.0,71.0,240.0,9.4,1011.0,cotonou/COTO,392.28725444494233,62.9,70.0,0.6525192007526632
6.348422169130676,2.376775069490149,COTO,cotonou,6.352268,2.402957,2927.8490964669886,21238.37353,9.0,100.0,109.0,570.0,10,11.464200496673584,261.5942460838007,1.9079957980648148,1.464200496673584,-0.0007628540603481993,1.0333444134521002,-0.0007475969791412352,1.065678857686302,0.0,0.0,1,-1.0,-1.0,0,0,0,0,1,33.0,63.0,210.0,13.0,1009.0,cotonou/COTO,255.08273363755146,64.3,66.5,0.4955065566286184
6.381973899696239,2.3752272826511764,COTO,cotonou,6.352268,2.402957,4494.914086439554,21238.37353,9.0,100.0,109.0,570.0,10,12.532701015472412,317.148927806503,1.2294608148192059,2.532701015472412,-0.0002552819176081253,1.1392062575178674,-0.00024223306722808303,1.1326923221005978,0.0017741229799058701,0.06642538078791309,1,-1.0,-1.0,0,0,2,1,1,32.1,54.0,211.0,13.0,1008.6,cotonou/COTO,217.8231826505345,70.5,64.4,0.11069207402961612
6.34844097451622,2.3799607514751777,COTO,cotonou,6.352268,2.402957,2579.2866469530404,21238.37353,9.0,100.0,109.0,570.0,10,10.270606219768524,260.4954543736238,2.192085653031423,0.27060621976852417,-0.0013319322536158008,0.8723955950922163,-0.0013016610660336234,1.0072513442797049,0.0,0.0,1,-1.0,-1.0,0,0,0,0,1,32.0,71.0,200.0,18.4,1008.0,cotonou/COTO,310.65923598055264,55.9,66.5,0.25243629054958727
6.365131491495796,2.367702384067217,COTO,cotonou,6.352268,2.402957,4151.851322436302,21238.37353,9.0,100.0,109.0,570.0,10,11.478045463562012,290.16178177026035,1.3455609820502863,1.4780454635620117,-0.0005357638634063244,1.3041014109801705,-0.0005292933319759143,1.3212534957415105,-0.00015532374382019044,0.007308360997208965,1,-1.0,-1.0,0,0,2,2,1,30.1,50.0,198.0,11.1,1009.1,cotonou/COTO,211.07519039432174,58.0,62.5,0.2947739495745427
6.370378406217063,2.3613298007526815,COTO,cotonou,6.352268,2.402957,5022.201780399217,21238.37353,9.0,100.0,109.0,570.0,10,12.793999910354614,293.64404800309694,1.0974317461906418,2.7939999103546143,-0.00014637434115965996,1.4512748921448355,-0.00015668541777367684,1.4431022007526662,0.0026857117811838783,0.12419037443660876,1,-1.0,-1.0,0,0,2,13,1,32.0,71.0,220.0,18.4,1009.0,cotonou/COTO,298.34231362650223,78.0,73.3,0.7648035526072343
6.363203561812301,2.3589157572227837,COTO,cotonou,6.352268,2.402957,5020.525786042166,21238.37353,9.0,100.0,109.0,570.0,10,11.681709170341492,284.03001488728864,1.1104870998878398,1.6817091703414917,-0.00040184171899916636,1.2724637331295796,-0.0003859723389391088,1.2761130692374318,0.0008324527786429309,0.028676884336180927,1,-1.0,-1.0,0,0,3,0,1,33.0,48.0,210.0,9.4,1011.2,cotonou/COTO,275.55065323816524,67.2,65.7,0.8767107972646193
6.353807219563666,2.4069565566995372,COTO,cotonou,6.352268,2.402957,474.12223936864564,21238.37353,9.0,100.0,109.0,570.0,10,14.592692852020264,68.83210425270073,11.2614533301392,4.592692852020264,0.001840089466383456,0.3684037971706032,0.001997378631754391,0.37098910616239505,0.0020348287151343656,0.054002529939455306,1,-1.0,-1.0,0,0,1,9,1,31.5,68.0,230.0,13.0,1012.0,cotonou/COTO,286.83997943094687,75.4,71.6,0.9016418535664384
6.363561080197422,2.38420231241803,COTO,cotonou,6.352268,2.402957,2421.84826527898,21238.37353,9.0,100.0,109.0,570.0,10,12.849953889846802,301.21159889655087,2.2735116283439125,2.8499538898468018,-0.0003655145076578887,0.9100068801852814,-0.0004191973123205714,0.9314463268929173,-0.0028849204381306962,0.10599980221304016,0,-1.0,2295.6597785109366,0,2,3,13,1,33.0,63.0,200.0,16.6,1009.0,cotonou/COTO,376.3702126895599,66.2,62.4,0.9845686082507541
6.371124310616038,2.3901067516510506,COTO,cotonou,6.352268,2.402957,2523.829840562292,21238.37353,9.0,100.0,109.0,570.0,10,11.931666493415833,325.89146779255424,2.2025518054469893,1.9316664934158325,-0.0006962058590907677,0.8113581339642253,-0.0006977313847568465,0.8300021420998016,-0.0005563845848211853,0.015717792277084575,1,-1.0,-1.0,0,0,2,10,1,33.0,67.0,190.0,20.5,1010.0,cotonou/COTO,357.773164030067,81.4,84.9,0.9823666831045325
6.367044149523022,2.3570261726970916,COTO,cotonou,6.352268,2.402957,5338.00047181111,21238.37353,9.0,100.0,109.0,570.0,10,11.69931674003601,287.93912243087107,1.0442676450097537,1.6993167400360107,-0.0003756881903738868,1.4142315834369519,-0.00033662806626291736,1.416044049961517,0.002223882669529321,0.04588026174115435,1,-1.0,-1.0,0,0,4,0,1,30.0,49.0,140.0,14.8,1008.0,cotonou/COTO,350.56675056255096,78.69999999999999,78.8,0.9529991327679814
6.359363815357087,2.404343534081665,COTO,cotonou,6.352268,2.402957,799.5655340042129,21238.37353,9.0,100.0,109.0,570.0,10,14.61086893081665,10.990003302518119,6.732637059534071,4.61086893081665,0.0011158981440979757,0.4204268867155024,0.0011627523378394116,0.41246497816381855,0.0014832019805908203,0.06877359023427965,1,-1.0,-1.0,0,0,3,7,1,31.0,75.0,210.0,18.4,1008.0,cotonou/COTO,384.8115623263995,66.4,64.7,0.07182214050288438
6.359620509532066,2.376825821900598,COTO,cotonou,6.352268,2.402957,3003.309109274819,21238.37353,9.0,100.0,109.0,570.0,10,13.070035219192505,285.80876301923126,1.8294866822427827,3.070035219192505,-0.0002102165725758367,0.8137251904652466,-0.0002237901188968833,0.8216881773180371,-0.0007664521535237631,0.03014668648049416,1,-1.0,-1.0,0,0,0,3,1,32.4,63.0,230.0,7.6,1010.7,cotonou/COTO,343.13365923494894,63.8,65.8,0.1377935359278052
6.370810702197669,2.404009781591284,COTO,cotonou,6.352268,2.402957,2053.9041016690403,21238.37353,9.0,100.0,109.0,570.0,10,13.007776260375977,3.229515214551668,2.6758552229965393,3.0077762603759766,-0.0004064096845196883,0.587038002045171,-0.0002756750079947459,0.6089794626919446,-0.000624692440032959,0.03329848877587977,1,-1.0,-1.0,0,0,1,10,1,32.0,75.0,200.0,20.5,1010.0,cotonou/COTO,257.31179082972295,75.5,86.2,0.3044665264760329
6.3734830441902455,2.356425180373271,COTO,cotonou,6.352268,2.402957,5657.587271945652,21238.37353,9.0,100.0,109.0,570.0,10,13.607973337173462,294.64593677704033,0.9659670134689029,3.607973337173462,-1.746350915764165e-05,1.3609686891431714,-4.169824443770538e-05,1.354001825246943,-0.001924830675125122,0.08895269318141887,0,5260.762513392349,5249.424663147969,4,8,1,5,1,31.0,63.0,210.0,16.6,1009.0,cotonou/COTO,396.8541073241009,58.3,65.2,0.5528982540644615
6.360758777639118,2.409009774450733,COTO,cotonou,6.352268,2.402957,1153.3192556893894,21238.37353,9.0,100.0,109.0,570.0,10,14.592071533203125,35.316551454301475,4.6796604485671,4.592071533203125,0.0007564787171844743,0.4686070377806998,0.0012048014006766203,0.45742274143149003,0.005223985713517998,0.05739870531516519,1,-1.0,-1.0,0,0,1,2,1,32.0,67.0,210.0,18.4,1012.0,cotonou/COTO,267.46393794301054,62.5,68.1,0.0969778887054793
6.370112892989204,2.390769385879292,COTO,cotonou,6.352268,2.402957,2390.117908564904,21238.37353,9.0,100.0,109.0,570.0,10,12.039986848831177,325.83319234879974,2.3230465081953473,2.0399868488311768,-0.0006945852438608805,0.6999947205215217,-0.0007031643778328004,0.750858056424222,-0.0006975531578063965,0.027285116694342235,1,-1.0,-1.0,0,0,1,0,1,33.0,67.0,190.0,20.5,1010.0,cotonou/COTO,340.2779183256066,82.1,86.3,0.8457969578021425
6.383164330821544,2.36607224488963,COTO,cotonou,6.352268,2.402957,5322.35097620823,21238.37353,9.0,100.0,109.0,570.0,10,14.144047737121582,310.1277367726928,1.0210281952634186,4.144047737121582,8.18457496300173e-05,1.1041422400492875,5.5302469818680427e-05,1.1016357626625306,-0.0017219781875610352,0.08067787604779499,1,-1.0,-1.0,0,0,2,12,1,33.0,28.0,70.0,11.2,1010.0,cotonou/COTO,379.59078834977134,68.0,55.8,0.6167561790773091
6.3602720494997635,2.3954603399157466,COTO,cotonou,6.352268,2.402957,1213.0307189120697,21238.37353,9.0,100.0,109.0,570.0,10,13.844822883605957,317.05146130319775,4.48533425819217,3.844822883605957,3.1786417322789915e-05,0.4164812148959225,-0.0006429981112682861,0.44190767997210695,-0.00972848359666203,0.15503018238076557,1,-1.0,-1.0,0,0,3,4,1,33.0,63.0,200.0,16.6,1009.0,cotonou/COTO,204.60464730791253,68.1,56.5,0.542364402302205
6.361555500665838,2.36083959339701,COTO,cotonou,6.352268,2.402957,4771.700508836377,21238.37353,9.0,100.0,109.0,570.0,10,11.897932171821594,282.5123852274509,1.1657837464265832,1.8979321718215942,-0.0003768873463074366,1.1414157459247718,-0.00039329880436631443,1.1488222595885524,-0.00101812212871166,0.044273175043961915,1,-1.0,-1.0,0,0,0,1,1,29.0,75.0,200.0,13.0,1010.0,cotonou/COTO,234.36776676836976,61.2,67.2,0.16531132336729115
6.358943619270176,2.3759030983942715,COTO,cotonou,6.352268,2.402957,3082.9347827328456,21238.37353,9.0,100.0,109.0,570.0,10,13.064578533172607,283.9448690636097,1.7823671093499789,3.0645785331726074,-0.00021029184552023072,0.7768089490119059,-0.0002262349836819705,0.7916773669081624,-0.0010013623649312508,0.022243638577273482,1,-1.0,-1.0,0,0,5,4,1,32.4,63.0,230.0,7.6,1010.7,cotonou/COTO,320.4806640032702,63.8,53.0,0.25325547440019736
6.356657928842277,2.3759534920073015,COTO,cotonou,6.352268,2.402957,3026.8566701789327,21238.37353,9.0,100.0,109.0,570.0,10,14.126869201660156,279.29131162541216,1.7952785719594815,4.126869201660156,0.0001388256884318595,0.5506164875426689,0.000126628119582883,0.5489205894416354,-0.00026534928215874565,0.013225080767837318,1,-1.0,-1.0,0,0,3,10,1,31.5,70.0,236.0,9.3,1011.4,cotonou/COTO,363.9073676088481,59.2,61.8,0.16031202498225805
6.383444595673499,2.3712353689366164,COTO,cotonou,6.352268,2.402957,4919.782959055487,21238.37353,9.0,100.0,109.0,570.0,10,13.455688953399658,314.68256046537425,1.1125689417467572,3.455688953399658,-4.9428413090480213e-05,1.1272725203768663,-4.7968190357866994e-05,1.1216781953549615,0.0014676517910427516,0.05563483665623893,1,-1.0,-1.0,0,0,2,11,1,30.7,45.0,199.0,11.1,1008.8,cotonou/COTO,324.8945539710613,58.1,53.4,0.8519331577947986
6.358384409612359,2.398495309832993,COTO,cotonou,6.352268,2.402957,837.376555163082,21238.37353,9.0,100.0,109.0,570.0,10,14.68381929397583,324.05890861813214,6.426308148535799,4.68381929397583,0.001151025094019996,0.36671749013414434,0.0010401304562886557,0.36120052144687326,-0.0014821423424614798,0.05521655588786827,1,-1.0,-1.0,0,0,2,1,1,31.0,75.0,210.0,18.4,1008.0,cotonou/COTO,382.2656929414359,62.4,58.3,0.5842278600612182
6.365585409400737,2.415604016894542,COTO,cotonou,6.352268,2.402957,2031.4750436883714,21238.37353,9.0,100.0,109.0,570.0,10,14.66049575805664,43.343737498711334,2.6588438098845675,4.660495758056641,0.00043729858035053073,0.406435739498896,0.0004913042840503511,0.400568257588905,-0.0006662368774414063,0.0300448112689256,1,-1.0,-1.0,0,0,1,7,1,33.0,63.0,248.0,13.0,1011.0,cotonou/COTO,337.6225164292086,61.6,57.9,0.7351294275196334
6.368459105397191,2.3895111600927503,COTO,cotonou,6.352268,2.402957,2327.892683437041,21238.37353,9.0,100.0,109.0,570.0,10,12.101711511611938,320.46671115211154,2.3835548331787395,2.1017115116119385,-0.0006860170608911759,0.7320338208585483,-0.000720413476228714,0.7815568919111123,-0.0023080676794052122,0.10229689191991939,1,-1.0,-1.0,0,0,5,3,1,32.0,63.0,210.0,16.6,1010.0,cotonou/COTO,259.09644632842327,62.3,86.3,0.29603286291002573
6.373535318433449,2.355690168538932,COTO,cotonou,6.352268,2.402957,5734.053639593588,21238.37353,9.0,100.0,109.0,570.0,10,13.39404034614563,294.36033422018727,0.9552248374964561,3.39404034614563,-5.433178610271878e-05,1.3528588842718987,-6.776094848421984e-05,1.3493446364874524,-0.001105878088209364,0.04529192720012048,0,5331.865508559969,5228.445703437039,3,19,0,2,1,31.0,63.0,210.0,16.6,1009.0,cotonou/COTO,356.3532216776974,58.6,72.1,0.37125263708827716
6.3617915038122534,2.3780913700813433,COTO,cotonou,6.352268,2.402957,2945.822516974327,21238.37353,9.0,100.0,109.0,570.0,10,12.901049137115479,291.07645420062215,1.8684466990298574,2.9010491371154785,-0.00027136104275481864,0.9575004905578058,-0.0003111198960454567,0.9647827297479116,-0.0013389753590401824,0.04383367016464366,1,-1.0,-1.0,0,0,6,2,1,31.7,62.0,220.0,11.2,1010.7,cotonou/COTO,289.18429314187705,65.7,65.8,0.4048549644265338
6.382893571703404,2.3656639573305296,COTO,cotonou,6.352268,2.402957,5338.017291641847,21238.37353,9.0,100.0,109.0,570.0,10,14.034875869750977,309.5693888006205,1.0192036848744812,4.034875869750977,6.004210705584816e-05,1.1008736166935316,5.047776080943911e-05,1.0985544420781224,-0.001168717278374566,0.043826918019964294,0,-1.0,5006.396978934637,0,4,3,11,1,33.0,28.0,70.0,11.2,1010.0,cotonou/COTO,379.59078834977134,68.0,55.8,0.7600149717440349
6.373212205777732,2.3553613116582253,COTO,cotonou,6.352268,2.402957,5752.777949562214,21238.37353,9.0,100.0,109.0,570.0,10,13.291533470153809,293.88503664327004,0.9531369696503283,3.2915334701538086,-7.597463506426139e-05,1.3589118096352049,-8.69725027079018e-05,1.3519304094619524,-0.001565704491686776,0.04101617948152041,0,5429.976782051709,5222.461745794955,3,18,0,9,1,32.0,71.0,220.0,18.4,1009.0,cotonou/COTO,356.3532216776974,72.1,58.6,0.7723529876745681
6.369761242320398,2.391723964133321,COTO,cotonou,6.352268,2.402957,2299.3525284035113,21238.37353,9.0,100.0,109.0,570.0,10,12.352752447128296,327.4553180315586,2.4068609362494904,2.352752447128296,-0.0006225158926352617,0.5830880529197725,-0.0006363241984371395,0.6373714483202915,-0.004035548369089762,0.18436395071666975,1,-1.0,-1.0,0,0,7,5,1,32.0,63.0,210.0,16.6,1010.0,cotonou/COTO,292.9664112146319,61.2,84.9,0.2068135275140317
6.355237416416086,2.3735731380347227,COTO,cotonou,6.352268,2.402957,3267.5804763617925,21238.37353,9.0,100.0,109.0,570.0,10,14.681883811950684,275.8075406111942,1.6533731728955772,4.681883811950684,0.00029813222564323955,0.4305845723524593,0.00030543560738320103,0.4274646639636019,0.00046897994147406685,0.018571014392741485,1,-1.0,-1.0,0,0,0,15,1,33.0,63.0,210.0,13.0,1009.0,cotonou/COTO,313.5332494330497,78.1,61.8,0.941538856738099
6.365484458736211,2.4151771397988333,COTO,cotonou,6.352268,2.402957,1991.0277502554147,21238.37353,9.0,100.0,109.0,570.0,10,14.759378433227539,42.58005746678134,2.7099385772509765,4.759378433227539,0.0005235756214578354,0.40463087995938024,0.00046063010819292295,0.4002761660987029,-0.0019320011138916015,0.08566627690675818,1,-1.0,-1.0,0,0,4,12,1,33.0,63.0,248.0,13.0,1011.0,cotonou/COTO,337.6225164292086,57.9,61.6,0.1206553374436864
6.365611994972653,2.3629897788147383,COTO,cotonou,6.352268,2.402957,4661.672508306476,21238.37353,9.0,100.0,109.0,570.0,10,11.547747254371643,288.5714890705603,1.1975936983129785,1.547747254371643,-0.0004550183163540522,1.360245360208156,-0.00045273824583126013,1.3695305403633222,0.00031928519407908125,0.015291053945004915,1,-1.0,-1.0,0,0,0,0,1,33.0,48.0,210.0,9.4,1011.2,cotonou/COTO,370.6602309393415,67.2,61.3,0.8961220824236303
6.385012245300302,2.372110093971462,COTO,cotonou,6.352268,2.402957,4975.920090771284,21238.37353,9.0,100.0,109.0,570.0,10,12.659142971038818,316.8877009025042,1.1091888164910289,2.6591429710388184,-0.00021191851997710089,1.0920196897828338,-0.00021273163224280183,1.0861270662106428,-0.0006190992081278268,0.019692169850321264,0,-1.0,4746.569064543349,0,1,1,3,1,31.8,57.0,210.0,13.0,1008.6,cotonou/COTO,263.34150546393204,62.5,57.6,0.1003956456498093
6.364590544885162,2.367916583859893,COTO,cotonou,6.352268,2.402957,4109.373280818147,21238.37353,9.0,100.0,109.0,570.0,10,11.50147020816803,289.4879229744091,1.3591382523433644,1.5014702081680298,-0.0005367995642059342,1.2506214118919166,-0.0005321266839830137,1.2708007647934896,-0.00026008288065592445,0.00986367778756127,1,-1.0,-1.0,0,0,3,9,1,30.1,50.0,198.0,11.1,1009.1,cotonou/COTO,358.990200005476,58.0,59.4,0.2645398111513111
6.381563703574611,2.369750606601485,COTO,cotonou,6.352268,2.402957,4898.296775960362,21238.37353,9.0,100.0,109.0,570.0,10,13.025272369384766,311.59749958626287,1.122480640906268,3.0252723693847656,-0.0001385607855106757,1.1269114109083223,-4.530916516966286e-05,1.1240088822383243,0.0073433874901043085,0.2245266249265912,1,-1.0,-1.0,0,0,8,8,1,30.0,70.0,210.0,16.6,1007.0,cotonou/COTO,383.9027712846491,78.2,58.1,0.846478536067957
6.381513580300371,2.3698251422476333,COTO,cotonou,6.352268,2.402957,4888.445826192172,21238.37353,9.0,100.0,109.0,570.0,10,13.025272369384766,311.6127054537076,1.1247420268703137,3.0252723693847656,-0.00013438897749604078,1.1304541887837838,-0.0001159285054062352,1.1236866551441518,0.003459323777092828,0.12711602907497294,1,-1.0,-1.0,0,0,7,9,1,30.7,45.0,199.0,11.1,1008.8,cotonou/COTO,383.9027712846491,58.1,78.2,0.17949207234608744
6.348128884455272,2.3826421403921727,COTO,cotonou,6.352268,2.402957,2293.7921863381694,21238.37353,9.0,100.0,109.0,570.0,10,11.094428181648254,258.41566734723676,2.44406326465928,1.0944281816482544,-0.0014166923190579812,0.6454773404868278,-0.0011023473639025466,0.7683446773117795,-0.014605837066968282,0.6793422890091267,1,-1.0,-1.0,0,0,1,4,1,32.0,71.0,200.0,18.4,1008.0,cotonou/COTO,377.3020461115892,63.1,55.9,0.4135679313099698
6.348876729341091,2.3831487720659097,COTO,cotonou,6.352268,2.402957,2223.4577149483553,21238.37353,9.0,100.0,109.0,570.0,10,12.968969821929932,260.2271235874662,2.4730649560287032,2.9689698219299316,-0.0003280096054077149,0.45236427351040254,-0.00046739301053848553,0.4794552756955047,-0.0055912613656145605,0.17340942425613234,1,-1.0,-1.0,0,0,6,7,1,32.0,71.0,200.0,18.4,1008.0,cotonou/COTO,255.0899788310412,65.8,63.1,0.4498592999441262
6.359766865311739,2.3732558151519627,COTO,cotonou,6.352268,2.402957,3389.155745318633,21238.37353,9.0,100.0,109.0,570.0,10,12.97777509689331,284.25545732828726,1.6228811128309644,2.9777750968933105,-0.00021518818073478475,0.8531420358019797,-0.00021604157876277318,0.8628155573406111,-0.00022126303778754338,0.00910911002111996,1,-1.0,-1.0,0,0,3,3,1,32.0,63.0,220.0,13.0,1010.0,cotonou/COTO,370.9625978450856,62.1,53.0,0.24525897302320965
6.355297316098998,2.3910442801731677,COTO,cotonou,6.352268,2.402957,1359.9345685729313,21238.37353,9.0,100.0,109.0,570.0,10,15.788703918457031,284.3526937273514,3.9209784904405813,5.788703918457031,0.0015084873075070586,0.6545016911321574,0.001378910364712367,0.654220946442393,-0.0020632382120558874,0.06968040782598608,1,-1.0,-1.0,0,0,3,10,1,32.6,66.0,210.0,11.2,1010.9,cotonou/COTO,249.61182844569544,57.1,68.3,0.7102452013359866
6.354186365548008,2.4066267226847806,COTO,cotonou,6.352268,2.402957,458.10322375200934,21238.37353,9.0,100.0,109.0,570.0,10,14.737926483154297,62.25609089186918,11.627239076085962,4.737926483154297,0.0025249296575465758,0.41628084618657263,0.0020580103433210954,0.41416878265162443,0.00019654887958858386,0.03164240546641632,1,-1.0,-1.0,0,0,3,9,1,31.4,69.0,240.0,16.6,1010.7,cotonou/COTO,245.31000000003797,65.4,71.6,0.8513346494022038
6.378530407865738,2.37493230790176,COTO,cotonou,6.352268,2.402957,4248.369380475997,21238.37353,9.0,100.0,109.0,570.0,10,11.803606748580933,313.31907343898314,1.310613856594655,1.8036067485809326,-0.00044295940964714426,1.1680064010810634,-0.00041717608611242644,1.1696519525387723,0.0011127589716867575,0.019228940426974483,1,-1.0,-1.0,0,0,1,8,1,31.0,63.0,200.0,16.6,1007.0,cotonou/COTO,296.22029927065233,81.4,81.4,0.8745751398555718
6.362227982888682,2.397653989469271,COTO,cotonou,6.352268,2.402957,1247.9755877027064,21238.37353,9.0,100.0,109.0,570.0,10,14.403059005737305,332.1143950891876,4.334748703658158,4.403059005737305,0.00040169653552704285,0.3302170690755082,0.0004606530521855211,0.3239232734883194,-0.0032534400622049966,0.17174099418524036,1,-1.0,-1.0,0,0,5,10,1,32.0,71.0,210.0,22.3,1008.0,cotonou/COTO,392.99957175554596,56.6,68.1,0.33932214573656094
6.388243607715368,2.3756384270852524,COTO,cotonou,6.352268,2.402957,4996.332639809105,21238.37353,9.0,100.0,109.0,570.0,10,12.689288854598999,322.96056537799365,1.104312772169642,2.689288854598999,-0.0002601104076244351,0.9668665358705736,-0.0002551005907077526,0.9652617930107543,-0.005953081448872884,0.28739021246074486,0,-1.0,4495.6981067621,0,4,5,10,1,33.0,41.0,50.0,9.4,1007.0,cotonou/COTO,339.277088085809,64.0,66.1,0.5308503942878144
6.385536239113123,2.372888978152543,COTO,cotonou,6.352268,2.402957,4960.043832117641,21238.37353,9.0,100.0,109.0,570.0,10,12.786701917648315,318.0706094978475,1.1112653125192462,2.7867019176483154,-0.0001847970916564206,1.0651816509861298,-0.00018672139237230342,1.0621476970674497,-0.0007055152188214609,0.02372219899507145,0,-1.0,4701.604674532353,0,3,2,1,1,31.8,57.0,210.0,13.0,1008.6,cotonou/COTO,358.8872214220909,62.5,66.1,0.2484064038656515
6.377355520349845,2.3638956104953497,COTO,cotonou,6.352268,2.402957,5135.561821601142,21238.37353,9.0,100.0,109.0,570.0,10,12.712973356246948,302.87440963004195,1.0741169390319363,2.7129733562469482,-0.00019263916237409722,1.2034327706687191,-0.00021145226660791163,1.2005928513085926,-0.0019447075124985672,0.05907843298167363,1,-1.0,-1.0,0,0,0,11,1,30.7,55.0,293.0,13.0,1011.4,cotonou/COTO,333.1849486396399,64.2,76.1,0.24479650155014543
6.377363874593715,2.364146237811444,COTO,cotonou,6.352268,2.402957,5112.750820342133,21238.37353,9.0,100.0,109.0,570.0,10,12.7845778465271,303.05146249574426,1.0781059311109171,2.7845778465270996,-0.00017980771687528077,1.20290703611332,-0.0001990994047337644,1.1968826414546325,-0.0017023622989654542,0.07641490614610932,1,-1.0,-1.0,0,0,0,6,1,30.7,55.0,293.0,13.0,1011.4,cotonou/COTO,333.1849486396399,64.2,76.1,0.16125406285192412
6.348794582700165,2.378050149241144,COTO,cotonou,6.352268,2.402957,2782.359618093154,21238.37353,9.0,100.0,109.0,570.0,10,10.30681025981903,262.01393648209205,2.0314891785532465,0.30681025981903076,-0.0012187029298488384,1.184423562450171,-0.001193046026062547,1.2655137445468339,0.0,0.0,1,-1.0,-1.0,0,0,0,0,1,32.0,71.0,200.0,18.4,1008.0,cotonou/COTO,313.1105188267804,75.4,66.5,0.9400190108075147
6.360845801682117,2.365187611729964,COTO,cotonou,6.352268,2.402957,4285.1075940189185,21238.37353,9.0,100.0,109.0,570.0,10,12.004328966140747,282.87400654207966,1.2966987644500765,2.004328966140747,-0.0003975093217059601,1.0472023807616255,-0.0003922893261087352,1.0638472902391045,-0.00015172163645426432,0.005584200859459713,0,-1.0,3975.961555171862,0,5,0,0,1,33.0,39.0,280.0,7.6,1012.0,cotonou/COTO,398.169857472909,55.2,61.3,0.8879888286055799
6.349249321115591,2.382201811539061,COTO,cotonou,6.352268,2.402957,2320.5105192315737,21238.37353,9.0,100.0,109.0,570.0,10,12.909801959991455,261.6755701494312,2.3712106326227445,2.909801959991455,-0.000340679262438391,0.4592350173474274,-0.00039004930134524065,0.48051555051530065,-0.0022978524823878328,0.07711939111840317,1,-1.0,-1.0,0,0,6,2,1,32.0,71.0,200.0,18.4,1008.0,cotonou/COTO,210.16260561769036,59.0,65.8,0.7773587133276922
6.374189037563707,2.3583879174967293,COTO,cotonou,6.352268,2.402957,5494.720433392136,21238.37353,9.0,100.0,109.0,570.0,10,13.85966157913208,296.33295187747063,0.9919695202349591,3.85966157913208,2.7657634970070596e-05,1.3320699692925735,1.2647455490874762e-05,1.3292061074850436,-0.0012929986158706093,0.035080017019804254,1,-1.0,-1.0,0,0,4,7,1,32.0,71.0,220.0,18.4,1009.0,cotonou/COTO,315.24390842648114,72.1,63.4,0.517661521287729
6.3576238678099015,2.399430840147644,COTO,cotonou,6.352268,2.402957,709.2369537836449,21238.37353,9.0,100.0,109.0,570.0,10,14.730412006378174,326.8023610396809,7.571199836659226,4.730412006378174,0.001430050436099115,0.34098814369982666,0.001304160937284812,0.34647625563985474,0.0003359675407409668,0.01664230461830696,1,-1.0,-1.0,0,0,6,6,1,31.0,71.0,210.0,20.5,1010.0,cotonou/COTO,337.12035847750434,62.0,62.4,0.4906079155118719
6.36324827202328,2.3599237692521324,COTO,cotonou,6.352268,2.402957,4913.57663279721,21238.37353,9.0,100.0,109.0,570.0,10,11.669187426567078,284.40133869341633,1.1347977207212292,1.6691874265670776,-0.0004137055552758246,1.2624716116855579,-0.0004028449814961139,1.271331864662772,0.0004227399826049805,0.015577943880406498,1,-1.0,-1.0,0,0,1,0,1,34.0,44.0,220.0,14.8,1010.0,cotonou/COTO,275.55065323816524,65.7,67.2,0.529745666182498
6.373278269777922,2.3691170674444804,COTO,cotonou,6.352268,2.402957,4406.365315162423,21238.37353,9.0,100.0,109.0,570.0,10,11.740650057792664,301.99573140145964,1.2644538446593787,1.7406500577926636,-0.0004445305979572266,1.274230012797326,-0.00040702895658163593,1.275719734342275,0.0019524025446663116,0.04519588975481904,1,-1.0,-1.0,0,0,1,1,1,32.0,67.0,220.0,16.6,1011.0,cotonou/COTO,151.02935906652115,79.6,80.0,0.5365680135770893
6.348183557289509,2.3821288232262785,COTO,cotonou,6.352268,2.402957,2348.300571400725,21238.37353,9.0,100.0,109.0,570.0,10,10.995618462562561,258.8393600289285,2.3898051255480133,0.995618462562561,-0.0012085679233586788,0.7719057761385654,-0.0011488888239280846,0.8289573154056771,-0.0016085547219818561,0.05298819569951303,1,-1.0,-1.0,0,0,3,3,1,32.0,71.0,200.0,18.4,1008.0,cotonou/COTO,377.3020461115892,55.9,63.1,0.43456308469769034
6.379276963884348,2.3630886518807412,COTO,cotonou,6.352268,2.402957,5327.079021673863,21238.37353,9.0,100.0,109.0,570.0,10,12.29250979423523,304.2827680809304,1.0400300866005734,2.2925097942352295,-0.0002648842022213596,1.1543073552436078,-0.0004990582457956333,1.1541688358379238,-0.012213756206626663,0.18996562525834113,0,5070.866804198567,4793.3035686003295,1,7,2,8,1,31.8,31.0,20.0,11.2,1010.9,cotonou/COTO,316.153254609243,78.2,76.1,0.13175483289206746
6.3651257169610975,2.3670280529544883,COTO,cotonou,6.352268,2.402957,4221.805119227943,21238.37353,9.0,100.0,109.0,570.0,10,11.478070855140686,289.80493967501957,1.323273168894527,1.478070855140686,-0.0005269301641535215,1.3049480489210419,-0.0005144459644602732,1.3214516684670852,0.00024400030674137844,0.003134334188019427,1,-1.0,-1.0,0,0,1,6,1,30.1,50.0,198.0,11.1,1009.1,cotonou/COTO,167.19783760562936,58.0,66.1,0.12566385286853599
6.347599100113661,2.3854493295794517,COTO,cotonou,6.352268,2.402957,2004.6995164461562,21238.37353,9.0,100.0,109.0,570.0,10,11.6312575340271,254.98095669805758,2.7806846937128875,1.6312575340270996,-0.0011882177483235775,0.5125124364461408,-0.0012099705456535595,0.66004294289408,-0.018684385882483587,0.6888700948873856,1,-1.0,-1.0,0,0,1,1,1,32.0,71.0,200.0,18.4,1008.0,cotonou/COTO,170.17425892305585,63.1,72.8,0.9522497158456833
6.353997227714972,2.374869703389823,COTO,cotonou,6.352268,2.402957,3113.4677025321307,21238.37353,9.0,100.0,109.0,570.0,10,14.295819282531738,273.5463039311672,1.742262270129518,4.295819282531738,0.00019437046172520107,0.39726212992134863,0.00019721392565553287,0.3940161985163326,0.001002163357204861,0.036994614130337465,1,-1.0,-1.0,0,0,7,4,1,29.6,72.0,220.0,14.8,1010.1,cotonou/COTO,267.64813860748006,56.3,78.1,0.48203075958635055
6.362784469182455,2.363471801690652,COTO,cotonou,6.352268,2.402957,4520.774356303143,21238.37353,9.0,100.0,109.0,570.0,10,11.637282371520996,285.00423761775045,1.2337732682420317,1.637282371520996,-0.00045674173847820446,1.20246870761561,-0.00045074549116080615,1.2178321250554471,2.2012657589382597e-05,0.000810660519050618,1,-1.0,-1.0,0,0,2,6,1,33.0,48.0,210.0,9.4,1011.2,cotonou/COTO,363.6499594390807,68.1,60.2,0.953205524905189
6.37492709923712,2.3567750381753694,COTO,cotonou,6.352268,2.402957,5690.870053043756,21238.37353,9.0,100.0,109.0,570.0,10,13.577667713165283,296.2776558527686,0.960623694529923,3.577667713165283,-3.0312644616545442e-05,1.3169780912232365,-2.5853183534410232e-05,1.3106111496762842,-0.001042824321322971,0.03864896527776127,0,5303.115380090875,5257.497183272889,2,4,0,7,1,32.0,71.0,220.0,18.4,1009.0,cotonou/COTO,241.37076977131866,72.1,58.3,0.16357687771010998
6.373746119944979,2.361284235476844,COTO,cotonou,6.352268,2.402957,5186.456457444028,21238.37353,9.0,100.0,109.0,570.0,10,13.20558786392212,297.41329882166553,1.0581389338479068,3.205587863922119,-9.178024470270667e-05,1.3341213502385119,-6.665597643171034e-05,1.326690980817734,0.002975342008802626,0.11258989911815959,1,-1.0,-1.0,0,0,0,12,1,31.5,72.0,200.0,11.2,1008.3,cotonou/COTO,349.29744130181854,63.4,76.5,0.5544165520399336
6.348054778211206,2.383337915683672,COTO,cotonou,6.352268,2.402957,2220.118033605654,21238.37353,9.0,100.0,109.0,570.0,10,12.807812213897705,257.80824049032464,2.480931812263435,2.807812213897705,-0.0004052635670592561,0.4941006120264371,-0.0016907395786511011,0.7018572055275438,-0.033096519505033895,1.0824814881694047,1,-1.0,-1.0,0,0,1,5,1,32.0,71.0,200.0,18.4,1008.0,cotonou/COTO,377.3020461115892,63.1,55.9,0.20771725335153923
6.361037133517724,2.384324267708972,COTO,cotonou,6.352268,2.402957,2278.221605507728,21238.37353,9.0,100.0,109.0,570.0,10,13.079451084136963,295.3405485393535,2.410914984457031,3.079451084136963,-0.0002761447072268572,0.8392187066567601,-0.0002606623193137666,0.8588543117823301,-5.073017544216578e-05,0.008483231292758445,1,-1.0,-1.0,0,0,2,9,1,33.0,63.0,210.0,18.4,1008.0,cotonou/COTO,318.97004498850305,75.2,54.4,0.25318460612660154
6.349611202183151,2.3823640984835044,COTO,cotonou,6.352268,2.402957,2297.2820005843655,21238.37353,9.0,100.0,109.0,570.0,10,13.088080644607544,262.60482653153986,2.3907202423124585,3.088080644607544,-0.0003001032673850981,0.4144926722072436,-0.0002955737496227152,0.4454584912690868,-0.002090005079905192,0.09829325654720923,1,-1.0,-1.0,0,0,5,2,1,32.0,71.0,200.0,18.4,1008.0,cotonou/COTO,206.50773641684015,65.8,75.4,0.030054578761178785
6.349452537504171,2.3806646789134516,COTO,cotonou,6.352268,2.402957,2486.01647221049,21238.37353,9.0,100.0,109.0,570.0,10,12.82511305809021,262.75905922877985,2.2154593990335334,2.82511305809021,-0.00035539463888337825,0.50264753110596,-0.00036077571069908327,0.539951846775143,-0.0005997993324714773,0.09825907653148788,1,-1.0,-1.0,0,0,1,3,1,32.0,71.0,200.0,18.4,1008.0,cotonou/COTO,208.55006593135025,75.4,59.0,0.11895331074021132
6.363489321146485,2.384052712636926,COTO,cotonou,6.352268,2.402957,2431.9857363159845,21238.37353,9.0,100.0,109.0,570.0,10,12.839801549911499,300.8492051921943,2.2642834304437485,2.839801549911499,-0.00035251621308365487,0.9126247443420187,-0.00046589434755876964,0.9272588792412018,-0.003367104235231647,0.11507957848934197,1,-1.0,-1.0,0,0,3,12,1,31.7,62.0,220.0,11.2,1010.7,cotonou/COTO,160.52457568861385,54.4,62.4,0.9168484076291957
6.3845545144204765,2.3720924195965587,COTO,cotonou,6.352268,2.402957,4940.557214456974,21238.37353,9.0,100.0,109.0,570.0,10,12.77942180633545,316.4687081368541,1.115731671352633,2.779421806335449,-0.0001812185882238918,1.1047292167143232,-0.0001955759025619415,1.0985706956492156,-6.151199340820284e-06,0.013724085884967228,1,-1.0,-1.0,0,0,2,8,1,31.8,57.0,210.0,13.0,1008.6,cotonou/COTO,161.07626082067793,62.5,53.4,0.3215329914823317
6.359359609156221,2.4118065711835244,COTO,cotonou,6.352268,2.402957,1254.475139709199,21238.37353,9.0,100.0,109.0,570.0,10,15.190772533416748,51.1200524167445,4.276599324654807,5.190772533416748,0.0011788830352660225,0.4056209200938007,0.0011309052251294697,0.4056398733622211,0.00017237824435629932,0.014014382946164224,0,-1.0,1086.038597904557,0,5,4,1,1,32.0,67.0,210.0,18.4,1012.0,cotonou/COTO,276.1246316430909,65.5,68.1,0.6081292119145916
6.377326501413199,2.3630250423959676,COTO,cotonou,6.352268,2.402957,5215.168698885233,21238.37353,9.0,100.0,109.0,570.0,10,12.62183928489685,302.27142563963963,1.0587257394531335,2.6218392848968506,-0.0002078835534866743,1.2104018815965438,-0.00020872994618112707,1.2047360747782123,-0.0001882440737323497,0.01861629129356765,1,-1.0,-1.0,0,0,0,1,1,31.0,75.0,200.0,18.4,1008.0,cotonou/COTO,333.1849486396399,76.1,64.2,0.465014131989273
6.378359187758559,2.3614141624482885,COTO,cotonou,6.352268,2.402957,5426.830030916078,21238.37353,9.0,100.0,109.0,570.0,10,12.283880472183228,302.2931760797598,1.021008370320498,2.2838804721832275,-0.00026208305007625464,1.193284907073289,-0.0002896118940057094,1.1908834621255568,-0.0018539815130809106,0.0832592035543348,0,-1.0,5046.1906499901,0,4,3,13,1,29.5,80.0,200.0,7.6,1009.5,cotonou/COTO,203.75681976320604,78.1,76.1,0.4004512452452783
6.3715018590172114,2.3561916148567787,COTO,cotonou,6.352268,2.402957,5594.201332779644,21238.37353,9.0,100.0,109.0,570.0,10,13.274072408676147,292.4839531124378,0.9803287526079846,3.2740724086761475,-7.716916674173668e-05,1.3846712753326436,-7.042804933309137e-05,1.377395767719952,0.00030401945114135744,0.016398853738281125,0,-1.0,5369.98484649589,0,5,1,8,1,29.5,69.0,210.0,9.4,1009.5,cotonou/COTO,399.3609701761259,51.6,65.2,0.5318860913460681
6.357088670605754,2.3741683364548614,COTO,cotonou,6.352268,2.402957,3229.484697098421,21238.37353,9.0,100.0,109.0,570.0,10,13.842909097671509,279.565281317654,1.6877375831422134,3.842909097671509,4.1949896164882273e-05,0.5580194090533086,9.149630864461259e-05,0.5562967354245288,0.0002613802750905356,0.06316855612228321,1,-1.0,-1.0,0,0,4,10,1,32.4,63.0,230.0,7.6,1010.7,cotonou/COTO,248.80347304650218,53.0,61.8,0.18723894461534152
6.355815412990105,2.3925747295402124,COTO,cotonou,6.352268,2.402957,1213.8382908734166,21238.37353,9.0,100.0,109.0,570.0,10,15.733831882476807,288.97312387766624,4.393730945351613,5.733831882476807,0.0017560252094474056,0.666677071013948,0.0015584747920664706,0.6709556148863772,0.0007607658704121907,0.041015293145141095,1,-1.0,-1.0,0,0,1,13,1,31.0,71.0,240.0,9.4,1011.0,cotonou/COTO,279.6517178563703,62.9,57.1,0.9886038985195765
6.362998571314295,2.384264466042717,COTO,cotonou,6.352268,2.402957,2384.3983257141417,21238.37353,9.0,100.0,109.0,570.0,10,13.151816129684448,300.01214255012104,2.30193975302006,3.1518161296844482,-0.00027875567429797656,0.8842591895048688,-0.00029941942633652114,0.8983947659328728,-0.002295927206675212,0.12722075304686642,1,-1.0,-1.0,0,0,4,11,1,33.0,63.0,210.0,18.4,1008.0,cotonou/COTO,350.04620409299224,75.2,62.4,0.818307868703863
6.374264806875064,2.354928993755928,COTO,cotonou,6.352268,2.402957,5844.074784017186,21238.37353,9.0,100.0,109.0,570.0,10,13.296565294265747,294.7447406192022,0.9382003137554763,3.296565294265747,-7.130956118239303e-05,1.3394856762914324,-6.131960454124282e-05,1.3327668983420211,0.0003250678380330403,0.02042889338937307,0,-1.0,5246.78457563066,0,19,0,0,1,31.0,63.0,210.0,16.6,1009.0,cotonou/COTO,234.58846199256698,58.6,58.3,0.7416146327315153
6.358090648614416,2.3764293751859404,COTO,cotonou,6.352268,2.402957,3004.819322774807,21238.37353,9.0,100.0,109.0,570.0,10,13.313671112060547,282.45538313622575,1.823926890223318,3.313671112060547,-0.0001298086871408393,0.7086605793186408,-0.00012837684219959685,0.7145220494579786,-0.00011711544036897721,0.008419954152174908,1,-1.0,-1.0,0,0,3,8,1,31.5,70.0,236.0,9.3,1011.4,cotonou/COTO,281.94874002195616,59.2,63.8,0.46875929701395247
6.363694422975086,2.3614140994989077,COTO,cotonou,6.352268,2.402957,4766.815628156083,21238.37353,9.0,100.0,109.0,570.0,10,11.655361294746399,285.471905831094,1.1698924954021168,1.655361294746399,-0.00043011114032513444,1.2752340328364526,-0.0004200112147007937,1.285468272489343,0.0002552885816228668,0.005703611566648466,1,-1.0,-1.0,0,0,2,0,1,33.0,48.0,210.0,9.4,1011.2,cotonou/COTO,370.6602309393415,67.2,61.3,0.15287712212633597
6.345770940315274,2.399149256178877,COTO,cotonou,6.352268,2.402957,832.9013422248121,21238.37353,9.0,100.0,109.0,570.0,10,11.66923987865448,210.22003959417987,6.665211353520082,1.66923987865448,-0.0024958107168730837,0.6765885750336257,-0.0023744348684946693,0.742406611978425,-0.0031003912289937333,0.1139475657877186,1,-1.0,-1.0,0,0,0,4,1,31.0,71.0,180.0,18.4,1010.0,cotonou/COTO,393.11085268658167,69.1,75.8,0.9206658582735678
6.363464389125727,2.4072110603552064,COTO,cotonou,6.352268,2.402957,1324.6242237516876,21238.37353,9.0,100.0,109.0,570.0,10,15.076210498809814,20.68692679215917,4.055825848407387,5.0762104988098145,0.0010142363442314994,0.4386066307722722,0.0009363946906343815,0.4356623664412575,-0.0009650916121296394,0.02896154587157674,1,-1.0,-1.0,0,0,0,8,1,32.0,63.0,180.0,14.8,1011.0,cotonou/COTO,373.8657305772486,58.8,70.5,0.34138706738172764
6.35202958428486,2.373706599221418,COTO,cotonou,6.352268,2.402957,3236.3891957109604,21238.37353,9.0,100.0,109.0,570.0,10,13.900843620300293,269.53173435101854,1.6831142819631268,3.900843620300293,5.54030414340866e-05,0.3493318008240287,3.6822174689733376e-05,0.35264951971031216,-0.0016570907112055423,0.05129012524605908,1,-1.0,-1.0,0,0,0,4,1,33.0,63.0,210.0,13.0,1009.0,cotonou/COTO,135.44729233169025,74.7,78.1,0.05010668969693377
6.348325714316391,2.3764367121257512,COTO,cotonou,6.352268,2.402957,2966.442356423208,21238.37353,9.0,100.0,109.0,570.0,10,10.710995376110077,261.49483059073395,1.8977229209626512,0.7109953761100769,-0.001008752881477176,1.2841590212149192,-0.0009887775768934696,1.327531372596552,0.0,0.0,1,-1.0,-1.0,0,0,0,0,1,33.0,63.0,210.0,13.0,1009.0,cotonou/COTO,255.08273363755146,64.3,66.5,0.34240367681062867
6.365211986407064,2.366944179882021,COTO,cotonou,6.352268,2.402957,4233.759554508668,21238.37353,9.0,100.0,109.0,570.0,10,11.478070855140686,289.8846233731649,1.3195381002391777,1.478070855140686,-0.0005232207931823014,1.3152606368886945,-0.0005176282272875957,1.3232164963828272,9.23124453056747e-05,0.003134334188019427,1,-1.0,-1.0,0,0,2,6,1,30.1,50.0,198.0,11.1,1009.1,cotonou/COTO,167.19783760562936,66.1,58.0,0.7944570304958843
6.350529709795068,2.4137547658104244,COTO,cotonou,6.352268,2.402957,1210.0402342697612,21238.37353,9.0,100.0,109.0,570.0,10,15.005568981170654,99.20027693351534,4.4417459055007535,5.005568981170654,0.0007957784286309909,0.42860812529075976,0.0009509367429864241,0.4337171946045821,-0.00730047912354678,0.24993938132298363,1,-1.0,-1.0,0,0,0,7,1,29.8,77.0,200.0,11.2,1012.0,cotonou/COTO,285.3045504368927,58.1,75.1,0.6227087449882082
6.377853071255086,2.3620485911776283,COTO,cotonou,6.352268,2.402957,5337.63441348563,21238.37353,9.0,100.0,109.0,570.0,10,12.535616874694824,302.18457545605946,1.035365104087056,2.535616874694824,-0.00021823927349135072,1.2016653752795228,-0.00023581067721048995,1.1969418813424533,-0.0007245673073662653,0.04378061935239202,0,-1.0,5070.217859703785,0,1,3,12,1,31.8,31.0,20.0,11.2,1010.9,cotonou/COTO,316.153254609243,78.2,76.1,0.7508385847448596
6.374921108953741,2.3566821887829814,COTO,cotonou,6.352268,2.402957,5699.803904149887,21238.37353,9.0,100.0,109.0,570.0,10,13.577667713165283,296.22600377972856,0.9591182980658813,3.577667713165283,-2.3201214101184e-05,1.3203603003883815,-3.567860038215404e-05,1.3139268536836881,-0.0012685010768897717,0.03300545029043817,0,5300.018059169433,5265.750701028252,3,6,0,8,1,31.0,63.0,210.0,16.6,1009.0,cotonou/COTO,241.37076977131866,58.3,72.1,0.7936353838623774
6.371360157903807,2.360576578551706,COTO,cotonou,6.352268,2.402957,5142.344105304708,21238.37353,9.0,100.0,109.0,570.0,10,13.065813541412354,294.3864732435066,1.0687706502740493,3.0658135414123535,-0.00012425928152808848,1.4251630410332194,-0.00011077804126958737,1.4169908722199518,0.0011783798535664877,0.053094397899642994,1,-1.0,-1.0,0,0,0,4,1,32.0,71.0,220.0,18.4,1009.0,cotonou/COTO,331.14855306943616,73.3,63.4,0.2119546110805426
6.348016675839368,2.381380550986553,COTO,cotonou,6.352268,2.402957,2433.0953694449568,21238.37353,9.0,100.0,109.0,570.0,10,10.953526198863983,258.7876073387686,2.307600201907083,0.9535261988639832,-0.00111929481107045,0.9269300732590866,-0.0011058093314189987,0.9680637196133829,0.0,0.0,1,-1.0,-1.0,0,0,0,0,1,32.0,71.0,200.0,18.4,1008.0,cotonou/COTO,94.8968856180276,55.9,59.0,0.9237833160931802
6.370023518194889,2.3617434987899575,COTO,cotonou,6.352268,2.402957,4964.609973885541,21238.37353,9.0,100.0,109.0,570.0,10,12.534323692321777,293.43838018945246,1.1131550560792556,2.5343236923217773,-0.0002354754501557254,1.4612534349944262,-9.418355629168846e-05,1.453083957667558,0.0073724494117144565,0.16024926605857148,1,-1.0,-1.0,0,0,0,14,1,32.0,71.0,220.0,18.4,1009.0,cotonou/COTO,298.34231362650223,73.3,78.0,0.4379896029203726
6.361807332449212,2.3631481840587423,COTO,cotonou,6.352268,2.402957,4529.005070296089,21238.37353,9.0,100.0,109.0,570.0,10,11.846537470817566,283.5581198978235,1.2288857461729132,1.846537470817566,-0.00041032751712467776,1.1469549014122344,-0.0004316808005577289,1.1610386419786174,-0.0011438391845131068,0.029078857809842054,1,-1.0,-1.0,0,0,1,0,1,33.0,48.0,210.0,9.4,1011.2,cotonou/COTO,363.6499594390807,68.1,60.2,0.6390136492641646
6.354914225053834,2.404886490665668,COTO,cotonou,6.352268,2.402957,362.2317807176722,21238.37353,9.0,100.0,109.0,570.0,10,15.336487770080566,35.92960408107825,14.497628451845047,5.336487770080566,0.004178195733290453,0.6495014723658661,0.003954309548327985,0.664225232697654,0.0009083617248320827,0.04022863401594306,1,-1.0,-1.0,0,0,5,7,1,31.4,69.0,240.0,16.6,1010.7,cotonou/COTO,264.0610446469,65.4,68.1,0.002308772586742003
6.359638289376986,2.410856339106727,COTO,cotonou,6.352268,2.402957,1195.062165303685,21238.37353,9.0,100.0,109.0,570.0,10,14.950099468231201,46.807661058877045,4.499831722189225,4.950099468231201,0.001035923361778259,0.39946283928007764,0.0010220669564746673,0.394991265661488,0.0004966259002685547,0.02234816551208496,1,-1.0,-1.0,0,0,2,3,1,32.0,67.0,210.0,18.4,1012.0,cotonou/COTO,267.46393794301054,62.5,68.1,0.993368498411178
6.381536403373683,2.3679293210610513,COTO,cotonou,6.352268,2.402957,5049.252364335548,21238.37353,9.0,100.0,109.0,570.0,10,13.418724536895752,310.0578895333675,1.0844674216234473,3.418724536895752,-5.6857376173873384e-05,1.1075983585992157,2.149464018673292e-05,1.1063788018265315,0.005903328212367828,0.20015928108419823,1,-1.0,-1.0,0,0,5,9,1,34.0,32.0,222.0,5.4,1009.0,cotonou/COTO,218.89526468152152,61.3,58.1,0.2808963859641551
6.3728309531548,2.3548474475727845,COTO,cotonou,6.352268,2.402957,5788.172588918157,21238.37353,9.0,100.0,109.0,570.0,10,13.2295823097229,293.27367260562977,0.9479226808579179,3.2295823097229004,-8.314319055954579e-05,1.358936398387613,-8.136690410351609e-05,1.3519856211436794,-0.00028955289626549546,0.015725393982201647,0,-1.0,5289.392185464288,0,3,1,3,1,31.0,63.0,210.0,16.6,1009.0,cotonou/COTO,234.58846199256698,58.6,58.3,0.06206310654015523
6.378503219266459,2.375864002695534,COTO,cotonou,6.352268,2.402957,4171.641309135212,21238.37353,9.0,100.0,109.0,570.0,10,11.79252552986145,314.2570681746488,1.3348631581115762,1.7925255298614502,-0.0004558252152942476,1.1743395494536213,-0.000435769571681039,1.174753180430973,0.0007874535360238542,0.021444039797835754,1,-1.0,-1.0,0,0,0,4,1,31.0,63.0,200.0,16.6,1007.0,cotonou/COTO,310.99815111988335,85.6,81.4,0.45826204153651395
6.363715476784126,2.3609480669370995,COTO,cotonou,6.352268,2.402957,4817.163174702703,21238.37353,9.0,100.0,109.0,570.0,10,11.669331789016724,285.3352843885758,1.1575023761079715,1.6693317890167236,-0.0004218757029152312,1.2813491117199007,-0.0003725312178099769,1.2903401900918352,0.0018765889099083188,0.019951163597888278,1,-1.0,-1.0,0,0,1,1,1,33.0,48.0,210.0,9.4,1011.2,cotonou/COTO,377.7002335187451,67.2,78.69999999999999,0.12903005718204175
6.352630170863003,2.4119358385863925,COTO,cotonou,6.352268,2.402957,994.2305348166825,21238.37353,9.0,100.0,109.0,570.0,10,14.977849960327148,87.67541593591261,5.4022672226837685,4.977849960327148,0.0012459397315979003,0.4537620866885463,0.0013727514279979751,0.46819648345264175,0.0026637889166156465,0.09255026226953998,1,-1.0,-1.0,0,0,2,5,1,31.5,68.0,230.0,13.0,1012.0,cotonou/COTO,374.95826287725737,70.9,75.1,0.1523267101575757
6.382212378187309,2.3638861507334576,COTO,cotonou,6.352268,2.402957,5445.332483501322,21238.37353,9.0,100.0,109.0,570.0,10,13.399433612823486,307.6404691532897,1.005805672980872,3.3994336128234863,-5.632927129556835e-05,1.0931239034096498,-0.00011067135610442225,1.0870435090045338,-0.003169564406077067,0.1548072826371243,0,-1.0,5237.995174510289,0,2,1,3,1,34.0,32.0,222.0,5.4,1009.0,cotonou/COTO,196.14362722252218,55.8,70.4,0.6322828130302102
6.369727622935248,2.3620884281211967,COTO,cotonou,6.352268,2.402957,4916.641078510626,21238.37353,9.0,100.0,109.0,570.0,10,12.347612380981445,293.2632137060339,1.126187699743492,2.3476123809814453,-0.0002677737255562729,1.4693580259365275,-0.00025075674057006836,1.4629054866625657,0.003535466723971897,0.12991625922808855,1,-1.0,-1.0,0,0,0,10,1,32.0,71.0,220.0,18.4,1009.0,cotonou/COTO,298.34231362650223,78.0,73.3,0.39292739157023326
6.370644269036155,2.3546003183629596,COTO,cotonou,6.352268,2.402957,5723.071661222933,21238.37353,9.0,100.0,109.0,570.0,10,13.075225591659546,290.92800558849314,0.9602483524002616,3.075225591659546,-0.00011402727185920322,1.3731333555812388,-0.00011193019326692622,1.366160933506179,-0.0007520304785834419,0.027763621914405623,0,5447.813705572931,5161.086668437514,2,6,2,3,1,31.0,63.0,210.0,16.6,1009.0,cotonou/COTO,249.20674248494376,58.6,51.6,0.9218524501549951
6.365492316087362,2.3603410721440685,COTO,cotonou,6.352268,2.402957,4936.587113127959,21238.37353,9.0,100.0,109.0,570.0,10,11.573681116104126,287.3425453036606,1.1306176101575611,1.573681116104126,-0.00044086423032725793,1.3590195291003957,-0.000425790169995702,1.3667534283222653,-0.0003722349802652994,0.022785431454457702,1,-1.0,-1.0,0,0,0,0,1,30.0,49.0,140.0,14.8,1008.0,cotonou/COTO,377.7002335187451,78.69999999999999,67.2,0.31915649460807005
6.370853913981022,2.4040661714362264,COTO,cotonou,6.352268,2.402957,2059.037544604176,21238.37353,9.0,100.0,109.0,570.0,10,13.178877353668213,3.3942092281088776,2.6644428001186227,3.178877353668213,-0.0002833206283222362,0.5699802086617556,-0.00027567500799474584,0.5985251197102484,-0.001998456319173177,0.09303978134239797,1,-1.0,-1.0,0,0,1,11,1,32.0,75.0,200.0,20.5,1010.0,cotonou/COTO,257.31179082972295,86.2,75.5,0.7261801283839011
6.355425824572616,2.3914075307919282,COTO,cotonou,6.352268,2.402957,1324.695200376332,21238.37353,9.0,100.0,109.0,570.0,10,15.86599588394165,285.3825986201421,4.021618870184411,5.86599588394165,0.0015992625554402666,0.6620870572956787,0.0014346941237197363,0.6623861902058567,-0.0022290633609189543,0.07122025055317674,1,-1.0,-1.0,0,0,5,4,1,31.0,71.0,240.0,9.4,1011.0,cotonou/COTO,249.61182844569544,68.3,57.1,0.4610994301549076
6.364476526464705,2.36813253927877,COTO,cotonou,6.352268,2.402957,4082.6531178814757,21238.37353,9.0,100.0,109.0,570.0,10,11.511430621147156,289.4318731334241,1.3678904715672062,1.5114306211471558,-0.0005341997111800814,1.2490820627446473,-0.0005339184660956666,1.2594237850730399,-0.0003592828173063165,0.01200161041912018,1,-1.0,-1.0,0,0,3,7,1,30.0,55.0,310.0,7.6,1013.0,cotonou/COTO,358.990200005476,59.4,58.0,0.6599513011292788
6.3561323899434035,2.37751744250279,COTO,cotonou,6.352268,2.402957,2846.8950872677774,21238.37353,9.0,100.0,109.0,570.0,10,13.837720394134521,278.69145456945967,1.9144954239194512,3.8377203941345215,4.865945656432091e-05,0.5414214431927148,0.00010740444978494088,0.5443031106331749,0.0025808703047719536,0.05923866512233559,1,-1.0,-1.0,0,0,2,12,1,31.5,70.0,236.0,9.3,1011.4,cotonou/COTO,247.88812658137354,59.2,62.4,0.5996953567159904
6.380947526932575,2.3706668900018184,COTO,cotonou,6.352268,2.402957,4777.221281683221,21238.37353,9.0,100.0,109.0,570.0,10,12.491190433502197,311.78877896454463,1.157324540899665,2.4911904335021973,-0.00025329187512397773,1.1407897394107005,-0.0002102137996041148,1.1373924728995817,0.00413147660365958,0.12880925911699243,1,-1.0,-1.0,0,0,5,11,1,30.7,45.0,199.0,11.1,1008.8,cotonou/COTO,383.9027712846491,58.1,78.2,0.4727839727589982
6.3634288423758685,2.361195870479396,COTO,cotonou,6.352268,2.402957,4782.43810205311,21238.37353,9.0,100.0,109.0,570.0,10,11.642843008041382,285.05356565701493,1.1662218545902163,1.6428430080413818,-0.0004300309220949809,1.2656208527861055,-0.00026423180748787694,1.275824935168078,0.006536787665729021,0.014533782186688418,1,-1.0,-1.0,0,0,2,3,1,30.1,50.0,198.0,11.1,1009.1,cotonou/COTO,370.6602309393415,61.3,67.2,0.9500610946244371
6.348216623088608,2.381818372112512,COTO,cotonou,6.352268,2.402957,2381.3261981925334,21238.37353,9.0,100.0,109.0,570.0,10,10.953526198863983,259.0861939677154,2.3577105856109775,0.9535261988639832,-0.0011798162333143745,0.7543693007078504,-0.0011326577847566063,0.8671675497312333,-0.0010489538311958314,0.04820886776109418,1,-1.0,-1.0,0,0,2,3,1,32.0,71.0,200.0,18.4,1008.0,cotonou/COTO,377.3020461115892,55.9,63.1,0.34271364275495586
6.35710347885876,2.4056351549378516,COTO,cotonou,6.352268,2.402957,611.3533564866625,21238.37353,9.0,100.0,109.0,570.0,10,14.670733451843262,28.830531375329258,8.771328751743916,4.670733451843262,0.0015297492345174152,0.589820423536101,0.0012957203215447025,0.5660476401877821,-0.0015613158543904622,0.07313704611769264,1,-1.0,-1.0,0,0,0,4,1,31.4,69.0,240.0,16.6,1010.7,cotonou/COTO,384.8115623263995,64.7,66.4,0.17723550124927256
6.358110935640675,2.3750024405909347,COTO,cotonou,6.352268,2.402957,3159.6668487592674,21238.37353,9.0,100.0,109.0,570.0,10,13.228466033935547,281.8782193172672,1.7361403661464332,3.228466033935547,-0.00015047968558545383,0.708877494120768,-0.00015604235580935185,0.7155602558908535,-0.0003862882657085171,0.013347034699209158,1,-1.0,-1.0,0,0,3,12,1,32.4,63.0,230.0,7.6,1010.7,cotonou/COTO,320.4806640032702,63.8,53.0,0.6780940608798283
6.384635893459127,2.3752397717956404,COTO,cotonou,6.352268,2.402957,4713.444999961154,21238.37353,9.0,100.0,109.0,570.0,10,13.144234418869019,319.60261149078985,1.16504464407736,3.1442344188690186,7.811042152880406e-05,1.048075360009674,-7.1218227157595e-05,1.0450164938798283,0.00315015324131424,0.09159259747869787,0,4430.071553069702,4439.51733463275,1,1,4,8,1,34.0,32.0,222.0,5.4,1009.0,cotonou/COTO,262.7208442434569,64.4,70.2,0.8460075613079088
6.3830776701380785,2.3739791729977116,COTO,cotonou,6.352268,2.402957,4678.405193266352,21238.37353,9.0,100.0,109.0,570.0,10,12.70855164527893,316.9334747833384,1.1791015330348034,2.7085516452789307,-0.00021190436347624748,1.1223930543391953,-0.00020361947610911436,1.1156484082383755,0.0009955591625637479,0.03660908635170245,1,-1.0,-1.0,0,0,1,20,1,34.0,32.0,222.0,5.4,1009.0,cotonou/COTO,217.8231826505345,64.4,70.5,0.04025373993992376
6.379704349402253,2.3705399054115,COTO,cotonou,6.352268,2.402957,4697.7957940747765,21238.37353,9.0,100.0,109.0,570.0,10,12.094105243682861,310.4196921354128,1.1817268565957348,2.0941052436828613,-0.000330105285044231,1.1442034399322607,-0.00023419715948089204,1.1402581948442307,0.005014957438006265,0.11759614921346728,1,-1.0,-1.0,0,0,1,11,1,30.7,55.0,293.0,13.0,1011.4,cotonou/COTO,333.8960444509769,66.5,78.2,0.44963268842268056
6.369981592357541,2.4029278226509754,COTO,cotonou,6.352268,2.402957,1958.9117667417113,21238.37353,9.0,100.0,109.0,570.0,10,13.092123746871948,359.9062066882973,2.8029502000707867,3.0921237468719482,-0.00043373176755250525,0.5539846354619605,-0.00037058019098367085,0.5744834600250668,-0.004036450954280389,0.12995557647393496,1,-1.0,-1.0,0,0,1,10,1,32.0,75.0,200.0,20.5,1010.0,cotonou/COTO,257.31179082972295,75.5,86.2,0.8924876896873263
6.355098886367255,2.392404778798975,COTO,cotonou,6.352268,2.402957,1208.7453269757186,21238.37353,9.0,100.0,109.0,570.0,10,15.728122234344482,285.10652651056233,4.412439716345975,5.728122234344482,0.0016431957725586929,0.6201782885312729,0.0017005991227529802,0.6330634396170254,0.0021479670888284517,0.06850572283397989,1,-1.0,-1.0,0,0,2,9,1,31.0,71.0,240.0,9.4,1011.0,cotonou/COTO,330.452052195156,54.4,57.1,0.7496186189228675
6.356725008121191,2.4033824522709235,COTO,cotonou,6.352268,2.402957,495.13371093326293,21238.37353,9.0,100.0,109.0,570.0,10,14.618048667907715,5.419432365776061,10.79220010108436,4.618048667907715,0.0015333019999475863,0.4610574016384219,0.0015148928290919256,0.44238795122534147,-0.0018528938293457032,0.09263703424686649,1,-1.0,-1.0,0,0,0,9,1,31.4,69.0,240.0,16.6,1010.7,cotonou/COTO,264.0610446469,65.4,68.1,0.9918077164976282
6.361949449973184,2.397033533388541,COTO,cotonou,6.352268,2.402957,1255.3099807891049,21238.37353,9.0,100.0,109.0,570.0,10,14.063672065734863,328.6976064063106,4.324920546725847,4.063672065734863,0.00023232598503635977,0.3011751560431586,9.04542976642962e-05,0.30540262238855337,-0.006086276569064661,0.16239607564420286,1,-1.0,-1.0,0,0,4,10,1,32.0,71.0,210.0,22.3,1008.0,cotonou/COTO,392.99957175554596,56.6,68.1,0.5314138115972438
6.360292605950867,2.361911992721962,COTO,cotonou,6.352268,2.402957,4627.103914840338,21238.37353,9.0,100.0,109.0,570.0,10,12.326525211334229,281.13120980375857,1.1968990680160903,2.3265252113342285,-0.0002865672278171742,0.9508443188221803,-0.00030054346107992864,0.9568486799654956,0.0001643058994269302,0.015124849254486449,1,-1.0,-1.0,0,0,1,8,1,29.0,75.0,200.0,13.0,1010.0,cotonou/COTO,243.7480135303034,61.2,68.1,0.6599957188011513
6.3851949244513895,2.3693784937758737,COTO,cotonou,6.352268,2.402957,5201.984351428438,21238.37353,9.0,100.0,109.0,570.0,10,13.084409236907959,314.61784903303163,1.056315344565254,3.084409236907959,-0.00016532813574591731,1.0960969274564651,-0.00013006130854288734,1.0899179047816647,-0.0015667180220286052,0.08485237977570728,0,-1.0,4826.690891205143,0,7,4,10,1,34.0,32.0,222.0,5.4,1009.0,cotonou/COTO,282.2544702923159,57.6,68.0,0.30248028113792813
6.371166025195529,2.4044734655033855,COTO,cotonou,6.352268,2.402957,2096.6170751435234,21238.37353,9.0,100.0,109.0,570.0,10,13.214202880859375,4.559633855854088,2.6157892554917117,3.214202880859375,-0.00023972850221501006,0.5560072300144114,-0.00026145731961285624,0.5847258185671745,-0.0015446212556627064,0.05782717387306775,1,-1.0,-1.0,0,0,3,4,1,32.0,75.0,200.0,20.5,1010.0,cotonou/COTO,257.31179082972295,86.2,75.5,0.9475355996659923
6.35135118530185,2.390423858592078,COTO,cotonou,6.352268,2.402957,1390.3767914141663,21238.37353,9.0,100.0,109.0,570.0,10,14.450549602508545,265.7911395983796,3.8902814491542927,4.450549602508545,0.0005452460553302367,0.27330721060441937,0.0005257523537523438,0.2707165083376663,0.0010944813847757267,0.03806563536853959,1,-1.0,-1.0,0,0,1,12,1,31.8,66.0,200.0,14.8,1010.6,cotonou/COTO,384.59858190063676,65.2,54.4,0.3663354885565363
6.367081093642313,2.412103091744515,COTO,cotonou,6.352268,2.402957,1925.4876143223835,21238.37353,9.0,100.0,109.0,570.0,10,14.47370719909668,31.5341588448606,2.810515624200839,4.47370719909668,0.0003931875717945589,0.4266957904248756,0.00035228730539226026,0.42619798294255834,-0.0009107613372038815,0.034942651938589295,1,-1.0,-1.0,0,0,7,0,1,32.0,63.0,180.0,14.8,1011.0,cotonou/COTO,382.5959232662903,56.6,65.5,0.7385107126866286
6.371800997344814,2.354735183546929,COTO,cotonou,6.352268,2.402957,5755.895032222062,21238.37353,9.0,100.0,109.0,570.0,10,13.228523254394531,292.1772804140408,0.9532479448838849,3.2285232543945312,-8.306739230950676e-05,1.3674055062047175,-9.98935058855259e-05,1.3603850373173492,-0.001143466939455575,0.022817023869010303,0,-1.0,5167.617183237441,0,4,2,0,1,31.0,63.0,210.0,16.6,1009.0,cotonou/COTO,249.20674248494376,58.6,51.6,0.4031402041190819
6.36761156329217,2.390194983209917,COTO,cotonou,6.352268,2.402957,2207.45295000802,21238.37353,9.0,100.0,109.0,570.0,10,12.681814193725586,320.4224951995667,2.498412169031974,2.681814193725586,-0.0004617915497169837,0.6361532091870991,-0.0005627065374140154,0.6776813942635106,-0.0034286181131998696,0.15742521011940797,1,-1.0,-1.0,0,0,5,9,1,32.0,63.0,210.0,16.6,1010.0,cotonou/COTO,212.6801711490812,62.3,70.8,0.5618189300629993
6.362714345498195,2.3610059347605064,COTO,cotonou,6.352268,2.402957,4783.050392340845,21238.37353,9.0,100.0,109.0,570.0,10,11.63922667503357,284.06840700932906,1.1661159066499294,1.6392266750335693,-0.0004365669616256065,1.2312203225777565,-0.00042412489529990367,1.2432999132583886,-0.00011586348215738933,0.007515925990696616,1,-1.0,-1.0,0,0,0,6,1,29.0,75.0,200.0,13.0,1010.0,cotonou/COTO,234.36776676836976,61.2,67.2,0.7197825350215462
6.36523428839284,2.3680964388392227,COTO,cotonou,6.352268,2.402957,4114.866802916041,21238.37353,9.0,100.0,109.0,570.0,10,11.471461176872253,290.52027298814875,1.3577420382067995,1.4714611768722534,-0.0005399831539190909,1.3130998670485607,-0.0005369112739920133,1.3217975563028332,-0.00025933362193811005,0.009719703645631276,1,-1.0,-1.0,0,0,2,0,1,30.1,50.0,198.0,11.1,1009.1,cotonou/COTO,211.07519039432174,58.0,62.5,0.5089341517513543
6.361404724825982,2.395820111164082,COTO,cotonou,6.352268,2.402957,1282.3549781321062,21238.37353,9.0,100.0,109.0,570.0,10,13.720560073852539,322.1775441294948,4.24928921203658,3.720560073852539,6.135945313586798e-06,0.36667650767711873,-7.826663829662134e-06,0.3831564521221884,-0.00043834050496419276,0.016793317686080066,1,-1.0,-1.0,0,0,3,10,1,32.0,71.0,210.0,22.3,1008.0,cotonou/COTO,392.99957175554596,56.6,68.1,0.9070863269095085
6.356641281167947,2.4048623964610254,COTO,cotonou,6.352268,2.402957,527.5813057870682,21238.37353,9.0,100.0,109.0,570.0,10,15.031984806060791,23.413161128353693,10.099102254111013,5.031984806060791,0.0024536914295620387,0.624331373565688,0.001726268529891968,0.5911041522764456,-0.003327786922454834,0.15801469303999985,1,-1.0,-1.0,0,0,1,6,1,31.4,69.0,240.0,16.6,1010.7,cotonou/COTO,285.8934238489022,64.7,68.1,0.41930098792781023
6.358575865226451,2.3964970806208807,COTO,cotonou,6.352268,2.402957,998.7193291273657,21238.37353,9.0,100.0,109.0,570.0,10,14.778497219085693,314.4946076531534,5.389465185085167,4.778497219085693,0.0010504958676356895,0.4575026477397691,0.0008307211567529966,0.4510089904061798,-0.0018796578402349494,0.07679990535569879,1,-1.0,-1.0,0,0,4,5,1,32.6,66.0,210.0,11.2,1010.9,cotonou/COTO,237.15585761266473,56.5,58.3,0.6470717981433252
6.379190497144072,2.3730804131995793,COTO,cotonou,6.352268,2.402957,4448.652573870027,21238.37353,9.0,100.0,109.0,570.0,10,11.845342516899109,312.20069262308755,1.2510905292937005,1.8453425168991089,-0.0004164762678295708,1.1567671810969018,-0.0004031141637909024,1.1569461518063995,0.000882351204019742,0.026596229306722653,1,-1.0,-1.0,0,0,0,8,1,30.0,70.0,210.0,16.6,1007.0,cotonou/COTO,377.7671008703648,78.2,85.6,0.3423624333000541
6.363601429033223,2.386156348894697,COTO,cotonou,6.352268,2.402957,2241.884948414246,21238.37353,9.0,100.0,109.0,570.0,10,12.911285638809204,304.1679210738623,2.4542339915623304,2.911285638809204,-0.0003577318260001401,0.9031664434940538,-0.0004449616609596069,0.9162467064035348,-0.002822100681426786,0.05106265600716573,1,-1.0,-1.0,0,0,6,10,1,33.0,63.0,200.0,16.6,1009.0,cotonou/COTO,376.3702126895599,66.2,62.4,0.40815666823101304
6.350805524336567,2.4141346957748744,COTO,cotonou,6.352268,2.402957,1247.2389128163538,21238.37353,9.0,100.0,109.0,570.0,10,15.415804386138916,97.49906141884986,4.291038911489624,5.415804386138916,0.0013925052867865754,0.5623290259748326,0.0007257719946592997,0.5745913078302423,-0.010429072256923771,0.26127198161597665,1,-1.0,-1.0,0,0,0,13,1,29.8,77.0,200.0,11.2,1012.0,cotonou/COTO,285.3045504368927,58.1,75.1,0.4400501082335524
6.350500322807325,2.389813065791203,COTO,cotonou,6.352268,2.402957,1467.3346872190036,21238.37353,9.0,100.0,109.0,570.0,10,14.126490116119385,262.29445863111425,3.699425752956355,4.126490116119385,0.00028535105221546577,0.317402670308773,0.00027879905077367046,0.3134124171609021,7.541974385579427e-05,0.003464286117966993,1,-1.0,-1.0,0,0,0,1,1,31.8,66.0,200.0,14.8,1010.6,cotonou/COTO,253.66596638093372,65.2,73.7,0.12580701831228525
6.371349573166343,2.3927224356712373,COTO,cotonou,6.352268,2.402957,2394.8057915899985,21238.37353,9.0,100.0,109.0,570.0,10,12.387707948684692,331.94046928698185,2.310198394426188,2.3877079486846924,-0.0005524074190239599,0.6934371538138742,-0.0005472206487888243,0.7269301555828784,-0.0005860567092895508,0.02190622898599251,1,-1.0,-1.0,0,0,1,11,1,33.0,67.0,190.0,20.5,1010.0,cotonou/COTO,340.2779183256066,82.1,86.3,0.09172367905900669
6.361781917332188,2.3616977525098095,COTO,cotonou,6.352268,2.402957,4684.5832922187565,21238.37353,9.0,100.0,109.0,570.0,10,11.838075399398804,283.06466825727136,1.1881889597188857,1.8380753993988037,-0.0003967974595962816,1.1596755652585558,-0.00041783309274438866,1.1668551282478412,-0.001382621441870158,0.039584429463049,1,-1.0,-1.0,0,0,2,5,1,33.0,48.0,210.0,9.4,1011.2,cotonou/COTO,358.1586621876183,60.2,61.2,0.6674899231467579
6.378787690798188,2.3627312698004164,COTO,cotonou,6.352268,2.402957,5329.903596873635,21238.37353,9.0,100.0,109.0,570.0,10,12.123745679855347,303.560995671493,1.0412926394878839,2.1237456798553467,-0.0002964879689591654,1.1741036733674557,-0.0003427907272621437,1.1754765064097057,-0.0037516574064890545,0.17566668334679705,1,-1.0,-1.0,0,0,1,0,1,31.0,75.0,200.0,18.4,1008.0,cotonou/COTO,316.153254609243,76.1,78.2,0.6555177383430523
6.360741444502752,2.361363053485843,COTO,cotonou,6.352268,2.402957,4696.374886541376,21238.37353,9.0,100.0,109.0,570.0,10,12.195833206176758,281.58623887736786,1.1808437378486294,2.195833206176758,-0.00032499760069999375,1.0316522072862797,-0.00034015323630918744,1.0443043782382495,-0.0012580613295237223,0.0653386601857988,0,-1.0,4310.500396865632,0,3,0,0,1,33.0,48.0,210.0,9.4,1011.2,cotonou/COTO,243.7480135303034,68.1,61.2,0.6629097142100953
6.374812767302348,2.355002893186394,COTO,cotonou,6.352268,2.402957,5862.153716754016,21238.37353,9.0,100.0,109.0,570.0,10,13.409627914428711,295.3189944344345,0.9342026482892689,3.409627914428711,-5.057202715452024e-05,1.328877497628307,-4.711656859426784e-05,1.3223385566022299,8.745988210042332e-06,0.01266273829643937,0,-1.0,5333.502579972592,0,9,0,3,1,31.0,63.0,210.0,16.6,1009.0,cotonou/COTO,241.37076977131866,58.3,72.1,0.019766445342691674
6.364222614919721,2.3666701797359924,COTO,cotonou,6.352268,2.402957,4226.816922574281,21238.37353,9.0,100.0,109.0,570.0,10,11.509285569190979,288.3416893334926,1.3212818001436792,1.509285569190979,-0.0005195522139258419,1.2482048678559117,-0.0005090278476506083,1.2670458512876668,0.0001552933165022419,0.004222677246726293,1,-1.0,-1.0,0,0,1,4,1,30.1,50.0,198.0,11.1,1009.1,cotonou/COTO,309.4591612797848,58.0,63.0,0.3265468426717799
6.378283401697754,2.3746575838709796,COTO,cotonou,6.352268,2.402957,4252.074022303654,21238.37353,9.0,100.0,109.0,570.0,10,11.782423734664917,312.7701902743916,1.3097576625868133,1.782423734664917,-0.00045058042233683246,1.1563786201748456,-0.00043693605423676045,1.1588455674124567,0.0005354836121472457,0.008584767316571939,1,-1.0,-1.0,0,0,2,2,1,31.0,63.0,200.0,16.6,1007.0,cotonou/COTO,74.10445128334986,81.4,85.6,0.19780984725919692
6.372883227326644,2.359846184664918,COTO,cotonou,6.352268,2.402957,5286.54905056409,21238.37353,9.0,100.0,109.0,570.0,10,13.558160781860352,295.69716364269357,1.034289197224184,3.5581607818603516,-2.8028371419385787e-05,1.3758792843622418,1.4904286531026943e-06,1.3729318438508287,0.0024953550762600372,0.09830941040916497,1,-1.0,-1.0,0,0,1,5,1,32.0,71.0,220.0,18.4,1009.0,cotonou/COTO,331.14855306943616,73.3,63.4,0.7781514225440124
6.363659573564398,2.3613854635490403,COTO,cotonou,6.352268,2.402957,4768.8512422119975,21238.37353,9.0,100.0,109.0,570.0,10,11.655361294746399,285.41685659940515,1.1693932581521624,1.655361294746399,-0.00043011114032513444,1.2738633302362599,-0.0004204573079870874,1.2840931438070278,0.00023134824192510566,0.005062879744326884,1,-1.0,-1.0,0,0,2,0,1,30.1,50.0,198.0,11.1,1009.1,cotonou/COTO,370.6602309393415,61.3,67.2,0.8606304013961301
6.356497665981139,2.4100317467696817,COTO,cotonou,6.352268,2.402957,911.8600345969555,21238.37353,9.0,100.0,109.0,570.0,10,15.070240497589111,58.970606586385486,5.881235919285862,5.070240497589111,0.0014658592080557214,0.43232853287439793,0.0015267302291561858,0.4405546633164085,0.0014384309450785318,0.07686898977758014,1,-1.0,-1.0,0,0,0,10,1,32.0,71.0,220.0,16.6,1011.0,cotonou/COTO,108.9214896151932,54.0,58.7,0.24668037722614733
6.373126975409252,2.3907244567009056,COTO,cotonou,6.352268,2.402957,2674.4640810933815,21238.37353,9.0,100.0,109.0,570.0,10,12.252869844436646,329.7658491028817,2.0717370080686677,2.2528698444366455,-0.0005385635517261647,0.8112589960315708,-0.0005414042280707167,0.822518254231049,-9.560585021972656e-05,0.009765871849749306,1,-1.0,-1.0,0,0,1,15,1,33.0,67.0,200.0,18.4,1012.0,cotonou/COTO,357.773164030067,84.9,81.4,0.6678491588479863
6.356503266069671,2.4035666314612563,COTO,cotonou,6.352268,2.402957,473.2008719911068,21238.37353,9.0,100.0,109.0,570.0,10,14.800467491149902,8.141311984498373,11.258621861380112,4.800467491149902,0.002240298765536,0.4915905754029986,0.0014479298228701565,0.47181159795589217,-0.004128741588054398,0.11532617344456118,1,-1.0,-1.0,0,0,1,10,1,31.4,69.0,240.0,16.6,1010.7,cotonou/COTO,264.0610446469,68.1,65.4,0.12936280345827444
6.366224664443676,2.4098754193034178,COTO,cotonou,6.352268,2.402957,1722.8207749121318,21238.37353,9.0,100.0,109.0,570.0,10,14.512511730194092,26.227107190023503,3.1392214997676993,4.512511730194092,0.00047226249266885427,0.4189326138032826,0.0004097500112321642,0.41554662347672255,-0.001032431920369466,0.04653835086114661,1,-1.0,-1.0,0,0,7,6,1,32.0,63.0,180.0,14.8,1011.0,cotonou/COTO,273.522108978383,56.6,67.6,0.2751525256017133
6.366524960108286,2.409723906490819,COTO,cotonou,6.352268,2.402957,1745.378039057279,21238.37353,9.0,100.0,109.0,570.0,10,14.459415912628174,25.25372973159631,3.1004676751856146,4.459415912628174,0.00042509857544117735,0.406795139473223,0.0003381493940061462,0.40735279969432514,-0.0020633394437906513,0.06307432251678029,1,-1.0,-1.0,0,0,7,4,1,32.0,63.0,180.0,14.8,1011.0,cotonou/COTO,273.522108978383,56.6,67.6,0.13865449623341952
6.370659958913621,2.3535763364862388,COTO,cotonou,6.352268,2.402957,5829.724561774834,21238.37353,9.0,100.0,109.0,570.0,10,12.95811128616333,290.5467317071569,0.9438348356386056,2.95811128616333,-0.00013268099467915204,1.3601122795415115,-0.00011880956650664581,1.356755068945519,0.00019385595475808048,0.018410798361486166,0,5549.337007701495,4988.5618995548175,2,2,2,2,1,29.5,69.0,210.0,9.4,1009.5,cotonou/COTO,399.9159167874965,51.6,61.5,0.2835207665992292
6.374855536883371,2.355665821692252,COTO,cotonou,6.352268,2.402957,5797.89242149059,21238.37353,9.0,100.0,109.0,570.0,10,13.443965673446655,295.6709977794441,0.9442158353200193,3.4439656734466553,-4.5193429665057506e-05,1.326047200069787,-4.329400184826971e-05,1.322776697607774,-0.00030306710137261285,0.013805973871727061,0,-1.0,5309.893460162724,0,8,1,7,1,32.0,71.0,220.0,18.4,1009.0,cotonou/COTO,241.37076977131866,72.1,58.3,0.6747365473492779
6.371746600996991,2.3931160311762776,COTO,cotonou,6.352268,2.402957,2413.6281393856725,21238.37353,9.0,100.0,109.0,570.0,10,12.353310823440552,333.33894482417895,2.293017149202966,2.3533108234405518,-0.0005570702101468059,0.7729773152618539,-0.0005295868379523956,0.798024530780595,0.00036813815434773767,0.018946074000281605,1,-1.0,-1.0,0,0,0,4,1,31.7,72.0,200.0,14.8,1010.3,cotonou/COTO,361.2210155846181,76.9,82.1,0.9103269101852525
6.353849272468582,2.3948658161337053,COTO,cotonou,6.352268,2.402957,912.131349784548,21238.37353,9.0,100.0,109.0,570.0,10,14.9798002243042,281.1251026354563,5.88512015252319,4.979800224304199,0.0013811095176439689,0.47722555523435695,0.0014587207274003463,0.4857244988159463,0.0014302531878153484,0.08525785062520601,1,-1.0,-1.0,0,0,0,11,1,31.0,71.0,240.0,9.4,1011.0,cotonou/COTO,392.28725444494233,62.9,70.0,0.20252240792418597
6.373786880748775,2.357349802063224,COTO,cotonou,6.352268,2.402957,5578.90923886856,21238.37353,9.0,100.0,109.0,570.0,10,13.843920469284058,295.3988114075184,0.9771646942447784,3.8439204692840576,2.3921342980718984e-05,1.3615749513998894,1.103472202382187e-05,1.3555603945173929,-0.0011750141779581706,0.04475502816803397,1,-1.0,-1.0,0,0,1,2,1,32.0,71.0,220.0,18.4,1009.0,cotonou/COTO,286.930169205042,65.2,72.1,0.5420790349507192
6.383661523839787,2.37438582988206,COTO,cotonou,6.352268,2.402957,4695.22667608362,21238.37353,9.0,100.0,109.0,570.0,10,12.831120014190674,317.87279718025763,1.173383306803479,2.831120014190674,-0.0001859599617636128,1.0993124706330075,-0.00021477659317964252,1.0926182928498258,-0.0010791119037198923,0.015085745064953936,1,-1.0,-1.0,0,0,2,14,1,31.0,59.0,170.0,13.0,1007.0,cotonou/COTO,262.7208442434569,70.2,64.4,0.7013911012434323
6.348323052088655,2.380819122056519,COTO,cotonou,6.352268,2.402957,2487.9056199653546,21238.37353,9.0,100.0,109.0,570.0,10,10.879392445087433,259.8361512830388,2.258519990242452,0.8793924450874329,-0.001195205584210231,0.7058873821740728,-0.0015356748040582272,0.8558917026989371,-0.027217533276000627,0.7275868145929211,1,-1.0,-1.0,0,0,0,0,1,32.0,71.0,200.0,18.4,1008.0,cotonou/COTO,377.3020461115892,63.1,55.9,0.9529224684855657
6.361080748787903,2.4043420120965773,COTO,cotonou,6.352268,2.402957,986.5567452664948,21238.37353,9.0,100.0,109.0,570.0,10,14.99537181854248,8.87744055324157,5.443028038746093,4.9953718185424805,0.0012900822298959162,0.41509334315488405,0.0014204958506992885,0.4352707132745285,0.0013952255249023438,0.05822949489528569,1,-1.0,-1.0,0,0,2,3,1,31.0,75.0,210.0,18.4,1008.0,cotonou/COTO,273.96095269222405,66.4,64.4,0.6100604828871738
6.360613382555496,2.3627527601389584,COTO,cotonou,6.352268,2.402957,4542.915806231233,21238.37353,9.0,100.0,109.0,570.0,10,12.192853927612305,281.79935865801167,1.2207581643618306,2.1928539276123047,-0.00033204769879056694,1.0238751040025416,-0.0003200311681408903,1.0345532930402441,0.0005593399206797282,0.025135533388705087,0,-1.0,4142.338059790001,0,1,0,2,1,33.0,48.0,210.0,9.4,1011.2,cotonou/COTO,363.6499594390807,68.1,60.2,0.2551069310273807
6.369976304607715,2.3634255662356134,COTO,cotonou,6.352268,2.402957,4792.111736865472,21238.37353,9.0,100.0,109.0,570.0,10,11.963806509971619,294.264708592528,1.1600323516168973,1.9638065099716187,-0.0003494410158516309,1.4698988631523824,-0.0002972345856752903,1.4663047529136752,0.004890310370784349,0.10751499350457452,1,-1.0,-1.0,0,0,0,0,1,31.5,72.0,230.0,14.8,1010.2,cotonou/COTO,319.6896352714521,78.0,78.0,0.6254781569139363
6.372164132020118,2.4064250591286194,COTO,cotonou,6.352268,2.402957,2233.4774962405613,21238.37353,9.0,100.0,109.0,570.0,10,13.489842891693115,9.82788428531211,2.448646502151408,3.4898428916931152,-9.651046329074426e-05,0.4775625400122962,-0.00015912881661287107,0.5038790645729494,-0.002085447311401367,0.0973674504775189,1,-1.0,-1.0,0,0,0,6,1,31.0,75.0,200.0,16.6,1010.0,cotonou/COTO,338.55000000000837,80.8,75.5,0.32049116167801617
6.368748064195346,2.3993817271973783,COTO,cotonou,6.352268,2.402957,1864.9293920269138,21238.37353,9.0,100.0,109.0,570.0,10,12.779965877532959,347.83292037126813,2.953526193548117,2.779965877532959,-0.0004904897124679,0.65548097674772,-0.0005777675639022262,0.6801937451610048,-0.003953009140075835,0.12560735035043946,1,-1.0,-1.0,0,0,0,15,1,32.0,63.0,210.0,14.8,1011.0,cotonou/COTO,322.2748851523748,73.4,68.2,0.9761283906917078
6.371783559543823,2.405661115848997,COTO,cotonou,6.352268,2.402957,2178.823208100214,21238.37353,9.0,100.0,109.0,570.0,10,13.365617275238037,7.840663392906379,2.513251973674878,3.365617275238037,-0.00019305210079054784,0.5145617752209578,-0.0003035024490296076,0.5397466257044704,-0.0048575171946347315,0.12896318686713537,1,-1.0,-1.0,0,0,0,7,1,32.0,75.0,200.0,20.5,1010.0,cotonou/COTO,338.55000000000837,75.5,80.8,0.39967613516363687
6.357633385273039,2.403637386437353,COTO,cotonou,6.352268,2.402957,598.1027860642268,21238.37353,9.0,100.0,109.0,570.0,10,14.49342679977417,7.18314248919728,8.979102849196384,4.49342679977417,0.001306397526035114,0.4377742845866623,0.001145184332510435,0.41902300515863933,-0.0007226710596438001,0.02580375037009515,1,-1.0,-1.0,0,0,1,2,1,31.0,75.0,210.0,18.4,1008.0,cotonou/COTO,329.0564998598276,66.4,68.1,0.6854277207610142
6.383172274199872,2.3738833004198923,COTO,cotonou,6.352268,2.402957,4693.293162446553,21238.37353,9.0,100.0,109.0,570.0,10,12.70855164527893,316.9267049121811,1.1753622620363284,2.7085516452789307,-0.00021198297002512938,1.1195920728159576,-0.00020233885047320798,1.112855300065834,0.0007466693719228108,0.03497405377846946,1,-1.0,-1.0,0,0,0,15,1,34.0,32.0,222.0,5.4,1009.0,cotonou/COTO,267.5261198461977,64.4,62.5,0.02322758234675848
6.357156097699354,2.3978939176621794,COTO,cotonou,6.352268,2.402957,778.4671482429457,21238.37353,9.0,100.0,109.0,570.0,10,15.139249801635742,314.16934981697744,6.87503631437788,5.139249801635742,0.0018422122585244468,0.46293518098474296,0.0016661755315179768,0.47531142075801913,0.0004485295218899504,0.027755142897177346,1,-1.0,-1.0,0,0,3,12,1,31.0,71.0,210.0,20.5,1010.0,cotonou/COTO,230.8079454871386,62.0,58.3,0.40006144613475536
6.383352308448286,2.374114832123217,COTO,cotonou,6.352268,2.402957,4690.345697305004,21238.37353,9.0,100.0,109.0,570.0,10,12.755687713623047,317.32106863099244,1.1755251084539953,2.755687713623047,-0.0002019753122025994,1.1128440437413292,-0.00019410826739736268,1.109478352158705,0.000958101880627461,0.030329244195175686,1,-1.0,-1.0,0,0,0,16,1,31.0,59.0,170.0,13.0,1007.0,cotonou/COTO,262.7208442434569,70.2,64.4,0.8751076133225116
6.383709500528854,2.3754449204699988,COTO,cotonou,6.352268,2.402957,4621.143047507633,21238.37353,9.0,100.0,109.0,570.0,10,12.938712358474731,318.9904706594731,1.1908555381940429,2.9387123584747314,-0.00016618597210935827,1.0792326225543332,-0.0001659294292393352,1.072350684782931,0.0002775201959798086,0.0364479418304803,1,-1.0,-1.0,0,0,3,7,1,32.1,54.0,211.0,13.0,1008.6,cotonou/COTO,342.02592664884946,70.5,70.2,0.6102274444332458
6.364585515430912,2.4089617835189636,COTO,cotonou,6.352268,2.402957,1515.5469369880439,21238.37353,9.0,100.0,109.0,570.0,10,15.01846170425415,25.849890052345074,3.5484609575355144,5.01846170425415,0.0008571701112136343,0.4332709184335453,0.0006370795742689194,0.4290420633536462,-0.003384473727917003,0.0598372332597071,0,1448.7292363593124,-1.0,5,0,5,2,1,32.0,63.0,180.0,14.8,1011.0,cotonou/COTO,343.10493220009766,58.8,67.6,0.44394288639597634
6.365714718748544,2.3630741874988037,COTO,cotonou,6.352268,2.402957,4656.429792509248,21238.37353,9.0,100.0,109.0,570.0,10,11.53269636631012,288.7413505386469,1.199126801317507,1.5326963663101196,-0.00046459296320238683,1.3666393951868818,-0.00046117908928549196,1.3715953828579464,0.0001348888666110647,0.004999323249991332,1,-1.0,-1.0,0,0,0,0,1,33.0,48.0,210.0,9.4,1011.2,cotonou/COTO,370.6602309393415,67.2,61.3,0.9359374994357259
6.371034117970368,2.404301331252111,COTO,cotonou,6.352268,2.402957,2080.628759925038,21238.37353,9.0,100.0,109.0,570.0,10,13.281259536743164,4.072225857192734,2.6340190144076883,3.281259536743164,-0.0002027294749305362,0.5724357148810161,-0.00026526275645367167,0.5881655675545614,-0.0014277148886445562,0.05518530177225398,1,-1.0,-1.0,0,0,3,5,1,32.0,75.0,200.0,20.5,1010.0,cotonou/COTO,257.31179082972295,86.2,75.5,0.8539843761472291
6.359004675310554,2.3959513223320226,COTO,cotonou,6.352268,2.402957,1075.085172493897,21238.37353,9.0,100.0,109.0,570.0,10,14.45345163345337,314.0554836562271,5.025850415670312,4.453451633453369,0.0006341603237965915,0.4552771339740177,0.0005795758886511089,0.44596399925835384,-0.00415090742746166,0.15900239881419787,1,-1.0,-1.0,0,0,4,10,1,32.6,66.0,210.0,11.2,1010.9,cotonou/COTO,237.15585761266473,56.5,58.3,0.32221567382293825
6.373793152941185,2.35734861676702,COTO,cotonou,6.352268,2.402957,5579.32372352502,21238.37353,9.0,100.0,109.0,570.0,10,13.843920469284058,295.40470444440723,0.977092115332205,3.8439204692840576,2.4014798886770577e-05,1.3612869087573447,1.103472202382187e-05,1.3552750236823028,-0.0011750141779581706,0.04475502816803397,1,-1.0,-1.0,0,0,1,2,1,32.0,71.0,220.0,18.4,1009.0,cotonou/COTO,286.930169205042,65.2,72.1,0.5445484020413396
6.367635319157802,2.390098926883668,COTO,cotonou,6.352268,2.402957,2216.279643298812,21238.37353,9.0,100.0,109.0,570.0,10,12.5778968334198,320.2549551641602,2.49115579655497,2.5778968334198,-0.0005220282491324241,0.639379762446999,-0.0006059229282892872,0.6797261329397407,-0.004688903789889209,0.14614837966159355,1,-1.0,-1.0,0,0,5,10,1,32.0,63.0,210.0,16.6,1010.0,cotonou/COTO,212.6801711490812,70.8,62.3,0.4898242560924627
6.359061545424606,2.3657338126251206,COTO,cotonou,6.352268,2.402957,4186.332513650675,21238.37353,9.0,100.0,109.0,570.0,10,13.122670888900757,280.40775457901384,1.3119851631268518,3.122670888900757,-0.00013246166374330232,0.7759699102370131,-0.00016759773934950852,0.7831074193086874,-0.0005279759565989176,0.05258206024357742,1,-1.0,-1.0,0,0,0,0,1,33.0,39.0,280.0,7.6,1012.0,cotonou/COTO,398.169857472909,61.3,55.2,0.6322025001148623
6.373011026872385,2.369050256718096,COTO,cotonou,6.352268,2.402957,4397.158727919092,21238.37353,9.0,100.0,109.0,570.0,10,11.753080487251282,301.61661030177635,1.266938551504388,1.7530804872512817,-0.0004283454869302439,1.2778737036524161,-0.0004252018011123009,1.279847653470008,0.0013659139474232992,0.06603906792406426,1,-1.0,-1.0,0,0,1,4,1,32.0,67.0,220.0,16.6,1011.0,cotonou/COTO,151.02935906652115,79.6,80.0,0.3341112669587556
6.374193078602237,2.3595868625500844,COTO,cotonou,6.352268,2.402957,5376.1991622794985,21238.37353,9.0,100.0,109.0,570.0,10,13.794191598892212,296.9633753433979,1.0145310341049183,3.794191598892212,1.6148178665726323e-05,1.3255915286980033,1.023887759365272e-05,1.322745078448097,0.00014803982122438072,0.025607945709033863,1,-1.0,-1.0,0,0,2,7,1,31.5,72.0,200.0,11.2,1008.3,cotonou/COTO,324.3499013411239,63.4,77.1,0.24420500076588825
6.3681494501271825,2.3892320884748597,COTO,cotonou,6.352268,2.402957,2321.733282891163,21238.37353,9.0,100.0,109.0,570.0,10,12.171190738677979,319.34177230671673,2.3881592894594346,2.1711907386779785,-0.0006563250835125262,0.7325202960300857,-0.0006986711422602335,0.7800451828769965,-0.0034646491209665937,0.15181796290622704,1,-1.0,-1.0,0,0,5,6,1,33.0,67.0,200.0,18.4,1012.0,cotonou/COTO,370.2078816016378,84.9,62.3,0.9126718352555361
6.35455,2.397842695808305,COTO,cotonou,6.352268,2.402957,619.5729415562832,21238.37353,9.0,100.0,109.0,570.0,10,15.378242015838623,294.1783077700827,8.592781684765244,5.378242015838623,0.0027610791762544004,0.5196633261189145,0.003076173904101872,0.5791545821705139,0.006218856319511666,0.1571618567289248,1,-1.0,-1.0,0,0,5,11,1,31.0,71.0,240.0,9.4,1011.0,cotonou/COTO,375.179999999993,62.9,62.1,0.9238744994985063
6.36147497366654,2.4061572451446698,COTO,cotonou,6.352268,2.402957,1077.9880919009581,21238.37353,9.0,100.0,109.0,570.0,10,14.956156730651855,19.057403252033623,4.985869101576188,4.9561567306518555,0.001157271599189314,0.4386550206520832,0.001095742719215259,0.4331334888467861,8.829964531792536e-05,0.003443830683158486,1,-1.0,-1.0,0,0,3,12,1,31.6,70.0,230.0,16.6,1013.0,cotonou/COTO,240.45018714908818,64.4,70.5,0.843322885761979
6.361229896152607,2.395517602487384,COTO,cotonou,6.352268,2.402957,1288.2990780698844,21238.37353,9.0,100.0,109.0,570.0,10,13.665865182876587,320.4774223809,4.232173939016374,3.665865182876587,-3.311325819598925e-05,0.3941853339615703,-4.500671669288912e-05,0.4129303321219903,-0.00044744279649522567,0.016658526516369287,1,-1.0,-1.0,0,0,4,9,1,32.6,66.0,210.0,11.2,1010.9,cotonou/COTO,204.60464730791253,56.5,68.1,0.9782044307645613
6.353445572117715,2.3743145908478422,COTO,cotonou,6.352268,2.402957,3171.6834755652653,21238.37353,9.0,100.0,109.0,570.0,10,14.161951065063477,272.3703833042461,1.7127186221087367,4.161951065063477,0.00014342634538288862,0.37171642647989606,0.00013947523670432003,0.37031043362924115,-6.357828776041667e-06,0.001264140559923988,1,-1.0,-1.0,0,0,8,8,1,29.6,72.0,220.0,14.8,1010.1,cotonou/COTO,313.5332494330497,61.8,78.1,0.7449915257796885
6.374604060825986,2.3577018586345946,COTO,cotonou,6.352268,2.402957,5583.0906233424275,21238.37353,9.0,100.0,109.0,570.0,10,13.767815589904785,296.412340812362,0.9772137909161728,3.767815589904785,1.0842095509357356e-05,1.3215772285146223,-2.4251058592019196e-06,1.3183991955457102,-0.0011428144243028429,0.045457696251066396,0,-1.0,4967.719913354785,0,1,1,4,1,31.5,72.0,200.0,11.2,1008.3,cotonou/COTO,315.24390842648114,63.4,72.1,0.7646672285619996
6.351111511038863,2.414556187391282,COTO,cotonou,6.352268,2.402957,1289.6991366070126,21238.37353,9.0,100.0,109.0,570.0,10,15.741765022277832,95.72811076499875,4.1358633965981735,5.741765022277832,0.0015730306109138746,0.6675052216809735,0.0012660612197103837,0.6810926545598298,-0.006033784518234491,0.21319511884540004,1,-1.0,-1.0,0,0,0,14,1,30.0,75.0,180.0,20.5,1011.0,cotonou/COTO,285.3045504368927,75.1,58.1,0.7625900919626407
6.38190502585987,2.366231735609429,COTO,cotonou,6.352268,2.402957,5220.295460512653,21238.37353,9.0,100.0,109.0,570.0,10,13.921571969985962,309.0786836634116,1.0434256927499772,3.921571969985962,4.257878880371644e-05,1.1031949812716737,6.245403067022525e-05,1.1006553199086324,0.002908916702972495,0.07474968784528589,1,-1.0,-1.0,0,0,1,10,1,34.0,32.0,222.0,5.4,1009.0,cotonou/COTO,290.9174264288137,61.3,55.8,0.4806076309423065
6.371401482382043,2.3686661286832913,COTO,cotonou,6.352268,2.402957,4344.051100304978,21238.37353,9.0,100.0,109.0,570.0,10,11.578279614448547,299.3132043657971,1.284726577409167,1.5782796144485474,-0.0004864555013986479,1.318204102943854,-0.00044927307166911333,1.3233698395031452,0.0020636362991604397,0.04176620838679703,1,-1.0,-1.0,0,0,0,15,1,32.0,67.0,220.0,16.6,1011.0,cotonou/COTO,291.86035290862867,79.6,64.7,0.45645219451427166
6.365044526714644,2.370755077302096,COTO,cotonou,6.352268,2.402957,3832.737708302758,21238.37353,9.0,100.0,109.0,570.0,10,11.536906480789185,291.7645964515678,1.4566665263408347,1.5369064807891846,-0.0005663010867759046,1.2843516748940402,-0.0005586173901191124,1.3040360385119787,-0.0002198921309577094,0.008122286841007883,1,-1.0,-1.0,0,0,0,4,1,33.0,49.0,210.0,16.6,1009.0,cotonou/COTO,263.8369831922563,66.8,62.5,0.24022627614900316
6.38207416377019,2.3658359857415943,COTO,cotonou,6.352268,2.402957,5266.133882100028,21238.37353,9.0,100.0,109.0,570.0,10,13.889186143875122,308.93782247854324,1.034697547028261,3.889186143875122,3.450657382155912e-05,1.1019768120311022,1.6835686853070128e-05,1.09987282413433,1.138587735989246e-05,0.06410050051449526,1,-1.0,-1.0,0,0,1,9,1,34.0,32.0,222.0,5.4,1009.0,cotonou/COTO,290.9174264288137,61.3,55.8,0.6448191943592905
6.384938427194556,2.3732484652273613,COTO,cotonou,6.352268,2.402957,4884.355620302765,21238.37353,9.0,100.0,109.0,570.0,10,12.82282018661499,317.8966238574102,1.1280575947263205,2.8228201866149902,-0.00018025586107543422,1.0785413963000647,-0.00021651342682472405,1.072264007591601,-0.001990491825511734,0.03260631417720586,0,-1.0,4708.166439610481,0,1,1,7,1,31.8,57.0,210.0,13.0,1008.6,cotonou/COTO,348.5682791075882,62.5,70.2,0.28932013610233454
6.371389142383828,2.3922200898641544,COTO,cotonou,6.352268,2.402957,2425.3945232304877,21238.37353,9.0,100.0,109.0,570.0,10,12.324825525283813,330.8363483861903,2.282576608630957,2.3248255252838135,-0.0005706633107503047,0.6864080601071325,-0.0005627211796710769,0.7215703875155443,-0.00043913788265652126,0.01633163118400665,1,-1.0,-1.0,0,0,1,13,1,33.0,67.0,190.0,20.5,1010.0,cotonou/COTO,322.1257484275571,82.1,84.9,0.2578084097023544
6.348654882960223,2.3833692574260357,COTO,cotonou,6.352268,2.402957,2203.7327591576004,21238.37353,9.0,100.0,109.0,570.0,10,13.014260292053223,259.4868007606588,2.493997476172528,3.0142602920532227,-0.0003120410549748051,0.45320452120314497,-0.0003999741453873483,0.48790828011575504,-0.0022900203863779707,0.11365805181340129,1,-1.0,-1.0,0,0,6,5,1,32.0,71.0,200.0,18.4,1008.0,cotonou/COTO,255.0899788310412,65.8,63.1,0.5859613740960548
6.348648271292807,2.3833758285310758,COTO,cotonou,6.352268,2.402957,2203.1505251908447,21238.37353,9.0,100.0,109.0,570.0,10,13.014260292053223,259.46453491765584,2.4946557406834,3.0142602920532227,-0.0003120410549748051,0.4541392825630296,-0.0003999741453873483,0.4886561248508126,-0.0022900203863779707,0.11365805181340129,1,-1.0,-1.0,0,0,5,6,1,32.0,71.0,200.0,18.4,1008.0,cotonou/COTO,255.0899788310412,63.1,65.8,0.4099823882250432
6.354191075161577,2.3941181443258146,COTO,cotonou,6.352268,2.402957,1000.7913698388302,21238.37353,9.0,100.0,109.0,570.0,10,15.275866031646729,282.3486009452376,5.350146589960538,5.2758660316467285,0.001538112350538665,0.5132090949587196,0.0014970706568823919,0.5262969863082264,0.001439189910888672,0.0659336458307455,1,-1.0,-1.0,0,0,2,8,1,31.0,71.0,240.0,9.4,1011.0,cotonou/COTO,355.40979741691933,62.9,54.4,0.2188566087946322
6.355574809314935,2.3905569213484403,COTO,cotonou,6.352268,2.402957,1419.848960927573,21238.37353,9.0,100.0,109.0,570.0,10,15.587552070617676,285.0207597182412,3.7640883871999082,5.587552070617676,0.00130594488647249,0.6571053639242243,0.0009856058533866197,0.6473859280111127,-0.006275296362967274,0.21574289091313195,1,-1.0,-1.0,0,0,3,12,1,32.6,66.0,210.0,11.2,1010.9,cotonou/COTO,308.25641307206246,58.2,68.3,0.8160560167528311
6.373148695829786,2.4020620994159914,COTO,cotonou,6.352268,2.402957,2311.2742674246742,21238.37353,9.0,100.0,109.0,570.0,10,12.033552408218384,357.56107871246917,2.4023596543687904,2.033552408218384,-0.0007151448828542333,0.869502575083703,-0.0007175873671110889,0.8914256216696108,-0.000524350185420026,0.016952692695568622,1,-1.0,-1.0,0,0,1,1,1,31.7,72.0,200.0,14.8,1010.3,cotonou/COTO,270.87866527279124,87.4,86.5,0.860569919294376
6.354880368053765,2.3981553408414937,COTO,cotonou,6.352268,2.402957,604.7272143860498,21238.37353,9.0,100.0,109.0,570.0,10,15.30284070968628,298.6973369601897,8.807442915327313,5.302840709686279,0.0025330940882364907,0.5238590486889805,0.0028535809872127834,0.5619340915085613,0.004077873914331188,0.11771285571438353,1,-1.0,-1.0,0,0,4,11,1,31.0,71.0,210.0,20.5,1010.0,cotonou/COTO,221.7167693252332,62.1,62.0,0.16769951967778096
6.36918487957132,2.405638004393896,COTO,cotonou,6.352268,2.402957,1894.1716858800403,21238.37353,9.0,100.0,109.0,570.0,10,14.044882774353027,8.950713722141188,2.8698438230866294,4.044882774353027,0.00017598507304986315,0.45044478946346883,0.00017029105341287117,0.4517519292835689,-0.00041715497265140846,0.024693009800589468,1,-1.0,-1.0,0,0,6,7,1,32.0,75.0,200.0,20.5,1010.0,cotonou/COTO,333.13687187099424,68.0,86.2,0.007507032799999869
6.367194357413456,2.40075,COTO,cotonou,6.352268,2.402957,1668.6372923289457,21238.37353,9.0,100.0,109.0,570.0,10,13.498097896575928,351.6403771342048,3.275662722779545,3.4980978965759277,-0.00012434139138176324,0.5554007124972394,-0.00010106166203816729,0.5647265295815185,0.00030606985092163086,0.01798165136213363,1,-1.0,-1.0,0,0,4,8,1,32.0,63.0,210.0,14.8,1011.0,cotonou/COTO,305.25,66.0,69.0,0.3361299685293737
6.357141766192676,2.4100086882974647,COTO,cotonou,6.352268,2.402957,948.2666207526075,21238.37353,9.0,100.0,109.0,570.0,10,14.829782962799072,55.18402039937473,5.671319704598394,4.829782962799072,0.0011695745090643567,0.40674589237964903,0.0011976688515906242,0.39958806246346174,0.0009714206059773763,0.05172108981219962,1,-1.0,-1.0,0,0,0,0,1,32.0,67.0,210.0,18.4,1012.0,cotonou/COTO,366.4815913522073,68.1,54.0,0.7975108356807525
6.351181301835558,2.391810556965415,COTO,cotonou,6.352268,2.402957,1239.091617645356,21238.37353,9.0,100.0,109.0,570.0,10,14.315984725952148,264.39811277863924,4.3697109903224325,4.315984725952148,0.0004956854978764204,0.29457568543743073,0.00046446231343224165,0.2913638911945712,-0.0005132754129548721,0.018327475654455604,1,-1.0,-1.0,0,0,0,4,1,31.0,71.0,240.0,9.4,1011.0,cotonou/COTO,229.63053738552546,54.4,73.7,0.8391738662343244
6.351845505710198,2.4071626511510686,COTO,cotonou,6.352268,2.402957,467.6556870578037,21238.37353,9.0,100.0,109.0,570.0,10,14.115270614624023,95.77157822157056,11.469303017669835,4.115270614624023,0.0009170848933638708,0.13931577405198028,0.0008301615715026855,0.1488959003667403,0.000789010524749756,0.04027317297328596,1,-1.0,-1.0,0,0,3,2,1,31.5,68.0,230.0,13.0,1012.0,cotonou/COTO,286.83997943094687,75.4,71.6,0.13832907011604922
6.355704025268963,2.4109911508168405,COTO,cotonou,6.352268,2.402957,966.7110468725468,21238.37353,9.0,100.0,109.0,570.0,10,15.853063106536865,66.71633648197735,5.503714307369722,5.853063106536865,0.002633578329358877,0.6347703297469819,0.0019481441598113037,0.6431470106535347,-0.00038334523594471163,0.05643147128370098,1,-1.0,-1.0,0,0,7,5,1,31.5,68.0,230.0,13.0,1012.0,cotonou/COTO,387.43452466200705,70.9,58.7,0.7743359011830512
6.361437771042599,2.3958937244604095,COTO,cotonou,6.352268,2.402957,1280.2487362613992,21238.37353,9.0,100.0,109.0,570.0,10,13.720560073852539,322.5648070143103,4.256254395802651,3.720560073852539,-5.303253595963824e-05,0.3584285272048659,-7.826663829662205e-06,0.3756963050580941,-0.00203809208340115,0.07657973869245911,1,-1.0,-1.0,0,0,4,9,1,33.0,63.0,200.0,16.6,1009.0,cotonou/COTO,392.99957175554596,68.1,56.6,0.11570416730942945
6.383366545402313,2.3684072926334316,COTO,cotonou,6.352268,2.402957,5141.883004301426,21238.37353,9.0,100.0,109.0,570.0,10,14.13258695602417,312.1689898262369,1.0569835512661752,4.13258695602417,8.247975231141081e-05,1.1166152821719428,8.582132529481617e-05,1.1163172351975608,0.0005411545435587565,0.023715017322714013,1,-1.0,-1.0,0,0,3,3,1,33.0,28.0,70.0,11.2,1010.0,cotonou/COTO,319.62025483378403,68.0,58.1,0.3900625901565292
6.387306662836028,2.3745512931510393,COTO,cotonou,6.352268,2.402957,4989.104356891337,21238.37353,9.0,100.0,109.0,570.0,10,13.484379053115845,321.1434838187098,1.0967847319521935,3.4843790531158447,-4.443360897833249e-05,0.9791176981814388,-2.9325362632560696e-05,0.9771289636328206,0.002151056373416988,0.08960218552313373,0,-1.0,4889.122305651029,0,2,5,9,1,31.0,59.0,170.0,13.0,1007.0,cotonou/COTO,285.70158014965295,70.2,66.1,0.9986095150119159
6.354543402966309,2.4067393350850015,COTO,cotonou,6.352268,2.402957,488.3064142037126,21238.37353,9.0,100.0,109.0,570.0,10,14.797229290008545,58.81308403528226,10.91920732119618,4.797229290008545,0.0021377212861004996,0.43721822095415397,0.002174866292971702,0.4348712753512378,0.0005556641995145135,0.03806223403435203,1,-1.0,-1.0,0,0,3,4,1,31.4,69.0,240.0,16.6,1010.7,cotonou/COTO,299.4984878091749,71.6,64.7,0.1925908232309098
6.365992225492196,2.4173242677955704,COTO,cotonou,6.352268,2.402957,2197.790721315064,21238.37353,9.0,100.0,109.0,570.0,10,14.417028427124023,46.133884623400775,2.464230645270197,4.417028427124023,0.0002225097123520012,0.41238018646174557,0.0002686444952237926,0.4160394611970749,-0.0028234997537028715,0.10459086720726168,1,-1.0,-1.0,0,0,7,9,1,33.0,63.0,248.0,13.0,1011.0,cotonou/COTO,337.6225164292086,61.6,57.9,0.15396358257762643
6.372620420881249,2.39214822336151,COTO,cotonou,6.352268,2.402957,2548.703235128517,21238.37353,9.0,100.0,109.0,570.0,10,12.420745372772217,332.1750767774407,2.170098618824296,2.420745372772217,-0.0005034978392147695,0.7695483663881946,-0.0004916704204831484,0.7893310764208533,0.000363695087618465,0.020824591040874828,1,-1.0,-1.0,0,0,2,4,1,33.0,67.0,190.0,20.5,1010.0,cotonou/COTO,363.2414581239478,82.1,81.4,0.4228003325467935
6.352467451888257,2.407097310502012,COTO,cotonou,6.352268,2.402957,458.61694749324323,21238.37353,9.0,100.0,109.0,570.0,10,14.229508399963379,87.22477223536873,11.675498440857726,4.229508399963379,0.0013825317104312243,0.17023966833845597,0.001116985747317611,0.17796041962918485,0.0010639870745282585,0.04046730692903387,1,-1.0,-1.0,0,0,2,4,1,31.4,69.0,240.0,16.6,1010.7,cotonou/COTO,286.83997943094687,71.6,75.4,0.6196685259698614
6.3596453236058155,2.3764983763193004,COTO,cotonou,6.352268,2.402957,3038.935947902748,21238.37353,9.0,100.0,109.0,570.0,10,13.04297947883606,285.67289471468393,1.8085626899262457,3.0429794788360596,-0.00021699737100040216,0.8157351949683159,-0.00022578725537050122,0.8233773476484658,-0.0006747378243340385,0.025464230579307648,1,-1.0,-1.0,0,0,0,5,1,31.7,62.0,220.0,11.2,1010.7,cotonou/COTO,353.12133962707986,65.7,63.8,0.9329007824132532
6.3795358886347255,2.3632777795244952,COTO,cotonou,6.352268,2.402957,5325.924879366672,21238.37353,9.0,100.0,109.0,570.0,10,12.291919708251953,304.66496488104,1.0402617604048758,2.291919708251953,-0.00030631472980194926,1.147720016438149,-0.0002868788330643265,1.1455073643319655,-0.004249487320582072,0.19855172232444532,0,4963.0362102314675,4781.591875663866,5,9,1,13,1,31.0,75.0,200.0,18.4,1008.0,cotonou/COTO,316.153254609243,76.1,78.2,0.9808211455330342
6.37744017346416,2.3617469962694733,COTO,cotonou,6.352268,2.402957,5342.023329013465,21238.37353,9.0,100.0,109.0,570.0,10,12.682459592819214,301.5777985717587,1.0329402042238112,2.682459592819214,-0.00019078805237953008,1.2081204310145683,-0.00017986690556561513,1.2049669194093116,7.548067304823131e-05,0.022251150313261064,0,-1.0,4838.866823074321,0,2,2,12,1,31.0,75.0,200.0,18.4,1008.0,cotonou/COTO,316.153254609243,76.1,78.2,0.06964063659139463
6.379780815307788,2.3689502244936005,COTO,cotonou,6.352268,2.402957,4838.718538426542,21238.37353,9.0,100.0,109.0,570.0,10,12.451798439025879,309.14950118588047,1.1430858129054966,2.451798439025879,-0.00025827016359494055,1.1353041493523535,-0.00022942927229867635,1.1320644548131458,0.0032372951507568365,0.11997224865334513,1,-1.0,-1.0,0,0,3,5,1,30.7,55.0,293.0,13.0,1011.4,cotonou/COTO,290.4766293524832,66.5,61.3,0.13799751734790533
6.368703635495341,2.396782521064016,COTO,cotonou,6.352268,2.402957,1941.7214789694413,21238.37353,9.0,100.0,109.0,570.0,10,12.528406143188477,339.5265274077708,2.844318249639871,2.5284061431884766,-0.0006498002240671759,0.603110168454062,-0.0006307196261277839,0.664232404773875,-0.003304335806104872,0.12148576472019011,1,-1.0,-1.0,0,0,1,11,1,31.7,72.0,200.0,14.8,1010.3,cotonou/COTO,256.52289722354817,86.5,73.4,0.7907379738959939
6.364608349427819,2.409843746649483,COTO,cotonou,6.352268,2.402957,1562.9930138619727,21238.37353,9.0,100.0,109.0,570.0,10,15.131577491760254,29.01387871727536,3.4368754036281457,5.131577491760254,0.0007419968515581447,0.45656032866756074,0.0006760416205099297,0.4511019890606893,-0.005195347472361794,0.15490527705099696,1,-1.0,-1.0,0,0,5,4,1,32.0,63.0,180.0,14.8,1011.0,cotonou/COTO,343.10493220009766,67.6,58.8,0.27063215227086046
6.363034967725893,2.365711817923222,COTO,cotonou,6.352268,2.402957,4289.3623926939645,21238.37353,9.0,100.0,109.0,570.0,10,11.537217736244202,286.22031484194974,1.3016492545986065,1.5372177362442017,-0.0005061558450552266,1.1769446019354204,-0.0004983338268323876,1.1983660933536768,-0.00021799802780151368,0.008826087966831321,1,-1.0,-1.0,0,0,3,5,1,30.1,50.0,198.0,11.1,1009.1,cotonou/COTO,383.9926241478955,66.1,63.0,0.8848490595063606
6.361802129462711,2.364548352548705,COTO,cotonou,6.352268,2.402957,4378.3622584217865,21238.37353,9.0,100.0,109.0,570.0,10,11.781104564666748,284.0256673730654,1.2720092351964998,1.781104564666748,-0.00043917553370171226,1.125834080367686,-0.00045257755884052275,1.1431272221093345,-0.000709786738756961,0.021251197738926305,1,-1.0,-1.0,0,0,1,3,1,33.0,48.0,210.0,9.4,1011.2,cotonou/COTO,255.36031896131075,60.2,61.3,0.6634532572290868
6.358183627672166,2.3660025629575,COTO,cotonou,6.352268,2.402957,4140.642852521151,21238.37353,9.0,100.0,109.0,570.0,10,13.158185005187988,279.1520192610251,1.3259658759817767,3.1581850051879883,-0.00013246240852914247,0.6439655597790601,-0.00012688086146400091,0.6535025928763838,0.00034920109642876525,0.01304419029893937,0,-1.0,3866.8127640778685,0,4,1,0,1,33.0,39.0,280.0,7.6,1012.0,cotonou/COTO,398.169857472909,55.2,61.3,0.11184480238067718
6.369524989673057,2.4054774569205675,COTO,cotonou,6.352268,2.402957,1928.6804634288603,21238.37353,9.0,100.0,109.0,570.0,10,14.008097648620605,8.258952103881086,2.81966904289728,4.0080976486206055,0.00015441344334529,0.4597229335528563,0.0001440727349483606,0.4610728132418128,-0.0005847480561998156,0.021497625914867067,1,-1.0,-1.0,0,0,5,8,1,32.0,75.0,200.0,20.5,1010.0,cotonou/COTO,258.69668668155117,75.5,68.0,0.8325292849240071
6.353924457987576,2.4152229651601984,COTO,cotonou,6.352268,2.402957,1369.4186028513866,21238.37353,9.0,100.0,109.0,570.0,10,15.435822486877441,82.261388743704,3.9086032567270825,5.435822486877441,0.0012752115422239275,0.5309692969363827,0.00120976318915685,0.5410583605532386,0.0002452651659647624,0.02473857622990538,1,-1.0,-1.0,0,0,1,7,1,32.0,67.0,210.0,18.4,1012.0,cotonou/COTO,331.6003083532061,69.85,58.1,0.17635638000807585
6.360998201329088,2.404335300921064,COTO,cotonou,6.352268,2.402957,977.423695867404,21238.37353,9.0,100.0,109.0,570.0,10,14.99537181854248,8.917308936968766,5.49357799712139,4.9953718185424805,0.0013013943277224145,0.412255227062757,0.0014204958506992885,0.43291703295547296,0.0016963760058085124,0.09095597230792228,1,-1.0,-1.0,0,0,3,3,1,31.6,70.0,230.0,16.6,1013.0,cotonou/COTO,273.96095269222405,64.4,66.4,0.4234953946796538
6.356482390753572,2.410331141229988,COTO,cotonou,6.352268,2.402957,939.6094241200358,21238.37353,9.0,100.0,109.0,570.0,10,15.204526901245117,60.09887259259966,5.700602828362843,5.204526901245117,0.0015599327782789866,0.4535804084489167,0.0017079941049721547,0.4658937343028025,0.0011781614128656313,0.0706853652582135,1,-1.0,-1.0,0,0,2,9,1,32.0,71.0,220.0,16.6,1011.0,cotonou/COTO,108.9214896151932,54.0,58.7,0.55218492855933
6.370211578267106,2.4051141648975025,COTO,cotonou,6.352268,2.402957,1998.643946911388,21238.37353,9.0,100.0,109.0,570.0,10,13.760064840316772,6.81323315525367,2.7282105917826076,3.7600648403167725,2.6404679711185228e-05,0.4806515862227265,-2.689430679100153e-05,0.4940840995167693,-0.0014543692270914713,0.06725568231627897,1,-1.0,-1.0,0,0,0,9,1,32.0,75.0,200.0,20.5,1010.0,cotonou/COTO,258.69668668155117,68.0,75.5,0.5007661490802783
6.3694468184347635,2.399733167846593,COTO,cotonou,6.352268,2.402957,1932.9628825671748,21238.37353,9.0,100.0,109.0,570.0,10,12.643436431884766,349.4354445369714,2.853783850498251,2.6434364318847656,-0.0006023302352680755,0.6891803397133216,-0.0005722024547519969,0.7286932323052918,-0.0016564627488454184,0.08181299688034906,1,-1.0,-1.0,0,0,2,14,1,31.7,72.0,200.0,14.8,1010.3,cotonou/COTO,390.0382688916548,86.5,69.0,0.6861629156151504
6.371680878041265,2.3687316120409214,COTO,cotonou,6.352268,2.402957,4352.879653204546,21238.37353,9.0,100.0,109.0,570.0,10,11.608236908912659,299.7162334981707,1.281727630683824,1.6082369089126587,-0.00047916769981384274,1.317682682354642,-0.00046094464564303846,1.3197357755507548,0.001258289569996785,0.03622593166747273,1,-1.0,-1.0,0,0,4,11,1,31.5,72.0,230.0,14.8,1010.2,cotonou/COTO,291.86035290862867,64.7,79.6,0.6526867348692552
6.361202704078961,2.3650783558941955,COTO,cotonou,6.352268,2.402957,4305.7805859989485,21238.37353,9.0,100.0,109.0,570.0,10,11.917985320091248,283.35343454303137,1.29162350784477,1.9179853200912476,-0.00041412178564954687,1.0805354927273425,-0.00040929869974040554,1.097280724570263,-9.53445831934611e-05,0.00452412161724615,0,3831.1955514700057,3839.824370279623,6,4,1,1,1,33.0,39.0,280.0,7.6,1012.0,cotonou/COTO,398.169857472909,55.2,61.3,0.9920420055280549
6.372599213796545,2.4072984218121825,COTO,cotonou,6.352268,2.402957,2299.1208721323687,21238.37353,9.0,100.0,109.0,570.0,10,13.488353490829468,11.98128641024698,2.378852488396073,3.4883534908294678,-0.00011786721374430629,0.45911312291060363,-0.00027538832544811117,0.4815634960781795,-0.005133139652616473,0.11010321333602001,1,-1.0,-1.0,0,0,1,2,1,32.0,75.0,200.0,20.5,1010.0,cotonou/COTO,338.55000000000837,75.5,80.8,0.9994219092241878
6.380871148506589,2.3632790124358416,COTO,cotonou,6.352268,2.402957,5410.784834950471,21238.37353,9.0,100.0,109.0,570.0,10,12.718438863754272,305.957657594092,1.0194352808177924,2.7184388637542725,-0.00024362347675739018,1.1161657084117773,-0.000192988265412909,1.1135944185610496,-0.0023984192120137895,0.09160076190183214,0,5074.643893300241,4966.211331477586,3,14,2,6,1,31.8,31.0,20.0,11.2,1010.9,cotonou/COTO,277.57990849483264,78.2,70.4,0.5164594026356409
6.370861399315221,2.3611803408317544,COTO,cotonou,6.352268,2.402957,5058.842190265233,21238.37353,9.0,100.0,109.0,570.0,10,12.86355996131897,294.1263025071742,1.0886975976440016,2.8635599613189697,-0.0001663572924612072,1.4426497132420542,-6.810028906627629e-05,1.4342908076232852,0.005102080295309756,0.10100394664305612,1,-1.0,-1.0,0,0,2,9,1,32.0,71.0,220.0,18.4,1009.0,cotonou/COTO,394.064070171349,73.3,78.0,0.09519908696086399
6.372221215257733,2.39243745913402,COTO,cotonou,6.352268,2.402957,2494.713980243975,21238.37353,9.0,100.0,109.0,570.0,10,12.401565790176392,332.3476936555636,2.217456190598654,2.4015657901763916,-0.0005180260491749597,0.7613705468513288,-0.0005013934979251553,0.7729187703371292,0.00040105257431732503,0.011879325622262195,1,-1.0,-1.0,0,0,2,1,1,33.0,67.0,190.0,20.5,1010.0,cotonou/COTO,363.2414581239478,81.4,82.1,0.7278432989687184
6.37494673297095,2.3570793610497303,COTO,cotonou,6.352268,2.402957,5661.620874989392,21238.37353,9.0,100.0,109.0,570.0,10,13.614120244979858,296.44808914508087,0.965216754484931,3.6141202449798584,-2.3697325227512314e-05,1.3135306839649108,-2.256958480488775e-05,1.3072122047808792,-0.001284956932067871,0.047221056688422844,0,5446.048136262341,5253.167264769716,1,5,0,4,1,31.0,63.0,210.0,16.6,1009.0,cotonou/COTO,241.37076977131866,58.3,72.1,0.9766640782165892
6.368937235139216,2.4003361756960824,COTO,cotonou,6.352268,2.402957,1866.0818254716341,21238.37353,9.0,100.0,109.0,570.0,10,12.92800784111023,351.11907198635527,2.947172000712794,2.9280078411102295,-0.00041216063121008497,0.627715798512758,-0.00041002109646797174,0.6430177154888085,-0.002220884958902995,0.08542517611286769,1,-1.0,-1.0,0,0,2,13,1,32.0,63.0,210.0,14.8,1011.0,cotonou/COTO,147.1577031622736,69.0,68.2,0.3183263876290203
6.364593103289133,2.409254864542762,COTO,cotonou,6.352268,2.402957,1530.7862280707693,21238.37353,9.0,100.0,109.0,570.0,10,15.116058349609375,26.922722779271226,3.5095849815040405,5.116058349609375,0.000903248022764157,0.44779635857465616,0.0006569207924627259,0.442428688411435,-0.004539938616910951,0.12479385621195578,1,-1.0,-1.0,0,0,2,3,1,32.0,63.0,180.0,14.8,1011.0,cotonou/COTO,343.10493220009766,67.6,58.8,0.4612088858375738
6.354281332226232,2.373968759078801,COTO,cotonou,6.352268,2.402957,3214.9882523722986,21238.37353,9.0,100.0,109.0,570.0,10,14.515971660614014,273.99908274434733,1.6833586620273906,4.515971660614014,0.00024968525509775426,0.4041182802985707,0.0002608015114117694,0.40234008941694394,0.0005835726251649995,0.02107419343285884,1,-1.0,-1.0,0,0,3,14,1,29.6,72.0,220.0,14.8,1010.1,cotonou/COTO,313.5332494330497,61.8,78.1,0.4247769248154559
6.359694273943196,2.410764076541613,COTO,cotonou,6.352268,2.402957,1191.8747714855651,21238.37353,9.0,100.0,109.0,570.0,10,14.950099468231201,46.25510710409776,4.5118158633174605,4.950099468231201,0.0010648143750152403,0.39940838492323066,0.0010050769874351158,0.3945926751659596,0.0012270000780182175,0.052836223744773037,1,-1.0,-1.0,0,0,2,1,1,32.0,67.0,210.0,18.4,1012.0,cotonou/COTO,267.46393794301054,68.1,62.5,0.05141915455692936
6.372760677058591,2.3582490843591146,COTO,cotonou,6.352268,2.402957,5440.849220980632,21238.37353,9.0,100.0,109.0,570.0,10,13.776273965835571,294.76204028775396,1.0026671260470403,3.7762739658355713,1.547071458711734e-05,1.3822612493637974,1.2405627397183062e-05,1.3791710086591802,0.0008923875481650148,0.03427266915751537,1,-1.0,-1.0,0,0,1,12,1,31.5,72.0,200.0,11.2,1008.3,cotonou/COTO,246.89454307456222,63.4,65.2,0.6722644312234448
6.360212474474173,2.4050185431908546,COTO,cotonou,6.352268,2.402957,907.6875599339645,21238.37353,9.0,100.0,109.0,570.0,10,14.740357398986816,14.461277413621872,5.928681845320279,4.740357398986816,0.0011111461988059426,0.4372393131982149,0.001196410168751941,0.4347421170630308,0.0017041170283939127,0.05584725945648659,1,-1.0,-1.0,0,0,4,4,1,31.0,75.0,210.0,18.4,1008.0,cotonou/COTO,320.01321175851473,66.4,70.5,0.3533376950684678
6.382841693276946,2.3655857279573005,COTO,cotonou,6.352268,2.402957,5341.076548464654,21238.37353,9.0,100.0,109.0,570.0,10,14.034875869750977,309.46277594044875,1.0186200293786905,4.034875869750977,6.1254799484851e-05,1.1005122238567033,5.047776080943911e-05,1.0981938625212162,-0.0009526411692301432,0.03686569203914464,0,-1.0,5266.151626943105,0,4,3,10,1,33.0,28.0,70.0,11.2,1010.0,cotonou/COTO,379.59078834977134,68.0,55.8,0.7874638746315022
6.369448694184441,2.3904774431518194,COTO,cotonou,6.352268,2.402957,2348.6819452970735,21238.37353,9.0,100.0,109.0,570.0,10,12.020001411437988,324.17520054991905,2.364470824129124,2.0200014114379883,-0.0007809834970676294,0.705587033683605,-0.0007407722841073625,0.7348259828871785,-0.0016575997945190875,0.06738964718423579,1,-1.0,-1.0,0,0,1,3,1,32.0,63.0,210.0,16.6,1010.0,cotonou/COTO,281.07558431847417,70.8,86.3,0.8321200752819861
6.364957593806557,2.4079439630425363,COTO,cotonou,6.352268,2.402957,1507.8880838920575,21238.37353,9.0,100.0,109.0,570.0,10,14.902559280395508,21.33427796693229,3.5708247946928937,4.902559280395508,0.0007814168930053712,0.426341676173937,0.0006288186989166262,0.4219562956071167,-0.002915076194181313,0.09439736401139591,1,-1.0,-1.0,0,0,3,2,1,32.0,63.0,180.0,14.8,1011.0,cotonou/COTO,335.1905947367722,56.6,58.8,0.8212307865978454
6.368774167703038,2.39090000200588,COTO,cotonou,6.352268,2.402957,2260.8631618989502,21238.37353,9.0,100.0,109.0,570.0,10,12.372166872024536,324.0226018016011,2.4472952625376574,2.372166872024536,-0.0005854493693301553,0.6161797026727206,-0.0006960126069875864,0.6786232588677342,-0.004579718907674154,0.2062418045445559,1,-1.0,-1.0,0,0,2,0,1,32.0,63.0,210.0,16.6,1010.0,cotonou/COTO,374.8202269089207,61.2,62.3,0.41666599803988014
6.376682960200372,2.360300229537192,COTO,cotonou,6.352268,2.402957,5437.212815198379,21238.37353,9.0,100.0,109.0,570.0,10,12.992103099822998,299.9403385018483,1.0115983840154592,2.992103099822998,-0.00013093192935426594,1.2374065035277146,-0.0001725662892982026,1.2342755360703286,-0.0036725737553243098,0.10746814932965552,1,-1.0,-1.0,0,0,2,11,1,31.5,72.0,200.0,11.2,1008.3,cotonou/COTO,238.48215027541633,77.1,76.1,0.3215456822408995
6.360049209975271,2.379508761765756,COTO,cotonou,6.352268,2.402957,2733.295079006604,21238.37353,9.0,100.0,109.0,570.0,10,13.308424949645996,288.4653981700087,2.005083558644625,3.308424949645996,-0.00014440814654032388,0.8140969716900275,-0.0001778024849330364,0.8205249738343757,-0.002074079804428849,0.06265725695032069,1,-1.0,-1.0,0,0,2,2,1,31.9,70.0,220.0,18.4,1008.0,cotonou/COTO,331.6838992172874,70.7,65.8,0.7488207796670548
6.372586779652419,2.402449513698155,COTO,cotonou,6.352268,2.402957,2247.712817016431,21238.37353,9.0,100.0,109.0,570.0,10,12.187119245529175,358.57810214267806,2.466303988254601,2.187119245529175,-0.000678564312073729,0.7749454482808875,-0.00069684975314368,0.824326974683904,-0.0016718714056864323,0.04753217684187694,1,-1.0,-1.0,0,0,1,3,1,32.0,75.0,200.0,20.5,1010.0,cotonou/COTO,383.81129230388444,86.2,86.5,0.801389433842723
6.372552464659454,2.356249216873496,COTO,cotonou,6.352268,2.402957,5633.549577072647,21238.37353,9.0,100.0,109.0,570.0,10,13.444994926452637,293.60675383985676,0.9717449845186686,3.4449949264526367,-4.975489104316464e-05,1.374466519351153,-5.370437053211944e-05,1.3673943998953138,-0.0010244025124443903,0.03808266696900359,0,-1.0,5351.307614293456,0,5,2,12,1,32.0,71.0,220.0,18.4,1009.0,cotonou/COTO,309.1504439589486,65.2,58.6,0.49125744639136615
6.379770307414285,2.3692117665878514,COTO,cotonou,6.352268,2.402957,4815.518924120052,21238.37353,9.0,100.0,109.0,570.0,10,12.433120965957642,309.3555019619846,1.148813497390991,2.4331209659576416,-0.00026374129775148,1.1378421422520706,-0.00023438662351518567,1.1321907623853882,0.002701375881830851,0.11862354073196299,1,-1.0,-1.0,0,0,4,3,1,30.7,45.0,199.0,11.1,1008.8,cotonou/COTO,260.0268288079785,58.1,66.5,0.893031019536303
6.354787677608334,2.40518357374,COTO,cotonou,6.352268,2.402957,371.9290312628592,21238.37353,9.0,100.0,109.0,570.0,10,15.283637523651123,41.29098502960352,14.14263068525873,5.283637523651123,0.004044551038572993,0.6043596914786872,0.0035232898924085826,0.6219280979531406,7.755756378173828e-05,0.004485588585657122,1,-1.0,-1.0,0,0,4,9,1,31.4,69.0,240.0,16.6,1010.7,cotonou/COTO,245.31000000003797,65.4,71.6,0.14390869607855827
6.359252694592536,2.410739394282032,COTO,cotonou,6.352268,2.402957,1156.7330175772217,21238.37353,9.0,100.0,109.0,570.0,10,14.962761878967285,47.91595893432691,4.647670692828394,4.962761878967285,0.0011318261178587634,0.3859312378623235,0.001069097014946666,0.3830915378447314,0.001175240675608317,0.06323166450988514,0,-1.0,1068.6451324711406,0,3,1,7,1,32.0,71.0,220.0,16.6,1011.0,cotonou/COTO,366.4815913522073,54.0,68.1,0.8790687796589601
6.35956369428925,2.411099667606803,COTO,cotonou,6.352268,2.402957,1209.3706611908037,21238.37353,9.0,100.0,109.0,570.0,10,15.02198076248169,47.96411102622591,4.4434223819952585,5.0219807624816895,0.001069097014946666,0.3830915378447314,0.0010553665962864621,0.38341334107070824,0.0008221274050105249,0.04760560128007367,1,-1.0,-1.0,0,0,4,1,1,32.0,67.0,210.0,18.4,1012.0,cotonou/COTO,276.1246316430909,68.1,65.5,0.09609523297188127
6.379879249721608,2.369216887807426,COTO,cotonou,6.352268,2.402957,4822.698271660213,21238.37353,9.0,100.0,109.0,570.0,10,12.433120965957642,309.4708778534407,1.147103764484571,2.4331209659576416,-0.00026374129775148,1.1367428647629096,-0.00023438662351518567,1.1308921092005653,0.0014191097683376736,0.05214799790552052,1,-1.0,-1.0,0,0,4,0,1,30.7,55.0,293.0,13.0,1011.4,cotonou/COTO,260.0268288079785,66.5,58.1,0.1535255220546139
6.3645530184266805,2.370713992017256,COTO,cotonou,6.352268,2.402957,3817.283948005336,21238.37353,9.0,100.0,109.0,570.0,10,11.60999310016632,290.9771946076154,1.4614648040962093,1.6099931001663208,-0.0005460933161278566,1.2410404678112261,-0.0005561140089975068,1.2520784624310426,-0.0006992920026934389,0.022019200878653486,1,-1.0,-1.0,0,0,1,7,1,30.0,55.0,310.0,7.6,1013.0,cotonou/COTO,265.7076628552334,59.4,62.4,0.5338400132739604
6.372851916580422,2.3549946173196292,COTO,cotonou,6.352268,2.402957,5774.116202805173,21238.37353,9.0,100.0,109.0,570.0,10,13.257054805755615,293.35868340041816,0.9499573302057087,3.2570548057556152,-7.7709262235177e-05,1.3585163889999754,-8.262324536967481e-05,1.3515646583207332,-0.0006099502245585124,0.028198353455976672,0,-1.0,5299.689821412363,0,4,1,5,1,31.0,63.0,210.0,16.6,1009.0,cotonou/COTO,356.3532216776974,58.6,72.1,0.06751848018741502
6.370294452495732,2.397612445776716,COTO,cotonou,6.352268,2.402957,2079.356954186275,21238.37353,9.0,100.0,109.0,570.0,10,12.09377384185791,343.58223717221574,2.6682784036426654,2.09377384185791,-0.0008472545998558237,0.8148521542220205,-0.0007840012663778503,0.8419866573260231,-0.0028319132310336004,0.09427659839511711,1,-1.0,-1.0,0,0,1,2,1,31.7,72.0,200.0,14.8,1010.3,cotonou/COTO,280.5468730889592,86.5,68.2,0.05280710140011036
6.3508510686129815,2.3917800985613913,COTO,cotonou,6.352268,2.402957,1246.5085617279497,21238.37353,9.0,100.0,109.0,570.0,10,14.187602996826172,262.7314442066209,4.349677425283785,4.187602996826172,0.0003804819266054165,0.3262317162844415,0.00023879408836364747,0.3267789584288739,-0.002162059148152669,0.1024526263763015,1,-1.0,-1.0,0,0,1,6,1,31.0,66.0,250.0,7.6,1013.0,cotonou/COTO,229.63053738552546,73.7,54.4,0.0005187441657055203
6.3835661446881415,2.3754407315006274,COTO,cotonou,6.352268,2.402957,4609.53274989056,21238.37353,9.0,100.0,109.0,570.0,10,12.938712358474731,318.8564539817449,1.193854148122396,2.9387123584747314,-0.0001614626894427637,1.0810127059832129,-0.00016027745018657455,1.07412756054477,0.0009322841962178548,0.04219951705745069,1,-1.0,-1.0,0,0,2,8,1,31.0,59.0,170.0,13.0,1007.0,cotonou/COTO,342.02592664884946,70.2,70.5,0.43631665969426314
6.363881470386266,2.3615677973716602,COTO,cotonou,6.352268,2.402957,4755.964415791772,21238.37353,9.0,100.0,109.0,570.0,10,11.68425738811493,285.76816751970443,1.1722130091096965,1.6842573881149292,-0.0004231938605672652,1.2840843399033584,-0.0004189415007644558,1.2936912242889993,0.0002830247084299724,0.013422623172941983,1,-1.0,-1.0,0,0,0,0,1,30.1,50.0,198.0,11.1,1009.1,cotonou/COTO,370.6602309393415,61.3,67.2,0.7746238812922298
6.361352929208363,2.4065611733561525,COTO,cotonou,6.352268,2.402957,1080.926075438368,21238.37353,9.0,100.0,109.0,570.0,10,14.902602672576904,21.518168993611425,4.975202778992264,4.902602672576904,0.001077127241873526,0.4590751804059255,0.0011111453190361669,0.456092186024179,0.001098992114821342,0.0304405288074867,1,-1.0,-1.0,0,0,2,12,1,31.6,70.0,230.0,16.6,1013.0,cotonou/COTO,264.2872471383624,70.5,62.5,0.034838350279915664
6.382314812738327,2.364378405659186,COTO,cotonou,6.352268,2.402957,5409.15135617467,21238.37353,9.0,100.0,109.0,570.0,10,13.538169622421265,308.0872614018728,1.0110628974564884,3.5381696224212646,-8.549214652165267e-05,1.0922971050121002,-5.84229923274293e-05,1.0895702269208705,-0.0023226449109277373,0.08761734102813941,1,-1.0,-1.0,0,0,2,2,1,31.8,31.0,20.0,11.2,1010.9,cotonou/COTO,196.14362722252218,70.4,55.8,0.6522576064658554
6.363013463410816,2.384261429790028,COTO,cotonou,6.352268,2.402957,2385.5096297281225,21238.37353,9.0,100.0,109.0,570.0,10,13.151816129684448,300.0425372621743,2.300868533335236,3.1518161296844482,-0.000272202250885044,0.8845229213814543,-0.0002994194263365211,0.8985686860385423,-0.002295927206675212,0.12722075304686642,1,-1.0,-1.0,0,0,4,11,1,33.0,63.0,210.0,18.4,1008.0,cotonou/COTO,350.04620409299224,75.2,62.4,0.8231273174161865
6.362644398557418,2.3637804013152954,COTO,cotonou,6.352268,2.402957,4483.800125621084,21238.37353,9.0,100.0,109.0,570.0,10,11.668901681900024,284.9247251114364,1.2435401493645424,1.6689016819000244,-0.0004488075003009961,1.1904439729458183,-0.0004538835663544503,1.2066128305447172,9.401639302571629e-06,0.013187688959913249,1,-1.0,-1.0,0,0,0,2,1,33.0,48.0,210.0,9.4,1011.2,cotonou/COTO,255.36031896131075,60.2,61.3,0.16800084857787112
6.365177741167706,2.369149801009518,COTO,cotonou,6.352268,2.402957,4003.6005352136117,21238.37353,9.0,100.0,109.0,570.0,10,11.519261956214905,291.02001747633483,1.394777401894579,1.5192619562149048,-0.000544211312906066,1.3050544689422483,-0.0005435275388698952,1.3233002727020207,-0.0003042846918106079,0.015513550685320808,1,-1.0,-1.0,0,0,0,2,1,30.0,55.0,310.0,7.6,1013.0,cotonou/COTO,248.21595536951256,62.5,59.4,0.14686373482140425
6.37807066989698,2.374443906560622,COTO,cotonou,6.352268,2.402957,4253.695114292663,21238.37353,9.0,100.0,109.0,570.0,10,11.77122151851654,312.3211389992917,1.3094094961450156,1.7712215185165405,-0.00045414392492932834,1.155326683349464,-0.00044572615513095145,1.1581655245432807,0.00014922751320732965,0.006022900242811261,1,-1.0,-1.0,0,0,1,0,1,30.0,70.0,210.0,16.6,1007.0,cotonou/COTO,377.7671008703648,78.2,85.6,0.8608009736205361
6.3752064693155726,2.357579263490727,COTO,cotonou,6.352268,2.402957,5624.982730084445,21238.37353,9.0,100.0,109.0,570.0,10,13.531699419021606,296.96197649484947,0.9723417545356335,3.5316994190216064,-5.3970755001379714e-05,1.3013569691815163,-2.4029284276205653e-05,1.2950477406996683,-0.0005710579991219647,0.041671886683627056,1,-1.0,-1.0,0,0,0,8,1,31.5,72.0,200.0,11.2,1008.3,cotonou/COTO,324.64606281298086,77.1,72.1,0.8231246099500947
6.369506914338652,2.3985555470265525,COTO,cotonou,6.352268,2.402957,1967.6282030845011,21238.37353,9.0,100.0,109.0,570.0,10,12.450066328048706,345.7620147372899,2.8092046180743075,2.450066328048706,-0.0006654787770164794,0.6961266964275464,-0.0006735685993643368,0.7481590041008872,-0.002965859572092692,0.13362721669275424,1,-1.0,-1.0,0,0,2,11,1,31.7,72.0,200.0,14.8,1010.3,cotonou/COTO,280.5468730889592,86.5,68.2,0.5389417662641869
6.356926800271588,2.39879883224624,COTO,cotonou,6.352268,2.402957,690.7193942202751,21238.37353,9.0,100.0,109.0,570.0,10,14.956958770751953,318.4253882308954,7.753278625832465,4.956958770751953,0.0017360657453536989,0.3936444346611018,0.0016196279148587805,0.4007998995457973,-0.00039162667233975354,0.012404035085386704,1,-1.0,-1.0,0,0,5,4,1,31.0,75.0,210.0,18.4,1008.0,cotonou/COTO,337.12035847750434,62.4,62.0,0.8191998792939803
6.349613710243097,2.3822474736959904,COTO,cotonou,6.352268,2.402957,2310.0448246952405,21238.37353,9.0,100.0,109.0,570.0,10,13.088080644607544,262.6528950453366,2.37752689183924,3.088080644607544,-0.00026893417573043815,0.4113149111479916,-0.00033240864354356075,0.4444680348833478,-0.0028848602525417405,0.08615836291848754,1,-1.0,-1.0,0,0,4,3,1,32.0,71.0,200.0,18.4,1008.0,cotonou/COTO,206.50773641684015,65.8,75.4,0.09275607742449477
6.378187307491259,2.3622927289501368,COTO,cotonou,6.352268,2.402957,5334.5181504410875,21238.37353,9.0,100.0,109.0,570.0,10,12.341007471084595,302.67638630214924,1.0380593328535548,2.3410074710845947,-0.0002577929009419059,1.1924804563681453,-0.0002783101134830051,1.1893938726730295,-0.0018877744674682618,0.07758040790991162,0,4757.235625142853,5035.186470656818,1,2,1,6,1,31.0,75.0,200.0,18.4,1008.0,cotonou/COTO,316.153254609243,76.1,78.2,0.3944815179387544
6.3745645624074765,2.3577671519386616,COTO,cotonou,6.352268,2.402957,5574.679844497668,21238.37353,9.0,100.0,109.0,570.0,10,13.796167135238647,296.40489360152793,0.9783965640447594,3.7961671352386475,1.5981308448271927e-05,1.3246686227263125,-2.4251058592018827e-06,1.3185446932340306,-0.0011428144243028429,0.045457696251066396,0,-1.0,4971.407877357638,0,1,1,4,1,31.5,72.0,200.0,11.2,1008.3,cotonou/COTO,315.24390842648114,63.4,72.1,0.7377975561063729
6.3564728725979665,2.4105176970798623,COTO,cotonou,6.352268,2.402957,957.0747895192744,21238.37353,9.0,100.0,109.0,570.0,10,15.342365264892578,60.76878603455782,5.589067560165534,5.342365264892578,0.001707105034069062,0.48316382292690785,0.0016171407285347332,0.49593990279232875,0.00047124868705873316,0.05106901832932271,1,-1.0,-1.0,0,0,2,10,1,32.0,71.0,220.0,16.6,1011.0,cotonou/COTO,108.9214896151932,58.7,54.0,0.25745195932396336
6.365123446793362,2.371996142063596,COTO,cotonou,6.352268,2.402957,3708.7804002496327,21238.37353,9.0,100.0,109.0,570.0,10,11.659822463989258,292.6762185914024,1.5034325765120273,1.6598224639892578,-0.0005503142392763527,1.2878571472466522,-0.0005912735482597676,1.305964346194347,-0.0018130187439070432,0.033318447827836814,1,-1.0,-1.0,0,0,1,3,1,31.0,63.0,180.0,9.4,1011.0,cotonou/COTO,344.695661852635,60.5,62.4,0.7523289144335528
6.358148132763531,2.4037914481862677,COTO,cotonou,6.352268,2.402957,656.7926013861112,21238.37353,9.0,100.0,109.0,570.0,10,14.464174270629883,8.027867826361955,8.19064743536367,4.464174270629883,0.001144564766028324,0.4310726953021221,0.0010655009084277684,0.41399292028258455,-4.125171237521701e-05,0.005087425064885428,1,-1.0,-1.0,0,0,2,2,1,31.0,75.0,210.0,18.4,1008.0,cotonou/COTO,329.0564998598276,66.4,68.1,0.5041786043908139
6.382350095755661,2.3645479601591504,COTO,cotonou,6.352268,2.402957,5396.765568725865,21238.37353,9.0,100.0,109.0,570.0,10,13.633146524429321,308.24252967823463,1.0123748177894676,3.6331465244293213,-1.7799875609717196e-05,1.0972657771065442,-2.816216849582104e-05,1.0922756381444612,-0.0021012889014350045,0.07755157837875307,1,-1.0,-1.0,0,0,4,1,1,31.8,31.0,20.0,11.2,1010.9,cotonou/COTO,196.14362722252218,70.4,55.8,0.7502659879482331
6.3484472518281505,2.3768630580003354,COTO,cotonou,6.352268,2.402957,2917.814521435241,21238.37353,9.0,100.0,109.0,570.0,10,10.30681025981903,261.6205297323037,1.9372541283140483,0.30681025981903076,-0.0011565242089381835,1.3670228310240295,-0.001144842146221636,1.3958039891906855,0.0,0.0,1,-1.0,-1.0,0,0,0,0,1,33.0,63.0,200.0,11.2,1008.0,cotonou/COTO,255.08273363755146,66.5,64.3,0.4646796378573296
6.361885894277903,2.383642227812399,COTO,cotonou,6.352268,2.402957,2387.041327183665,21238.37353,9.0,100.0,109.0,570.0,10,13.207824230194092,296.6135943784501,2.298051524867901,3.207824230194092,-0.00020798633495966584,0.866890044088895,-0.0003568447014978318,0.8727483682377051,-0.003515617630527535,0.058643531020267266,1,-1.0,-1.0,0,0,1,8,1,31.7,62.0,220.0,11.2,1010.7,cotonou/COTO,318.97004498850305,54.4,75.2,0.3679043402218176
6.3682142188509685,2.399734945981422,COTO,cotonou,6.352268,2.402957,1799.1299167942511,21238.37353,9.0,100.0,109.0,570.0,10,13.196271181106567,348.6454136026707,3.048123317295096,3.1962711811065674,-0.00028657363197860664,0.6025899279864927,-0.0005070826794565732,0.6379795377941777,-0.005890296761306886,0.18793160392019267,1,-1.0,-1.0,0,0,1,15,1,32.0,63.0,210.0,14.8,1011.0,cotonou/COTO,311.79147214124436,68.2,66.0,0.21918921647863232
6.348319658326539,2.3837024254668755,COTO,cotonou,6.352268,2.402957,2174.6319615675357,21238.37353,9.0,100.0,109.0,570.0,10,12.83079195022583,258.3430535231531,2.532153501468555,2.83079195022583,-0.00044968872754734367,0.4830571476997274,-0.0002640406485822929,0.5084711367136576,0.001571178070405251,0.04855727997731033,1,-1.0,-1.0,0,0,3,5,1,32.0,71.0,200.0,18.4,1008.0,cotonou/COTO,255.0899788310412,63.1,65.8,0.20837934143501502
6.37183540830344,2.390326083729957,COTO,cotonou,6.352268,2.402957,2575.937516646768,21238.37353,9.0,100.0,109.0,570.0,10,12.051224708557129,327.31920696327956,2.1553842393976668,2.051224708557129,-0.000645191950084932,0.7871557845078938,-0.000610650632788342,0.8186718635680111,-1.1321158159097554e-05,0.02508960055437003,1,-1.0,-1.0,0,0,1,13,1,33.0,67.0,190.0,20.5,1010.0,cotonou/COTO,357.773164030067,81.4,84.9,0.751490810571396
6.368054311039453,2.3895067310441016,COTO,cotonou,6.352268,2.402957,2293.957234075531,21238.37353,9.0,100.0,109.0,570.0,10,12.246715068817139,319.74358612161046,2.4151588743985974,2.2467150688171387,-0.0007424217229862863,0.7101331517943323,-0.0006934640779776914,0.7592079357771999,-0.002580302953720093,0.1565139810747906,1,-1.0,-1.0,0,0,6,8,1,32.0,63.0,210.0,16.6,1010.0,cotonou/COTO,374.8202269089207,62.3,61.2,0.1189103480339605
6.350484392940045,2.3897234602877497,COTO,cotonou,6.352268,2.402957,1477.3951115444354,21238.37353,9.0,100.0,109.0,570.0,10,14.126490116119385,262.27786929990486,3.674303502349083,4.126490116119385,0.0002796657880147298,0.31548025021604387,0.0002626561287284598,0.3136770879271745,-0.00019900993091278652,0.0080899511289038,1,-1.0,-1.0,0,0,0,1,1,31.8,66.0,200.0,14.8,1010.6,cotonou/COTO,253.66596638093372,65.2,73.7,0.08598235011094513
6.362630304679462,2.363793251615784,COTO,cotonou,6.352268,2.402957,4482.027042467003,21238.37353,9.0,100.0,109.0,570.0,10,11.668901681900024,284.9100302382522,1.2440319374104465,1.6689016819000244,-0.00044763551930966037,1.1908893421170799,-0.0004538835663544503,1.2071170309123618,9.401639302571629e-06,0.013187688959913249,1,-1.0,-1.0,0,0,0,2,1,33.0,48.0,210.0,9.4,1011.2,cotonou/COTO,255.36031896131075,60.2,61.3,0.17629136502213016
6.374504619860907,2.357214166325498,COTO,cotonou,6.352268,2.402957,5626.716139038334,21238.37353,9.0,100.0,109.0,570.0,10,13.733470916748047,296.06745844171024,0.969988254322403,3.733470916748047,4.694943732403665e-06,1.3288734002520708,-1.60252002247593e-05,1.3224787960405597,-0.0016120493412017823,0.07359553902834651,0,5310.98858013438,5322.264564380949,1,2,1,7,1,32.0,71.0,220.0,18.4,1009.0,cotonou/COTO,286.930169205042,72.1,65.2,0.17534651145392188
6.3572423743512285,2.403520358520614,COTO,cotonou,6.352268,2.402957,553.6254204723285,21238.37353,9.0,100.0,109.0,570.0,10,14.52785348892212,6.421939463073045,9.683832190125306,4.527853488922119,0.0013371071416186104,0.4448124773033553,0.001248310104249016,0.42558632970796795,-0.001038515567779541,0.04862384802146788,1,-1.0,-1.0,0,0,1,7,1,31.0,75.0,210.0,18.4,1008.0,cotonou/COTO,329.0564998598276,66.4,68.1,0.8231076228068998
6.372836402087118,2.3583870879157747,COTO,cotonou,6.352268,2.402957,5430.473989638844,21238.37353,9.0,100.0,109.0,570.0,10,13.769776344299316,294.91009633845414,1.004650920723852,3.7697763442993164,1.1680655779788423e-05,1.3830963359102038,2.8969902648169294e-05,1.3770501814420624,0.0012169681556409735,0.028784483335396273,1,-1.0,-1.0,0,0,1,12,1,32.0,71.0,220.0,18.4,1009.0,cotonou/COTO,246.89454307456222,65.2,63.4,0.3985066234742124
6.361229030854426,2.360769046837046,COTO,cotonou,6.352268,2.402957,4771.696077756453,21238.37353,9.0,100.0,109.0,570.0,10,11.977882146835327,282.06617206377695,1.1648252324681831,1.9778821468353271,-0.00036023110151290884,1.1015131057593486,-0.0003598626109137051,1.107409594155207,-0.000197556283738878,0.007381790821508108,0,-1.0,4207.507563552784,0,1,0,0,1,34.0,44.0,220.0,14.8,1010.0,cotonou/COTO,326.8907597349128,65.7,61.2,0.9903884573604824
6.355452446455808,2.3750188588811896,COTO,cotonou,6.352268,2.402957,3111.0782449429616,21238.37353,9.0,100.0,109.0,570.0,10,14.447228908538818,276.54401508682383,1.740813698096018,4.447228908538818,0.0002372556007825411,0.45758070923203037,0.00026140280489651667,0.45324936849096015,0.0010113716125488281,0.040983165161915566,1,-1.0,-1.0,0,0,2,12,1,29.6,72.0,220.0,14.8,1010.1,cotonou/COTO,275.910366967215,56.3,53.0,0.13721125779061238
6.380598668136411,2.3711856592997407,COTO,cotonou,6.352268,2.402957,4708.696840116359,21238.37353,9.0,100.0,109.0,570.0,10,12.289135217666626,311.90143316873184,1.1766196916111926,2.289135217666626,-0.0002980491630149364,1.1503699648390875,-0.00027275090447511816,1.1452739239026737,0.0027460469139946836,0.10199317913696125,1,-1.0,-1.0,0,0,2,4,1,30.7,45.0,199.0,11.1,1008.8,cotonou/COTO,383.9027712846491,58.1,78.2,0.6535398256936433
6.370329596313118,2.3910143827848347,COTO,cotonou,6.352268,2.402957,2394.881323217017,21238.37353,9.0,100.0,109.0,570.0,10,12.121613025665283,326.68994784333114,2.316481366515629,2.121613025665283,-0.0006597526883073224,0.6734644618285781,-0.000672082009354258,0.7235831975794399,-0.000666266017489963,0.026973239820786823,1,-1.0,-1.0,0,0,1,0,1,33.0,67.0,200.0,18.4,1012.0,cotonou/COTO,292.9664112146319,84.9,61.2,0.4487295072012506
6.378372747281945,2.3614114505436112,COTO,cotonou,6.352268,2.402957,5427.881483171399,21238.37353,9.0,100.0,109.0,570.0,10,12.283880472183228,302.30493221916936,1.0208106293845434,2.2838804721832275,-0.00026208305007625464,1.189991409809503,-0.0002896064770027909,1.1875845425066553,-0.001853651075902886,0.0832592035543348,0,-1.0,5047.168353089236,0,4,3,13,1,29.5,80.0,200.0,7.6,1009.5,cotonou/COTO,203.75681976320604,78.1,76.1,0.39291817669707396
6.360723855248818,2.4090673265499487,COTO,cotonou,6.352268,2.402957,1153.8962451633768,21238.37353,9.0,100.0,109.0,570.0,10,14.625607967376709,35.68452627992701,4.67567668014748,4.625607967376709,0.000820193012586588,0.4688229287027996,0.000810453562232537,0.45767041272144515,0.001181920369466146,0.058670860120220596,1,-1.0,-1.0,0,0,1,2,1,32.0,67.0,210.0,18.4,1012.0,cotonou/COTO,267.46393794301054,68.1,62.5,0.8750841990540823
6.3550270425514475,2.390467582705424,COTO,cotonou,6.352268,2.402957,1415.117473493864,21238.37353,9.0,100.0,109.0,570.0,10,15.708624839782715,282.53241846912107,3.771756570008232,5.708624839782715,0.0013900231983926562,0.6541409470941526,0.0011418945705202823,0.6477460157373929,-0.004147135262685598,0.13686791425535486,1,-1.0,-1.0,0,0,2,14,1,31.0,71.0,240.0,9.4,1011.0,cotonou/COTO,295.36221914797846,54.4,68.3,0.9755956458283996
6.355356943329281,2.3737159684867857,COTO,cotonou,6.352268,2.402957,3253.219091441214,21238.37353,9.0,100.0,109.0,570.0,10,14.64737319946289,276.06881690855437,1.6612752268781774,4.647373199462891,0.0002875785215185323,0.43512682880541614,0.0004921747626993993,0.43173289533569514,0.006371338800014736,0.04703001834026769,1,-1.0,-1.0,0,0,1,14,1,29.6,72.0,220.0,14.8,1010.1,cotonou/COTO,182.1212014017086,56.3,61.8,0.8728589587741787
6.365197684733357,2.3669580842870133,COTO,cotonou,6.352268,2.402957,4231.777199635208,21238.37353,9.0,100.0,109.0,570.0,10,11.478070855140686,289.87144467406017,1.3201560125665366,1.478070855140686,-0.0005232207931823014,1.3135627775703915,-0.0005173595387843726,1.3215713604305601,0.00010511993062598038,0.003134334188019427,1,-1.0,-1.0,0,0,1,7,1,30.1,50.0,198.0,11.1,1009.1,cotonou/COTO,167.19783760562936,58.0,66.1,0.19230067903513304
6.357443332864372,2.37985515628231,COTO,cotonou,6.352268,2.402957,2619.2818435815725,21238.37353,9.0,100.0,109.0,570.0,10,13.549960851669312,282.70388473991545,2.087009270381235,3.5499608516693115,-5.948128122271912e-05,0.6407916684464615,-9.0638689563659e-05,0.6494682959457283,-0.0012387243974781234,0.0424133647439283,1,-1.0,-1.0,0,0,2,12,1,31.9,70.0,220.0,18.4,1008.0,cotonou/COTO,346.04950975268054,70.7,62.4,0.22079792120893404
6.383850707547612,2.3754490466491185,COTO,cotonou,6.352268,2.402957,4632.603951116183,21238.37353,9.0,100.0,109.0,570.0,10,13.00629448890686,319.12181707411236,1.187074754686213,3.0062944889068604,-0.0001447618212352834,1.0727409852006307,-0.0001452028371725872,1.0659299208119666,0.00027310848236083984,0.01465743475915847,1,-1.0,-1.0,0,0,2,6,1,32.1,54.0,211.0,13.0,1008.6,cotonou/COTO,342.02592664884946,70.5,70.2,0.6560738790950633
6.378232533730621,2.3754748922377678,COTO,cotonou,6.352268,2.402957,4182.073003376553,21238.37353,9.0,100.0,109.0,570.0,10,11.771544456481934,313.5519879738852,1.3318219899677768,1.7715444564819336,-0.0004608207089560372,1.1689891188366575,-0.00044680391678787734,1.170936003788535,0.0002671857674916585,0.014483138153496231,1,-1.0,-1.0,0,0,1,5,1,31.0,63.0,200.0,16.6,1007.0,cotonou/COTO,310.99815111988335,85.6,81.4,0.2890835816381917
6.3812841753923415,2.3627247557589457,COTO,cotonou,6.352268,2.402957,5487.237136627822,21238.37353,9.0,100.0,109.0,570.0,10,12.504918098449707,305.970347892831,1.0074634995045757,2.504918098449707,-0.00022398133384439838,1.1115541082853033,-0.00027211143522379186,1.1072828134644197,-0.00509843124465716,0.10124449398292619,0,5069.371382736324,4959.406710659614,4,13,7,9,1,29.5,80.0,200.0,7.6,1009.5,cotonou/COTO,398.98903293196753,78.1,70.4,0.7347251307805799
6.361173247191478,2.3769327859662046,COTO,cotonou,6.352268,2.402957,3043.0702931111764,21238.37353,9.0,100.0,109.0,570.0,10,12.94336748123169,289.00041942485154,1.8079808449968435,2.9433674812316895,-0.00024955031139398717,0.8978911370885883,-0.0002467139409138607,0.9092324647686211,-0.0003215571244557699,0.014490318256757579,1,-1.0,-1.0,0,0,3,13,1,32.4,63.0,230.0,7.6,1010.7,cotonou/COTO,353.12133962707986,63.8,65.7,0.5664206508096447
6.369466236102477,2.401840799361611,COTO,cotonou,6.352268,2.402957,1905.9220826390497,21238.37353,9.0,100.0,109.0,570.0,10,13.147046089172363,356.3094538711151,2.8791032400761187,3.1470460891723633,-0.00037340276826466326,0.526405917804185,-0.0003269617003623885,0.5584709593213601,-0.0034609317779541017,0.16081522219138286,1,-1.0,-1.0,0,0,1,13,1,32.0,63.0,210.0,14.8,1011.0,cotonou/COTO,237.45958919365236,69.0,86.2,0.5509087684904029
6.355535987993171,2.377715066405497,COTO,cotonou,6.352268,2.402957,2816.0596022277946,21238.37353,9.0,100.0,109.0,570.0,10,13.925262212753296,277.42334179217414,1.9336639382178566,3.925262212753296,6.665184054575131e-05,0.49884888555579426,8.622076776292595e-05,0.5020760469668056,-0.0013879378636678062,0.059699798256531225,1,-1.0,-1.0,0,0,3,9,1,29.6,72.0,220.0,14.8,1010.1,cotonou/COTO,350.5649932608698,56.3,62.4,0.8285469248387858
6.371194470908151,2.3909207709450984,COTO,cotonou,6.352268,2.402957,2480.7577609641694,21238.37353,9.0,100.0,109.0,570.0,10,12.117344856262207,327.7065208380678,2.2364729944388917,2.117344856262207,-0.0006408714102576303,0.7287035123547475,-0.0006965315970000289,0.7654976413250787,-0.0022064140683550402,0.026237625071831937,1,-1.0,-1.0,0,0,1,10,1,33.0,67.0,190.0,20.5,1010.0,cotonou/COTO,322.1257484275571,82.1,84.9,0.7105327717426778
6.3565622586463455,2.3983943857949033,COTO,cotonou,6.352268,2.402957,693.07617562495,21238.37353,9.0,100.0,109.0,570.0,10,15.115276336669922,313.44102615947,7.7143812364483795,5.115276336669922,0.0019559512535730996,0.4691846233283619,0.001884152412414551,0.4795452635108033,-0.0005102422502305773,0.02067600583050854,1,-1.0,-1.0,0,0,6,9,1,31.0,71.0,210.0,20.5,1010.0,cotonou/COTO,230.8079454871386,62.0,58.3,0.026577764997291697
6.3874084236829205,2.374664745198179,COTO,cotonou,6.352268,2.402957,4989.966082657579,21238.37353,9.0,100.0,109.0,570.0,10,13.514975547790527,321.3365385389332,1.0962441861952048,3.5149755477905273,2.6288354477812764e-05,0.974732339392991,-7.948012780554739e-05,0.9721920280916452,-0.0009525077676656654,0.10354014263574841,1,-1.0,-1.0,0,0,4,9,1,31.0,59.0,170.0,13.0,1007.0,cotonou/COTO,339.277088085809,66.1,64.0,0.049459137146015686
6.379766638965507,2.370992644188319,COTO,cotonou,6.352268,2.402957,4664.154911722335,21238.37353,9.0,100.0,109.0,570.0,10,12.050280094146729,310.8821623673924,1.1907859148274085,2.0502800941467285,-0.0003448003938211652,1.1443129420683473,-0.0003234773748534641,1.141376337538864,0.0017956366141637166,0.08583102153043236,1,-1.0,-1.0,0,0,0,10,1,30.7,55.0,293.0,13.0,1011.4,cotonou/COTO,333.8960444509769,66.5,78.2,0.6015584524560157
6.3543296808608165,2.392251991403861,COTO,cotonou,6.352268,2.402957,1206.1508806101504,21238.37353,9.0,100.0,109.0,570.0,10,15.676355361938477,280.9674686547187,4.424337784810899,5.676355361938477,0.0016011088844237289,0.5586676555504676,0.0016072187011358715,0.5746036869178948,0.00212224171448212,0.07736494050445261,1,-1.0,-1.0,0,0,6,9,1,31.0,71.0,240.0,9.4,1011.0,cotonou/COTO,330.452052195156,54.4,57.1,0.4861920756222755
6.358796844187418,2.40466751760719,COTO,cotonou,6.352268,2.402957,746.4020910074664,21238.37353,9.0,100.0,109.0,570.0,10,14.490571975708008,14.594715116210864,7.2163888707260595,4.490571975708008,0.0010499936064440095,0.47916716143624244,0.0011633605701560775,0.4620383833360795,0.00205867606588685,0.049483379063406906,1,-1.0,-1.0,0,0,6,8,1,31.0,75.0,210.0,18.4,1008.0,cotonou/COTO,384.8115623263995,66.4,64.7,0.2601846553429914
6.375177524225041,2.3596239478303955,COTO,cotonou,6.352268,2.402957,5422.536226168324,21238.37353,9.0,100.0,109.0,570.0,10,13.611893653869629,298.01370538387346,1.0077889839227525,3.611893653869629,-1.5648569447063027e-05,1.287284930828952,-3.76651847297376e-05,1.280576110417035,-0.0009912225935194228,0.03763578304336574,1,-1.0,-1.0,0,0,3,4,1,31.5,72.0,200.0,11.2,1008.3,cotonou/COTO,324.3499013411239,77.1,63.4,0.41865608731480164
6.370996453462965,2.3927639073581735,COTO,cotonou,6.352268,2.402957,2358.2708197393868,21238.37353,9.0,100.0,109.0,570.0,10,12.486603498458862,331.5913567540536,2.3435502203007075,2.4866034984588623,-0.0005149316184128388,0.6633452574456555,-0.0005936520731359414,0.702052417475354,-0.002593954709884647,0.08014275396499111,1,-1.0,-1.0,0,0,1,6,1,32.0,63.0,210.0,16.6,1010.0,cotonou/COTO,247.7688085695969,61.2,82.1,0.7579103187328605
6.349362175064532,2.380712581893501,COTO,cotonou,6.352268,2.402957,2482.032481824107,21238.37353,9.0,100.0,109.0,570.0,10,12.584008932113647,262.5132970655309,2.224569287628736,2.5840089321136475,-0.00046139397498658256,0.5279550944631867,-0.00043350546967749497,0.5645664966187287,-0.0004956748750474717,0.022993130449124308,1,-1.0,-1.0,0,0,1,4,1,32.0,71.0,200.0,18.4,1008.0,cotonou/COTO,208.55006593135025,59.0,75.4,0.82661148465793
6.362127043788109,2.360921633079633,COTO,cotonou,6.352268,2.402957,4776.863110648045,21238.37353,9.0,100.0,109.0,570.0,10,11.743977189064026,283.28077092944443,1.166370010350397,1.7439771890640259,-0.0004089613010485967,1.1923207168326178,-0.00041664128756102223,1.1993269108880478,-0.000599269489936638,0.026163886440638804,1,-1.0,-1.0,0,0,0,7,1,33.0,48.0,210.0,9.4,1011.2,cotonou/COTO,234.36776676836976,67.2,61.2,0.5612230678900442
6.371329373942311,2.3546801960650225,COTO,cotonou,6.352268,2.402957,5742.186119885809,21238.37353,9.0,100.0,109.0,570.0,10,13.155304431915283,291.66968227618787,0.9562536876661144,3.155304431915283,-0.00010575030915439345,1.3675957585532934,-0.00010156701110892275,1.3606165873333105,-0.0008003016312917074,0.03790699124935461,0,5178.324156209646,5212.846317251045,3,8,1,7,1,29.5,69.0,210.0,9.4,1009.5,cotonou/COTO,249.20674248494376,51.6,58.6,0.385369480857103
6.384617042983361,2.3721315634936486,COTO,cotonou,6.352268,2.402957,4942.567447001704,21238.37353,9.0,100.0,109.0,570.0,10,12.77942180633545,316.5603634420608,1.11527799752382,2.779421806335449,-0.00018281842643391472,1.1023556318414267,-0.00022212315517319974,1.096353546451561,-0.0014839482613675265,0.024345466142307474,1,-1.0,-1.0,0,0,2,9,1,31.8,57.0,210.0,13.0,1008.6,cotonou/COTO,161.07626082067793,62.5,53.4,0.270696761495107
6.37219396068637,2.3601767251727077,COTO,cotonou,6.352268,2.402957,5220.95436047402,21238.37353,9.0,100.0,109.0,570.0,10,13.332510948181152,295.1130178950092,1.0497563534329668,3.3325109481811523,-7.10313600274739e-05,1.4055006453565515,-5.820221973188e-05,1.3977523385029795,0.002187063958909776,0.08036070322052681,1,-1.0,-1.0,0,0,0,11,1,32.0,71.0,220.0,18.4,1009.0,cotonou/COTO,331.14855306943616,73.3,63.4,0.5219184707692535
6.383534297725047,2.3723096616036266,COTO,cotonou,6.352268,2.402957,4842.789798527825,21238.37353,9.0,100.0,109.0,570.0,10,12.892058372497559,315.7517248290005,1.1369183707259942,2.8920583724975586,-0.00018333371944722368,1.123390765619292,-0.0001683280719974177,1.1166163945380598,-0.000365746021270752,0.023753482044723138,1,-1.0,-1.0,0,0,4,10,1,34.0,32.0,222.0,5.4,1009.0,cotonou/COTO,268.94546398849457,53.4,64.4,0.314749618564381
6.383923346850574,2.3732312703165346,COTO,cotonou,6.352268,2.402957,4803.218937775531,21238.37353,9.0,100.0,109.0,570.0,10,12.831238269805908,316.97916767577135,1.1470074847457679,2.831238269805908,-0.00018131535492575194,1.1030720081596654,-0.00019599861214011186,1.0998751169220982,-0.0008166894056094428,0.030735471809711656,1,-1.0,-1.0,0,0,2,9,1,31.8,57.0,210.0,13.0,1008.6,cotonou/COTO,267.5261198461977,62.5,64.4,0.5640951370472229
6.365314793143605,2.3684050403838177,COTO,cotonou,6.352268,2.402957,4086.015770307381,21238.37353,9.0,100.0,109.0,570.0,10,11.480753302574158,290.80553240750305,1.367195096333646,1.4807533025741577,-0.0005416637789593996,1.3191527689154057,-0.0005409865248203908,1.3278608258279663,-0.0003784959907030944,0.012963783955106419,1,-1.0,-1.0,0,0,2,1,1,30.1,50.0,198.0,11.1,1009.1,cotonou/COTO,211.07519039432174,58.0,62.5,0.6766523825096377
6.379948282169972,2.365591938412753,COTO,cotonou,6.352268,2.402957,5143.944446065919,21238.37353,9.0,100.0,109.0,570.0,10,13.29633092880249,306.7030245454226,1.065871495165571,3.2963309288024902,-8.320875230143444e-05,1.1339707932056433,-7.984734129631652e-05,1.1276588626140924,-5.365610122680664e-05,0.00706653365619316,1,-1.0,-1.0,0,0,0,9,1,30.7,55.0,293.0,13.0,1011.4,cotonou/COTO,325.9584504197963,66.5,64.2,0.06607921091939484
6.34798001067465,2.384037224590941,COTO,cotonou,6.352268,2.402957,2146.342105827219,21238.37353,9.0,100.0,109.0,570.0,10,11.187092542648315,257.15500002500465,2.6092727464816745,1.1870925426483154,-0.0011849608467714742,0.6350295559689674,-0.0011430318828101632,0.7575886556896223,-0.015086697538693747,0.7166835391230725,1,-1.0,-1.0,0,0,2,6,1,32.0,71.0,200.0,18.4,1008.0,cotonou/COTO,288.60213460746706,63.1,59.0,0.0010674650227472382
6.363379564431985,2.383901635747556,COTO,cotonou,6.352268,2.402957,2440.2415386041494,21238.37353,9.0,100.0,109.0,570.0,10,12.839801549911499,300.40242138494676,2.2566308610661494,2.839801549911499,-0.00035251621308365487,0.9122671948125631,-0.00047352010999541426,0.9266836549987333,-0.005567119798848822,0.1774379854105282,1,-1.0,-1.0,0,0,4,10,1,31.9,70.0,220.0,18.4,1008.0,cotonou/COTO,160.52457568861385,62.4,54.4,0.21227713884074295
6.381656407190597,2.3696127520015473,COTO,cotonou,6.352268,2.402957,4916.517130856194,21238.37353,9.0,100.0,109.0,570.0,10,13.133145332336426,311.56953664013065,1.1170652004405743,3.133145332336426,-0.00011207115493558268,1.1260474301461827,-7.419097854430417e-05,1.1197992221296014,0.0034694221284654408,0.1346691541435209,1,-1.0,-1.0,0,0,7,8,1,30.0,70.0,210.0,16.6,1007.0,cotonou/COTO,383.9027712846491,78.2,58.1,0.894511497718781
6.379392361960107,2.3730430505377225,COTO,cotonou,6.352268,2.402957,4466.685379866545,21238.37353,9.0,100.0,109.0,570.0,10,11.895230770111084,312.3780987988728,1.2454016170855653,1.895230770111084,-0.0004031643934293678,1.1606178088122578,-0.00037609773517539185,1.16046487594728,0.0017547352983739563,0.035836015818066815,1,-1.0,-1.0,0,0,1,9,1,31.0,63.0,200.0,16.6,1007.0,cotonou/COTO,319.0936288927952,81.4,78.2,0.6462907632285592
6.362849518503165,2.358984873567223,COTO,cotonou,6.352268,2.402957,5003.805094952983,21238.37353,9.0,100.0,109.0,570.0,10,11.654451370239258,283.613534494684,1.1145089601635607,1.6544513702392578,-0.00040962106481105885,1.252088106351713,-0.0003960235679669013,1.2616843431716571,0.0005071846576413095,0.009083246213863779,1,-1.0,-1.0,0,0,2,0,1,34.0,44.0,220.0,14.8,1010.0,cotonou/COTO,326.8907597349128,65.7,61.2,0.17196035193702286
6.379564991775653,2.369527013393766,COTO,cotonou,6.352268,2.402957,4774.139874414811,21238.37353,9.0,100.0,109.0,570.0,10,12.23667573928833,309.4086543977779,1.1611245684013711,2.23667573928833,-0.00030631576975186667,1.1393926459038797,-0.00026374129775148,1.1361889747186864,0.002581477165222168,0.10794286018071507,1,-1.0,-1.0,0,0,4,2,1,30.0,70.0,210.0,16.6,1007.0,cotonou/COTO,333.8960444509769,78.2,66.5,0.8902639618236188
6.364251948875185,2.3658714801731295,COTO,cotonou,6.352268,2.402957,4311.8353371471385,21238.37353,9.0,100.0,109.0,570.0,10,11.526317238807678,288.01365671605527,1.29501224961762,1.5263172388076782,-0.0005047856933540768,1.2628419917290714,-0.00048297576082240824,1.2792398641495617,0.0007248929209718162,0.011719783355516237,1,-1.0,-1.0,0,0,1,0,1,33.0,39.0,280.0,7.6,1012.0,cotonou/COTO,383.9926241478955,63.0,66.1,0.46995594028734
6.38094114290961,2.3706763833416677,COTO,cotonou,6.352268,2.402957,4775.967139538254,21238.37353,9.0,100.0,109.0,570.0,10,12.491190433502197,311.7908114836306,1.1576283651341703,2.4911904335021973,-0.00025329187512397773,1.1407897394107005,-0.00020888185681510322,1.1373924728995817,0.004202957533336534,0.12880925911699243,1,-1.0,-1.0,0,0,5,11,1,30.7,45.0,199.0,11.1,1008.8,cotonou/COTO,383.9027712846491,58.1,78.2,0.47609175667866066
6.3854507525961095,2.370147976245359,COTO,cotonou,6.352268,2.402957,5161.6058564727455,21238.37353,9.0,100.0,109.0,570.0,10,12.937813520431519,315.5036298786332,1.0662035575442022,2.9378135204315186,-0.0001489825462849805,1.0906438027796894,-0.00014508489736325103,1.0844119156979408,0.000993067786088452,0.028725893559189555,0,4892.66446916154,4820.257172577754,2,12,1,9,1,34.0,32.0,222.0,5.4,1009.0,cotonou/COTO,265.7725736414513,53.4,57.6,0.9355419438426551
6.348716205323127,2.3780547781373476,COTO,cotonou,6.352268,2.402957,2783.062642745393,21238.37353,9.0,100.0,109.0,570.0,10,10.30681025981903,261.8346077390406,2.03097643739144,0.30681025981903076,-0.0012187029298488384,1.1866637176341217,-0.001193046026062547,1.2667680827442682,0.0,0.0,1,-1.0,-1.0,0,0,0,0,1,33.0,63.0,200.0,11.2,1008.0,cotonou/COTO,310.65923598055264,66.5,55.9,0.05948669218334002
6.380023517162631,2.3692236696102094,COTO,cotonou,6.352268,2.402957,4832.2354749990345,21238.37353,9.0,100.0,109.0,570.0,10,12.520179986953735,309.6231319026345,1.1438085251667103,2.5201799869537354,-0.0002441998862435298,1.131966697187628,-0.0002127405080814791,1.1285630223969174,0.003594194518195258,0.13311727380723726,1,-1.0,-1.0,0,0,4,0,1,30.7,55.0,293.0,13.0,1011.4,cotonou/COTO,260.0268288079785,66.5,58.1,0.21517827462871852
6.347984142286748,2.3829630054454025,COTO,cotonou,6.352268,2.402957,2262.314482616023,21238.37353,9.0,100.0,109.0,570.0,10,10.316725134849548,257.83547184650723,2.497686842299326,0.31672513484954834,-0.002078424214899935,0.7022434754095311,-0.0014488317518152741,0.8832407300405015,-0.020759058992067973,0.9687897014372281,1,-1.0,-1.0,0,0,1,7,1,32.0,71.0,200.0,18.4,1008.0,cotonou/COTO,288.60213460746706,59.0,63.1,0.5857713251547224
6.355685184629468,2.3740788657428835,COTO,cotonou,6.352268,2.402957,3217.353177304453,21238.37353,9.0,100.0,109.0,570.0,10,14.471014976501465,276.79141860853974,1.6829219299948472,4.471014976501465,0.0002416994675448335,0.458062720732317,0.000269489137423604,0.4559781769249537,0.001337876135140674,0.045598269666859266,1,-1.0,-1.0,0,0,1,15,1,29.6,72.0,220.0,14.8,1010.1,cotonou/COTO,363.9073676088481,61.8,59.2,0.1954865095820041
6.383724306047405,2.3669166519762457,COTO,cotonou,6.352268,2.402957,5291.564630954007,21238.37353,9.0,100.0,109.0,570.0,10,14.230488777160645,311.2924636160077,1.0260316108111691,4.2304887771606445,9.858707025675234e-05,1.114913872863771,6.239843004681825e-05,1.1133141261716404,-0.002604746716534462,0.09515985486711,0,5090.082210136119,5068.873534260551,2,2,4,2,1,34.0,32.0,222.0,5.4,1009.0,cotonou/COTO,379.59078834977134,55.8,68.0,0.6795270092089578
6.365092764298882,2.3675539298123796,COTO,cotonou,6.352268,2.402957,4165.825913373408,21238.37353,9.0,100.0,109.0,570.0,10,11.478045463562012,290.0283735743459,1.34104884293203,1.4780454635620117,-0.0005346716614552193,1.295762587711826,-0.0005318489760349925,1.3133386917869971,-0.0002615570928286764,0.004843107491675358,1,-1.0,-1.0,0,0,2,5,1,30.1,50.0,198.0,11.1,1009.1,cotonou/COTO,211.07519039432174,58.0,62.5,0.2140922893367202
6.374936118024117,2.356914829373801,COTO,cotonou,6.352268,2.402957,5677.428209752222,21238.37353,9.0,100.0,109.0,570.0,10,13.577667713165283,296.35572723353437,0.9628976334349842,3.577667713165283,-5.1253273084385887e-05,1.3125947948236778,-2.6596504082438044e-05,1.3094122012876088,-0.0015413374594052346,0.051713175686552024,0,5301.967025540151,5256.4565789689905,1,4,0,5,1,32.0,71.0,220.0,18.4,1009.0,cotonou/COTO,241.37076977131866,72.1,58.3,0.09915697059881434
6.366030672819668,2.3655097430370415,COTO,cotonou,6.352268,2.402957,4413.838652081539,21238.37353,9.0,100.0,109.0,570.0,10,11.46821415424347,290.29630700844945,1.2658483680777997,1.4682141542434692,-0.0004944539107597398,1.3720753172750841,-0.000501171367277624,1.378111000519991,2.4334947407793057e-05,0.0027413214923368116,1,-1.0,-1.0,0,0,5,9,1,30.1,50.0,198.0,11.1,1009.1,cotonou/COTO,322.59013949595317,66.1,61.3,0.20698515964083974
6.383899375942375,2.3732520802258503,COTO,cotonou,6.352268,2.402957,4799.710534802405,21238.37353,9.0,100.0,109.0,570.0,10,12.790342807769775,316.977530390657,1.148333665743887,2.7903428077697754,-0.00019150918296898024,1.1065610949557,-0.00019692633924472093,1.0999693111277369,-0.000866786669258332,0.030735471809711656,1,-1.0,-1.0,0,0,2,10,1,34.0,32.0,222.0,5.4,1009.0,cotonou/COTO,267.5261198461977,64.4,62.5,0.42273403427206224
6.363867165323337,2.3608962478709095,COTO,cotonou,6.352268,2.402957,4827.124996403546,21238.37353,9.0,100.0,109.0,570.0,10,11.688287019729614,285.51051420031655,1.1548893676793301,1.6882870197296143,-0.00041691505991816794,1.2876436801690958,-0.0004031878347961567,1.2963103208788564,0.0008364423569619917,0.020499796091360947,1,-1.0,-1.0,0,0,1,1,1,33.0,48.0,210.0,9.4,1011.2,cotonou/COTO,377.7002335187451,67.2,78.69999999999999,0.17613829917307988
6.362087842403734,2.3771928179383166,COTO,cotonou,6.352268,2.402957,3050.3868105325314,21238.37353,9.0,100.0,109.0,570.0,10,12.757455587387085,290.9833124360775,1.807135712410827,2.757455587387085,-0.00031030583225823697,0.9752904287025072,-0.0003399501244227091,0.9913728530614723,-0.0012345393498738608,0.051359883890247246,1,-1.0,-1.0,0,0,4,4,1,31.7,62.0,220.0,11.2,1010.7,cotonou/COTO,353.12133962707986,65.7,63.8,0.1346920249233473
6.379713706559901,2.3768696848442965,COTO,cotonou,6.352268,2.402957,4188.388036953632,21238.37353,9.0,100.0,109.0,570.0,10,12.015511274337769,316.6319397702881,1.3264790663145454,2.0155112743377686,-0.000390729307070986,1.1725837049787557,-0.00037874360432324923,1.1700910206253998,0.0011286718246491438,0.05304341062025953,1,-1.0,-1.0,0,0,0,5,1,32.1,54.0,211.0,13.0,1008.6,cotonou/COTO,333.1849486397105,70.5,81.4,0.8602818862189409
6.378282635525755,2.375546913568274,COTO,cotonou,6.352268,2.402957,4180.094534364343,21238.37353,9.0,100.0,109.0,570.0,10,11.784626007080078,313.68223443527364,1.3322729143191028,1.7846260070800781,-0.00045002914082820235,1.1688558311169328,-0.0004496619101957433,1.1698994444287751,0.0003390145129617941,0.012671630035785952,1,-1.0,-1.0,0,0,1,5,1,31.0,63.0,200.0,16.6,1007.0,cotonou/COTO,310.99815111988335,85.6,81.4,0.32039720359730783
6.370711708319967,2.353302914249725,COTO,cotonou,6.352268,2.402957,5860.0734462539485,21238.37353,9.0,100.0,109.0,570.0,10,12.954233407974243,290.49573853266924,0.9389855676622895,2.954233407974243,-0.0001298114413078879,1.3576512342663472,-0.00011670468473042115,1.354256815327322,0.0005519071881963235,0.02442403993557567,0,5554.738958072379,5566.482592233209,1,1,3,0,1,29.5,69.0,210.0,9.4,1009.5,cotonou/COTO,399.9159167874965,51.6,61.5,0.3607586865182536
6.370593253013188,2.35459437030647,COTO,cotonou,6.352268,2.402957,5721.686438829263,21238.37353,9.0,100.0,109.0,570.0,10,13.075225591659546,290.87257719542055,0.9604807853344965,3.075225591659546,-0.00011492111760275588,1.372548110434786,-0.00010027344909744143,1.365599979526724,-2.1132703465848745e-06,0.03614016418475091,0,5446.495107102004,5159.837469886109,2,4,0,5,1,29.5,69.0,210.0,9.4,1009.5,cotonou/COTO,249.20674248494376,51.6,58.6,0.055270409501227635
6.353953519300625,2.3921772743816314,COTO,cotonou,6.352268,2.402957,1207.1508775995803,21238.37353,9.0,100.0,109.0,570.0,10,15.536681175231934,278.9414434683778,4.427277223021873,5.536681175231934,0.0014875526350688157,0.512825653072615,0.0015569692761986877,0.5324569633062274,0.002077373142843638,0.07299355137722212,1,-1.0,-1.0,0,0,6,9,1,31.0,71.0,240.0,9.4,1011.0,cotonou/COTO,330.452052195156,54.4,57.1,0.35736962350205415
6.357116721799757,2.411429369871531,COTO,cotonou,6.352268,2.402957,1079.9114590172599,21238.37353,9.0,100.0,109.0,570.0,10,15.482953071594238,60.064633906679035,4.9492932000285155,5.482953071594238,0.0016450406355392492,0.48896136988321853,0.0014097409751346781,0.4908477207464374,-0.0013926433973649854,0.0625149203327474,1,-1.0,-1.0,0,0,2,5,1,32.0,71.0,220.0,16.6,1011.0,cotonou/COTO,390.090387602657,58.7,65.5,0.26480717732157966
6.348199774624243,2.381976560472385,COTO,cotonou,6.352268,2.402957,2364.492786796866,21238.37353,9.0,100.0,109.0,570.0,10,10.995618462562561,258.9612821949257,2.373458349656884,0.995618462562561,-0.0011497732579769896,0.7423252727125136,-0.0011628190755063887,0.8573874720942639,-0.0018354073635863694,0.047141798755690634,1,-1.0,-1.0,0,0,2,4,1,32.0,71.0,200.0,18.4,1008.0,cotonou/COTO,377.3020461115892,63.1,55.9,0.6104850673417885
6.37871029746419,2.361343940507162,COTO,cotonou,6.352268,2.402957,5454.129149710383,21238.37353,9.0,100.0,109.0,570.0,10,12.117475032806396,302.59611629101346,1.017646615379875,2.1174750328063965,-0.00028598983542879483,1.1872618903768195,-0.00033303101857503253,1.1872205519977397,-0.0018690453635321726,0.10808158516854907,0,-1.0,5038.78464532362,0,4,4,10,1,29.5,80.0,200.0,7.6,1009.5,cotonou/COTO,203.75681976320604,78.1,76.1,0.20539029767240669
6.374046179871349,2.390803334760493,COTO,cotonou,6.352268,2.402957,2758.354310529322,21238.37353,9.0,100.0,109.0,570.0,10,12.29820466041565,330.98669008750517,2.007840872787795,2.2982046604156494,-0.0005109780744441396,0.8260417478391959,-0.000539765667138389,0.8467747389320989,-0.0014368148825174524,0.05773256055674081,1,-1.0,-1.0,0,0,2,7,1,33.0,67.0,190.0,20.5,1010.0,cotonou/COTO,256.9667980498637,73.3,81.4,0.8883654530628405
6.356634426780119,2.41094513011391,COTO,cotonou,6.352268,2.402957,1007.1161660021628,21238.37353,9.0,100.0,109.0,570.0,10,15.447038173675537,61.18905381486837,5.307085572539901,5.447038173675537,0.001705928176057105,0.5069298136095479,0.001719475896270187,0.5254979443957862,0.0018471678098042807,0.08291500766243654,1,-1.0,-1.0,0,0,2,14,1,32.0,67.0,210.0,18.4,1012.0,cotonou/COTO,390.090387602657,65.5,58.7,0.9296666209195551
6.374936023651995,2.3569133666059265,COTO,cotonou,6.352268,2.402957,5677.568810231829,21238.37353,9.0,100.0,109.0,570.0,10,13.577667713165283,296.3549083906188,0.962873792529702,3.577667713165283,-5.03802442432248e-05,1.3125947948236778,-2.657440460612552e-05,1.3094122012876088,-0.0015399304594133371,0.051713175686552024,0,5302.0983277916475,5256.586754162535,1,4,0,5,1,32.0,71.0,220.0,18.4,1009.0,cotonou/COTO,241.37076977131866,72.1,58.3,0.0998310571767902
6.368724641870206,2.40075,COTO,cotonou,6.352268,2.402957,1836.213488220732,21238.37353,9.0,100.0,109.0,570.0,10,13.399852275848389,352.4082292757473,2.9803418300674736,3.3998522758483887,-0.00016512857970371036,0.5664479870759077,-0.0003773959322339739,0.5856940061283393,-0.0055336080042748354,0.17329326112792354,1,-1.0,-1.0,0,0,2,12,1,32.0,63.0,210.0,14.8,1011.0,cotonou/COTO,305.25,69.0,66.0,0.10740295628857721
6.372443444667052,2.357290545766433,COTO,cotonou,6.352268,2.402957,5523.17570046956,21238.37353,9.0,100.0,109.0,570.0,10,13.644666910171509,293.969496391679,0.9890895582459576,3.644666910171509,-1.1229643950591205e-05,1.384039940211205,-2.9822456971148073e-05,1.380537905155606,-0.0004032988923036839,0.03243987889695444,0,-1.0,5213.258025894113,0,3,1,14,1,32.0,71.0,220.0,18.4,1009.0,cotonou/COTO,309.1504439589486,65.2,58.6,0.11532643811098797
6.370211295946874,2.3924581489023886,COTO,cotonou,6.352268,2.402957,2299.295008876624,21238.37353,9.0,100.0,109.0,570.0,10,12.616134881973267,329.82214094595645,2.4003694333559,2.6161348819732666,-0.00047223227364676334,0.591973861421357,-0.0005533547341069088,0.6374099063941642,-0.0027208884557088217,0.12690847625401447,1,-1.0,-1.0,0,0,4,5,1,33.0,67.0,190.0,20.5,1010.0,cotonou/COTO,247.7688085695969,82.1,61.2,0.619569256310312
6.355473850624508,2.3924792580007583,COTO,cotonou,6.352268,2.402957,1212.2596566106913,21238.37353,9.0,100.0,109.0,570.0,10,15.735607147216797,287.112021101399,4.399346709581483,5.735607147216797,0.0016492810675768348,0.641595402204313,0.0016534090042114255,0.6601496746625654,0.0017859299977620443,0.08114883190650583,1,-1.0,-1.0,0,0,0,12,1,32.6,66.0,210.0,11.2,1010.9,cotonou/COTO,330.452052195156,57.1,54.4,0.12196896420962289
6.370102092998595,2.3907523297965607,COTO,cotonou,6.352268,2.402957,2390.197445068902,21238.37353,9.0,100.0,109.0,570.0,10,12.039986848831177,325.77982171245264,2.32296929089898,2.0399868488311768,-0.0006945852438608804,0.6992436952035206,-0.0007031643778328002,0.7501713307506442,-0.0006975531578063965,0.027285116694342235,1,-1.0,-1.0,0,0,1,0,1,33.0,67.0,190.0,20.5,1010.0,cotonou/COTO,340.2779183256066,82.1,86.3,0.8523823179302663
6.349640170860598,2.3810170549822156,COTO,cotonou,6.352268,2.402957,2444.7874701096493,21238.37353,9.0,100.0,109.0,570.0,10,12.84099531173706,263.1294479282699,2.2524111874572363,2.8409953117370605,-0.0003679353042948799,0.47167382893561555,-0.0003499517365107461,0.5035236619783577,-0.000805974006652832,0.036916728433728487,1,-1.0,-1.0,0,0,2,2,1,32.0,71.0,200.0,18.4,1008.0,cotonou/COTO,206.50773641684015,65.8,75.4,0.7542715149378925
6.384622052121993,2.372624702003984,COTO,cotonou,6.352268,2.402957,4905.483702924665,21238.37353,9.0,100.0,109.0,570.0,10,12.730430126190186,317.025863193542,1.124278956012599,2.7304301261901855,-0.00020154856295776674,1.0936079950371353,-0.0002093498965343797,1.0876160088866533,-0.0008045117060343425,0.03966084274050643,1,-1.0,-1.0,0,0,2,10,1,34.0,32.0,222.0,5.4,1009.0,cotonou/COTO,267.5261198461977,64.4,62.5,0.8198088582380241
6.3695219393424765,2.404118642656224,COTO,cotonou,6.352268,2.402957,1912.4005879284618,21238.37353,9.0,100.0,109.0,570.0,10,13.698677778244019,3.827990500799615,2.852880448843661,3.6986777782440186,-1.4667260804856417e-05,0.5021022351239429,-0.00024234501023470543,0.5243274748059072,-0.005819503250913572,0.14831896490182195,1,-1.0,-1.0,0,0,5,5,1,32.0,75.0,200.0,20.5,1010.0,cotonou/COTO,333.13687187099424,68.0,86.2,0.5260605268860209
6.347991162975968,2.381437408224985,COTO,cotonou,6.352268,2.402957,2427.471689255338,21238.37353,9.0,100.0,109.0,570.0,10,10.995618462562561,258.6929962725746,2.3119484895464626,0.995618462562561,-0.0011157913463105882,0.8792760297755913,-0.0010889048078452728,0.9630306460013642,0.0,0.0,1,-1.0,-1.0,0,0,0,0,1,32.0,71.0,200.0,18.4,1008.0,cotonou/COTO,94.8968856180276,55.9,59.0,0.9966772115191534
11.145539608241885,2.9198613652894583,KAND,kandi,11.123456,2.954658,4518.3667810774905,7079.457844,327.0,100.0,427.0,538.0,10,290.9591064453125,302.89908675816895,1.7245645155341829,280.9591064453125,-0.009402369581347785,14.296373495998436,-0.009241099908271868,14.28556319124375,-0.002745753132023974,0.15282893753576782,1,-1.0,-1.0,0,0,0,0,0,30.2,29.0,65.0,16.6,1012.8,kandi/KAND,169.91341088926387,75.9,81.4,0.7817570475739452
11.104637801423845,2.9265507589579682,KAND,kandi,11.123456,2.954658,3709.6480269600625,7079.457844,327.0,100.0,427.0,538.0,10,321.8243408203125,235.69657335331743,1.62401053974993,311.8243408203125,-0.003091676773563508,3.619892410849147,-0.003049319635623347,3.6915723259280138,-0.004599507649739583,0.21599691768716406,1,-1.0,-1.0,0,0,0,0,0,31.4,32.0,75.0,16.2,1012.0,kandi/KAND,277.7596185553782,80.7,83.6,0.4281698635088733
11.130792941711741,2.920110003311663,KAND,kandi,11.123456,2.954658,3860.3152449746513,7079.457844,327.0,100.0,427.0,538.0,10,300.3533630371094,282.2159554633996,1.8790475988602453,290.3533630371094,-0.00852597440502511,12.189120983990506,-0.008043345965702626,12.142780856689534,0.014692878833589553,0.26745253801754293,1,-1.0,-1.0,0,0,2,4,0,25.9,36.0,63.0,14.4,1011.3,kandi/KAND,217.3248474057293,74.6,85.7,0.6379367442466449
11.134130609321534,2.929164919233303,KAND,kandi,11.123456,2.954658,3024.8444851123477,7079.457844,327.0,100.0,427.0,538.0,10,294.8992004394531,293.11284792345526,2.5006283716181374,284.8992004394531,-0.012677771435453443,13.34255630353225,-0.012378285232099514,13.404147177715865,0.0024868435329861113,0.10161416952833915,1,-1.0,-1.0,0,0,3,12,0,25.1,38.0,70.0,13.7,1012.7,kandi/KAND,265.70070718742903,85.1,84.2,0.8562290037966075
11.130693681564045,2.926584955107836,KAND,kandi,11.123456,2.954658,3169.4935622261596,7079.457844,327.0,100.0,427.0,538.0,10,298.4203796386719,284.7247036467325,2.3230941984296987,288.4203796386719,-0.010972075947058025,12.77007693106482,-0.010757387381987175,12.76623561217372,0.0015147537397316147,0.1361439044981637,1,-1.0,-1.0,0,0,1,13,0,33.0,34.0,28.0,16.2,1007.9,kandi/KAND,377.8714555243443,82.6,84.8,0.6310654428718875
11.112305653621194,2.938041202642599,KAND,kandi,11.123456,2.954658,2194.6607197988124,7079.457844,327.0,100.0,427.0,538.0,10,328.4752197265625,235.6348230612248,2.5704503263133156,318.4752197265625,-0.002184756167300113,3.192946290947019,-0.0023452012803819445,3.186611465637681,-0.010825941297743056,0.40020390378462734,1,-1.0,-1.0,0,0,1,0,0,30.3,45.0,32.0,11.2,1007.8,kandi/KAND,251.1567510887154,90.3,90.0,0.3476736348359033
11.1175131122219,2.9251306259430816,KAND,kandi,11.123456,2.954658,3291.9608333341594,7079.457844,327.0,100.0,427.0,538.0,10,303.95458984375,258.4112108723009,2.1405790240949036,293.95458984375,-0.008884392585774937,9.245835869390907,-0.00832321436057668,9.320477271421638,0.016891175590553854,0.40105654790126244,1,-1.0,-1.0,0,0,1,1,0,33.2,27.0,75.0,15.8,1010.6,kandi/KAND,277.74462035546526,88.5,85.9,0.6625295943661998
11.128090426919114,2.927060284612743,KAND,kandi,11.123456,2.954658,3058.0753887943324,7079.457844,327.0,100.0,427.0,538.0,10,297.8685302734375,279.71442405074436,2.417957218957867,287.8685302734375,-0.011575601280394912,12.265186639306943,-0.01083741082940692,12.291574326155935,0.02163551583490046,0.5421260120270303,1,-1.0,-1.0,0,0,2,5,0,35.7,22.0,60.0,14.8,1008.1,kandi/KAND,268.144848356337,81.0,82.6,0.6718541886140673
11.113782620467019,2.9381881556835663,KAND,kandi,11.123456,2.954658,2093.363141212233,7079.457844,327.0,100.0,427.0,538.0,10,326.3515625,239.09794315593462,2.7526486635342695,316.3515625,-0.0034393336908734315,3.4264381955567735,-0.0035073739510995366,3.431248629311967,-0.015022447374131944,0.555841566059472,1,-1.0,-1.0,0,0,0,0,0,33.3,38.0,28.0,15.5,1007.0,kandi/KAND,285.99656928073153,89.9,90.0,0.960586962506625
11.133916944905337,2.907489174168226,KAND,kandi,11.123456,2.954658,5281.04848979764,7079.457844,327.0,100.0,427.0,538.0,10,302.3368225097656,282.7409212274098,1.3522594384744333,292.3368225097656,-0.005865240307442785,10.97128955193116,-0.005569237331532113,10.92080951617673,0.019968876879441905,0.5192964816514308,1,-1.0,-1.0,0,0,0,0,0,28.4,37.0,100.0,3.6,1009.9,kandi/KAND,362.3516751720424,79.6,86.9,0.3709123215416692
11.108857179391025,2.9317058455781595,KAND,kandi,11.123456,2.954658,2982.416017050839,7079.457844,327.0,100.0,427.0,538.0,10,323.5538330078125,237.0502567295205,1.9865282277889382,313.5538330078125,-0.003518051953221576,3.349939605588639,-0.003150251799938726,3.397893907509666,-0.002800750732421875,0.1922863215793308,1,-1.0,-1.0,0,0,0,0,0,31.0,43.0,40.0,3.6,1008.2,kandi/KAND,320.7240494333438,88.1,88.6,0.4250817675141312
11.137190850338857,2.9186183079801595,KAND,kandi,11.123456,2.954658,4219.9304396578955,7079.457844,327.0,100.0,427.0,538.0,10,299.3694763183594,291.23010401209115,1.7323654809909195,289.3694763183594,-0.008094748038522543,13.410087159824615,-0.007756487083879662,13.33999444042446,0.009410095214843749,0.4165438215442241,1,-1.0,-1.0,0,0,0,2,0,30.4,39.0,60.0,7.6,1009.9,kandi/KAND,335.4422938451181,82.8,79.8,0.8121229611870592
11.109659040271511,2.932100712350219,KAND,kandi,11.123456,2.954658,2898.572671092435,7079.457844,327.0,100.0,427.0,538.0,10,323.0545959472656,238.06537866131106,2.0537977159967196,313.0545959472656,-0.0034746827416489608,3.5048584286251043,-0.002763253951323193,3.5475973932100864,0.015553658226886386,0.24477271963747632,1,-1.0,-1.0,0,0,0,0,0,33.4,23.0,80.0,18.4,1011.3,kandi/KAND,173.06789013672005,88.6,86.1,0.5057623147427412
11.105519054025262,2.931722660222264,KAND,kandi,11.123456,2.954658,3196.025534160119,7079.457844,327.0,100.0,427.0,538.0,10,329.321044921875,231.44685082349113,1.7505649578625857,319.321044921875,-0.0011786778616914054,2.989421371469796,-0.0011650435421444955,2.983102742778969,0.0034011840820312497,0.18256566182643505,1,-1.0,-1.0,0,0,0,0,0,31.4,32.0,75.0,16.2,1012.0,kandi/KAND,268.61311974672043,86.3,86.8,0.736573093115733
11.136003606280237,2.9170509380484813,KAND,kandi,11.123456,2.954658,4336.306022797532,7079.457844,327.0,100.0,427.0,538.0,10,300.4173278808594,288.78400567213407,1.6720669171831446,290.4173278808594,-0.0075379884391454,12.953969453045827,-0.007453188387985402,12.888357172308085,0.001256561279296875,0.06894650066529832,1,-1.0,-1.0,0,0,0,0,0,30.4,39.0,60.0,7.6,1009.9,kandi/KAND,193.28666844877344,82.8,85.4,0.45970946445359206
11.11153046175288,2.932641477672003,KAND,kandi,11.123456,2.954658,2743.1768638801823,7079.457844,327.0,100.0,427.0,538.0,10,322.1728210449219,241.10243879215952,2.1884239354592903,312.1728210449219,-0.004040781656901042,3.9776182609999746,-0.004326148066960327,4.048723402720717,-0.0060732523600260414,0.414040893044913,1,-1.0,-1.0,0,0,0,0,0,31.0,43.0,40.0,3.6,1008.2,kandi/KAND,165.92922165772438,88.7,88.6,0.21549514181270046
11.110687919657657,2.93641214027601,KAND,kandi,11.123456,2.954658,2442.9063356109023,7079.457844,327.0,100.0,427.0,538.0,10,330.76531982421875,234.50674084174614,2.255915985107273,320.76531982421875,-0.0010406742251016263,3.105790477264315,-0.0003765045650421629,3.080055177552866,0.01847076416015625,0.9152702573612161,1,-1.0,-1.0,0,0,2,6,0,30.3,45.0,32.0,11.2,1007.8,kandi/KAND,255.95069251708895,90.3,85.8,0.7452038427810108
11.109280701529629,2.932094391007785,KAND,kandi,11.123456,2.954658,2921.4083307717437,7079.457844,327.0,100.0,427.0,538.0,10,323.6731872558594,237.37277986939358,2.0256406610375888,313.6731872558594,-0.0032830582184045485,3.4075661408110696,-0.003189982096354166,3.4475961033427214,0.002969106038411458,0.14486487853831007,1,-1.0,-1.0,0,0,0,0,0,31.0,43.0,40.0,3.6,1008.2,kandi/KAND,336.60591917685895,86.1,88.7,0.13115516918470993
11.138263543806751,2.9204963794452676,KAND,kandi,11.123456,2.954658,4075.4235524066944,7079.457844,327.0,100.0,427.0,538.0,10,297.5892028808594,293.83749280506834,1.8187562098694363,287.5892028808594,-0.00874290620360302,13.7226005616784,-0.00848201438424668,13.663763604544418,0.009671020507812501,0.3586266548511877,1,-1.0,-1.0,0,0,0,0,0,30.2,23.0,100.0,18.4,1012.1,kandi/KAND,222.29118403569404,85.2,79.8,0.19858366353130807
11.10703679082736,2.932129362476405,KAND,kandi,11.123456,2.954658,3058.7345344273726,7079.457844,327.0,100.0,427.0,538.0,10,328.1184997558594,233.3991300124985,1.8515893391455,318.1184997558594,-0.0017326586936949639,2.875886145611768,-0.0019030208412672623,2.872348963035958,-0.019798971629209534,0.4919201499324625,1,-1.0,-1.0,0,0,0,2,0,31.0,43.0,40.0,3.6,1008.2,kandi/KAND,330.0848336780301,86.1,86.8,0.6268249827842086
11.101672449130355,2.9246526520281653,KAND,kandi,11.123456,2.954658,4068.315892311403,7079.457844,327.0,100.0,427.0,538.0,10,323.4586486816406,233.50659677426535,1.457901056654671,313.4586486816406,-0.0023484792540642307,3.685032598153695,-0.0015191933530646284,3.7356552180208316,0.032788329807551586,0.32828977319128433,1,-1.0,-1.0,0,0,0,0,0,31.5,29.0,60.0,14.8,1011.4,kandi/KAND,226.45360253270923,83.5,82.2,0.7472698001920698
11.139642115543758,2.9244414634130083,KAND,kandi,11.123456,2.954658,3755.139352608248,7079.457844,327.0,100.0,427.0,538.0,10,291.85504150390625,298.6348897015163,2.0611472750993234,281.85504150390625,-0.010153707159366745,14.227013914904425,-0.010677888746716966,14.231576280525557,0.013489938454953878,0.44496730812357405,1,-1.0,-1.0,0,0,0,0,0,30.2,23.0,100.0,18.4,1012.1,kandi/KAND,262.99505261506863,84.6,83.8,0.894687886867815
11.137687119282184,2.9196079453156587,KAND,kandi,11.123456,2.954658,4139.814771695961,7079.457844,327.0,100.0,427.0,538.0,10,298.4354248046875,292.48347341000033,1.7787850930885196,288.4354248046875,-0.008421114310663648,13.573748086762214,-0.008103695824032739,13.50847335805971,0.014010281032986112,0.5480196086506651,1,-1.0,-1.0,0,0,0,0,0,26.8,36.0,58.0,15.8,1010.5,kandi/KAND,222.29118403569404,79.8,85.2,0.2725864974158917
11.13833601675445,2.9247755082888482,KAND,kandi,11.123456,2.954658,3655.8279782884733,7079.457844,327.0,100.0,427.0,538.0,10,291.2854919433594,296.91057221869187,2.1260025224687222,281.2854919433594,-0.011495724479190112,14.07660368992925,-0.011231123580358746,14.122037194444854,0.0012333096550676739,0.06579986871690684,1,-1.0,-1.0,0,0,1,0,0,30.2,23.0,100.0,18.4,1012.1,kandi/KAND,357.7042813554138,85.4,84.6,0.11072425860055435
11.137343409459094,2.919025612046449,KAND,kandi,11.123456,2.954658,4184.615721238975,7079.457844,327.0,100.0,427.0,538.0,10,299.2157287597656,291.6670387730077,1.7490793543316732,289.2157287597656,-0.008030096987630303,13.475250866337053,-0.007944986406066609,13.409519175607164,0.004623921712239583,0.24820380015366955,1,-1.0,-1.0,0,0,0,2,0,30.4,39.0,60.0,7.6,1009.9,kandi/KAND,335.4422938451181,82.8,79.8,0.9560466595226291
11.136280900017315,2.9284864019278496,KAND,kandi,11.123456,2.954658,3191.5886237624286,7079.457844,327.0,100.0,427.0,538.0,10,293.87847900390625,296.5411826817578,2.3884289826161758,283.87847900390625,-0.01228875371154595,13.717325510049507,-0.012095684086510893,13.772263622987639,0.00010147094726562503,0.04645985750155779,1,-1.0,-1.0,0,0,1,7,0,25.1,38.0,70.0,13.7,1012.7,kandi/KAND,179.61775663907892,85.1,83.4,0.15442308802214244
11.138517582307673,2.9141627868307727,KAND,kandi,11.123456,2.954658,4726.992466952941,7079.457844,327.0,100.0,427.0,538.0,10,297.3985595703125,290.76390834053626,1.5705029808479223,287.3985595703125,-0.007579497647184864,12.86192319341062,-0.007938499450683593,12.844613636395808,-0.028543853759765626,1.3246291969906347,1,-1.0,-1.0,0,0,0,1,0,30.4,39.0,60.0,7.6,1009.9,kandi/KAND,365.3384196878242,78.5,86.4,0.19766698225463952
11.1232861572275,2.9229374585824854,KAND,kandi,11.123456,2.954658,3465.261831979659,7079.457844,327.0,100.0,427.0,538.0,10,302.8849182128906,269.6904079286966,2.0512827422113156,292.8849182128906,-0.008747258679620151,10.99917285288161,-0.008043442381262266,10.981038987880734,0.018021896204586017,0.21932604589942314,1,-1.0,-1.0,0,0,0,0,0,31.5,32.0,75.0,15.1,1011.5,kandi/KAND,280.0326934020449,81.6,80.5,0.29132945355846573
11.120676991468287,2.924328233048943,KAND,kandi,11.123456,2.954658,3327.52439274535,7079.457844,327.0,100.0,427.0,538.0,10,302.7551574707031,264.66810077683436,2.13834635329922,292.7551574707031,-0.009174337738108863,10.199970110275409,-0.008942461420759138,10.242822418134917,0.004341602890989112,0.1032901661345541,1,-1.0,-1.0,0,0,0,1,0,33.2,27.0,75.0,15.8,1010.6,kandi/KAND,366.5034435036539,88.5,80.5,0.5293913540262875
11.139213900239625,2.9269235486820664,KAND,kandi,11.123456,2.954658,3495.319839707401,7079.457844,327.0,100.0,427.0,538.0,10,292.0328063964844,300.07628221921686,2.211302823605887,282.0328063964844,-0.011826325562846586,14.018081518866925,-0.011619144728203783,14.064463940249944,-0.0046880086263020836,0.21886749739372213,1,-1.0,-1.0,0,0,1,5,0,32.0,21.0,67.0,18.4,1011.9,kandi/KAND,285.4340773278742,83.8,83.4,0.882825566034078
11.116630628318022,2.926366621198287,KAND,kandi,11.123456,2.954658,3181.517893193077,7079.457844,327.0,100.0,427.0,538.0,10,306.2281188964844,256.1894758064099,2.1739303095011664,296.2281188964844,-0.008441513869621301,8.632048978209793,-0.008481673252435378,8.685276243076704,-0.0023328993055555555,0.16050070481033263,1,-1.0,-1.0,0,0,0,0,0,35.5,22.0,100.0,11.2,1009.7,kandi/KAND,377.1768718948386,89.2,85.9,0.7605460227298669
11.130763037885242,2.922856905726774,KAND,kandi,11.123456,2.954658,3566.755806323536,7079.457844,327.0,100.0,427.0,538.0,10,299.1580505371094,283.1828329793601,2.052753328004059,289.1580505371094,-0.009563589976868498,12.482753592664869,-0.009398596943421598,12.459510119021848,0.0020861119755719044,0.055171839818022254,1,-1.0,-1.0,0,0,2,3,0,33.0,34.0,28.0,16.2,1007.9,kandi/KAND,371.69589343971694,82.4,86.6,0.7081575538426351
11.129025407737432,2.919894158899713,KAND,kandi,11.123456,2.954658,3847.274853890602,7079.457844,327.0,100.0,427.0,538.0,10,302.9200744628906,279.27654041330834,1.8472277030929773,292.9200744628906,-0.007856667688650678,11.684555654038657,-0.007721706292568108,11.654762254809762,0.005620659722222222,0.21316907984438824,1,-1.0,-1.0,0,0,0,6,0,25.9,36.0,63.0,14.4,1011.3,kandi/KAND,376.9557385158805,74.6,82.1,0.17518056785600367
11.1307283374949,2.926568639815713,KAND,kandi,11.123456,2.954658,3172.187878112452,7079.457844,327.0,100.0,427.0,538.0,10,298.4203796386719,284.7839019817117,2.321123224134791,288.4203796386719,-0.01097349930997921,12.752399182824762,-0.010672247924336539,12.749871698578449,0.003869753434822012,0.08296907692185253,1,-1.0,-1.0,0,0,1,14,0,33.0,34.0,28.0,16.2,1007.9,kandi/KAND,377.8714555243443,84.8,82.6,0.35768263152597424
11.111930465034478,2.933482391438391,KAND,kandi,11.123456,2.954658,2641.357868995593,7079.457844,327.0,100.0,427.0,538.0,10,322.02923583984375,240.98520045759295,2.2758061400876817,312.02923583984375,-0.0042307650105337085,3.8914395058327287,-0.004279901687960353,3.9167375131603346,0.007052846279592208,0.3693931345265783,1,-1.0,-1.0,0,0,0,0,0,31.0,43.0,40.0,3.6,1008.2,kandi/KAND,169.22313139762375,88.7,90.3,0.47840492608667795
11.133413868826052,2.9184358113572033,KAND,kandi,11.123456,2.954658,4107.363805585256,7079.457844,327.0,100.0,427.0,538.0,10,299.3591003417969,285.65524874674503,1.7799572538783157,289.3591003417969,-0.008238490818118187,12.59926589516928,-0.007818990620387024,12.545616840219006,0.022212763473283183,0.6109688907552686,1,-1.0,-1.0,0,0,0,0,0,30.0,38.0,28.0,18.0,1008.6,kandi/KAND,352.45777406663626,87.5,85.7,0.14742595348558585
11.13613586491149,2.9167547532263813,KAND,kandi,11.123456,2.954658,4371.642167000286,7079.457844,327.0,100.0,427.0,538.0,10,300.4568176269531,288.83019899579375,1.6580419899090852,290.4568176269531,-0.007506293340106574,12.926297838479668,-0.007420136056127305,12.86107470839528,-0.0010508223453359223,0.013391000178649696,1,-1.0,-1.0,0,0,0,0,0,30.4,39.0,60.0,7.6,1009.9,kandi/KAND,193.28666844877344,82.8,85.4,0.2734297021266725
11.115972833227241,2.9182437501746636,KAND,kandi,11.123456,2.954658,4063.2180658777193,7079.457844,327.0,100.0,427.0,538.0,10,309.81439208984375,258.17485780604187,1.6519861801627294,299.81439208984375,-0.00589963481036683,9.184867654175658,-0.005732977678234451,9.148388780037559,-0.0054171244303385414,0.27715727796696193,1,-1.0,-1.0,0,0,2,11,0,35.2,25.0,75.0,18.4,1008.5,kandi/KAND,175.32730220931484,77.9,87.2,0.30833320395284425
11.135255815613236,2.9332883535008794,KAND,kandi,11.123456,2.954658,2674.5361153250456,7079.457844,327.0,100.0,427.0,538.0,10,292.23333740234375,299.3711208408205,2.8846257805143742,282.23333740234375,-0.015219274450231482,12.817565083161243,-0.015044327620621566,12.930423061410645,-0.0009023030598958333,0.039151346970959934,1,-1.0,-1.0,0,0,1,4,0,33.4,16.0,49.0,20.9,1010.0,kandi/KAND,334.3661974542558,87.6,84.5,0.12727619832903925
11.125150774318424,2.9213955846656856,KAND,kandi,11.123456,2.954658,3638.469298613493,7079.457844,327.0,100.0,427.0,538.0,10,304.71771240234375,272.97575386275014,1.9248816803401043,294.71771240234375,-0.007816302190061476,11.131100246610618,-0.007574079647597999,11.101245770633716,0.011048495624697336,0.35026032633644366,1,-1.0,-1.0,0,0,0,0,0,31.5,32.0,75.0,15.1,1011.5,kandi/KAND,346.276348393292,81.6,82.1,0.5502396919082576
11.13386014520659,2.9085783919206687,KAND,kandi,11.123456,2.954658,5163.616194983258,7079.457844,327.0,100.0,427.0,538.0,10,301.079833984375,282.9633769594285,1.3969404702843784,291.079833984375,-0.006213014341732899,11.088159921093533,-0.006063465005834781,11.06524164016823,0.0030936743013395738,0.17561399181485127,1,-1.0,-1.0,0,0,0,0,0,28.4,37.0,100.0,3.6,1009.9,kandi/KAND,362.3516751720424,79.6,86.9,0.7050281965241929
11.127223635551632,2.927880626481768,KAND,kandi,11.123456,2.954658,2954.7296582023037,7079.457844,327.0,100.0,427.0,538.0,10,297.0,278.16299659981007,2.519232429882354,287.0,-0.012230767144097224,12.003988349128191,-0.011859644521581066,12.079993414927666,0.004221598307291667,0.20430212761743913,1,-1.0,-1.0,0,0,0,3,0,35.7,22.0,60.0,14.8,1008.1,kandi/KAND,213.30780787394355,87.2,81.0,0.06993163147686121
11.130570299799704,2.920040948600977,KAND,kandi,11.123456,2.954658,3862.599231837748,7079.457844,327.0,100.0,427.0,538.0,10,300.6873779296875,281.8330238969365,1.8729880025503598,290.6873779296875,-0.008433591857437016,12.12345796112882,-0.008160571226940203,12.073275889246974,0.006299506293402778,0.23880962706055506,1,-1.0,-1.0,0,0,1,4,0,26.8,36.0,58.0,15.8,1010.5,kandi/KAND,217.3248474057293,85.7,74.6,0.48112310176314976
11.138480498929235,2.9274813465656786,KAND,kandi,11.123456,2.954658,3402.2852509741174,7079.457844,327.0,100.0,427.0,538.0,10,292.7379150390625,299.4014935176952,2.2598520657681784,282.7379150390625,-0.011876137930216201,13.961831520282654,-0.01173454372362159,14.008780398525408,-0.00221099853515625,0.12023949389749189,1,-1.0,-1.0,0,0,0,10,0,25.1,38.0,70.0,13.7,1012.7,kandi/KAND,371.0522637042291,85.1,83.4,0.782211195267795
11.136846490485569,2.9293262986562802,KAND,kandi,11.123456,2.954658,3138.7009666660783,7079.457844,327.0,100.0,427.0,538.0,10,293.4902038574219,298.3155262444814,2.435701685450682,283.4902038574219,-0.012646087162078372,13.711135014980814,-0.012453501137433792,13.779045329163212,-0.0015118927310414508,0.05390552851981945,1,-1.0,-1.0,0,0,0,0,0,25.1,38.0,70.0,13.7,1012.7,kandi/KAND,392.63572965291604,84.5,83.4,0.7479901289524469
11.135775554527592,2.9288490304167727,KAND,kandi,11.123456,2.954658,3131.4274564779466,7079.457844,327.0,100.0,427.0,538.0,10,294.0332946777344,295.9447396809182,2.431433379746457,284.0332946777344,-0.012473677377852183,13.624075980287136,-0.012226872429298092,13.682159874699936,0.0009373982747395834,0.046032412175711246,1,-1.0,-1.0,0,0,1,12,0,25.1,38.0,70.0,13.7,1012.7,kandi/KAND,302.509112755308,84.5,85.1,0.8150730962187541
11.136011749150448,2.917032702606741,KAND,kandi,11.123456,2.954658,4338.481510011648,7079.457844,327.0,100.0,427.0,538.0,10,300.4173278808594,288.7868714233296,1.6712289519169532,290.4173278808594,-0.007544826479847096,12.952722582859975,-0.007441094180661863,12.887099687368352,0.001701023398436936,0.07143477454455695,1,-1.0,-1.0,0,0,0,0,0,30.4,39.0,60.0,7.6,1009.9,kandi/KAND,193.28666844877344,82.8,85.4,0.44824063317060703
11.122304947040488,2.914075506468775,KAND,kandi,11.123456,2.954658,4435.142434298876,7079.457844,327.0,100.0,427.0,538.0,10,316.75689697265625,268.34816819777643,1.4238920642690178,306.75689697265625,-0.0037000996914496667,9.948736830320097,-0.003584554036458334,9.896146587559853,0.010352579752604165,0.3843582481220737,1,-1.0,-1.0,0,0,0,0,0,35.3,25.0,76.0,17.3,1007.6,kandi/KAND,386.61795560990697,77.7,80.3,0.8205570826398607
11.137466261277751,2.9250390719778934,KAND,kandi,11.123456,2.954658,3587.5496878608374,7079.457844,327.0,100.0,427.0,538.0,10,292.0329284667969,295.74088155377467,2.1545062933046366,282.0329284667969,-0.011526003349801995,13.944728853504648,-0.011348720196166326,13.994698897232054,-0.005907694498697917,0.3022520400588601,1,-1.0,-1.0,0,0,1,1,0,30.2,23.0,100.0,18.4,1012.1,kandi/KAND,315.80426612040435,85.4,80.0,0.24075307121426948
11.109882863752663,2.932132034249836,KAND,kandi,11.123456,2.954658,2882.691305169771,7079.457844,327.0,100.0,427.0,538.0,10,322.8339538574219,238.44903058594213,2.06948248918833,312.8339538574219,-0.003605300536270404,3.610075886966851,-0.0033543565948606687,3.6363010768403807,0.0074287457658015,0.26335507131834496,1,-1.0,-1.0,0,0,0,0,0,33.4,23.0,80.0,18.4,1011.3,kandi/KAND,173.06789013672005,88.6,86.1,0.36081056141751533
11.136255930657905,2.9160131412970327,KAND,kandi,11.123456,2.954658,4452.653089804476,7079.457844,327.0,100.0,427.0,538.0,10,300.2435607910156,288.65678678261975,1.6306341216865052,290.2435607910156,-0.007477961085806701,12.795165485562867,-0.007392226465490479,12.73584651350075,-0.005251566569010416,0.2781760377881523,1,-1.0,-1.0,0,0,0,0,0,30.4,39.0,60.0,7.6,1009.9,kandi/KAND,198.68689941707686,82.8,86.4,0.1763555764178013
11.111187975263086,2.9331730181512228,KAND,kandi,11.123456,2.954658,2711.172718628293,7079.457844,327.0,100.0,427.0,538.0,10,322.7874450683594,239.80588428222782,2.201262006392235,312.7874450683594,-0.00386004884601076,3.645264397353552,-0.0038200460454469085,3.6816568344667484,-0.0019170125325520832,0.2624609532152578,1,-1.0,-1.0,0,0,0,0,0,33.4,23.0,80.0,18.4,1011.3,kandi/KAND,289.5291964551508,88.6,90.3,0.4674845394285718
11.135596203816363,2.9262861306786783,KAND,kandi,11.123456,2.954658,3377.753993768361,7079.457844,327.0,100.0,427.0,538.0,10,294.25860595703125,293.5646259296325,2.250492483647325,284.25860595703125,-0.011524121669893068,13.590795604679752,-0.01175439547925845,13.630186584533034,-0.015499803459669996,0.2928346036875495,1,-1.0,-1.0,0,0,1,3,0,30.2,23.0,100.0,18.4,1012.1,kandi/KAND,397.9469977270289,80.0,85.1,0.39206002241544324
11.109070760232742,2.930966388276033,KAND,kandi,11.123456,2.954658,3038.204191724298,7079.457844,327.0,100.0,427.0,538.0,10,322.7239990234375,238.25318946647204,1.9657106897663883,312.7239990234375,-0.0034645030701082515,3.665883278682124,-0.0033988452481547114,3.694922334508142,-0.0028892299305687042,0.3029665014726764,1,-1.0,-1.0,0,0,0,0,0,33.4,23.0,80.0,18.4,1011.3,kandi/KAND,209.350490283057,81.5,88.1,0.2409271164143122
11.13826770989217,2.9288822685078,KAND,kandi,11.123456,2.954658,3257.70466232122,7079.457844,327.0,100.0,427.0,538.0,10,293.0955810546875,300.35805942762164,2.353755925725323,283.0955810546875,-0.012320954678110079,13.79879702410922,-0.012145372911974475,13.856809885823603,-0.003415679931640625,0.16302652864491196,1,-1.0,-1.0,0,0,3,1,0,34.2,16.0,100.0,18.4,1010.2,kandi/KAND,298.9384769478677,79.7,83.4,0.7517807092307816
11.111055058190537,2.936985093562587,KAND,kandi,11.123456,2.954658,2368.35733231281,7079.457844,327.0,100.0,427.0,538.0,10,329.8284912109375,234.43270532334222,2.3494750250109395,319.8284912109375,-0.0014306921090023181,3.140597205526844,-0.0009040757621797343,3.1026038422255584,0.026931371521841635,0.7361802316168149,1,-1.0,-1.0,0,0,0,0,0,30.3,45.0,32.0,11.2,1007.8,kandi/KAND,367.7244494531442,90.3,82.3,0.3138467721116466
11.110429540610374,2.93576695436094,KAND,kandi,11.123456,2.954658,2517.0006157547186,7079.457844,327.0,100.0,427.0,538.0,10,331.7012939453125,234.90442636375428,2.1682977459492085,321.7012939453125,-0.0006444779653397818,3.024193931212083,-0.0010991971374606654,2.994500945888095,-0.013464934911025182,0.29733365430818914,1,-1.0,-1.0,0,0,0,7,0,30.3,45.0,32.0,11.2,1007.8,kandi/KAND,367.7244494531442,82.3,90.3,0.2728043301458357
11.14543057547064,2.920545184023073,KAND,kandi,11.123456,2.954658,4449.108810613386,7079.457844,327.0,100.0,427.0,538.0,10,290.85504150390625,303.2894593268961,1.752732612566561,280.85504150390625,-0.009501193940506152,14.37687830761018,-0.009408704810756308,14.369980748846706,0.0031521346791985455,0.12019196756709098,1,-1.0,-1.0,0,0,0,0,0,30.2,29.0,65.0,16.6,1012.8,kandi/KAND,357.0009189063783,81.4,81.8,0.13089033085049506
11.139737847442621,2.9233656192162525,KAND,kandi,11.123456,2.954658,3863.775573648981,7079.457844,327.0,100.0,427.0,538.0,10,293.3924255371094,297.9395878980722,1.9804724596324141,283.3924255371094,-0.010350803466830006,14.217825827259658,-0.009841663429767883,14.19506108914189,0.009982606622358024,0.3442635556506417,1,-1.0,-1.0,0,0,0,0,0,30.2,23.0,100.0,18.4,1012.1,kandi/KAND,262.99505261506863,84.6,83.8,0.4388217018019487
11.133861503986902,2.9085523353099902,KAND,kandi,11.123456,2.954658,5166.424528620559,7079.457844,327.0,100.0,427.0,538.0,10,301.079833984375,282.9579372499503,1.3961814305182205,291.079833984375,-0.006213014341732899,11.086652295810485,-0.006073011760042577,11.06374687626792,0.002539962557287444,0.17561399181485127,1,-1.0,-1.0,0,0,0,0,0,27.9,27.0,25.0,15.8,1009.5,kandi/KAND,362.3516751720424,86.9,79.6,0.302964628837302
11.109283220685585,2.9312724167423028,KAND,kandi,11.123456,2.954658,2997.4158887826,7079.457844,327.0,100.0,427.0,538.0,10,323.0829772949219,238.3012822304055,1.985584692258488,313.0829772949219,-0.0034141337076822914,3.6499994781634397,-0.0037602335470611785,3.7037832692942514,-0.01404348367733702,0.3476090307897764,1,-1.0,-1.0,0,0,0,0,0,33.4,23.0,80.0,18.4,1011.3,kandi/KAND,144.11587076282325,81.5,86.1,0.3692728413409686
11.11189394142998,2.921247280583223,KAND,kandi,11.123456,2.954658,3867.507295554974,7079.457844,327.0,100.0,427.0,538.0,10,312.35870361328125,250.5766495096828,1.6978738866749596,302.35870361328125,-0.00538372394270873,7.882809955584421,-0.005102934269717018,7.862198735662811,0.0195421366069055,0.579170832171913,1,-1.0,-1.0,0,0,0,0,0,36.4,21.0,100.0,14.8,1008.9,kandi/KAND,259.1606293612586,87.9,82.3,0.23599726262055265
11.131091048783713,2.920826847251785,KAND,kandi,11.123456,2.954658,3791.0006703324416,7079.457844,327.0,100.0,427.0,538.0,10,299.3565673828125,282.9562950097041,1.9284270294832424,289.3565673828125,-0.008915698434424212,12.335103774171943,-0.008685391579625189,12.314247081519332,0.006025465454221117,0.2355106263149605,1,-1.0,-1.0,0,0,3,2,0,30.7,25.0,24.0,16.6,1009.0,kandi/KAND,296.59233233508934,86.6,85.7,0.7631554898199004
11.114046092535398,2.9314575092052255,KAND,kandi,11.123456,2.954658,2739.9178703088196,7079.457844,327.0,100.0,427.0,538.0,10,313.8138427734375,247.54450158736267,2.3655467821791225,303.8138427734375,-0.007447700319247262,5.536908625399737,-0.007050675690226204,5.616759813678612,-0.01907753819388732,0.6693773226874099,1,-1.0,-1.0,0,0,0,0,0,35.5,22.0,100.0,11.2,1009.7,kandi/KAND,392.9995717554643,89.2,87.3,0.9300033473547173
11.128001918460656,2.927756054755078,KAND,kandi,11.123456,2.954658,2981.505167710765,7079.457844,327.0,100.0,427.0,538.0,10,297.27349853515625,279.7740894677421,2.4913912462927654,287.27349853515625,-0.01188808214219647,12.216320189580884,-0.011686247781990405,12.274267422673493,0.0059074401855468755,0.28025780172297227,1,-1.0,-1.0,0,0,1,3,0,35.7,22.0,60.0,14.8,1008.1,kandi/KAND,174.81002316812828,87.2,82.6,0.49793185278888763
11.133884554966476,2.913493332664554,KAND,kandi,11.123456,2.954658,4642.426683740238,7079.457844,327.0,100.0,427.0,538.0,10,302.19366455078125,284.481142344317,1.5399606209799688,292.19366455078125,-0.006745389792749496,11.82636596031796,-0.006690509253499866,11.770237713159444,-0.009911092122395833,0.365936743130174,1,-1.0,-1.0,0,0,0,1,0,30.4,39.0,60.0,7.6,1009.9,kandi/KAND,396.79356169185417,86.4,83.5,0.6429984233408326
11.111055579605296,2.922583055247866,KAND,kandi,11.123456,2.954658,3762.913512398411,7079.457844,327.0,100.0,427.0,538.0,10,312.7945556640625,248.49858964276837,1.7384087865790785,302.7945556640625,-0.005431434590980489,7.4050841516338854,-0.005308024088541667,7.407529397551341,0.0076721191406249984,0.3639718016421763,1,-1.0,-1.0,0,0,0,0,0,33.2,27.0,75.0,15.8,1010.6,kandi/KAND,246.3349853351433,85.3,85.9,0.867172276606706
11.12987358130976,2.922461591693226,KAND,kandi,11.123456,2.954658,3588.080643375725,7079.457844,327.0,100.0,427.0,538.0,10,300.1969909667969,281.48617155917196,2.0239943438630608,290.1969909667969,-0.009163077528615286,12.227487060959593,-0.009433137688168928,12.195628617214405,-0.00882937217795432,0.1752669467578614,1,-1.0,-1.0,0,0,3,4,0,33.0,34.0,28.0,16.2,1007.9,kandi/KAND,371.69589343971694,82.4,86.6,0.9988296373336586
11.139701161538207,2.9237778989039627,KAND,kandi,11.123456,2.954658,3822.0789283511563,7079.457844,327.0,100.0,427.0,538.0,10,293.1659240722656,298.2013758702125,2.0054520406073446,283.1659240722656,-0.010594582862167187,14.215599813396508,-0.01023921868739984,14.207869158831983,0.007830810546875,0.3822999372116045,1,-1.0,-1.0,0,0,0,0,0,30.2,23.0,100.0,18.4,1012.1,kandi/KAND,262.99505261506863,84.6,83.8,0.6135164847298321
11.123628815923128,2.922670203399873,KAND,kandi,11.123456,2.954658,3494.4566017472566,7079.457844,327.0,100.0,427.0,538.0,10,303.4854736328125,270.3185527870695,2.024325087944584,293.4854736328125,-0.008417501839682229,11.012784899085018,-0.0075436538608089805,10.985174361774295,0.026134260694318286,0.2474511867971667,1,-1.0,-1.0,0,0,0,0,0,31.0,31.0,80.0,11.2,1011.0,kandi/KAND,340.76806176995353,82.0,81.6,0.8897794665398687
11.126291020103292,2.931731892266541,KAND,kandi,11.123456,2.954658,2524.0349470384454,7079.457844,327.0,100.0,427.0,538.0,10,300.4160461425781,277.1851695632219,2.8710596403574695,290.4160461425781,-0.012905620500153188,10.997691577303405,-0.012996803388241718,11.062910200657583,-0.00929445863133199,0.2531529848389747,1,-1.0,-1.0,0,0,3,4,0,35.3,21.0,79.0,20.2,1008.9,kandi/KAND,193.7196474289899,83.3,79.8,0.908608246555642
11.135902277774626,2.924945453247073,KAND,kandi,11.123456,2.954658,3525.7003907887774,7079.457844,327.0,100.0,427.0,538.0,10,292.8520202636719,293.12141314272947,2.1789733623129734,282.8520202636719,-0.011491659271803067,13.710769258764657,-0.011275388929578993,13.755156988191407,-0.006318918863932292,0.2839152391015227,1,-1.0,-1.0,0,0,0,0,0,30.2,23.0,100.0,18.4,1012.1,kandi/KAND,315.80426612040435,85.4,80.0,0.7914514878076223
11.13797758478373,2.9200556352629974,KAND,kandi,11.123456,2.954658,4107.083225359757,7079.457844,327.0,100.0,427.0,538.0,10,297.8267822265625,293.1605065830092,1.8014344725151572,287.8267822265625,-0.008621128628069763,13.646411743148876,-0.008209910587391336,13.586026095940786,0.018115505631423594,0.5136657727965993,1,-1.0,-1.0,0,0,0,0,0,30.2,23.0,100.0,18.4,1012.1,kandi/KAND,222.29118403569404,85.2,79.8,0.4609313910731102
11.114084391878821,2.935943669560907,KAND,kandi,11.123456,2.954658,2292.223601668126,7079.457844,327.0,100.0,427.0,538.0,10,322.4291687011719,242.96425275639132,2.612012220266425,312.4291687011719,-0.0047680106719228425,3.8799133731566307,-0.004770051980320411,3.9329388059036785,-0.00580596923828125,0.2757551434833521,1,-1.0,-1.0,0,0,0,1,0,33.3,38.0,28.0,15.5,1007.0,kandi/KAND,389.4186282137673,89.9,90.3,0.08115400042389931
11.132945173333223,2.9238075136112025,KAND,kandi,11.123456,2.954658,3529.7877862630385,7079.457844,327.0,100.0,427.0,538.0,10,296.3090515136719,287.408140133297,2.120416677504746,286.3090515136719,-0.010466942478588844,13.074650909548769,-0.010329759385850694,13.077939265570985,-0.0027188618977864584,0.12852080459360457,1,-1.0,-1.0,0,0,2,3,0,33.0,34.0,28.0,16.2,1007.9,kandi/KAND,138.00206411489975,82.4,84.7,0.015805555440133845
11.111082396905594,2.934401590011492,KAND,kandi,11.123456,2.954658,2601.9752305536,7079.457844,327.0,100.0,427.0,538.0,10,327.1869812011719,238.0984170387177,2.1968164689297454,317.1869812011719,-0.0021520765815665577,3.306947137298547,-0.0025459432423338016,3.2920253514861653,0.00605740017361111,0.42678728666099575,1,-1.0,-1.0,0,0,0,0,0,30.3,45.0,32.0,11.2,1007.8,kandi/KAND,382.98217256152554,85.8,88.7,0.4772006332829246
11.10944991954725,2.9334615768668,KAND,kandi,11.123456,2.954658,2786.0839653873213,7079.457844,327.0,100.0,427.0,538.0,10,328.72943115234375,236.04529992578205,2.0200954728889573,318.72943115234375,-0.0015360627042961981,3.0239207394922385,-0.003297123541745387,3.0242827446503924,-0.03622213101377753,0.8904650794516017,1,-1.0,-1.0,0,0,0,0,0,31.0,43.0,40.0,3.6,1008.2,kandi/KAND,352.26948019734937,86.1,82.3,0.49431453353461774
11.134340477516886,2.9244659749972293,KAND,kandi,11.123456,2.954658,3511.0583782588556,7079.457844,327.0,100.0,427.0,538.0,10,294.5051574707031,290.1771282492587,2.1611132774848487,284.5051574707031,-0.011059892007767984,13.462725506704448,-0.010995227494502557,13.49231115135182,-0.004808235645650016,0.22428077731169732,1,-1.0,-1.0,0,0,0,8,0,30.2,23.0,100.0,18.4,1012.1,kandi/KAND,290.56781050227556,80.0,82.4,0.4073623878629723
11.139062974075756,2.921477748973063,KAND,kandi,11.123456,2.954658,4014.712449031933,7079.457844,327.0,100.0,427.0,538.0,10,296.6318054199219,295.6156963477993,1.859889995735921,286.6318054199219,-0.009090895620771705,13.943126474649604,-0.008587834885611295,13.888821679463245,0.023912154130933796,0.5839816979180249,1,-1.0,-1.0,0,0,0,0,0,30.2,23.0,100.0,18.4,1012.1,kandi/KAND,224.00284038368383,84.6,85.2,0.5681673512913645
11.110023511314074,2.931600941276494,KAND,kandi,11.123456,2.954658,2924.439648620169,7079.457844,327.0,100.0,427.0,538.0,10,321.3992919921875,239.3039301965379,2.068036240101563,311.3992919921875,-0.0040564919815582485,3.8047011488754165,-0.0037529398600260415,3.841623976114109,0.0036420186360677084,0.28012541833184157,1,-1.0,-1.0,0,0,0,0,0,33.4,23.0,80.0,18.4,1011.3,kandi/KAND,182.88071112067146,81.5,88.6,0.5521627033044271
11.116406022693647,2.917530572394606,KAND,kandi,11.123456,2.954658,4130.206668112331,7079.457844,327.0,100.0,427.0,538.0,10,309.341552734375,259.05113203881115,1.6317609000197517,299.341552734375,-0.0057931946095637074,9.380552019121101,-0.005670652843656994,9.339044044505687,0.0018564860026041667,0.09268819600944497,1,-1.0,-1.0,0,0,0,5,0,35.2,25.0,75.0,18.4,1008.5,kandi/KAND,175.32730220931484,77.9,87.2,0.836613041032693
11.129629337417882,2.9200355473208734,KAND,kandi,11.123456,2.954658,3843.331252816326,7079.457844,327.0,100.0,427.0,538.0,10,301.8917236328125,280.30275118767656,1.864436206714621,291.8917236328125,-0.008122391417353037,11.893278436342946,-0.007971356381257117,11.865147757172025,0.005682005813927676,0.2182478157571562,1,-1.0,-1.0,0,0,0,1,0,25.9,36.0,63.0,14.4,1011.3,kandi/KAND,303.403835341593,74.6,86.6,0.10865710326226241
11.11440340507872,2.9314270741105553,KAND,kandi,11.123456,2.954658,2728.239105635224,7079.457844,327.0,100.0,427.0,538.0,10,313.49932861328125,248.3425704227898,2.3822551286179197,303.49932861328125,-0.007285085244359348,5.645446410266916,-0.007246940366683467,5.81013353668479,-0.010950724283854166,0.4033202550601687,1,-1.0,-1.0,0,0,0,0,0,28.3,38.0,34.0,17.3,1009.3,kandi/KAND,275.9081341679291,87.3,87.4,0.22517766610554546
11.133175596016832,2.9113956316507656,KAND,kandi,11.123456,2.954658,4846.733853803642,7079.457844,327.0,100.0,427.0,538.0,10,302.2140197753906,282.90096135915564,1.474834612147153,292.2140197753906,-0.006401514123987267,11.320203591860285,-0.006396751093670603,11.272364252447842,-0.0021893819173177086,0.14334667523752653,0,-1.0,4555.3470489657475,0,3,0,0,0,27.9,27.0,25.0,15.8,1009.5,kandi/KAND,274.500104918019,86.9,81.6,0.7930049789596304
11.111869473210287,2.937967422257905,KAND,kandi,11.123456,2.954658,2228.725023208662,7079.457844,327.0,100.0,427.0,538.0,10,329.4610595703125,234.72324818513692,2.5059196090241587,319.4610595703125,-0.0017174750434027779,3.1639117134546564,-0.0021506798925075648,3.158445127505836,-0.012048180974774966,0.47227117003340013,1,-1.0,-1.0,0,0,0,1,0,33.3,38.0,28.0,15.5,1007.0,kandi/KAND,251.1567510887154,90.0,90.3,0.8478368672236546
11.120918798836845,2.9165542656094074,KAND,kandi,11.123456,2.954658,4171.990210687461,7079.457844,327.0,100.0,427.0,538.0,10,311.8982849121094,266.1214643113051,1.5803416768699368,301.8982849121094,-0.005101688929966518,10.030712537164787,-0.005023943673352542,9.995555789871334,0.00640869140625,0.235578057389268,1,-1.0,-1.0,0,0,0,0,0,35.3,25.0,76.0,17.3,1007.6,kandi/KAND,386.61795560990697,80.3,77.7,0.9948242136208678
11.137528525902137,2.91936350781247,KAND,kandi,11.123456,2.954658,4157.924967104309,7079.457844,327.0,100.0,427.0,538.0,10,299.61553955078125,292.11831101127086,1.7547959188614448,289.61553955078125,-0.007844890898430958,13.528611516749242,-0.007948891209090573,13.460689750542828,0.014721171061197916,0.7464465049847118,1,-1.0,-1.0,0,0,0,2,0,30.2,23.0,100.0,18.4,1012.1,kandi/KAND,222.29118403569404,85.2,79.8,0.8729120163870842
11.111817233541817,2.934346299988099,KAND,kandi,11.123456,2.954658,2565.371075092137,7079.457844,327.0,100.0,427.0,538.0,10,323.8207092285156,239.71843608626813,2.303196342073252,313.8207092285156,-0.003683980305989584,3.5120172979106146,-0.003888240005030776,3.5786411495528023,-0.008217875162760417,0.49223725339917784,1,-1.0,-1.0,0,0,0,0,0,30.3,45.0,32.0,11.2,1007.8,kandi/KAND,237.3936713820402,82.3,90.3,0.889899007072331
11.11275356982977,2.934741521913945,KAND,kandi,11.123456,2.954658,2476.976211612121,7079.457844,327.0,100.0,427.0,538.0,10,322.55560302734375,241.29487259674602,2.4145085783675833,312.55560302734375,-0.004474511770051798,3.7494438772674035,-0.004572131587009805,3.8234043284259203,-0.010943857828776042,0.5946284924532483,1,-1.0,-1.0,0,0,0,2,0,31.0,43.0,40.0,3.6,1008.2,kandi/KAND,302.0118058950443,90.3,89.9,0.31434794262990484
11.121463108245509,2.9255476303700654,KAND,kandi,11.123456,2.954658,3187.712292682992,7079.457844,327.0,100.0,427.0,538.0,10,301.31744384765625,266.0117292264088,2.2578424502789045,291.31744384765625,-0.009791570814832657,10.332221607451048,-0.00978213156703667,10.36790510752461,0.007019560244666004,0.2193165178344953,1,-1.0,-1.0,0,0,0,0,0,31.5,32.0,75.0,15.1,1011.5,kandi/KAND,386.05135929607223,80.5,87.2,0.4016616340093764
11.139773702127988,2.9229626808473768,KAND,kandi,11.123456,2.954658,3904.6032300683555,7079.457844,327.0,100.0,427.0,538.0,10,294.3006896972656,297.68912798881456,1.9464680009456041,284.3006896972656,-0.009929946239364664,14.160674733773208,-0.009692756396648466,14.141306527572933,0.012704645196773048,0.5017723277866812,1,-1.0,-1.0,0,0,0,0,0,30.2,23.0,100.0,18.4,1012.1,kandi/KAND,262.99505261506863,84.6,83.8,0.26808510482055103
11.109503798548065,2.9320789877945415,KAND,kandi,11.123456,2.954658,2909.6630147983715,7079.457844,327.0,100.0,427.0,538.0,10,323.0545959472656,237.8017664760671,2.045976216513761,313.0545959472656,-0.0035294785122691155,3.477876417339181,-0.0033363766478237615,3.515234132037656,0.004019375851850598,0.3249935115218952,1,-1.0,-1.0,0,0,0,0,0,33.4,23.0,80.0,18.4,1011.3,kandi/KAND,173.06789013672005,88.6,86.1,0.6062993981927156
11.137950238103794,2.906034239754521,KAND,kandi,11.123456,2.954658,5548.316365190748,7079.457844,327.0,100.0,427.0,538.0,10,298.1756591796875,286.9037032591118,1.3300908917478496,288.1756591796875,-0.006345424847087008,11.686019288223063,-0.0065815414384326094,11.65506457269342,-0.024709662097195228,0.6108770871796227,1,-1.0,-1.0,0,0,0,0,0,28.4,37.0,100.0,3.6,1009.9,kandi/KAND,212.6801711490994,81.9,78.5,0.9388053542070384
11.13457854917692,2.9289901624287347,KAND,kandi,11.123456,2.954658,3061.998231287704,7079.457844,327.0,100.0,427.0,538.0,10,294.8047180175781,293.8302240276602,2.4720886653443634,284.8047180175781,-0.012466233139284993,13.39385330567103,-0.012262986913472256,13.42349024283819,0.005923227212302026,0.15457011332335183,1,-1.0,-1.0,0,0,3,10,0,25.1,38.0,70.0,13.7,1012.7,kandi/KAND,265.70070718742903,84.2,85.1,0.34464088651161773
11.13248003593731,2.919340973937958,KAND,kandi,11.123456,2.954658,3985.078739124039,7079.457844,327.0,100.0,427.0,538.0,10,299.1755676269531,284.5996938642482,1.8371758286552626,289.1755676269531,-0.00856711712489437,12.489380750545886,-0.008404119044174384,12.449445053245338,-6.476508246527786e-05,0.04988426041350061,1,-1.0,-1.0,0,0,2,3,0,30.0,38.0,28.0,18.0,1008.6,kandi/KAND,352.45777406663626,87.5,85.7,0.5570017818814502
11.130995920591275,2.9209540812091705,KAND,kandi,11.123456,2.954658,3775.114025062463,7079.457844,327.0,100.0,427.0,538.0,10,299.55621337890625,282.84694920158455,1.9335095587317581,289.55621337890625,-0.008924682568893678,12.333611670881012,-0.008572129806399716,12.297991219766272,0.010857967778507923,0.19934121086306603,1,-1.0,-1.0,0,0,3,1,0,26.8,36.0,58.0,15.8,1010.5,kandi/KAND,296.59233233508934,85.7,86.6,0.29629963045348506
11.111436064060847,2.932435682050094,KAND,kandi,11.123456,2.954658,2767.9108363550436,7079.457844,327.0,100.0,427.0,538.0,10,321.41986083984375,241.13685989533397,2.1844508006341274,311.41986083984375,-0.004267210601478494,4.022911928445847,-0.0042592777601652785,4.053480813665961,-0.009540065673546776,0.40051547581138564,1,-1.0,-1.0,0,0,0,0,0,31.0,43.0,40.0,3.6,1008.2,kandi/KAND,333.563772763011,88.7,81.5,0.1697999737727075
11.12845917356057,2.927599544620208,KAND,kandi,11.123456,2.954658,3007.2527203815152,7079.457844,327.0,100.0,427.0,538.0,10,297.4773254394531,280.6745154946519,2.466210723166941,287.4773254394531,-0.011831040586968853,12.305771379361502,-0.011526503870303054,12.324185756523718,0.00947012492011277,0.30151436637690326,1,-1.0,-1.0,0,0,2,7,0,33.0,34.0,28.0,16.2,1007.9,kandi/KAND,174.81002316812828,82.6,87.2,0.19518552981865567
11.116158904330486,2.9287069840573436,KAND,kandi,11.123456,2.954658,2947.6417306607327,7079.457844,327.0,100.0,427.0,538.0,10,307.60235595703125,254.01193241287268,2.3195638911037046,297.60235595703125,-0.008660950323547979,7.647241873384239,-0.008722619768231108,7.7288310475475575,-0.010476485763953611,0.3404339257434432,0,-1.0,2746.8004103351514,0,2,1,0,0,35.5,22.0,100.0,11.2,1009.7,kandi/KAND,377.1768718948386,89.2,85.9,0.05794534453812994
11.127233632631965,2.927916193017567,KAND,kandi,11.123456,2.954658,2951.0395563125453,7079.457844,327.0,100.0,427.0,538.0,10,297.0,278.1950875682349,2.5223785162001047,287.0,-0.012230767144097222,12.011818554351095,-0.011977894923648216,12.0497402364565,0.005640332514677507,0.19307108225463704,1,-1.0,-1.0,0,0,0,3,0,35.7,22.0,60.0,14.8,1008.1,kandi/KAND,213.30780787394355,81.0,87.2,0.9492935230092574
11.139997989585696,2.905905900541615,KAND,kandi,11.123456,2.954658,5631.197832482665,7079.457844,327.0,100.0,427.0,538.0,10,297.0281066894531,289.08082927518996,1.322190985073434,287.0281066894531,-0.0064871885893776965,12.136716405406554,-0.006433308919270833,12.101188814784319,-0.00967441134982639,0.3572449604581843,1,-1.0,-1.0,0,0,0,0,0,28.4,37.0,100.0,3.6,1009.9,kandi/KAND,242.2242803683185,83.6,83.3,0.4028796085076296
11.107989295017012,2.9312529512911127,KAND,kandi,11.123456,2.954658,3076.4686260595754,7079.457844,327.0,100.0,427.0,538.0,10,324.40509033203125,236.04348780654237,1.9100073516999174,314.40509033203125,-0.0028868246232807435,3.244524048604429,-0.002846892826140873,3.2914721304922256,0.0008282979329427083,0.09868901681489328,1,-1.0,-1.0,0,0,0,0,0,33.4,23.0,80.0,18.4,1011.3,kandi/KAND,209.350490283057,81.5,88.1,0.8341208920021081
11.132196568802268,2.919615738134644,KAND,kandi,11.123456,2.954658,3948.234009164867,7079.457844,327.0,100.0,427.0,538.0,10,299.2945251464844,284.26635603744614,1.8525838755853268,289.2945251464844,-0.008615780570941995,12.465832331539577,-0.008434079298332555,12.425822965646743,0.0011441548665364583,0.062169706084831536,1,-1.0,-1.0,0,0,2,5,0,30.0,38.0,28.0,18.0,1008.6,kandi/KAND,352.45777406663626,87.5,85.7,0.6813294726896911
11.110706770414362,2.932315556638776,KAND,kandi,11.123456,2.954658,2818.9113217382687,7079.457844,327.0,100.0,427.0,538.0,10,321.59185791015625,239.82240879097532,2.141475360830972,311.59185791015625,-0.004185077583493901,3.7228418311659346,-0.004356780845527103,3.7937473192583697,-0.018578228376311758,0.4486161276093096,1,-1.0,-1.0,0,0,0,0,0,33.4,23.0,80.0,18.4,1011.3,kandi/KAND,165.92922165772438,88.6,88.7,0.1919211614110854
11.110683892522745,2.9323065042356187,KAND,kandi,11.123456,2.954658,2821.0342325724487,7079.457844,327.0,100.0,427.0,538.0,10,321.59185791015625,239.78784468075395,2.1398653366398888,311.59185791015625,-0.004161767343990576,3.716216636367875,-0.004316681679514779,3.7877068084305496,-0.01729505506391736,0.4486161276093096,1,-1.0,-1.0,0,0,0,0,0,33.4,23.0,80.0,18.4,1011.3,kandi/KAND,165.92922165772438,88.6,88.7,0.17546224657908782
11.124410253143248,2.922811787929261,KAND,kandi,11.123456,2.954658,3480.533705524348,7079.457844,327.0,100.0,427.0,538.0,10,303.2340087890625,271.7522362168895,2.036550395220896,293.2340087890625,-0.008645727233011128,11.193185205676937,-0.008277837322095161,11.158567718160866,0.010356128698979257,0.3133140610512163,1,-1.0,-1.0,0,0,0,0,0,31.5,32.0,75.0,15.1,1011.5,kandi/KAND,113.91424559135775,81.6,84.4,0.8119882015105448
11.111462050722238,2.9326144085591594,KAND,kandi,11.123456,2.954658,2749.4138296425613,7079.457844,327.0,100.0,427.0,538.0,10,322.1728210449219,240.9934362114743,2.1834643695121003,312.1728210449219,-0.004040781656901042,3.949423710406427,-0.004326148066960328,4.022988716297886,-0.0060732523600260414,0.414040893044913,1,-1.0,-1.0,0,0,0,0,0,31.0,43.0,40.0,3.6,1008.2,kandi/KAND,165.92922165772438,88.7,88.6,0.26471171061953735
11.133718949442887,2.909830494634598,KAND,kandi,11.123456,2.954658,5026.820452503815,7079.457844,327.0,100.0,427.0,538.0,10,301.1546325683594,283.138197401614,1.4340879504053616,291.1546325683594,-0.006382333356863176,11.237497324138838,-0.0062144081265318625,11.19063534036446,0.004552714029947917,0.24691712104630245,1,-1.0,-1.0,0,0,0,0,0,30.7,25.0,24.0,16.6,1009.0,kandi/KAND,389.6874709302928,83.5,86.9,0.9132851837019758
11.116697364221459,2.9260355245530207,KAND,kandi,11.123456,2.954658,3214.941178030384,7079.457844,327.0,100.0,427.0,538.0,10,305.3936462402344,256.4718989179008,2.1662016018614465,295.3936462402344,-0.008620904993127895,8.75191120789803,-0.008425198038420153,8.791724461323117,0.0014609686665677825,0.14339212596831166,1,-1.0,-1.0,0,0,0,0,0,33.2,27.0,75.0,15.8,1010.6,kandi/KAND,377.1768718948386,85.9,89.2,0.14005540468949063
11.145124333783128,2.921079192965672,KAND,kandi,11.123456,2.954658,4381.7460959034715,7079.457844,327.0,100.0,427.0,538.0,10,290.98345947265625,303.33524828695073,1.7779834497885882,280.98345947265625,-0.0096671015495907,14.387606259790454,-0.009548152794757687,14.380687212723501,0.0005896720862248779,0.10038209689455867,1,-1.0,-1.0,0,0,0,0,0,32.0,21.0,67.0,18.4,1011.9,kandi/KAND,357.0009189063783,81.8,81.4,0.6777086144544695
11.110095239724068,2.9344522465807135,KAND,kandi,11.123456,2.954658,2656.4387124536347,7079.457844,327.0,100.0,427.0,538.0,10,328.1211853027344,236.02670802461114,2.1316977753847977,318.1211853027344,-0.0019491359982151217,3.0287149607761283,-0.002404796334850046,3.033713672537972,-0.018907928466796876,0.8798544748127177,1,-1.0,-1.0,0,0,0,7,0,33.4,23.0,80.0,18.4,1011.3,kandi/KAND,309.17405911533984,88.6,82.3,0.8144738760309339
11.120925145768243,2.9268195455562185,KAND,kandi,11.123456,2.954658,3053.9950583340606,7079.457844,327.0,100.0,427.0,538.0,10,301.76287841796875,264.7092085620732,2.3482488408799025,291.76287841796875,-0.01033532200631838,9.812342012168923,-0.010284160480076177,9.930751553861594,-0.008050223899585282,0.17216151033882132,1,-1.0,-1.0,0,0,2,2,0,31.0,31.0,80.0,11.2,1011.0,kandi/KAND,360.5272688756482,87.2,82.0,0.235256388415645
11.107201614635914,2.9315752953801253,KAND,kandi,11.123456,2.954658,3097.0248834070885,7079.457844,327.0,100.0,427.0,538.0,10,327.8412170410156,234.33739838490973,1.8338372517375194,317.8412170410156,-0.00175774403107472,2.938673008941561,-0.0019682146928333365,2.9501723695987727,0.004409265807256839,0.40874252204769773,1,-1.0,-1.0,0,0,0,0,0,31.0,43.0,40.0,3.6,1008.2,kandi/KAND,217.95597506908584,88.1,86.8,0.27620736345656605
11.133038384891089,2.9117969741935656,KAND,kandi,11.123456,2.954658,4800.620405262439,7079.457844,327.0,100.0,427.0,538.0,10,302.1160888671875,282.8400064538205,1.4901631464701817,292.1160888671875,-0.006504286856928792,11.364183564432167,-0.006401514123987267,11.31290731911142,-0.0016883002387152778,0.08937131110703088,0,-1.0,4560.108360910613,0,3,0,0,0,27.9,27.0,25.0,15.8,1009.5,kandi/KAND,274.500104918019,86.9,81.6,0.9645188861392017
11.114915928516243,2.935539800083349,KAND,kandi,11.123456,2.954658,2292.243613578771,7079.457844,327.0,100.0,427.0,538.0,10,320.0150451660156,245.52471331338847,2.672203449121237,310.0150451660156,-0.005762049026819534,4.265588463080513,-0.009729338830321156,4.365717813071269,-0.0818641688682439,0.2639430074801421,1,-1.0,-1.0,0,0,1,1,0,33.3,38.0,28.0,15.5,1007.0,kandi/KAND,271.9160182852466,89.9,88.7,0.2645976053461583
11.135926142446866,2.93469189691976,KAND,kandi,11.123456,2.954658,2580.6717210367974,7079.457844,327.0,100.0,427.0,538.0,10,292.7457275390625,302.48019528423185,2.9780134393545232,282.7457275390625,-0.015728915563594757,12.467277703669216,-0.015349000872987689,12.709726364685084,-0.0002241346571180556,0.029331110779118204,1,-1.0,-1.0,0,0,5,7,0,33.4,16.0,49.0,20.9,1010.0,kandi/KAND,305.11071367616483,87.6,83.2,0.4299570499000478
11.112732393349214,2.9369844166304615,KAND,kandi,11.123456,2.954658,2266.0059926613767,7079.457844,327.0,100.0,427.0,538.0,10,325.7195129394531,238.2705235738403,2.559165741833362,315.7195129394531,-0.0032917298438481972,3.4914590489858246,-0.001902797480334799,3.4876035729550736,0.027128338944669338,0.23877680511940566,1,-1.0,-1.0,0,0,0,0,0,30.3,45.0,32.0,11.2,1007.8,kandi/KAND,389.4186282137673,90.3,89.9,0.4325155932423661
11.11826829560447,2.9246921750487913,KAND,kandi,11.123456,2.954658,3323.465933891452,7079.457844,327.0,100.0,427.0,538.0,10,303.2355651855469,259.9969613193374,2.1326845687469786,293.2355651855469,-0.009034684692612151,9.62641045723986,-0.008839069917841998,9.70572811847285,0.0015279134114583334,0.0658597530153904,1,-1.0,-1.0,0,0,0,0,0,33.2,27.0,75.0,15.8,1010.6,kandi/KAND,116.63871176489182,78.9,88.5,0.25303474992968356
11.136739531810315,2.9281509493037245,KAND,kandi,11.123456,2.954658,3247.0930685474605,7079.457844,327.0,100.0,427.0,538.0,10,293.561279296875,297.05769911371175,2.353235913011408,283.561279296875,-0.01216027496057913,13.797116483670841,-0.01205792361493427,13.821623071009382,-0.0013069442229370614,0.04580980732519457,1,-1.0,-1.0,0,0,4,3,0,34.2,16.0,100.0,18.4,1010.2,kandi/KAND,371.0522637042291,83.4,85.1,0.7757910864370905
11.137400183497437,2.9070602027915418,KAND,kandi,11.123456,2.954658,5423.5064885697575,7079.457844,327.0,100.0,427.0,538.0,10,299.3578796386719,286.62888704219193,1.348206178260219,289.3578796386719,-0.006266203450736769,11.714677724474512,-0.006187219393926457,11.67046321188156,-0.0015916612413194445,0.06198055646402349,1,-1.0,-1.0,0,0,0,0,0,28.4,37.0,100.0,3.6,1009.9,kandi/KAND,325.21295177169327,83.6,81.9,0.7718493432291552
11.134427211580197,2.9237412378667407,KAND,kandi,11.123456,2.954658,3588.7634887322088,7079.457844,327.0,100.0,427.0,538.0,10,294.4132995605469,289.8862101868625,2.1158276116905816,284.4132995605469,-0.010894481668285338,13.451623442705936,-0.010576168927281861,13.466788478202483,-0.00048656374043007963,0.15525116238873007,1,-1.0,-1.0,0,0,1,8,0,30.0,38.0,28.0,18.0,1008.6,kandi/KAND,261.51750763597073,84.7,80.0,0.37831801422378564
11.106418996459253,2.9321743731565655,KAND,kandi,11.123456,2.954658,3095.8992923912356,7079.457844,327.0,100.0,427.0,538.0,10,328.8851318359375,232.32552510724378,1.8152034033948745,318.8851318359375,-0.0014231559557792471,2.9142959269429083,-0.001407935732886905,2.9131626558844044,-0.004389784071180555,0.17184589624543092,1,-1.0,-1.0,0,0,0,0,0,31.0,43.0,40.0,3.6,1008.2,kandi/KAND,330.0848336780301,86.1,86.8,0.8351257910807337
11.138173171573534,2.928877699741472,KAND,kandi,11.123456,2.954658,3252.8903106147577,7079.457844,327.0,100.0,427.0,538.0,10,293.0955810546875,300.19390622856895,2.3572356113378072,283.0955810546875,-0.012337686396687003,13.796294412741974,-0.012145372911974473,13.853112546253026,-0.0029660542805989582,0.14687309644358357,1,-1.0,-1.0,0,0,3,2,0,25.1,38.0,70.0,13.7,1012.7,kandi/KAND,298.9384769478677,83.4,79.7,0.21307493439900238
11.11892079165524,2.924275593202592,KAND,kandi,11.123456,2.954658,3356.753721985589,7079.457844,327.0,100.0,427.0,538.0,10,303.0893249511719,261.3529812192731,2.1140474529694324,293.0893249511719,-0.008991365946298081,9.874782336709973,-0.00861597171448723,9.93299644456895,0.010092057596881093,0.24196308163383887,1,-1.0,-1.0,0,0,0,1,0,33.2,27.0,75.0,15.8,1010.6,kandi/KAND,277.74462035546526,88.5,85.9,0.004305775667678646
11.112641258785336,2.9224553459804987,KAND,kandi,11.123456,2.954658,3715.7766480339674,7079.457844,327.0,100.0,427.0,538.0,10,310.35040283203125,251.10921766676626,1.798099276819909,300.35040283203125,-0.006169156838479029,8.035984952344293,-0.005890235341173578,8.046668987077222,0.009103578127306925,0.19683517379517013,1,-1.0,-1.0,0,0,0,0,0,36.4,21.0,100.0,14.8,1008.9,kandi/KAND,172.33978820923755,87.9,85.3,0.571167362055741
11.133803781661076,2.9095598394622844,KAND,kandi,11.123456,2.954658,5057.7420666901035,7079.457844,327.0,100.0,427.0,538.0,10,301.63189697265625,283.1663026611727,1.4199206904469766,291.63189697265625,-0.006165696804072701,11.224480803555691,-0.006303569354973806,11.181872126530022,-0.0013572692871093757,0.2363632464517678,1,-1.0,-1.0,0,0,0,0,0,30.7,25.0,24.0,16.6,1009.0,kandi/KAND,389.6874709302928,83.5,86.9,0.9940777724523785
11.133816569532671,2.9094140195499643,KAND,kandi,11.123456,2.954658,5073.578641494933,7079.457844,327.0,100.0,427.0,538.0,10,301.63189697265625,283.1410193811866,1.4154903821752023,291.63189697265625,-0.0062144081265318625,11.19105239252952,-0.006318943704485803,11.172194925875882,-0.0027270594933643845,0.2754165767386326,1,-1.0,-1.0,0,0,0,0,0,27.9,27.0,25.0,15.8,1009.5,kandi/KAND,362.3516751720424,86.9,79.6,0.038644309826884604
11.113172406645706,2.9317664789212765,KAND,kandi,11.123456,2.954658,2747.3154467356158,7079.457844,327.0,100.0,427.0,538.0,10,315.822021484375,245.40274415269272,2.317373156482935,305.822021484375,-0.006341795990432519,5.146911741049429,-0.006232382050642731,5.283431885089488,-5.823771158854161e-05,0.13630941557728707,1,-1.0,-1.0,0,0,0,0,0,28.3,38.0,34.0,17.3,1009.3,kandi/KAND,387.96207043984134,87.3,88.6,0.20799807370846057
11.110220347583153,2.933638572010767,KAND,kandi,11.123456,2.954658,2723.2837106504776,7079.457844,327.0,100.0,427.0,538.0,10,324.8664855957031,237.31260228432632,2.147803409057269,314.8664855957031,-0.0031881360362032707,3.2038771233203454,-0.0022673822752315676,3.2334415341654634,0.015965693196120012,0.4628879095226224,1,-1.0,-1.0,0,0,0,0,0,33.4,23.0,80.0,18.4,1011.3,kandi/KAND,309.17405911533984,88.6,82.3,0.5189146424870842
11.110304323163064,2.9355231046496972,KAND,kandi,11.123456,2.954658,2546.7753416904106,7079.457844,327.0,100.0,427.0,538.0,10,331.41265869140625,234.99224740027563,2.149456062385153,321.41265869140625,-0.0007687282502707572,3.0052008566572215,-0.0008050560494492334,2.975765458806906,-0.00530124240451389,0.3522654541384656,1,-1.0,-1.0,0,0,0,13,0,30.3,45.0,32.0,11.2,1007.8,kandi/KAND,367.7244494531442,90.3,82.3,0.8099407364448706
11.11908157280584,2.9182391771548235,KAND,kandi,11.123456,2.954658,4007.8061054309896,7079.457844,327.0,100.0,427.0,538.0,10,307.4143981933594,263.02447259946575,1.7090941454779787,297.4143981933594,-0.006447281612236928,9.833338694628281,-0.006314782535328585,9.794534969198402,0.003396352132161458,0.1488796367759959,1,-1.0,-1.0,0,0,0,0,0,35.2,25.0,75.0,18.4,1008.5,kandi/KAND,329.7372658647473,86.1,87.2,0.08904200507505322
11.119954470752939,2.9176343870093846,KAND,kandi,11.123456,2.954658,4063.054842157822,7079.457844,327.0,100.0,427.0,538.0,10,307.9748840332031,264.4980827584619,1.677970707679691,297.9748840332031,-0.006064779626211252,9.952440166496046,-0.006039502424894323,9.900916420618078,0.004940541585286458,0.2964487296880253,1,-1.0,-1.0,0,0,0,0,0,35.2,25.0,75.0,18.4,1008.5,kandi/KAND,262.5331864737047,86.1,77.7,0.3952346537588943
11.110475333427324,2.934405807988788,KAND,kandi,11.123456,2.954658,2637.532033495365,7079.457844,327.0,100.0,427.0,538.0,10,327.6815185546875,236.84905229525043,2.156501750933086,317.6815185546875,-0.002181132755143653,3.1018183555268215,-0.002484142378533581,3.0927015857340048,-0.02136570202006993,0.6423107568563937,1,-1.0,-1.0,0,0,0,3,0,31.0,43.0,40.0,3.6,1008.2,kandi/KAND,316.71466585051456,88.7,82.3,0.7470758006298863
11.138696168516358,2.9249350981487217,KAND,kandi,11.123456,2.954658,3658.453810677149,7079.457844,327.0,100.0,427.0,538.0,10,291.173828125,297.5931849589269,2.1262243804249787,281.173828125,-0.011518518127926316,14.11095814200418,-0.011329396565755209,14.157551813834035,-0.0005520290798611111,0.02254966516828665,1,-1.0,-1.0,0,0,0,0,0,30.2,23.0,100.0,18.4,1012.1,kandi/KAND,168.81490751722686,85.4,83.8,0.37154320840636157
11.138729452961316,2.905987459013675,KAND,kandi,11.123456,2.954658,5578.697748766201,7079.457844,327.0,100.0,427.0,538.0,10,297.3988342285156,287.7405178227086,1.3308239164145097,287.3988342285156,-0.006438448779471887,11.879329780529668,-0.006638257986230216,11.850656364232222,-0.016813676143169917,0.4897455101827414,1,-1.0,-1.0,0,0,0,0,0,28.4,37.0,100.0,3.6,1009.9,kandi/KAND,325.21295177169327,83.6,81.9,0.18883642047563898
11.133843234290657,2.908902683602687,KAND,kandi,11.123456,2.954658,5128.6685132262155,7079.457844,327.0,100.0,427.0,538.0,10,300.93145751953125,283.0315761254239,1.408112279407147,290.93145751953125,-0.0063287924470617,11.148253463405688,-0.006156557514129577,11.105444203006385,-0.0014664095300833534,0.2125993214006709,1,-1.0,-1.0,0,0,0,0,0,27.9,27.0,25.0,15.8,1009.5,kandi/KAND,362.3516751720424,86.9,79.6,0.19549582739658733
11.12744194436974,2.9278485414688777,KAND,kandi,11.123456,2.954658,2961.6971684338346,7079.457844,327.0,100.0,427.0,538.0,10,297.0,278.61875170792666,2.513313444137599,287.0,-0.012230767144097224,12.063735063007616,-0.011841706631600661,12.135190819548999,0.0049445258246527775,0.18681025594023418,1,-1.0,-1.0,0,0,0,5,0,33.0,34.0,28.0,16.2,1007.9,kandi/KAND,366.44460781959253,82.6,81.1,0.41004878691499425
11.109479362001212,2.93353956995445,KAND,kandi,11.123456,2.954658,2777.192104009285,7079.457844,327.0,100.0,427.0,538.0,10,327.1885681152344,236.0032835615202,2.058306824478229,317.1885681152344,-0.0021995735852094528,3.020018138281823,-0.005517693076636735,3.01070584508889,-0.07843087137741411,0.8149504260734819,1,-1.0,-1.0,0,0,0,0,0,30.3,45.0,32.0,11.2,1007.8,kandi/KAND,352.26948019734937,82.3,86.1,0.47941707480589113
11.13343493687262,2.9184153901366265,KAND,kandi,11.123456,2.954658,4110.138069564445,7079.457844,327.0,100.0,427.0,538.0,10,299.3591003417969,285.6783357073987,1.7787565891147346,289.3591003417969,-0.008256110446804969,12.606488669472613,-0.007847401306861922,12.552694942332526,0.020896401666612937,0.6109688907552686,1,-1.0,-1.0,0,0,0,0,0,26.8,36.0,58.0,15.8,1010.5,kandi/KAND,352.45777406663626,85.7,87.5,0.861814417816014
11.111125745232982,2.9371909273613217,KAND,kandi,11.123456,2.954658,2345.5073344643592,7079.457844,327.0,100.0,427.0,538.0,10,328.70465087890625,234.26990165091752,2.3997431083866347,318.70465087890625,-0.0019496740671149791,3.1545090397853524,-0.001457036336263021,3.1301026807108374,0.01016811794704861,0.5150559445077388,1,-1.0,-1.0,0,0,0,0,0,30.3,45.0,32.0,11.2,1007.8,kandi/KAND,255.95069251708895,85.8,90.3,0.6422524185679935
11.135597274794957,2.929138267465524,KAND,kandi,11.123456,2.954658,3094.401466903406,7079.457844,327.0,100.0,427.0,538.0,10,293.9646301269531,295.8702459677148,2.461760140596526,283.9646301269531,-0.012615624452248599,13.586858448685536,-0.012492952910113634,13.619552048416942,9.507750800201659e-05,0.028160089013763795,1,-1.0,-1.0,0,0,3,9,0,25.1,38.0,70.0,13.7,1012.7,kandi/KAND,302.509112755308,84.5,85.1,0.6904019545155015
11.111865046426635,2.932741115760405,KAND,kandi,11.123456,2.954658,2715.9706959122113,7079.457844,327.0,100.0,427.0,538.0,10,322.1593017578125,241.67858544465162,2.210608752838926,312.1593017578125,-0.004090137970753205,4.089076657898356,-0.004097473788255102,4.131497703505224,0.006559957160699071,0.4404087562408519,1,-1.0,-1.0,0,0,1,0,0,28.3,38.0,34.0,17.3,1009.3,kandi/KAND,259.74237178418406,87.3,88.7,0.982987171535907
11.13934944798254,2.9261780360960388,KAND,kandi,11.123456,2.954658,3573.4929363091237,7079.457844,327.0,100.0,427.0,538.0,10,291.6261901855469,299.6321145627715,2.1694854025129526,281.6261901855469,-0.01158310784233941,14.089215501013022,-0.011654687717534083,14.11826844873321,-0.009591651026478814,0.2970846491324034,1,-1.0,-1.0,0,0,0,4,0,34.2,16.0,100.0,18.4,1010.2,kandi/KAND,285.4340773278742,83.4,83.8,0.41184344030097375
11.110079367835079,2.932302918758013,KAND,kandi,11.123456,2.954658,2855.4469923068523,7079.457844,327.0,100.0,427.0,538.0,10,322.4173889160156,238.62675875741897,2.0975577668933445,312.4173889160156,-0.004569789378282255,3.5912059812827515,-0.0037780350816118253,3.6158836938557037,-0.005152073107532364,0.16571766958787285,1,-1.0,-1.0,0,0,0,0,0,31.0,43.0,40.0,3.6,1008.2,kandi/KAND,336.60591917685895,86.1,88.7,0.4033544032491283
11.129849303681286,2.9222515037522143,KAND,kandi,11.123456,2.954658,3610.0530924269056,7079.457844,327.0,100.0,427.0,538.0,10,300.1969909667969,281.37166680253415,2.0116855328610432,290.1969909667969,-0.009126277534758094,12.20371602255324,-0.008980337677303841,12.184961330562697,0.0048503281195050076,0.16690891316484696,1,-1.0,-1.0,0,0,2,4,0,25.9,36.0,63.0,14.4,1011.3,kandi/KAND,303.403835341593,74.6,86.6,0.9233469677258123
11.138811932042456,2.921198813380508,KAND,kandi,11.123456,2.954658,4030.463128785212,7079.457844,327.0,100.0,427.0,538.0,10,296.7691345214844,295.07080933849574,1.85067660285502,286.7691345214844,-0.00902623306086034,13.86371806041957,-0.00872638119416899,13.832228296974039,0.012940497300971075,0.4759883898003057,1,-1.0,-1.0,0,0,0,0,0,30.2,23.0,100.0,18.4,1012.1,kandi/KAND,224.00284038368383,85.2,84.6,0.24587558700505863
11.138660089830301,2.932525250582509,KAND,kandi,11.123456,2.954658,2945.173484882686,7079.457844,327.0,100.0,427.0,538.0,10,292.59063720703125,304.99878750148264,2.6130037646382953,282.59063720703125,-0.013715401081123738,13.591004550601586,-0.013507123339940483,13.639979591253375,0.0010290348275047892,0.07491869137245563,1,-1.0,-1.0,0,0,0,1,0,34.2,16.0,100.0,18.4,1010.2,kandi/KAND,278.04558367284955,85.3,76.8,0.7298152463028666
11.136590152473488,2.9170145580188427,KAND,kandi,11.123456,2.954658,4361.249782059849,7079.457844,327.0,100.0,427.0,538.0,10,300.2874755859375,289.57889961729313,1.6642135625274124,290.2874755859375,-0.007542900189961472,13.048223551688881,-0.007514256976971286,13.015472350950851,-0.0006153806085721996,0.03649584013156579,1,-1.0,-1.0,0,0,0,1,0,26.8,36.0,58.0,15.8,1010.5,kandi/KAND,335.4422938451181,79.8,82.8,0.7545731382181347
11.126574318878058,2.929949755805492,KAND,kandi,11.123456,2.954658,2721.1103294034815,7079.457844,327.0,100.0,427.0,538.0,10,298.330322265625,277.3316752570364,2.7072559847531728,288.330322265625,-0.012903820130619465,11.383251532524444,-0.012986925543362154,11.519721901138801,-0.01894261936158789,0.4327468001807313,1,-1.0,-1.0,0,0,2,8,0,35.3,21.0,79.0,20.2,1008.9,kandi/KAND,253.12137819628967,83.3,87.2,0.09778799744544309
11.136893674709965,2.917824905121887,KAND,kandi,11.123456,2.954658,4289.402451809612,7079.457844,327.0,100.0,427.0,538.0,10,300.0761413574219,290.39967595978436,1.694893441488552,290.0761413574219,-0.00775002735928146,13.272628371632763,-0.007678037063693025,13.205086718374424,-0.0014534998536698009,0.062476021294457694,1,-1.0,-1.0,0,0,0,2,0,26.8,36.0,58.0,15.8,1010.5,kandi/KAND,335.4422938451181,79.8,82.8,0.468231405693584
11.139573158690922,2.9143969449518203,KAND,kandi,11.123456,2.954658,4745.675428643263,7079.457844,327.0,100.0,427.0,538.0,10,299.7476501464844,292.19895511252287,1.5359828123307566,289.7476501464844,-0.007039356031757731,12.962806926743903,-0.008263173270534661,12.981752086479501,-0.15277838009257785,5.370125140177993,0,-1.0,4593.509483035463,0,5,0,7,0,30.4,39.0,60.0,7.6,1009.9,kandi/KAND,295.05963126131167,78.5,82.2,0.20056247132155403
11.141188486203625,2.916097774276509,KAND,kandi,11.123456,2.954658,4646.568523685507,7079.457844,327.0,100.0,427.0,538.0,10,293.3288269042969,295.1154318586726,1.6478143626570245,283.3288269042969,-0.008601408927671372,13.3600218825744,-0.008746947026247525,13.357055710655523,-0.013350766443932932,0.37603053504417705,0,-1.0,4395.15098833579,0,4,0,0,0,30.4,39.0,60.0,7.6,1009.9,kandi/KAND,215.05945643006783,82.2,85.5,0.18537527280248567
11.138102471908145,2.9064934437232517,KAND,kandi,11.123456,2.954658,5505.243257462351,7079.457844,327.0,100.0,427.0,538.0,10,298.30926513671875,287.22401954263626,1.3391040180508196,288.30926513671875,-0.006426993152603845,11.789675970653267,-0.006320447477388551,11.751939093500797,-0.008368682861328126,0.3862476877456576,1,-1.0,-1.0,0,0,0,1,0,28.4,37.0,100.0,3.6,1009.9,kandi/KAND,325.21295177169327,83.6,81.9,0.4638281104628762
11.136040653848227,2.9071326843509904,KAND,kandi,11.123456,2.954658,5375.0316823385965,7079.457844,327.0,100.0,427.0,538.0,10,300.9072265625,285.107464310845,1.3438541989083421,290.9072265625,-0.006003361454716434,11.36594886546652,-0.00601988036007728,11.34171847972261,-0.0009517270371626035,0.21832074190278586,1,-1.0,-1.0,0,0,0,1,0,28.4,37.0,100.0,3.6,1009.9,kandi/KAND,348.3702771476682,81.9,79.6,0.28942970750806496
11.109699663783708,2.9311273577912287,KAND,kandi,11.123456,2.954658,2987.206070914919,7079.457844,327.0,100.0,427.0,538.0,10,322.30377197265625,239.21609501551336,2.0072929222328435,312.30377197265625,-0.0036047987394210433,3.823909110394689,-0.0040996177523743875,3.906810606649226,-0.012429300944010416,0.7070167681227796,1,-1.0,-1.0,0,0,0,0,0,33.4,23.0,80.0,18.4,1011.3,kandi/KAND,182.88071112067146,88.6,81.5,0.7960604476258709
11.134536083913114,2.9306060270925163,KAND,kandi,11.123456,2.954658,2899.2358805071585,7079.457844,327.0,100.0,427.0,538.0,10,293.6834716796875,295.1524459979082,2.6327962882569977,283.6834716796875,-0.01359157304866856,13.194505448343545,-0.013334989708280722,13.31333570260257,0.0015050252278645834,0.08199096780554031,1,-1.0,-1.0,0,0,1,7,0,25.1,38.0,70.0,13.7,1012.7,kandi/KAND,183.82149629455927,84.2,84.5,0.9076048913904824
11.135969184528639,2.9181546264494425,KAND,kandi,11.123456,2.954658,4221.009035400952,7079.457844,327.0,100.0,427.0,538.0,10,299.6365661621094,289.2611970793219,1.72830091839853,289.6365661621094,-0.007872776499300996,13.170920985585948,-0.007701513252722894,13.104336190040687,0.014996314467430973,0.5041595704649182,1,-1.0,-1.0,0,0,0,0,0,26.8,36.0,58.0,15.8,1010.5,kandi/KAND,239.88586973826605,79.8,85.4,0.8027206052883656
11.119750328778743,2.917861785664186,KAND,kandi,11.123456,2.954658,4040.5568006011404,7079.457844,327.0,100.0,427.0,538.0,10,307.6016540527344,264.14349067229296,1.6925962158976018,297.6016540527344,-0.006307703970404521,9.932874875981728,-0.005884188001376128,9.883921926519331,0.020487220701913753,0.3855926986799252,1,-1.0,-1.0,0,0,0,0,0,35.2,25.0,75.0,18.4,1008.5,kandi/KAND,262.5331864737047,86.1,77.7,0.26603087262166525
11.123953258125479,2.9225022207916314,KAND,kandi,11.123456,2.954658,3513.1837116575125,7079.457844,327.0,100.0,427.0,538.0,10,303.7261962890625,270.9060156025338,2.0096222223454,293.7261962890625,-0.007275491960274306,11.047583814657523,-0.008181933425453893,11.030466131203992,0.009242088381474734,0.2710045246153118,1,-1.0,-1.0,0,0,0,0,0,31.5,32.0,75.0,15.1,1011.5,kandi/KAND,113.91424559135775,81.6,84.4,0.27413439368860837
11.138407275633618,2.9256251186692515,KAND,kandi,11.123456,2.954658,3576.8379602304035,7079.457844,327.0,100.0,427.0,538.0,10,291.78826904296875,297.69555966009153,2.1648658968582613,281.78826904296875,-0.0115380859375,14.068150969074761,-0.011614488581096392,14.097272768672424,-0.012669314719672588,0.38881622165299223,1,-1.0,-1.0,0,0,3,2,0,30.2,23.0,100.0,18.4,1012.1,kandi/KAND,262.6669063662963,85.4,83.4,0.2547283501174674
11.10633050624818,2.9321808202930137,KAND,kandi,11.123456,2.954658,3101.3100769594466,7079.457844,327.0,100.0,427.0,538.0,10,329.3728332519531,232.17388651338615,1.8030373987976298,319.3728332519531,-0.0012668413993639825,2.877498391183324,-0.0013273802943199688,2.877734189236742,-0.0015096028645833336,0.1670755724717738,1,-1.0,-1.0,0,0,0,0,0,33.4,23.0,80.0,18.4,1011.3,kandi/KAND,330.0848336780301,86.8,86.1,0.13503809605623607
11.136184999789707,2.9164206009210942,KAND,kandi,11.123456,2.954658,4407.96337555844,7079.457844,327.0,100.0,427.0,538.0,10,300.4687805175781,288.7444770434742,1.6442320415899476,290.4687805175781,-0.007450082625402188,12.880299945734677,-0.00743828815482308,12.816463577478837,-0.004228747344928295,0.09216435286301637,1,-1.0,-1.0,0,0,0,0,0,30.0,38.0,28.0,18.0,1008.6,kandi/KAND,348.5559072802526,87.5,82.8,0.9437983681037112
11.109883904452287,2.9313967850054934,KAND,kandi,11.123456,2.954658,2951.496660564178,7079.457844,327.0,100.0,427.0,538.0,10,322.0665588378906,239.26560688393698,2.0361575101578273,312.0665588378906,-0.0037908483434606483,3.8102209077887714,-0.003637493876340759,3.848749222946602,0.007537333170572917,0.3317672944765976,1,-1.0,-1.0,0,0,0,0,0,33.4,23.0,80.0,18.4,1011.3,kandi/KAND,182.88071112067146,81.5,88.6,0.40204779815706937
11.13575030115567,2.916722194159437,KAND,kandi,11.123456,2.954658,4361.527666576456,7079.457844,327.0,100.0,427.0,538.0,10,300.4522399902344,288.2817156464359,1.6619449644664945,290.4522399902344,-0.007505282746058078,12.823384874956854,-0.0074376174396740425,12.790883936931401,0.0016113651391316654,0.06817156118870561,1,-1.0,-1.0,0,0,0,0,0,30.4,39.0,60.0,7.6,1009.9,kandi/KAND,348.5559072802526,82.8,87.5,0.22468947454587374
11.115845729738583,2.9184530059181863,KAND,kandi,11.123456,2.954658,4043.7446902165057,7079.457844,327.0,100.0,427.0,538.0,10,310.1669006347656,257.9122727893682,1.6549466631960685,300.1669006347656,-0.005724641349441013,9.166922262749184,-0.005825483337222057,9.128822371320046,-0.009536265108140584,0.18589129777375796,1,-1.0,-1.0,0,0,2,11,0,35.2,25.0,75.0,18.4,1008.5,kandi/KAND,175.32730220931484,87.2,77.9,0.8466710505082435
11.120084430185974,2.9302932274905515,KAND,kandi,11.123456,2.954658,2687.668988378237,7079.457844,327.0,100.0,427.0,538.0,10,306.3452453613281,261.97501093978383,2.5703946256290227,296.3452453613281,-0.010140097207791935,8.759734417739919,-0.009947381503340126,8.876308766983655,-0.01159845987955729,0.5463061396521295,1,-1.0,-1.0,0,0,3,1,0,31.0,31.0,80.0,11.2,1011.0,kandi/KAND,351.7491748390901,85.1,88.4,0.39919530265779046
11.140203160513,2.931450100963559,KAND,kandi,11.123456,2.954658,3139.903522972665,7079.457844,327.0,100.0,427.0,538.0,10,291.50433349609375,306.3349290002227,2.47094099728663,281.50433349609375,-0.013227502495195888,13.741077013148695,-0.013095777279862731,13.844395605388849,0.0043332417805989586,0.2509246160874257,1,-1.0,-1.0,0,0,0,0,0,34.2,16.0,100.0,18.4,1010.2,kandi/KAND,284.3355512418123,85.3,79.7,0.03511681110966658
11.133680446743801,2.909918943274384,KAND,kandi,11.123456,2.954658,5016.4468081672485,7079.457844,327.0,100.0,427.0,538.0,10,301.15093994140625,283.1155920746021,1.4370944460381707,291.15093994140625,-0.0063838171580481145,11.232987637167323,-0.006229687713746057,11.209541300905785,0.007281004669041542,0.21889336538783796,1,-1.0,-1.0,0,0,0,0,0,27.9,27.0,25.0,15.8,1009.5,kandi/KAND,274.500104918019,86.9,81.6,0.16194157024963118
11.123074154203566,2.92385330549692,KAND,kandi,11.123456,2.954658,3365.428367160301,7079.457844,327.0,100.0,427.0,538.0,10,302.18829345703125,269.2791912063087,2.1239222337961348,292.18829345703125,-0.00918498081443584,10.939451730457556,-0.009021692108689692,10.938330362944045,0.0066470675998263895,0.24688983663566083,1,-1.0,-1.0,0,0,0,1,0,31.5,32.0,75.0,15.1,1011.5,kandi/KAND,306.15079813714885,84.4,80.5,0.63925034035617
11.111994410107576,2.9339421869639994,KAND,kandi,11.123456,2.954658,2594.0149150148213,7079.457844,327.0,100.0,427.0,538.0,10,321.9734802246094,240.58511777947152,2.318526139698834,311.9734802246094,-0.0044370868447786765,3.7578233851340537,-0.0042307650105337085,3.8111864192242337,-0.0009897867838541666,0.10979745478033878,1,-1.0,-1.0,0,0,0,0,0,31.0,43.0,40.0,3.6,1008.2,kandi/KAND,169.22313139762375,88.7,90.3,0.782905274171724
11.135909053663308,2.9249458588460433,KAND,kandi,11.123456,2.954658,3525.9523179503167,7079.457844,327.0,100.0,427.0,538.0,10,292.8520202636719,293.1329586586568,2.1788178260368567,282.8520202636719,-0.01148972448664013,13.71055569370997,-0.011275388929578993,13.754965999678893,-0.006318918863932292,0.2839152391015227,1,-1.0,-1.0,0,0,0,0,0,30.2,23.0,100.0,18.4,1012.1,kandi/KAND,315.80426612040435,80.0,85.4,0.21093438848871293
11.114078338056473,2.9315682216333734,KAND,kandi,11.123456,2.954658,2727.3751362021967,7079.457844,327.0,100.0,427.0,538.0,10,314.2488708496094,247.51715459730923,2.3672898144981023,304.2488708496094,-0.007045815176474924,5.443985224968298,-0.007282237852681682,5.612596200895277,-0.026255965230007127,0.7416466644655494,1,-1.0,-1.0,0,0,0,1,0,28.3,38.0,34.0,17.3,1009.3,kandi/KAND,275.9081341679291,87.4,87.3,0.9173955892661422
11.109238349422501,2.9309219810562595,KAND,kandi,11.123456,2.954658,3032.682551313761,7079.457844,327.0,100.0,427.0,538.0,10,321.43841552734375,238.60056644249445,1.9935460664858073,311.43841552734375,-0.010311771347434474,3.7550761378977153,-0.003673816821543856,3.770009238760766,-0.005324101932033487,0.16892493457909494,1,-1.0,-1.0,0,0,0,0,0,31.0,43.0,40.0,3.6,1008.2,kandi/KAND,209.350490283057,88.1,81.5,0.8509971200521644
11.128266334605454,2.9276288763590483,KAND,kandi,11.123456,2.954658,3000.2477993994835,7079.457844,327.0,100.0,427.0,538.0,10,297.3612060546875,280.28300780429277,2.47417505513523,287.3612060546875,-0.011985641368470412,12.249830457219701,-0.011488872341452563,12.299432688250826,0.011440989587661585,0.33692009158544906,1,-1.0,-1.0,0,0,1,3,0,35.3,21.0,79.0,20.2,1008.9,kandi/KAND,366.44460781959253,81.1,82.6,0.8483807540610809
11.11034363285785,2.9328367511371383,KAND,kandi,11.123456,2.954658,2790.4258159384513,7079.457844,327.0,100.0,427.0,538.0,10,323.47625732421875,238.51921760892733,2.124677324027036,313.47625732421875,-0.0035355111166770047,3.5122582798788433,-0.0036948756167763156,3.5726894273795016,-0.014638264973958334,0.5479677103971323,1,-1.0,-1.0,0,0,0,0,0,33.4,23.0,80.0,18.4,1011.3,kandi/KAND,309.17405911533984,88.6,82.3,0.22766114679921412
11.138224287903315,2.9250602909644265,KAND,kandi,11.123456,2.954658,3622.487401127843,7079.457844,327.0,100.0,427.0,538.0,10,291.5671081542969,296.9577103775841,2.1411035703765213,281.5671081542969,-0.011503655720019802,14.064264575651007,-0.01139073979240769,14.115399149728674,-0.0030395507812499994,0.11374844511215192,1,-1.0,-1.0,0,0,1,1,0,30.2,23.0,100.0,18.4,1012.1,kandi/KAND,168.81490751722686,85.4,83.8,0.050535988650057706
11.13922098517184,2.926884581554891,KAND,kandi,11.123456,2.954658,3499.4005828631234,7079.457844,327.0,100.0,427.0,538.0,10,292.0328063964844,300.0525756270856,2.2087267205989822,282.0328063964844,-0.011800085058529326,14.016722221451404,-0.011619144728203783,14.06320572588144,-0.004017893473307292,0.19516956878703162,1,-1.0,-1.0,0,0,1,5,0,32.0,21.0,67.0,18.4,1011.9,kandi/KAND,285.4340773278742,83.8,83.4,0.8674235394825837
11.126079860388856,2.928246027922229,KAND,kandi,11.123456,2.954658,2899.840543094298,7079.457844,327.0,100.0,427.0,538.0,10,297.4830017089844,275.783820553566,2.557329885840849,287.4830017089844,-0.012379592128253528,11.55041962925469,-0.012075778341260992,11.672847141668504,-0.004230077341391775,0.3125844975913346,1,-1.0,-1.0,0,0,1,3,0,35.3,21.0,79.0,20.2,1008.9,kandi/KAND,192.4369964429442,81.1,87.2,0.3058002287385674
11.13933529846466,2.926255858444369,KAND,kandi,11.123456,2.954658,3565.3228471840694,7079.457844,327.0,100.0,427.0,538.0,10,291.6261901855469,299.67757099305265,2.1744521038972286,281.6261901855469,-0.01169874661216828,14.07165082749424,-0.011703811972459423,14.123249433208038,-0.011572995975134276,0.2970846491324034,1,-1.0,-1.0,0,0,1,3,0,32.0,21.0,67.0,18.4,1011.9,kandi/KAND,285.4340773278742,83.8,83.4,0.6189163811735259
11.108183967541162,2.9320457825559356,KAND,kandi,11.123456,2.954658,2992.661410465201,7079.457844,327.0,100.0,427.0,538.0,10,324.7787780761719,235.46248778444632,1.9563083207463712,314.7787780761719,-0.0028931035877222356,3.0571809842360205,-0.0027753842422385626,3.107420908359817,-0.0031097412109375006,0.13083886761606583,1,-1.0,-1.0,0,0,0,0,0,33.4,23.0,80.0,18.4,1011.3,kandi/KAND,330.0848336780301,86.8,86.1,0.7599668837007301
11.118972061808753,2.9181991408763186,KAND,kandi,11.123456,2.954658,4013.627514732221,7079.457844,327.0,100.0,427.0,538.0,10,307.4143981933594,262.85932199007016,1.7066167236139946,297.4143981933594,-0.006446267944895942,9.817711810127546,-0.006314782535328585,9.779629874291869,0.0015370686848958333,0.07131177519179503,1,-1.0,-1.0,0,0,0,0,0,35.2,25.0,75.0,18.4,1008.5,kandi/KAND,329.7372658647473,86.1,87.2,0.12829325851112017
11.136622275347813,2.9144660359443497,KAND,kandi,11.123456,2.954658,4625.794580329224,7079.457844,327.0,100.0,427.0,538.0,10,298.5218200683594,288.46619905523175,1.5909408350773384,288.5218200683594,-0.007484636204217069,12.609096434155953,-0.007673573473686819,12.591383934928556,-0.015247608826159104,0.47117008960268514,1,-1.0,-1.0,0,0,0,0,0,30.4,39.0,60.0,7.6,1009.9,kandi/KAND,365.3384196878242,78.5,86.4,0.7808383545190479
11.116299125936182,2.9306729125936184,KAND,kandi,11.123456,2.954658,2737.1904910188455,7079.457844,327.0,100.0,427.0,538.0,10,310.72576904296875,253.08791836776135,2.432428377927719,300.72576904296875,-0.008188264266304347,6.894997912843992,-0.008287206980308118,6.964894966217782,-0.009007094774968352,0.271627446230665,1,-1.0,-1.0,0,0,0,8,0,35.5,22.0,100.0,11.2,1009.7,kandi/KAND,234.26260072818872,88.4,87.4,0.9385114589610658
11.139724980071248,2.9058192725226073,KAND,kandi,11.123456,2.954658,5630.425754945756,7079.457844,327.0,100.0,427.0,538.0,10,296.732421875,288.75725222918845,1.3253795397206143,286.732421875,-0.0065407054266085575,12.089275662453177,-0.006496544553522477,12.057193905797638,-0.009927029079861111,0.3697129727029556,1,-1.0,-1.0,0,0,0,0,0,26.0,22.0,47.0,14.0,1010.5,kandi/KAND,242.2242803683185,83.3,83.6,0.728374965746409
11.12639851876785,2.9309233153548715,KAND,kandi,11.123456,2.954658,2613.1575800619917,7079.457844,327.0,100.0,427.0,538.0,10,299.1214599609375,277.20343771661396,2.8016145402666672,289.1214599609375,-0.012956029718572444,11.21177786628427,-0.012832400457956854,11.278558539839056,-0.005354445465393615,0.2172786717036598,1,-1.0,-1.0,0,0,2,3,0,35.3,21.0,79.0,20.2,1008.9,kandi/KAND,193.7196474289899,83.3,79.8,0.4412227484805581
11.14084290360678,2.9062556041299503,KAND,kandi,11.123456,2.954658,5626.334737920454,7079.457844,327.0,100.0,427.0,538.0,10,298.3086242675781,290.1125621681156,1.3103001441653972,288.3086242675781,-0.00620864435290614,12.333753679235858,-0.006268401564213269,12.290405022700357,-0.00563812255859375,0.31148749452076036,1,-1.0,-1.0,0,0,0,3,0,28.4,37.0,100.0,3.6,1009.9,kandi/KAND,359.64685178650427,78.5,83.3,0.8766781387517029
11.131382135583769,2.9219354779693805,KAND,kandi,11.123456,2.954658,3680.571312413711,7079.457844,327.0,100.0,427.0,538.0,10,298.37896728515625,283.8701428284065,2.001440537729486,288.37896728515625,-0.009550755852204471,12.550523098108274,-0.009287101236979163,12.52871090990037,-0.0044308132595486105,0.19615591631553755,1,-1.0,-1.0,0,0,3,5,0,30.0,38.0,28.0,18.0,1008.6,kandi/KAND,375.96242378723446,86.0,86.6,0.527457630072559
11.132253266969014,2.9216333042701232,KAND,kandi,11.123456,2.954658,3736.5631703402,7079.457844,327.0,100.0,427.0,538.0,10,297.85693359375,285.19223614439574,1.979468345200105,287.85693359375,-0.009420660424183564,12.698483000659765,-0.00925827226613763,12.675229512722995,0.0007789611816406252,0.12797964824013777,1,-1.0,-1.0,0,0,0,4,0,30.7,25.0,24.0,16.6,1009.0,kandi/KAND,375.96242378723446,86.6,86.0,0.7447709278167541
11.135908969339017,2.9277899758629435,KAND,kandi,11.123456,2.954658,3242.222227402497,7079.457844,327.0,100.0,427.0,538.0,10,294.2096252441406,295.2872648070223,2.345329098119597,284.2096252441406,-0.011962004028693617,13.660740007733992,-0.011912139949402973,13.68255035455879,-0.001333993240261794,0.07045845068215939,1,-1.0,-1.0,0,0,5,8,0,30.2,23.0,100.0,18.4,1012.1,kandi/KAND,397.9469977270289,80.0,85.1,0.8205059438586041
11.139141708445115,2.920258524524674,KAND,kandi,11.123456,2.954658,4138.996070895916,7079.457844,327.0,100.0,427.0,538.0,10,298.2720947265625,294.9290099170158,1.7813954964582166,288.2720947265625,-0.00846253553046823,13.768670208374132,-0.008010917978182309,13.700723054799393,0.01774041297128394,0.41744479388069994,1,-1.0,-1.0,0,0,0,0,0,30.2,29.0,65.0,16.6,1012.8,kandi/KAND,387.1975309838644,82.9,85.2,0.749352861699006
11.128102326528891,2.928265693970288,KAND,kandi,11.123456,2.954658,2928.572553228832,7079.457844,327.0,100.0,427.0,538.0,10,296.8717956542969,280.17435936622957,2.5442073615399714,286.8717956542969,-0.012347759916717608,12.158794674326886,-0.011761897898449511,12.234577650406857,0.01278950729136646,0.31077541399060427,1,-1.0,-1.0,0,0,0,5,0,33.0,34.0,28.0,16.2,1007.9,kandi/KAND,386.7215149173957,82.6,83.3,0.28785487604815396
11.135654174731263,2.9175175798099837,KAND,kandi,11.123456,2.954658,4275.6907049398205,7079.457844,327.0,100.0,427.0,538.0,10,300.1227111816406,288.5104780531623,1.6997021203042557,290.1227111816406,-0.007739549472337558,12.974911069189357,-0.00756506908899066,12.90901091924201,0.0042689005533854164,0.1947533385329749,1,-1.0,-1.0,0,0,1,0,0,30.4,39.0,60.0,7.6,1009.9,kandi/KAND,371.02901908073824,85.4,86.4,0.11784390090583108
11.109783824713027,2.9320009973685246,KAND,kandi,11.123456,2.954658,2900.618295194497,7079.457844,327.0,100.0,427.0,538.0,10,322.4270324707031,238.4114795744747,2.0647307780754076,312.4270324707031,-0.0038208805176803075,3.6214617842323595,-0.0034191298565077865,3.659487361182354,0.0037400987413194445,0.3059688132842617,1,-1.0,-1.0,0,0,0,0,0,33.4,23.0,80.0,18.4,1011.3,kandi/KAND,320.7240494333438,88.6,88.1,0.23833852936206013
11.111215285103352,2.935089686147278,KAND,kandi,11.123456,2.954658,2530.4569530430426,7079.457844,327.0,100.0,427.0,538.0,10,327.9676513671875,237.48435013331425,2.241192586336684,317.9676513671875,-0.0025734078612122072,3.2695412188524844,-0.0020921109284751144,3.251751950443529,0.004380943965310611,0.45857407208421697,1,-1.0,-1.0,0,0,0,0,0,31.0,43.0,40.0,3.6,1008.2,kandi/KAND,256.65974849969416,90.3,85.8,0.5028749369803532
11.11612567292372,2.917992123845096,KAND,kandi,11.123456,2.954658,4086.7449349825824,7079.457844,327.0,100.0,427.0,538.0,10,309.41546630859375,258.48729806465707,1.648069422370934,299.41546630859375,-0.005914253118117822,9.263590234141128,-0.005717775308174886,9.243019530954209,0.00018288378402461593,0.05852721927369637,1,-1.0,-1.0,0,0,0,11,0,35.2,25.0,75.0,18.4,1008.5,kandi/KAND,175.32730220931484,87.2,77.9,0.5052769222930958
11.11841386042465,2.9245993030118558,KAND,kandi,11.123456,2.954658,3330.7247349624545,7079.457844,327.0,100.0,427.0,538.0,10,303.07171630859375,260.3017798800795,2.130855658402381,293.07171630859375,-0.009085095434219656,9.690196939731567,-0.008791531006642067,9.767249349629797,0.005162824704676561,0.13769124156940216,1,-1.0,-1.0,0,0,0,0,0,33.2,27.0,75.0,15.8,1010.6,kandi/KAND,116.63871176489182,88.5,78.9,0.5826443493145376
11.135174995627693,2.929823363736889,KAND,kandi,11.123456,2.954658,3006.721980511063,7079.457844,327.0,100.0,427.0,538.0,10,293.7292175292969,295.6864783933602,2.5379329156090256,283.7292175292969,-0.013068039897251442,13.445425233579252,-0.012854129043917747,13.487020616882504,0.00395285794950482,0.12024973518692864,1,-1.0,-1.0,0,0,3,3,0,25.1,38.0,70.0,13.7,1012.7,kandi/KAND,302.509112755308,84.5,85.1,0.39510183754789086
11.12182311214082,2.924999506754125,KAND,kandi,11.123456,2.954658,3244.9878343109262,7079.457844,327.0,100.0,427.0,538.0,10,301.6034240722656,266.7913461251792,2.2129887221108824,291.6034240722656,-0.008966909007169784,10.52751161855661,-0.00948659407806113,10.550838774421957,0.00836650978098783,0.27609598546180303,1,-1.0,-1.0,0,0,0,0,0,31.0,31.0,80.0,11.2,1011.0,kandi/KAND,386.05135929607223,87.2,80.5,0.7868913814500277
11.124496209868136,2.92287001477255,KAND,kandi,11.123456,2.954658,3474.4772143363634,7079.457844,327.0,100.0,427.0,538.0,10,303.32891845703125,271.91316951935505,2.0385342616724746,293.32891845703125,-0.008595580548916381,11.205116079682098,-0.008226448921316385,11.170194235820341,0.012832795878742906,0.3123613918140918,1,-1.0,-1.0,0,0,0,0,0,31.5,32.0,75.0,15.1,1011.5,kandi/KAND,113.91424559135775,81.6,84.4,0.9131537503472078
11.110804629087706,2.9354978381628287,KAND,kandi,11.123456,2.954658,2517.8656753857554,7079.457844,327.0,100.0,427.0,538.0,10,331.0318603515625,236.06433124253732,2.1827649786530747,321.0318603515625,-0.0008805457148184724,3.110366681131482,-0.0014984926770898114,3.074630941985556,-0.010389108869977366,0.4231573526049779,1,-1.0,-1.0,0,0,0,2,0,30.3,45.0,32.0,11.2,1007.8,kandi/KAND,256.65974849969416,85.8,90.3,0.24672505347947127
11.10490789807703,2.9268620288814566,KAND,kandi,11.123456,2.954658,3664.739730384264,7079.457844,327.0,100.0,427.0,538.0,10,322.35089111328125,235.78505980593084,1.6356750422193005,312.35089111328125,-0.00297411580072832,3.5925479915792216,-0.003069223130368064,3.6416590817600305,-0.011988650564761916,0.5524743623493324,1,-1.0,-1.0,0,0,0,0,0,31.4,32.0,75.0,16.2,1012.0,kandi/KAND,277.7596185553782,83.6,80.7,0.736523217701888
11.130385245035928,2.9217708597644463,KAND,kandi,11.123456,2.954658,3673.463524700807,7079.457844,327.0,100.0,427.0,538.0,10,299.96014404296875,282.1224993336955,1.980677851236947,289.96014404296875,-0.009042068936314365,12.290008481677699,-0.008865397135416666,12.254383490218796,0.0018618265787760419,0.09084967189943717,1,-1.0,-1.0,0,0,0,1,0,26.8,36.0,58.0,15.8,1010.5,kandi/KAND,296.59233233508934,85.7,86.6,0.6779718525450447
11.105113978821125,2.931242282576333,KAND,kandi,11.123456,2.954658,3264.9863325676342,7079.457844,327.0,100.0,427.0,538.0,10,329.51568603515625,231.40212850265976,1.7102003888096298,319.51568603515625,-0.001165043542144495,2.9924004846996004,-0.0018244652348220246,3.00556394326661,-0.02517529832383159,0.4765938290280532,1,-1.0,-1.0,0,0,0,0,0,33.4,23.0,80.0,18.4,1011.3,kandi/KAND,268.61311974672043,86.8,86.3,0.523090499279315
11.137614574135798,2.9250479498602413,KAND,kandi,11.123456,2.954658,3593.7934717111816,7079.457844,327.0,100.0,427.0,538.0,10,292.0329284667969,295.98443621667536,2.1507666162085743,282.0329284667969,-0.011470124986436632,13.972918618753583,-0.011399799617913254,14.02569815426008,-0.004786851671006945,0.17627943359838003,1,-1.0,-1.0,0,0,0,2,0,30.2,23.0,100.0,18.4,1012.1,kandi/KAND,315.80426612040435,85.4,80.0,0.18853023387416024
11.115663367936639,2.9294631112888974,KAND,kandi,11.123456,2.954658,2884.193775463194,7079.457844,327.0,100.0,427.0,538.0,10,309.2445983886719,252.50697006876564,2.3379644272672135,299.2445983886719,-0.008275182140651847,7.13590173460209,-0.008259847010015331,7.220197978357984,-0.0071534832299452655,0.3573998020344823,1,-1.0,-1.0,0,0,1,6,0,28.3,38.0,34.0,17.3,1009.3,kandi/KAND,392.9995717554643,87.3,89.2,0.7952322585827095
11.116146435393707,2.9287688461574297,KAND,kandi,11.123456,2.954658,2941.521499912438,7079.457844,327.0,100.0,427.0,538.0,10,307.60235595703125,253.94970114543474,2.324384767508676,297.60235595703125,-0.008660950323547979,7.634385795195863,-0.008745801153057599,7.7167944031824645,-0.011249198591503298,0.3404339257434432,0,-1.0,2741.097189297161,0,3,1,1,0,33.2,27.0,75.0,15.8,1010.6,kandi/KAND,377.1768718948386,85.9,89.2,0.9606262856288327
11.14117271217648,2.916276855878789,KAND,kandi,11.123456,2.954658,4628.102744679508,7079.457844,327.0,100.0,427.0,538.0,10,293.3288269042969,295.1984101077168,1.6543853705277405,283.3288269042969,-0.008531367858639298,13.381177546837408,-0.008683626201646909,13.378796081463165,-0.011694300875396321,0.34532247237047775,0,-1.0,4405.508624694922,0,3,0,0,0,26.8,36.0,58.0,15.8,1010.5,kandi/KAND,215.05945643006783,85.5,82.2,0.7218363322336134
11.1455085759946,2.9204091706094144,KAND,kandi,11.123456,2.954658,4466.266698615451,7079.457844,327.0,100.0,427.0,538.0,10,290.9994812011719,303.2780177200429,1.7441521465015195,280.9994812011719,-0.009461599087627401,14.380855839281145,-0.009444257973913359,14.3697123887305,-0.0034683523085000897,0.09434328844077805,1,-1.0,-1.0,0,0,0,0,0,32.0,21.0,67.0,18.4,1011.9,kandi/KAND,357.0009189063783,81.8,81.4,0.917859996625734
11.124556562788957,2.9229108976710934,KAND,kandi,11.123456,2.954658,3470.240981606683,7079.457844,327.0,100.0,427.0,538.0,10,303.32891845703125,272.02650070761166,2.0410206614073583,293.32891845703125,-0.008572091877637059,11.220426770249766,-0.008148646951556236,11.184973736749823,0.01589300668930881,0.3123613918140918,1,-1.0,-1.0,0,0,0,0,0,31.5,32.0,75.0,15.1,1011.5,kandi/KAND,113.91424559135775,81.6,84.4,0.9841852649479997
11.111709011827259,2.921049240310539,KAND,kandi,11.123456,2.954658,3894.709482469714,7079.457844,327.0,100.0,427.0,538.0,10,312.7789306640625,250.3970186705194,1.6798454300543053,302.7789306640625,-0.00523646030316244,7.8463684467603185,-0.004940942321160828,7.817109063071904,0.015561591254340278,0.6134774298997278,1,-1.0,-1.0,0,0,0,0,0,36.4,21.0,100.0,14.8,1008.9,kandi/KAND,259.1606293612586,87.9,82.3,0.3520506742392382
11.13626034431132,2.9183586027943713,KAND,kandi,11.123456,2.954658,4210.687340602717,7079.457844,327.0,100.0,427.0,538.0,10,298.93359375,289.77722187078587,1.7420916520686913,288.93359375,-0.008130445547983155,13.262613261487918,-0.007699058593011855,13.223780570408515,0.02636904452278607,0.888500922490032,1,-1.0,-1.0,0,0,0,1,0,26.8,36.0,58.0,15.8,1010.5,kandi/KAND,239.88586973826605,79.8,85.4,0.6382235529263369
11.11128170761978,2.933293698560466,KAND,kandi,11.123456,2.954658,2694.5704945383527,7079.457844,327.0,100.0,427.0,538.0,10,322.7874450683594,239.85657720109447,2.214811312731053,312.7874450683594,-0.003914225189816528,3.6316947269189495,-0.0036051432291666664,3.657765551368843,0.005307685004340278,0.2691840487317707,1,-1.0,-1.0,0,0,0,0,0,31.0,43.0,40.0,3.6,1008.2,kandi/KAND,289.5291964551508,90.3,88.6,0.47393273763807797
11.109522435265417,2.930868184904266,KAND,kandi,11.123456,2.954658,3021.558451150235,7079.457844,327.0,100.0,427.0,538.0,10,320.7805480957031,239.1695731002622,2.0133389004328293,310.7805480957031,-0.004378548140548918,3.860032017102055,-0.003957310154985841,3.9289174704321868,-0.013405354817708333,0.5826694608042412,1,-1.0,-1.0,0,0,0,0,0,33.4,23.0,80.0,18.4,1011.3,kandi/KAND,182.88071112067146,88.6,81.5,0.9866287468632301
11.129625328112482,2.919995157281301,KAND,kandi,11.123456,2.954658,3847.5947063539843,7079.457844,327.0,100.0,427.0,538.0,10,301.8917236328125,280.28447146948633,1.8623717126875394,291.8917236328125,-0.008122391417353037,11.885734866666754,-0.007971883946279965,11.85767915392984,0.005659144662937558,0.2182478157571562,1,-1.0,-1.0,0,0,0,3,0,25.9,36.0,63.0,14.4,1011.3,kandi/KAND,303.403835341593,74.6,86.6,0.09380782400772492
11.145450307539424,2.9195779326251263,KAND,kandi,11.123456,2.954658,4539.142535880338,7079.457844,327.0,100.0,427.0,538.0,10,291.1341857910156,302.5820706385685,1.7144679041228446,281.1341857910156,-0.009252454523454632,14.256206682327512,-0.009247989696095452,14.252841188399875,-0.004489813910590278,0.173269446107623,1,-1.0,-1.0,0,0,0,0,0,30.2,29.0,65.0,16.6,1012.8,kandi/KAND,169.91341088926387,81.4,75.9,0.4123749142972246
11.140149359120317,2.928760948718368,KAND,kandi,11.123456,2.954658,3378.2769195050505,7079.457844,327.0,100.0,427.0,538.0,10,292.8428649902344,303.30601245480676,2.2741181290362023,282.8428649902344,-0.011941744373962946,13.996284791223085,-0.011907701814208518,14.031416952357965,-0.006079591627895832,0.10143434324952423,1,-1.0,-1.0,0,0,0,0,0,34.2,16.0,100.0,18.4,1010.2,kandi/KAND,232.1598899465155,83.4,79.7,0.8755390445272362
11.134803748800527,2.906620861572632,KAND,kandi,11.123456,2.954658,5395.604121930242,7079.457844,327.0,100.0,427.0,538.0,10,302.4129333496094,283.5413268053186,1.3227517624366125,292.4129333496094,-0.005718908700798527,11.056358010273563,-0.00565141057262203,11.006175895527027,0.0018261711376662767,0.09487940192227597,1,-1.0,-1.0,0,0,0,0,0,28.4,37.0,100.0,3.6,1009.9,kandi/KAND,348.3702771476682,79.6,81.9,0.28405131052651544
11.132696572135703,2.9242932219430755,KAND,kandi,11.123456,2.954658,3470.9689650373675,7079.457844,327.0,100.0,427.0,538.0,10,296.8908386230469,287.2342147633876,2.146725380197751,286.8908386230469,-0.010469695343368354,13.057427620287147,-0.010491578135520454,13.062111767416567,-0.007840520053561473,0.2771637169164258,1,-1.0,-1.0,0,0,2,5,0,33.0,34.0,28.0,16.2,1007.9,kandi/KAND,276.00636025271393,84.8,82.4,0.7877928506388727
11.109486940668445,2.9320766286997295,KAND,kandi,11.123456,2.954658,2910.8709990486823,7079.457844,327.0,100.0,427.0,538.0,10,323.0545959472656,237.77326241026924,2.0451278766572405,313.0545959472656,-0.0035294785122691155,3.4694337513473315,-0.00332843085120996,3.5073943867757063,0.004281587140106056,0.3249935115218952,1,-1.0,-1.0,0,0,0,0,0,31.0,43.0,40.0,3.6,1008.2,kandi/KAND,173.06789013672005,86.1,88.6,0.3827831627802557
11.123703711460898,2.922403614626642,KAND,kandi,11.123456,2.954658,3523.63304046489,7079.457844,327.0,100.0,427.0,538.0,10,303.6345520019531,270.4515547495219,2.005155907560396,293.6345520019531,-0.008326013036007428,11.039285637025243,-0.008169742160373264,11.007705357956944,0.005465698242187501,0.2529772683536049,1,-1.0,-1.0,0,0,0,0,0,31.0,31.0,80.0,11.2,1011.0,kandi/KAND,340.76806176995353,82.0,81.6,0.9799785398901583
11.134317763474371,2.9064197641962917,KAND,kandi,11.123456,2.954658,5404.7719786208,7079.457844,327.0,100.0,427.0,538.0,10,303.4832763671875,282.92936486033267,1.3091681462046099,293.4832763671875,-0.0054957830664422195,10.887233665674636,-0.005454813592084975,10.860118580064023,-0.0006929496081898445,0.16667809492221577,1,-1.0,-1.0,0,0,0,0,0,28.4,37.0,100.0,3.6,1009.9,kandi/KAND,348.3702771476682,81.9,79.6,0.8835298364237075
11.134313469068829,2.9180497359284674,KAND,kandi,11.123456,2.954658,4175.530293543941,7079.457844,327.0,100.0,427.0,538.0,10,299.6018371582031,286.8219834489068,1.7475896001217113,289.6018371582031,-0.008029414585658482,12.738510554528908,-0.007841514807732684,12.708094175522557,0.010304869574758265,0.3333780046809854,1,-1.0,-1.0,0,0,0,0,0,30.0,38.0,28.0,18.0,1008.6,kandi/KAND,208.75379014506763,87.5,85.4,0.30132035766261533
11.111878259446156,2.933107008398558,KAND,kandi,11.123456,2.954658,2680.1010597123004,7079.457844,327.0,100.0,427.0,538.0,10,321.85443115234375,241.3013634608779,2.2466725093481172,311.85443115234375,-0.004400704658745622,3.977389059705898,-0.004081207102770366,3.993086772615191,0.009965998481590561,0.336768792457045,1,-1.0,-1.0,0,0,0,0,0,31.0,43.0,40.0,3.6,1008.2,kandi/KAND,169.22313139762375,90.3,88.7,0.7701931135378551
11.126915165402792,2.9267831846060917,KAND,kandi,11.123456,2.954658,3069.02435351489,7079.457844,327.0,100.0,427.0,538.0,10,298.05645751953125,277.21079607794917,2.405838934055026,288.05645751953125,-0.011343259692767862,12.053407635398882,-0.010981314476770409,12.063221996958221,0.01406269536084809,0.48186321865546383,1,-1.0,-1.0,0,0,0,3,0,35.7,22.0,60.0,14.8,1008.1,kandi/KAND,213.30780787394355,81.0,87.2,0.3368565438332687
11.138545926030737,2.9278616285704486,KAND,kandi,11.123456,2.954658,3369.677048712824,7079.457844,327.0,100.0,427.0,538.0,10,292.7801818847656,299.8553823716125,2.280980003599599,282.7801818847656,-0.011960234965546646,13.882843720824143,-0.01191687568966974,13.90971339215365,-0.0027483671362695428,0.10100529660093306,1,-1.0,-1.0,0,0,0,6,0,25.1,38.0,70.0,13.7,1012.7,kandi/KAND,250.43971430260106,83.4,83.4,0.6063628402155351
11.135098372501197,2.9299476753826723,KAND,kandi,11.123456,2.954658,2990.8158088342316,7079.457844,327.0,100.0,427.0,538.0,10,293.7292175292969,295.6519785397847,2.5514127132499125,283.7292175292969,-0.013182281270404762,13.402612135074726,-0.012914540409262662,13.49503048332889,0.0018988715277777778,0.07034246936840995,1,-1.0,-1.0,0,0,2,1,0,25.1,38.0,70.0,13.7,1012.7,kandi/KAND,302.509112755308,85.1,84.5,0.658480768393292
11.116486369870467,2.9292356970441014,KAND,kandi,11.123456,2.954658,2882.233329520457,7079.457844,327.0,100.0,427.0,538.0,10,308.0181579589844,254.39210169038518,2.3638922041183568,298.0181579589844,-0.01564475312356272,7.5908018662110415,-0.00880934594538634,7.666256259014842,-0.014985509215953777,0.5040827543572628,1,-1.0,-1.0,0,0,2,6,0,35.5,22.0,100.0,11.2,1009.7,kandi/KAND,323.68254725880485,88.4,89.2,0.829595409085705
11.136266916830523,2.9163637670051785,KAND,kandi,11.123456,2.954658,4416.745440294996,7079.457844,327.0,100.0,427.0,538.0,10,300.4687805175781,288.830588141572,1.640964511323379,290.4687805175781,-0.00740013466225014,12.86093885282769,-0.007402347729433474,12.82960679218393,-0.0024437062172445166,0.08327511600828275,1,-1.0,-1.0,0,0,0,0,0,30.4,39.0,60.0,7.6,1009.9,kandi/KAND,348.5559072802526,82.8,87.5,0.02445084088201488
11.125934268414959,2.928275146317008,KAND,kandi,11.123456,2.954658,2895.1070000062,7079.457844,327.0,100.0,427.0,538.0,10,297.4830017089844,275.4710159362161,2.5615055936988975,287.4830017089844,-0.012435893923227456,11.50041195381661,-0.011898903604351592,11.619395799567004,0.0016818436373501958,0.18046242302376841,1,-1.0,-1.0,0,0,1,5,0,35.3,21.0,79.0,20.2,1008.9,kandi/KAND,192.4369964429442,81.1,87.2,0.22015789115229967
11.13863397807821,2.9242877739791187,KAND,kandi,11.123456,2.954658,3718.243737049253,7079.457844,327.0,100.0,427.0,538.0,10,291.3226013183594,296.99480398737325,2.089775547780986,281.3226013183594,-0.01129012302890315,14.136434643523815,-0.010471880802786819,14.157527798512742,0.027201337771668943,0.6476832455170184,1,-1.0,-1.0,0,0,0,0,0,30.2,23.0,100.0,18.4,1012.1,kandi/KAND,357.7042813554138,84.6,85.4,0.7119178105885787
11.140250717091327,2.930097380513358,KAND,kandi,11.123456,2.954658,3263.372027645419,7079.457844,327.0,100.0,427.0,538.0,10,292.4587707519531,304.87574109080754,2.3608345831094013,282.4587707519531,-0.01256029949452133,13.969649045472567,-0.012072290794951587,14.009723010686873,0.0010435429956454415,0.15116955310402372,1,-1.0,-1.0,0,0,0,4,0,34.2,16.0,100.0,18.4,1010.2,kandi/KAND,284.3355512418123,85.3,79.7,0.5635232369695373
11.127615111425953,2.928841690491985,KAND,kandi,11.123456,2.954658,2857.4797260978935,7079.457844,327.0,100.0,427.0,538.0,10,296.61102294921875,279.32667254350605,2.6126377637266085,286.61102294921875,-0.012748040093315973,11.989954888304366,-0.012527938666898423,12.041819073433775,0.0033487656557010226,0.11125546727917432,1,-1.0,-1.0,0,0,0,5,0,35.3,21.0,79.0,20.2,1008.9,kandi/KAND,386.7215149173957,83.3,82.6,0.4956050782011431
11.12363805461396,2.9224568231794765,KAND,kandi,11.123456,2.954658,3517.7719399674997,7079.457844,327.0,100.0,427.0,538.0,10,303.6345520019531,270.3332356568408,2.008494044011945,293.6345520019531,-0.008230920867709787,11.007336395016209,-0.008227530048319682,10.992270366239968,0.007718592154499941,0.23816925525615787,1,-1.0,-1.0,0,0,0,0,0,31.5,32.0,75.0,15.1,1011.5,kandi/KAND,280.0326934020449,81.6,80.5,0.055209956707980457
11.116868793149443,2.929586103490419,KAND,kandi,11.123456,2.954658,2834.196191365467,7079.457844,327.0,100.0,427.0,538.0,10,309.0481872558594,255.01253639906435,2.3831248565419023,299.0481872558594,-0.008518312688459428,7.571661907231477,-0.00878075668492268,7.725642195728946,-0.009116109212239583,0.5332216551638458,1,-1.0,-1.0,0,0,1,5,0,35.5,22.0,100.0,11.2,1009.7,kandi/KAND,323.68254725880485,89.2,88.4,0.3482758834614562
11.109822967461968,2.9311076585570506,KAND,kandi,11.123456,2.954658,2982.1373349138266,7079.457844,327.0,100.0,427.0,538.0,10,321.3836669921875,239.46342902993965,2.0283579333873734,311.3836669921875,-0.003980570475260416,3.873135757293449,-0.0040996177523743875,3.9516649587505386,0.00021820068359375017,0.2998950018274419,1,-1.0,-1.0,0,0,0,0,0,31.0,43.0,40.0,3.6,1008.2,kandi/KAND,333.563772763011,88.7,81.5,0.8651002319106483
11.141123089283704,2.918463191127929,KAND,kandi,11.123456,2.954658,4410.463939456147,7079.457844,327.0,100.0,427.0,538.0,10,296.3121643066406,296.4525319577349,1.6972525320143605,286.3121643066406,-0.008429061715619602,13.545170053678277,-0.008728017658058819,13.5185514428229,-0.06130017812369215,2.0285268007172967,0,-1.0,4304.400678387061,0,1,0,1,0,30.2,29.0,65.0,16.6,1012.8,kandi/KAND,312.10744640271304,82.9,82.2,0.030892837036032184
11.13892648045662,2.9323548110822575,KAND,kandi,11.123456,2.954658,2977.3147291821633,7079.457844,327.0,100.0,427.0,538.0,10,292.28143310546875,305.2603067889809,2.590772091056894,282.28143310546875,-0.013681315104166668,13.630415428337209,-0.013556827400168102,13.675037249145808,-0.0002123563481941764,0.20568077514447944,1,-1.0,-1.0,0,0,0,1,0,33.4,16.0,49.0,20.9,1010.0,kandi/KAND,278.04558367284955,76.8,85.3,0.3964362353648121
11.123766941525304,2.922376010451548,KAND,kandi,11.123456,2.954658,3526.7093762258583,7079.457844,327.0,100.0,427.0,538.0,10,303.6345520019531,270.5655378390043,2.0034082432840234,293.6345520019531,-0.008346781840749813,11.048491028458482,-0.007647605711475908,11.013988575751458,0.021129791709108205,0.3429735335448748,1,-1.0,-1.0,0,0,0,0,0,31.5,32.0,75.0,15.1,1011.5,kandi/KAND,113.91424559135775,84.4,81.6,0.9451482876707726
11.127221330641746,2.928119393579272,KAND,kandi,11.123456,2.954658,2928.8732867273175,7079.457844,327.0,100.0,427.0,538.0,10,296.8465576171875,278.2304229337896,2.5444392119579877,286.8465576171875,-0.012407762177136482,11.961348215109428,-0.012043060302734377,12.04858428164508,0.0028798421223958336,0.15571924066858614,1,-1.0,-1.0,0,0,0,5,0,35.7,22.0,60.0,14.8,1008.1,kandi/KAND,253.12137819628967,87.2,83.3,0.05088073454501463
11.134010235399165,2.929652926660985,KAND,kandi,11.123456,2.954658,2970.579200199185,7079.457844,327.0,100.0,427.0,538.0,10,294.44647216796875,293.27846953762855,2.554964026088677,284.44647216796875,-0.01308788085145838,13.264256509911004,-0.012631339598209645,13.34467221097612,0.010979437954025223,0.30258924366376244,1,-1.0,-1.0,0,0,2,10,0,25.1,38.0,70.0,13.7,1012.7,kandi/KAND,183.82149629455927,84.5,84.2,0.7497057510446368
11.141093794144751,2.917172807650769,KAND,kandi,11.123456,2.954658,4535.8659232566715,7079.457844,327.0,100.0,427.0,538.0,10,294.45941162109375,295.6236724512024,1.6737390832729508,284.45941162109375,-0.008523238332648026,13.443818841923862,-0.008720556476200481,13.43630043078853,-0.01777185847632869,0.5002772083286122,1,-1.0,-1.0,0,0,0,1,0,26.8,36.0,58.0,15.8,1010.5,kandi/KAND,215.05945643006783,85.5,82.2,0.25761261618203646
11.133916712934278,2.929483417193377,KAND,kandi,11.123456,2.954658,2983.5883514573156,7079.457844,327.0,100.0,427.0,538.0,10,294.8526611328125,292.9546013003523,2.536053453663743,284.8526611328125,-0.012631968976223554,13.288034616497654,-0.012471008300781251,13.353059202157393,0.006879170735677084,0.34800776648299,1,-1.0,-1.0,0,0,2,10,0,25.1,38.0,70.0,13.7,1012.7,kandi/KAND,183.82149629455927,84.5,84.2,0.8666088321536725
11.112435055813677,2.9220080441496674,KAND,kandi,11.123456,2.954658,3769.3890424494316,7079.457844,327.0,100.0,427.0,538.0,10,310.765869140625,251.0196911760656,1.7662319800595032,300.765869140625,-0.005968124147445437,8.022399730980524,-0.005755559603373209,8.020999611488888,0.007280222574869792,0.32602450907852126,1,-1.0,-1.0,0,0,0,0,0,33.2,27.0,75.0,15.8,1010.6,kandi/KAND,172.33978820923755,85.3,87.9,0.746067978959365
11.114571735158734,2.935670563498647,KAND,kandi,11.123456,2.954658,2295.2783022781537,7079.457844,327.0,100.0,427.0,538.0,10,320.6239318847656,244.5075306980737,2.6535089784445463,310.6239318847656,-0.0058512861504926485,4.09988434321561,-0.005136507573510021,4.154705100960946,-0.00010147094726562552,0.2490176117159478,1,-1.0,-1.0,0,0,0,0,0,36.2,24.0,60.0,11.2,1006.9,kandi/KAND,271.9160182852466,88.7,89.9,0.8857051708583629
11.13818083768626,2.928878070222756,KAND,kandi,11.123456,2.954658,3253.2797166070495,7079.457844,327.0,100.0,427.0,538.0,10,293.0955810546875,300.2072356964481,2.3569537768537296,283.0955810546875,-0.012335833394341293,13.802748879613201,-0.012145372911974473,13.85967774611617,-0.0029660542805989582,0.14687309644358357,1,-1.0,-1.0,0,0,3,2,0,25.1,38.0,70.0,13.7,1012.7,kandi/KAND,298.9384769478677,83.4,79.7,0.215924790431266
11.139197245219005,2.921626939132228,KAND,kandi,11.123456,2.954658,4006.4368456010548,7079.457844,327.0,100.0,427.0,538.0,10,296.7176208496094,295.9088551512921,1.8625030916152783,286.7176208496094,-0.008982524745815125,13.957498746045077,-0.008929796037030221,13.905286827243643,0.009382336759201627,0.5539045927025626,1,-1.0,-1.0,0,0,0,0,0,30.2,23.0,100.0,18.4,1012.1,kandi/KAND,224.00284038368383,85.2,84.6,0.5312927548186049
11.111244569621315,2.9226314015310337,KAND,kandi,11.123456,2.954658,3750.414844658004,7079.457844,327.0,100.0,427.0,538.0,10,312.4164123535156,248.76784385090616,1.7499702468290674,302.4164123535156,-0.005571783603547072,7.468346655500581,-0.0052614628565522195,7.4741188451819935,0.013969925704567144,0.3289591118545572,1,-1.0,-1.0,0,0,0,0,0,33.2,27.0,75.0,15.8,1010.6,kandi/KAND,246.3349853351433,85.3,85.9,0.7792699435748007
11.111109086487284,2.9325717731123877,KAND,kandi,11.123456,2.954658,2772.5188852454003,7079.457844,327.0,100.0,427.0,538.0,10,322.20013427734375,240.33095321117668,2.1647220107270386,312.20013427734375,-0.0041495110311660565,3.821734793818892,-0.004157672012061403,3.885122352822583,-0.015286000569661458,0.6866531134561418,1,-1.0,-1.0,0,0,0,0,0,31.0,43.0,40.0,3.6,1008.2,kandi/KAND,336.60591917685895,88.7,86.1,0.24569974299498099
11.121066338067797,2.929304752441284,KAND,kandi,11.123456,2.954658,2782.231732766863,7079.457844,327.0,100.0,427.0,538.0,10,304.7957458496094,264.51551305720426,2.5149919815039254,294.7957458496094,-0.010225674755684365,9.236785964298347,-0.010206984135142544,9.349731550762678,-0.006225246853298612,0.23218629560019424,1,-1.0,-1.0,0,0,0,1,0,31.0,31.0,80.0,11.2,1011.0,kandi/KAND,310.39672140233506,85.1,87.2,0.23074630526721696
11.137419628525512,2.919195665984276,KAND,kandi,11.123456,2.954658,4170.456453481911,7079.457844,327.0,100.0,427.0,538.0,10,298.92486572265625,291.869405236842,1.7590062722409787,288.92486572265625,-0.008243908657313998,13.516187394446384,-0.00803270636111308,13.44917263829372,0.010884770971261724,0.51771236986427,1,-1.0,-1.0,0,0,0,2,0,26.8,36.0,58.0,15.8,1010.5,kandi/KAND,222.29118403569404,79.8,85.2,0.027182133497585026
11.113982510894434,2.9315359170584325,KAND,kandi,11.123456,2.954658,2734.683998822713,7079.457844,327.0,100.0,427.0,538.0,10,314.2488708496094,247.33907443230146,2.3609700384244525,304.2488708496094,-0.006911778104478035,5.502379938797469,-0.00706339226358365,5.592790037059817,-0.015029409845572286,0.5085763195338103,1,-1.0,-1.0,0,0,0,0,0,35.5,22.0,100.0,11.2,1009.7,kandi/KAND,392.9995717554643,89.2,87.3,0.9585152939754523
11.145176027008088,2.920989052904648,KAND,kandi,11.123456,2.954658,4393.116645656951,7079.457844,327.0,100.0,427.0,538.0,10,290.98345947265625,303.3274205448994,1.773384499864192,280.98345947265625,-0.009601342164469954,14.38311237822436,-0.009501193940506152,14.37592867253538,-0.00019556681315104183,0.08978449982425367,1,-1.0,-1.0,0,0,0,0,0,32.0,21.0,67.0,18.4,1011.9,kandi/KAND,357.0009189063783,81.8,81.4,0.7100168800546234
11.139309657352287,2.9289326228460215,KAND,kandi,11.123456,2.954658,3312.49466678451,7079.457844,327.0,100.0,427.0,538.0,10,292.7575378417969,302.1346465493182,2.32070408214149,282.7575378417969,-0.01223761555456411,13.844718263691897,-0.011957876379862648,13.890896138868403,-0.0011797587076822916,0.05542427953317212,1,-1.0,-1.0,0,0,2,0,0,25.1,38.0,70.0,13.7,1012.7,kandi/KAND,298.9384769478677,83.4,79.7,0.6355603540101848
11.130689216887376,2.9221758341421915,KAND,kandi,11.123456,2.954658,3637.4554515610153,7079.457844,327.0,100.0,427.0,538.0,10,299.4974060058594,282.7897613863762,2.0075491792758937,289.4974060058594,-0.009154478144847806,12.383465132452466,-0.009148459930073046,12.368561094518018,0.0016760416300258877,0.0595444809884519,1,-1.0,-1.0,0,0,1,4,0,30.0,38.0,28.0,18.0,1008.6,kandi/KAND,375.96242378723446,86.0,86.6,0.7439947226949909
11.137637741985762,2.9143035612822783,KAND,kandi,11.123456,2.954658,4679.089307387464,7079.457844,327.0,100.0,427.0,538.0,10,297.0458679199219,289.70972747931154,1.5908885732142144,287.0458679199219,-0.007770176856234008,12.779931376674549,-0.007797337785551821,12.747812156103492,-0.016795179578993055,0.6217832271059575,0,-1.0,4313.388940677823,0,2,0,0,0,30.4,39.0,60.0,7.6,1009.9,kandi/KAND,365.3384196878242,86.4,78.5,0.5316129186954394
11.131393628227489,2.9219314914585897,KAND,kandi,11.123456,2.954658,3681.2972000177906,7079.457844,327.0,100.0,427.0,538.0,10,298.37896728515625,283.88784644508064,2.0010462094291195,288.37896728515625,-0.00948728744680119,12.556602721082774,-0.009287101236979163,12.534604421194613,-4.747178819444464e-06,0.051928869008665265,1,-1.0,-1.0,0,0,3,6,0,30.7,25.0,24.0,16.6,1009.0,kandi/KAND,375.96242378723446,86.6,86.0,0.47613382109041036
11.111320748414203,2.9333439635832854,KAND,kandi,11.123456,2.954658,2687.656068648948,7079.457844,327.0,100.0,427.0,538.0,10,322.7874450683594,239.87787643827772,2.2205035733467464,312.7874450683594,-0.0038439478709306894,3.6337366848758688,-0.0035212243195540073,3.660103196557141,0.00846827172122137,0.3445389502393603,1,-1.0,-1.0,0,0,0,0,0,31.0,43.0,40.0,3.6,1008.2,kandi/KAND,289.5291964551508,90.3,88.6,0.44953224112352086
11.110710127259377,2.920866339660583,KAND,kandi,11.123456,2.954658,3951.6179296739456,7079.457844,327.0,100.0,427.0,538.0,10,314.8565979003906,248.97634202930658,1.625566958444398,304.8565979003906,-0.004663833464034881,7.4762291541251065,-0.00418397704572519,7.439129522619721,0.01832436437514291,0.351069895023997,1,-1.0,-1.0,0,0,0,0,0,36.4,21.0,100.0,14.8,1008.9,kandi/KAND,285.06577511311707,85.9,82.3,0.6404392121036413
11.109697427527115,2.9311240875665336,KAND,kandi,11.123456,2.954658,2987.639514322921,7079.457844,327.0,100.0,427.0,538.0,10,322.30377197265625,239.21550133371528,2.0070019445913387,312.30377197265625,-0.0036087015412026996,3.823909110394689,-0.0040996177523743875,3.906810606649226,-0.012429300944010416,0.7070167681227796,1,-1.0,-1.0,0,0,0,0,0,33.4,23.0,80.0,18.4,1011.3,kandi/KAND,182.88071112067146,81.5,88.6,0.2015349753923832
11.104478583065836,2.9300241760850443,KAND,kandi,11.123456,2.954658,3413.0360610416415,7079.457844,327.0,100.0,427.0,538.0,10,327.686279296875,231.86675467622652,1.6667423815294578,317.686279296875,-0.0017101675198563408,3.0172896014497796,-0.0015714974238954739,3.0306978155770548,-0.004171074761284722,0.16529409659336822,1,-1.0,-1.0,0,0,0,0,0,31.4,32.0,75.0,16.2,1012.0,kandi/KAND,349.9740403229864,80.7,86.3,0.8880586950148697
11.13304364533197,2.921814971643088,KAND,kandi,11.123456,2.954658,3741.239549352507,7079.457844,327.0,100.0,427.0,538.0,10,296.74700927734375,286.57182321033383,1.993973764492186,286.74700927734375,-0.009765495471859698,12.947899005490084,-0.009400369403618497,12.930295111004927,0.007573692968171251,0.1499076251721139,1,-1.0,-1.0,0,0,0,4,0,33.0,34.0,28.0,16.2,1007.9,kandi/KAND,274.61005170973647,82.4,86.0,0.8117523712192651
11.110292032519782,2.9331723486223273,KAND,kandi,11.123456,2.954658,2762.176280003928,7079.457844,327.0,100.0,427.0,538.0,10,324.0484619140625,238.02130088758105,2.1345340880653483,314.0484619140625,-0.003325059678819444,3.3727584861978195,-0.0037687740433114667,3.4076539244713535,-0.015011403313689874,0.41068642976033093,1,-1.0,-1.0,0,0,0,0,0,33.4,23.0,80.0,18.4,1011.3,kandi/KAND,309.17405911533984,88.6,82.3,0.34956361145203385
11.114078648918918,2.936830797578655,KAND,kandi,11.123456,2.954658,2206.5214226686035,7079.457844,327.0,100.0,427.0,538.0,10,324.1788635253906,241.80702839180879,2.667981603604847,314.1788635253906,-0.00412005175341357,3.674068534921789,-0.0029104016594528334,3.7241255455235405,0.016360947978859706,0.615475046707177,1,-1.0,-1.0,0,0,0,0,0,33.3,38.0,28.0,15.5,1007.0,kandi/KAND,285.99656928073153,90.0,89.9,0.5786092968125244
11.140946663216104,2.906206921982033,KAND,kandi,11.123456,2.954658,5635.2619775162075,7079.457844,327.0,100.0,427.0,538.0,10,297.9880676269531,290.2042047520832,1.3114826358132652,287.9880676269531,-0.006282739788850399,12.344414111600134,-0.006263240345737391,12.299896234718325,-0.007596842447916666,0.28520391666781275,1,-1.0,-1.0,0,0,0,1,0,26.0,22.0,47.0,14.0,1010.5,kandi/KAND,242.2242803683185,83.3,83.6,0.14102729995001462
11.10597858424097,2.9321857500100066,KAND,kandi,11.123456,2.954658,3124.8181649413123,7079.457844,327.0,100.0,427.0,538.0,10,330.03228759765625,231.60182660522213,1.7774020981577834,320.03228759765625,-0.0010454256572420635,2.979130079051726,-0.001326363041715802,2.986271330052356,-0.011162312825520833,0.4831637320264662,1,-1.0,-1.0,0,0,0,0,0,31.0,43.0,40.0,3.6,1008.2,kandi/KAND,217.95597506908584,88.1,86.8,0.972346247933598
11.108607867752818,2.9320148984335934,KAND,kandi,11.123456,2.954658,2969.253758468698,7079.457844,327.0,100.0,427.0,538.0,10,324.22979736328125,236.24800038963372,1.9822991688569727,314.22979736328125,-0.0030633674300938273,3.1596779067260785,-0.0031981939854176427,3.2189268024334585,-0.007033357122775937,0.16122277432519116,1,-1.0,-1.0,0,0,0,0,0,33.4,23.0,80.0,18.4,1011.3,kandi/KAND,330.0848336780301,86.8,86.1,0.9028926876302835
11.13696903684259,2.9073597221600087,KAND,kandi,11.123456,2.954658,5378.701787293926,7079.457844,327.0,100.0,427.0,538.0,10,299.547607421875,286.23880331628254,1.3574126579885364,289.547607421875,-0.006255142777054397,11.645591649537808,-0.006182042840382304,11.622864096973677,0.0016579975451982002,0.07021203537830524,1,-1.0,-1.0,0,0,0,1,0,28.4,37.0,100.0,3.6,1009.9,kandi/KAND,212.6801711490994,78.5,81.9,0.9218975064992004
11.127690399877826,2.927782338590548,KAND,kandi,11.123456,2.954658,2973.0533965830377,7079.457844,327.0,100.0,427.0,538.0,10,297.2695617675781,279.1248718430192,2.4985405140800996,287.2695617675781,-0.01201860555013021,12.14723539695352,-0.011828829724807536,12.178837760931648,0.0046195169948477326,0.1619694726194217,1,-1.0,-1.0,0,0,0,3,0,33.0,34.0,28.0,16.2,1007.9,kandi/KAND,366.44460781959253,82.6,81.1,0.3321630477034516
11.13293759144275,2.9123233987302672,KAND,kandi,11.123456,2.954658,4742.072428554775,7079.457844,327.0,100.0,427.0,538.0,10,302.34039306640625,282.86211004070344,1.5058447236321721,292.34039306640625,-0.0064958040569313424,11.391954693118873,-0.006546499308101782,11.36651087494026,-0.008729488380879743,0.224342158602406,0,-1.0,4552.009405366207,0,4,0,0,0,30.7,25.0,24.0,16.6,1009.0,kandi/KAND,389.6874709302928,83.5,86.9,0.16913470738285574
11.136986481028853,2.9353886822418116,KAND,kandi,11.123456,2.954658,2582.8174786508075,7079.457844,327.0,100.0,427.0,538.0,10,293.3002624511719,305.59080640479226,2.9632753269155527,283.3002624511719,-0.015335293473868535,12.451101578701442,-0.015622512652930106,12.573661357777063,-0.021197450688206738,0.5583885347769824,1,-1.0,-1.0,0,0,3,9,0,33.4,16.0,49.0,20.9,1010.0,kandi/KAND,384.65784393401856,83.2,76.8,0.21177216346631034
11.110401903131182,2.932457773829547,KAND,kandi,11.123456,2.954658,2822.573397003292,7079.457844,327.0,100.0,427.0,538.0,10,322.40203857421875,239.0695242339752,2.122276307906496,312.40203857421875,-0.0038327508223684214,3.595223340712745,-0.0037874963548448354,3.6249578523127455,-0.011765204535590277,0.4607617199146542,1,-1.0,-1.0,0,0,0,0,0,33.4,23.0,80.0,18.4,1011.3,kandi/KAND,309.17405911533984,88.6,82.3,0.09000139104508986
11.110353962556367,2.9357874563395954,KAND,kandi,11.123456,2.954658,2519.9635587415078,7079.457844,327.0,100.0,427.0,538.0,10,331.7012939453125,234.7190172402741,2.1657507165938443,321.7012939453125,-0.0006541329558502207,3.039498412979466,-0.00100392376030006,3.009145774687317,-0.018237019974087828,0.42873771741064526,1,-1.0,-1.0,0,0,0,11,0,30.3,45.0,32.0,11.2,1007.8,kandi/KAND,112.37245272427367,85.8,82.3,0.12011063010138434
11.135208747561459,2.9247759474757324,KAND,kandi,11.123456,2.954658,3513.656642283231,7079.457844,327.0,100.0,427.0,538.0,10,293.3634338378906,291.8459103028965,2.1781076626646887,283.3634338378906,-0.011288684909626591,13.638774693910761,-0.011256526132107161,13.661162489698652,-0.005010728088340925,0.19110165294071024,1,-1.0,-1.0,0,0,0,1,0,30.2,23.0,100.0,18.4,1012.1,kandi/KAND,261.51750763597073,80.0,84.7,0.07130453418484539
11.139816261143427,2.922314734603807,KAND,kandi,11.123456,2.954658,3969.645926575237,7079.457844,327.0,100.0,427.0,538.0,10,295.4350280761719,297.2756378286948,1.89824470975272,285.4350280761719,-0.009496328406465382,14.114180789424537,-0.009322539114076992,14.092829779550764,0.009255823434074892,0.30261979164996317,1,-1.0,-1.0,0,0,0,0,0,30.2,23.0,100.0,18.4,1012.1,kandi/KAND,224.00284038368383,85.2,84.6,0.9898230692048735
11.126482966732825,2.9302881197922286,KAND,kandi,11.123456,2.954658,2683.1699941546917,7079.457844,327.0,100.0,427.0,538.0,10,298.79669189453125,277.21694121974645,2.7355427542146105,288.79669189453125,-0.012924495243117689,11.329511587602617,-0.01267936817113904,11.458709421795112,-0.005539957682291667,0.31266586431908366,1,-1.0,-1.0,0,0,0,10,0,35.3,21.0,79.0,20.2,1008.9,kandi/KAND,193.7196474289899,83.3,79.8,0.07405768336907359
11.108051781651536,2.931449313138917,KAND,kandi,11.123456,2.954658,3054.8023220081764,7079.457844,327.0,100.0,427.0,538.0,10,324.40509033203125,235.92718097818815,1.9235440120865266,314.40509033203125,-0.002902068329723768,3.2043744528259097,-0.0029475872333233166,3.2590560386730822,-0.0014373779296875,0.11390278828746196,1,-1.0,-1.0,0,0,0,0,0,31.0,43.0,40.0,3.6,1008.2,kandi/KAND,320.7240494333438,88.1,88.6,0.13254208095141362
11.141202725459559,2.91622541458639,KAND,kandi,11.123456,2.954658,4634.599115738254,7079.457844,327.0,100.0,427.0,538.0,10,293.3288269042969,295.20621350416405,1.6520676854810163,283.3288269042969,-0.008576443274809897,13.367069786598352,-0.008611185839221734,13.361926864924326,-0.008098347981770834,0.36852479236288466,0,-1.0,4402.40477126239,0,3,0,0,0,30.2,29.0,65.0,16.6,1012.8,kandi/KAND,312.10744640271304,82.9,82.2,0.8272545955907364
11.133908640836847,2.907648416893418,KAND,kandi,11.123456,2.954658,5263.875165847874,7079.457844,327.0,100.0,427.0,538.0,10,301.7884521484375,282.77282454133655,1.3626350154042606,291.7884521484375,-0.005972902702562738,10.981052849515656,-0.0057500546344657075,10.930324982320657,0.006667582194010417,0.3683962023823677,1,-1.0,-1.0,0,0,0,0,0,27.9,27.0,25.0,15.8,1009.5,kandi/KAND,362.3516751720424,86.9,79.6,0.5802402167429431
11.130591864945378,2.922209603097072,KAND,kandi,11.123456,2.954658,3631.5016669851007,7079.457844,327.0,100.0,427.0,538.0,10,299.4974060058594,282.6359211668413,2.010837821874717,289.4974060058594,-0.00924261541314464,12.357159499368464,-0.009142811246281865,12.342629124588631,0.0019076376654643722,0.05025730616276505,1,-1.0,-1.0,0,0,1,3,0,30.0,38.0,28.0,18.0,1008.6,kandi/KAND,375.96242378723446,86.0,86.6,0.7744172045693324
11.110973715858032,2.932055041934846,KAND,kandi,11.123456,2.954658,2829.059907073883,7079.457844,327.0,100.0,427.0,538.0,10,321.47601318359375,240.63127076628498,2.1361433360395408,311.47601318359375,-0.004157672012061403,3.957699643005694,-0.004408091332312695,3.9891223108867164,-0.01341406586317293,0.47179256809014664,1,-1.0,-1.0,0,0,0,0,0,33.4,23.0,80.0,18.4,1011.3,kandi/KAND,333.563772763011,81.5,88.7,0.630912007772655
11.140977280644877,2.9155420541181525,KAND,kandi,11.123456,2.954658,4691.973095659667,7079.457844,327.0,100.0,427.0,538.0,10,294.2668151855469,294.541502444937,1.6204320353267476,284.2668151855469,-0.008292688584378318,13.29467667094286,-0.008586584447064989,13.30347758497179,-0.015862274169921874,0.882127111233148,0,-1.0,4400.487793123695,0,3,0,1,0,30.4,39.0,60.0,7.6,1009.9,kandi/KAND,295.05963126131167,78.5,82.2,0.882175070328948
11.145473695062773,2.9196521625905367,KAND,kandi,11.123456,2.954658,4533.6881261330645,7079.457844,327.0,100.0,427.0,538.0,10,291.1341857910156,302.66481698240756,1.7165293205671728,281.1341857910156,-0.009252454523454632,14.261661888765179,-0.009250919829698572,14.257992862426985,-0.00463925072434945,0.16517564804226945,1,-1.0,-1.0,0,0,0,0,0,30.2,29.0,65.0,16.6,1012.8,kandi/KAND,169.91341088926387,75.9,81.4,0.6384675277647406
11.110883234746039,2.9339102415796656,KAND,kandi,11.123456,2.954658,2659.231941665463,7079.457844,327.0,100.0,427.0,538.0,10,324.545166015625,238.3037413190182,2.2063993255032264,314.545166015625,-0.0037719427515627017,3.400271727202213,-0.0034587035685668495,3.433895197829914,-0.022038269042968753,1.1830637614557689,1,-1.0,-1.0,0,0,0,0,0,31.0,43.0,40.0,3.6,1008.2,kandi/KAND,316.71466585051456,88.7,82.3,0.5221250929031509
11.130945269056786,2.9264665129440464,KAND,kandi,11.123456,2.954658,3189.1287662429977,7079.457844,327.0,100.0,427.0,538.0,10,298.3467102050781,285.1521709452375,2.3101280178051877,288.3467102050781,-0.010896781374732285,12.803484913755801,-0.010714150154434755,12.798614171526754,0.003330714883057148,0.12179014670914537,1,-1.0,-1.0,0,0,3,11,0,33.0,34.0,28.0,16.2,1007.9,kandi/KAND,377.8714555243443,82.6,84.8,0.7127496937612997
11.104803970969238,2.929017821744624,KAND,kandi,11.123456,2.954658,3478.9078024757796,7079.457844,327.0,100.0,427.0,538.0,10,326.1456298828125,233.45081612453419,1.660553274972391,316.1456298828125,-0.002063146130792026,3.0400399496613235,-0.001971375668664136,3.0578680947343067,0.002234207423169,0.2101474864720794,1,-1.0,-1.0,0,0,0,2,0,31.4,32.0,75.0,16.2,1012.0,kandi/KAND,349.9740403229864,86.3,80.7,0.44739275179210947
11.139362813839078,2.921810904265643,KAND,kandi,11.123456,2.954658,3996.3761980141003,7079.457844,327.0,100.0,427.0,538.0,10,296.2303466796875,296.27198519873093,1.8741670943364939,286.2303466796875,-0.009227619835393348,13.994656223461057,-0.009075716748649692,13.96971642358287,0.007648044162326389,0.28493879905418235,1,-1.0,-1.0,0,0,0,0,0,30.2,23.0,100.0,18.4,1012.1,kandi/KAND,224.00284038368383,84.6,85.2,0.3460638229047347
11.101155157037033,2.924412181109107,KAND,kandi,11.123456,2.954658,4123.489024634004,7079.457844,327.0,100.0,427.0,538.0,10,323.7046813964844,233.08143023403116,1.4349858214858608,313.7046813964844,-0.0024139710251729857,3.6651211094914014,-0.0023980494907924112,3.7142962400265764,-0.0057871500651041664,0.40878092488419654,1,-1.0,-1.0,0,0,0,1,0,31.5,29.0,60.0,14.8,1011.4,kandi/KAND,226.45360253270923,83.5,82.2,0.4676524524502125
11.132953759974713,2.9234008061604064,KAND,kandi,11.123456,2.954658,3572.5102762828355,7079.457844,327.0,100.0,427.0,538.0,10,296.4884033203125,287.20977910801,2.0922094386983123,286.4884033203125,-0.010232493082682292,13.059975547092938,-0.010183499075675707,13.060622623094467,0.0005580584399340003,0.07730866043209762,1,-1.0,-1.0,0,0,0,4,0,33.0,34.0,28.0,16.2,1007.9,kandi/KAND,274.61005170973647,82.4,86.0,0.16971410509856066
11.140800937763395,2.9153982405060686,KAND,kandi,11.123456,2.954658,4698.286402443782,7079.457844,327.0,100.0,427.0,538.0,10,293.9934997558594,294.2444667853444,1.6215861720566835,283.9934997558594,-0.009247067940319799,13.216574353301711,-0.008378309973630765,13.206688343973688,-0.033598581949869796,2.3615266895816034,0,-1.0,4368.747276019869,0,4,0,2,0,30.4,39.0,60.0,7.6,1009.9,kandi/KAND,295.05963126131167,78.5,82.2,0.7965717298026914
11.13211677415947,2.9254686305676207,KAND,kandi,11.123456,2.954658,3329.4600922087966,7079.457844,327.0,100.0,427.0,538.0,10,297.49444580078125,286.8278784435066,2.2275031796553812,287.49444580078125,-0.010758872621525924,13.0179028042027,-0.01060750505565542,13.015766990696276,-0.0007781982421875,0.05376972319350121,1,-1.0,-1.0,0,0,1,2,0,33.0,34.0,28.0,16.2,1007.9,kandi/KAND,276.00636025271393,84.8,82.4,0.26070378133594463
11.112007758375269,2.9340381673650313,KAND,kandi,11.123456,2.954658,2584.1484677774697,7079.457844,327.0,100.0,427.0,538.0,10,322.14801025390625,240.49975812596082,2.3235053961447862,312.14801025390625,-0.004282516537954981,3.734756347707959,-0.0043127677613740475,3.7631881132389022,-0.012578953508985935,0.4053358627408085,1,-1.0,-1.0,0,0,0,0,0,31.0,43.0,40.0,3.6,1008.2,kandi/KAND,169.22313139762375,90.3,88.7,0.15353154633704746
11.138813254218542,2.906028686807042,KAND,kandi,11.123456,2.954658,5577.221459371435,7079.457844,327.0,100.0,427.0,538.0,10,297.3988342285156,287.8458389696054,1.3311760584993397,287.3988342285156,-0.006454828666587296,11.891243037439894,-0.00665233859793826,11.862868699125539,-0.022767404459512957,0.5980299646759826,1,-1.0,-1.0,0,0,0,0,0,28.4,37.0,100.0,3.6,1009.9,kandi/KAND,359.64685178650427,78.5,83.3,0.2463522417832268
11.136286370563235,2.928487909834738,KAND,kandi,11.123456,2.954658,3191.7100777469163,7079.457844,327.0,100.0,427.0,538.0,10,293.87847900390625,296.5522710690784,2.3883382010949803,283.87847900390625,-0.01228875371154595,13.717325510049507,-0.012095684086510893,13.772263622987639,0.00010147094726562503,0.04645985750155779,1,-1.0,-1.0,0,0,1,7,0,25.1,38.0,70.0,13.7,1012.7,kandi/KAND,179.61775663907892,83.4,85.1,0.8420701517722398
11.137039986626666,2.9182155303334585,KAND,kandi,11.123456,2.954658,4255.087865140784,7079.457844,327.0,100.0,427.0,538.0,10,300.34490966796875,290.80515396455576,1.7049377944443982,290.34490966796875,-0.007741715865181595,13.343034324422659,-0.007772216363093201,13.275387728307399,-0.006586893240973636,0.17773322269438196,1,-1.0,-1.0,0,0,0,3,0,26.8,36.0,58.0,15.8,1010.5,kandi/KAND,335.4422938451181,79.8,82.8,0.33020129559773137
11.138670237796429,2.9277317387127058,KAND,kandi,11.123456,2.954658,3388.8174987772236,7079.457844,327.0,100.0,427.0,538.0,10,292.63214111328125,299.93879948019946,2.2706092927216335,282.63214111328125,-0.01200793770975286,13.896887077517261,-0.011894776323664643,13.946606070992111,-0.005464242038221,0.13344141136522686,1,-1.0,-1.0,0,0,0,11,0,25.1,38.0,70.0,13.7,1012.7,kandi/KAND,250.43971430260106,83.4,83.4,0.6860498695059002
11.111929181226778,2.9376027166096033,KAND,kandi,11.123456,2.954658,2257.6994766264206,7079.457844,327.0,100.0,427.0,538.0,10,327.7747497558594,235.4434881254707,2.516513776478314,317.7747497558594,-0.0015801481520798485,3.19382875725399,-0.0023853747692394534,3.1863593536613037,-0.0025945870675973654,0.3102382870422136,1,-1.0,-1.0,0,0,0,3,0,33.3,38.0,28.0,15.5,1007.0,kandi/KAND,389.4186282137673,89.9,90.3,0.8564096306557393
11.131647257840589,2.9201481842860955,KAND,kandi,11.123456,2.954658,3877.2216559016774,7079.457844,327.0,100.0,427.0,538.0,10,299.6099548339844,283.6023905260741,1.8818339142760379,289.6099548339844,-0.008644980406149841,12.385817162293808,-0.008531200612774334,12.364475637601124,0.0016265869140624997,0.08482270772983835,1,-1.0,-1.0,0,0,2,8,0,26.8,36.0,58.0,15.8,1010.5,kandi/KAND,352.45777406663626,85.7,87.5,0.07774466692504212
11.141066448291637,2.9178767785234436,KAND,kandi,11.123456,2.954658,4465.244698521607,7079.457844,327.0,100.0,427.0,538.0,10,294.5788269042969,296.0145706140409,1.6986641884080405,284.5788269042969,-0.008765181168707106,13.497781421336184,-0.008595818189069399,13.475956949262843,-0.01943393283420139,0.7337975176152628,0,-1.0,4304.173747472731,0,4,0,0,0,30.2,29.0,65.0,16.6,1012.8,kandi/KAND,97.98854677976553,82.9,85.5,0.7650244051780429
11.139478473885466,2.925468393629939,KAND,kandi,11.123456,2.954658,3648.094691689325,7079.457844,327.0,100.0,427.0,538.0,10,291.0028381347656,299.2269943063985,2.1349382263205396,281.0028381347656,-0.011584684367219992,14.148629051298503,-0.01142093289283014,14.198096212720644,-0.002482096354166667,0.1256211369428184,1,-1.0,-1.0,0,0,0,0,0,32.0,21.0,67.0,18.4,1011.9,kandi/KAND,285.4340773278742,83.8,83.4,0.30766546637903003
11.13237680843461,2.9215904508242443,KAND,kandi,11.123456,2.954658,3744.6603077697437,7079.457844,327.0,100.0,427.0,538.0,10,297.85693359375,285.3764917050544,1.975191503934728,287.85693359375,-0.009447054413780721,12.733786250124801,-0.009324609951710135,12.712782254018546,0.0009331597222222223,0.05071936272686893,1,-1.0,-1.0,0,0,0,2,0,30.0,38.0,28.0,18.0,1008.6,kandi/KAND,375.96242378723446,86.0,86.6,0.21662236418404268
11.140298699834476,2.919259304688407,KAND,kandi,11.123456,2.954658,4292.317269282148,7079.457844,327.0,100.0,427.0,538.0,10,301.6152648925781,295.87326056848684,1.6732159669775477,291.6152648925781,-0.0073403040568033855,13.620237288581984,-0.0075785151916329535,13.584315936998376,0.004483500763782187,0.6020421124098729,1,-1.0,-1.0,0,0,0,1,0,30.2,23.0,100.0,18.4,1012.1,kandi/KAND,387.1975309838644,85.2,82.9,0.6889014524529722
11.135470872525538,2.93387648810544,KAND,kandi,11.123456,2.954658,2630.584073684224,7079.457844,327.0,100.0,427.0,538.0,10,292.46490478515625,300.51001756597196,2.9277084213005544,282.46490478515625,-0.015547305799874723,12.664329165625338,-0.015213170934606482,12.908102787615945,-0.006213717990451389,0.22914084402532187,1,-1.0,-1.0,0,0,5,4,0,33.4,16.0,49.0,20.9,1010.0,kandi/KAND,305.11071367616483,83.2,87.6,0.9097966227332338
11.139484291163994,2.9254363985980425,KAND,kandi,11.123456,2.954658,3651.462373730728,7079.457844,327.0,100.0,427.0,538.0,10,291.0028381347656,299.2091185127572,2.1329710284171632,281.0028381347656,-0.011576694082761197,14.144305802857437,-0.011420932892830141,14.193968123207902,-0.0028856065538194445,0.11111211211021436,1,-1.0,-1.0,0,0,0,0,0,32.0,21.0,67.0,18.4,1011.9,kandi/KAND,285.4340773278742,83.8,83.4,0.2950192087123954
11.138874359206953,2.923894292964807,KAND,kandi,11.123456,2.954658,3768.6034213244297,7079.457844,327.0,100.0,427.0,538.0,10,292.8943176269531,297.06072517587376,2.0380092967843617,282.8943176269531,-0.010482544776477053,14.170393959933488,-0.010330804189046226,14.165923139837028,0.019437408447265624,0.950891396803953,1,-1.0,-1.0,0,0,0,0,0,30.2,23.0,100.0,18.4,1012.1,kandi/KAND,357.7042813554138,84.6,85.4,0.568833805384319
11.116596803245464,2.9265344374332325,KAND,kandi,11.123456,2.954658,3164.60694778334,7079.457844,327.0,100.0,427.0,538.0,10,306.62164306640625,256.0440568460957,2.1784215690340822,296.62164306640625,-0.008397401053950471,8.535179043008172,-0.008481673252435377,8.64215969152303,-0.0027308146158854167,0.28813453109310183,1,-1.0,-1.0,0,0,0,0,0,33.2,27.0,75.0,15.8,1010.6,kandi/KAND,377.1768718948386,85.9,89.2,0.28983411384949154
11.13945520041396,2.9061004571891385,KAND,kandi,11.123456,2.954658,5591.815375684593,7079.457844,327.0,100.0,427.0,538.0,10,297.0581970214844,288.56710281015677,1.3311915202669176,287.0581970214844,-0.006464738216842135,12.07343955768676,-0.0064800884706754215,12.056963107149038,-0.007518853081597222,0.2772831628163116,1,-1.0,-1.0,0,0,0,0,0,26.0,22.0,47.0,14.0,1010.5,kandi/KAND,359.64685178650427,83.3,78.5,0.5542855857264279
11.126787384856703,2.9293470033659066,KAND,kandi,11.123456,2.954658,2789.4516867042926,7079.457844,327.0,100.0,427.0,538.0,10,297.3633728027344,277.64242398839906,2.6608423123342524,287.3633728027344,-0.012895326161523217,11.592704404741394,-0.012797851083741114,11.727331259863066,-0.008708684383572663,0.22647025163875492,1,-1.0,-1.0,0,0,3,7,0,35.7,22.0,60.0,14.8,1008.1,kandi/KAND,253.12137819628967,87.2,83.3,0.6218620306543405
11.112545657091326,2.9318682121822772,KAND,kandi,11.123456,2.954658,2766.7354794533617,7079.457844,327.0,100.0,427.0,538.0,10,316.99560546875,243.99468131478795,2.276860046410374,306.99560546875,-0.005852965214773745,4.893776319870645,-0.0053859082548811735,4.923410025991764,0.007097389871362083,0.37376056084745,1,-1.0,-1.0,0,0,0,0,0,33.4,23.0,80.0,18.4,1011.3,kandi/KAND,387.96207043984134,88.6,87.3,0.6103353887901798
11.104722616046214,2.9266485026386246,KAND,kandi,11.123456,2.954658,3695.5451674199962,7079.457844,327.0,100.0,427.0,538.0,10,321.8243408203125,235.7241275847784,1.6302047157777888,311.8243408203125,-0.0025982413180304113,3.6372626361023066,-0.003206429478898428,3.679171520680776,-0.011662480457573385,0.3632715246990726,1,-1.0,-1.0,0,0,0,0,0,31.4,32.0,75.0,16.2,1012.0,kandi/KAND,277.7596185553782,83.6,80.7,0.6235463696427459
11.13955786329558,2.9250317518743105,KAND,kandi,11.123456,2.954658,3694.084124468431,7079.457844,327.0,100.0,427.0,538.0,10,290.9553527832031,298.98584962438866,2.1091189976618003,280.9553527832031,-0.011389791837302588,14.212051379564581,-0.011093033430534386,14.226228801250196,0.00856833633624082,0.2519849827081563,1,-1.0,-1.0,0,0,0,0,0,32.0,21.0,67.0,18.4,1011.9,kandi/KAND,285.4340773278742,83.8,83.4,0.1350797922175241
11.111404021252726,2.9325914472582726,KAND,kandi,11.123456,2.954658,2754.7120339891117,7079.457844,327.0,100.0,427.0,538.0,10,321.41986083984375,240.90136404269478,2.1949070666368318,311.41986083984375,-0.004387407870017177,3.9274595292861445,-0.004326148066960329,3.9862432950571347,-0.011635335286458333,0.45543621436080584,1,-1.0,-1.0,0,0,0,0,0,33.4,23.0,80.0,18.4,1011.3,kandi/KAND,165.92922165772438,88.6,88.7,0.6935404695867196
11.136967061341766,2.9144108701853177,KAND,kandi,11.123456,2.954658,4643.646320072721,7079.457844,327.0,100.0,427.0,538.0,10,298.3731384277344,288.891637354078,1.5866609564341094,288.3731384277344,-0.007516610750588037,12.68224134824452,-0.007654618508243762,12.646404550160364,-0.012233479817708332,0.45521563183857067,1,-1.0,-1.0,0,0,0,0,0,30.4,39.0,60.0,7.6,1009.9,kandi/KAND,365.3384196878242,78.5,86.4,0.6747503563802233
11.131958719653984,2.923388319846215,KAND,kandi,11.123456,2.954658,3543.0252172591277,7079.457844,327.0,100.0,427.0,538.0,10,297.75146484375,285.49244821122625,2.0892070424386144,287.75146484375,-0.00996468167345063,12.814472253322942,-0.009829055375973273,12.805884903301227,-0.0010333766057711183,0.10468514287664933,1,-1.0,-1.0,0,0,2,7,0,30.7,25.0,24.0,16.6,1009.0,kandi/KAND,371.69589343971694,86.6,82.4,0.6825881222168831
11.136150729296402,2.914541483312576,KAND,kandi,11.123456,2.954658,4601.79208729197,7079.457844,327.0,100.0,427.0,538.0,10,298.8088684082031,287.8790122337341,1.5956635365453244,288.8088684082031,-0.007471106062719832,12.503631834317538,-0.007513698467660009,12.481556306967583,-0.011170197196287994,0.3574053286281809,1,-1.0,-1.0,0,0,0,0,0,30.4,39.0,60.0,7.6,1009.9,kandi/KAND,365.3384196878242,86.4,78.5,0.07407055273870633
11.109925560123445,2.9314577008256832,KAND,kandi,11.123456,2.954658,2943.4232952416055,7079.457844,327.0,100.0,427.0,538.0,10,322.0665588378906,239.27696790313982,2.041737662193443,312.0665588378906,-0.0037908483434606483,3.8102209077887714,-0.003646218708568457,3.83010264424399,0.010971447778620866,0.3373716667516531,1,-1.0,-1.0,0,0,0,0,0,33.4,23.0,80.0,18.4,1011.3,kandi/KAND,182.88071112067146,81.5,88.6,0.4468388424141526
11.136081794755459,2.9152917211297593,KAND,kandi,11.123456,2.954658,4521.453904592741,7079.457844,327.0,100.0,427.0,538.0,10,299.6427307128906,288.1050120823811,1.6134423294878217,289.6427307128906,-0.007471367818607488,12.634378471351912,-0.007407689829906215,12.583397600348908,-0.006970715938932314,0.30890102231245664,1,-1.0,-1.0,0,0,0,0,0,30.4,39.0,60.0,7.6,1009.9,kandi/KAND,198.68689941707686,86.4,82.8,0.4090351320457297
11.137298085827338,2.91890460650129,KAND,kandi,11.123456,2.954658,4195.082009219962,7079.457844,327.0,100.0,427.0,538.0,10,299.2157287597656,291.5364655374077,1.744718285933436,289.2157287597656,-0.00812134515671503,13.468168070292538,-0.007887851905751631,13.402132721631473,0.005637783774457503,0.1101556308180235,1,-1.0,-1.0,0,0,0,2,0,26.8,36.0,58.0,15.8,1010.5,kandi/KAND,335.4422938451181,79.8,82.8,0.08671148364319914
11.11124809104498,2.922632302360343,KAND,kandi,11.123456,2.954658,3750.1827400435154,7079.457844,327.0,100.0,427.0,538.0,10,312.4164123535156,248.7728779440699,1.7500784878450144,302.4164123535156,-0.005570900836767626,7.468346655500581,-0.005258495290276263,7.4741188451819935,0.014095552676915923,0.3289591118545572,1,-1.0,-1.0,0,0,0,0,0,36.4,21.0,100.0,14.8,1008.9,kandi/KAND,246.3349853351433,85.9,85.3,0.2223679278968107
11.129719059910586,2.9209394183584907,KAND,kandi,11.123456,2.954658,3748.0251392254827,7079.457844,327.0,100.0,427.0,538.0,10,300.9717102050781,280.72269103885606,1.9258594139898595,290.9717102050781,-0.00863883977540886,12.061331887928992,-0.008404931533915506,12.01830241772336,0.00011232005556302722,0.12110462639785814,1,-1.0,-1.0,0,0,0,7,0,25.9,36.0,63.0,14.4,1011.3,kandi/KAND,303.403835341593,74.6,86.6,0.44096263179803674
11.13967398967493,2.9240832588912653,KAND,kandi,11.123456,2.954658,3791.24785248234,7079.457844,327.0,100.0,427.0,538.0,10,292.5002136230469,298.3989734221184,2.0317953013679775,282.5002136230469,-0.010689315743524705,14.225670406420301,-0.010456519549497674,14.225293228687997,0.014636687155460302,0.46408264044152986,1,-1.0,-1.0,0,0,0,0,0,30.2,23.0,100.0,18.4,1012.1,kandi/KAND,262.99505261506863,84.6,83.8,0.7429063098580823
11.134785425936968,2.9314322212647954,KAND,kandi,11.123456,2.954658,2829.8073476056793,7079.457844,327.0,100.0,427.0,538.0,10,293.3797302246094,296.4362455549354,2.7034332288410643,283.3797302246094,-0.014042252650226386,13.126118348399716,-0.01386261767223334,13.19879598666702,0.0005382158253386514,0.02200157990416334,0,-1.0,2756.0849116961126,0,5,0,9,0,25.1,38.0,70.0,13.7,1012.7,kandi/KAND,334.3661974542558,84.5,87.6,0.2370620769846632
11.133634229938885,2.918661610291195,KAND,kandi,11.123456,2.954658,4090.247271769593,7079.457844,327.0,100.0,427.0,538.0,10,298.5796813964844,286.0791660926471,1.798308389195368,288.5796813964844,-0.00845394088113975,12.689427030300793,-0.00808037016788098,12.65931671548973,0.01605626817591252,0.5671148970005572,1,-1.0,-1.0,0,0,0,0,0,30.0,38.0,28.0,18.0,1008.6,kandi/KAND,367.47538693083294,86.0,87.5,0.8297499101249115
11.139673247937115,2.9280193950170985,KAND,kandi,11.123456,2.954658,3418.4695141656007,7079.457844,327.0,100.0,427.0,538.0,10,292.4151306152344,301.8205381857022,2.2545658529000483,282.4151306152344,-0.01196945968987672,13.912391290203871,-0.011818510910560347,13.959950283526258,-0.005055406358506945,0.18796675484506917,1,-1.0,-1.0,0,0,1,0,0,34.2,16.0,100.0,18.4,1010.2,kandi/KAND,232.1598899465155,79.7,83.4,0.5457982857394634
11.109362869206992,2.931124057227992,KAND,kandi,11.123456,2.954658,3006.6639045935053,7079.457844,327.0,100.0,427.0,538.0,10,322.45245361328125,238.60682882600332,1.9914832208872433,312.45245361328125,-0.00358842402794967,3.715754435530047,-0.003636888206718199,3.742302091779727,-0.007832191107411832,0.24250238515799866,1,-1.0,-1.0,0,0,0,0,0,31.0,43.0,40.0,3.6,1008.2,kandi/KAND,144.11587076282325,86.1,81.5,0.7604216851846175
11.111561166024995,2.9220563981456698,KAND,kandi,11.123456,2.954658,3796.802529560759,7079.457844,327.0,100.0,427.0,538.0,10,311.863037109375,249.6063905465648,1.7369460145652917,301.863037109375,-0.005633160448449805,7.705875766130392,-0.0049428871579235995,7.703338965461391,0.024469198320375377,0.3835046741486417,1,-1.0,-1.0,0,0,0,0,0,36.4,21.0,100.0,14.8,1008.9,kandi/KAND,191.92410374935423,87.9,85.9,0.4725559833368571
11.111521208661868,2.9220793070338633,KAND,kandi,11.123456,2.954658,3795.9901722180484,7079.457844,327.0,100.0,427.0,538.0,10,311.863037109375,249.53034830819416,1.737317500306139,301.863037109375,-0.005633160448449804,7.695120550854058,-0.004632053358165922,7.683404643971672,0.030465268050060446,0.5330018130195774,1,-1.0,-1.0,0,0,0,0,0,36.4,21.0,100.0,14.8,1008.9,kandi/KAND,191.92410374935423,87.9,85.9,0.49919422542222336
11.141158028061064,2.917481411484157,KAND,kandi,11.123456,2.954658,4508.536684697503,7079.457844,327.0,100.0,427.0,538.0,10,294.3863220214844,295.89051207819875,1.6848069464184876,284.3863220214844,-0.008595818189069397,13.480345492187137,-0.008768402716706283,13.473811519505723,-0.021621355593500275,0.6456714938305598,0,-1.0,4345.904098876751,0,1,0,0,0,30.4,39.0,60.0,7.6,1009.9,kandi/KAND,312.10744640271304,82.2,82.9,0.6197193893796402
11.108940110978232,2.93191151949824,KAND,kandi,11.123456,2.954658,2958.5618992531604,7079.457844,327.0,100.0,427.0,538.0,10,324.0216979980469,236.96375776927937,1.993482399330176,314.0216979980469,-0.003132552329940025,3.2979921836100443,-0.0032249324785994225,3.357911776071512,-0.005476125081380208,0.2585831975656598,1,-1.0,-1.0,0,0,0,0,0,33.4,23.0,80.0,18.4,1011.3,kandi/KAND,144.11587076282325,81.5,86.1,0.9279706081658242
11.138580666342811,2.9057924562255764,KAND,kandi,11.123456,2.954658,5594.060129311636,7079.457844,327.0,100.0,427.0,538.0,10,296.8369140625,287.512602473394,1.332922750918566,286.8369140625,-0.006504182594557709,11.801547110819534,-0.006584089437279541,11.779281241571915,-0.0132080078125,0.594470111194643,1,-1.0,-1.0,0,0,0,0,0,28.4,37.0,100.0,3.6,1009.9,kandi/KAND,130.8482388112753,78.5,83.6,0.49181258141290995
11.126858220271037,2.9291466137069326,KAND,kandi,11.123456,2.954658,2812.1896437226014,7079.457844,327.0,100.0,427.0,538.0,10,297.2474060058594,277.742387839874,2.641716322968136,287.2474060058594,-0.012811046786041435,11.665418870308775,-0.012766353012402839,11.7966251224655,-0.00894545622762,0.20388597414085577,1,-1.0,-1.0,0,0,3,4,0,35.7,22.0,60.0,14.8,1008.1,kandi/KAND,253.12137819628967,87.2,83.3,0.528657538108291
11.129975849352336,2.926922895597115,KAND,kandi,11.123456,2.954658,3114.45217590939,7079.457844,327.0,100.0,427.0,538.0,10,298.4051513671875,283.47560621457325,2.364383493375743,288.4051513671875,-0.01116801447110717,12.607140216880163,-0.010941281108736243,12.615594144013508,0.0042968749999999995,0.15787953378868033,1,-1.0,-1.0,0,0,2,9,0,33.0,34.0,28.0,16.2,1007.9,kandi/KAND,377.8714555243443,84.8,82.6,0.6019969635275295
11.108165419190344,2.9312062825001015,KAND,kandi,11.123456,2.954658,3069.930010286984,7079.457844,327.0,100.0,427.0,538.0,10,324.04498291015625,236.39948080843453,1.9207857932275068,314.04498291015625,-0.003003364242010517,3.3034144299862382,-0.003060160243159239,3.3283381597068527,-0.0010467638635480534,0.13357922185014,1,-1.0,-1.0,0,0,0,0,0,33.4,23.0,80.0,18.4,1011.3,kandi/KAND,209.350490283057,81.5,88.1,0.7375151372977258
11.105817913476642,2.9320770768793505,KAND,kandi,11.123456,2.954658,3145.1484447642056,7079.457844,327.0,100.0,427.0,538.0,10,330.4207763671875,231.48110573460846,1.7588497651188937,320.4207763671875,-0.0008905658903982606,2.9746857390261785,-0.001170127151905108,2.983903664106027,-0.005144637081143297,0.37974770596236584,1,-1.0,-1.0,0,0,0,0,0,33.4,23.0,80.0,18.4,1011.3,kandi/KAND,268.61311974672043,86.8,86.3,0.07185033548623432
11.113139389514556,2.9349964688422174,KAND,kandi,11.123456,2.954658,2432.2332212632414,7079.457844,327.0,100.0,427.0,538.0,10,322.4516906738281,241.8663847806402,2.4613148232187783,312.4516906738281,-0.004420198269975864,3.81967500454374,-0.004582073410830823,3.8586268735495857,-0.019068739149305555,0.7008073569112723,1,-1.0,-1.0,0,0,0,1,0,33.3,38.0,28.0,15.5,1007.0,kandi/KAND,302.0118058950443,89.9,90.3,0.5156874385219721
11.13416381201769,2.9243850651677654,KAND,kandi,11.123456,2.954658,3512.7258582997683,7079.457844,327.0,100.0,427.0,538.0,10,294.50164794921875,289.8265354543387,2.1601455379505152,284.50164794921875,-0.01096715549964689,13.4291821352923,-0.01082643995098039,13.436640870832857,-0.0032487657335069447,0.1673281276700365,1,-1.0,-1.0,0,0,1,10,0,30.2,23.0,100.0,18.4,1012.1,kandi/KAND,290.56781050227556,80.0,82.4,0.4815915892060435
11.127200480588021,2.9281783772838894,KAND,kandi,11.123456,2.954658,2922.167769814712,7079.457844,327.0,100.0,427.0,538.0,10,296.8465576171875,278.20345477724896,2.550270252826409,286.8465576171875,-0.012429796014410906,11.965154015726325,-0.012043060302734374,12.052232215929536,0.0028798421223958336,0.14799592492656807,1,-1.0,-1.0,0,0,0,4,0,35.3,21.0,79.0,20.2,1008.9,kandi/KAND,253.12137819628967,83.3,87.2,0.9216849842375704
11.133893896118675,2.9079311685477776,KAND,kandi,11.123456,2.954658,5233.38619638856,7079.457844,327.0,100.0,427.0,538.0,10,301.5521545410156,282.8299880406306,1.3731560489829235,291.5521545410156,-0.006052042643229166,11.014892954278116,-0.005835886235066501,10.965975416989302,0.0049105326334635425,0.3239125351128121,1,-1.0,-1.0,0,0,0,0,0,27.9,27.0,25.0,15.8,1009.5,kandi/KAND,362.3516751720424,86.9,79.6,0.4935065804363411
11.114957770819103,2.9311863626706525,KAND,kandi,11.123456,2.954658,2731.005086936926,7079.457844,327.0,100.0,427.0,538.0,10,312.366943359375,249.74868591970827,2.403560915865687,302.366943359375,-0.007677211928663528,6.022476519242958,-0.007777944250140327,6.179966426570676,-0.009611280434905712,0.23621969011166746,0,-1.0,2599.6541408718235,0,5,2,1,0,28.3,38.0,34.0,17.3,1009.3,kandi/KAND,275.9081341679291,87.3,87.4,0.468320534694331
11.133019964027287,2.9238612020124974,KAND,kandi,11.123456,2.954658,3526.6610949150136,7079.457844,327.0,100.0,427.0,538.0,10,295.9800720214844,287.56563257329174,2.127632298551886,285.9800720214844,-0.01065520709983674,13.093302435205448,-0.010329759385850694,13.09582672674393,-0.0027188618977864584,0.17452756279317938,1,-1.0,-1.0,0,0,2,2,0,30.2,23.0,100.0,18.4,1012.1,kandi/KAND,290.56781050227556,80.0,82.4,0.962199988534702
11.145432734826743,2.9195221583631428,KAND,kandi,11.123456,2.954658,4543.2470062450675,7079.457844,327.0,100.0,427.0,538.0,10,291.1341857910156,302.52002732556014,1.7129199388554006,281.1341857910156,-0.009252454523454632,14.237456409191893,-0.009187937814951974,14.22921097571946,-0.0033673604329427084,0.16849097974061975,1,-1.0,-1.0,0,0,0,0,0,30.2,29.0,65.0,16.6,1012.8,kandi/KAND,169.91341088926387,81.4,75.9,0.45057646360088155
11.13127287595461,2.926312282423967,KAND,kandi,11.123456,2.954658,3214.956284562989,7079.457844,327.0,100.0,427.0,538.0,10,298.183837890625,285.7009031337314,2.2944873539990263,288.183837890625,-0.010846154483748071,12.906388173749933,-0.010823035829600374,12.90446491047246,-0.003464087073570498,0.11180503862392618,1,-1.0,-1.0,0,0,3,8,0,33.0,34.0,28.0,16.2,1007.9,kandi/KAND,377.8714555243443,84.8,82.6,0.18088443032209034
11.11023826800579,2.9319149940729843,KAND,kandi,11.123456,2.954658,2882.820571851926,7079.457844,327.0,100.0,427.0,538.0,10,321.6295166015625,239.36428872716033,2.0932962721792014,311.6295166015625,-0.004019196500483248,3.7510206165202225,-0.003645115059526322,3.778185951902289,0.008317802261202661,0.3223789095448789,1,-1.0,-1.0,0,0,0,0,0,33.4,23.0,80.0,18.4,1011.3,kandi/KAND,182.88071112067146,88.6,81.5,0.21691612280578831
11.136823262553671,2.9357582555034716,KAND,kandi,11.123456,2.954658,2539.467937423014,7079.457844,327.0,100.0,427.0,538.0,10,294.7682800292969,305.78701975412537,2.980735894812248,284.7682800292969,-0.015120430740655635,12.17839145615609,-0.01684368201630095,12.402557986605267,-0.0413645797041551,0.5642620649009178,1,-1.0,-1.0,0,0,2,9,0,33.4,16.0,49.0,20.9,1010.0,kandi/KAND,384.65784393401856,83.2,76.8,0.09518753833697413
11.116792108721656,2.925568583099364,KAND,kandi,11.123456,2.954658,3262.18988294557,7079.457844,327.0,100.0,427.0,538.0,10,305.4232482910156,256.8615557158338,2.134336951261834,295.4232482910156,-0.008525920613001638,8.874841713285697,-0.008363356031813063,8.956841949577415,0.0011491563585069445,0.042911125145253845,1,-1.0,-1.0,0,0,0,0,0,33.2,27.0,75.0,15.8,1010.6,kandi/KAND,161.15480094289197,85.9,78.9,0.0005681292589444498
11.114072854057088,2.93685736834447,KAND,kandi,11.123456,2.954658,2204.261666880294,7079.457844,327.0,100.0,427.0,538.0,10,324.1788635253906,241.75667086244863,2.6707127957502923,314.1788635253906,-0.00412005175341357,3.6645466736187307,-0.004235264292934485,3.7033946830879723,-0.008811442057291667,0.48070354400274284,1,-1.0,-1.0,0,0,0,0,0,33.3,38.0,28.0,15.5,1007.0,kandi/KAND,285.99656928073153,89.9,90.0,0.43194566100048193
11.114838434488826,2.9355692410457297,KAND,kandi,11.123456,2.954658,2292.864308663847,7079.457844,327.0,100.0,427.0,538.0,10,320.0150451660156,245.29545265219636,2.6714811122754742,310.0150451660156,-0.005762049026819536,4.258302816574728,-0.005415801358122364,4.320658079564596,-0.0022260030110677082,0.2929782925641132,1,-1.0,-1.0,0,0,1,2,0,36.2,24.0,60.0,11.2,1006.9,kandi/KAND,271.9160182852466,88.7,89.9,0.7692425812982214
11.134675650133865,2.924619478422652,KAND,kandi,11.123456,2.954658,3508.253041766988,7079.457844,327.0,100.0,427.0,538.0,10,293.5214538574219,290.8430877761572,2.1788822601658677,283.5214538574219,-0.011358492869396924,13.556015099791837,-0.011142506318933825,13.592430737250982,-0.005821736653645833,0.23074276140392533,1,-1.0,-1.0,0,0,0,4,0,33.0,34.0,28.0,16.2,1007.9,kandi/KAND,290.56781050227556,82.4,80.0,0.7334664427998359
11.110387677511838,2.935869876304729,KAND,kandi,11.123456,2.954658,2510.4537019176114,7079.457844,327.0,100.0,427.0,538.0,10,331.7012939453125,234.6703477477999,2.1739469462229972,321.7012939453125,-0.0007898175242666491,3.037191473952774,-0.0004900436992793119,3.010060980457782,-0.0035057915581597227,0.23900827561502785,1,-1.0,-1.0,0,0,0,8,0,30.3,45.0,32.0,11.2,1007.8,kandi/KAND,112.37245272427367,85.8,82.3,0.032149087802850196
11.141163001709641,2.9173416519590996,KAND,kandi,11.123456,2.954658,4522.531795741016,7079.457844,327.0,100.0,427.0,538.0,10,294.45941162109375,295.812486371328,1.6786710772676743,284.45941162109375,-0.008572463630298385,13.471049789578661,-0.009134263792739884,13.452237919932562,-0.03319127124657437,0.44946277581886346,0,-1.0,4341.267996312518,0,2,0,0,0,30.4,39.0,60.0,7.6,1009.9,kandi/KAND,312.10744640271304,82.2,82.9,0.5699829035940329
11.137138693455015,2.9291415951070316,KAND,kandi,11.123456,2.954658,3171.7986767270886,7079.457844,327.0,100.0,427.0,538.0,10,293.4093017578125,298.659539441004,2.4117741187363815,283.4093017578125,-0.012556487287551819,13.738551706761097,-0.012343503222053432,13.80195527877903,-0.0011806911892361111,0.04365504083686018,1,-1.0,-1.0,0,0,0,1,0,25.1,38.0,70.0,13.7,1012.7,kandi/KAND,392.63572965291604,83.4,84.5,0.154283125413476
11.136947173035368,2.907389257478538,KAND,kandi,11.123456,2.954658,5374.930733258439,7079.457844,327.0,100.0,427.0,538.0,10,299.547607421875,286.2235094384947,1.3583646626793546,289.547607421875,-0.006255142777054397,11.640297607675649,-0.00617754264991996,11.617610586150203,0.0019295090364262674,0.07021203537830524,1,-1.0,-1.0,0,0,0,0,0,28.4,37.0,100.0,3.6,1009.9,kandi/KAND,212.6801711490994,78.5,81.9,0.9410762847646973
11.139548826800597,2.9227902537490213,KAND,kandi,11.123456,2.954658,3909.9288692142272,7079.457844,327.0,100.0,427.0,538.0,10,294.5063171386719,297.2366235371542,1.9408090031540477,284.5063171386719,-0.009877623735190045,14.159009887321865,-0.009563858153105531,14.137621503416728,0.018376167912662254,0.6281624688086235,1,-1.0,-1.0,0,0,0,0,0,30.2,23.0,100.0,18.4,1012.1,kandi/KAND,357.7042813554138,84.6,85.4,0.16736499964417928
11.123163902985146,2.9231044382740237,KAND,kandi,11.123456,2.954658,3447.1218789619593,7079.457844,327.0,100.0,427.0,538.0,10,302.68896484375,269.4625076844719,2.0653207939614666,292.68896484375,-0.008880119876585144,10.931461261033379,-0.008552935120857112,10.920765948628024,0.006840125555669831,0.17160423650227735,1,-1.0,-1.0,0,0,0,0,0,31.5,32.0,75.0,15.1,1011.5,kandi/KAND,280.0326934020449,80.5,81.6,0.6266392176974815
11.128529938172102,2.920027089758704,KAND,kandi,11.123456,2.954658,3824.518202671586,7079.457844,327.0,100.0,427.0,538.0,10,303.5806579589844,278.49606520254235,1.8483254287075996,293.5806579589844,-0.007746020952860514,11.531855899326178,-0.00757816412510016,11.472681239606866,0.003313191731770834,0.20443138741661765,1,-1.0,-1.0,0,0,0,8,0,25.9,36.0,63.0,14.4,1011.3,kandi/KAND,376.9557385158805,74.6,82.1,0.32623836216405677
11.13922782302762,2.923315706353598,KAND,kandi,11.123456,2.954658,3842.662487502706,7079.457844,327.0,100.0,427.0,538.0,10,294.17645263671875,297.1545201204382,1.9796690564584605,284.17645263671875,-0.010116001493863049,14.160601975004477,-0.009917972602305394,14.15046748757107,0.011002165966071844,0.3047381623151346,1,-1.0,-1.0,0,0,0,1,0,30.2,23.0,100.0,18.4,1012.1,kandi/KAND,357.7042813554138,85.4,84.6,0.6415613259643522
11.111205880479844,2.93455569520735,KAND,kandi,11.123456,2.954658,2580.473499867511,7079.457844,327.0,100.0,427.0,538.0,10,325.9825439453125,238.15987680897888,2.2418056259266765,315.9825439453125,-0.0028539163843663046,3.344777162837969,-0.002710873879139422,3.324178507485366,-0.009825973957360535,0.47580831339946705,1,-1.0,-1.0,0,0,0,0,0,31.0,43.0,40.0,3.6,1008.2,kandi/KAND,237.3936713820402,90.3,82.3,0.41225859646407514
11.13268542888369,2.9211024323438757,KAND,kandi,11.123456,2.954658,3805.128233836756,7079.457844,327.0,100.0,427.0,538.0,10,297.7986145019531,285.66246388206275,1.9447048103516562,287.7986145019531,-0.009324609951710139,12.778726649380012,-0.00912693230680717,12.749527580168191,0.002283732096354167,0.11540746014942115,1,-1.0,-1.0,0,0,0,2,0,26.8,36.0,58.0,15.8,1010.5,kandi/KAND,211.21815475956797,85.7,86.0,0.7596430523063947
11.110342355371682,2.9328450596320277,KAND,kandi,11.123456,2.954658,2789.7239291735373,7079.457844,327.0,100.0,427.0,538.0,10,323.47625732421875,238.50701180003034,2.1252113968109354,313.47625732421875,-0.0035412344001176832,3.5144565458136796,-0.0036948756167763165,3.5752370923868244,-0.014638264973958334,0.5479677103971323,1,-1.0,-1.0,0,0,0,0,0,33.4,23.0,80.0,18.4,1011.3,kandi/KAND,309.17405911533984,88.6,82.3,0.23067912532785784
11.141210579185293,2.9160047248933108,KAND,kandi,11.123456,2.954658,4656.814987279673,7079.457844,327.0,100.0,427.0,538.0,10,293.2054443359375,295.08979995834517,1.6457074469431285,283.2054443359375,-0.008705883966108696,13.351752281285167,-0.008710102802455546,13.35116946627358,-0.011422585398819391,0.3647047114962419,0,-1.0,4395.510739496444,0,4,0,0,0,30.2,29.0,65.0,16.6,1012.8,kandi/KAND,312.10744640271304,82.9,82.2,0.9057918529142601
11.111134708587455,2.9324848846928777,KAND,kandi,11.123456,2.954658,2779.3923001527824,7079.457844,327.0,100.0,427.0,538.0,10,321.83734130859375,240.4786867372053,2.166841885273534,311.83734130859375,-0.004264654085582117,3.8666959914713988,-0.004157672012061404,3.9204799895307336,-0.008346048990885417,0.456719865605091,1,-1.0,-1.0,0,0,0,0,0,31.0,43.0,40.0,3.6,1008.2,kandi/KAND,165.92922165772438,88.7,88.6,0.5002096493133521
11.14524974903634,2.920860500117881,KAND,kandi,11.123456,2.954658,4409.332835058784,7079.457844,327.0,100.0,427.0,538.0,10,290.7025146484375,303.3163269718879,1.770513848145696,280.7025146484375,-0.009670659269129888,14.384274018795834,-0.009445963209115745,14.37441281479695,0.0013162600062790704,0.1193718627771316,1,-1.0,-1.0,0,0,0,0,0,32.0,21.0,67.0,18.4,1011.9,kandi/KAND,357.0009189063783,81.8,81.4,0.7560931477128529
11.13509661687179,2.9246274927598344,KAND,kandi,11.123456,2.954658,3524.177847859671,7079.457844,327.0,100.0,427.0,538.0,10,293.2713317871094,291.5596800932827,2.1731065334916955,283.2713317871094,-0.011314702438095868,13.629068800561782,-0.011163787841796875,13.667762300849184,-0.001897430419921875,0.08813414977643107,1,-1.0,-1.0,0,0,0,0,0,30.0,38.0,28.0,18.0,1008.6,kandi/KAND,261.51750763597073,84.7,80.0,0.8497301914012271
11.133010937111237,2.9118772589496342,KAND,kandi,11.123456,2.954658,4791.3964975633635,7079.457844,327.0,100.0,427.0,538.0,10,302.0543212890625,282.82767223353216,1.493768677684078,292.0543212890625,-0.006549849959969108,11.361209242619386,-0.006401514123987267,11.309755873028655,-0.0016883002387152778,0.08937131110703088,0,-1.0,4551.34657283574,0,4,0,0,0,27.9,27.0,25.0,15.8,1009.5,kandi/KAND,274.500104918019,86.9,81.6,0.9988286109548049
11.126321507503086,2.9315025739985225,KAND,kandi,11.123456,2.954658,2549.3107483096037,7079.457844,327.0,100.0,427.0,538.0,10,300.4160461425781,277.1904797385071,2.8426406989371107,290.4160461425781,-0.012905620500153188,10.997691577303405,-0.01330592400983088,11.136624622891082,-0.020212548780755138,0.5288845002933538,1,-1.0,-1.0,0,0,4,2,0,35.3,21.0,79.0,20.2,1008.9,kandi/KAND,193.7196474289899,79.8,83.3,0.22394566559395823
11.126772282896942,2.9281075434206114,KAND,kandi,11.123456,2.954658,2923.5097963640274,7079.457844,327.0,100.0,427.0,538.0,10,297.04742431640625,277.25712860322847,2.545172237174228,287.04742431640625,-0.012296326824087087,11.854570320903589,-0.012031290690104167,11.950427633381718,0.0020965576171875,0.11931762742144938,1,-1.0,-1.0,0,0,0,0,0,35.7,22.0,60.0,14.8,1008.1,kandi/KAND,192.4369964429442,87.2,81.1,0.28689241356345485
11.138378648769397,2.9275205197040783,KAND,kandi,11.123456,2.954658,3393.0572563380333,7079.457844,327.0,100.0,427.0,538.0,10,292.7379150390625,299.2703386432935,2.265991718593884,282.7379150390625,-0.011867679350557384,13.956342961461774,-0.011864244618585746,13.980223077015655,-0.005929602197696674,0.15564536364664627,1,-1.0,-1.0,0,0,0,9,0,34.2,16.0,100.0,18.4,1010.2,kandi/KAND,371.0522637042291,83.4,85.1,0.25043308673188824
11.110860594131456,2.932751514944249,KAND,kandi,11.123456,2.954658,2769.175818430999,7079.457844,327.0,100.0,427.0,538.0,10,322.6674499511719,239.63360307588061,2.157677611890154,312.6674499511719,-0.0038200460454469085,3.710615552105956,-0.0038565561281028366,3.738325617836377,-0.01028103298611111,0.3797931113989182,1,-1.0,-1.0,0,0,0,0,0,33.4,23.0,80.0,18.4,1011.3,kandi/KAND,289.5291964551508,88.6,90.3,0.26287133215978264
11.130543929803942,2.926655455124768,KAND,kandi,11.123456,2.954658,3157.8897848716074,7079.457844,327.0,100.0,427.0,538.0,10,298.4203796386719,284.4677382601442,2.3316210860148026,288.4203796386719,-0.010952727761297309,12.736328922607951,-0.010791210398225304,12.735350426348534,0.0027779516343044244,0.1035646500196658,1,-1.0,-1.0,0,0,2,15,0,33.0,34.0,28.0,16.2,1007.9,kandi/KAND,377.8714555243443,82.6,84.8,0.5824447415393774
11.139617020360648,2.9247063880164412,KAND,kandi,11.123456,2.954658,3728.394530453395,7079.457844,327.0,100.0,427.0,538.0,10,291.42852783203125,298.8100245400811,2.0824653583492263,281.42852783203125,-0.01083265007563334,14.20649105156548,-0.010927321156433661,14.2162702541595,0.010806878834300074,0.38874203830997794,1,-1.0,-1.0,0,0,0,0,0,34.2,16.0,100.0,18.4,1010.2,kandi/KAND,285.4340773278742,83.4,83.8,0.993522523145843
11.128779943491754,2.9274859032262848,KAND,kandi,11.123456,2.954658,3026.158730706779,7079.457844,327.0,100.0,427.0,538.0,10,297.86395263671875,281.2953300472004,2.443514989099932,287.86395263671875,-0.011679647678791072,12.339180617875224,-0.011403582195886528,12.375915889714348,0.006450305002861209,0.25498047872139346,1,-1.0,-1.0,0,0,4,8,0,33.0,34.0,28.0,16.2,1007.9,kandi/KAND,377.8714555243443,84.8,82.6,0.9902780870927544
11.139402315686427,2.9258872637246536,KAND,kandi,11.123456,2.954658,3604.0388986267553,7079.457844,327.0,100.0,427.0,538.0,10,291.3218994140625,299.46409408832693,2.155945998235129,281.3218994140625,-0.011571206337164255,14.122683996090602,-0.011572189656861891,14.150321103703066,-0.0037339576125571886,0.13620041849926728,1,-1.0,-1.0,0,0,0,2,0,34.2,16.0,100.0,18.4,1010.2,kandi/KAND,285.4340773278742,83.4,83.8,0.5267732313623077
11.133139021429221,2.9116807411543864,KAND,kandi,11.123456,2.954658,4815.468190495638,7079.457844,327.0,100.0,427.0,538.0,10,302.1160888671875,282.93640531554337,1.4855705105535046,292.1160888671875,-0.006461550631631728,11.362324452732269,-0.006410569891120271,11.312148143290688,-0.0006385803222656249,0.08959085905083156,0,-1.0,4554.9117954187195,0,2,0,0,0,27.9,27.0,25.0,15.8,1009.5,kandi/KAND,389.6874709302928,86.9,83.5,0.6390272102646738
11.112361019146595,2.9218474415333806,KAND,kandi,11.123456,2.954658,3788.6406298534685,7079.457844,327.0,100.0,427.0,538.0,10,310.9377136230469,250.98816573063158,1.7546663240243985,300.9377136230469,-0.005876027505228839,8.02462971876813,-0.005672549211457355,8.02001704754472,0.008632447837194532,0.284059469100594,1,-1.0,-1.0,0,0,0,0,0,33.2,27.0,75.0,15.8,1010.6,kandi/KAND,172.33978820923755,85.3,87.9,0.859970543701606
11.106047827664314,2.93215118834372,KAND,kandi,11.123456,2.954658,3123.056701363208,7079.457844,327.0,100.0,427.0,538.0,10,330.03228759765625,231.75531257373956,1.7784039432870271,320.03228759765625,-0.0010454256572420633,2.9590119802958714,-0.001325979698563565,2.965848517324566,-0.011148768034141797,0.4839724193319969,1,-1.0,-1.0,0,0,0,0,0,31.0,43.0,40.0,3.6,1008.2,kandi/KAND,217.95597506908584,88.1,86.8,0.9329334584535052
11.110103000572664,2.934401771692962,KAND,kandi,11.123456,2.954658,2660.5456938897364,7079.457844,327.0,100.0,427.0,538.0,10,328.1211853027344,236.1083401621243,2.128410184791407,318.1211853027344,-0.0019491359982151217,3.0373676508736325,-0.002404796334850046,3.0414991562604987,-0.01512112087673611,0.680450439453125,1,-1.0,-1.0,0,0,0,6,0,30.3,45.0,32.0,11.2,1007.8,kandi/KAND,309.17405911533984,82.3,88.6,0.2038606273295439
11.139193531334072,2.9216228125934136,KAND,kandi,11.123456,2.954658,4006.6643432807796,7079.457844,327.0,100.0,427.0,538.0,10,296.7176208496094,295.90073044998655,1.862397413501798,286.7176208496094,-0.008986224716521626,13.966019837780417,-0.008926254811319655,13.91362063505909,0.00950273843336087,0.5539045927025626,1,-1.0,-1.0,0,0,0,0,0,30.2,23.0,100.0,18.4,1012.1,kandi/KAND,224.00284038368383,85.2,84.6,0.5285417289424529
11.114262773368104,2.931190301900319,KAND,kandi,11.123456,2.954658,2758.0143581864677,7079.457844,327.0,100.0,427.0,538.0,10,313.1064147949219,248.23872256626703,2.3647143447061514,303.1064147949219,-0.00734204354376624,5.687292177242967,-0.007233369434978945,5.8529580917933135,-0.006356133355034723,0.23359275890123343,1,-1.0,-1.0,0,0,0,0,0,35.5,22.0,100.0,11.2,1009.7,kandi/KAND,392.9995717554643,89.2,87.3,0.8328370546615123
11.104197251405681,2.9260430519248395,KAND,kandi,11.123456,2.954658,3782.9155511885724,7079.457844,327.0,100.0,427.0,538.0,10,321.39947509765625,235.55675872548693,1.5990030515559503,311.39947509765625,-0.003130158351788058,3.726533189664303,-0.0031534036000569663,3.77035435616698,-0.0064737955729166664,0.23791053487821018,1,-1.0,-1.0,0,0,0,0,0,31.4,32.0,75.0,16.2,1012.0,kandi/KAND,277.7596185553782,83.6,80.7,0.30320207663459164
11.13773062061194,2.9142887007020897,KAND,kandi,11.123456,2.954658,4684.071393789845,7079.457844,327.0,100.0,427.0,538.0,10,297.235595703125,289.82203116847154,1.5868783588821898,287.235595703125,-0.00766237424943604,12.788049699320398,-0.007797337785551819,12.775782776249647,-0.016795179578993055,0.6370925100682924,0,-1.0,4299.207812336171,0,4,0,0,0,30.4,39.0,60.0,7.6,1009.9,kandi/KAND,365.3384196878242,78.5,86.4,0.4398090424804667
11.13913756891836,2.9272434376045355,KAND,kandi,11.123456,2.954658,3460.835197034902,7079.457844,327.0,100.0,427.0,538.0,10,292.2214660644531,300.2441247930989,2.2301959918241288,282.2214660644531,-0.011927728984515324,13.981650263454187,-0.011765301518529045,14.005874063619318,-0.005021889430966128,0.17402288490854162,1,-1.0,-1.0,0,0,0,6,0,25.1,38.0,70.0,13.7,1012.7,kandi/KAND,250.43971430260106,83.4,83.4,0.985621101512008
11.11928828028385,2.9183147476306552,KAND,kandi,11.123456,2.954658,3996.907901839844,7079.457844,327.0,100.0,427.0,538.0,10,307.09423828125,263.3375118065012,1.718336871685591,297.09423828125,-0.006525159237989738,9.875654740870203,-0.006336824146291961,9.854189199655824,0.008569516606965892,0.2636224270963652,1,-1.0,-1.0,0,0,0,0,0,35.2,25.0,75.0,18.4,1008.5,kandi/KAND,329.7372658647473,87.2,86.1,0.985046696720871
11.135686664164355,2.9177607098291167,KAND,kandi,11.123456,2.954658,4251.638749274989,7079.457844,327.0,100.0,427.0,538.0,10,299.9050598144531,288.67018530110727,1.7122423122538442,289.9050598144531,-0.00784514521209287,13.029161650835986,-0.007643367626048899,12.962889103354279,0.004455227322048611,0.1651019598667235,1,-1.0,-1.0,0,0,1,0,0,30.4,39.0,60.0,7.6,1009.9,kandi/KAND,193.28666844877344,82.8,85.4,0.9061068107651816
11.116374727642759,2.9175820947344824,KAND,kandi,11.123456,2.954658,4125.3356885098665,7079.457844,327.0,100.0,427.0,538.0,10,309.6284484863281,258.9887804304882,1.6297051597988383,299.6284484863281,-0.005641314248578254,9.36629230665565,-0.005670652843656993,9.325622631355495,0.0033190409342447914,0.15403439250881787,1,-1.0,-1.0,0,0,0,5,0,35.2,25.0,75.0,18.4,1008.5,kandi/KAND,175.32730220931484,77.9,87.2,0.7984483448280576
11.116610703589206,2.9264654736979074,KAND,kandi,11.123456,2.954658,3171.554019794716,7079.457844,327.0,100.0,427.0,538.0,10,306.62164306640625,256.1040038701408,2.1736544678071876,296.62164306640625,-0.008397401053950473,8.55260752383118,-0.008481673252435378,8.658509684075753,-0.008632066514756944,0.32170420307086317,1,-1.0,-1.0,0,0,0,1,0,33.2,27.0,75.0,15.8,1010.6,kandi/KAND,377.1768718948386,85.9,89.2,0.26913050072280575
11.116809827659244,2.9295320746459126,KAND,kandi,11.123456,2.954658,2841.5812507460078,7079.457844,327.0,100.0,427.0,538.0,10,309.0481872558594,254.91550240829514,2.376938404437318,299.0481872558594,-0.00851831268845943,7.5563799157128075,-0.00878075668492268,7.712491633152536,-0.014164564344618056,0.5293611118774458,1,-1.0,-1.0,0,0,1,4,0,35.5,22.0,100.0,11.2,1009.7,kandi/KAND,323.68254725880485,89.2,88.4,0.32085007406718746
11.116168771929788,2.9179211681643733,KAND,kandi,11.123456,2.954658,4093.400777378119,7079.457844,327.0,100.0,427.0,538.0,10,309.41546630859375,258.574754116327,1.6453911467408986,299.41546630859375,-0.005848301322605208,9.302239875816548,-0.005679109056504795,9.261993105924399,0.0012194315592447915,0.09010954103079169,1,-1.0,-1.0,0,0,0,12,0,35.2,25.0,75.0,18.4,1008.5,kandi/KAND,175.32730220931484,77.9,87.2,0.5472828412048747
11.104619674894282,2.926529869237922,KAND,kandi,11.123456,2.954658,3712.662192170683,7079.457844,327.0,100.0,427.0,538.0,10,321.8243408203125,235.6907116635812,1.622692774318267,311.8243408203125,-0.003091676773563508,3.619892410849147,-0.003333431321868885,3.6974935740372588,-0.012214808877868149,0.1806051435278919,1,-1.0,-1.0,0,0,0,0,0,31.4,32.0,75.0,16.2,1012.0,kandi/KAND,277.7596185553782,83.6,80.7,0.5607773745620122
11.127756060666908,2.9268373737779387,KAND,kandi,11.123456,2.954658,3076.150551265684,7079.457844,327.0,100.0,427.0,538.0,10,298.23406982421875,278.95459501659263,2.3969697258648397,288.23406982421875,-0.011349394699711574,12.200121773415676,-0.0107641117156498,12.207197876006687,0.013626861572265624,0.6496554303316152,1,-1.0,-1.0,0,0,1,10,0,35.7,22.0,60.0,14.8,1008.1,kandi/KAND,268.144848356337,81.0,82.6,0.505502819357067
11.139327131671239,2.9263007758081883,KAND,kandi,11.123456,2.954658,3560.6082682704578,7079.457844,327.0,100.0,427.0,538.0,10,291.6261901855469,299.70390222765224,2.1773285129052895,281.6261901855469,-0.011720850671997313,14.074124354613126,-0.011571206337164255,14.123693280451256,-0.006224568684895834,0.23430137371903442,1,-1.0,-1.0,0,0,1,4,0,32.0,21.0,67.0,18.4,1011.9,kandi/KAND,285.4340773278742,83.8,83.4,0.6366702799163061
11.121840896474595,2.9261113378459718,KAND,kandi,11.123456,2.954658,3123.6114269197906,7079.457844,327.0,100.0,427.0,538.0,10,300.7929382324219,266.7026906949234,2.3137323770461746,290.7929382324219,-0.010327758789062499,10.355790260985723,-0.010208264236930031,10.400887805513923,0.0015177408854166665,0.056775862181872236,1,-1.0,-1.0,0,0,0,2,0,31.0,31.0,80.0,11.2,1011.0,kandi/KAND,360.5272688756482,82.0,87.2,0.4083230226329888
11.107246206845982,2.9315530379438375,KAND,kandi,11.123456,2.954658,3096.1456439846925,7079.457844,327.0,100.0,427.0,538.0,10,326.734619140625,234.43805480322095,1.8548146166011052,316.734619140625,-0.002112422845302484,2.962027186939354,-0.0018724047460536965,2.959160574627475,0.007762613944544246,0.25914763887689357,1,-1.0,-1.0,0,0,0,1,0,33.4,23.0,80.0,18.4,1011.3,kandi/KAND,217.95597506908584,86.8,88.1,0.7491741573155329
11.113552841666895,2.9352696751102827,KAND,kandi,11.123456,2.954658,2384.562854692038,7079.457844,327.0,100.0,427.0,538.0,10,322.56658935546875,242.50263977243822,2.5077017498487053,312.56658935546875,-0.004482828776041668,3.9027016191198305,-0.004695464343559452,3.9597303939472943,-0.002048492431640625,0.35927653601623805,1,-1.0,-1.0,0,0,1,2,0,33.3,38.0,28.0,15.5,1007.0,kandi/KAND,302.0118058950443,89.9,90.3,0.33354992647835535
11.120021234089924,2.9243063744696642,KAND,kandi,11.123456,2.954658,3337.3837033810455,7079.457844,327.0,100.0,427.0,538.0,10,303.13763427734375,263.42397028828856,2.125477828163154,293.13763427734375,-0.008984447660900298,10.046949017716045,-0.008836029382828821,10.070149332716808,0.004953597456850568,0.14623533298003583,1,-1.0,-1.0,0,0,0,9,0,33.2,27.0,75.0,15.8,1010.6,kandi/KAND,366.5034435036539,88.5,80.5,0.33067699694635255
11.117996464181934,2.9306193648550733,KAND,kandi,11.123456,2.954658,2694.5945275144004,7079.457844,327.0,100.0,427.0,538.0,10,308.88995361328125,256.9700646855629,2.509794417793445,298.88995361328125,-0.00909925062668094,7.769788448339993,-0.008996283489724864,7.887094325358349,-0.009724934895833334,0.36006663487482266,1,-1.0,-1.0,0,0,0,2,0,35.5,22.0,100.0,11.2,1009.7,kandi/KAND,323.68254725880485,88.4,89.2,0.127225961891828
11.135770141539659,2.928857812327267,KAND,kandi,11.123456,2.954658,3130.303185092245,7079.457844,327.0,100.0,427.0,538.0,10,294.0332946777344,295.94250382196856,2.432305598300858,284.0332946777344,-0.012473677377852183,13.624075980287136,-0.012341270316508883,13.654552583766227,0.0012834298279708058,0.04343094940478659,1,-1.0,-1.0,0,0,2,11,0,25.1,38.0,70.0,13.7,1012.7,kandi/KAND,302.509112755308,85.1,84.5,0.18871221002891925
11.135239385450403,2.9332235209664503,KAND,kandi,11.123456,2.954658,2679.8355811604806,7079.457844,327.0,100.0,427.0,538.0,10,292.23333740234375,299.26294758417384,2.878930941249444,282.23333740234375,-0.015248465555347089,12.806239237421087,-0.015027550928507587,12.919152797373675,-0.00039341006577184274,0.03157592474951103,1,-1.0,-1.0,0,0,1,3,0,25.1,38.0,70.0,13.7,1012.7,kandi/KAND,334.3661974542558,84.5,87.6,0.8505208789213576
11.103003799551814,2.9252022305968515,KAND,kandi,11.123456,2.954658,3933.587951149052,7079.457844,327.0,100.0,427.0,538.0,10,321.20306396484375,234.71942931641905,1.5406435501512938,311.20306396484375,-0.0030611905184659088,3.759976776595315,-0.0029614282786160386,3.8014029855996814,0.005117144600279228,0.13329108935709116,1,-1.0,-1.0,0,0,0,0,0,31.4,32.0,75.0,16.2,1012.0,kandi/KAND,185.52613185200588,83.6,82.2,0.44628233858044153
11.126858491249008,2.9265815554051224,KAND,kandi,11.123456,2.954658,3090.1103973402437,7079.457844,327.0,100.0,427.0,538.0,10,298.4311218261719,277.04351883394276,2.382506400800467,288.4311218261719,-0.01128695424193441,12.025266455612288,-0.010598950283035535,12.046926419123915,0.021765418479172984,0.6516630540154094,1,-1.0,-1.0,0,0,0,3,0,35.7,22.0,60.0,14.8,1008.1,kandi/KAND,213.30780787394355,81.0,87.2,0.2278677865528338
11.137428702291949,2.907037187624041,KAND,kandi,11.123456,2.954658,5426.814251865817,7079.457844,327.0,100.0,427.0,538.0,10,299.3578796386719,286.6534040725724,1.3473847198039344,289.3578796386719,-0.00626124018164302,11.716330898845321,-0.006187219393926458,11.67228935224018,-0.001591661241319444,0.07674435377427523,1,-1.0,-1.0,0,0,0,0,0,28.4,37.0,100.0,3.6,1009.9,kandi/KAND,325.21295177169327,83.6,81.9,0.7593411000223874
11.13657669360268,2.924985823208611,KAND,kandi,11.123456,2.954658,3551.4659419777204,7079.457844,327.0,100.0,427.0,538.0,10,292.5633239746094,294.2622715069189,2.1678310738461013,282.5633239746094,-0.011542732808934343,13.79999390056356,-0.011262886320592287,13.844914995912779,-0.005115509033203125,0.24118319873157468,1,-1.0,-1.0,0,0,1,1,0,30.2,23.0,100.0,18.4,1012.1,kandi/KAND,315.80426612040435,85.4,80.0,0.5539811258168594
11.111506093707092,2.9378674764170394,KAND,kandi,11.123456,2.954658,2260.9297944425084,7079.457844,327.0,100.0,427.0,538.0,10,329.192626953125,234.04761202582884,2.477059593521694,319.192626953125,-0.0022959237956878143,3.1861622135338434,-0.0018854777018229168,3.1604013837672484,-0.004564158121744792,0.3225470423903805,1,-1.0,-1.0,0,0,0,0,0,30.3,45.0,32.0,11.2,1007.8,kandi/KAND,255.95069251708895,90.3,85.8,0.021156011423293486
11.139438987679764,2.9289388730105466,KAND,kandi,11.123456,2.954658,3319.512140567302,7079.457844,327.0,100.0,427.0,538.0,10,292.80316162109375,302.3509798467089,2.31501724830608,282.80316162109375,-0.012181163342836119,13.866147172051532,-0.011976363597695421,13.911817690070537,-0.0017020226114581331,0.058641079542846475,1,-1.0,-1.0,0,0,2,1,0,34.2,16.0,100.0,18.4,1010.2,kandi/KAND,298.9384769478677,79.7,83.4,0.31636145733671517
11.139657170296337,2.9242722766697535,KAND,kandi,11.123456,2.954658,3772.1861578721227,7079.457844,327.0,100.0,427.0,538.0,10,291.85504150390625,298.52290039697226,2.0518407684264552,281.85504150390625,-0.010970988601603834,14.216709489813391,-0.010143639726151232,14.220913958563743,0.02798622628490856,0.5179645905567719,1,-1.0,-1.0,0,0,0,0,0,32.0,21.0,67.0,18.4,1011.9,kandi/KAND,262.99505261506863,83.8,84.6,0.17700141112134105
11.140211504352996,2.9193346098769593,KAND,kandi,11.123456,2.954658,4280.723442077939,7079.457844,327.0,100.0,427.0,538.0,10,301.6152648925781,295.80446215107224,1.677745085682019,291.6152648925781,-0.007168062016779547,13.656547885016158,-0.007456875505118534,13.578505739819771,0.010362752278645833,0.5891195132951247,1,-1.0,-1.0,0,0,0,1,0,30.2,23.0,100.0,18.4,1012.1,kandi/KAND,387.1975309838644,85.2,82.9,0.6558728609828406
11.125884536627943,2.9277476820210198,KAND,kandi,11.123456,2.954658,2951.968619266891,7079.457844,327.0,100.0,427.0,538.0,10,297.4375,275.25752089036433,2.513110474150761,287.4375,-0.012033917074645083,11.536598214883387,-0.011783219642765056,11.639933677861633,0.0011601765950520833,0.10493778762812044,1,-1.0,-1.0,0,0,1,1,0,35.3,21.0,79.0,20.2,1008.9,kandi/KAND,276.13132473513264,81.1,81.0,0.27503104063025285
11.137028078656598,2.9073604979262537,KAND,kandi,11.123456,2.954658,5380.438533228195,7079.457844,327.0,100.0,427.0,538.0,10,299.547607421875,286.3062305868958,1.3569746640796059,289.547607421875,-0.006255142777054397,11.667129776208519,-0.006183711761262095,11.644215190393709,0.003219496740659173,0.1024946601983427,1,-1.0,-1.0,0,0,0,0,0,28.4,37.0,100.0,3.6,1009.9,kandi/KAND,325.21295177169327,81.9,83.6,0.06494677920994363
11.116754513813058,2.9257519884490173,KAND,kandi,11.123456,2.954658,3243.6235426693474,7079.457844,327.0,100.0,427.0,538.0,10,305.3719787597656,256.70912895549094,2.147446754817195,295.3719787597656,-0.00854844026244744,8.849567356546427,-0.008282410172594252,8.887556203539043,0.0066642067574816345,0.19610808386481934,1,-1.0,-1.0,0,0,0,0,0,33.2,27.0,75.0,15.8,1010.6,kandi/KAND,377.1768718948386,85.9,89.2,0.05493498919766926
11.131149914468246,2.9230288508747764,KAND,kandi,11.123456,2.954658,3558.4532140103297,7079.457844,327.0,100.0,427.0,538.0,10,298.7541198730469,283.9267791575505,2.064034110752898,288.7541198730469,-0.009666004922219478,12.602739028197758,-0.009503333562004994,12.57975770360309,0.0007006327311197916,0.05912260317632,1,-1.0,-1.0,0,0,1,4,0,33.0,34.0,28.0,16.2,1007.9,kandi/KAND,371.69589343971694,82.4,86.6,0.5817272979587149
11.136817001978457,2.9074539318531554,KAND,kandi,11.123456,2.954658,5364.159925613511,7079.457844,327.0,100.0,427.0,538.0,10,299.9469299316406,286.09600432498087,1.3568282730841514,289.9469299316406,-0.006192823383086089,11.634041279247377,-0.006149117213765057,11.589953849389735,0.0036445103511054153,0.13840164547598435,1,-1.0,-1.0,0,0,0,0,0,28.4,37.0,100.0,3.6,1009.9,kandi/KAND,348.3702771476682,81.9,79.6,0.021723455704089623
11.117944903043243,2.930572120462878,KAND,kandi,11.123456,2.954658,2700.906416566647,7079.457844,327.0,100.0,427.0,538.0,10,308.88995361328125,256.8761511378669,2.503936622103969,298.88995361328125,-0.009051188141480633,7.745231939981348,-0.008996283489724864,7.864074430203697,-0.009724934895833334,0.36006663487482266,1,-1.0,-1.0,0,0,0,1,0,35.5,22.0,100.0,11.2,1009.7,kandi/KAND,323.68254725880485,89.2,88.4,0.8487921131360887
11.104520735205679,2.929893808642228,KAND,kandi,11.123456,2.954658,3421.420361754295,7079.457844,327.0,100.0,427.0,538.0,10,327.686279296875,232.07535127841163,1.6626602710832032,317.686279296875,-0.0016345214843749999,2.9652780778640455,-0.001571497423895474,2.970117819177735,-0.004171074761284722,0.19962674368520303,1,-1.0,-1.0,0,0,0,0,0,31.4,32.0,75.0,16.2,1012.0,kandi/KAND,349.9740403229864,86.3,80.7,0.15539711925727562
11.132852971244246,2.918979488399218,KAND,kandi,11.123456,2.954658,4033.7512064243847,7079.457844,327.0,100.0,427.0,538.0,10,298.9925842285156,285.0289272637693,1.8176193271676182,288.9925842285156,-0.008477233133198302,12.48869797223978,-0.008155878442917427,12.440161283454463,0.008093516031901041,0.4060517522459009,1,-1.0,-1.0,0,0,0,1,0,26.8,36.0,58.0,15.8,1010.5,kandi/KAND,352.45777406663626,85.7,87.5,0.6065663351954298
11.111129288365937,2.9351751585143426,KAND,kandi,11.123456,2.954658,2527.692694904624,7079.457844,327.0,100.0,427.0,538.0,10,328.52117919921875,237.18813031456182,2.2311132103291893,318.52117919921875,-0.0018839996936274512,3.1966539968352494,-0.0021223522383606312,3.182432697242487,-0.014735485303490873,0.44032621119670007,1,-1.0,-1.0,0,0,0,0,0,30.3,45.0,32.0,11.2,1007.8,kandi/KAND,256.65974849969416,85.8,90.3,0.4446880280107457
11.135243277675361,2.929712584470742,KAND,kandi,11.123456,2.954658,3020.897528948254,7079.457844,327.0,100.0,427.0,538.0,10,293.806884765625,295.71691645459435,2.5245689249733303,283.806884765625,-0.013028986780065883,13.444741308918962,-0.012738303767824633,13.526968713120773,0.002608913845486111,0.10175927836328821,1,-1.0,-1.0,0,0,3,3,0,25.1,38.0,70.0,13.7,1012.7,kandi/KAND,302.509112755308,84.5,85.1,0.4428515212319025
11.1364061049709,2.9165231859128786,KAND,kandi,11.123456,2.954658,4405.23638368454,7079.457844,327.0,100.0,427.0,538.0,10,300.3097229003906,289.09425689286854,1.6473163601186684,290.3097229003906,-0.007486987344236571,12.934564715820226,-0.007371340075328579,12.869549774391167,0.0006523980034722222,0.03121994760265555,1,-1.0,-1.0,0,0,0,0,0,30.4,39.0,60.0,7.6,1009.9,kandi/KAND,335.4422938451181,82.8,79.8,0.07179714236004586
11.12069431179564,2.9300993578397962,KAND,kandi,11.123456,2.954658,2700.179846097048,7079.457844,327.0,100.0,427.0,538.0,10,306.04010009765625,263.4644943247816,2.5649629866856016,296.04010009765625,-0.010112894235022377,8.96183969372601,-0.010165289236098196,9.067020140177597,-0.015593297532879434,0.46767815213479674,1,-1.0,-1.0,0,0,2,2,0,35.5,22.0,100.0,11.2,1009.7,kandi/KAND,351.7491748390901,88.4,85.1,0.8027522502122156
11.140209625276372,2.9312662143609685,KAND,kandi,11.123456,2.954658,3156.5644838910766,7079.457844,327.0,100.0,427.0,538.0,10,291.50433349609375,306.1299060718747,2.457914927785324,281.50433349609375,-0.013151271988011005,13.812768761590407,-0.01267078234595015,13.847375900354034,0.015572513536979358,0.4818398960439545,1,-1.0,-1.0,0,0,0,2,0,34.2,16.0,100.0,18.4,1010.2,kandi/KAND,284.3355512418123,79.7,85.3,0.8930524847532526
11.135294356332315,2.9248892886653177,KAND,kandi,11.123456,2.954658,3505.6827803249435,7079.457844,327.0,100.0,427.0,538.0,10,293.26043701171875,292.06558332765627,2.1847379997935423,283.26043701171875,-0.01143665792819222,13.62829860378284,-0.011254205499829355,13.67010923658159,-0.004918676341321299,0.18822475196931027,1,-1.0,-1.0,0,0,0,1,0,30.2,23.0,100.0,18.4,1012.1,kandi/KAND,261.51750763597073,80.0,84.7,0.011016667384228462
11.110753302831426,2.922051619884449,KAND,kandi,11.123456,2.954658,3829.1782158574606,7079.457844,327.0,100.0,427.0,538.0,10,313.361328125,248.3487201391196,1.69987016932662,303.361328125,-0.005198971430460612,7.364966025216575,-0.004731409297278394,7.358769012213617,0.015703990318920922,0.2690634396721606,1,-1.0,-1.0,0,0,0,0,0,36.4,21.0,100.0,14.8,1008.9,kandi/KAND,285.06577511311707,85.9,82.3,0.17860417569711773
11.105780090534521,2.9320322227492714,KAND,kandi,11.123456,2.954658,3151.5872636862196,7079.457844,327.0,100.0,427.0,538.0,10,329.1075439453125,231.4767092867413,1.779110443139168,319.1075439453125,-0.0013263630417158013,2.993595204704639,-0.0012157142200130316,2.9920757182453137,-0.0067705758436592545,0.37974770596236584,1,-1.0,-1.0,0,0,0,0,0,31.4,32.0,75.0,16.2,1012.0,kandi/KAND,268.61311974672043,86.3,86.8,0.9039041887954788
11.11072788350938,2.9213537942785197,KAND,kandi,11.123456,2.954658,3901.2079682326,7079.457844,327.0,100.0,427.0,538.0,10,314.3602600097656,248.72298999987925,1.6538439509304705,304.3602600097656,-0.004861242391600754,7.448681445856217,-0.004663833464034881,7.422142183566924,0.011415269639756942,0.42468355927906987,1,-1.0,-1.0,0,0,0,0,0,26.1,45.0,70.0,11.9,1012.3,kandi/KAND,285.06577511311707,82.3,85.9,0.5494936128000582
11.110376489446844,2.9326230589589173,KAND,kandi,11.123456,2.954658,2808.5211096656712,7079.457844,327.0,100.0,427.0,538.0,10,323.47625732421875,238.83105827670806,2.1110004592185065,313.47625732421875,-0.003492596132535461,3.593406723330054,-0.0037874963548448354,3.672899811677632,-0.010987091064453124,0.5905880597965387,1,-1.0,-1.0,0,0,0,0,0,33.4,23.0,80.0,18.4,1011.3,kandi/KAND,309.17405911533984,88.6,82.3,0.15003957824821013
11.113872317608712,2.937776873789944,KAND,kandi,11.123456,2.954658,2127.1412972128683,7079.457844,327.0,100.0,427.0,538.0,10,325.7986145019531,239.94899490615515,2.723863858989567,315.7986145019531,-0.003590106994026891,3.485000112615232,-0.003672964714433505,3.491188109684131,-0.015209960937500001,0.5594680109678504,1,-1.0,-1.0,0,0,0,0,0,33.3,38.0,28.0,15.5,1007.0,kandi/KAND,285.99656928073153,90.0,89.9,0.20279045260915884
11.134966039891712,2.9066880165069158,KAND,kandi,11.123456,2.954658,5392.678422811459,7079.457844,327.0,100.0,427.0,538.0,10,302.0453186035156,283.7461332339755,1.327372861581803,292.0453186035156,-0.005814744026021571,11.115531490371495,-0.005739182692307692,11.067118004638571,-0.003498670789930555,0.13029445469899126,1,-1.0,-1.0,0,0,0,0,0,28.4,37.0,100.0,3.6,1009.9,kandi/KAND,348.3702771476682,81.9,79.6,0.6599862442371142
11.119838104486586,2.9243002701495526,KAND,kandi,11.123456,2.954658,3340.4135380340863,7079.457844,327.0,100.0,427.0,538.0,10,303.08935546875,263.0779079255979,2.124378690171676,293.08935546875,-0.008998816353934153,10.003302161252625,-0.008846404425515712,10.026597345471474,0.0037896922031443255,0.12275228734492831,1,-1.0,-1.0,0,0,0,8,0,31.5,32.0,75.0,15.1,1011.5,kandi/KAND,366.5034435036539,80.5,88.5,0.724816822246873
11.133342389770165,2.9200521428597987,KAND,kandi,11.123456,2.954658,3935.344145376878,7079.457844,327.0,100.0,427.0,538.0,10,297.7134704589844,286.23679133986843,1.881642100493931,287.7134704589844,-0.008992906050248578,12.81532800577013,-0.008824386337431687,12.796908923359744,0.0019526532983410564,0.13044567064633758,1,-1.0,-1.0,0,0,0,7,0,30.0,38.0,28.0,18.0,1008.6,kandi/KAND,367.47538693083294,87.5,86.0,0.5994268085799352
11.122928902586818,2.9251615272257343,KAND,kandi,11.123456,2.954658,3222.7789334218974,7079.457844,327.0,100.0,427.0,538.0,10,301.06451416015625,268.9594919305244,2.2377900085782114,291.06451416015625,-0.009957056869695214,10.834738121393517,-0.009632272431344693,10.866419151591623,0.006512705485026042,0.2983682955396957,1,-1.0,-1.0,0,0,0,0,0,31.5,32.0,75.0,15.1,1011.5,kandi/KAND,340.76806176995353,81.6,82.0,0.9531483799125258
11.110345519877031,2.9323724097158115,KAND,kandi,11.123456,2.954658,2833.7771524289983,7079.457844,327.0,100.0,427.0,538.0,10,322.40203857421875,239.05760743532994,2.1138932031863407,312.40203857421875,-0.0038327508223684214,3.5959455190775493,-0.004019196500483248,3.680696137566485,-0.015389506022135416,0.6791569014419621,1,-1.0,-1.0,0,0,0,0,0,31.0,43.0,40.0,3.6,1008.2,kandi/KAND,336.60591917685895,86.1,88.7,0.49406360366177704
11.138152703615765,2.9203255431876007,KAND,kandi,11.123456,2.954658,4087.627851960434,7079.457844,327.0,100.0,427.0,538.0,10,297.5892028808594,293.57385222519764,1.8133296384465556,287.5892028808594,-0.008694933220707877,13.663185891301817,-0.008390490686837787,13.631364800201263,0.013881110588621487,0.4390900555822529,1,-1.0,-1.0,0,0,0,0,0,30.2,23.0,100.0,18.4,1012.1,kandi/KAND,222.29118403569404,85.2,79.8,0.3002719121425267
11.11125733802764,2.935047889643261,KAND,kandi,11.123456,2.954658,2531.833140560157,7079.457844,327.0,100.0,427.0,538.0,10,327.9676513671875,237.6289725467896,2.2399756188396505,317.9676513671875,-0.002101069431678922,3.2831271049462902,-0.0020625439640205943,3.252631603105435,0.00340576171875,0.168964768540786,1,-1.0,-1.0,0,0,0,0,0,31.0,43.0,40.0,3.6,1008.2,kandi/KAND,256.65974849969416,90.3,85.8,0.4772329099757965
11.135083846942686,2.9326097744224935,KAND,kandi,11.123456,2.954658,2730.464265039746,7079.457844,327.0,100.0,427.0,538.0,10,292.2878112792969,298.25972964014727,2.8244963952427997,282.2878112792969,-0.015032075874971382,12.844232881585139,-0.014531722248145479,13.050185800497582,0.005489578514955496,0.1466841122725598,1,-1.0,-1.0,0,0,0,2,0,33.4,16.0,49.0,20.9,1010.0,kandi/KAND,334.3661974542558,87.6,84.5,0.35966629366661096
11.117166120340563,2.917538904210528,KAND,kandi,11.123456,2.954658,4114.257637682072,7079.457844,327.0,100.0,427.0,538.0,10,308.5914001464844,260.20559613049056,1.6485211735184524,298.5914001464844,-0.0059743908868319755,9.580244840864964,-0.005774656462695205,9.55727843755663,0.009823322827413921,0.2840385548441719,1,-1.0,-1.0,0,0,0,1,0,35.2,25.0,75.0,18.4,1008.5,kandi/KAND,329.7372658647473,87.2,86.1,0.2244158926746863
11.110420544124262,2.9323365368254333,KAND,kandi,11.123456,2.954658,2832.9114059382678,7079.457844,327.0,100.0,427.0,538.0,10,322.40203857421875,239.2429405274189,2.1145386291477184,312.40203857421875,-0.0038327508223684214,3.6683728149140316,-0.004019196500483248,3.7513545431409,-0.013923136393229167,0.634271358376587,1,-1.0,-1.0,0,0,0,0,0,33.4,23.0,80.0,18.4,1011.3,kandi/KAND,309.17405911533984,88.6,82.3,0.04596324934014007
11.134870637245239,2.9317684604812104,KAND,kandi,11.123456,2.954658,2801.1579965242654,7079.457844,327.0,100.0,427.0,538.0,10,293.1136779785156,296.94376565171063,2.736470970193879,283.1136779785156,-0.014259468240940827,13.072913359845586,-0.013882615831163195,13.221249502446339,0.005152130126953125,0.23227156306559973,0,-1.0,2767.4767380490234,0,6,0,12,0,25.1,38.0,70.0,13.7,1012.7,kandi/KAND,334.3661974542558,84.5,87.6,0.3522124935651242
11.10997624403054,2.919567351963932,KAND,kandi,11.123456,2.954658,4113.230611055243,7079.457844,327.0,100.0,427.0,538.0,10,317.2057800292969,248.62370319734384,1.5290297512872235,307.2057800292969,-0.0038936227991961045,7.280569897306504,-0.003824275574265297,7.257599102323488,0.006037121374145378,0.23262987063728946,1,-1.0,-1.0,0,0,0,0,0,31.5,29.0,60.0,14.8,1011.4,kandi/KAND,305.7478243151074,89.2,82.3,0.7114093477097423
11.111775901200076,2.9327458750757844,KAND,kandi,11.123456,2.954658,2720.182407666184,7079.457844,327.0,100.0,427.0,538.0,10,322.1593017578125,241.48964757223257,2.2071894118012874,312.1593017578125,-0.004026367452564199,4.035623964989137,-0.004267210601478494,4.080965923537802,-0.004828559027777777,0.3126694082238172,1,-1.0,-1.0,0,0,1,0,0,31.0,43.0,40.0,3.6,1008.2,kandi/KAND,336.60591917685895,88.7,86.1,0.01843780287519381
11.134571263819694,2.918022164297359,KAND,kandi,11.123456,2.954658,4186.69885786599,7079.457844,327.0,100.0,427.0,538.0,10,299.3875732421875,287.18584539147986,1.7458600824226467,289.3875732421875,-0.008080429803757441,12.810016055950127,-0.00779949062866784,12.749205424795734,0.009361012776692709,0.43269571818633795,1,-1.0,-1.0,0,0,0,0,0,30.0,38.0,28.0,18.0,1008.6,kandi/KAND,208.75379014506763,87.5,85.4,0.4391785132059347
11.109291377629656,2.9312572229855403,KAND,kandi,11.123456,2.954658,2998.3590890782093,7079.457844,327.0,100.0,427.0,538.0,10,323.0829772949219,238.33265944904764,1.9849605823278451,313.0829772949219,-0.0034141337076822914,3.6647753615868583,-0.0037439673999741306,3.7166859466632913,-0.013490434676377382,0.3476090307897764,1,-1.0,-1.0,0,0,0,0,0,31.0,43.0,40.0,3.6,1008.2,kandi/KAND,144.11587076282325,86.1,81.5,0.6440094014498684
11.111911815137073,2.933348289795147,KAND,kandi,11.123456,2.954658,2655.1892118238916,7079.457844,327.0,100.0,427.0,538.0,10,322.0314025878906,241.09920323890196,2.2639167550207207,312.0314025878906,-0.0038527504624055226,3.919257604746078,-0.004201812185210622,3.965927880287884,0.005996195475260417,0.3868377866472564,1,-1.0,-1.0,0,0,0,0,0,31.0,43.0,40.0,3.6,1008.2,kandi/KAND,169.22313139762375,90.3,88.7,0.6104041091743072
11.12053719622439,2.927872851152664,KAND,kandi,11.123456,2.954658,2943.83187097419,7079.457844,327.0,100.0,427.0,538.0,10,303.6575012207031,263.66546749581806,2.399210930475743,293.6575012207031,-0.008822194207606153,9.479183912303727,-0.010068988275173153,9.540530345037464,-0.0072112438295563975,0.2274754136162831,1,-1.0,-1.0,0,0,2,1,0,31.0,31.0,80.0,11.2,1011.0,kandi/KAND,310.39672140233506,85.1,87.2,0.7766484358887159
11.111566622404768,2.932655785843613,KAND,kandi,11.123456,2.954658,2739.8841308078986,7079.457844,327.0,100.0,427.0,538.0,10,322.1728210449219,241.16025659508415,2.191051373928162,312.1728210449219,-0.004040781656901042,3.9896918085981863,-0.004377176209076678,4.031323829352379,-0.00823749286332145,0.4008942768388754,1,-1.0,-1.0,0,0,0,0,0,33.4,23.0,80.0,18.4,1011.3,kandi/KAND,165.92922165772438,88.6,88.7,0.8105197156597975
11.126399812868685,2.9267913642521863,KAND,kandi,11.123456,2.954658,3061.5535336404128,7079.457844,327.0,100.0,427.0,538.0,10,298.0611267089844,276.1476222997319,2.411615524754952,288.0611267089844,-0.011412379193846077,11.911908096850645,-0.010773654059720743,11.92075569433715,0.022195427709194804,0.6238758523792052,1,-1.0,-1.0,0,0,0,2,0,35.3,21.0,79.0,20.2,1008.9,kandi/KAND,276.13132473513264,81.1,81.0,0.7117058209193878
11.139657299870477,2.9226126936643984,KAND,kandi,11.123456,2.954658,3932.6611601686277,7079.457844,327.0,100.0,427.0,538.0,10,295.0157470703125,297.2637330735964,1.9221852768285348,285.0157470703125,-0.010475137545166446,14.13279835408786,-0.009426131689249507,14.111460561150002,0.013431064879903766,0.42571086114431567,1,-1.0,-1.0,0,0,0,0,0,30.2,23.0,100.0,18.4,1012.1,kandi/KAND,357.7042813554138,84.6,85.4,0.10279769614474943
11.12768119950099,2.9287635597010517,KAND,kandi,11.123456,2.954658,2867.086093553151,7079.457844,327.0,100.0,427.0,538.0,10,296.61102294921875,279.44412139556385,2.603896011347987,286.61102294921875,-0.012748040093315973,12.015268548067144,-0.012404357494951107,12.115960985613667,0.0024073282877604164,0.12036244606597639,1,-1.0,-1.0,0,0,0,6,0,33.0,34.0,28.0,16.2,1007.9,kandi/KAND,386.7215149173957,82.6,83.3,0.47502244400436067
11.125264039574397,2.9220078337022213,KAND,kandi,11.123456,2.954658,3572.3556218612325,7079.457844,327.0,100.0,427.0,538.0,10,303.98712158203125,273.2332977168075,1.9721818667525992,293.98712158203125,-0.008149515787760415,11.197372690933543,-0.00785454355218794,11.17018764315836,0.012729224406371134,0.3655103329274457,1,-1.0,-1.0,0,0,0,0,0,34.3,13.0,100.0,18.4,1008.8,kandi/KAND,320.7976815689198,82.1,84.4,0.6034059574876086
11.134006452831049,2.9296460707562737,KAND,kandi,11.123456,2.954658,2971.103529247001,7079.457844,327.0,100.0,427.0,538.0,10,294.44647216796875,293.2653158630404,2.554513733090196,284.44647216796875,-0.013090181978828396,13.260222576610436,-0.012674107440973418,13.33795042135001,0.009539587247644915,0.33882758391129636,1,-1.0,-1.0,0,0,2,7,0,25.1,38.0,70.0,13.7,1012.7,kandi/KAND,183.82149629455927,84.2,84.5,0.2455660388094516
11.140110215664766,2.931597444953823,KAND,kandi,11.123456,2.954658,3120.8424734388054,7079.457844,327.0,100.0,427.0,538.0,10,291.2506408691406,306.35689344705287,2.4906625743968043,281.2506408691406,-0.013483379054511887,13.697440958681353,-0.013385268877137382,13.810931083719373,-8.578830295138835e-05,0.21126609103188837,1,-1.0,-1.0,0,0,0,0,0,34.2,16.0,100.0,18.4,1010.2,kandi/KAND,278.04558367284955,85.3,76.8,0.04255181764677651
11.118945242769046,2.930655353291959,KAND,kandi,11.123456,2.954658,2669.1643859315714,7079.457844,327.0,100.0,427.0,538.0,10,308.20379638671875,259.160092136562,2.548375138182388,298.20379638671875,-0.009408832221441947,8.231926321024847,-0.009444703153685464,8.347038490997559,-0.007360639759014648,0.21629503683399567,1,-1.0,-1.0,0,0,1,3,0,35.5,22.0,100.0,11.2,1009.7,kandi/KAND,351.7491748390901,88.4,85.1,0.2235903208760469
11.13466404994954,2.9240547985247427,KAND,kandi,11.123456,2.954658,3565.570237874368,7079.457844,327.0,100.0,427.0,538.0,10,294.0634765625,290.4713920100593,2.135191559332639,284.0634765625,-0.010996581384779137,13.528591565848373,-0.010826905305720556,13.555104374137006,-0.0002536349826388889,0.12405585443560578,1,-1.0,-1.0,0,0,1,7,0,30.2,23.0,100.0,18.4,1012.1,kandi/KAND,261.51750763597073,80.0,84.7,0.45489440173263884
11.123601403053412,2.92352433826582,KAND,kandi,11.123456,2.954658,3401.135278108323,7079.457844,327.0,100.0,427.0,538.0,10,302.7621765136719,270.2757120231713,2.091989545204455,292.7621765136719,-0.008936608743946453,11.003460015965866,-0.008803914388020834,10.996461887120173,0.0027353922526041664,0.11078566301436117,1,-1.0,-1.0,0,0,0,0,0,31.5,32.0,75.0,15.1,1011.5,kandi/KAND,306.15079813714885,84.4,80.5,0.41393031905460087
11.11701271585419,2.9254393594724313,KAND,kandi,11.123456,2.954658,3270.5374638142275,7079.457844,327.0,100.0,427.0,538.0,10,304.83319091796875,257.3366575515913,2.1392171222084015,294.83319091796875,-0.008714860472552214,8.962490847769228,-0.008212061458708217,9.044501254594936,0.010450194126754317,0.3001362038628615,1,-1.0,-1.0,0,0,0,0,0,33.2,27.0,75.0,15.8,1010.6,kandi/KAND,161.15480094289197,85.9,78.9,0.17666698132716163
11.126459615574817,2.9304637611111577,KAND,kandi,11.123456,2.954658,2663.8104751230726,7079.457844,327.0,100.0,427.0,538.0,10,299.0450134277344,277.2132779686367,2.750064249492626,289.0450134277344,-0.012833128536100627,11.278558539839056,-0.013050575506119624,11.409371176662859,-0.014420110013753608,0.28215268380411085,1,-1.0,-1.0,0,0,0,8,0,35.3,21.0,79.0,20.2,1008.9,kandi/KAND,193.7196474289899,79.8,83.3,0.8244155426834928
11.135874281271283,2.928484652598199,KAND,kandi,11.123456,2.954658,3172.0260322836552,7079.457844,327.0,100.0,427.0,538.0,10,294.0771179199219,295.8089484800305,2.399560057214403,284.0771179199219,-0.012342220282404677,13.64455167383263,-0.012204598786223856,13.699364567524237,-0.0032737729924269348,0.04753122528703004,1,-1.0,-1.0,0,0,2,9,0,25.1,38.0,70.0,13.7,1012.7,kandi/KAND,265.70070718742903,84.2,85.1,0.9256866687367246
11.111872283147001,2.9330640359617695,KAND,kandi,11.123456,2.954658,2684.5413201258702,7079.457844,327.0,100.0,427.0,538.0,10,321.85443115234375,241.33697549268817,2.2429602871763867,311.85443115234375,-0.004328947274384497,3.9750981991923258,-0.004040781656901042,4.004603568781604,0.007383982340494791,0.3299161607318362,1,-1.0,-1.0,0,0,0,1,0,31.0,43.0,40.0,3.6,1008.2,kandi/KAND,169.22313139762375,88.7,90.3,0.20134831905271522
11.137265344060554,2.9190626704153035,KAND,kandi,11.123456,2.954658,4177.685753891779,7079.457844,327.0,100.0,427.0,538.0,10,299.2157287597656,291.5768274614104,1.751978929769,289.2157287597656,-0.00812134515671503,13.470210672016762,-0.008021803720897325,13.437695934400134,0.010043570929457677,0.3425751490229898,1,-1.0,-1.0,0,0,0,2,0,30.4,39.0,60.0,7.6,1009.9,kandi/KAND,239.88586973826605,85.4,79.8,0.9295729155672217
11.118891802499126,2.9242932013859684,KAND,kandi,11.123456,2.954658,3355.3329360975326,7079.457844,327.0,100.0,427.0,538.0,10,303.0893249511719,261.2935632584552,2.1149418148083825,293.0893249511719,-0.00898847814925526,9.867553592726129,-0.008599617266468693,9.926135282490144,0.010713526621585432,0.24196308163383887,1,-1.0,-1.0,0,0,0,2,0,33.2,27.0,75.0,15.8,1010.6,kandi/KAND,277.74462035546526,88.5,85.9,0.017860959175180824
11.106152552001298,2.932193785515915,KAND,kandi,11.123456,2.954658,3112.256398814929,7079.457844,327.0,100.0,427.0,538.0,10,329.3728332519531,231.87055727111957,1.7966999810889492,319.3728332519531,-0.0013681869953803306,2.9686553560969777,-0.0013273802943199683,2.9617872453285936,-0.011198255750868054,0.4847784085124189,1,-1.0,-1.0,0,0,0,0,0,31.0,43.0,40.0,3.6,1008.2,kandi/KAND,330.0848336780301,86.1,86.8,0.9249624727069454
11.112197893185122,2.9216913412405305,KAND,kandi,11.123456,2.954658,3810.6377487935183,7079.457844,327.0,100.0,427.0,538.0,10,311.17181396484375,250.8136782760886,1.741027074486051,301.17181396484375,-0.0058127176696081626,7.9555446095810725,-0.005494927851958904,7.9502373194497835,0.012469933420454632,0.3490168215685496,1,-1.0,-1.0,0,0,0,0,0,36.4,21.0,100.0,14.8,1008.9,kandi/KAND,191.92410374935423,85.9,87.9,0.9519287900809079
11.13800626087616,2.9059585598690445,KAND,kandi,11.123456,2.954658,5558.022260619288,7079.457844,327.0,100.0,427.0,538.0,10,298.0572814941406,286.94043951368565,1.3289886649691773,288.0572814941406,-0.006320447477388551,11.673270964928376,-0.006497304878830805,11.660396525202176,-0.019458916548682783,0.5976754908390218,1,-1.0,-1.0,0,0,0,0,0,28.4,37.0,100.0,3.6,1009.9,kandi/KAND,212.6801711490994,78.5,81.9,0.012051863015925202
11.119991132462067,2.9265720292183754,KAND,kandi,11.123456,2.954658,3092.0266188489095,7079.457844,327.0,100.0,427.0,538.0,10,302.8172302246094,262.8366434114176,2.2998918109242643,292.8172302246094,-0.009778252626076723,9.648972220965693,-0.009726680800200428,9.698132765684376,-0.003564863705799679,0.0989220442800402,1,-1.0,-1.0,0,0,0,10,0,33.2,27.0,75.0,15.8,1010.6,kandi/KAND,368.7529770885469,88.5,87.2,0.7630192967767481
11.108322306271539,2.9186788435016893,KAND,kandi,11.123456,2.954658,4272.167703232871,7079.457844,327.0,100.0,427.0,538.0,10,318.7450866699219,246.8003000347012,1.4515400722218328,308.7450866699219,-0.003394617174221626,6.925358169594443,-0.00314862130702227,6.878028314215209,0.013437143961588544,0.6231117207017088,1,-1.0,-1.0,0,0,0,0,0,26.1,45.0,70.0,11.9,1012.3,kandi/KAND,305.7478243151074,82.3,89.2,0.9702015725698434
11.125860171921971,2.928270016885995,KAND,kandi,11.123456,2.954658,2894.9007458172464,7079.457844,327.0,100.0,427.0,538.0,10,297.4830017089844,275.30743860945705,2.5616878512422523,287.4830017089844,-0.012316967941231743,11.424825656374987,-0.01188714642095975,11.548420053757956,0.001972833926298316,0.14542665279110567,1,-1.0,-1.0,0,0,2,4,0,33.0,34.0,28.0,16.2,1007.9,kandi/KAND,366.44460781959253,82.6,81.1,0.9059022188177783
11.13564079578555,2.917863429156302,KAND,kandi,11.123456,2.954658,4239.3869624352055,7079.457844,327.0,100.0,427.0,538.0,10,299.9050598144531,288.6533365676293,1.7171877173815286,289.9050598144531,-0.00784514521209287,13.023263913485103,-0.0076932258962092185,12.989658532214072,0.008460124967325846,0.27770642907128984,1,-1.0,-1.0,0,0,1,0,0,30.4,39.0,60.0,7.6,1009.9,kandi/KAND,193.28666844877344,82.8,85.4,0.970710161196213
11.120413932431198,2.9243194644143733,KAND,kandi,11.123456,2.954658,3331.2930728413667,7079.457844,327.0,100.0,427.0,538.0,10,302.9449157714844,264.16812558938597,2.132670315582882,292.9449157714844,-0.009123200355641107,10.111828527610541,-0.008917946834292142,10.157900133064304,0.003470212969961283,0.09086629353459368,1,-1.0,-1.0,0,0,0,5,0,31.5,32.0,75.0,15.1,1011.5,kandi/KAND,366.5034435036539,80.5,88.5,0.5503235056976393
11.135199018281362,2.9247630664570154,KAND,kandi,11.123456,2.954658,3514.5660875603708,7079.457844,327.0,100.0,427.0,538.0,10,293.3634338378906,291.82100755525335,2.1775445881540216,283.3634338378906,-0.011288684909626588,13.639745980404257,-0.011256689250681682,13.662092875645076,-0.005017198458463779,0.19110165294071024,1,-1.0,-1.0,0,0,0,1,0,30.2,23.0,100.0,18.4,1012.1,kandi/KAND,261.51750763597073,80.0,84.7,0.07815613988538828
