Rx_lat,Rx_lon,Tx_id,City,Tx_lat,Tx_lon,Distance,Tx_power,Tx_alt,Tx_antenna_height,Tx_height,Freq,Rx_antenna_height,Rx_height,Azimut_Tx_Rx,Tilt_Tx_Rx,Rx_alt,Slope_Tx_Rx,Roughness_Tx_Rx,Slope_Tx_Rx_50m,Roughness_Tx_Rx_50m,Slope_Local_Rx_50m,Roughness_Local_Rx_50m,LOS,First_building_m,First_tree_m,Fresnel_buildings,Fresnel_trees,Buildings_near_Rx,Trees_near_Rx,Environment,Temp,Rhum,stratum,pair_dist,y_a,y_b,lam
6.379432452758001,2.3547621563548566,ABCA,cotonou,6.4302,2.3471,5677.916560418125,21238.37353,17.0,150.0,167.0,570.0,10,12.798988580703735,171.46968834185486,1.555657941012039,2.7989885807037354,-0.002177857474276894,3.380340869253071,-0.0021509530880554992,3.3715664479343865,0.001728349160672718,0.05330627054324077,1,-1.0,-1.0,0,0,0,6,1,31.3,40.0,cotonou/ABCA,129.29475120989903,73.3,76.2,0.8817386089272451
6.383926872528428,2.356120199579927,ABCA,cotonou,6.4302,2.3471,5213.647098957864,21238.37353,17.0,150.0,167.0,570.0,10,13.170172929763794,169.03615846399032,1.690034515212519,3.170172929763794,-0.002301495580347582,3.4711843514649794,-0.0023124057272562093,3.4528645217632183,-0.000990322120653636,0.035577658623929184,1,-1.0,-1.0,0,0,0,15,1,31.3,40.0,cotonou/ABCA,340.0678431422958,79.4,81.1,0.7124835228518552
6.376407107634204,2.3499565331130214,ABCA,cotonou,6.4302,2.3471,5957.240984468216,21238.37353,17.0,150.0,167.0,570.0,10,14.2510666847229,176.97907861191607,1.4687926837960203,4.2510666847229,-0.0018361322444487656,3.5592931928796845,-0.0018277615061644493,3.541800897268911,-0.0006656209627787272,0.031915075970302194,1,-1.0,-1.0,0,0,0,10,1,30.0,52.0,cotonou/ABCA,208.9278317199207,74.3,70.6,0.8810257620762745
6.391995097313221,2.3681549021868844,ABCA,cotonou,6.4302,2.3471,4824.536367317461,21238.37353,17.0,150.0,167.0,570.0,10,14.021753787994385,151.29114191205343,1.8161480108560741,4.021753787994385,-0.002315549305937035,3.1904212079904024,-0.002274760049301179,3.1816939901532875,0.0009977261225382486,0.04009658207956761,1,-1.0,-1.0,0,0,0,4,1,33.0,44.0,cotonou/ABCA,307.08506585455837,65.5,66.0,0.23735428011437065
6.383898715881676,2.3555458039861903,ABCA,cotonou,6.4302,2.3471,5204.9217178947965,21238.37353,17.0,150.0,167.0,570.0,10,13.238672256469727,169.7250651363621,1.6921126104730961,3.2386722564697266,-0.0022938896413050394,3.468882842819595,-0.0022808840328996834,3.450320571895443,0.0010108828544616699,0.0652370552661777,1,-1.0,-1.0,0,0,0,11,1,31.3,40.0,cotonou/ABCA,340.0678431422958,79.4,81.1,0.5247725445066079
6.383896479377199,2.3555001792948635,ABCA,cotonou,6.4302,2.3471,5204.261369206906,21238.37353,17.0,150.0,167.0,570.0,10,13.133420467376709,169.7798811875574,1.693484938696702,3.133420467376709,-0.0023140528192922075,3.468794480359467,-0.0022808840328996834,3.450355862974766,0.0010108828544616699,0.055173045173072505,1,-1.0,-1.0,0,0,0,13,1,31.3,40.0,cotonou/ABCA,340.0678431422958,81.1,79.4,0.49013748533871915
6.380196834272251,2.352083873346896,ABCA,cotonou,6.4302,2.3471,5557.174571442598,21238.37353,17.0,150.0,167.0,570.0,10,13.068317174911499,174.3430831597068,1.586666210400721,3.068317174911499,-0.002176426345729486,3.5353326468578996,-0.0020823383843401357,3.5259481494594023,0.005707471092596097,0.18957277116246385,1,-1.0,-1.0,0,0,0,13,1,32.0,41.0,cotonou/ABCA,371.72406814317804,70.7,76.2,0.14587212166545405
6.380862031365021,2.354409795018497,ABCA,cotonou,6.4302,2.3471,5515.794549841625,21238.37353,17.0,150.0,167.0,570.0,10,12.791569709777832,171.6239560073234,1.6014358761264218,2.791569709777832,-0.0022482219524892857,3.4215452186489466,-0.002225386047954268,3.4032115734965114,0.0005232586812136216,0.0190170859895281,1,-1.0,-1.0,0,0,1,5,1,31.3,40.0,cotonou/ABCA,382.1302966248984,73.3,79.4,0.13000922500632495
6.3795987919205865,2.3538950873262223,ABCA,cotonou,6.4302,2.3471,5646.158400059105,21238.37353,17.0,150.0,167.0,570.0,10,13.24838137626648,172.3984722653795,1.5598468381199546,3.2483813762664795,-0.0019976486019144418,3.418412479692964,-0.002076656199956824,3.409632997927138,0.0030901585293050906,0.09820969169664323,1,-1.0,-1.0,0,0,0,16,1,32.0,41.0,cotonou/ABCA,371.72406814317804,70.7,76.2,0.7154362661075925
6.379663806308587,2.3546960553404035,ABCA,cotonou,6.4302,2.3471,5651.5276411694185,21238.37353,17.0,150.0,167.0,570.0,10,12.732263565063477,171.5040581146593,1.563594208351152,2.7322635650634766,-0.0022650450217285563,3.391799153443961,-0.0021726903036097867,3.382934883746995,-0.00010834189995909424,0.03820186543175349,1,-1.0,-1.0,0,0,0,12,1,31.3,40.0,cotonou/ABCA,129.29475120989903,73.3,76.2,0.6751729387611727
6.3794501866931235,2.3543451488722527,ABCA,cotonou,6.4302,2.3471,5669.271295074065,21238.37353,17.0,150.0,167.0,570.0,10,13.120643138885498,171.9248707816032,1.5547806852319244,3.120643138885498,-0.002131169173907427,3.37888610508409,-0.002078505801528978,3.3615530621930523,0.0029953607427660144,0.07895266782060882,1,-1.0,-1.0,0,0,0,15,1,32.0,41.0,cotonou/ABCA,371.72406814317804,70.7,76.2,0.8569650541675079
6.376397567819858,2.3499203613169604,ABCA,cotonou,6.4302,2.3471,5958.083586753039,21238.37353,17.0,150.0,167.0,570.0,10,14.2510666847229,177.01779038685368,1.4685850556166948,4.2510666847229,-0.001836132244448766,3.5593962137775645,-0.0018277615061644496,3.5418937364390253,-0.0006656209627787272,0.031915075970302194,1,-1.0,-1.0,0,0,0,11,1,30.0,52.0,cotonou/ABCA,208.9278317199207,74.3,70.6,0.9009003752966431
6.380392056179868,2.353338295348925,ABCA,cotonou,6.4302,2.3471,5551.232224247143,21238.37353,17.0,150.0,167.0,570.0,10,12.96747374534607,172.90481029847774,1.5894038286907626,2.9674737453460693,-0.0022058795978319814,3.46055574339205,-0.00214967791409416,3.4421614498675726,0.0034378925959269203,0.13126734401208662,1,-1.0,-1.0,0,0,0,5,1,32.0,41.0,cotonou/ABCA,317.5550729640992,70.7,73.3,0.6008025695540852
6.3798507569184855,2.354642640880433,ABCA,cotonou,6.4302,2.3471,5630.204979277359,21238.37353,17.0,150.0,167.0,570.0,10,12.903472185134888,171.53206665559503,1.5677718831753276,2.9034721851348877,-0.0021751130675312577,3.4008966900996622,-0.002177857474276894,3.3830628489348005,-0.0004355960422092015,0.04269731536073113,1,-1.0,-1.0,0,0,0,12,1,32.0,41.0,cotonou/ABCA,129.29475120989903,76.2,73.3,0.4917472486476867
6.380400061668873,2.3536653767568128,ABCA,cotonou,6.4302,2.3471,5554.969069091834,21238.37353,17.0,150.0,167.0,570.0,10,12.962517023086548,172.53570509190604,1.5883862656912213,2.962517023086548,-0.0021953869464149613,3.4453763711045196,-0.0021595462758273363,3.4362649122312514,0.0026482052273220486,0.1002520574719863,1,-1.0,-1.0,0,0,0,8,1,31.3,40.0,cotonou/ABCA,317.5550729640992,73.3,70.7,0.28483330181371536
6.3797366527003625,2.3546752420856105,ABCA,cotonou,6.4302,2.3471,5643.2189797730125,21238.37353,17.0,150.0,167.0,570.0,10,12.903472185134888,171.51494664820495,1.5641581944752752,2.9034721851348877,-0.002170953086234064,3.391866123577049,-0.0021706758371329714,3.3829644115742896,1.9240976905891046e-05,0.03820186543175349,1,-1.0,-1.0,0,0,0,12,1,31.3,40.0,cotonou/ABCA,129.29475120989903,73.3,76.2,0.6101315175331969
6.3794543654459,2.354332493220989,ABCA,cotonou,6.4302,2.3471,5668.616025311015,21238.37353,17.0,150.0,167.0,570.0,10,13.120643138885498,171.93813565671098,1.5549603235447533,3.120643138885498,-0.0021307552876217175,3.3796350726041275,-0.0020776371943217807,3.362296624962874,0.003050662068290947,0.07895266782060882,1,-1.0,-1.0,0,0,0,14,1,32.0,41.0,cotonou/ABCA,371.72406814317804,76.2,70.7,0.1470147103809224
6.380251689005712,2.3545280888555107,ABCA,cotonou,6.4302,2.3471,5584.4812977911015,21238.37353,17.0,150.0,167.0,570.0,10,12.793106079101562,171.5928542729871,1.581733212714924,2.7931060791015625,-0.002213844938499192,3.3941301394717867,-0.0021787019531672807,3.3851827981453564,0.0014837447596862858,0.04557981617722967,1,-1.0,-1.0,0,0,0,6,1,32.0,41.0,cotonou/ABCA,129.29475120989903,76.2,73.3,0.8497223265288714
6.380376786952928,2.3544923465848777,ABCA,cotonou,6.4302,2.3471,5570.216012342828,21238.37353,17.0,150.0,167.0,570.0,10,12.793106079101562,171.61202525970305,1.5857819550328354,2.7931060791015625,-0.0022255484948117106,3.403163357043711,-0.002194075170138203,3.3851429995116327,0.0005203564961751302,0.022987846822466025,1,-1.0,-1.0,0,0,0,2,1,31.3,40.0,cotonou/ABCA,129.29475120989903,73.3,76.2,0.03858307774302561
6.379835568742208,2.3531779918093134,ABCA,cotonou,6.4302,2.3471,5610.147721879782,21238.37353,17.0,150.0,167.0,570.0,10,13.365445137023926,173.1610119791378,1.5686595997799926,3.365445137023926,-0.0021098992586566995,3.461459456956084,-0.0020565451347848937,3.4436501991717288,0.004025665918986002,0.15064394455708688,1,-1.0,-1.0,0,0,1,15,1,32.0,41.0,cotonou/ABCA,371.72406814317804,70.7,76.2,0.4899345312306138
6.380387857447956,2.353166747159348,ABCA,cotonou,6.4302,2.3471,5549.365694760447,21238.37353,17.0,150.0,167.0,570.0,10,12.98811149597168,173.09859054021922,1.5897252349383182,2.9881114959716797,-0.0022002770882357677,3.4793615189585148,-0.0021431231456219405,3.4608638495551616,0.003846473164028591,0.14619090035316432,1,-1.0,-1.0,0,0,0,3,1,32.0,41.0,cotonou/ABCA,317.5550729640992,70.7,73.3,0.5408206850866563
6.3778173485041405,2.351576829804048,ABCA,cotonou,6.4302,2.3471,5814.030638608326,21238.37353,17.0,150.0,167.0,570.0,10,14.23169231414795,175.14522975508953,1.5051461280275853,4.231692314147949,-0.0018853431713192481,3.5261493300974016,-0.0018798063878470769,3.5091101085213525,-0.0005422941219079961,0.013155233194688533,0,5441.186990441058,-1.0,2,0,1,5,1,32.0,41.0,cotonou/ABCA,390.776757083828,70.7,74.3,0.7195032658690661
6.392033065965074,2.36760335755998,ABCA,cotonou,6.4302,2.3471,4791.676668709319,21238.37353,17.0,150.0,167.0,570.0,10,13.913839340209961,151.9036555286658,1.8298831697796871,3.913839340209961,-0.002351916680494521,3.2114252738150775,-0.002309964468449722,3.2013589716612256,0.0010239786571926543,0.04174891598070742,1,-1.0,-1.0,0,0,0,1,1,33.0,44.0,cotonou/ABCA,307.08506585455837,65.5,66.0,0.4371892898622459
6.383614666666553,2.3539726117647244,ABCA,cotonou,6.4302,2.3471,5207.585315409965,21238.37353,17.0,150.0,167.0,570.0,10,12.196823358535767,171.65912833564255,1.7027003788644295,2.1968233585357666,-0.0024934775527866407,3.518548813994595,-0.0023777213102587737,3.4987851817963778,0.004383637322546844,0.07816766413451252,1,-1.0,-1.0,0,0,1,7,1,31.3,40.0,cotonou/ABCA,382.1302966248984,73.3,79.4,0.939607843103638
6.380359420399636,2.3520048906137303,ABCA,cotonou,6.4302,2.3471,5538.420585792501,21238.37353,17.0,150.0,167.0,570.0,10,13.068317174911499,174.41411779975863,1.5920361578350142,3.068317174911499,-0.0021807135469601472,3.5488978712573354,-0.0021251290027258017,3.5299726386585317,0.004380812247594197,0.1959126598121657,1,-1.0,-1.0,0,0,0,9,1,32.0,41.0,cotonou/ABCA,317.5550729640992,70.7,73.3,0.1345771376679067
6.3801852149965645,2.354547081429553,ABCA,cotonou,6.4302,2.3471,5592.061780417902,21238.37353,17.0,150.0,167.0,570.0,10,12.793106079101562,171.58270705477707,1.5795901350972925,2.7931060791015625,-0.002213844938499192,3.3941301394717867,-0.002170953086234064,3.3762971896689162,0.0009342670440673828,0.04990053130129801,1,-1.0,-1.0,0,0,0,7,1,31.3,40.0,cotonou/ABCA,129.29475120989903,73.3,76.2,0.20962946735339816
6.380385811582975,2.353083158961528,ABCA,cotonou,6.4302,2.3471,5548.479521105321,21238.37353,17.0,150.0,167.0,570.0,10,12.98811149597168,173.1930574221318,1.5899790070821909,2.9881114959716797,-0.00219933216884722,3.4793519742922254,-0.0021431231456219405,3.4608466965641305,0.003846473164028591,0.14619090035316432,1,-1.0,-1.0,0,0,0,3,1,31.3,40.0,cotonou/ABCA,317.5550729640992,73.3,70.7,0.4884059575076397
6.380508839106391,2.3544658902595734,ABCA,cotonou,6.4302,2.3471,5555.341201515906,21238.37353,17.0,150.0,167.0,570.0,10,12.791360139846802,171.6197251399352,1.590043812415492,2.7913601398468018,-0.0022260602229812235,3.403211294454809,-0.0022035663100466525,3.394165405901836,0.0009672180667165426,0.02669597373578774,1,-1.0,-1.0,0,0,0,2,1,31.3,40.0,cotonou/ABCA,382.1302966248984,73.3,79.4,0.026129148938554114
6.376793369747126,2.351421110291187,ABCA,cotonou,6.4302,2.3471,5925.451960709232,21238.37353,17.0,150.0,167.0,570.0,10,14.146467685699463,175.4027904273845,1.4776797638408414,4.146467685699463,-0.001870260589400132,3.5168774430828456,-0.0018499816258748369,3.4998833438029986,-0.0007400234540303548,0.03584812513750514,1,-1.0,-1.0,0,0,1,4,1,30.0,52.0,cotonou/ABCA,208.9278317199207,74.3,70.6,0.0763130268203982
6.376543402257937,2.3504733168946776,ABCA,cotonou,6.4302,2.3471,5945.504315962165,21238.37353,17.0,150.0,167.0,570.0,10,14.20145559310913,176.4248233333982,1.4721686446064695,4.201455593109131,-0.00188114844440351,3.544810118855264,-0.0018395221134736867,3.536139461264511,-0.0008428461069181977,0.026874893594740167,1,-1.0,-1.0,0,0,2,5,1,28.4,51.0,cotonou/ABCA,208.9278317199207,70.6,74.3,0.40292137070196976
6.379907887720674,2.351612463995239,ABCA,cotonou,6.4302,2.3471,5584.068150466482,21238.37353,17.0,150.0,167.0,570.0,10,13.260406732559204,174.90444311909528,1.577059047503666,3.260406732559204,-0.0021305471393088817,3.566828087147916,-0.002030860866460361,3.5574631730219055,0.0075815998029729785,0.22279524462332226,0,5438.591425103627,-1.0,3,0,0,16,1,30.0,52.0,cotonou/ABCA,390.776757083828,74.3,70.7,0.8743999206459617
6.380387874660993,2.3531674504348685,ABCA,cotonou,6.4302,2.3471,5549.373215456738,21238.37353,17.0,150.0,167.0,570.0,10,12.98811149597168,173.09779586234436,1.5897230815950238,2.9881114959716797,-0.002200284847062241,3.479679127622397,-0.0021431231456219405,3.4611801336008736,0.003846473164028591,0.14619090035316432,1,-1.0,-1.0,0,0,0,3,1,32.0,41.0,cotonou/ABCA,317.5550729640992,70.7,73.3,0.541066585618368
6.3812669507588184,2.3543454842912466,ABCA,cotonou,6.4302,2.3471,5470.456090780178,21238.37353,17.0,150.0,167.0,570.0,10,12.748028755187988,171.62888166493929,1.615157051390737,2.7480287551879883,-0.0022632340870087273,3.430924241023714,-0.0022498324920989876,3.42164723313278,0.0008838138485141479,0.02866948006856423,1,-1.0,-1.0,0,0,3,9,1,31.3,40.0,cotonou/ABCA,382.1302966248984,73.3,79.4,0.2491031643584155
6.379001858731455,2.351597020319286,ABCA,cotonou,6.4302,2.3471,5683.720168313519,21238.37353,17.0,150.0,167.0,570.0,10,13.998159170150757,175.0111913685854,1.5419906127504437,3.998159170150757,-0.0019171445914327207,3.5408037842388804,-0.001926276667250527,3.5232218032581604,0.004017353057861328,0.187348313932422,0,5444.525531971667,-1.0,2,0,1,10,1,32.0,41.0,cotonou/ABCA,390.776757083828,70.7,74.3,0.3829946785638212
6.382306135354621,2.354180437326031,ABCA,cotonou,6.4302,2.3471,5354.0997228442275,21238.37353,17.0,150.0,167.0,570.0,10,12.680118799209595,171.6419040776043,1.650964886515232,2.6801187992095947,-0.0023199172081455072,3.469741149925791,-0.002303622704184516,3.4506240254048874,0.002011344830195109,0.09088611866329283,1,-1.0,-1.0,0,0,1,10,1,31.3,40.0,cotonou/ABCA,382.1302966248984,73.3,79.4,0.5547456925354131
6.39195687440527,2.3687101402181705,ABCA,cotonou,6.4302,2.3471,4858.169366800929,21238.37353,17.0,150.0,167.0,570.0,10,14.104713439941406,150.682893109215,1.8026057588473219,4.104713439941406,-0.002284601036964032,3.1901926367171023,-0.002250532406132395,3.182121325740054,0.0008101198408338758,0.030154014292326423,1,-1.0,-1.0,0,0,0,3,1,33.0,44.0,cotonou/ABCA,307.08506585455837,66.0,65.5,0.9638189196270784
6.376608577399176,2.3507204393052086,ABCA,cotonou,6.4302,2.3471,5940.091725120882,21238.37353,17.0,150.0,167.0,570.0,10,14.21655559539795,176.15901737790227,1.4733639360445845,4.216555595397949,-0.001851384645715358,3.5520260382710744,-0.001844148734083954,3.534701934648001,-0.0009277462211703833,0.027699468985782183,1,-1.0,-1.0,0,0,2,5,1,30.0,52.0,cotonou/ABCA,208.9278317199207,74.3,70.6,0.461297085050383
6.392131409919131,2.3661747822273678,ABCA,cotonou,6.4302,2.3471,4709.19345576644,21238.37353,17.0,150.0,167.0,570.0,10,13.49488091468811,153.52884494204807,1.8670038487712886,3.4948809146881104,-0.0024878758533745057,3.250980026668609,-0.002418364353827672,3.2368983815857018,0.0020255255737324975,0.04700599223147828,1,-1.0,-1.0,0,0,1,6,1,33.0,44.0,cotonou/ABCA,307.08506585455837,65.5,66.0,0.9547890480551545
6.378149753758659,2.3515824958027043,ABCA,cotonou,6.4302,2.3471,5777.458834424711,21238.37353,17.0,150.0,167.0,570.0,10,14.20832109451294,175.10822538711045,1.5149010194906891,4.2083210945129395,-0.0018948308126467194,3.5341382535200254,-0.0018771083538348862,3.5170254008443687,0.0009522477785746256,0.043259576363861574,0,5441.694693746722,-1.0,2,0,1,6,1,30.0,52.0,cotonou/ABCA,390.776757083828,74.3,70.7,0.3749300450735624
6.376523955445087,2.35039958106262,ABCA,cotonou,6.4302,2.3471,5947.144394737214,21238.37353,17.0,150.0,167.0,570.0,10,14.20145559310913,176.50403921164047,1.4717628346427822,4.201455593109131,-0.0018679083919776072,3.548496238081173,-0.0018392414405349789,3.539804994042683,-0.0008241345776709916,0.026874893594740167,1,-1.0,-1.0,0,0,1,9,1,30.0,52.0,cotonou/ABCA,208.9278317199207,74.3,70.6,0.6375928227363729
6.380352756296398,2.351732614395693,ABCA,cotonou,6.4302,2.3471,5536.284399220556,21238.37353,17.0,150.0,167.0,570.0,10,13.11434006690979,174.72309652880188,1.592174202385467,3.11434006690979,-0.0021491840036946728,3.5795646203412264,-0.002125877662563494,3.5604746562567695,0.004428184032440186,0.2036121647602729,0,5447.526332699986,5347.673507864345,2,3,0,11,1,32.0,41.0,cotonou/ABCA,317.5550729640992,70.7,73.3,0.039375662829774005
6.377981990405276,2.35157963620009,ABCA,cotonou,6.4302,2.3471,5795.916144259915,21238.37353,17.0,150.0,167.0,570.0,10,14.20832109451294,175.12695969026652,1.5100789983393217,4.2083210945129395,-0.0018907998435685723,3.5252005597840648,-0.001877461281763515,3.516699479055301,0.0006342207615026935,0.02385425541742195,0,5435.849209446173,-1.0,3,0,1,5,1,32.0,41.0,cotonou/ABCA,390.776757083828,70.7,74.3,0.6727299985010642
6.376629426632267,2.350799492647344,ABCA,cotonou,6.4302,2.3471,5938.387638576633,21238.37353,17.0,150.0,167.0,570.0,10,14.21655559539795,176.0738851841462,1.4737865478106347,4.216555595397949,-0.0018515566528227764,3.5480779930607422,-0.0018499754729673294,3.530770744622179,-0.001316195480062072,0.03797743382340742,1,-1.0,-1.0,0,0,2,5,1,28.4,51.0,cotonou/ABCA,208.9278317199207,70.6,74.3,0.5821388172220358
6.376829215398853,2.3515570250539866,ABCA,cotonou,6.4302,2.3471,5922.733625014534,21238.37353,17.0,150.0,167.0,570.0,10,14.146467685699463,175.2556709623401,1.4783576682907114,4.146467685699463,-0.0018735849467402493,3.4946579195216536,-0.0018499816258748373,3.4778382635074805,-0.0007400234540303548,0.03584812513750514,1,-1.0,-1.0,0,0,2,5,1,28.4,51.0,cotonou/ABCA,208.9278317199207,70.6,74.3,0.9983654142781566
6.38039789501397,2.3535768534279184,ABCA,cotonou,6.4302,2.3471,5553.9346725661235,21238.37353,17.0,150.0,167.0,570.0,10,12.96747374534607,172.63555353665038,1.5886308487494485,2.9674737453460693,-0.00219449864493476,3.445872233288945,-0.0021595462758273363,3.4367507145280163,0.002713137202792698,0.10190685320361095,1,-1.0,-1.0,0,0,0,7,1,31.3,40.0,cotonou/ABCA,317.5550729640992,73.3,70.7,0.31578551471390104
6.376404332946947,2.349946012423841,ABCA,cotonou,6.4302,2.3471,5957.485774011194,21238.37353,17.0,150.0,167.0,570.0,10,14.2510666847229,176.99033919523163,1.4687323584149692,4.2510666847229,-0.0018361322444487656,3.558901434409705,-0.0018277615061644493,3.541408523253829,-0.0006656209627787272,0.031915075970302194,1,-1.0,-1.0,0,0,0,10,1,30.0,52.0,cotonou/ABCA,208.9278317199207,74.3,70.6,0.8868063605270206
6.3814878079593145,2.354310406971168,ABCA,cotonou,6.4302,2.3471,5445.726926883753,21238.37353,17.0,150.0,167.0,570.0,10,12.732073783874512,171.63160280818363,1.6226553344718289,2.7320737838745117,-0.0022820402557755643,3.4402270815370564,-0.0022581064182779064,3.421586179811818,0.00036603212356567383,0.017738715010490503,1,-1.0,-1.0,0,0,4,10,1,31.3,40.0,cotonou/ABCA,382.1302966248984,73.3,79.4,0.31406116450424304
6.392094462636176,2.3667114901271376,ABCA,cotonou,6.4302,2.3471,4739.729380054831,21238.37353,17.0,150.0,167.0,570.0,10,13.664859056472778,152.9117088713292,1.8529314069304013,3.6648590564727783,-0.00243594751086698,3.240646607130291,-0.0023663313940106754,3.2279179798103033,0.002360925383361571,0.053688331266064704,1,-1.0,-1.0,0,0,1,5,1,33.0,44.0,cotonou/ABCA,307.08506585455837,65.5,66.0,0.7603296640805874
6.37672143371884,2.351148352850604,ABCA,cotonou,6.4302,2.3471,5931.02643579415,21238.37353,17.0,150.0,167.0,570.0,10,14.16728162765503,175.69761959800746,1.476090595137848,4.167281627655029,-0.001862834800934425,3.5383004962420546,-0.0018636883049313738,3.5211193507566887,-0.0018989718563325996,0.03248638114802974,1,-1.0,-1.0,0,0,2,4,1,30.0,52.0,cotonou/ABCA,208.9278317199207,74.3,70.6,0.22617975241541788
6.379455222454607,2.354755650727255,ABCA,cotonou,6.4302,2.3471,5675.319285244512,21238.37353,17.0,150.0,167.0,570.0,10,12.798988580703735,171.47305682289868,1.5563695282778673,2.7989885807037354,-0.002177857474276894,3.380340869253071,-0.00214979567730981,3.3715664479343865,0.0018020376448148955,0.05330627054324077,1,-1.0,-1.0,0,0,0,8,1,32.0,41.0,cotonou/ABCA,129.29475120989903,76.2,73.3,0.13859147732809463
6.383947458169871,2.356540146665375,ABCA,cotonou,6.4302,2.3471,5220.507759519913,21238.37353,17.0,150.0,167.0,570.0,10,12.953291177749634,168.53397457805295,1.690193038398915,2.953291177749634,-0.0023483871057179712,3.4848400237105075,-0.002384971953351021,3.465904911935707,-0.0034704534006433033,0.08789100727127168,1,-1.0,-1.0,0,0,0,16,1,31.3,40.0,cotonou/ABCA,340.0678431422958,79.4,81.1,0.8497211324753813
6.379621745420256,2.3538255710129374,ABCA,cotonou,6.4302,2.3471,5642.623390313662,21238.37353,17.0,150.0,167.0,570.0,10,13.240586280822754,172.47196790936084,1.560902666467563,3.240586280822754,-0.0021114973374354988,3.4158735342355278,-0.0020822436751058533,3.407173622683235,0.002736285103199941,0.10795649057511497,1,-1.0,-1.0,0,0,0,14,1,32.0,41.0,cotonou/ABCA,371.72406814317804,76.2,70.7,0.3064242097680724
6.3807564302410995,2.354426566961708,ABCA,cotonou,6.4302,2.3471,5527.618619104617,21238.37353,17.0,150.0,167.0,570.0,10,12.76371955871582,171.62268468332445,1.5983004924760091,2.7637195587158203,-0.00224307326583175,3.4123355776612243,-0.0022256955951551975,3.4032115734965114,0.0005040667547560102,0.0190170859895281,1,-1.0,-1.0,0,0,1,3,1,31.3,40.0,cotonou/ABCA,382.1302966248984,79.4,73.3,0.9010499290883892
6.378918985155831,2.35159560770152,ABCA,cotonou,6.4302,2.3471,5692.836218349859,21238.37353,17.0,150.0,167.0,570.0,10,13.998159170150757,175.0207689448098,1.5395225822780167,3.998159170150757,-0.0019533000013910976,3.5407327980332317,-0.0018999533419300938,3.5232129369349976,0.0050797362995794425,0.13825491563765244,0,5441.849451208182,5464.666430039243,2,1,2,8,1,32.0,41.0,cotonou/ABCA,390.776757083828,70.7,74.3,0.40653830800246804
6.380140604004072,2.352254170730527,ABCA,cotonou,6.4302,2.3471,5565.261036550889,21238.37353,17.0,150.0,167.0,570.0,10,13.310178279876709,174.15762984993535,1.5818737990381082,3.310178279876709,-0.0020745272627051884,3.513804298285376,-0.0020769659509050084,3.4952996059467223,0.004724431037902831,0.23222673418271278,1,-1.0,-1.0,0,0,0,11,1,32.0,41.0,cotonou/ABCA,371.72406814317804,76.2,70.7,0.8005752419726687
6.3838796163689855,2.35515617392731,ABCA,cotonou,6.4302,2.3471,5199.437839857597,21238.37353,17.0,150.0,167.0,570.0,10,12.951696872711182,170.19362012401098,1.6970558411063768,2.9516968727111816,-0.0023488657684618487,3.5033448837639476,-0.002325966636115838,3.493710428480636,0.0009431054325426446,0.03990471972958182,1,-1.0,-1.0,0,0,0,15,1,31.3,40.0,cotonou/ABCA,340.0678431422958,79.4,81.1,0.39744245990517546
6.379702404503181,2.3546850272848054,ABCA,cotonou,6.4302,2.3471,5647.125210305145,21238.37353,17.0,150.0,167.0,570.0,10,12.903472185134888,171.50982349498122,1.5630767716031881,2.9034721851348877,-0.002170953086234064,3.391497607978726,-0.002171788252665487,3.3825969951695942,-5.1212006820116293e-05,0.03820186543175349,1,-1.0,-1.0,0,0,0,10,1,31.3,40.0,cotonou/ABCA,129.29475120989903,73.3,76.2,0.6407102650167399
6.378639799765571,2.3515908488596406,ABCA,cotonou,6.4302,2.3471,5723.547642946997,21238.37353,17.0,150.0,167.0,570.0,10,14.117422580718994,175.0528094472868,1.5300727134169811,4.117422580718994,-0.0019283010089218371,3.550332006181888,-0.0018908076941641175,3.5329061463660367,0.0029648940524559203,0.07960223562348298,0,5436.796759031817,-1.0,3,0,1,5,1,32.0,41.0,cotonou/ABCA,390.776757083828,70.7,74.3,0.4858523393263985
6.381293851689089,2.3543412117905564,ABCA,cotonou,6.4302,2.3471,5467.444019362995,21238.37353,17.0,150.0,167.0,570.0,10,12.732073783874512,171.6292117920127,1.6162134526437453,2.7320737838745117,-0.0022733519854658503,3.4309229402890136,-0.002248858903559092,3.42164723313278,0.0009435272789610807,0.02866948006856423,1,-1.0,-1.0,0,0,4,10,1,31.3,40.0,cotonou/ABCA,382.1302966248984,79.4,73.3,0.7429847973265338
6.391950054719634,2.3688092051253093,ABCA,cotonou,6.4302,2.3471,4864.22760889238,21238.37353,17.0,150.0,167.0,570.0,10,14.120302200317383,150.57524991823846,1.8001787097285784,4.120302200317383,-0.0022345970419124475,3.1840262006675384,-0.0022505324061323955,3.1800926962308576,0.0008101198408338758,0.030154014292326423,1,-1.0,-1.0,0,0,0,4,1,33.0,44.0,cotonou/ABCA,307.08506585455837,66.0,65.5,0.9997120019237303
6.376417489743621,2.349995898611227,ABCA,cotonou,6.4302,2.3471,5956.327118512976,21238.37353,17.0,150.0,167.0,570.0,10,14.226481437683105,176.9369364088226,1.4692542763859529,4.2264814376831055,-0.001840250376281227,3.557337032660298,-0.0018552933792441745,3.5398649696930993,-0.002049097585034901,0.032217401230245475,1,-1.0,-1.0,0,0,0,9,1,28.4,51.0,cotonou/ABCA,208.9278317199207,70.6,74.3,0.14060363254234254
6.37964990888963,2.3516080666288004,ABCA,cotonou,6.4302,2.3471,5612.44061637143,21238.37353,17.0,150.0,167.0,570.0,10,13.44693374633789,174.93522421124362,1.5671877919153108,3.4469337463378906,-0.0020861422761957694,3.557307826054014,-0.0019831315613729745,3.5481778133786497,0.007866816650422888,0.2235859853904524,0,5443.729976600745,-1.0,2,0,1,13,1,32.0,41.0,cotonou/ABCA,390.776757083828,70.7,74.3,0.1988895199915688
6.392075101159554,2.366992741050694,ABCA,cotonou,6.4302,2.3471,4755.95022976527,21238.37353,17.0,150.0,167.0,570.0,10,13.756994485855103,152.59146675709758,1.8455072817503841,3.7569944858551025,-0.0023963689109600616,3.2471142507903843,-0.0023516566116617327,3.2355223117889094,0.0019565502802530925,0.08732921800700913,1,-1.0,-1.0,0,0,1,3,1,33.0,44.0,cotonou/ABCA,307.08506585455837,66.0,65.5,0.3415728444542705
6.380009196071368,2.3545973725510376,ABCA,cotonou,6.4302,2.3471,5612.135267282837,21238.37353,17.0,150.0,167.0,570.0,10,12.838192224502563,171.55597020759035,1.5734831544648735,2.8381922245025635,-0.0021940751701382036,3.386022780085139,-0.0021517066547664127,3.3771871949535233,0.002438815249498995,0.06938036937675797,1,-1.0,-1.0,0,0,0,13,1,31.3,40.0,cotonou/ABCA,129.29475120989903,73.3,76.2,0.3667892219922585
6.3802503237781565,2.3516183009734912,ABCA,cotonou,6.4302,2.3471,5546.409645532959,21238.37353,17.0,150.0,167.0,570.0,10,13.076376914978027,174.863098419092,1.5896609682961174,3.0763769149780273,-0.002179251994163574,3.583626841480282,-0.002055485641046659,3.5645303668482433,0.008801620443409243,0.22094745551917944,0,5446.374201024348,-1.0,2,0,0,14,1,30.0,52.0,cotonou/ABCA,390.776757083828,74.3,70.7,0.9716828915216518
6.392082320014008,2.3668878776912634,ABCA,cotonou,6.4302,2.3471,4749.884880748099,21238.37353,17.0,150.0,167.0,570.0,10,13.756994485855103,152.7106142938993,1.8478622631037018,3.7569944858551025,-0.002338361344715586,3.2402706987040446,-0.002381691023742312,3.2341928005031875,0.0017907839332605036,0.06962666677980929,1,-1.0,-1.0,0,0,0,5,1,33.0,44.0,cotonou/ABCA,307.08506585455837,65.5,66.0,0.6964211263538133
6.377054540272138,2.3515638273910024,ABCA,cotonou,6.4302,2.3471,5897.965223927716,21238.37353,17.0,150.0,167.0,570.0,10,14.18149995803833,175.2284127175194,1.484223140181047,4.18149995803833,-0.0018695397221095203,3.5017811044898663,-0.00185365301480445,3.4849244932379806,-0.0006964683532714843,0.03230568404473972,1,-1.0,-1.0,0,0,2,4,1,32.0,41.0,cotonou/ABCA,390.776757083828,70.7,74.3,0.9362101499606922
6.3803627232513005,2.3521398356959913,ABCA,cotonou,6.4302,2.3471,5539.539755178369,21238.37353,17.0,150.0,167.0,570.0,10,13.068317174911499,174.261071254356,1.5917146796032258,3.068317174911499,-0.0021817697185498564,3.5425105003375665,-0.0021251290027258017,3.5236245761338107,0.004380812247594197,0.1959126598121657,1,-1.0,-1.0,0,0,0,9,1,32.0,41.0,cotonou/ABCA,317.5550729640992,70.7,73.3,0.18176073286404337
6.3794198887666544,2.35476574606667,ABCA,cotonou,6.4302,2.3471,5679.3497080341995,21238.37353,17.0,150.0,167.0,570.0,10,12.798988580703735,171.4678309808536,1.5552655734968661,2.7989885807037354,-0.002177857474276894,3.380114934955798,-0.002151497903866198,3.3713418757361246,0.0016936625540582171,0.05330627054324077,1,-1.0,-1.0,0,0,0,7,1,32.0,41.0,cotonou/ABCA,129.29475120989903,76.2,73.3,0.10704354165557017
6.383920619426719,2.3559926363050634,ABCA,cotonou,6.4302,2.3471,5211.643518101807,21238.37353,17.0,150.0,167.0,570.0,10,13.26603078842163,169.1889552705095,1.6896309348589127,3.266030788421631,-0.0022777300173166736,3.4656354920985954,-0.002349889618641592,3.447403511910352,-0.0038725920112982065,0.06734258903584281,1,-1.0,-1.0,0,0,0,15,1,31.3,40.0,cotonou/ABCA,340.0678431422958,81.1,79.4,0.32920382187474917
6.373984438073215,2.3587261329810114,COTO,cotonou,6.352268,2.402957,5451.1593359372855,21238.37353,9.0,100.0,109.0,570.0,10,13.8935546875,296.2928673777,0.9995387728209815,3.8935546875,3.561850873224151e-05,1.339856383951391,2.765763497007071e-05,1.3344055381436095,-0.00021809207068549264,0.0142992788007424,1,-1.0,-1.0,0,0,2,10,1,32.0,71.0,cotonou/COTO,315.24390842648114,72.1,63.4,0.6568448481528733
6.372031230176171,2.3547620268366836,COTO,cotonou,6.352268,2.402957,5762.7492810260765,21238.37353,9.0,100.0,109.0,570.0,10,13.23845100402832,292.42417344799605,0.952015676072324,3.2384510040283203,-8.092235407063384e-05,1.363585435810153,-9.207494763932484e-05,1.3600865774598092,-0.001146879909535117,0.0330943555497378,0,-1.0,5381.64562115862,0,4,3,0,1,31.0,63.0,cotonou/COTO,249.20674248494376,58.6,51.6,0.2998967819861046
6.377365653665433,2.3641996099630025,COTO,cotonou,6.352268,2.402957,5107.899426903279,21238.37353,9.0,100.0,109.0,570.0,10,12.7845778465271,303.089369945161,1.0791296552225877,2.7845778465270996,-0.00017980771687528077,1.2023403511032702,-0.0002025142872561068,1.1993478945623264,-0.0023992365283236473,0.07320832330588263,1,-1.0,-1.0,0,0,0,5,1,30.7,55.0,cotonou/COTO,333.1849486396399,64.2,76.1,0.1434633456658707
6.3837127129966875,2.3681998723744546,COTO,cotonou,6.352268,2.402957,5184.563228961124,21238.37353,9.0,100.0,109.0,570.0,10,14.15497875213623,312.3139876919041,1.0480368548888093,4.1549787521362305,8.741079908464723e-05,1.1202491671125854,8.017508188883459e-05,1.1195460422330599,-0.00010160870022243923,0.011050647531768239,1,-1.0,-1.0,0,0,0,3,1,33.0,28.0,cotonou/COTO,319.62025483378403,68.0,58.1,0.24991376652320618
6.371825011186674,2.402527019210658,COTO,cotonou,6.352268,2.402957,2163.292154080078,21238.37353,9.0,100.0,109.0,570.0,10,12.330790042877197,358.74827484838323,2.558625962262644,2.3307900428771973,-0.0006284024617443346,0.7191682757383938,-0.0006625935653378935,0.7478830880007422,-0.002023794460470393,0.06392352038613713,1,-1.0,-1.0,0,0,0,3,1,32.0,75.0,cotonou/COTO,383.81129230388444,86.5,86.2,0.4200548875947734
6.357963099552768,2.4016227149246174,COTO,cotonou,6.352268,2.402957,646.8791110841859,21238.37353,9.0,100.0,109.0,570.0,10,14.490571975708008,346.89249035799514,8.312138912038392,4.490571975708008,0.001187243244864724,0.34329951791649793,0.0011132833030488756,0.33649105465814894,3.2107035319010435e-05,0.011669954451760906,1,-1.0,-1.0,0,0,1,0,1,31.0,75.0,cotonou/COTO,392.92902527041525,62.4,68.1,0.3974879050405816
6.378773841733651,2.362721153961971,COTO,cotonou,6.352268,2.402957,5329.995789313184,21238.37353,9.0,100.0,109.0,570.0,10,12.021047830581665,303.540575719318,1.0423782369456163,2.021047830581665,-0.0003282389417277491,1.175409557659714,-0.0003427907272621437,1.1762777975607428,-0.0037516574064890545,0.17566668334679705,1,-1.0,-1.0,0,0,1,1,1,31.8,31.0,cotonou/COTO,316.153254609243,78.2,76.1,0.3505035940649237
6.352946789346518,2.3920316894530043,COTO,cotonou,6.352268,2.402957,1211.11037688809,21238.37353,9.0,100.0,109.0,570.0,10,14.910414218902588,273.57772813389886,4.442311490477877,4.910414218902588,0.001048061572076068,0.3725478331576633,0.0009758222934811612,0.3764385399602949,0.0008570392926534017,0.046020900289823356,1,-1.0,-1.0,0,0,6,9,1,31.0,71.0,cotonou/COTO,355.40979741691933,62.9,54.4,0.9775674716348811
6.372985795671455,2.3597969976148043,COTO,cotonou,6.352268,2.402957,5296.355966793135,21238.37353,9.0,100.0,109.0,570.0,10,13.635037660598755,295.7828451209916,1.0315431049525137,3.635037660598755,1.8341815275179788e-06,1.374159409845967,7.920172804987348e-05,1.3680068913033552,0.005349469562363795,0.10836288614586026,1,-1.0,-1.0,0,0,1,8,1,31.5,72.0,cotonou/COTO,331.14855306943616,63.4,73.3,0.1837190812436047
6.356980542154802,2.4099528799766623,COTO,cotonou,6.352268,2.402957,933.1192341677116,21238.37353,9.0,100.0,109.0,570.0,10,14.829782962799072,55.87093355864317,5.762767882114898,4.829782962799072,0.0011695745090643563,0.4095290840988163,0.001222141983510864,0.4079777543267372,0.0011652089752289341,0.06471801783338296,1,-1.0,-1.0,0,0,0,0,1,32.0,71.0,cotonou/COTO,366.4815913522073,54.0,68.1,0.15081479320563973
6.369962208725828,2.3618149681138925,COTO,cotonou,6.352268,2.402957,4954.66707825127,21238.37353,9.0,100.0,109.0,570.0,10,12.534323692321777,293.4023646983093,1.1153883426110018,2.5343236923217773,-0.00023547545015572546,1.4608031632299943,-0.0002120246906242447,1.4568194547491542,0.00330150392320421,0.12140502663715329,1,-1.0,-1.0,0,0,0,12,1,32.0,71.0,cotonou/COTO,298.34231362650223,78.0,73.3,0.5269764147586827
6.35789400415403,2.4017214226370998,COTO,cotonou,6.352268,2.402957,637.00935688142,21238.37353,9.0,100.0,109.0,570.0,10,14.490571975708008,347.68726072082785,8.439085553874216,4.490571975708008,0.001187243244864724,0.34463830094627934,0.0011189884297285702,0.34018099039437755,-0.00028454574937995174,0.010538469851311264,1,-1.0,-1.0,0,0,0,0,1,31.0,75.0,cotonou/COTO,392.92902527041525,62.4,68.1,0.43152504727579155
6.367428754711967,2.3909341657298695,COTO,cotonou,6.352268,2.402957,2140.184524031524,21238.37353,9.0,100.0,109.0,570.0,10,12.92592740058899,321.75750026669067,2.570313775955252,2.9259274005889893,-0.00036160371921680585,0.5736193118196707,-0.0005179803760269653,0.5949677835916252,-0.004097729489989221,0.14652449894317834,1,-1.0,-1.0,0,0,3,11,1,32.0,63.0,cotonou/COTO,212.6801711490812,70.8,62.3,0.040771112973322365
6.355332417626608,2.405157191872252,COTO,cotonou,6.352268,2.402957,417.25621048874683,21238.37353,9.0,100.0,109.0,570.0,10,15.409496784210205,35.51040147052743,12.642194838988258,5.409496784210205,0.004058307314017872,0.6668689361954698,0.0033500256848071263,0.6699231937498104,-0.0008430228171167139,0.027761177281330797,1,-1.0,-1.0,0,0,5,8,1,31.4,69.0,cotonou/COTO,218.02671877540922,65.4,64.7,0.2544684497638031
6.35757585560316,2.4108052004922134,COTO,cotonou,6.352268,2.402957,1048.1121130320346,21238.37353,9.0,100.0,109.0,570.0,10,15.328997135162354,55.76441850433167,5.107022582463815,5.3289971351623535,0.0015593426891238873,0.4151624211184865,0.0014603215651082715,0.4319148580707681,0.002084258306874358,0.1036259512129662,1,-1.0,-1.0,0,0,1,9,1,32.0,71.0,cotonou/COTO,352.045035329285,58.7,68.1,0.35200492213217804
6.359885637847914,2.379571493728578,COTO,cotonou,6.352268,2.402957,2721.054122370094,21238.37353,9.0,100.0,109.0,570.0,10,13.363626956939697,288.148189160478,2.012935307642482,3.3636269569396973,-0.00013188502112056167,0.796294987136562,-0.00015565340664224387,0.8075291317100589,-0.0013874583774142796,0.05526518322544518,1,-1.0,-1.0,0,0,2,2,1,31.9,70.0,cotonou/COTO,331.6838992172874,70.7,65.8,0.6901927770300622
6.380311433465354,2.3632924455968314,COTO,cotonou,6.352268,2.402957,5373.621959093325,21238.37353,9.0,100.0,109.0,570.0,10,12.66513967514038,305.43031857889827,1.0270520999447854,2.665139675140381,-0.0001929355109179461,1.1276965393926857,-0.00023661872537893117,1.1256424706929957,-0.001506072161413344,0.07084639608406228,0,-1.0,4942.870699847367,0,15,0,3,1,31.8,31.0,cotonou/COTO,277.57990849483264,70.4,78.2,0.7074266138584482
6.374316364280086,2.3581774386390406,COTO,cotonou,6.352268,2.402957,5521.830774044818,21238.37353,9.0,100.0,109.0,570.0,10,13.856549501419067,296.35757810557243,0.9871325300084054,3.8565495014190674,2.7092778109292237e-05,1.3308097021186902,1.598130844827189e-05,1.3251214735282193,-0.0007054938210381403,0.030988742037892765,0,-1.0,4968.5411173269,0,1,5,4,1,32.0,71.0,cotonou/COTO,315.24390842648114,72.1,63.4,0.43104470742404344
6.347665271936877,2.38579937779319,COTO,cotonou,6.352268,2.402957,1965.393704694738,21238.37353,9.0,100.0,109.0,570.0,10,12.857412338256836,254.89578531417735,2.8005467271787334,2.857412338256836,-0.00042908035143457266,0.4510199238342189,-0.0010175166176814659,0.5716224973935564,-0.010883027315139772,0.6185908313037012,1,-1.0,-1.0,0,0,0,1,1,31.0,75.0,cotonou/COTO,288.9775799261479,72.8,69.3,0.11219991694370002
6.358474368091491,2.3966262587926477,COTO,cotonou,6.352268,2.402957,980.6533333380557,21238.37353,9.0,100.0,109.0,570.0,10,14.748417854309082,314.60854741953904,5.489892689675565,4.748417854309082,0.0010519458790018102,0.4573606349840918,0.001011158852350144,0.4475071859781267,0.0002254486083984375,0.010145187377929688,1,-1.0,-1.0,0,0,2,2,1,32.6,66.0,cotonou/COTO,237.15585761266473,56.5,58.3,0.7239635670521448
6.3566110988168,2.409824995744277,COTO,cotonou,6.352268,2.402957,898.9402758611368,21238.37353,9.0,100.0,109.0,570.0,10,14.92104434967041,57.531966998657026,5.974563525378501,4.92104434967041,0.0013489476839701336,0.42045759287956874,0.0015206365224652387,0.41486221541711205,0.002730646066594546,0.06600008669198065,1,-1.0,-1.0,0,0,0,4,1,32.0,67.0,cotonou/COTO,366.4815913522073,68.1,54.0,0.9675965330767969
6.364023510604895,2.3740088677139894,COTO,cotonou,6.352268,2.402957,3456.5853531529174,21238.37353,9.0,100.0,109.0,570.0,10,11.88625419139862,292.22662643728785,1.609317828357169,1.8862541913986206,-0.0005232003570973188,1.179937727559175,-0.0005523765751199688,1.1917324251628096,-0.001146216730666876,0.041002115541276765,1,-1.0,-1.0,0,0,3,5,1,33.0,49.0,cotonou/COTO,320.12677113920535,66.8,60.5,0.9849882167844366
6.378086901810947,2.362219389148866,COTO,cotonou,6.352268,2.402957,5335.413197632219,21238.37353,9.0,100.0,109.0,570.0,10,12.341007471084595,302.52859014457005,1.0378852303422543,2.3410074710845947,-0.0002558022402645497,1.1937940179411384,-0.00026510262922669454,1.1904535262588072,-0.0007285581645717245,0.07169561314016999,0,-1.0,4758.0338135197135,0,5,1,10,1,31.0,75.0,cotonou/COTO,316.153254609243,76.1,78.2,0.35082687432517035
6.365147169525974,2.370331675705359,COTO,cotonou,6.352268,2.402957,3880.4732296679663,21238.37353,9.0,100.0,109.0,570.0,10,11.528383612632751,291.66495478138756,1.4388807289308485,1.5283836126327515,-0.0005586173901191124,1.2988641268217074,-0.0005607512640593338,1.308554901496835,-0.0003740834938341809,0.012176749954573641,1,-1.0,-1.0,0,0,0,8,1,33.0,49.0,cotonou/COTO,263.8369831922563,66.8,62.5,0.42351701066706027
6.359598456080565,2.4109792608223892,COTO,cotonou,6.352268,2.402957,1202.0688406010274,21238.37353,9.0,100.0,109.0,570.0,10,15.02198076248169,47.40363719775348,4.470304334789841,5.0219807624816895,0.0010690970149466663,0.3959963476003827,0.0010705726531555822,0.39401679982229487,0.0010350122011782042,0.028823298410855333,1,-1.0,-1.0,0,0,2,2,1,32.0,67.0,cotonou/COTO,276.1246316430909,68.1,65.5,0.045715825267505616
6.360703337136056,2.379140262580883,COTO,cotonou,6.352268,2.402957,2795.322388061722,21238.37353,9.0,100.0,109.0,570.0,10,13.129727840423584,289.61574340547565,1.964284977161403,3.129727840423584,-0.00020470340201195254,0.8614201116207034,-0.0002495077708519744,0.8691325666416293,-0.0014385265979481561,0.04578418626737858,1,-1.0,-1.0,0,0,2,12,1,32.0,63.0,cotonou/COTO,343.13365923494894,65.8,63.8,0.03562050682751183
6.3703890014823585,2.4034594771117295,COTO,cotonou,6.352268,2.402957,2004.734624569295,21238.37353,9.0,100.0,109.0,570.0,10,13.08279037475586,1.5785447896307119,2.739247116268698,3.0827903747558594,-0.000318364682524514,0.5851883367071072,-0.000437457748076893,0.6227276112873434,-0.003830249362418657,0.08855775916528157,1,-1.0,-1.0,0,0,0,11,1,32.0,75.0,cotonou/COTO,257.31179082972295,86.2,75.5,0.39645495202682646
6.347780514190037,2.3861769478068333,COTO,cotonou,6.352268,2.402957,1921.7440287997138,21238.37353,9.0,100.0,109.0,570.0,10,12.993050336837769,254.94045951382623,2.8600185237007594,2.9930503368377686,-0.0003661236396202674,0.43056137757344987,-0.00040999433160385495,0.44545538075270175,-0.003407048947933736,0.13561885138333837,1,-1.0,-1.0,0,0,2,3,1,31.0,75.0,cotonou/COTO,288.9775799261479,72.8,69.3,0.26383446057559035
6.36114654118231,2.3649172881208234,COTO,cotonou,6.352268,2.402957,4321.712363305339,21238.37353,9.0,100.0,109.0,570.0,10,11.91371488571167,283.21828191619517,1.2869201936323293,1.91371488571167,-0.00041224748238749895,1.081092323837067,-0.00040929869974040554,1.0894471378132755,-4.135767618815104e-05,0.001705637000899536,0,3836.7105750386067,3845.371321257656,4,5,1,0,1,33.0,48.0,cotonou/COTO,326.35698935364053,68.1,61.3,0.9408093491564217
6.34894638744375,2.3806137108821566,COTO,cotonou,6.352268,2.402957,2499.224225956964,21238.37353,9.0,100.0,109.0,570.0,10,12.365355968475342,261.4939767268893,2.2142873107158447,2.365355968475342,-0.0005323950260404556,0.6087713747821315,-0.0009020926830534552,0.6589150608936178,-0.0115817465244391,0.416124820109,1,-1.0,-1.0,0,0,0,2,1,32.0,71.0,cotonou/COTO,145.83304872345087,75.4,55.9,0.5371088215653846
6.3831300972864105,2.3739196125032835,COTO,cotonou,6.352268,2.402957,4687.143315208702,21238.37353,9.0,100.0,109.0,570.0,10,12.70855164527893,316.92338763512686,1.1769039829035135,2.7085516452789307,-0.00021198297002512938,1.1195920728159576,-0.00020361947610911436,1.116184155946373,0.0009955591625637479,0.03660908635170245,1,-1.0,-1.0,0,0,0,15,1,34.0,32.0,cotonou/COTO,268.94546398849457,53.4,64.4,0.9998351077802791
6.381457285829115,2.369291068991967,COTO,cotonou,6.352268,2.402957,4928.829241035791,21238.37353,9.0,100.0,109.0,570.0,10,13.068053960800171,311.1035787040296,1.1150318761230518,3.068053960800171,-0.0001290782774337614,1.118488704156753,-0.00010191510948856736,1.1152324927358472,0.003190314775271113,0.10582965175206067,1,-1.0,-1.0,0,0,6,10,1,30.7,55.0,cotonou/COTO,260.0268288079785,66.5,58.1,0.827899926972502
6.38250577018968,2.3675551160559793,COTO,cotonou,6.352268,2.402957,5150.04596297365,21238.37353,9.0,100.0,109.0,570.0,10,14.181259632110596,310.67873021136734,1.0547672693549457,4.181259632110596,0.00010795424950593213,1.1071203689357731,0.00010769782851938997,1.108162052459156,0.0024114873674180772,0.0888598337550134,1,-1.0,-1.0,0,0,2,4,1,34.0,32.0,cotonou/COTO,327.77907193718073,61.3,68.0,0.37526376358913427
6.358070783146044,2.3764292187649296,COTO,cotonou,6.352268,2.402957,3004.366273132195,21238.37353,9.0,100.0,109.0,570.0,10,13.313671112060547,282.4141414460795,1.8242017472427543,3.313671112060547,-0.0001298086871408393,0.7063336754996657,-0.0001282932775825526,0.7122773369118185,-0.0015385788876562355,0.06261899833317887,1,-1.0,-1.0,0,0,3,8,1,32.4,63.0,cotonou/COTO,281.94874002195616,63.8,59.2,0.5390617535263336
6.367382263774248,2.400169300037541,COTO,cotonou,6.352268,2.402957,1699.6731531011576,21238.37353,9.0,100.0,109.0,570.0,10,13.399049282073975,349.61277958418475,3.2193045614303646,3.3990492820739746,-0.00018008312983819617,0.5748485251368712,-0.0002919072981372883,0.5883724560427527,-0.0021942195660379833,0.04308166267410871,1,-1.0,-1.0,0,0,3,11,1,32.0,63.0,cotonou/COTO,311.79147214124436,68.2,66.0,0.5533077211855764
6.366966332616404,2.4003864528508734,COTO,cotonou,6.352268,2.402957,1650.150849077011,21238.37353,9.0,100.0,109.0,570.0,10,13.453621864318848,350.1400229165717,3.3138174451678175,3.4536218643188477,-0.00015342197094473712,0.5633174234848137,-0.00018008312983819617,0.5785863273302934,-0.00043151378631591804,0.02400582364611937,1,-1.0,-1.0,0,0,3,4,1,32.0,63.0,cotonou/COTO,311.79147214124436,66.0,68.2,0.27965165317428264
6.359452469978651,2.3764666533894823,COTO,cotonou,6.352268,2.402957,3036.667874519459,21238.37353,9.0,100.0,109.0,570.0,10,13.04297947883606,285.26516534916163,1.8099125990518938,3.0429794788360596,-0.0002169973710004022,0.8060376265906498,-0.00022567350581162123,0.813632557752196,-0.000949689442025003,0.031233639364784536,1,-1.0,-1.0,0,0,0,2,1,32.4,63.0,cotonou/COTO,343.13365923494894,63.8,65.8,0.009519067672228432
6.3775875804819915,2.3615684839036017,COTO,cotonou,6.352268,2.402957,5367.375418515905,21238.37353,9.0,100.0,109.0,570.0,10,12.735710144042969,301.6165854553418,1.027494039805233,2.7357101440429688,-0.00017913946745682437,1.2075471767899522,-0.00019265819430131723,1.2017133422471449,-0.000240023930867513,0.030592873142203533,0,-1.0,4840.318513691697,0,1,2,13,1,29.5,80.0,cotonou/COTO,203.75681976320604,78.1,76.1,0.8291219544489322
6.3602668054210865,2.4050871398053943,COTO,cotonou,6.352268,2.402957,915.4288494452145,21238.37353,9.0,100.0,109.0,570.0,10,14.740357398986816,14.824450075988864,5.8788987976443385,4.740357398986816,0.0011111461988059426,0.4371322735018461,0.0011589857062908133,0.43136423601371976,0.001268438498179118,0.06079940825068371,1,-1.0,-1.0,0,0,3,4,1,31.6,70.0,cotonou/COTO,320.01321175851473,70.5,66.4,0.6163098206220898
6.379649822762957,2.370143589838075,COTO,cotonou,6.352268,2.402957,4727.491524458026,21238.37353,9.0,100.0,109.0,570.0,10,12.205161333084106,310.0202437060585,1.172960524584021,2.2051613330841064,-0.000290976200128488,1.1411205496586754,-0.00015903579667942046,1.1370498373648492,0.007301309714422097,0.12298066086436356,1,-1.0,-1.0,0,0,1,7,1,30.0,70.0,cotonou/COTO,333.8960444509769,78.2,66.5,0.6833591147400898
6.37074698403236,2.3901647474966436,COTO,cotonou,6.352268,2.402957,2485.8051834726925,21238.37353,9.0,100.0,109.0,570.0,10,11.890429615974426,325.47285415200685,2.2371586975183115,1.8904296159744263,-0.000733515512340517,0.7806584646736663,-0.0006876538950872666,0.8208526101661708,0.00015774917313983236,0.019121713912127674,1,-1.0,-1.0,0,0,2,5,1,33.0,67.0,cotonou/COTO,137.85914006689853,84.9,86.3,0.26695534515641217
6.385065181865569,2.3831780792881005,COTO,cotonou,6.352268,2.402957,4235.977834081941,21238.37353,9.0,100.0,109.0,570.0,10,14.907049179077148,329.06490049388054,1.2724907355104227,4.907049179077148,0.00028170369600466163,0.9834505155253367,0.00026963605663321593,0.9877831238212927,0.000620245098747584,0.04271214634809232,1,-1.0,-1.0,0,0,1,7,1,33.0,41.0,cotonou/COTO,266.4578062283396,75.6,64.8,0.6129137772147597
6.379570882398836,2.363272800187251,COTO,cotonou,6.352268,2.402957,5328.570730853949,21238.37353,9.0,100.0,109.0,570.0,10,12.291919708251953,304.69598422561444,1.0397453416704112,2.291919708251953,-0.0002940001377634937,1.1458631266694876,-0.0002868788330643265,1.1434886459712028,-0.004249487320582072,0.19641324110198985,0,4954.823284802068,4783.967309464066,4,11,1,12,1,31.8,31.0,cotonou/COTO,233.1422818794881,78.2,78.1,0.018235202327967603
6.3564200915316995,2.3771061191382743,COTO,cotonou,6.352268,2.402957,2896.7682106187635,21238.37353,9.0,100.0,109.0,570.0,10,13.981553316116333,279.18162189887033,1.8787159706689633,3.981553316116333,0.00012659665822395755,0.5520618187428026,0.00011088655452535602,0.5517169926531031,0.0016550342241923013,0.0820766850314041,1,-1.0,-1.0,0,0,2,9,1,33.0,63.0,cotonou/COTO,247.88812658137354,62.4,59.2,0.6250715091396954
6.3564954209211315,2.4100757499458183,COTO,cotonou,6.352268,2.402957,915.9158792620174,21238.37353,9.0,100.0,109.0,570.0,10,15.070240497589111,59.14069485361347,5.855374068970684,5.070240497589111,0.0014658592080557214,0.43232853287439793,0.0015267302291561858,0.4405546633164085,0.0014384309450785318,0.07686898977758014,1,-1.0,-1.0,0,0,0,11,1,32.0,71.0,cotonou/COTO,108.9214896151932,58.7,54.0,0.7084184226345125
6.370434372410833,2.3902370873760055,COTO,cotonou,6.352268,2.402957,2452.8630230253916,21238.37353,9.0,100.0,109.0,570.0,10,11.920937657356262,325.1674634262653,2.2664612708858685,1.9209376573562622,-0.000726038120626434,0.7633483117993318,-0.000701383322082764,0.8073768277960139,0.00020630894547180763,0.012458634881447198,1,-1.0,-1.0,0,0,1,1,1,33.0,67.0,cotonou/COTO,137.85914006689853,84.9,86.3,0.5253120571624224
6.346378470393926,2.403138202983959,COTO,cotonou,6.352268,2.402957,651.6189484983046,21238.37353,9.0,100.0,109.0,570.0,10,12.183795690536499,178.24853107871365,8.451064195256953,2.183795690536499,-0.0023659615633137674,0.4780847975455107,-0.002287242478794522,0.5445629515164502,-0.0024324284659491646,0.09202443496244912,1,-1.0,-1.0,0,0,4,7,1,30.0,75.0,cotonou/COTO,313.45464504453633,77.3,69.1,0.7208197821047083
6.365717412561197,2.40860380564525,COTO,cotonou,6.352268,2.402957,1613.2294262095213,21238.37353,9.0,100.0,109.0,570.0,10,14.607621669769287,22.64909865588487,3.3486406468293364,4.607621669769287,0.000542162943792171,0.4174594298816195,0.0004299900074764995,0.4118867912400738,-0.0027477958520904233,0.06164266403641427,1,-1.0,-1.0,0,0,4,11,1,32.0,63.0,cotonou/COTO,335.1905947367722,58.8,56.6,0.5120230531565216
6.38556129016532,2.370057156188494,COTO,cotonou,6.352268,2.402957,5177.362742894728,21238.37353,9.0,100.0,109.0,570.0,10,12.915658950805664,315.51971612290754,1.063204489819724,2.915658950805664,-0.0001524725401332613,1.0872437831524915,-0.00014645313081287204,1.0810556383040701,0.0006486694018046061,0.0284747407870611,0,5021.730596314726,4824.5965439800575,1,13,1,11,1,34.0,32.0,cotonou/COTO,265.7725736414513,57.6,53.4,0.004708018746080733
6.373160275799885,2.4024983724129325,COTO,cotonou,6.352268,2.402957,2310.9903271942517,21238.37353,9.0,100.0,109.0,570.0,10,12.120327234268188,358.75021324125356,2.4005068668002623,2.1203272342681885,-0.0006780616238585905,0.8462378537633886,-0.0006916647203974818,0.868604928460622,-0.0009155630670924535,0.0280585119588483,1,-1.0,-1.0,0,0,1,4,1,32.0,75.0,cotonou/COTO,331.4609434005665,75.5,86.5,0.9459486698938444
6.361950796369453,2.3599743757144402,COTO,cotonou,6.352268,2.402957,4874.641668917187,21238.37353,9.0,100.0,109.0,570.0,10,11.725147366523743,282.7735902286702,1.1432017485723456,1.7251473665237427,-0.0004088940908830023,1.181011173861175,-0.0004032984406057031,1.1935027113575052,-0.0008164852857589722,0.03646266734225403,1,-1.0,-1.0,0,0,1,6,1,34.0,44.0,cotonou/COTO,326.8907597349128,65.7,61.2,0.6258604194678644
6.3670580098199,2.411870216712514,COTO,cotonou,6.352268,2.402957,1909.8861695161022,21238.37353,9.0,100.0,109.0,570.0,10,14.464548110961914,30.918692366229436,2.833710950742195,4.464548110961914,0.00038815488540253496,0.4288043824812766,0.0003579620159033573,0.426299776274821,-0.0006033062934875488,0.032429264595517975,1,-1.0,-1.0,0,0,6,0,1,32.0,63.0,cotonou/COTO,382.5959232662903,56.6,65.5,0.6706171173510641
6.372869340368521,2.358447115624874,COTO,cotonou,6.352268,2.402957,5425.972304757699,21238.37353,9.0,100.0,109.0,570.0,10,13.769776344299316,294.97467191504785,1.0054842633029693,3.7697763442993164,1.2158602852737888e-05,1.382900275649016,2.508762755680605e-05,1.3770510603029515,0.000980149375067817,0.04105872267543411,1,-1.0,-1.0,0,0,1,10,1,31.5,72.0,cotonou/COTO,246.89454307456222,63.4,65.2,0.5707099359621095
6.381593621664401,2.3632616730800544,COTO,cotonou,6.352268,2.402957,5459.41839575119,21238.37353,9.0,100.0,109.0,570.0,10,12.91455864906311,306.62756072440214,1.0082982348837592,2.9145586490631104,-0.00014664654706354359,1.1043621114212399,-0.00018158908054642891,1.098691740996461,-0.0033640139210091556,0.07655982101541077,0,-1.0,5010.848948404899,0,13,3,11,1,31.8,31.0,cotonou/COTO,277.57990849483264,70.4,78.2,0.19455133423952797
6.383278162806479,2.3710331440551844,COTO,cotonou,6.352268,2.402957,4922.9297226025765,21238.37353,9.0,100.0,109.0,570.0,10,13.566002368927002,314.3472238836314,1.110574554496045,3.566002368927002,0.00048811161066126055,1.1225209907990965,-1.5859307615779622e-05,1.1201504472794683,0.0028708526513230195,0.0940558822083759,1,-1.0,-1.0,0,0,1,7,1,34.0,32.0,cotonou/COTO,324.8945539710613,53.4,58.1,0.23754687823710308
6.383373037939184,2.3810676556067434,COTO,cotonou,6.352268,2.402957,4206.841472785935,21238.37353,9.0,100.0,109.0,570.0,10,14.463256359100342,325.03297467954735,1.2873422848864866,4.463256359100342,0.0001787860342796812,1.0212621383360918,0.0001543177685267488,1.0210069334602836,0.0008279959360758463,0.06160447661555819,0,-1.0,3996.0778719449563,0,2,5,4,1,33.0,41.0,cotonou/COTO,150.4694972410793,75.6,71.8,0.9939241216322889
6.3609633821977996,2.3610916188947777,COTO,cotonou,6.352268,2.402957,4730.733092129301,21238.37353,9.0,100.0,109.0,570.0,10,12.101169109344482,281.8063008373278,1.1734159824747723,2.1011691093444824,-0.0003387810811714783,1.0584855723713733,-0.0004065351857733642,1.071075745915945,-0.003839406299548227,0.04808651764520289,1,-1.0,-1.0,0,0,1,0,1,29.0,75.0,cotonou/COTO,243.7480135303034,61.2,68.1,0.17742287928092437
6.359046916428733,2.410668163379177,COTO,cotonou,6.352268,2.402957,1135.7307944920206,21238.37353,9.0,100.0,109.0,570.0,10,14.880951881408691,48.50550472556108,4.737328687302688,4.880951881408691,0.0010297898660626328,0.38542401972664087,0.0012463241332044466,0.38516974524800224,0.003573650139265938,0.0743980341663188,0,-1.0,1058.3463315406605,0,13,1,11,1,32.0,67.0,cotonou/COTO,366.4815913522073,68.1,54.0,0.18688576002141588
6.373663707485759,2.3692134268714398,COTO,cotonou,6.352268,2.402957,4419.979798580281,21238.37353,9.0,100.0,109.0,570.0,10,11.777552366256714,302.5396569688807,1.2600821852273625,1.7775523662567139,-0.00043455834861274233,1.2642306019024547,-0.0004175635530956437,1.2646032044707636,0.0016582833128912695,0.05714369663849453,1,-1.0,-1.0,0,0,1,0,1,29.6,70.0,cotonou/COTO,151.02935906652115,80.0,79.6,0.17143372290979675
6.364532138049956,2.3694807131603244,COTO,cotonou,6.352268,2.402957,3944.303209182935,21238.37353,9.0,100.0,109.0,570.0,10,11.560539245605469,290.2367754147132,1.4151383081505953,1.5605392456054688,-0.0005420333809322778,1.2341326252579883,-0.0005404045629264108,1.2554470786101304,-0.0003094106912612915,0.01475473567809545,1,-1.0,-1.0,0,0,2,5,1,30.0,55.0,cotonou/COTO,248.21595536951256,59.4,62.5,0.528712587917465
6.355062310193468,2.3904070615695505,COTO,cotonou,6.352268,2.402957,1422.4988952828896,21238.37353,9.0,100.0,109.0,570.0,10,15.542208671569824,282.6282416467043,3.7589149792773284,5.542208671569824,0.001101305593502336,0.6526689999922904,0.001137810230255127,0.6471228372258241,-0.0028759320576985676,0.14454297640388503,1,-1.0,-1.0,0,0,2,13,1,31.0,71.0,cotonou/COTO,330.80979731559944,66.6,68.3,0.9902803260808808
6.358310522274667,2.3968347898322415,COTO,cotonou,6.352268,2.402957,951.4981599586886,21238.37353,9.0,100.0,109.0,570.0,10,14.851216793060303,314.8016016625005,5.650905183515301,4.851216793060303,0.0011919014155864715,0.46485104832743945,0.0010745184039513912,0.45269828608410123,-0.0005357398548065989,0.04240158116509153,1,-1.0,-1.0,0,0,2,7,1,31.0,71.0,cotonou/COTO,237.15585761266473,58.3,56.5,0.15191081414185237
6.360114670169878,2.410071263560041,COTO,cotonou,6.352268,2.402957,1171.5555987789262,21238.37353,9.0,100.0,109.0,570.0,10,14.722177028656006,42.021204004837614,4.600811355831285,4.722177028656006,0.0008459879954655965,0.42359869699831065,0.0008660558762589122,0.41891730025425844,0.0006059805552164713,0.026198166334656665,1,-1.0,-1.0,0,0,2,2,1,32.0,67.0,cotonou/COTO,267.46393794301054,62.5,68.1,0.6122638640976534
6.370603795840461,2.3538730786936815,COTO,cotonou,6.352268,2.402957,5796.792473934502,21238.37353,9.0,100.0,109.0,570.0,10,12.967595100402832,290.6026779370694,0.9491021533322053,2.967595100402832,-0.00014803863706994727,1.3668011596691887,-0.00011985476792888022,1.3634159417591434,-0.0002305557870270625,0.021085935049045112,0,5552.839283648681,4971.998354396726,1,2,1,6,1,29.5,69.0,cotonou/COTO,399.9159167874965,51.6,61.5,0.19969528427068894
6.360522571428756,2.3787538931301655,COTO,cotonou,6.352268,2.402957,2829.142621011167,21238.37353,9.0,100.0,109.0,570.0,10,13.072019338607788,288.94170545712063,1.941988892440261,3.072019338607788,-0.00029411208161147357,0.8487781523832977,-0.00022691347250717924,0.8557277187488617,-0.0010511556358479507,0.0428259465840007,1,-1.0,-1.0,0,0,2,11,1,32.0,63.0,cotonou/COTO,343.13365923494894,65.8,63.8,0.17360959636944406
6.383568313765827,2.372174173983572,COTO,cotonou,6.352268,2.402957,4855.977672874163,21238.37353,9.0,100.0,109.0,570.0,10,12.892058372497559,315.6565431563339,1.1338315325628936,2.8920583724975586,-0.0001698413096348101,1.1246669499878512,-0.00015161588702729246,1.1178477408177956,0.0002681182294505564,0.04385025327610652,1,-1.0,-1.0,0,0,4,10,1,34.0,32.0,cotonou/COTO,268.94546398849457,64.4,53.4,0.7429046878415935
6.359905493969169,2.3623854390305126,COTO,cotonou,6.352268,2.402957,4567.597442998806,21238.37353,9.0,100.0,109.0,570.0,10,12.490509986877441,280.7276806237129,1.2104314952012214,2.4905099868774414,-0.00026502863773852903,0.8751262537819936,-0.0002802877199082147,0.8827563357603152,-0.0009012990527682833,0.039902343544459644,1,-1.0,-1.0,0,0,1,13,1,29.0,75.0,cotonou/COTO,243.7480135303034,61.2,68.1,0.9384935473603366
6.362521176632921,2.406881825805831,COTO,cotonou,6.352268,2.402957,1214.1838509289655,21238.37353,9.0,100.0,109.0,570.0,10,15.10462999343872,20.82846152421598,4.42200127026078,5.104629993438721,0.0011730970944327567,0.44532484159807634,0.0010676992031954978,0.44300249000487185,0.0005376776059468587,0.028726226664112915,1,-1.0,-1.0,0,0,3,11,1,31.6,70.0,cotonou/COTO,373.8657305772486,70.5,58.8,0.3620052304782795
6.384659327953883,2.368419603272273,COTO,cotonou,6.352268,2.402957,5237.586292573609,21238.37353,9.0,100.0,109.0,570.0,10,13.569214582443237,313.34235500158997,1.0438350772123617,3.5692145824432373,-6.249592913619626e-05,1.10808635887639,-5.012775320566754e-05,1.1026059753079316,-0.0023946166038513184,0.14169726419143056,0,4786.25120122959,4901.709015294339,5,2,1,14,1,33.0,28.0,cotonou/COTO,282.2544702923159,68.0,57.6,0.2655870595823283
6.357190154528247,2.376422284681325,COTO,cotonou,6.352268,2.402957,2985.8382205150756,21238.37353,9.0,100.0,109.0,570.0,10,13.719290494918823,280.5738188804464,1.8277382149633234,3.7192904949188232,-5.909501606977995e-05,0.6051967881655153,-2.2112933638827956e-06,0.6104213822413409,-0.0009957691033681234,0.08214849726073249,1,-1.0,-1.0,0,0,1,11,1,31.5,70.0,cotonou/COTO,281.94874002195616,59.2,63.8,0.11423406623892851
6.356737167706469,2.3986268987205315,COTO,cotonou,6.352268,2.402957,688.3235754351475,21238.37353,9.0,100.0,109.0,570.0,10,14.987957000732422,316.0821304343954,7.7774021926538195,4.987957000732422,0.001849965682611554,0.4164270988984281,0.0017495126724243165,0.4382450281563486,-0.0003854857550726996,0.023302632485126335,1,-1.0,-1.0,0,0,7,7,1,31.0,75.0,cotonou/COTO,337.12035847750434,62.4,62.0,0.9034810193471827
6.347764780702678,2.384836311400088,COTO,cotonou,6.352268,2.402957,2065.816426694296,21238.37353,9.0,100.0,109.0,570.0,10,11.19252598285675,255.96224138586967,2.710683154934312,1.1925259828567505,-0.0013637111229303114,0.555916832247919,-0.0015959605084898327,0.793332588312898,-0.027407865391837222,1.0073951320428907,1,-1.0,-1.0,0,0,1,5,1,32.0,71.0,cotonou/COTO,170.17425892305585,63.1,72.8,0.5380482433026879
6.380737957466784,2.368033596288424,COTO,cotonou,6.352268,2.402957,4984.1635690738185,21238.37353,9.0,100.0,109.0,570.0,10,13.009912967681885,309.3629397566408,1.1033239494249791,3.0099129676818848,8.973879767389281e-05,1.1187387919242457,-5.046776427188509e-05,1.1156494943011386,0.006054616468203364,0.18295891141553156,1,-1.0,-1.0,0,0,2,7,1,30.7,55.0,cotonou/COTO,290.4766293524832,66.5,61.3,0.6444219400972478
6.371213115220427,2.404534916316018,COTO,cotonou,6.352268,2.402957,2102.361652751278,21238.37353,9.0,100.0,109.0,570.0,10,13.214202880859375,4.731836777972774,2.608651654583348,3.214202880859375,-0.00023135612828071136,0.5691582906842474,-0.0002682421142669231,0.5852463985986576,-0.0017074563273603083,0.06036035051308515,1,-1.0,-1.0,0,0,2,1,1,32.0,75.0,cotonou/COTO,257.31179082972295,86.2,75.5,0.9809327804445956
6.383230739167705,2.3661723844592384,COTO,cotonou,6.352268,2.402957,5318.585832346583,21238.37353,9.0,100.0,109.0,570.0,10,14.140177249908447,310.26516863987825,1.0217925329172253,4.140177249908447,7.86307741384762e-05,1.1053078270109544,5.782166357375409e-05,1.1039696023183494,-0.002115148494107317,0.07081100598185276,1,-1.0,-1.0,0,0,2,11,1,34.0,32.0,cotonou/COTO,379.59078834977134,55.8,68.0,0.4183805120134
6.364117070597368,2.369693461301851,COTO,cotonou,6.352268,2.402957,3906.575059835297,21238.37353,9.0,100.0,109.0,570.0,10,11.597638607025146,289.72067044151004,1.4282557337472026,1.5976386070251465,-0.0005467044821551645,1.2036349102043018,-0.0005421611961657539,1.2156661541170526,-0.000736244360453058,0.024845405607917242,1,-1.0,-1.0,0,0,3,3,1,30.0,55.0,cotonou/COTO,248.21595536951256,62.5,59.4,0.6798640214228426
6.369594510913767,2.3622435987062382,COTO,cotonou,6.352268,2.402957,4895.076748794142,21238.37353,9.0,100.0,109.0,570.0,10,12.140030860900879,293.1832921724606,1.1335763657116082,2.140030860900879,-0.0003184879213813844,1.4698084570532535,-0.00024595450851405584,1.4657417227405727,0.0048422959236336695,0.16086319960589793,1,-1.0,-1.0,0,0,0,10,1,32.0,71.0,cotonou/COTO,298.34231362650223,73.3,78.0,0.6831366207050343
6.3639794441152615,2.3741159683339395,COTO,cotonou,6.352268,2.402957,3443.7731258939043,21238.37353,9.0,100.0,109.0,570.0,10,11.871309161186218,292.2256361933484,1.6155504250397936,1.8713091611862183,-0.0005320818182350933,1.1691753480343694,-0.0005849511377354041,1.191495527742982,-0.0024166246726688534,0.041002115541276765,1,-1.0,-1.0,0,0,3,6,1,31.0,63.0,cotonou/COTO,398.79289324162653,60.5,65.7,0.02023568525752406
6.346563312341232,2.4036948057016883,COTO,cotonou,6.352268,2.402957,636.1286512660203,21238.37353,9.0,100.0,109.0,570.0,10,12.296810626983643,172.67532983387105,8.643826815869739,2.2968106269836426,-0.0021366375865358293,0.4530014332083717,-0.002451587398801661,0.5105548153272625,-0.004778745319761031,0.15490763870286584,1,-1.0,-1.0,0,0,3,3,1,31.0,71.0,cotonou/COTO,313.45464504453633,69.1,77.3,0.4868677991375132
6.359878785271919,2.3624181043436967,COTO,cotonou,6.352268,2.402957,4563.500173731469,21238.37353,9.0,100.0,109.0,570.0,10,12.490509986877441,280.69945092611516,1.2115179389587611,2.4905099868774414,-0.00026502863773852903,0.8730712916938059,-0.0002889809063361862,0.879516326831542,-0.001347549289404157,0.04056211942220272,1,-1.0,-1.0,0,0,1,14,1,33.0,48.0,cotonou/COTO,243.7480135303034,68.1,61.2,0.04229156253144528
6.382638202152407,2.3744761098738167,COTO,cotonou,6.352268,2.402957,4605.340188222967,21238.37353,9.0,100.0,109.0,570.0,10,12.637079238891602,317.01720098601277,1.1986917107614978,2.6370792388916016,-0.0002315827262349975,1.1257688354325195,-0.00014235796657011024,1.1190341310146557,0.003833533694889154,0.043446861999951694,1,-1.0,-1.0,0,0,1,6,1,34.0,32.0,cotonou/COTO,217.8231826505345,64.4,70.5,0.3783060366099914
6.357842673660645,2.4017947519133633,COTO,cotonou,6.352268,2.402957,629.7596796784117,21238.37353,9.0,100.0,109.0,570.0,10,14.490571975708008,348.29369091979737,8.534811954057801,4.490571975708008,0.001244014140313171,0.34862742229428356,0.0011189512584520423,0.34037467645328695,-2.153184678819445e-05,0.004767840755241663,1,-1.0,-1.0,0,0,0,0,1,31.4,69.0,cotonou/COTO,392.92902527041525,68.1,62.4,0.5431889953919485
6.371465228061942,2.405022112212576,COTO,cotonou,6.352268,2.402957,2135.2408055371434,21238.37353,9.0,100.0,109.0,570.0,10,13.328859329223633,6.102255693080451,2.5654665275312545,3.328859329223633,-0.0001750611596637302,0.5431644617138209,-0.00028210765015157085,0.5627427824460365,-0.003682287766033602,0.11673000454853572,1,-1.0,-1.0,0,0,1,2,1,32.0,75.0,cotonou/COTO,338.55000000000837,75.5,80.8,0.16560886907539796
6.3565962385202415,2.3758346053602,COTO,cotonou,6.352268,2.402957,3038.758856123962,21238.37353,9.0,100.0,109.0,570.0,10,14.143618106842041,279.12351853563126,1.7879359210079793,4.143618106842041,0.00014268845514534345,0.5459218807046989,0.00011712738555018086,0.5449880047775423,-0.0005915411506148518,0.03825622232213487,1,-1.0,-1.0,0,0,5,6,1,31.5,70.0,cotonou/COTO,363.9073676088481,59.2,61.8,0.20116654288653857
6.360727972991741,2.3957892982287867,COTO,cotonou,6.352268,2.402957,1226.4551411609773,21238.37353,9.0,100.0,109.0,570.0,10,13.881559610366821,319.9016731541723,4.434730216204082,3.8815596103668213,0.00014192534656059461,0.3757721363709869,-1.5883113062658886e-05,0.3971723822909175,-0.002167304356892904,0.09752869606018066,1,-1.0,-1.0,0,0,3,5,1,31.0,71.0,cotonou/COTO,391.6664531205258,58.3,68.1,0.8284724657408481
6.369826793554035,2.390378674336905,COTO,cotonou,6.352268,2.402957,2388.9825661579443,21238.37353,9.0,100.0,109.0,570.0,10,11.931247353553772,324.551939986363,2.326752947270078,1.931247353553772,-0.000756145474639013,0.7296787706179827,-0.0007449640975735051,0.7812859695204919,-0.0012135138114293417,0.05946455147699835,1,-1.0,-1.0,0,0,0,5,1,33.0,67.0,cotonou/COTO,281.07558431847417,86.3,70.8,0.013553651414584977
6.36329244966505,2.3609197742665797,COTO,cotonou,6.352268,2.402957,4808.110688833486,21238.37353,9.0,100.0,109.0,570.0,10,11.649364233016968,284.78443511071464,1.1599189184479126,1.6493642330169678,-0.00042600977248039793,1.262301877582312,-0.00041877583550937634,1.2673980492802919,0.0004435749392394161,0.014138085583784857,0,-1.0,4586.494364498476,0,3,1,2,1,33.0,48.0,cotonou/COTO,275.55065323816524,67.2,65.7,0.06863940863717422
6.374908043183353,2.356479669341974,COTO,cotonou,6.352268,2.402957,5719.305933837325,21238.37353,9.0,100.0,109.0,570.0,10,13.558077096939087,296.1139007735482,0.9560446506208874,3.558077096939087,-2.798526649218035e-05,1.319564901775781,-6.0461394931625254e-05,1.3130810154333683,-0.0021560652947748503,0.044753014267429496,0,5306.690676085534,5214.998396585135,4,7,0,5,1,31.0,63.0,cotonou/COTO,241.37076977131866,58.3,72.1,0.7003084525225607
6.377559421739642,2.3615741156520715,COTO,cotonou,6.352268,2.402957,5365.219937750679,21238.37353,9.0,100.0,109.0,570.0,10,12.735710144042969,301.59160944905466,1.0279067476850996,2.7357101440429688,-0.0001780660905153753,1.2080875344901725,-0.00019265819430131726,1.2022512637168634,-0.000240023930867513,0.030592873142203533,0,-1.0,4838.374693362335,0,2,2,13,1,29.5,80.0,cotonou/COTO,203.75681976320604,78.1,76.1,0.8447657001988091
6.381338290460887,2.3632678010289387,COTO,cotonou,6.352268,2.402957,5442.146237951219,21238.37353,9.0,100.0,109.0,570.0,10,12.873299360275269,306.3921887255009,1.0119319335958568,2.8732993602752686,-0.00018094353240917423,1.1090903762123183,-0.00017048669034156242,1.103620573642839,-0.0025729397932688397,0.11763190819485977,0,-1.0,5005.902050540299,0,10,3,12,1,31.8,31.0,cotonou/COTO,277.57990849483264,78.2,70.4,0.7033161843545888
6.364592375177257,2.409226741221556,COTO,cotonou,6.352268,2.402957,1529.3006487413074,21238.37353,9.0,100.0,109.0,570.0,10,15.116058349609375,26.820699047572816,3.512985696910079,5.116058349609375,0.0009197290079069577,0.4485675631461903,0.0006439797394944425,0.4415988564620956,-0.0047685638860172925,0.12479385621195578,1,-1.0,-1.0,0,0,5,5,1,32.0,63.0,cotonou/COTO,343.10493220009766,58.8,67.6,0.5296897157138357
6.372119157131211,2.3688343337026274,COTO,cotonou,6.352268,2.402957,4367.1574341881715,21238.37353,9.0,100.0,109.0,570.0,10,11.620315194129944,300.3450501980462,1.2773802164609573,1.6203151941299438,-0.0004764101004491658,1.3060959099508886,-0.0004502098034094045,1.3091423666014954,0.0009177227814992269,0.04638647949692707,1,-1.0,-1.0,0,0,4,4,1,31.5,72.0,cotonou/COTO,291.86035290862867,64.7,79.6,0.8238895043792899
6.364847949857286,2.371254024696433,COTO,cotonou,6.352268,2.402957,3773.409146945201,21238.37353,9.0,100.0,109.0,570.0,10,11.598401188850403,291.76674038299916,1.47862618381097,1.5984011888504028,-0.0005599079976191823,1.2631491273839959,-0.0005621920650204022,1.2841995859196949,-0.0008030613263448079,0.03160220153265911,1,-1.0,-1.0,0,0,1,9,1,30.0,55.0,cotonou/COTO,213.77228304903036,59.4,66.8,0.9566082918086646
6.3543465860053665,2.406816964085533,COTO,cotonou,6.352268,2.402957,485.0004631144837,21238.37353,9.0,100.0,109.0,570.0,10,14.755288124084473,61.54977971693535,10.996604498876817,4.755288124084473,0.002232777008484348,0.4142062476283489,0.002083280459903347,0.4156255776425128,0.001044848881008893,0.034423679762641074,1,-1.0,-1.0,0,0,2,5,1,31.4,69.0,cotonou/COTO,299.4984878091749,71.6,64.7,0.11417769138112455
6.382204057242199,2.369728048046974,COTO,cotonou,6.352268,2.402957,4947.27227829859,21238.37353,9.0,100.0,109.0,570.0,10,13.513684511184692,312.1939772259936,1.1057171252167597,3.5136845111846924,-3.73684592358901e-05,1.1246733991590716,-8.197030621374447e-06,1.1201478197102623,0.0022267553541395397,0.0897917052450036,1,-1.0,-1.0,0,0,6,8,1,34.0,32.0,cotonou/COTO,324.8945539710613,53.4,58.1,0.8150229880647428
6.372914262123727,2.3906588470836168,COTO,cotonou,6.352268,2.402957,2657.910351274103,21238.37353,9.0,100.0,109.0,570.0,10,12.219404458999634,329.3755284540003,2.0853490916396553,2.219404458999634,-0.0005623537672061512,0.8018036316467368,-0.0006484646848276875,0.8268265725057481,-0.002616104281957982,0.03987532724228625,1,-1.0,-1.0,0,0,1,14,1,33.0,67.0,cotonou/COTO,357.773164030067,84.9,81.4,0.5987864038073171
6.374132586466222,2.3626159367696173,COTO,cotonou,6.352268,2.402957,5076.145332522311,21238.37353,9.0,100.0,109.0,570.0,10,12.667322635650635,298.60821264676184,1.0872016105947842,2.6673226356506348,-0.000203856627146403,1.3081243303355958,-0.0001855424505460564,1.3044740158064525,0.001912856101989746,0.07150894579101211,1,-1.0,-1.0,0,0,0,5,1,31.0,75.0,cotonou/COTO,386.1779175456935,76.1,76.5,0.9480161246321751
6.358402817924233,2.4048926754718667,COTO,cotonou,6.352268,2.402957,711.4365008069277,21238.37353,9.0,100.0,109.0,570.0,10,14.45407247543335,17.410474971545,7.569932254424002,4.45407247543335,0.0010342308340034522,0.5232335228862564,0.0009813226186312163,0.5042275353242089,0.0001388231913248698,0.007984329634421998,1,-1.0,-1.0,0,0,2,10,1,31.0,75.0,cotonou/COTO,384.8115623263995,66.4,64.7,0.39109039062012363
6.356645961505838,2.4047916407646888,COTO,cotonou,6.352268,2.402957,524.9795825770032,21238.37353,9.0,100.0,109.0,570.0,10,15.031984806060791,22.611047981053275,10.148114246391504,5.031984806060791,0.002453691429562039,0.6348307643812188,0.0017262685298919684,0.6005975457422079,-0.003327786922454834,0.15922933364626948,1,-1.0,-1.0,0,0,1,6,1,31.4,69.0,cotonou/COTO,285.8934238489022,64.7,68.1,0.44683238728067454
6.362291849762302,2.406801777747219,COTO,cotonou,6.352268,2.402957,1187.333317771754,21238.37353,9.0,100.0,109.0,570.0,10,15.066255569458008,20.866851969497702,4.523431228979914,5.066255569458008,0.0011626375160614468,0.4457915627952591,0.0011092369518582782,0.4446761798871342,0.0012215216954549152,0.05585346408484879,1,-1.0,-1.0,0,0,3,13,1,32.0,63.0,cotonou/COTO,373.8657305772486,58.8,70.5,0.7101101376408897
6.352274997107322,2.3951934110065687,COTO,cotonou,6.352268,2.402957,858.9682641353965,21238.37353,9.0,100.0,109.0,570.0,10,14.606346130371094,270.05238756805096,6.271178744250518,4.606346130371094,0.0010337410301997745,0.3537859595706413,0.0009630985157464141,0.34763694869179773,-0.00029144287109374997,0.013691732672997215,1,-1.0,-1.0,0,0,1,12,1,31.0,71.0,cotonou/COTO,392.28725444494233,62.9,70.0,0.6575152869011957
6.371066982090636,2.3514257961181286,COTO,cotonou,6.352268,2.402957,6068.545987968605,21238.37353,9.0,100.0,109.0,570.0,10,13.252984046936035,290.1594263050794,0.9039141811060073,3.252984046936035,-7.454965306424547e-05,1.3358903926150842,-6.566077871016507e-05,1.3326425060751406,0.001813693171772903,0.06215265867590597,0,5436.1524180800925,5168.60129235803,5,10,3,7,1,29.5,69.0,cotonou/COTO,399.9159167874965,51.6,61.5,0.8910180457262924
6.37489542617816,2.356284105761472,COTO,cotonou,6.352268,2.402957,5738.158612279756,21238.37353,9.0,100.0,109.0,570.0,10,13.526496887207031,296.00636962693187,0.9532193956192864,3.5264968872070312,-3.1335858835114385e-05,1.3209695090891016,-3.963603112516357e-05,1.3176983427577404,-0.001069706850414765,0.03197325304402703,0,5542.670242723131,5209.190082891241,2,11,0,5,1,32.0,71.0,cotonou/COTO,241.37076977131866,72.1,58.3,0.3898130131465152
6.371024802342615,2.4042891746882344,COTO,cotonou,6.352268,2.402957,2079.5054390210707,21238.37353,9.0,100.0,109.0,570.0,10,13.178877353668213,4.0375213229908695,2.638254795368918,3.178877353668213,-0.0002514828954424177,0.5801266636291342,-0.0002665862537131774,0.5927710683080489,-0.0014590376571195246,0.04728149266625836,1,-1.0,-1.0,0,0,3,5,1,32.0,75.0,cotonou/COTO,257.31179082972295,86.2,75.5,0.8473775479534282
6.371342620311139,2.404459291388476,COTO,cotonou,6.352268,2.402957,2115.960548487339,21238.37353,9.0,100.0,109.0,570.0,10,13.214202880859375,4.475541499483427,2.5919092592265325,3.214202880859375,-0.00023135612828071133,0.5692021485964494,-0.0003086527732953634,0.6035928962703131,-0.0020851473013559978,0.09920594896251199,1,-1.0,-1.0,0,0,3,2,1,32.0,75.0,cotonou/COTO,331.4609434005665,86.5,75.5,0.9494481225917702
6.361833535172345,2.3780450154956423,COTO,cotonou,6.352268,2.402957,2952.274956765319,21238.37353,9.0,100.0,109.0,570.0,10,12.901049137115479,291.1253590000772,1.8643659401299781,2.9010491371154785,-0.00027136104275481864,0.9570466049504316,-0.0003017438913729324,0.9708556439293323,-0.0008452673753102621,0.04940333177132034,1,-1.0,-1.0,0,0,5,2,1,31.7,62.0,cotonou/COTO,289.18429314187705,65.7,65.8,0.38083704437430976
6.359340206166262,2.404148230718776,COTO,cotonou,6.352268,2.402957,793.1276702166984,21238.37353,9.0,100.0,109.0,570.0,10,14.594878673553467,9.503303213854451,6.787917548936468,4.594878673553467,0.0010961570857483663,0.41039072534339527,0.0011875884286288556,0.40455371370598536,0.0016632636388142904,0.07903442647107012,1,-1.0,-1.0,0,0,4,9,1,31.0,75.0,cotonou/COTO,329.0564998598276,66.4,68.1,0.08443444849929549
6.346855177606705,2.404573680883113,COTO,cotonou,6.352268,2.402957,624.7462603574015,21238.37353,9.0,100.0,109.0,570.0,10,12.399997234344482,163.46670733810015,8.789625668326853,2.3999972343444824,-0.002114781221204706,0.3922362693845411,-0.0020758981290070907,0.4808040019293946,-0.002654584248860677,0.0995261107942437,1,-1.0,-1.0,0,0,0,9,1,31.0,71.0,cotonou/COTO,313.45464504453633,69.1,77.3,0.814806299669117
6.384706041745148,2.3685032360276037,COTO,cotonou,6.352268,2.402957,5234.3785187362055,21238.37353,9.0,100.0,109.0,570.0,10,13.569214582443237,313.4529187309725,1.0444746269319434,3.5692145824432373,-1.380244275370154e-05,1.11048011345047,-5.012775320566758e-05,1.1049962842001138,-0.0023946166038513184,0.10607487880098113,0,4783.319848784989,4856.748004358443,5,3,1,14,1,33.0,28.0,cotonou/COTO,282.2544702923159,68.0,57.6,0.3032594718934878
6.354319965518359,2.4063060827559384,COTO,cotonou,6.352268,2.402957,434.5071379711335,21238.37353,9.0,100.0,109.0,570.0,10,14.831409454345703,58.34677449494029,12.228318939139891,4.831409454345703,0.0024148360738361343,0.451691370079482,0.0021377212861004996,0.4421806252804532,-0.0008008519808451335,0.03797795289952374,1,-1.0,-1.0,0,0,3,6,1,31.4,69.0,cotonou/COTO,245.31000000003797,65.4,71.6,0.6941582136953663
6.352904900126143,2.3919695296232852,COTO,cotonou,6.352268,2.402957,1217.6979449786322,21238.37353,9.0,100.0,109.0,570.0,10,14.910414218902588,273.33855451599305,4.41837465373963,4.910414218902588,0.0009783925079717868,0.37168578917843903,0.0014025288698932255,0.3798368322512649,0.00544413498908309,0.08144590779876744,1,-1.0,-1.0,0,0,6,11,1,31.0,71.0,cotonou/COTO,229.63053738552546,54.4,73.7,0.0024756669205940884
6.362563293627887,2.3609842526738594,COTO,cotonou,6.352268,2.402957,4781.373797439821,21238.37353,9.0,100.0,109.0,570.0,10,11.65629756450653,283.8660331514404,1.166320215969755,1.6562975645065308,-0.0004272278894980748,1.2234391773287137,-0.00042338225658882726,1.2295291328559739,6.425513161553276e-05,0.0028851469946894015,1,-1.0,-1.0,0,0,0,6,1,33.0,48.0,cotonou/COTO,234.36776676836976,67.2,61.2,0.35249108713530575
6.355153452233825,2.404687788308517,COTO,cotonou,6.352268,2.402957,372.14589159580294,21238.37353,9.0,100.0,109.0,570.0,10,15.363141536712646,30.80111221784722,14.123208676971279,5.3631415367126465,0.00424653872465476,0.653532023422572,0.0037507836023966475,0.6726811428483864,0.0009676376978556315,0.04686972751218647,1,-1.0,-1.0,0,0,2,12,1,31.4,69.0,cotonou/COTO,264.0610446469,65.4,68.1,0.133034007554374
6.355042946643544,2.390456295930388,COTO,cotonou,6.352268,2.402957,1416.7168113414227,21238.37353,9.0,100.0,109.0,570.0,10,15.542208671569824,282.5913406776,3.774212087749325,5.542208671569824,0.0008333600731373495,0.6526689999922904,0.001148393950127903,0.6499208927409824,-0.004040978729094459,0.13686791425535486,1,-1.0,-1.0,0,0,2,12,1,31.0,71.0,cotonou/COTO,295.36221914797846,68.3,54.4,0.017075279472781868
6.364757975286804,2.3605919339082346,COTO,cotonou,6.352268,2.402957,4886.515083373742,21238.37353,9.0,100.0,109.0,570.0,10,11.686956763267517,286.5249467464681,1.1408723122393905,1.686956763267517,-0.00041309502470956506,1.322956527735663,-0.00040310607926601007,1.3302333839860372,0.0002739953162558154,0.006069093250652281,1,-1.0,-1.0,0,0,0,0,1,33.0,48.0,cotonou/COTO,377.7002335187451,67.2,78.69999999999999,0.45278735615025323
6.3748726425897235,2.355930960140717,COTO,cotonou,6.352268,2.402957,5772.252811544707,21238.37353,9.0,100.0,109.0,570.0,10,13.480997562408447,295.81396739618503,0.948041676703608,3.4809975624084473,-3.90317567683666e-05,1.3260742544205892,-4.329400184826971e-05,1.3194881022711404,-0.0006064613660176595,0.02724478591472763,0,-1.0,5217.006048109544,0,6,1,3,1,32.0,71.0,cotonou/COTO,241.37076977131866,72.1,58.3,0.5525529305451671
6.371963243524125,2.354754100141826,COTO,cotonou,6.352268,2.402957,5760.714234516215,21238.37353,9.0,100.0,109.0,570.0,10,13.23845100402832,292.3513293399033,0.9523519259434422,3.2384510040283203,-8.161545516012335e-05,1.3676967669144247,-9.135582081781897e-05,1.3606684215923872,-0.0011003763750777348,0.03518505706545962,0,-1.0,5391.289674386918,0,3,2,0,1,31.0,63.0,cotonou/COTO,249.20674248494376,58.6,51.6,0.33038406989889013
6.355919821726476,2.4055287426583134,COTO,cotonou,6.352268,2.402957,494.0187106784103,21238.37353,9.0,100.0,109.0,570.0,10,15.28263521194458,34.98839237722228,10.741601956919206,5.28263521194458,0.002967348772317397,0.6645998745956265,0.002330624011524937,0.63702881485193,-0.0027371883392333985,0.14545497934892518,1,-1.0,-1.0,0,0,5,10,1,31.4,69.0,cotonou/COTO,218.02671877540922,64.7,65.4,0.39167365874926097
6.358811119791452,2.3967416588377914,COTO,cotonou,6.352268,2.402957,998.2307798575395,21238.37353,9.0,100.0,109.0,570.0,10,14.755845069885254,316.64835846272626,5.393376017240709,4.755845069885254,0.0010282878782234938,0.43470413899981575,0.0008818624111245904,0.42795780318815363,-0.001580826467008087,0.05852697931032024,1,-1.0,-1.0,0,0,5,1,1,31.0,71.0,cotonou/COTO,391.6664531205258,58.3,68.1,0.22187335172515776
6.38100894847214,2.369269993304246,COTO,cotonou,6.352268,2.402957,4898.276455337612,21238.37353,9.0,100.0,109.0,570.0,10,12.780148983001709,310.64698596362047,1.125351433476864,2.780148983001709,-0.0001883826120112969,1.124342829209117,-0.00011429570802797971,1.1208090874131986,0.004552469837520628,0.15293072799390364,1,-1.0,-1.0,0,0,8,8,1,30.7,45.0,cotonou/COTO,260.0268288079785,58.1,66.5,0.3636972341279634
6.381816638106876,2.3691249892560085,COTO,cotonou,6.352268,2.402957,4968.7730593731,21238.37353,9.0,100.0,109.0,570.0,10,13.140081644058228,311.3113182934113,1.1052401495917723,3.1400816440582275,-0.00011383730723675957,1.1214084554113943,0.0001049375285554944,1.1159058943585458,0.010302301396296301,0.18816031893223914,1,-1.0,-1.0,0,0,7,9,1,30.7,45.0,cotonou/COTO,218.89526468152152,58.1,61.3,0.09635976249564282
6.363564929774931,2.369859139631588,COTO,cotonou,6.352268,2.402957,3869.1683050248666,21238.37353,9.0,100.0,109.0,570.0,10,11.630157232284546,288.9559078745976,1.4415769325189318,1.630157232284546,-0.0005378860504323797,1.1297923607135147,-0.0005331579358826462,1.156582257062401,-0.0008909450636969673,0.03292984490150453,0,-1.0,3613.2914431695144,0,4,2,5,1,30.1,50.0,cotonou/COTO,358.990200005476,58.0,59.4,0.9437551159399923
6.358759899400787,2.413079173188694,COTO,cotonou,6.352268,2.402957,1330.273940641555,21238.37353,9.0,100.0,109.0,570.0,10,15.098717212677002,57.164463885519126,4.037693172116147,5.098717212677002,0.0010309079841331198,0.4348896129449331,0.0009425090261884761,0.43035196514254104,-0.0016527209217330233,0.054903689586101416,1,-1.0,-1.0,0,0,1,4,1,32.0,67.0,cotonou/COTO,390.090387602657,65.5,58.7,0.07262120935999217
6.356648106060592,2.3983220364017646,COTO,cotonou,6.352268,2.402957,705.4129543147616,21238.37353,9.0,100.0,109.0,570.0,10,15.115276336669922,313.55722364111796,7.581049322520104,5.115276336669922,0.0019559512535730996,0.4643459248545674,0.0014093329930557797,0.4780724526323443,-0.0029979698104013073,0.04042666935668247,1,-1.0,-1.0,0,0,5,10,1,31.0,71.0,cotonou/COTO,230.8079454871386,58.3,62.0,0.9194301505708028
6.364629308780752,2.410653301656551,COTO,cotonou,6.352268,2.402957,1610.5259666504664,21238.37353,9.0,100.0,109.0,570.0,10,15.128331184387207,31.748058440476086,3.335787315966832,5.128331184387207,0.0008773702162283441,0.45494825053104326,0.0007122993427712668,0.4501736829999109,-0.0024964094937132086,0.03516099169021203,1,-1.0,-1.0,0,0,0,7,1,32.0,63.0,cotonou/COTO,343.10493220009766,67.6,58.8,0.008640240598532523
6.370877078532941,2.3524291671543085,COTO,cotonou,6.352268,2.402957,5957.086376909312,21238.37353,9.0,100.0,109.0,570.0,10,13.072603225708008,290.3362672471902,0.9225583828568068,3.072603225708008,-0.00010123391253361911,1.345655221766849,-8.636272171045812e-05,1.338983634515816,0.0018855730692545574,0.08717775146445772,0,5443.75027629388,5157.23710385736,1,7,2,0,1,29.5,69.0,cotonou/COTO,399.9159167874965,51.6,61.5,0.6075798999128161
6.370139164839094,2.4031334491517256,COTO,cotonou,6.352268,2.402957,1976.4311404558068,21238.37353,9.0,100.0,109.0,570.0,10,13.092123746871948,0.562193365565804,2.77814353886441,3.0921237468719482,-0.0003182368573649559,0.5539846354619605,-0.00044540324337645975,0.5960825098677273,-0.004289201828707567,0.11599980484586489,1,-1.0,-1.0,0,0,1,9,1,32.0,75.0,cotonou/COTO,257.31179082972295,86.2,75.5,0.21926584332919852
6.37321694739957,2.3691017368498923,COTO,cotonou,6.352268,2.402957,4404.235815346773,21238.37353,9.0,100.0,109.0,570.0,10,11.753080487251282,301.9088801258364,1.2649033926503883,1.7530804872512817,-0.0004400713915953477,1.274260361215164,-0.00041811578225769465,1.275790682093265,0.001401756869422065,0.05474862093305548,1,-1.0,-1.0,0,0,1,2,1,32.0,67.0,cotonou/COTO,151.02935906652115,79.6,80.0,0.49011166634069125
6.346283382383842,2.4028518705490978,COTO,cotonou,6.352268,2.402957,661.9282405074606,21238.37353,9.0,100.0,109.0,570.0,10,12.199683427810669,181.00022326754015,8.319952836621042,2.199683427810669,-0.002184504356937132,0.49502514960401556,-0.0025624806818004184,0.5470431790988477,-0.004956307784691705,0.14503329590120248,1,-1.0,-1.0,0,0,4,10,1,31.0,71.0,cotonou/COTO,313.45464504453633,69.1,77.3,0.17233975712597638
6.381988721757339,2.366035903460984,COTO,cotonou,6.352268,2.402957,5242.97411228216,21238.37353,9.0,100.0,109.0,570.0,10,13.889186143875122,309.008672822488,1.0392671123710104,3.889186143875122,3.213395835908342e-05,1.1011045684221414,4.859810270607581e-05,1.0988099107493965,0.0004830598831176757,0.03195593526236434,1,-1.0,-1.0,0,0,1,11,1,34.0,32.0,cotonou/COTO,290.9174264288137,55.8,61.3,0.4381342161759232
6.374693726975019,2.35686917101013,COTO,cotonou,6.352268,2.402957,5670.186901838154,21238.37353,9.0,100.0,109.0,570.0,10,13.615647792816162,296.08907586266815,0.9637434328110712,3.615647792816162,-1.695954175369648e-05,1.3268003678176243,-2.3249389821530206e-05,1.3203980288207209,-0.0013287703196207684,0.0488299137503558,0,5306.567701720276,5215.662901690806,2,3,2,8,1,32.0,71.0,cotonou/COTO,356.3532216776974,72.1,58.6,0.11389912221393239
6.368622849129267,2.396747462829682,COTO,cotonou,6.352268,2.402957,1934.7351723714257,21238.37353,9.0,100.0,109.0,570.0,10,12.528406143188477,339.3269187508111,2.854572093130547,2.5284061431884766,-0.0006819093719941347,0.6011126636645865,-0.0006307196261277839,0.662355381033979,-0.004293318589528402,0.19295424000438277,1,-1.0,-1.0,0,0,1,11,1,31.7,72.0,cotonou/COTO,256.52289722354817,86.5,73.4,0.8288447503458665
6.368669319548023,2.399497343207859,COTO,cotonou,6.352268,2.402957,1853.736757805073,21238.37353,9.0,100.0,109.0,570.0,10,12.779965877532959,348.1602074601778,2.97132736028482,2.779965877532959,-0.0005262823988049444,0.6386406211398403,-0.0005282113949457804,0.6790554439653647,-0.0028958108690049916,0.10639894765236768,1,-1.0,-1.0,0,0,0,16,1,32.0,63.0,cotonou/COTO,311.79147214124436,68.2,66.0,0.03641785219932303
6.373605680874189,2.3603743073306886,COTO,cotonou,6.352268,2.402957,5269.180173262831,21238.37353,9.0,100.0,109.0,570.0,10,13.550983667373657,296.7593273195665,1.0377758124702405,3.5509836673736572,-2.954692551583952e-05,1.342253705737323,2.006922936314503e-06,1.33576384527129,0.0024500553285344423,0.08820472113784943,1,-1.0,-1.0,0,0,1,12,1,31.0,75.0,cotonou/COTO,349.29744130181854,76.5,63.4,0.7381648454377061
6.363211182253466,2.3590875635326958,COTO,cotonou,6.352268,2.402957,5002.282815984033,21238.37353,9.0,100.0,109.0,570.0,10,11.681709170341492,284.09218174764806,1.114535947755329,1.6817091703414917,-0.000403651711871384,1.2683369567111498,-0.00038962999039147733,1.2762190281822372,0.0006264050801595052,0.026658464969201965,1,-1.0,-1.0,0,0,3,2,1,33.0,48.0,cotonou/COTO,275.55065323816524,67.2,65.7,0.8074340593969331
6.354413442505174,2.3735530834188894,COTO,cotonou,6.352268,2.402957,3261.8995906312907,21238.37353,9.0,100.0,109.0,570.0,10,14.5574369430542,274.200486808872,1.6584351659417107,4.557436943054199,0.0002613294926003127,0.4016002560202349,0.0002951263307451128,0.39906431569133516,0.0015729957156711152,0.05966367536775013,1,-1.0,-1.0,0,0,1,8,1,33.0,63.0,cotonou/COTO,377.7671008703886,74.7,61.8,0.7127772074040349
6.36982614128706,2.3619735838710847,COTO,cotonou,6.352268,2.402957,4932.607240084371,21238.37353,9.0,100.0,109.0,570.0,10,12.347612380981445,293.3219142325397,1.1225433215307998,2.3476123809814453,-0.0002746220309324939,1.4663383877874476,-0.0002120246906242447,1.4585372653127369,0.0033044556776682535,0.1583490351610091,1,-1.0,-1.0,0,0,0,11,1,32.0,71.0,cotonou/COTO,298.34231362650223,78.0,73.3,0.4492235926056025
6.354408894051924,2.3735532840859443,COTO,cotonou,6.352268,2.402957,3261.84091329044,21238.37353,9.0,100.0,109.0,570.0,10,14.5574369430542,274.19164520005666,1.6584649829137836,4.557436943054199,0.00026134104643779334,0.4013434310154629,0.00029512633074511277,0.39880239636338977,0.0015729957156711152,0.05966367536775013,1,-1.0,-1.0,0,0,1,8,1,29.6,72.0,cotonou/COTO,377.7671008703886,61.8,74.7,0.28856057296349913
6.380908291234026,2.3692652615537364,COTO,cotonou,6.352268,2.402957,4891.459982520747,21238.37353,9.0,100.0,109.0,570.0,10,12.780148983001709,310.5436865551453,1.1269192579485248,2.780148983001709,-0.0001893339224423946,1.1288964704979798,-0.00014274895793259747,1.1220848320794008,0.003968056042989095,0.15223798287092244,1,-1.0,-1.0,0,0,8,8,1,30.7,55.0,cotonou/COTO,260.0268288079785,66.5,58.1,0.5932868521478262
6.358057557527747,2.4123739992919724,COTO,cotonou,6.352268,2.402957,1222.8958917231867,21238.37353,9.0,100.0,109.0,570.0,10,15.214115619659424,58.25854611908022,4.385522434167686,5.214115619659424,0.0012136295927034912,0.453657058041091,0.0011651569558668506,0.44984736208157305,-0.0005215009053548177,0.021079122855591034,1,-1.0,-1.0,0,0,1,9,1,32.0,67.0,cotonou/COTO,390.090387602657,65.5,58.7,0.3558235775212143
6.359012959178576,2.4045440233265283,COTO,cotonou,6.352268,2.402957,766.2989092216706,21238.37353,9.0,100.0,109.0,570.0,10,14.540531635284424,13.161688695745624,7.027237012589092,4.540531635284424,0.001117791338619648,0.46032485020929026,0.001585968294721913,0.4461360458142906,0.0047100998092437785,0.07543275059996947,1,-1.0,-1.0,0,0,6,8,1,31.4,69.0,cotonou/COTO,384.8115623263995,64.7,66.4,0.8116143450416464
6.379161029403211,2.361600599965102,COTO,cotonou,6.352268,2.402957,5457.1826934850005,21238.37353,9.0,100.0,109.0,570.0,10,11.651920557022095,303.19937983669166,1.0219636938902512,1.6519205570220947,-0.00038362203814608934,1.1836050042145883,-0.0004162478895609365,1.1868324387598885,-0.005067679454848516,0.12169303865118722,0,-1.0,4997.860703251794,0,10,2,8,1,31.8,31.0,cotonou/COTO,233.1422818794881,78.2,78.1,0.8379411935775061
6.365463014769674,2.3689732232837484,COTO,cotonou,6.352268,2.402957,4033.1642218431084,21238.37353,9.0,100.0,109.0,570.0,10,11.49600875377655,291.34135066722155,1.3848876187291799,1.4960087537765503,-0.0005459216494619111,1.327955473374188,-0.0005552015689544551,1.3450311859428983,-0.0006126382026070395,0.013522702724872587,1,-1.0,-1.0,0,0,1,3,1,30.1,50.0,cotonou/COTO,211.07519039432174,58.0,62.5,0.9854474368195992
6.358259146677192,2.401199790461155,COTO,cotonou,6.352268,2.402957,690.4841259336315,21238.37353,9.0,100.0,109.0,570.0,10,14.540554523468018,343.74876746092286,7.789809090016501,4.540554523468018,0.0011577265130148994,0.33955114667405323,0.0010793096106922312,0.3356638733860493,-0.00014824479679623865,0.007787467712532912,1,-1.0,-1.0,0,0,5,1,1,31.0,75.0,cotonou/COTO,392.92902527041525,62.4,68.1,0.25165188315685383
6.368840179116599,2.3906364021899495,COTO,cotonou,6.352268,2.402957,2284.045878292732,21238.37353,9.0,100.0,109.0,570.0,10,12.243466854095459,323.5409391659725,2.4257080253769225,2.243466854095459,-0.0006335604242432169,0.651508923228962,-0.0007462177696580766,0.6841304089688933,-0.004570277988079395,0.13354489389981794,1,-1.0,-1.0,0,0,2,1,1,32.0,63.0,cotonou/COTO,281.07558431847417,70.8,86.3,0.5837465782040104
6.359405091681367,2.3954417014964418,COTO,cotonou,6.352268,2.402957,1146.4440677329815,21238.37353,9.0,100.0,109.0,570.0,10,14.35159969329834,313.69824631661334,4.719535358759081,4.35159969329834,0.0005297764817001718,0.4449286895428122,9.771173182397844e-05,0.4536598008309827,-0.005928987266849179,0.19693662653117489,1,-1.0,-1.0,0,0,4,10,1,31.0,71.0,cotonou/COTO,237.15585761266473,58.3,56.5,0.9811300616417066
6.38137570129791,2.3700301747538846,COTO,cotonou,6.352268,2.402957,4861.349638041758,21238.37353,9.0,100.0,109.0,570.0,10,12.821806192398071,311.6548514702177,1.1334066019219717,2.8218061923980713,-0.00018180949328035873,1.1337450059411214,-7.770348149363225e-05,1.1269588062172373,0.0072385889838697546,0.20712133066234786,1,-1.0,-1.0,0,0,5,8,1,30.0,70.0,cotonou/COTO,383.9027712846491,78.2,58.1,0.7490680300054415
6.361655479112966,2.377069891120353,COTO,cotonou,6.352268,2.402957,3046.477873618611,21238.37353,9.0,100.0,109.0,570.0,10,12.82746410369873,290.04718981300675,1.808137554713283,2.8274641036987305,-0.0003138585557832372,0.931296911798948,-0.0002834258935390375,0.9443529051303093,-0.0006775160630544027,0.04142416197890945,1,-1.0,-1.0,0,0,1,13,1,32.4,63.0,cotonou/COTO,353.12133962707986,63.8,65.7,0.724012782014963
6.354938413979769,2.394061516924922,COTO,cotonou,6.352268,2.402957,1027.5497326120742,21238.37353,9.0,100.0,109.0,570.0,10,15.509445667266846,286.8076505153013,5.19868398473578,5.509445667266846,0.0018836463495361905,0.6009537914874972,0.0016774724157924232,0.6079793372368291,0.0008333222191165532,0.04778077860639723,1,-1.0,-1.0,0,0,2,10,1,32.6,66.0,cotonou/COTO,279.6517178563703,57.1,62.9,0.6965515783051519
6.377370178339032,2.3643353501709963,COTO,cotonou,6.352268,2.402957,5095.57104113199,21238.37353,9.0,100.0,109.0,570.0,10,12.7845778465271,303.1861028512024,1.0817399160056516,2.7845778465270996,-0.00018560959971558326,1.200918109733685,-0.00018500177435172623,1.1945374523236876,-0.0013951857884724934,0.05143277422087443,1,-1.0,-1.0,0,0,0,2,1,30.7,55.0,cotonou/COTO,333.1849486396399,64.2,76.1,0.09821660966795787
6.359459817498079,2.4041840298849886,COTO,cotonou,6.352268,2.402957,806.8313154457013,21238.37353,9.0,100.0,109.0,570.0,10,14.658854961395264,9.62380937541343,6.669194939458163,4.658854961395264,0.001185396658425522,0.4114444101310778,0.0011875884286288556,0.40455371370598536,0.0016146077050103083,0.06101104312210701,1,-1.0,-1.0,0,0,4,8,1,31.4,69.0,cotonou/COTO,329.0564998598276,68.1,66.4,0.9576822176335337
6.353005783060248,2.392130611838832,COTO,cotonou,6.352268,2.402957,1200.6124217684367,21238.37353,9.0,100.0,109.0,570.0,10,14.86295747756958,273.92310291364845,4.483247714543079,4.86295747756958,0.0009398097914408861,0.37420981237113266,0.0010204444566282668,0.37715084724168885,0.0014421552431036252,0.042372000698811495,1,-1.0,-1.0,0,0,7,9,1,31.0,71.0,cotonou/COTO,355.40979741691933,54.4,62.9,0.05840430502966443
6.364260224856986,2.369620085751696,COTO,cotonou,6.352268,2.402957,3919.5516049111484,21238.37353,9.0,100.0,109.0,570.0,10,11.576481699943542,289.89979831024755,1.423838204751996,1.5764816999435425,-0.0005456012242726799,1.2113979652000424,-0.0005389592701331117,1.2338638579471473,-0.00043136080106099444,0.021076762209821465,1,-1.0,-1.0,0,0,2,4,1,30.0,55.0,cotonou/COTO,248.21595536951256,62.5,59.4,0.6079272075448977
6.365203883219389,2.3700977317200183,COTO,cotonou,6.352268,2.402957,3906.853641018492,21238.37353,9.0,100.0,109.0,570.0,10,11.525862455368042,291.61094339484816,1.429205908508922,1.525862455368042,-0.0005549946510761443,1.3057167353744334,-0.0005563365088568792,1.3153074156085292,-0.00027205281787448456,0.011646248540933343,1,-1.0,-1.0,0,0,0,7,1,30.0,55.0,cotonou/COTO,263.8369831922563,62.5,66.8,0.47520853680442476
6.382672500372717,2.3653305958001285,COTO,cotonou,6.352268,2.402957,5351.181683336704,21238.37353,9.0,100.0,109.0,570.0,10,13.98300290107727,309.115911349357,1.0172521139066355,3.9830029010772705,5.139878342271515e-05,1.0979714300291075,4.2713249630956466e-05,1.0964645357291523,-0.0007888642671038202,0.03115968392999809,0,-1.0,5201.048329495594,0,5,3,4,1,34.0,32.0,cotonou/COTO,379.59078834977134,55.8,68.0,0.1230160702205153
6.371353983397402,2.402574943549683,COTO,cotonou,6.352268,2.402957,2111.10224150183,21238.37353,9.0,100.0,109.0,570.0,10,12.55892014503479,358.860307681743,2.6156136219764776,2.55892014503479,-0.000539000605193662,0.6564207940256155,-0.0006284024617443346,0.7183801127715674,-0.0029407223065694176,0.1377361857503726,1,-1.0,-1.0,0,0,0,3,1,32.0,75.0,cotonou/COTO,383.81129230388444,86.5,86.2,0.5569815705227478
6.3602497481932545,2.409848654977517,COTO,cotonou,6.352268,2.402957,1166.4151851248241,21238.37353,9.0,100.0,109.0,570.0,10,14.722177028656006,40.63314034175926,4.620999598157112,4.722177028656006,0.000874218028652414,0.4378592229047314,0.0009249776133710494,0.4277597441874019,0.0019157168163653332,0.041858305853052974,1,-1.0,-1.0,0,0,2,1,1,32.0,67.0,cotonou/COTO,267.46393794301054,62.5,68.1,0.5042014453964484
6.364719652993662,2.3718895008859637,COTO,cotonou,6.352268,2.402957,3702.8448051741602,21238.37353,9.0,100.0,109.0,570.0,10,11.664621710777283,291.96467469900796,1.5057672341282893,1.6646217107772827,-0.000549024119172045,1.2524340143498216,-0.0005519952408220403,1.272984017645584,-0.000696513056755066,0.031415478178355945,1,-1.0,-1.0,0,0,3,3,1,33.0,49.0,cotonou/COTO,320.12677113920535,66.8,60.5,0.21149667370946001
6.357815495787329,2.3973381985188547,COTO,cotonou,6.352268,2.402957,873.4020019746823,21238.37353,9.0,100.0,109.0,570.0,10,14.976358413696289,314.8110102980509,6.144353643404419,4.976358413696289,0.0014104077551099989,0.4724293038182651,0.0011900272018943309,0.46864751694540163,-0.0023713659093030155,0.06491685910971684,1,-1.0,-1.0,0,0,2,9,1,31.0,71.0,cotonou/COTO,230.8079454871386,58.3,62.0,0.1852227752647948
6.363088991066274,2.38350167005593,COTO,cotonou,6.352268,2.402957,2462.801272139496,21238.37353,9.0,100.0,109.0,570.0,10,12.957213163375854,299.2341342091286,2.2332533995455757,2.9572131633758545,-0.0003011157713740706,0.8909096105311811,-0.0004579752012413591,0.9023013971593644,-0.0067576190909755,0.1780867787054595,1,-1.0,-1.0,0,0,3,9,1,31.7,62.0,cotonou/COTO,160.52457568861385,54.4,62.4,0.44587184267554836
6.353532293914992,2.39301348065014,COTO,cotonou,6.352268,2.402957,1109.0041120223946,21238.37353,9.0,100.0,109.0,570.0,10,15.077747344970703,277.2909772800864,4.840863794821836,5.077747344970703,0.0012368468976710419,0.4315021631139972,0.001329004756469925,0.43951593142992346,0.002541037295433079,0.05766896726995484,1,-1.0,-1.0,0,0,5,9,1,31.0,71.0,cotonou/COTO,355.40979741691933,54.4,62.9,0.379447509141725
6.3838130604369026,2.3821765123009935,COTO,cotonou,6.352268,2.402957,4177.976981505266,21238.37353,9.0,100.0,109.0,570.0,10,14.598869323730469,326.78873918299155,1.294374340348048,4.598869323730469,0.00019719980963759523,0.9986336105603798,0.0002103623421928483,1.0007363205671758,-0.00021981164006031919,0.011933463765715914,1,-1.0,-1.0,0,0,6,7,1,33.0,41.0,cotonou/COTO,150.4694972410793,75.6,71.8,0.11387912619556739
6.355797475439259,2.3779962655829334,COTO,cotonou,6.352268,2.402957,2789.106714930994,21238.37353,9.0,100.0,109.0,570.0,10,13.912274599075317,278.09879900991655,1.9526022447356255,3.9122745990753174,7.357819533262627e-05,0.5192945291939706,4.823057275069386e-05,0.5250547561263628,-0.0007536225848727756,0.03451208349098812,1,-1.0,-1.0,0,0,5,10,1,33.0,63.0,cotonou/COTO,247.88812658137354,62.4,59.2,0.13865268692152766
6.383251567724219,2.3676674965063893,COTO,cotonou,6.352268,2.402957,5194.622247558038,21238.37353,9.0,100.0,109.0,570.0,10,14.257151126861572,311.46039311158796,1.0448812886206584,4.257151126861572,0.00010539457715790842,1.1128461138854406,9.463284949700712e-05,1.112995518381553,-9.137940227283549e-05,0.021483091563108042,0,-1.0,5080.111536690025,0,2,3,3,1,34.0,32.0,cotonou/COTO,327.77907193718073,61.3,68.0,0.6306738781572107
6.382334366763036,2.3644723736112567,COTO,cotonou,6.352268,2.402957,5402.282203565783,21238.37353,9.0,100.0,109.0,570.0,10,13.633146524429321,308.17322457775026,1.011341228388534,3.6331465244293213,-1.3599430878078917e-05,1.0925398134746271,-2.8162168495820963e-05,1.089860806026725,-0.0021012889014350045,0.07755157837875307,1,-1.0,-1.0,0,0,4,1,1,34.0,32.0,cotonou/COTO,196.14362722252218,55.8,70.4,0.29342565823315403
6.356754765854646,2.405834419511631,COTO,cotonou,6.352268,2.402957,589.5322615130273,21238.37353,9.0,100.0,109.0,570.0,10,14.75184965133667,32.512154815167264,9.082978961512154,4.75184965133667,0.0016045480092299613,0.6130138639360238,0.0014470956542275168,0.5862424933121215,-0.00401676098505656,0.18219067740940667,1,-1.0,-1.0,0,0,3,14,1,31.4,69.0,cotonou/COTO,384.8115623263995,64.7,66.4,0.06138400486600226
6.356653628599981,2.404675732341471,COTO,cotonou,6.352268,2.402957,520.9448563700212,21238.37353,9.0,100.0,109.0,570.0,10,15.031984806060791,21.28048337893665,10.225059515597751,5.031984806060791,0.0024536914295620387,0.6301712618625237,0.0016400984923044843,0.5957244737096838,-0.003505098819732666,0.1723035816571653,1,-1.0,-1.0,0,0,1,4,1,31.4,69.0,cotonou/COTO,285.8934238489022,64.7,68.1,0.49193294106175656
6.359104774155561,2.404077766912756,COTO,cotonou,6.352268,2.402957,766.165597182428,21238.37353,9.0,100.0,109.0,570.0,10,14.54060173034668,9.25352288664567,7.028442352933241,4.54060173034668,0.0010687311490376792,0.4157192986918299,0.0011331708658309212,0.4059567714686866,0.0012855251630147298,0.062013588151253435,1,-1.0,-1.0,0,0,3,5,1,31.4,69.0,cotonou/COTO,329.0564998598276,68.1,66.4,0.8326669561836161
6.381468530328458,2.3644127432337503,COTO,cotonou,6.352268,2.402957,5349.143442594692,21238.37353,9.0,100.0,109.0,570.0,10,13.453234672546387,307.31990535059566,1.0233123037285032,3.4532346725463867,-4.7254517979683964e-05,1.1036617610591226,-7.559074034132416e-05,1.100673051183033,-0.0012652978386177467,0.05391490899764579,1,-1.0,-1.0,0,0,6,7,1,34.0,32.0,cotonou/COTO,367.6178566119935,55.8,78.2,0.33967471032919905
6.3732058832145455,2.4024491703251942,COTO,cotonou,6.352268,2.402957,2316.15840300724,21238.37353,9.0,100.0,109.0,570.0,10,12.120327234268188,358.6191975297992,2.3951568280407143,2.1203272342681885,-0.0006780616238585904,0.8463530284654136,-0.0006894721736810339,0.8686979849740268,-0.0008578260035593255,0.0280585119588483,1,-1.0,-1.0,0,0,1,2,1,32.0,75.0,cotonou/COTO,331.4609434005665,75.5,86.5,0.9684153766236628
6.360276771901,2.409804119907152,COTO,cotonou,6.352268,2.402957,1165.4695395062256,21238.37353,9.0,100.0,109.0,570.0,10,14.6722993850708,40.35407387937738,4.627168845835031,4.672299385070801,0.0008250495307465905,0.4369446387521678,0.0008445204567447952,0.4266178266661395,0.0008161356758065254,0.027963834249758804,1,-1.0,-1.0,0,0,2,1,1,32.0,67.0,cotonou/COTO,267.46393794301054,68.1,62.5,0.5174175207998676
6.379555241990058,2.3633248548059647,COTO,cotonou,6.352268,2.402957,5322.845631285064,21238.37353,9.0,100.0,109.0,570.0,10,12.487627029418945,304.71581430423464,1.0387574914777462,2.4876270294189453,-0.00022834539413452148,1.1454711872031924,-0.0002868788330643266,1.1437634732997495,-0.004249487320582072,0.19641324110198985,0,5034.8359478287575,4789.494365625237,3,9,1,14,1,30.7,55.0,cotonou/COTO,284.78369054431397,64.2,78.2,0.9887463591173852
6.381030869927179,2.3677530822390507,COTO,cotonou,6.352268,2.402957,5028.687074621327,21238.37353,9.0,100.0,109.0,570.0,10,13.27543592453003,309.4257892103674,1.090533396843071,3.2754359245300293,-5.402048919870443e-05,1.1147229355226302,9.353302329928217e-05,1.1091311052203392,0.009784140710347871,0.20002510598428974,1,-1.0,-1.0,0,0,2,12,1,34.0,32.0,cotonou/COTO,290.4766293524832,61.3,66.5,0.20059792212739036
6.373937661219011,2.3573213081160924,COTO,cotonou,6.352268,2.402957,5588.889427768455,21238.37353,9.0,100.0,109.0,570.0,10,13.831717252731323,295.5402331255667,0.9755451574284228,3.8317172527313232,2.223276624492565e-05,1.3540129803039065,-9.779719723910848e-06,1.3506906358406918,-0.0024793858608160857,0.07942888204368617,1,-1.0,-1.0,0,0,1,3,1,32.0,71.0,cotonou/COTO,286.930169205042,65.2,72.1,0.601441424807431
6.357076785815661,2.4099861950900365,COTO,cotonou,6.352268,2.402957,942.1453968643865,21238.37353,9.0,100.0,109.0,570.0,10,14.829782962799072,55.45820652728719,5.707924368024546,4.829782962799072,0.0011695745090643565,0.4045952409998944,0.001197668851590624,0.39783078325940147,0.0009714206059773763,0.05172108981219962,1,-1.0,-1.0,0,0,0,1,1,32.0,67.0,cotonou/COTO,366.4815913522073,68.1,54.0,0.8183378795958275
6.36396259215388,2.370455345369584,COTO,cotonou,6.352268,2.402957,3821.4538707200613,21238.37353,9.0,100.0,109.0,570.0,10,11.65257203578949,289.90419063893614,1.459232782615378,1.6525720357894897,-0.000551707124698916,1.1752877393524324,-0.0005381241517189221,1.1995078326127884,-0.0009988884131113688,0.04610631509816467,1,-1.0,-1.0,0,0,1,7,1,33.0,49.0,cotonou/COTO,213.77228304903036,66.8,59.4,0.6625229693146871
6.380486699275444,2.3713521622173444,COTO,cotonou,6.352268,2.402957,4686.707327325122,21238.37353,9.0,100.0,109.0,570.0,10,12.25335431098938,311.9382882764806,1.1825759395637296,2.25335431098938,-0.00021062069990623655,1.1510163815109715,-0.0002696441743130136,1.1483065974374511,0.0030005850040238937,0.10300852791489704,1,-1.0,-1.0,0,0,1,3,1,30.7,45.0,cotonou/COTO,383.9027712846491,58.1,78.2,0.7115547795624444
6.364767607630206,2.369360020209643,COTO,cotonou,6.352268,2.402957,3965.845272306227,21238.37353,9.0,100.0,109.0,570.0,10,11.539229393005371,290.5251684421587,1.4077622071390976,1.539229393005371,-0.0005527643181202396,1.2654202610060323,-0.0005406668867125381,1.2752865753313292,-0.000300318845473136,0.009803054068616536,1,-1.0,-1.0,0,0,1,0,1,30.0,55.0,cotonou/COTO,248.21595536951256,62.5,59.4,0.352960989846161
6.385259006337298,2.369493221023227,COTO,cotonou,6.352268,2.402957,5197.89864654468,21238.37353,9.0,100.0,109.0,570.0,10,13.084409236907959,314.7715838295942,1.0571454518896195,3.084409236907959,-0.0001192686201512129,1.0946537081007437,-0.00013420818246332014,1.091572466655725,-0.0009614813641119644,0.043298478795266646,0,-1.0,4843.7332077019555,0,4,3,11,1,33.0,28.0,cotonou/COTO,282.2544702923159,68.0,57.6,0.7491986591112633
6.355271375961195,2.3909709560503107,COTO,cotonou,6.352268,2.402957,1367.0988852854898,21238.37353,9.0,100.0,109.0,570.0,10,15.720608711242676,284.15124650752193,3.90333478276177,5.720608711242676,0.0014027404854351166,0.6527375924235965,0.001351068913936615,0.6557448935466914,-0.0015367984771728514,0.07872138395126763,1,-1.0,-1.0,0,0,3,10,1,32.6,66.0,cotonou/COTO,249.61182844569544,57.1,68.3,0.7448320517401437
6.383898557591244,2.382340502886021,COTO,cotonou,6.352268,2.402957,4175.936975512742,21238.37353,9.0,100.0,109.0,570.0,10,14.598869323730469,327.0672329391199,1.2950064457772967,4.598869323730469,0.00021235187848409013,0.9955467090031612,0.00020623285186865137,0.9983457357972236,-0.0003042463316734391,0.030383099507668546,1,-1.0,-1.0,0,0,7,7,1,33.0,41.0,cotonou/COTO,266.4578062283396,75.6,64.8,0.01464491858638417
6.361503847429504,2.4060684690973444,COTO,cotonou,6.352268,2.402957,1077.8273232774352,21238.37353,9.0,100.0,109.0,570.0,10,14.956156730651855,18.511358626778986,4.986609043817142,4.9561567306518555,0.0011573185014659105,0.443427826752415,0.0011044864068951521,0.43830558815283405,0.00019905302259657121,0.00751374485319505,1,-1.0,-1.0,0,0,4,11,1,31.6,70.0,cotonou/COTO,240.45018714908818,64.4,70.5,0.800227717157459
6.38046870297805,2.363288671128527,COTO,cotonou,6.352268,2.402957,5384.018022845464,21238.37353,9.0,100.0,109.0,570.0,10,12.737930536270142,305.57923191308157,1.0242949966209396,2.7379305362701416,-0.00015971955318632298,1.1251909480706148,-0.00022534992231990826,1.1211622297253538,-0.0027642289797465006,0.12495371886759504,0,-1.0,5006.381488176944,0,10,0,1,1,31.8,31.0,cotonou/COTO,277.57990849483264,78.2,70.4,0.35548119121991284
6.365415192678146,2.4148842433247317,COTO,cotonou,6.352268,2.402957,1963.4872410990392,21238.37353,9.0,100.0,109.0,570.0,10,14.735901355743408,42.038013133929326,2.748574698381992,4.735901355743408,0.00044613497803614615,0.40515167603376484,0.0004955531335344501,0.39981638889963395,-0.0017088095347086588,0.08237266505946243,1,-1.0,-1.0,0,0,4,10,1,33.0,63.0,cotonou/COTO,337.6225164292086,61.6,57.9,0.9782961740771949
6.362664364451114,2.3609987604475284,COTO,cotonou,6.352268,2.402957,4782.489102229101,21238.37353,9.0,100.0,109.0,570.0,10,11.65629756450653,284.0014604299662,1.1660482982912657,1.6562975645065308,-0.0004272185566340582,1.2284506038046183,-0.0004241248952999038,1.2406316445760093,-8.773108323415121e-05,0.00516166807875088,1,-1.0,-1.0,0,0,0,6,1,29.0,75.0,cotonou/COTO,234.36776676836976,61.2,67.2,0.6958681584279479
6.3619704956575065,2.4046336999187132,COTO,cotonou,6.352268,2.402957,1088.896969747864,21238.37353,9.0,100.0,109.0,570.0,10,15.228944301605225,9.745297335855184,4.921919666724155,5.228944301605225,0.0015979058468270425,0.43595013539844735,0.0013592082398105078,0.4432358804457605,0.0006441861127747294,0.047091591117008294,1,-1.0,-1.0,0,0,3,7,1,31.6,70.0,cotonou/COTO,240.45018714908818,70.5,64.4,0.896262175382002
6.359614537495646,2.4042636060000886,COTO,cotonou,6.352268,2.402957,825.1993232206546,21238.37353,9.0,100.0,109.0,570.0,10,14.658854961395264,10.023993795217109,6.522039555640729,4.658854961395264,0.0011331708658309208,0.4072507810306209,0.0011967640452914764,0.40394796525495485,0.001576670010884603,0.07446688213384067,1,-1.0,-1.0,0,0,4,9,1,31.6,70.0,cotonou/COTO,320.01321175851473,70.5,66.4,0.9807053096953097
6.372121918963281,2.357160058999352,COTO,cotonou,6.352268,2.402957,5522.153173128481,21238.37353,9.0,100.0,109.0,570.0,10,13.459506034851074,293.5697089489944,0.9911932554690445,3.459506034851074,-4.459196382814699e-05,1.3847023268115908,-3.5729844083068174e-05,1.381227341972436,0.00029540856679280604,0.020166156780800283,0,-1.0,5400.42234165671,0,3,1,8,1,32.0,71.0,cotonou/COTO,399.3609701761259,65.2,51.6,0.1484953797518599
6.361763533739247,2.360180553761839,COTO,cotonou,6.352268,2.402957,4847.862950505666,21238.37353,9.0,100.0,109.0,570.0,10,11.797435998916626,282.5929423558894,1.1486608794082738,1.797435998916626,-0.0003948756617325528,1.1612183628873491,-0.00039194655127641634,1.173402554287338,-0.00027180016040802,0.014088351836219733,1,-1.0,-1.0,0,0,0,2,1,29.0,75.0,cotonou/COTO,326.8907597349128,61.2,65.7,0.2795624945692381
6.373059609859868,2.355206002924043,COTO,cotonou,6.352268,2.402957,5761.7566279470275,21238.37353,9.0,100.0,109.0,570.0,10,13.253000259399414,293.6616364767468,0.9520350220060994,3.253000259399414,-7.887198203587624e-05,1.3604983695659638,-8.159733048287898e-05,1.3535065023987463,-0.000719383388275329,0.024504060644445436,0,-1.0,5346.078795069086,0,8,0,9,1,32.0,71.0,cotonou/COTO,356.3532216776974,72.1,58.6,0.8401733956143759
6.379948374771967,2.3692201372756054,COTO,cotonou,6.352268,2.402957,4827.263733702797,21238.37353,9.0,100.0,109.0,570.0,10,12.520179986953735,309.54390537520413,1.1449862538537208,2.5201799869537354,-0.00023943324198174052,1.1353475326078777,-0.00019273589968700098,1.1295118846722276,0.004681111574295232,0.11662968212106825,1,-1.0,-1.0,0,0,4,0,1,30.7,55.0,cotonou/COTO,260.0268288079785,66.5,58.1,0.18306614186620407
6.373968263395,2.3573155250277167,COTO,cotonou,6.352268,2.402957,5590.919104653292,21238.37353,9.0,100.0,109.0,570.0,10,13.831717252731323,295.5688737440761,0.9751910727113231,3.8317172527313232,2.223276624492565e-05,1.3532808160272427,-8.322984410527707e-06,1.3499597109913937,-0.0022216809462978497,0.07534267322159587,1,-1.0,-1.0,0,0,1,4,1,32.0,71.0,cotonou/COTO,286.930169205042,65.2,72.1,0.6134895255902837
6.3818559721526436,2.369292814517946,COTO,cotonou,6.352268,2.402957,4957.670351063636,21238.37353,9.0,100.0,109.0,570.0,10,13.337520360946655,311.490457615473,1.1054337725395382,3.3375203609466553,8.538455918817465e-05,1.1185407218350956,-2.4946604894866348e-05,1.1159220404101373,0.00498737345819538,0.17061096973261375,1,-1.0,-1.0,0,0,8,8,1,34.0,32.0,cotonou/COTO,218.89526468152152,61.3,58.1,0.9910492280969792
6.354871428427468,2.3941750783690576,COTO,cotonou,6.352268,2.402957,1013.3924084209407,21238.37353,9.0,100.0,109.0,570.0,10,15.45411491394043,286.6095520202765,5.2740064232634705,5.45411491394043,0.0017159602273666586,0.5893804188924453,0.0016966487460465553,0.6015406715552624,0.0010634381821661369,0.034041216919920694,1,-1.0,-1.0,0,0,2,9,1,31.0,71.0,cotonou/COTO,279.6517178563703,62.9,57.1,0.2511159589596308
6.358129336652669,2.4124460678488497,COTO,cotonou,6.352268,2.402957,1233.847972287929,21238.37353,9.0,100.0,109.0,570.0,10,15.205400466918945,58.137988267268895,4.347147186354758,5.205400466918945,0.0011892135181124249,0.44946488429466364,0.0011118483412945483,0.4469374616542685,-0.001285591047557816,0.03560210092325992,1,-1.0,-1.0,0,0,1,10,1,32.0,71.0,cotonou/COTO,390.090387602657,58.7,65.5,0.6731196180119886
6.354688382531907,2.405421881923423,COTO,cotonou,6.352268,2.402957,382.1232384441505,21238.37353,9.0,100.0,109.0,570.0,10,15.163139820098877,45.34527624013077,13.796944188731695,5.163139820098877,0.0037433891020302546,0.5577014180352352,0.0031272514220766216,0.5826797008819371,-0.000428050314374105,0.03196665013579841,1,-1.0,-1.0,0,0,7,8,1,31.4,69.0,cotonou/COTO,245.31000000003797,65.4,71.6,0.26072643305056364
6.367592658513927,2.390271424269773,COTO,cotonou,6.352268,2.402957,2200.4423368189878,21238.37353,9.0,100.0,109.0,570.0,10,12.681814193725586,320.5567775289629,2.5063619800452974,2.681814193725586,-0.00046179154971698387,0.6312806179059034,-0.0005709787989165546,0.6545827035491704,-0.004590728509358632,0.15003204856193628,1,-1.0,-1.0,0,0,5,10,1,32.0,63.0,cotonou/COTO,212.6801711490812,70.8,62.3,0.39708372592845576
6.368880201492448,2.3998184681263828,COTO,cotonou,6.352268,2.402957,1869.6378849115827,21238.37353,9.0,100.0,109.0,570.0,10,12.755640029907227,349.36577731813713,2.946844663698932,2.7556400299072266,-0.0005954549441936403,0.6504439346704116,-0.0005144420143859975,0.6695377685643062,-0.003163921307240365,0.10928876658093643,1,-1.0,-1.0,0,0,1,14,1,32.0,63.0,cotonou/COTO,382.96286934899615,68.2,86.2,0.11233784340947628
6.382266441867198,2.3641459567507015,COTO,cotonou,6.352268,2.402957,5426.195532570188,21238.37353,9.0,100.0,109.0,570.0,10,13.538169622421265,307.87554365338957,1.0078877125834547,3.5381696224212646,-3.109057305267491e-05,1.0955738827458772,-0.0001250784246576631,1.0896135715237074,-0.005753985996606062,0.11292140722658951,1,-1.0,-1.0,0,0,3,3,1,31.8,31.0,cotonou/COTO,196.14362722252218,70.4,55.8,0.5178940755499183
6.353275568516264,2.392582995987639,COTO,cotonou,6.352268,2.402957,1153.180393327317,21238.37353,9.0,100.0,109.0,570.0,10,15.010700225830078,275.5820492102233,4.659559751897651,5.010700225830078,0.0012135327467303432,0.40066365566723217,0.0010704213041600173,0.4051078198673341,0.0007918874422709147,0.045710301587002025,1,-1.0,-1.0,0,0,6,7,1,31.0,71.0,cotonou/COTO,355.40979741691933,54.4,62.9,0.22290763186862905
6.381721094907307,2.3687173382711757,COTO,cotonou,6.352268,2.402957,4995.942183478518,21238.37353,9.0,100.0,109.0,570.0,10,13.366671323776245,310.87948508783495,1.0966333877714936,3.366671323776245,-6.792816573274352e-05,1.1129672302569356,-1.6691698830508638e-05,1.1081731732071392,0.0041897614796956376,0.18859156026167093,1,-1.0,-1.0,0,0,6,11,1,30.7,45.0,cotonou/COTO,218.89526468152152,58.1,61.3,0.3086779837626874
6.353381561018533,2.394963143371866,COTO,cotonou,6.352268,2.402957,892.975955989135,21238.37353,9.0,100.0,109.0,570.0,10,14.903838634490967,277.979200286678,6.015268858363415,4.903838634490967,0.0013298302226596409,0.42949827793251677,0.0012964389683291309,0.4304476752203463,0.0005303801022476538,0.00845414296618227,1,-1.0,-1.0,0,0,0,5,1,31.0,71.0,cotonou/COTO,392.28725444494233,62.9,70.0,0.33769912759168774
6.3632932965077265,2.383782890487107,COTO,cotonou,6.352268,2.402957,2446.8333964803523,21238.37353,9.0,100.0,109.0,570.0,10,12.910440921783447,300.053357088795,2.2489061118561353,2.9104409217834473,-0.0003451606742134103,0.8996202306561865,-0.00039713240805126375,0.9216155970264696,-0.002689578135808309,0.13643142299548716,1,-1.0,-1.0,0,0,3,11,1,31.9,70.0,cotonou/COTO,160.52457568861385,62.4,54.4,0.31376881443869176
6.347960518356703,2.386766698300251,COTO,cotonou,6.352268,2.402957,1853.5673088574724,21238.37353,9.0,100.0,109.0,570.0,10,13.38232684135437,255.01445143071692,2.9530286017768677,3.38232684135437,-0.00015800445006215736,0.4082162445095799,-0.00026310123503208154,0.4164920034431247,-0.0008966498904758028,0.07421923359118969,1,-1.0,-1.0,0,0,4,10,1,31.0,75.0,cotonou/COTO,288.9775799261479,72.8,69.3,0.5006820482936507
6.360042723859963,2.4101898310787804,COTO,cotonou,6.352268,2.402957,1174.5727153935416,21238.37353,9.0,100.0,109.0,570.0,10,14.77880573272705,42.755518307479576,4.586299144379608,4.778805732727051,0.0008931785821914671,0.41849556134521404,0.0009244795105531354,0.4141093639322251,0.0014044368905708588,0.04024257959637408,1,-1.0,-1.0,0,0,1,2,1,32.0,67.0,cotonou/COTO,267.46393794301054,62.5,68.1,0.6698209120293424
6.347854665530987,2.386419891015995,COTO,cotonou,6.352268,2.402957,1893.6587713887677,21238.37353,9.0,100.0,109.0,570.0,10,13.201837062835693,254.97029421589002,2.8960630451613625,3.2018370628356934,-0.00026310123503208154,0.4164920034431247,-0.0004568942927439799,0.43471095511140156,-0.0062919919789760125,0.20004154993302506,1,-1.0,-1.0,0,0,2,8,1,31.0,75.0,cotonou/COTO,288.9775799261479,72.8,69.3,0.3614020144557991
6.361879683454978,2.3608861268117196,COTO,cotonou,6.352268,2.402957,4774.524633216488,21238.37353,9.0,100.0,109.0,570.0,10,11.815474152565002,282.94843032051887,1.1660834895641536,1.8154741525650024,-0.00039406610031922655,1.1715616087669691,-0.00040519787887757753,1.1787058653700233,-0.0007399704629320012,0.03451586535415644,1,-1.0,-1.0,0,0,0,5,1,29.0,75.0,cotonou/COTO,234.36776676836976,61.2,67.2,0.32042270573126985
6.357452049880501,2.376424346849453,COTO,cotonou,6.352268,2.402957,2991.029094366338,21238.37353,9.0,100.0,109.0,570.0,10,13.719290494918823,281.1235102654915,1.8245683560941826,3.7192904949188232,4.099686940511074e-06,0.6303303549207435,-1.988767702065507e-05,0.6396623915170166,-0.0008128372500526416,0.06403628627467434,1,-1.0,-1.0,0,0,1,13,1,31.5,70.0,cotonou/COTO,281.94874002195616,59.2,63.8,0.217342472637868
6.363663385368965,2.370185431556618,COTO,cotonou,6.352268,2.402957,3838.579305989217,21238.37353,9.0,100.0,109.0,570.0,10,11.655951976776123,289.2854091234179,1.4526749408558097,1.655951976776123,-0.0005350427843018049,1.1341406599074222,-0.0005325215902083959,1.160448201796171,-0.0006766623920864529,0.024975758152643045,1,-1.0,-1.0,0,0,2,6,1,30.0,55.0,cotonou/COTO,213.77228304903036,59.4,66.8,0.12824151675843543
6.347631117502121,2.385687477079318,COTO,cotonou,6.352268,2.402957,1978.3304148930563,21238.37353,9.0,100.0,109.0,570.0,10,12.883947134017944,254.88292413068734,2.7814955629053713,2.8839471340179443,-0.000414539395114115,0.45298184007396264,-0.0010175166176814659,0.5734593207359987,-0.013623942269219293,0.6197821074331211,1,-1.0,-1.0,0,0,0,1,1,31.0,75.0,cotonou/COTO,288.9775799261479,72.8,69.3,0.0672598712121052
6.359119388873531,2.3657161054468783,COTO,cotonou,6.352268,2.402957,4189.411787646759,21238.37353,9.0,100.0,109.0,570.0,10,13.009223937988281,280.48951745989035,1.3125718978929304,3.0092239379882812,-0.00017980542614118094,0.7832331798596636,-0.0001675977393495085,0.7900250986698675,-0.0005279759565989177,0.04023290216997252,1,-1.0,-1.0,0,0,0,0,1,33.0,39.0,cotonou/COTO,398.169857472909,55.2,61.3,0.38466147916363824
6.365021513982348,2.367280803599,COTO,cotonou,6.352268,2.402957,4191.594233157439,21238.37353,9.0,100.0,109.0,570.0,10,11.478058218955994,289.78524915388437,1.3328073957145186,1.4780582189559937,-0.0005306983845574515,1.2974915121116173,-0.0005187432287153658,1.3146435868898867,0.00021207845348709088,0.0027954735129886456,1,-1.0,-1.0,0,0,3,5,1,30.1,50.0,cotonou/COTO,211.07519039432174,58.0,62.5,0.06565412989112251
6.364302337697128,2.3684624597259685,COTO,cotonou,6.352268,2.402957,4041.8396406858265,21238.37353,9.0,100.0,109.0,570.0,10,11.528904438018799,289.3448130972579,1.3814501977728513,1.5289044380187988,-0.0005402275519287423,1.2236899166030082,-0.0005341997111800814,1.2454434964793244,-0.0004282858636644152,0.01586316533628451,1,-1.0,-1.0,0,0,2,3,1,30.0,55.0,cotonou/COTO,358.990200005476,59.4,58.0,0.5445945014096402
6.372530941384173,2.356454801261526,COTO,cotonou,6.352268,2.402957,5611.741557902329,21238.37353,9.0,100.0,109.0,570.0,10,13.493072748184204,293.6772391768193,0.9750298627559326,3.493072748184204,-3.820530726810643e-05,1.3779469670251758,-5.799287853473025e-05,1.3708572897454276,-0.0020539507676844804,0.06014371710724125,0,5431.8059568473445,5341.838156319852,1,3,1,10,1,31.0,63.0,cotonou/COTO,309.1504439589486,58.6,65.2,0.5829607442331224
6.354755936804689,2.3943708727608013,COTO,cotonou,6.352268,2.402957,989.0126046624389,21238.37353,9.0,100.0,109.0,570.0,10,15.443662643432617,286.2546831179119,5.403854002097386,5.443662643432617,0.0017591582435946588,0.5781113039563843,0.001748675103931391,0.5910357825401189,0.002278454389243236,0.06200204271621068,1,-1.0,-1.0,0,0,1,11,1,32.6,66.0,cotonou/COTO,279.6517178563703,57.1,62.9,0.8391118713369318
6.370748935479455,2.3531062214966103,COTO,cotonou,6.352268,2.402957,5881.908450836942,21238.37353,9.0,100.0,109.0,570.0,10,13.004564762115479,290.45938070209337,0.93501030865293,3.0045647621154785,-0.00011943398493825511,1.3576385755415363,-0.00010966866883075809,1.3509522910997878,0.0010827583897695201,0.03051866953777569,0,5551.861483655711,5151.090166364215,1,3,3,0,1,29.5,69.0,cotonou/COTO,399.9159167874965,51.6,61.5,0.41632161112699706
6.35365697859852,2.4069723407698054,COTO,cotonou,6.352268,2.402957,470.0641515770501,21238.37353,9.0,100.0,109.0,570.0,10,14.592692852020264,70.80905192301168,11.356158172987048,4.592692852020264,0.0019079704683101944,0.3445708582109896,0.0017542784173760037,0.3424558658115435,0.0013441630757688814,0.029887701745404966,1,-1.0,-1.0,0,0,0,9,1,31.4,69.0,cotonou/COTO,286.83997943094687,71.6,75.4,0.1568176659450734
6.387687046951664,2.374989572325557,COTO,cotonou,6.352268,2.402957,4991.6425252939935,21238.37353,9.0,100.0,109.0,570.0,10,13.331702947616577,321.87883581026824,1.097978997097,3.331702947616577,-4.025736672026515e-05,0.9656273505745783,-0.00010130005356231689,0.9628576199158526,-7.367247496039512e-05,0.08102757375098961,0,4921.619483857003,4671.537193010611,2,1,6,3,1,31.0,59.0,cotonou/COTO,339.277088085809,66.1,64.0,0.18947082998132125
6.375140202124777,2.362300298129588,COTO,cotonou,6.352268,2.402957,5160.566335090648,21238.37353,9.0,100.0,109.0,570.0,10,12.750674962997437,299.5145822694819,1.0684952854195928,2.7506749629974365,-0.00018471935477171203,1.2814530221545697,-0.00016605068440638283,1.274448526560484,0.0018386787838406034,0.06917739159511954,1,-1.0,-1.0,0,0,2,6,1,31.0,75.0,cotonou/COTO,386.1779175456935,76.1,76.5,0.644517432296096
6.381316508028945,2.3627460952991037,COTO,cotonou,6.352268,2.402957,5487.414459967639,21238.37353,9.0,100.0,109.0,570.0,10,12.736271619796753,306.0151409425717,1.0050160622748863,2.736271619796753,-0.00017424826830785963,1.110819529452558,-0.00023939333815840884,1.1067943662080109,-0.003080815258958539,0.06543523495130898,0,5080.532025060219,4959.566976844499,3,15,7,8,1,31.8,31.0,cotonou/COTO,398.98903293196753,70.4,78.1,0.2544973236849605
6.360784409495928,2.3792020512416343,COTO,cotonou,6.352268,2.402957,2791.890427965035,21238.37353,9.0,100.0,109.0,570.0,10,13.129727840423584,289.83714091657635,1.9666976996840653,3.129727840423584,-0.00020470340201195252,0.866543219841884,-0.00024430655048307575,0.8753712917486178,-0.0012738212862663655,0.05224384619914956,1,-1.0,-1.0,0,0,2,12,1,32.0,63.0,cotonou/COTO,289.18429314187705,65.8,65.7,0.019662569101197014
6.373289135437706,2.3691197838594267,COTO,cotonou,6.352268,2.402957,4406.743688616586,21238.37353,9.0,100.0,109.0,570.0,10,11.740650057792664,302.0111115778203,1.2643453108997005,1.7406500577926636,-0.00044464873810429667,1.2745476346595288,-0.0004075742557900926,1.276018380506805,0.0019253193506462956,0.04519588975481904,1,-1.0,-1.0,0,0,1,1,1,32.0,67.0,cotonou/COTO,151.02935906652115,79.6,80.0,0.5447995740200676
6.379225925390032,2.361366310757421,COTO,cotonou,6.352268,2.402957,5482.833254691347,21238.37353,9.0,100.0,109.0,570.0,10,11.651920557022095,303.11442554655196,1.0171836065770792,1.6519205570220947,-0.0003743298501047715,1.1886886364385418,-0.00040169315542896603,1.1926611163860374,-0.0019369570617285157,0.06668695577333811,0,-1.0,4999.377015800726,0,10,3,9,1,29.5,80.0,cotonou/COTO,398.98903293196753,78.1,70.4,0.0486417966771836
6.356592827107539,2.4055949078448458,COTO,cotonou,6.352268,2.402957,560.2917371750165,21238.37353,9.0,100.0,109.0,570.0,10,14.983467102050781,31.224010735222294,9.525448951049754,4.983467102050781,0.0022394309964096333,0.6248438736487542,0.0012022012028711,0.5937980967731471,-0.00576765455716331,0.11932489202433202,1,-1.0,-1.0,0,0,0,12,1,31.4,69.0,cotonou/COTO,285.8934238489022,64.7,68.1,0.134277103172893
6.367056322674011,2.3569573390615015,COTO,cotonou,6.352268,2.402957,5345.66269623699,21238.37353,9.0,100.0,109.0,570.0,10,11.69931674003601,287.9278145088493,1.0427711710501821,1.6993167400360107,-0.00037386865811197016,1.4154403624989744,-0.0003480026825121231,1.41600764123045,0.00154140569457698,0.04588026174115435,1,-1.0,-1.0,0,0,3,0,1,30.0,49.0,cotonou/COTO,350.56675056255096,78.69999999999999,78.8,0.9751321345654308
6.3692724102853715,2.4010207530243166,COTO,cotonou,6.352268,2.402957,1892.6449496661642,21238.37353,9.0,100.0,109.0,570.0,10,13.176297903060913,353.5436200616245,2.8983828859756287,3.176297903060913,-0.000276402880748113,0.5560205482482781,-0.0005128238584987579,0.5840107993485348,-0.00699278080183588,0.20234637619614776,1,-1.0,-1.0,0,0,3,11,1,32.0,75.0,cotonou/COTO,382.96286934899615,86.2,68.2,0.521111882830338
6.385178299031475,2.3693487289111883,COTO,cotonou,6.352268,2.402957,5203.05045979685,21238.37353,9.0,100.0,109.0,570.0,10,13.142847776412964,314.5780026837822,1.055455649568062,3.142847776412964,-0.00012891527710704335,1.096230145743797,-0.00013006130854288742,1.0900193049615017,-0.0015667180220286052,0.08485237977570728,0,-1.0,4827.680085943771,0,6,4,10,1,33.0,28.0,cotonou/COTO,282.2544702923159,68.0,57.6,0.684112122156853
6.364644088780114,2.3721195519360974,COTO,cotonou,6.352268,2.402957,3676.110587623014,21238.37353,9.0,100.0,109.0,570.0,10,11.694947600364685,291.9914103639556,1.516240380634979,1.694947600364685,-0.0005477810385318891,1.243400413838027,-0.0005505249341328939,1.2643691870389018,-0.000550389289855957,0.028825435773933296,1,-1.0,-1.0,0,0,3,3,1,31.0,63.0,cotonou/COTO,320.12677113920535,60.5,66.8,0.7045430890154544
6.370953724758149,2.3546363984022953,COTO,cotonou,6.352268,2.402957,5731.587675056772,21238.37353,9.0,100.0,109.0,570.0,10,13.114117622375488,291.26363699919494,0.9584332033422656,3.1141176223754883,-0.00010356866186079517,1.37045527052557,-0.00010811067821654218,1.3634638369271357,-0.0008789857228597006,0.03242672085022431,0,-1.0,5398.489393340045,0,3,2,4,1,29.5,69.0,cotonou/COTO,249.20674248494376,51.6,58.6,0.21691693190515637
6.361897375631463,2.37713866562071,COTO,cotonou,6.352268,2.402957,3048.5655519221145,21238.37353,9.0,100.0,109.0,570.0,10,12.82746410369873,290.57124055576253,1.8069001509849227,2.8274641036987305,-0.0002927462715611855,0.955647604833984,-0.0003070279573782895,0.9707594559840874,-0.0008957266807556152,0.05293319831072735,1,-1.0,-1.0,0,0,4,9,1,31.7,62.0,cotonou/COTO,353.12133962707986,65.7,63.8,0.1969360681493636
6.373748077908177,2.35911685080485,COTO,cotonou,6.352268,2.402957,5400.839433609221,21238.37353,9.0,100.0,109.0,570.0,10,13.900396585464478,296.24575557356684,1.0087770507834717,3.9003965854644775,3.604046286893646e-05,1.347718008975962,3.568700937172228e-05,1.3423442237363192,0.0004040098911151676,0.013448072994284016,1,-1.0,-1.0,0,0,2,6,1,32.0,71.0,cotonou/COTO,315.24390842648114,72.1,63.4,0.8176340760698467
6.366697529079991,2.35898615374769,COTO,cotonou,6.352268,2.402957,5119.91505599662,21238.37353,9.0,100.0,109.0,570.0,10,11.575137734413147,288.27530214740693,1.0901274305743431,1.575137734413147,-0.00041556602333024233,1.4092956149396267,-0.00040586181201099873,1.4142062828403978,0.0005515265585536812,0.01821966980830243,1,-1.0,-1.0,0,0,3,3,1,29.3,51.0,cotonou/COTO,350.56675056255096,78.8,78.69999999999999,0.6772198545626924
6.363232920920272,2.3836997852667263,COTO,cotonou,6.352268,2.402957,2451.500207496304,21238.37353,9.0,100.0,109.0,570.0,10,12.910440921783447,299.81016877441556,2.2446293533459776,2.9104409217834473,-0.0003348299749718883,0.8929428156833356,-0.0003971324080512637,0.9133939999884993,-0.0029355764389038083,0.11901074227064287,1,-1.0,-1.0,0,0,4,10,1,31.7,62.0,cotonou/COTO,160.52457568861385,54.4,62.4,0.6152010826722711
6.37355701645219,2.3691867541130476,COTO,cotonou,6.352268,2.402957,4416.171687944723,21238.37353,9.0,100.0,109.0,570.0,10,11.777552366256714,302.3894383050667,1.2611684163742218,1.7775523662567139,-0.00043455834861274233,1.2658085100492136,-0.000410866481633411,1.2660115306796975,0.001990904528848827,0.06315517188964183,1,-1.0,-1.0,0,0,1,0,1,29.6,70.0,cotonou/COTO,151.02935906652115,80.0,79.6,0.2522602634929897
6.34824301547169,2.387692248058562,COTO,cotonou,6.352268,2.402957,1746.5781332535153,21238.37353,9.0,100.0,109.0,570.0,10,13.521458864212036,255.14222684657597,3.129019974914701,3.521458864212036,0.00035993766365851026,0.40912836120228974,-8.171583724718057e-05,0.4075949125469281,0.0029931362113619956,0.11816509505110734,1,-1.0,-1.0,0,0,4,6,1,31.0,75.0,cotonou/COTO,288.9775799261479,69.3,72.8,0.12761122146109471
6.357139589502672,2.397907830230453,COTO,cotonou,6.352268,2.402957,776.0918389278492,21238.37353,9.0,100.0,109.0,570.0,10,15.139249801635742,314.15127063252584,6.895875765782193,5.139249801635742,0.001851372596122778,0.46293518098474296,0.0016713180530542834,0.47531142075801913,0.0004965263895621454,0.027755142897177346,1,-1.0,-1.0,0,0,3,12,1,31.0,71.0,cotonou/COTO,230.8079454871386,62.0,58.3,0.38967893249780095
6.353531308048801,2.3915290717073026,COTO,cotonou,6.352268,2.402957,1272.0858669527438,21238.37353,9.0,100.0,109.0,570.0,10,15.535111904144287,276.3474794525416,4.202183571444707,5.535111904144287,0.0016242976779885887,0.46672327804022473,0.0013619859130294236,0.49378899558203104,0.002261944611867269,0.11271650824827247,1,-1.0,-1.0,0,0,7,7,1,31.0,71.0,cotonou/COTO,295.36221914797846,54.4,68.3,0.28631707318025224
6.372940322171366,2.3548536676116414,COTO,cotonou,6.352268,2.402957,5792.302187471662,21238.37353,9.0,100.0,109.0,570.0,10,13.2295823097229,293.386883955584,0.9472469863771782,3.2295823097229004,-8.202905917085732e-05,1.354012071223588,-8.262324536967481e-05,1.3505535206103552,-0.0003712150785658095,0.013823894521864947,0,-1.0,5293.165926827811,0,6,1,4,1,31.0,63.0,cotonou/COTO,234.58846199256698,58.3,58.6,0.8861032363195953
6.382852810465958,2.368715117615539,COTO,cotonou,6.352268,2.402957,5078.6046648156525,21238.37353,9.0,100.0,109.0,570.0,10,13.946848392486572,311.94930515129437,1.072245030955724,3.9468483924865723,4.7030776154761246e-05,1.1187210635254745,7.623089987173543e-05,1.1190392987352127,0.0031187414199811293,0.11526923791843753,1,-1.0,-1.0,0,0,3,4,1,33.0,28.0,cotonou/COTO,319.62025483378403,68.0,58.1,0.5980524429318137
6.3812381358415005,2.369280767069472,COTO,cotonou,6.352268,2.402957,4913.855949484079,21238.37353,9.0,100.0,109.0,570.0,10,12.951478004455566,310.88110880786064,1.119787454155131,2.9514780044555664,-0.00015074951320579683,1.1224430744683227,-0.00011795146398276213,1.115737835169431,0.0023029698265923395,0.0948609985633352,1,-1.0,-1.0,0,0,7,9,1,30.7,45.0,cotonou/COTO,260.0268288079785,58.1,66.5,0.2657539138886813
6.384322094412706,2.3710753062122634,COTO,cotonou,6.352268,2.402957,5000.7421381162085,21238.37353,9.0,100.0,109.0,570.0,10,12.95058298110962,315.333576971947,1.1003466057118512,2.950582981109619,-0.00015097973113526358,1.1128681962498024,-0.00021198601210747821,1.1063838859413453,-0.003537340315524932,0.04378182071521759,0,4880.483810145477,4629.945626873123,1,4,4,12,1,34.0,32.0,cotonou/COTO,265.7725736414513,53.4,57.6,0.32545643930044
6.371012207858752,2.351715200268681,COTO,cotonou,6.352268,2.402957,6036.3916923315965,21238.37353,9.0,100.0,109.0,570.0,10,13.141915082931519,290.209762924533,0.9097822633937491,3.1419150829315186,-9.324692263461577e-05,1.3382039408547808,-6.84512080038841e-05,1.3349129218987454,0.0020861479467515543,0.07503229513573835,0,5443.639802703844,5153.312346559639,4,13,4,3,1,32.0,36.0,cotonou/COTO,399.9159167874965,61.5,51.6,0.19073453917554295
6.369470460340224,2.390131186741243,COTO,cotonou,6.352268,2.402957,2373.334401694984,21238.37353,9.0,100.0,109.0,570.0,10,11.907715439796448,323.46262554170056,2.3426441035112444,1.9077154397964478,-0.0007496983309586843,0.7442465132658143,-0.0007716685162514346,0.7710668512387208,-0.0019233359147747952,0.0554164970119126,1,-1.0,-1.0,0,0,0,1,1,32.0,63.0,cotonou/COTO,259.09644632842327,62.3,86.3,0.8042514272485242
6.356266787902625,2.378819394478379,COTO,cotonou,6.352268,2.402957,2706.9535250410017,21238.37353,9.0,100.0,109.0,570.0,10,13.797107696533203,279.4649782889627,2.014248320008924,3.797107696533203,-0.00016145128663430167,0.5392936553150961,2.039683897080338e-05,0.543621268888256,-0.0026226957653364435,0.09498368308287129,1,-1.0,-1.0,0,0,5,8,1,31.9,70.0,cotonou/COTO,346.04950975268054,70.7,62.4,0.7235949134083633
6.366833755373752,2.40045566988519,COTO,cotonou,6.352268,2.402957,1634.396636276295,21238.37353,9.0,100.0,109.0,570.0,10,13.437885522842407,350.3147859820839,3.346237427281349,3.4378855228424072,-0.00016309449166962596,0.564826458410937,-0.00018008312983819617,0.5798123514088445,-0.00015599926312764487,0.021722790116285473,1,-1.0,-1.0,0,0,3,4,1,32.0,63.0,cotonou/COTO,311.79147214124436,68.2,66.0,0.7735922193768605
6.374910721402285,2.356521181735418,COTO,cotonou,6.352268,2.402957,5715.306646668874,21238.37353,9.0,100.0,109.0,570.0,10,13.558077096939087,296.1368174613515,0.9567135187893325,3.558077096939087,-2.940314925553534e-05,1.3189250253445863,-3.153145416207062e-05,1.3124875214986813,-0.0007601956526438395,0.03411346543938514,0,5302.979914644667,5211.35175197262,3,7,0,7,1,32.0,71.0,cotonou/COTO,241.37076977131866,72.1,58.3,0.2805614122497535
6.360445168003673,2.378588450694872,COTO,cotonou,6.352268,2.402957,2843.7408417425536,21238.37353,9.0,100.0,109.0,570.0,10,13.148939609527588,288.657984372275,1.930479319170579,3.148939609527588,-0.00019580765774375507,0.8397834265291984,-0.0002351741047718016,0.8543128620219358,-0.0014033868924026721,0.04689506713509167,1,-1.0,-1.0,0,0,4,9,1,32.0,63.0,cotonou/COTO,343.13365923494894,65.8,63.8,0.23269618040285722
6.360340994486938,2.3954644616269363,COTO,cotonou,6.352268,2.402957,1218.2950906428418,21238.37353,9.0,100.0,109.0,570.0,10,13.844822883605957,317.31216898232503,4.46603127049172,3.844822883605957,7.256152281570793e-05,0.4144178495164792,-0.00022327002433566073,0.44022392228857127,-0.0052164066621363065,0.15503018238076557,1,-1.0,-1.0,0,0,4,4,1,33.0,63.0,cotonou/COTO,204.60464730791253,68.1,56.5,0.5048943005772868
6.363491518449521,2.369998183598919,COTO,cotonou,6.352268,2.402957,3851.9884352403947,21238.37353,9.0,100.0,109.0,570.0,10,11.691865801811218,288.9152823990506,1.4470863465369133,1.6918658018112183,-0.0005207042977483391,1.1265839327704439,-0.0005331579358826462,1.153960266212367,-0.0010361591974894207,0.047817003153768516,0,-1.0,3612.686548481973,0,4,2,6,1,30.0,55.0,cotonou/COTO,358.990200005476,59.4,58.0,0.007628112266053422
6.383358456094444,2.373010047759419,COTO,cotonou,6.352268,2.402957,4774.833568025922,21238.37353,9.0,100.0,109.0,570.0,10,12.860729694366455,316.25208851451356,1.153470622396942,2.860729694366455,-0.00017630452911059059,1.1239529025875228,-0.00017198379029936069,1.1205363444879555,0.000503464256368932,0.01642090313168825,0,-1.0,4439.92540193192,0,2,1,7,1,34.0,32.0,cotonou/COTO,268.94546398849457,53.4,64.4,0.6127862806037402
6.348278294673501,2.3878078338644957,COTO,cotonou,6.352268,2.402957,1733.2176099519886,21238.37353,9.0,100.0,109.0,570.0,10,13.316822528839111,255.15929249128146,3.1598358178825756,3.3168225288391113,-0.000219303475873973,0.41019597438446087,-5.908208270730932e-05,0.4075949125469281,0.0034458113021594203,0.11816509505110734,1,-1.0,-1.0,0,0,4,5,1,31.0,75.0,cotonou/COTO,288.9775799261479,72.8,69.3,0.9188087809219966
6.352342771047727,2.373644436571424,COTO,cotonou,6.352268,2.402957,3243.1690699673854,21238.37353,9.0,100.0,109.0,570.0,10,13.916914939880371,270.1486752980897,1.6793140521289027,3.916914939880371,6.419679075935202e-05,0.3595415740332991,4.488458256837789e-05,0.36175482954380334,-0.0012457115706441238,0.03904930672327953,1,-1.0,-1.0,0,0,0,11,1,33.0,63.0,cotonou/COTO,377.7671008703886,74.7,61.8,0.10375619050791729
6.35957939128432,2.411045296855763,COTO,cotonou,6.352268,2.402957,1206.0591951240417,21238.37353,9.0,100.0,109.0,570.0,10,15.02198076248169,47.711855712956435,4.455573587986963,5.0219807624816895,0.0010690970149466665,0.38309875175997443,0.0010630215226170522,0.38138066376047736,0.0009292963736387824,0.028823298410855333,1,-1.0,-1.0,0,0,2,1,1,32.0,67.0,cotonou/COTO,276.1246316430909,65.5,68.1,0.9266540352455405
6.370968085469283,2.355357937614395,COTO,cotonou,6.352268,2.402957,5657.77983405612,21238.37353,9.0,100.0,109.0,570.0,10,13.202667713165283,291.5715624041826,0.9700374618293798,3.202667713165283,-8.894598252769074e-05,1.3776236899219296,-0.00011056532641138097,1.3704376297587426,-0.001012860746080984,0.009403341837439093,0,5181.573916159613,5158.897443878826,3,10,1,4,1,29.5,69.0,cotonou/COTO,399.3609701761259,51.6,65.2,0.2567450872591325
6.348838682539152,2.381351087613312,COTO,cotonou,6.352268,2.402957,2420.39382054719,21238.37353,9.0,100.0,109.0,570.0,10,12.361895084381104,260.9276104881602,2.286411450902715,2.3618950843811035,-0.0005535375924757969,0.5688802533026395,-0.000596838495338777,0.6238618205460652,-0.0015670167075263128,0.059087026760224724,1,-1.0,-1.0,0,0,3,0,1,32.0,71.0,cotonou/COTO,240.9109181835051,55.9,65.8,0.3926634166546116
6.37311912171815,2.355266572770917,COTO,cotonou,6.352268,2.402957,5758.2446580287415,21238.37353,9.0,100.0,109.0,570.0,10,13.291533470153809,293.74867984580794,0.9522322560821418,3.2915334701538086,-7.212811874018772e-05,1.3572087320925028,-8.39198520922606e-05,1.3502267463664828,-0.0008106175025941707,0.020695201686079703,0,5423.5971728928025,5319.741056816131,2,11,0,9,1,31.0,63.0,cotonou/COTO,356.3532216776974,58.6,72.1,0.1862763191779211
6.381612799862605,2.3682552794137823,COTO,cotonou,6.352268,2.402957,5027.076069220784,21238.37353,9.0,100.0,109.0,570.0,10,13.525075435638428,310.39564157946353,1.0880385691038839,3.5250754356384277,1.3248393510721252e-05,1.112396380865289,1.7226770812389903e-05,1.1087524160286504,0.004577994346618652,0.24152306739311113,1,-1.0,-1.0,0,0,4,11,1,34.0,32.0,cotonou/COTO,218.89526468152152,61.3,58.1,0.45066636134505456
6.383565760666456,2.3721843431081835,COTO,cotonou,6.352268,2.402957,4854.987382929984,21238.37353,9.0,100.0,109.0,570.0,10,12.892058372497559,315.66366920733753,1.1340627440310833,2.8920583724975586,-0.00017032473728954004,1.1240061211050676,-0.00016832807199741764,1.1172075003918316,-0.0006454812155829536,0.05013965596462239,1,-1.0,-1.0,0,0,4,10,1,34.0,32.0,cotonou/COTO,268.94546398849457,53.4,64.4,0.26142259922703526
6.35560028825679,2.406322475946525,COTO,cotonou,6.352268,2.402957,523.8796103112091,21238.37353,9.0,100.0,109.0,570.0,10,15.020464897155762,45.10719830616591,10.170198334616963,5.020464897155762,0.0021603776974896296,0.5792796938970601,0.0019689730803171797,0.5555212506443606,-0.002129181226094564,0.11427703402525205,1,-1.0,-1.0,0,0,7,5,1,31.4,69.0,cotonou/COTO,299.4984878091749,71.6,64.7,0.6136606600759197
6.367867375828924,2.3891399953477714,COTO,cotonou,6.352268,2.402957,2304.9720489385927,21238.37353,9.0,100.0,109.0,570.0,10,12.344685554504395,318.6436426263666,2.401200056852934,2.3446855545043945,-0.0006017935993262155,0.7156980667943793,-0.0006662708797535314,0.761716689965316,-0.0036927196714613177,0.14322911078519568,1,-1.0,-1.0,0,0,6,9,1,32.0,63.0,cotonou/COTO,280.00176285154186,67.2,62.3,0.9958997326933493
6.373268942141497,2.3596612136198774,COTO,cotonou,6.352268,2.402957,5323.489125481283,21238.37353,9.0,100.0,109.0,570.0,10,13.777858972549438,296.0177268591571,1.0247499177431607,3.7778589725494385,5.528997073164117e-05,1.3617268872450128,2.718965212504065e-05,1.3560587432896676,0.00257875124613444,0.12359996120727136,1,-1.0,-1.0,0,0,1,8,1,31.5,72.0,cotonou/COTO,331.14855306943616,63.4,73.3,0.07846017044732934
6.383943859541395,2.382373027363053,COTO,cotonou,6.352268,2.402957,4178.171860533173,21238.37353,9.0,100.0,109.0,570.0,10,14.598869323730469,327.14587879159495,1.2943139884495458,4.598869323730469,0.00021136690829419078,0.9937894023576932,0.0002276934066844607,0.9972495393143477,0.0007043997446695965,0.03344924368970908,1,-1.0,-1.0,0,0,8,8,1,33.0,41.0,cotonou/COTO,266.4578062283396,64.8,75.6,0.962123312105041
6.349647897596215,2.380657761775996,COTO,cotonou,6.352268,2.402957,2484.16279999695,21238.37353,9.0,100.0,109.0,570.0,10,12.82511305809021,263.25885408172303,2.217110916696532,2.82511305809021,-0.00035599924739407204,0.4799219473422855,-0.00026542345243735514,0.507835667319109,0.002101847984944154,0.03737017320434711,1,-1.0,-1.0,0,0,1,1,1,32.0,71.0,cotonou/COTO,206.50773641684015,65.8,75.4,0.9474399053786552
6.371863070588381,2.4058207225781456,COTO,cotonou,6.352268,2.402957,2190.0181704877778,21238.37353,9.0,100.0,109.0,570.0,10,13.448237657546997,8.263977456996486,2.498263624288826,3.448237657546997,-0.0001194934066203639,0.5003504362471972,-0.00022670562571915214,0.5273959582991258,-0.0040824458433436584,0.12299458697469874,1,-1.0,-1.0,0,0,0,9,1,32.0,75.0,cotonou/COTO,338.55000000000837,75.5,80.8,0.45814013851489654
6.381709284549439,2.3686669474109396,COTO,cotonou,6.352268,2.402957,4999.3201880797205,21238.37353,9.0,100.0,109.0,570.0,10,13.366671323776245,310.8264287218747,1.0958925812686555,3.366671323776245,-6.792816573274352e-05,1.114155337007526,-1.669169883050868e-05,1.1093470915043195,0.0041897614796956376,0.18859156026167093,1,-1.0,-1.0,0,0,3,12,1,34.0,32.0,cotonou/COTO,218.89526468152152,61.3,58.1,0.6650767765309613
6.364959310805262,2.367218126554271,COTO,cotonou,6.352268,2.402957,4195.819287101428,21238.37353,9.0,100.0,109.0,570.0,10,11.478058218955994,289.66431222586226,1.331465785260728,1.4780582189559937,-0.0005312458588875982,1.2910044823651077,-0.0005200598179627816,1.3084314974062357,3.8897905589173864e-05,0.004287422468066371,1,-1.0,-1.0,0,0,3,5,1,30.1,50.0,cotonou/COTO,358.990200005476,58.0,59.4,0.02032397002468911
6.348267470296914,2.3813409733234168,COTO,cotonou,6.352268,2.402957,2432.19386077115,21238.37353,9.0,100.0,109.0,570.0,10,10.920653283596039,259.4526842581871,2.30922774236986,0.9206532835960388,-0.0011326577847566063,0.7802616771978805,-0.0011373447824203683,0.8390825835730988,-0.0008724808110378903,0.028865902482997943,1,-1.0,-1.0,0,0,0,3,1,32.0,71.0,cotonou/COTO,377.3020461115892,55.9,63.1,0.20147139746056342
6.361784962140336,2.384511900922844,COTO,cotonou,6.352268,2.402957,2296.1631064831918,21238.37353,9.0,100.0,109.0,570.0,10,13.265883207321167,297.4372712342541,2.3874548955226103,3.265883207321167,-0.000190955942327326,0.8589936062051324,-0.00015182917631125151,0.8648601744906379,0.0016278644402821858,0.07176735455953608,1,-1.0,-1.0,0,0,4,11,1,33.0,63.0,cotonou/COTO,350.04620409299224,75.2,62.4,0.42555409072368244
6.364145021808697,2.3687604222696206,COTO,cotonou,6.352268,2.402957,4004.9876583877976,21238.37353,9.0,100.0,109.0,570.0,10,11.549976348876953,289.2646608366904,1.3938553696772824,1.5499763488769531,-0.0005403750521410328,1.2114943176768083,-0.0005338448519800225,1.2339560205900924,-0.0003750393788019816,0.017978985563973836,1,-1.0,-1.0,0,0,3,1,1,30.1,50.0,cotonou/COTO,358.990200005476,58.0,59.4,0.5595882061610411
6.359885410176222,2.376566636226573,COTO,cotonou,6.352268,2.402957,3038.913527781946,21238.37353,9.0,100.0,109.0,570.0,10,13.022193670272827,286.1962828629747,1.8089675299648542,3.022193670272827,-0.00024755208599274694,0.8319824203491605,-0.00023127101115596907,0.8388753653183775,-0.0008400033976564771,0.027603868197497848,1,-1.0,-1.0,0,0,0,8,1,31.7,62.0,cotonou/COTO,353.12133962707986,65.7,63.8,0.8544411188817387
6.348229677010227,2.387648547046666,COTO,cotonou,6.352268,2.402957,1751.6295578255426,21238.37353,9.0,100.0,109.0,570.0,10,13.521458864212036,255.13584247625454,3.1200142262329593,3.521458864212036,9.413576204009912e-05,0.4054847237408966,-8.320599957242033e-05,0.40241560064412385,0.0022016982237497967,0.11847622579018734,1,-1.0,-1.0,0,0,4,7,1,31.0,75.0,cotonou/COTO,288.9775799261479,69.3,72.8,0.14516182864812632
6.384617712218639,2.382856819028767,COTO,cotonou,6.352268,2.402957,4212.3416477781475,21238.37353,9.0,100.0,109.0,570.0,10,14.834311485290527,328.30552919477304,1.280617412125157,4.834311485290527,0.0002665059222679048,0.9873651567553696,0.00023678682900808907,0.9934655838106096,-0.0003968318303426107,0.05437775515551906,1,-1.0,-1.0,0,0,4,6,1,33.0,41.0,cotonou/COTO,266.4578062283396,64.8,75.6,0.6165578365950372
6.353358098407912,2.407003740634188,COTO,cotonou,6.352268,2.402957,463.6784918117188,21238.37353,9.0,100.0,109.0,570.0,10,14.56515121459961,74.83460997369713,11.511674524422421,4.565151214599609,0.0019103580584585896,0.3215133064447746,0.001578425919568097,0.32335053122083146,0.0004485487937927246,0.02317112711700884,1,-1.0,-1.0,0,0,1,7,1,31.4,69.0,cotonou/COTO,286.83997943094687,71.6,75.4,0.2731134599563515
6.366581103421962,2.4005875765266866,COTO,cotonou,6.352268,2.402957,1604.4177391131107,21238.37353,9.0,100.0,109.0,570.0,10,13.417769193649292,350.6573196995928,3.4093323699131908,3.417769193649292,-0.00017853224719012223,0.5628610254986588,-0.000150474054472787,0.5764417241391802,0.0004155278205871582,0.019869051405337155,1,-1.0,-1.0,0,0,5,8,1,32.0,63.0,cotonou/COTO,311.79147214124436,68.2,66.0,0.8750588666821226
6.373764398595902,2.3573540506590427,COTO,cotonou,6.352268,2.402957,5577.4240340204315,21238.37353,9.0,100.0,109.0,570.0,10,13.843920469284058,295.3776810602225,0.9774248516611106,3.8439204692840576,2.3561544695216903e-05,1.3606099478068006,1.1034722023821851e-05,1.3546292848268477,-0.0011750141779581706,0.046428316925042734,1,-1.0,-1.0,0,0,1,2,1,32.0,71.0,cotonou/COTO,286.930169205042,65.2,72.1,0.5332277936618545
6.346886992764165,2.40466948382917,COTO,cotonou,6.352268,2.402957,624.5097808586339,21238.37353,9.0,100.0,109.0,570.0,10,12.378795385360718,162.44806914697438,8.794801687274276,2.3787953853607178,-0.0021991394840653287,0.40186964364450134,-0.0020758981290070907,0.49154329713155853,-0.0038661215040418835,0.1421423955230935,1,-1.0,-1.0,0,0,0,9,1,30.0,75.0,cotonou/COTO,313.45464504453633,77.3,69.1,0.14944633239934402
6.354466311474593,2.3896342280659564,COTO,cotonou,6.352268,2.402957,1493.9487463647597,21238.37353,9.0,100.0,109.0,570.0,10,15.329402446746826,279.42721345038746,3.5877492266539495,5.329402446746826,0.0010696667054929478,0.5952516697988127,0.0008975651019658798,0.5856571137576031,-0.0031792057885064017,0.12450825215950524,1,-1.0,-1.0,0,0,3,13,1,31.0,71.0,cotonou/COTO,330.80979731559944,68.3,66.6,0.3371914974760447
6.361655236783465,2.40438871843768,COTO,cotonou,6.352268,2.402957,1050.130557909524,21238.37353,9.0,100.0,109.0,570.0,10,15.198512077331543,8.619189001040581,5.1043212599177,5.198512077331543,0.0014204958506992885,0.4363126004038459,0.0014783201668977016,0.45852637325247664,0.00166016380024662,0.04458053614170212,1,-1.0,-1.0,0,0,4,4,1,31.0,75.0,cotonou/COTO,273.96095269222405,66.4,64.4,0.8435921884002694
6.3830258238693585,2.365863385199826,COTO,cotonou,6.352268,2.402957,5330.301995731724,21238.37353,9.0,100.0,109.0,570.0,10,14.093215465545654,309.8417123852371,1.0200517124519,4.093215465545654,7.331473559694856e-05,1.1010501285485916,5.5302469818680386e-05,1.0989407912921099,-0.0008792347378200955,0.041787628345299685,0,-1.0,4999.160989984863,0,7,3,12,1,34.0,32.0,cotonou/COTO,379.59078834977134,55.8,68.0,0.30995971923705057
6.360528912193197,2.3787674459091233,COTO,cotonou,6.352268,2.402957,2827.949817521335,21238.37353,9.0,100.0,109.0,570.0,10,13.072019338607788,288.9650766183265,1.942807378087527,3.072019338607788,-0.00031086019677188675,0.849867112569104,-0.00022719816939387365,0.8567594967807128,-0.0010602659362221728,0.0428259465840007,1,-1.0,-1.0,0,0,3,11,1,32.0,63.0,cotonou/COTO,343.13365923494894,65.8,63.8,0.16876931817023466
6.362801463769478,2.3590377823144135,COTO,cotonou,6.352268,2.402957,4996.872493306626,21238.37353,9.0,100.0,109.0,570.0,10,11.654451370239258,283.56972448846415,1.116054825854546,1.6544513702392578,-0.0004095038817135727,1.2502097064482733,-0.00040360030808157235,1.2600346000261735,5.953808625539144e-05,0.0033905071705137456,1,-1.0,-1.0,0,0,2,0,1,34.0,44.0,cotonou/COTO,326.8907597349128,65.7,61.2,0.1962304194556257
6.37056037853779,2.354102477576454,COTO,cotonou,6.352268,2.402957,5771.337853996361,21238.37353,9.0,100.0,109.0,570.0,10,12.990944147109985,290.6463649539428,0.9530556828366386,2.9909441471099854,-0.00013723120252997657,1.3694646584941046,-0.00012713291131056674,1.3660856626285185,-0.0007225363427529134,0.026437200087359343,0,-1.0,4961.731341411702,0,3,0,6,1,32.0,36.0,cotonou/COTO,399.9159167874965,61.5,51.6,0.8651066600153202
6.36053968673172,2.3847240017334403,COTO,cotonou,6.352268,2.402957,2215.0026067669346,21238.37353,9.0,100.0,109.0,570.0,10,13.060916423797607,294.536375861576,2.4801194144318983,3.0609164237976074,-0.0002989190862043686,0.8066806137371647,-0.0002981944293299654,0.8334448606642485,-0.0011950896580838416,0.03329935151431448,1,-1.0,-1.0,0,0,0,3,1,31.7,62.0,cotonou/COTO,318.97004498850305,54.4,75.2,0.9688898519111357
6.349143595975558,2.380598656795759,COTO,cotonou,6.352268,2.402957,2497.761135468573,21238.37353,9.0,100.0,109.0,570.0,10,12.365355968475342,261.9976299739527,2.2155830611365395,2.365355968475342,-0.0005323950260404557,0.5828880718288338,-0.0009243779457220373,0.6369732676044175,-0.01440372836297617,0.4546691560819847,1,-1.0,-1.0,0,0,1,3,1,32.0,71.0,cotonou/COTO,145.83304872345087,55.9,75.4,0.6134320424112232
6.349411482794302,2.380578207420282,COTO,cotonou,6.352268,2.402957,2496.0793306858304,21238.37353,9.0,100.0,109.0,570.0,10,12.584008932113647,262.68268439397093,2.2120628507579636,2.5840089321136475,-0.00044562797697763587,0.5358130131733481,-0.00038980416247587243,0.5509755252526501,-0.0014222721328138374,0.10187894982204058,1,-1.0,-1.0,0,0,0,2,1,32.0,71.0,cotonou/COTO,145.83304872345087,75.4,55.9,0.1820742028223502
6.388905986863171,2.376410648001284,COTO,cotonou,6.352268,2.402957,5004.23812011636,21238.37353,9.0,100.0,109.0,570.0,10,12.436713695526123,324.24441456237116,1.1054594306725047,2.436713695526123,-0.0002799666095875405,0.9829073350069336,-0.0003051316714615981,0.9851570691203032,-0.007501379648844401,0.2765259069442082,0,4462.697321546653,4151.812789034415,24,13,2,2,1,31.0,59.0,cotonou/COTO,339.277088085809,66.1,64.0,0.8020034488293503
6.36400295255966,2.3704917544069652,COTO,cotonou,6.352268,2.402957,3819.1777389381414,21238.37353,9.0,100.0,109.0,570.0,10,11.65257203578949,289.9880770362099,1.460102071498608,1.6525720357894897,-0.000559004834885362,1.175851830523398,-0.0005431784693022265,1.1882338484950707,-0.0013698121563242747,0.04393499125887314,1,-1.0,-1.0,0,0,1,6,1,30.0,55.0,cotonou/COTO,213.77228304903036,59.4,66.8,0.36570109067082
6.380968571693533,2.3706355954609126,COTO,cotonou,6.352268,2.402957,4781.355570134222,21238.37353,9.0,100.0,109.0,570.0,10,12.491190433502197,311.78208636654324,1.156324110425585,2.4911904335021973,-0.00025329187512397773,1.1406779160066534,-0.0002138081688488682,1.1372811585228024,0.00393857878752448,0.12880925911699243,1,-1.0,-1.0,0,0,5,11,1,30.0,70.0,cotonou/COTO,383.9027712846491,78.2,58.1,0.5381200484625525
6.365135744347349,2.3677186866648356,COTO,cotonou,6.352268,2.402957,4150.318057031651,21238.37353,9.0,100.0,109.0,570.0,10,11.478045463562012,290.1764866448723,1.3460578941367767,1.4780454635620117,-0.0005360925414867713,1.3038366507840662,-0.0005331661603996136,1.3125919724183497,-0.0002113992075409169,0.006738658096326552,1,-1.0,-1.0,0,0,2,2,1,30.1,50.0,cotonou/COTO,211.07519039432174,58.0,62.5,0.3036340569758661
6.366799169751154,2.3584114219525665,COTO,cotonou,6.352268,2.402957,5183.846366272332,21238.37353,9.0,100.0,109.0,570.0,10,11.585511803627014,288.1737927077935,1.0765716763704252,1.5855118036270142,-0.0004083745711397553,1.410924286052327,-0.0003864156432888667,1.4143941585064546,0.001093454993770911,0.041818284372711984,1,-1.0,-1.0,0,0,4,6,1,30.0,49.0,cotonou/COTO,350.56675056255096,78.69999999999999,78.8,0.5075813657341846
6.371980427728276,2.3569390701116886,COTO,cotonou,6.352268,2.402957,5538.419032532719,21238.37353,9.0,100.0,109.0,570.0,10,13.459506034851074,293.31948674541786,0.9882827845115515,3.459506034851074,-4.459196382814697e-05,1.3872511714722617,-4.5253588766550184e-05,1.3800520553710336,0.0007050136725107828,0.03414807614547748,0,-1.0,4994.566261803053,0,4,0,3,1,32.0,71.0,cotonou/COTO,399.3609701761259,65.2,51.6,0.22142900604343818
6.362855141713732,2.3831797833000787,COTO,cotonou,6.352268,2.402957,2481.6834571892673,21238.37353,9.0,100.0,109.0,570.0,10,13.036900520324707,298.30944723432583,2.2144414035747326,3.036900520324707,-0.0002848023199367201,0.8823969107016132,-0.0003714410931456322,0.9028185275705227,-0.004064604971143935,0.16375753431936255,1,-1.0,-1.0,0,0,3,5,1,31.7,62.0,cotonou/COTO,160.52457568861385,54.4,62.4,0.17075495733238666
6.362895209276747,2.383234935122111,COTO,cotonou,6.352268,2.402957,2478.4029235455387,21238.37353,9.0,100.0,109.0,570.0,10,13.036900520324707,298.4668901507693,2.2173696211388805,3.036900520324707,-0.0002943929671596692,0.8764008176958347,-0.0003714410931456322,0.8964936473749877,-0.004568874835968018,0.213267986115432,1,-1.0,-1.0,0,0,3,7,1,31.9,70.0,cotonou/COTO,160.52457568861385,62.4,54.4,0.7821067332381985
6.373795121972218,2.3590390840867403,COTO,cotonou,6.352268,2.402957,5410.854591425053,21238.37353,9.0,100.0,109.0,570.0,10,13.900396585464478,296.25520233450993,1.0069102515138806,3.9003965854644775,3.5617891596167164e-05,1.3452389638364546,3.426038269703994e-05,1.3425180644774015,0.00031746120618443894,0.013448072994284016,1,-1.0,-1.0,0,0,2,7,1,32.0,71.0,cotonou/COTO,315.24390842648114,72.1,63.4,0.7856313114157578
6.381790622488522,2.369413167594788,COTO,cotonou,6.352268,2.402957,4942.898415162715,21238.37353,9.0,100.0,109.0,570.0,10,13.133145332336426,311.52941731584104,1.1111046880948676,3.133145332336426,-0.00011592850540623526,1.121462246212247,-7.353141334324797e-05,1.1152811093706543,0.0022828191212354697,0.10058399008147696,1,-1.0,-1.0,0,0,8,8,1,30.7,45.0,cotonou/COTO,383.9027712846491,58.1,78.2,0.0359468971386695
6.349486066194884,2.382248249214957,COTO,cotonou,6.352268,2.402957,2311.7961359280425,21238.37353,9.0,100.0,109.0,570.0,10,13.088080644607544,262.30337712912564,2.3757278504677264,3.088080644607544,-0.0002644917903802333,0.43165528971304623,-0.0004302905139952797,0.45589660037237145,-0.005462416174437007,0.1466249514115433,1,-1.0,-1.0,0,0,5,4,1,32.0,71.0,cotonou/COTO,240.9109181835051,65.8,55.9,0.09758567332019441
6.374860990117265,2.3557503468175947,COTO,cotonou,6.352268,2.402957,5789.714735029371,21238.37353,9.0,100.0,109.0,570.0,10,13.443965673446655,295.7164388267798,0.9455492516484195,3.4439656734466553,-4.594950599757991e-05,1.3278196100832367,-4.329400184826971e-05,1.321242476753567,-0.00030306710137261285,0.013805973871727061,0,-1.0,5302.404075968782,0,7,1,7,1,32.0,71.0,cotonou/COTO,241.37076977131866,72.1,58.3,0.6357848766846383
6.3564621210798595,2.410728426834753,COTO,cotonou,6.352268,2.402957,976.953653336462,21238.37353,9.0,100.0,109.0,570.0,10,15.447038173675537,61.49668362003939,5.4699577436595614,5.447038173675537,0.0017668078775505665,0.5120350792066647,0.0012586492716607836,0.5309723041498683,-0.00237907855021932,0.10148129798748053,1,-1.0,-1.0,0,0,4,9,1,32.0,71.0,cotonou/COTO,108.9214896151932,54.0,58.7,0.9575784028094587
6.365573198168154,2.4155523808253374,COTO,cotonou,6.352268,2.402957,2026.5635744334788,21238.37353,9.0,100.0,109.0,570.0,10,14.66049575805664,43.25297642193311,2.6652783584317556,4.660495758056641,0.00040700777226045727,0.4068985123986093,0.0004913042840503512,0.40165236424576994,-0.0009489933649698894,0.06458544897897864,1,-1.0,-1.0,0,0,2,10,1,33.0,63.0,cotonou/COTO,337.6225164292086,57.9,61.6,0.24742595450585558
6.369398468292606,2.4014071738315392,COTO,cotonou,6.352268,2.402957,1902.1669976529552,21238.37353,9.0,100.0,109.0,570.0,10,13.258832216262817,354.8621549587952,2.8814186855534856,3.2588322162628174,-0.00023341625928878786,0.5293129224930552,-0.0004129115981285018,0.5756065858271233,-0.004160509506861369,0.19859255260091968,1,-1.0,-1.0,0,0,2,14,1,32.0,63.0,cotonou/COTO,382.96286934899615,68.2,86.2,0.5966993388839309
6.382077646230215,2.3658278374613424,COTO,cotonou,6.352268,2.402957,5267.078001443664,21238.37353,9.0,100.0,109.0,570.0,10,13.889186143875122,308.9349479427985,1.0345121186652653,3.889186143875122,3.450657382155912e-05,1.102167312762149,2.2489790498978533e-05,1.100063022102005,0.0002629934896028164,0.06410050051449526,1,-1.0,-1.0,0,0,1,8,1,34.0,32.0,cotonou/COTO,290.9174264288137,61.3,55.8,0.6482002235093205
6.371731172826433,2.402536566718241,COTO,cotonou,6.352268,2.402957,2152.8942014141135,21238.37353,9.0,100.0,109.0,570.0,10,12.330790042877197,358.77016079305145,2.5709669587991977,2.3307900428771973,-0.0006514697142520518,0.6921157421762869,-0.0006414323239713102,0.7466200048318531,-0.0015018171734280056,0.055192890329071646,1,-1.0,-1.0,0,0,0,5,1,32.0,75.0,cotonou/COTO,383.81129230388444,86.5,86.2,0.4473334806882564
6.35972094380614,2.4107201246074808,COTO,cotonou,6.352268,2.402957,1190.395470392958,21238.37353,9.0,100.0,109.0,570.0,10,14.950099468231201,45.99087828839646,4.517399491564709,4.950099468231201,0.0010723263234007283,0.40000072787448965,0.0010025558116218444,0.39529260069438543,0.0011917036166324186,0.052836223744773037,1,-1.0,-1.0,0,0,2,1,1,32.0,67.0,cotonou/COTO,267.46393794301054,68.1,62.5,0.07275504491236762
6.371097172028426,2.390098380982794,COTO,cotonou,6.352268,2.402957,2521.8730606993768,21238.37353,9.0,100.0,109.0,570.0,10,11.931666493415833,325.83580781769405,2.204259131389854,1.9316664934158325,-0.0006962058590907677,0.8145157133791979,-0.0006986281472564876,0.8329852152228917,-0.0005820917764775603,0.015717792277084575,1,-1.0,-1.0,0,0,2,10,1,33.0,67.0,cotonou/COTO,357.773164030067,81.4,84.9,0.9911779128486524
6.383719987773589,2.381941969189445,COTO,cotonou,6.352268,2.402957,4183.7517701099105,21238.37353,9.0,100.0,109.0,570.0,10,14.601166725158691,326.4154254544237,1.2925568890840047,4.601166725158691,0.0002128988788241432,1.0049125877436955,0.00018762307816313608,1.0083866374666528,-0.0006260545094646527,0.019962645689540447,1,-1.0,-1.0,0,0,6,5,1,31.8,56.0,cotonou/COTO,150.4694972410793,71.8,75.6,0.6999755471785617
6.382650992958861,2.3675769989390063,COTO,cotonou,6.352268,2.402957,5158.650386059308,21238.37353,9.0,100.0,109.0,570.0,10,14.181259632110596,310.8320045770446,1.0530083560831198,4.181259632110596,9.390384745216912e-05,1.1092010123877671,0.00010769782851939001,1.1102159625534735,0.0019612259334988065,0.07315178170729025,1,-1.0,-1.0,0,0,3,3,1,34.0,32.0,cotonou/COTO,327.77907193718073,61.3,68.0,0.4249975886509608
6.36370404595812,2.3699051623732243,COTO,cotonou,6.352268,2.402957,3869.350057321927,21238.37353,9.0,100.0,109.0,570.0,10,11.630157232284546,289.1971175874953,1.44150924689685,1.630157232284546,-0.000537119923177056,1.1454009808050296,-0.0005421348460271781,1.1715495777006384,-0.0008838943062849276,0.024070660964100474,1,-1.0,-1.0,0,0,1,5,1,30.0,55.0,cotonou/COTO,248.21595536951256,59.4,62.5,0.11258590860324624
6.374064573629055,2.3557830749512516,COTO,cotonou,6.352268,2.402957,5748.9718107547,21238.37353,9.0,100.0,109.0,570.0,10,13.393059492111206,294.9368574111332,0.9527563275287435,3.393059492111206,-6.172296638972507e-05,1.3478797968242482,-6.201623641338547e-05,1.341008661229229,-0.0012995938460032145,0.061007569895677384,0,-1.0,5299.653372639603,0,15,0,3,1,31.0,63.0,cotonou/COTO,396.8541073241009,58.3,65.2,0.31059432122701913
6.361720266225793,2.4043940053842108,COTO,cotonou,6.352268,2.402957,1057.3280960920176,21238.37353,9.0,100.0,109.0,570.0,10,15.274956703186035,8.591913097644237,5.065646211883108,5.274956703186035,0.00145181969360069,0.450880266135496,0.0014607659668673136,0.46044122876880067,0.0014436619998718352,0.04458053614170212,1,-1.0,-1.0,0,0,4,4,1,31.6,70.0,cotonou/COTO,273.96095269222405,64.4,66.4,0.12997307894621424
6.371772514441938,2.403995513976432,COTO,cotonou,6.352268,2.402957,2160.021641189415,21238.37353,9.0,100.0,109.0,570.0,10,12.80875539779663,3.029032097388665,2.5498417663943345,2.808755397796631,-0.0004166902112236682,0.6448878025555544,-0.00039463092409751474,0.6819420020900465,-0.000566905288946109,0.04714802360643342,1,-1.0,-1.0,0,0,3,3,1,32.0,75.0,cotonou/COTO,331.4609434005665,75.5,86.5,0.2623223851908928
6.377304836676409,2.3623751002922733,COTO,cotonou,6.352268,2.402957,5274.965646217482,21238.37353,9.0,100.0,109.0,570.0,10,12.686701536178589,301.83310841094925,1.046022434876486,2.686701536178589,-0.0001909607464599913,1.2128151060742416,-0.0002017055557908191,1.2070005029192405,-0.00017919275495741101,0.023227692426467265,1,-1.0,-1.0,0,0,1,5,1,30.7,55.0,cotonou/COTO,333.1849486396399,64.2,76.1,0.751633235908912
6.381498423050842,2.367767271683592,COTO,cotonou,6.352268,2.402957,5060.341985500984,21238.37353,9.0,100.0,109.0,570.0,10,13.418724536895752,309.8910719612378,1.0820914023258492,3.418724536895752,-5.685737617387343e-05,1.107706277833054,2.9101745132300227e-05,1.1044180044509944,0.00486176499700265,0.17322674035353558,1,-1.0,-1.0,0,0,5,9,1,30.7,45.0,cotonou/COTO,218.89526468152152,58.1,61.3,0.8035043314626129
6.3584495162117225,2.398828734538824,COTO,cotonou,6.352268,2.402957,822.1504997907881,21238.37353,9.0,100.0,109.0,570.0,10,14.651104927062988,326.4265655095128,6.546549120161135,4.651104927062988,0.0011239446344829742,0.34354539580888827,0.0010117109616597493,0.3395067659602671,-0.0006807565689086914,0.03347361953749076,1,-1.0,-1.0,0,0,1,1,1,31.0,71.0,cotonou/COTO,382.2656929414359,58.3,62.4,0.5144185026106883
6.373339942886391,2.354876394856098,COTO,cotonou,6.352268,2.402957,5807.581121099639,21238.37353,9.0,100.0,109.0,570.0,10,13.234651565551758,293.7991466516203,0.9447053662340228,3.234651565551758,-8.417622111366124e-05,1.3511234655663316,-7.503941665416371e-05,1.344249735253555,0.0001063283730949468,0.009707488679357822,0,5435.151069245553,5237.297604198071,5,25,0,6,1,31.0,63.0,cotonou/COTO,234.58846199256698,58.6,58.3,0.3032904674837108
6.370687290927603,2.390178560777083,COTO,cotonou,6.352268,2.402957,2479.509465663455,21238.37353,9.0,100.0,109.0,570.0,10,11.939276576042175,325.4151683593633,2.2417062558851297,1.9392765760421753,-0.0007099256458052669,0.782761111270082,-0.000704679115145814,0.8245472085798498,-9.064972400665288e-05,0.01595954237009733,1,-1.0,-1.0,0,0,2,2,1,33.0,67.0,cotonou/COTO,137.85914006689853,84.9,86.3,0.31628848958369526
6.347887867368488,2.3843808907365927,COTO,cotonou,6.352268,2.402957,2111.5892523791927,21238.37353,9.0,100.0,109.0,570.0,10,11.678248047828674,256.6543975061084,2.638857126655904,1.6782480478286743,-0.0009524616836941857,0.5828240464026013,-0.0011506387632187099,0.7337613057289439,-0.014323584238688151,0.6606547107315176,1,-1.0,-1.0,0,0,1,4,1,32.0,71.0,cotonou/COTO,170.17425892305585,63.1,72.8,0.2303315787788165
6.3821166598420564,2.36342617090766,COTO,cotonou,6.352268,2.402957,5479.435869538153,21238.37353,9.0,100.0,109.0,570.0,10,13.076323509216309,307.22828773201246,1.0029244994330786,3.0763235092163086,-0.00011487576045190918,1.091223155653384,-0.00013858167974798523,1.0854676487987363,-0.0023904740810394287,0.11176797726007202,0,-1.0,5018.2408664908535,0,13,1,5,1,34.0,32.0,cotonou/COTO,196.14362722252218,55.8,70.4,0.898167105398634
6.355081995392454,2.406526902215725,COTO,cotonou,6.352268,2.402957,502.83871461602257,21238.37353,9.0,100.0,109.0,570.0,10,15.01555347442627,51.580911609250734,10.586870106707167,5.0155534744262695,0.00256145764015261,0.5176150496944582,0.0019478300938118105,0.5013778770472429,-0.002279487753806397,0.046018763019919535,1,-1.0,-1.0,0,0,5,4,1,31.4,69.0,cotonou/COTO,299.4984878091749,71.6,64.7,0.4071694790654222
6.358699063298575,2.400106718104822,COTO,cotonou,6.352268,2.402957,777.9786769144465,21238.37353,9.0,100.0,109.0,570.0,10,14.629282474517822,336.2275519246495,6.916327436045698,4.629282474517822,0.001182086168420637,0.34165759897842923,0.0010741395609719414,0.3375516381453744,-0.00025784174601236974,0.01086366644581151,1,-1.0,-1.0,0,0,4,4,1,31.0,75.0,cotonou/COTO,382.2656929414359,62.4,58.3,0.10747985064435794
6.37934431060472,2.3623483872672604,COTO,cotonou,6.352268,2.402957,5399.217055926542,21238.37353,9.0,100.0,109.0,570.0,10,11.785611867904663,303.8598842938832,1.0315148099136007,1.785611867904663,-0.0003576431145662177,1.1720376021723113,-0.0003736471518492087,1.1747405927351071,-0.002462756633758545,0.09104426302413193,0,4782.472823085233,4793.292897345607,5,11,1,1,1,29.5,80.0,cotonou/COTO,233.1422818794881,78.1,78.2,0.5286212094413621
6.364614177608993,2.360641057338543,COTO,cotonou,6.352268,2.402957,4876.826666751672,21238.37353,9.0,100.0,109.0,570.0,10,11.707997918128967,286.3628789581953,1.1428910894444524,1.7079979181289673,-0.0004087921300548717,1.3164156978038257,-0.00040508539989741153,1.323689497627668,-5.344549814860017e-06,0.007284132893743273,1,-1.0,-1.0,0,0,0,0,1,30.0,49.0,cotonou/COTO,377.7002335187451,78.69999999999999,67.2,0.5918703077663228
6.35797492616948,2.380304275626759,COTO,cotonou,6.352268,2.402957,2584.536891806837,21238.37353,9.0,100.0,109.0,570.0,10,13.44040846824646,284.22547845848464,2.117465769692768,3.44040846824646,-0.00010213906737579699,0.6759692194366826,-0.00010183637699014348,0.6841168535545178,-0.0003447331048592034,0.023515715154096953,1,-1.0,-1.0,0,0,5,9,1,31.9,70.0,cotonou/COTO,331.6838992172874,70.7,65.8,0.005349881533956435
6.38289488293213,2.374185863145976,COTO,cotonou,6.352268,2.402957,4648.014183974368,21238.37353,9.0,100.0,109.0,570.0,10,12.65223479270935,316.96797919196763,1.18750279886991,2.6522347927093506,-0.00022682938524471819,1.1246100627728894,-0.00021198297002512938,1.1179139838915757,0.0006257428063286676,0.02815842628479004,1,-1.0,-1.0,0,0,1,13,1,32.1,54.0,cotonou/COTO,217.8231826505345,70.5,64.4,0.8191407170233188
6.367656586587991,2.390012932492037,COTO,cotonou,6.352268,2.402957,2224.197732361392,21238.37353,9.0,100.0,109.0,570.0,10,12.5778968334198,320.10608892180534,2.4822984563319204,2.5778968334198,-0.000501819822523329,0.6599931514702103,-0.0005850322413862796,0.6859269632020963,-0.004159673055013021,0.15671167621802295,1,-1.0,-1.0,0,0,5,11,1,32.0,63.0,cotonou/COTO,212.6801711490812,70.8,62.3,0.536057799980161
6.359421436623612,2.3797495207214103,COTO,cotonou,6.352268,2.402957,2686.772694835769,21238.37353,9.0,100.0,109.0,570.0,10,13.454079389572144,287.23228458427053,2.036671013726753,3.4540793895721436,-0.00010723729847447353,0.7769144399317793,-0.00012609042983124222,0.7878124803318683,-0.0009043375651041667,0.056056573886917836,1,-1.0,-1.0,0,0,0,1,1,31.9,70.0,cotonou/COTO,331.6838992172874,70.7,65.8,0.5238124098967786
6.356721108646187,2.411032161503631,COTO,cotonou,6.352268,2.402957,1020.1694593249205,21238.37353,9.0,100.0,109.0,570.0,10,15.49616289138794,60.975124015591234,5.236824620387522,5.4961628913879395,0.001754387359348457,0.5026226625009577,0.001719475896270187,0.5203343303657516,0.0012998580932617188,0.04936845008241201,1,-1.0,-1.0,0,0,2,13,1,32.0,67.0,cotonou/COTO,390.090387602657,65.5,58.7,0.8947142555698491
6.379358908850084,2.3624079481083418,COTO,cotonou,6.352268,2.402957,5394.631176735595,21238.37353,9.0,100.0,109.0,570.0,10,11.763978838920593,303.9130979297229,1.032621179842075,1.7639788389205933,-0.0003671210568914441,1.1656751066266924,-0.0003736471518492087,1.1683444602112385,-0.002462756633758545,0.09104426302413193,0,4778.410781797861,4789.221665919576,5,10,1,1,1,29.5,80.0,cotonou/COTO,233.1422818794881,78.1,78.2,0.5578177001674988
6.346471932587585,2.4034196397019416,COTO,cotonou,6.352268,2.402957,643.0152740631893,21238.37353,9.0,100.0,109.0,570.0,10,12.263663291931152,175.4642006380925,8.555516904639738,2.2636632919311523,-0.002186860821463845,0.46773577850420583,-0.00231390098730723,0.5482564858492556,-0.0029521644115447997,0.1359301411283934,1,-1.0,-1.0,0,0,3,3,1,31.0,71.0,cotonou/COTO,313.45464504453633,69.1,77.3,0.3841939186349117
6.355410484862972,2.3924666716508645,COTO,cotonou,6.352268,2.402957,1211.5628960776105,21238.37353,9.0,100.0,109.0,570.0,10,15.735607147216797,286.7739991406247,4.401866799232816,5.735607147216797,0.0016492810675768348,0.6369859981485294,0.0016724407210830568,0.6583389547947424,0.00199052095413208,0.09013447949791341,1,-1.0,-1.0,0,0,0,14,1,31.0,71.0,cotonou/COTO,330.452052195156,54.4,57.1,0.8563304325246642
6.362858507337075,2.358974976770292,COTO,cotonou,6.352268,2.402957,5005.102186714963,21238.37353,9.0,100.0,109.0,570.0,10,11.654451370239258,283.62171583848857,1.1142202036409201,1.6544513702392578,-0.00040963527838456235,1.2521582967157592,-0.000396758183470026,1.2617460373260807,0.00046580131763194723,0.009083246213863779,1,-1.0,-1.0,0,0,3,0,1,34.0,44.0,cotonou/COTO,326.8907597349128,65.7,61.2,0.16742053683117664
6.357375289115015,2.41079887347366,COTO,cotonou,6.352268,2.402957,1035.2667080324175,21238.37353,9.0,100.0,109.0,570.0,10,15.308048248291016,56.76230533633645,5.171198267300884,5.308048248291016,0.001524816013517834,0.4231528342358293,0.001538527334058607,0.43910343076554037,0.002507376670837402,0.1099126576390535,1,-1.0,-1.0,0,0,2,6,1,32.0,71.0,cotonou/COTO,352.045035329285,58.7,68.1,0.28873473659757753
6.36114656416623,2.40754246018915,COTO,cotonou,6.352268,2.402957,1105.1876270362113,21238.37353,9.0,100.0,109.0,570.0,10,14.763365745544434,27.170670923842863,4.873681739860202,4.763365745544434,0.000960627550024629,0.4649114716400463,0.000909966892666287,0.4540263003860176,0.0006184524959988064,0.02315417612982106,1,-1.0,-1.0,0,0,6,9,1,32.0,67.0,cotonou/COTO,264.2872471383624,62.5,70.5,0.5440085025106478
6.363719944833029,2.407300263762472,COTO,cotonou,6.352268,2.402957,1354.5483952642744,21238.37353,9.0,100.0,109.0,570.0,10,15.058189392089844,20.652552410443548,3.9672739166935465,5.058189392089844,0.0009791289550670676,0.43642253802049435,0.0009246300298271447,0.4330813094296647,-0.0007276746961805556,0.028949912208161368,1,-1.0,-1.0,0,0,0,9,1,31.6,70.0,cotonou/COTO,373.8657305772486,70.5,58.8,0.7389763625876711
6.374918664689493,2.3566443026871418,COTO,cotonou,6.352268,2.402957,5703.450573700549,21238.37353,9.0,100.0,109.0,570.0,10,13.577667713165283,296.2049741184843,0.9585051719039385,3.577667713165283,-2.2569584804887787e-05,1.3175309766989185,-3.40114347621188e-05,1.3142757009733645,-0.0011618024772075176,0.03300545029043817,0,5291.97918962596,5280.549428957222,3,5,0,8,1,31.0,63.0,cotonou/COTO,241.37076977131866,58.3,72.1,0.7761763535213881
6.355809639180047,2.3924924467489346,COTO,cotonou,6.352268,2.402957,1222.2523007444083,21238.37353,9.0,100.0,109.0,570.0,10,15.733831882476807,288.80600244929565,4.363601636133329,5.733831882476807,0.0016806050363645567,0.6640599160220202,0.0016889987122177708,0.6704349783325478,0.0028851973493848955,0.057204238092870084,1,-1.0,-1.0,0,0,1,12,1,31.0,71.0,cotonou/COTO,249.61182844569544,68.3,57.1,0.9728522400635137
6.364170761679344,2.373560569998442,COTO,cotonou,6.352268,2.402957,3508.6689470969527,21238.37353,9.0,100.0,109.0,570.0,10,11.785430431365967,292.1681504341889,1.5870861483947696,1.7854304313659668,-0.0005499511882711397,1.1889881019534239,-0.0005471271436396095,1.21189453883621,-0.0014071761620362427,0.05084735821610309,1,-1.0,-1.0,0,0,4,5,1,33.0,49.0,cotonou/COTO,320.12677113920535,66.8,60.5,0.821375911840204
6.3699176057641385,2.402721086622835,COTO,cotonou,6.352268,2.402957,1952.0074737268499,21238.37353,9.0,100.0,109.0,570.0,10,13.184560775756836,359.2389290566638,2.8101416965186723,3.184560775756836,-0.00026385386784871426,0.5227532568599768,-0.0003607021196718237,0.5440385984079489,-0.0039617343217253605,0.11768549495936903,1,-1.0,-1.0,0,0,1,5,1,32.0,75.0,cotonou/COTO,383.81129230388444,86.5,86.2,0.9745332080993263
6.381566770075475,2.362911268249813,COTO,cotonou,6.352268,2.402957,5488.899937621646,21238.37353,9.0,100.0,109.0,570.0,10,12.765904903411865,306.3617315314149,1.004434896097278,2.7659049034118652,-0.00017357505165289204,1.1070538708151423,-0.00019813297031162018,1.1022472570908615,-0.002954954571194119,0.11271234194559308,0,-1.0,4960.9095628604455,0,15,8,6,1,31.8,31.0,cotonou/COTO,398.98903293196753,70.4,78.1,0.17107664150853108
6.356852914605519,2.376487317399923,COTO,cotonou,6.352268,2.402957,2972.175866779312,21238.37353,9.0,100.0,109.0,570.0,10,14.04482364654541,279.88793474234603,1.8298651279244051,4.04482364654541,0.0001126107374827067,0.5724593436397546,6.422771716369e-05,0.5720592455151445,-0.0005535352755601753,0.06605140148064517,1,-1.0,-1.0,0,0,0,11,1,33.0,63.0,cotonou/COTO,247.88812658137354,62.4,59.2,0.9632145355613162
6.353071929858828,2.3950275752894923,COTO,cotonou,6.352268,2.402957,881.8085899994132,21238.37353,9.0,100.0,109.0,570.0,10,14.821565628051758,275.82514870739857,6.096163578348956,4.821565628051758,0.0012384157710605198,0.3996399363310082,0.0011558798452218372,0.3984134374034206,0.0008054137229919433,0.039942266037519186,1,-1.0,-1.0,0,0,0,10,1,30.0,79.0,cotonou/COTO,392.28725444494233,70.0,62.9,0.5728120979272721
6.372511298994964,2.356642419944654,COTO,cotonou,6.352268,2.402957,5591.846709909397,21238.37353,9.0,100.0,109.0,570.0,10,13.563027381896973,293.7420439713269,0.9777816135865369,3.5630273818969727,-2.566204139043092e-05,1.3769373604826483,-4.165849964802011e-05,1.3733402926254341,-0.0007091528628438516,0.03556470134279496,0,5423.755125443182,5412.5490198121015,2,1,1,8,1,31.0,63.0,cotonou/COTO,309.1504439589486,58.6,65.2,0.65069312081372
6.372137685901381,2.357184684681024,COTO,cotonou,6.352268,2.402957,5520.347088131623,21238.37353,9.0,100.0,109.0,570.0,10,13.535861253738403,293.597682757876,0.9907252231438819,3.5358612537384033,-3.046446771073864e-05,1.3882100169121872,-3.8901377917437645e-05,1.3811612462352667,9.87734690618997e-05,0.022796082389416834,0,-1.0,5398.656070156777,0,3,1,9,1,32.0,71.0,cotonou/COTO,399.3609701761259,65.2,51.6,0.14036809207137768
6.372915234974208,2.3598308352725916,COTO,cotonou,6.352268,2.402957,5289.608153144275,21238.37353,9.0,100.0,109.0,570.0,10,13.558160781860352,295.72393578723194,1.0336911737142593,3.5581607818603516,-2.8028371419385824e-05,1.3750429350735671,1.4904286531026553e-06,1.372097373000495,0.0024953550762600372,0.09830941040916497,1,-1.0,-1.0,0,0,1,6,1,31.5,72.0,cotonou/COTO,331.14855306943616,63.4,73.3,0.20994982371435145
6.354467594189467,2.3947371480299373,COTO,cotonou,6.352268,2.402957,941.4159506185962,21238.37353,9.0,100.0,109.0,570.0,10,15.33803939819336,285.0699166730984,5.681689536359343,5.338039398193359,0.0016990082959334055,0.5503963234315472,0.0016277095850776222,0.5620825734191156,0.0015603423118591307,0.07322496223328083,1,-1.0,-1.0,0,0,1,15,1,31.0,71.0,cotonou/COTO,392.28725444494233,62.9,70.0,0.02381670824641613
6.3822138528787224,2.365509140351726,COTO,cotonou,6.352268,2.402957,5304.0148751174975,21238.37353,9.0,100.0,109.0,570.0,10,13.965047359466553,308.82332015411697,1.0264901658432126,3.9650473594665527,5.547087532812945e-05,1.1006229816774742,1.8203005382516283e-05,1.0980410334913078,-0.0006275155846116968,0.04440320493979591,1,-1.0,-1.0,0,0,0,8,1,34.0,32.0,cotonou/COTO,290.9174264288137,61.3,55.8,0.7804396880805071
6.364713497435146,2.360607128205385,COTO,cotonou,6.352268,2.402957,4883.51424921563,21238.37353,9.0,100.0,109.0,570.0,10,11.686956763267517,286.4748868496863,1.141573172876714,1.686956763267517,-0.00041309502470956506,1.3211757671831914,-0.00040211345414408855,1.32851492648841,0.00032858969796149834,0.006069093250652281,1,-1.0,-1.0,0,0,0,0,1,30.0,49.0,cotonou/COTO,377.7002335187451,78.69999999999999,67.2,0.5610256412590622
6.358278192535503,2.3764308519097286,COTO,cotonou,6.352268,2.402957,3009.172116820966,21238.37353,9.0,100.0,109.0,570.0,10,13.313671112060547,282.84410647028926,1.8212903420503896,3.313671112060547,-0.00012980868714083932,0.7244442118585808,-0.00015938980046655108,0.7321348471147026,-0.0011715560214454188,0.04391166406377925,1,-1.0,-1.0,0,0,2,3,1,32.4,63.0,cotonou/COTO,281.94874002195616,63.8,59.2,0.4574045135813217
6.373715063852168,2.369226265963042,COTO,cotonou,6.352268,2.402957,4421.823613147524,21238.37353,9.0,100.0,109.0,570.0,10,11.777552366256714,302.6118714490909,1.2595569247311844,1.7775523662567139,-0.00043455834861274244,1.2645325520351196,-0.0004150066905551487,1.2653485052778464,0.0012352039416631063,0.05826148265374158,1,-1.0,-1.0,0,0,0,0,1,32.0,67.0,cotonou/COTO,151.02935906652115,79.6,80.0,0.8674726152784494
6.381577322687658,2.3669984974007225,COTO,cotonou,6.352268,2.402957,5131.575815973407,21238.37353,9.0,100.0,109.0,570.0,10,13.795615196228027,309.3587461438234,1.0628672194519968,3.7956151962280273,1.7572249811540175e-05,1.1081471313910412,7.207384994883167e-05,1.1052436601756794,0.005928386891510017,0.15447638632976315,1,-1.0,-1.0,0,0,1,10,1,34.0,32.0,cotonou/COTO,290.9174264288137,55.8,61.3,0.8375507886815834
6.37219365175051,2.357272095259816,COTO,cotonou,6.352268,2.402957,5513.946810089678,21238.37353,9.0,100.0,109.0,570.0,10,13.556439876556396,293.6971245057766,0.9916612016764503,3.5564398765563965,-2.2358721394775745e-05,1.3870422711839745,-4.327455838738867e-05,1.3800049923680908,-0.00017236372007506254,0.028508785942885053,0,-1.0,5403.446874015736,0,1,1,9,1,29.5,69.0,cotonou/COTO,399.3609701761259,51.6,65.2,0.8884802837676803
6.371628592022689,2.3547150824779814,COTO,cotonou,6.352268,2.402957,5750.831831014871,21238.37353,9.0,100.0,109.0,570.0,10,13.228523254394531,291.9920100865717,0.9540870572960951,3.2285232543945312,-8.059246099648933e-05,1.3674257605093358,-9.67201088711978e-05,1.3604251832678291,-0.0006697999106513129,0.026789544919329555,0,-1.0,5163.071463516356,0,7,3,2,1,31.0,63.0,cotonou/COTO,249.20674248494376,58.6,51.6,0.4804520077626694
6.358261726676185,2.4011961047483066,COTO,cotonou,6.352268,2.402957,690.8727883346742,21238.37353,9.0,100.0,109.0,570.0,10,14.540554523468018,343.72312331070714,7.785480557618445,4.540554523468018,0.0011577265130148994,0.33955114667405323,0.0010795279310630327,0.3356638733860493,-0.00014642546037289312,0.007787467712532912,1,-1.0,-1.0,0,0,5,2,1,31.0,75.0,cotonou/COTO,392.92902527041525,62.4,68.1,0.2503809476920068
6.3523175585043985,2.3919153573377843,COTO,cotonou,6.352268,2.402957,1221.6658869307769,21238.37353,9.0,100.0,109.0,570.0,10,14.672889709472656,270.25935990323444,4.415154405990751,4.672889709472656,0.0007852831507116799,0.32907441321053366,0.0007910811623861624,0.3273221169299799,0.0006066269344753689,0.022963403786284652,1,-1.0,-1.0,0,0,4,9,1,31.0,71.0,cotonou/COTO,229.63053738552546,54.4,73.7,0.28759295902955306
6.371929261643124,2.356859156071477,COTO,cotonou,6.352268,2.402957,5544.326766894168,21238.37353,9.0,100.0,109.0,570.0,10,13.419352769851685,293.2293609122572,0.9876447581462953,3.4193527698516846,-4.8977134660593815e-05,1.3873339928745967,-5.742806589327181e-05,1.3800578443454772,0.00013716485765245218,0.017477356866450754,0,-1.0,4988.783002676315,0,3,0,3,1,29.5,69.0,cotonou/COTO,399.3609701761259,51.6,65.2,0.7521967232597184
6.373528444403635,2.3556831723041443,COTO,cotonou,6.352268,2.402957,5734.4479028347505,21238.37353,9.0,100.0,109.0,570.0,10,13.39404034614563,294.35019074656805,0.9551591746336658,3.39404034614563,-5.433178610271878e-05,1.3514965947358322,-6.776094848421982e-05,1.3479859718813219,-0.001105878088209364,0.04529192720012048,0,5332.232118066781,5228.8052019835895,3,20,0,2,1,32.0,71.0,cotonou/COTO,356.3532216776974,72.1,58.6,0.6318024872731544
6.368945237887774,2.389809191066876,COTO,cotonou,6.352268,2.402957,2348.930466520999,21238.37353,9.0,100.0,109.0,570.0,10,11.96075701713562,321.9214765184714,2.36566358804956,1.9607570171356201,-0.0007368077708699028,0.7441956194380908,-0.0007655753201902702,0.7713043556799305,-0.0027368691408920175,0.08682029511070417,1,-1.0,-1.0,0,0,0,1,1,33.0,67.0,cotonou/COTO,259.09644632842327,86.3,62.3,0.4596794533802061
6.3563503510424715,2.377205826243966,COTO,cotonou,6.352268,2.402957,2884.6597168961584,21238.37353,9.0,100.0,109.0,570.0,10,13.871841192245483,279.0643609011287,1.8887730448019597,3.8718411922454834,5.664940142549594e-05,0.549001303970991,0.00011701894311156261,0.5475426354507268,0.0023700748078973647,0.0803846694344829,1,-1.0,-1.0,0,0,2,9,1,33.0,63.0,cotonou/COTO,247.88812658137354,62.4,59.2,0.5705867519309548
6.352426552511847,2.407101607323658,COTO,cotonou,6.352268,2.402957,458.8967521796138,21238.37353,9.0,100.0,109.0,570.0,10,14.229508399963379,87.79546062827467,11.668574770373109,4.229508399963379,0.0013694272228161725,0.17023966833845597,0.001116085451479023,0.17796041962918485,0.001058885398109592,0.04046730692903387,1,-1.0,-1.0,0,0,1,4,1,31.4,69.0,cotonou/COTO,286.83997943094687,71.6,75.4,0.6355826802151616
6.349505000345168,2.3805710686759416,COTO,cotonou,6.352268,2.402957,2495.575253930066,21238.37353,9.0,100.0,109.0,570.0,10,12.82511305809021,262.92204353640113,2.2069819501877057,2.82511305809021,-0.00034995173651074604,0.5149775514834682,-0.0003034407081382627,0.526230483255707,0.001024692406751773,0.03737017320434711,1,-1.0,-1.0,0,0,0,2,1,32.0,71.0,cotonou/COTO,145.83304872345087,75.4,55.9,0.11068675941357731
6.382445239878596,2.3746943056757415,COTO,cotonou,6.352268,2.402957,4573.261867647457,21238.37353,9.0,100.0,109.0,570.0,10,12.655810117721558,317.0548086962303,1.2068626741811825,2.6558101177215576,-0.00020340019687369477,1.1285018704967626,-0.0002178313655237997,1.1217895778418532,0.0007638911406199138,0.046408288341017845,1,-1.0,-1.0,0,0,1,1,1,32.1,54.0,cotonou/COTO,217.8231826505345,70.5,64.4,0.47326144507373613
6.355001616374932,2.393954369114373,COTO,cotonou,6.352268,2.402957,1040.9183322465913,21238.37353,9.0,100.0,109.0,570.0,10,15.55881404876709,286.98961403908265,5.129580058341273,5.55881404876709,0.001809430572626501,0.6027665555180558,0.0016355383503544438,0.6122020853274949,0.0007591565450032552,0.03786865378599884,1,-1.0,-1.0,0,0,2,10,1,31.0,71.0,cotonou/COTO,279.6517178563703,62.9,57.1,0.3528252929156568
6.360216484801857,2.3653802597545335,COTO,cotonou,6.352268,2.402957,4249.387318175479,21238.37353,9.0,100.0,109.0,570.0,10,12.310678720474243,282.0173465072256,1.3034665605570126,2.310678720474243,-0.0003280259085902644,0.9741281630075497,-0.000348656846450483,0.9919727172255105,-0.0009436260076381252,0.06348898920040896,0,-1.0,4121.650224442749,0,2,0,15,1,33.0,39.0,cotonou/COTO,398.169857472909,55.2,61.3,0.704514519491875
6.377312093023881,2.362592790716431,COTO,cotonou,6.352268,2.402957,5254.903435084227,21238.37353,9.0,100.0,109.0,570.0,10,12.646011114120483,301.97881057412417,1.050458565819681,2.6460111141204834,-0.0002009432424198498,1.2114964325929876,-0.0002079247081347105,1.2087334705911092,-0.0002298461066351997,0.017806965351334133,1,-1.0,-1.0,0,0,1,4,1,31.0,75.0,cotonou/COTO,333.1849486396399,76.1,64.2,0.32093023881027016
6.370833803430938,2.352657814708175,COTO,cotonou,6.352268,2.402957,5931.695072115618,21238.37353,9.0,100.0,109.0,570.0,10,13.042368650436401,290.37749495443785,0.9267987806868497,3.0423686504364014,-0.000109597343257651,1.3498871985934089,-0.00010573136806488035,1.3432453584368143,0.0006239970525105795,0.023463008898877338,0,-1.0,5159.029381359074,0,7,1,0,1,32.0,36.0,cotonou/COTO,399.9159167874965,61.5,51.6,0.45700980456926943
6.358738068708339,2.4108418633661937,COTO,cotonou,6.352268,2.402957,1128.2746718468811,21238.37353,9.0,100.0,109.0,570.0,10,15.010804653167725,50.45503467340973,4.761942447334703,5.010804653167725,0.0011436958062021358,0.39236845165802586,0.0012157251437505089,0.3960285288639386,0.002237562338511149,0.10317077372344016,0,-1.0,1069.4868131935366,0,26,2,14,1,32.0,71.0,cotonou/COTO,352.045035329285,58.7,68.1,0.7186336619367266
6.3711363912812,2.3546576958444447,COTO,cotonou,6.352268,2.402957,5736.705727989882,21238.37353,9.0,100.0,109.0,570.0,10,13.133141040802002,291.4612748075134,0.9573883431759191,3.133141040802002,-9.962680439154302e-05,1.3674517431711162,-0.00010272898319238151,1.3639504520123331,-0.0008090083541957191,0.025925875420464727,0,-1.0,5184.878323293459,0,9,2,5,1,29.5,69.0,cotonou/COTO,249.20674248494376,51.6,58.6,0.2988301709419592
6.356967337752001,2.4107860043454887,COTO,cotonou,6.352268,2.402957,1010.1399252633558,21238.37353,9.0,100.0,109.0,570.0,10,15.32881498336792,58.86935569334446,5.297938209500907,5.32881498336792,0.0016458463517525868,0.44157983443079596,0.001604113534644798,0.45722506146389374,0.002455329895019531,0.0916230970898616,1,-1.0,-1.0,0,0,2,8,1,32.0,71.0,cotonou/COTO,352.045035329285,58.7,68.1,0.16004345488970373
6.360451376160635,2.3617178133287196,COTO,cotonou,6.352268,2.402957,4651.574270229101,21238.37353,9.0,100.0,109.0,570.0,10,12.326525211334229,281.293720590843,1.1906044049685862,2.3265252113342285,-0.00029687309194310966,0.975537007240056,-0.0003228661440409959,0.9884256254027028,-0.0014380565135957517,0.05841089744621274,0,-1.0,4325.311545864334,0,2,1,1,1,29.0,75.0,cotonou/COTO,243.7480135303034,61.2,68.1,0.545772546305426
6.359168941715566,2.4044548904482483,COTO,cotonou,6.352268,2.402957,780.9476530837399,21238.37353,9.0,100.0,109.0,570.0,10,14.61086893081665,12.1733242673385,6.8916179672644065,4.61086893081665,0.0011158981440979757,0.4379746564952619,0.0011925502281457637,0.4319307010601599,0.0018689110050589739,0.048701682447614136,1,-1.0,-1.0,0,0,4,6,1,31.4,69.0,cotonou/COTO,384.8115623263995,64.7,66.4,0.8634357859022589
6.365075295317036,2.3674869653819712,COTO,cotonou,6.352268,2.402957,4172.136824742661,21238.37353,9.0,100.0,109.0,570.0,10,11.478045463562012,289.96848787923153,1.3390210674399587,1.4780454635620117,-0.0005307014215560187,1.3037141160923895,-0.0005303504512499103,1.3123815013241993,-0.00019112642792981042,0.004843107491675358,1,-1.0,-1.0,0,0,3,5,1,30.1,50.0,cotonou/COTO,211.07519039432174,58.0,62.5,0.17769857715826842
6.356656056693728,2.4046390252771643,COTO,cotonou,6.352268,2.402957,519.7268327763146,21238.37353,9.0,100.0,109.0,570.0,10,15.031984806060791,20.854941969940285,10.248515507495462,5.031984806060791,0.0024536914295620387,0.6182043436020273,0.0017216218022162882,0.5985354996014144,-0.004703850294303623,0.16193977488915154,1,-1.0,-1.0,0,0,1,6,1,31.4,69.0,cotonou/COTO,285.8934238489022,68.1,64.7,0.49378415453858415
6.3651222672388394,2.3676670244155513,COTO,cotonou,6.352268,2.402957,4155.177840347282,21238.37353,9.0,100.0,109.0,570.0,10,11.478045463562012,290.12992470575705,1.3444841595202706,1.4780454635620117,-0.0005353026584905588,1.3042863274974723,-0.0005292933319759143,1.3215000784438493,-0.00015532374382019044,0.007308360997208965,1,-1.0,-1.0,0,0,2,3,1,30.1,50.0,cotonou/COTO,211.07519039432174,58.0,62.5,0.2755567475821864
6.354978104677267,2.4048334321806313,COTO,cotonou,6.352268,2.402957,364.5879984135881,21238.37353,9.0,100.0,109.0,570.0,10,15.334585189819336,34.532958363647765,14.408127276302574,5.334585189819336,0.0041733173223642206,0.6491735996065767,0.004020844021925827,0.6657112287942257,0.0012188559349553426,0.04471881434394104,1,-1.0,-1.0,0,0,5,8,1,31.4,69.0,cotonou/COTO,264.0610446469,68.1,65.4,0.962784329362648
6.358937799733565,2.3764360456671936,COTO,cotonou,6.352268,2.402957,3025.561108965325,21238.37353,9.0,100.0,109.0,570.0,10,13.105193138122559,284.20189956436883,1.8153753314042127,3.1051931381225586,-0.00020032086372872424,0.771374902892575,-0.0002147792869444643,0.7860803369391692,-0.0009447556947503902,0.023721291751850972,1,-1.0,-1.0,0,0,4,0,1,32.4,63.0,cotonou/COTO,281.94874002195616,63.8,59.2,0.19771664032908942
6.355270126198636,2.393499161053874,COTO,cotonou,6.352268,2.402957,1097.8219891876263,21238.37353,9.0,100.0,109.0,570.0,10,15.577566146850586,287.713163413817,4.864036453355166,5.577566146850586,0.0017209547769802002,0.6272847416739008,0.001615379406855656,0.635318227748758,0.0003180940945943196,0.027925905526891375,1,-1.0,-1.0,0,0,3,5,1,32.6,66.0,cotonou/COTO,279.6517178563703,57.1,62.9,0.4374014073153366
6.381715079879699,2.363009152720601,COTO,cotonou,6.352268,2.402957,5489.874624201351,21238.37353,9.0,100.0,109.0,570.0,10,12.91455864906311,306.5670219908379,1.002705634637755,2.9145586490631104,-0.00014434112660003274,1.1021223915154712,-0.00020195140639805664,1.0970384094162149,-0.0036488613386115,0.08767440001716262,0,-1.0,5016.7992557831985,0,15,5,8,1,31.8,31.0,cotonou/COTO,398.98903293196753,70.4,78.1,0.12164004010046792
6.349050783931363,2.3829757852952107,COTO,cotonou,6.352268,2.402957,2239.185964600106,21238.37353,9.0,100.0,109.0,570.0,10,12.94936990737915,260.79878696469876,2.456215856961233,2.9493699073791504,-0.0003831775117021972,0.4367632293045085,-0.0003809985660371326,0.4737499149262821,-0.002647201220194499,0.13638203353583045,1,-1.0,-1.0,0,0,7,4,1,32.0,71.0,cotonou/COTO,255.0899788310412,65.8,63.1,0.3430773427224304
6.355911186281766,2.377833694612788,COTO,cotonou,6.352268,2.402957,2808.693659559176,21238.37353,9.0,100.0,109.0,570.0,10,13.812283515930176,278.3027547523276,1.9410332671386632,3.812283515930176,3.73376176712361e-05,0.5299926638263054,0.00010478913160909803,0.5345367019742571,0.0015282120798626557,0.02784883222710569,1,-1.0,-1.0,0,0,4,13,1,33.0,63.0,cotonou/COTO,247.88812658137354,62.4,59.2,0.2274892826294722
6.34881706278422,2.380623582993571,COTO,cotonou,6.352268,2.402957,2500.2871018898177,21238.37353,9.0,100.0,109.0,570.0,10,12.273452281951904,261.1640381890483,2.2154498413626436,2.2734522819519043,-0.0005688647429148355,0.6303040404045059,-0.0011878958295117887,0.7130593108948833,-0.017144516798461185,0.6836794642128703,1,-1.0,-1.0,0,0,0,3,1,32.0,71.0,cotonou/COTO,145.83304872345087,55.9,75.4,0.36417006428983245
6.357641461426047,2.3994467916929496,COTO,cotonou,6.352268,2.402957,709.895524182567,21238.37353,9.0,100.0,109.0,570.0,10,14.730412006378174,327.00715243239114,7.564257398907916,4.730412006378174,0.0014292622107963612,0.3409807745763281,0.001304160937284812,0.346470370011723,0.0003359675407409668,0.01664230461830696,1,-1.0,-1.0,0,0,4,6,1,31.0,71.0,cotonou/COTO,337.12035847750434,62.0,62.4,0.4984273004654822
6.361928008005299,2.359999465933559,COTO,cotonou,6.352268,2.402957,4871.380367431473,21238.37353,9.0,100.0,109.0,570.0,10,11.738595843315125,282.7517131550828,1.1438087841621518,1.7385958433151245,-0.0004025348856405246,1.1796669267527606,-0.0004057876164845185,1.186189539292831,-0.001090289182185309,0.03762352618257022,1,-1.0,-1.0,0,0,1,5,1,34.0,44.0,cotonou/COTO,326.8907597349128,65.7,61.2,0.6373696942930615
6.370972262138561,2.4026137814684603,COTO,cotonou,6.352268,2.402957,2068.813773876221,21238.37353,9.0,100.0,109.0,570.0,10,12.683676719665527,358.9552455130616,2.665554995118383,2.6836767196655273,-0.0004983923675018707,0.5996908408292072,-0.0006486384026260592,0.65753296851045,-0.0053527316979451525,0.14448409103238308,1,-1.0,-1.0,0,0,0,5,1,32.0,75.0,cotonou/COTO,383.81129230388444,86.5,86.2,0.6679470527440015
6.355133477789067,2.405031356432844,COTO,cotonou,6.352268,2.402957,391.26852234089324,21238.37353,9.0,100.0,109.0,570.0,10,15.390875816345215,35.73363316898832,13.454835928606158,5.390875816345215,0.004009248529161727,0.6654008077890177,0.003783345222473145,0.6738627850782547,0.0008323510487874349,0.030705872271743654,1,-1.0,-1.0,0,0,6,9,1,31.4,69.0,cotonou/COTO,218.02671877540922,64.7,65.4,0.8653748258630959
6.348186514273239,2.387507132289955,COTO,cotonou,6.352268,2.402957,1767.9759156793207,21238.37353,9.0,100.0,109.0,570.0,10,13.521458864212036,255.1154330799058,3.0912233945748677,3.521458864212036,-9.369564019267068e-05,0.4054847237408966,-0.00023426932851023223,0.40477779247604356,-0.00042826628795051533,0.09593519514008862,1,-1.0,-1.0,0,0,5,11,1,31.0,75.0,cotonou/COTO,288.9775799261479,69.3,72.8,0.20195490363263402
6.368919506528106,2.3999389545908287,COTO,cotonou,6.352268,2.402957,1871.4847449173506,21238.37353,9.0,100.0,109.0,570.0,10,12.847063302993774,349.7888738925339,2.9411501503074207,2.8470633029937744,-0.0005069908269102666,0.6463780034766854,-0.0005058896235930613,0.6837047998428787,-0.002362575133641561,0.1090209672634572,1,-1.0,-1.0,0,0,1,14,1,32.0,63.0,cotonou/COTO,382.96286934899615,68.2,86.2,0.1490715215941142
6.365332935404479,2.3695653914565247,COTO,cotonou,6.352268,2.402957,3966.894879475669,21238.37353,9.0,100.0,109.0,570.0,10,11.503937005996704,291.49071682576096,1.4078993122622996,1.503937005996704,-0.0005521439669425028,1.3188258590976654,-0.0005557620923113481,1.3279174673018346,-0.0005895558215671775,0.017497358232861384,1,-1.0,-1.0,0,0,0,3,1,30.0,55.0,cotonou/COTO,263.8369831922563,62.5,66.8,0.24475820628766443
6.373097793249261,2.3574800233229745,COTO,cotonou,6.352268,2.402957,5533.731676027493,21238.37353,9.0,100.0,109.0,570.0,10,13.812582015991211,294.74599318682954,0.9854651119979186,3.812582015991211,1.9025330070976774e-05,1.3730746888625007,9.060543488691197e-06,1.3668787938482365,-0.00014431277910868329,0.020126543390984682,0,-1.0,5245.400967456922,0,6,0,11,1,32.0,71.0,cotonou/COTO,286.930169205042,72.1,65.2,0.729215256196265
6.361799923058691,2.3780820848552717,COTO,cotonou,6.352268,2.402957,2947.1148262425636,21238.37353,9.0,100.0,109.0,570.0,10,12.901049137115479,291.0862674360747,1.8676279658816062,2.9010491371154785,-0.00027136104275481864,0.9575004905578058,-0.00030930562992949724,0.9647827297479116,-0.001278499821841534,0.04383367016464366,1,-1.0,-1.0,0,0,5,2,1,32.0,63.0,cotonou/COTO,289.18429314187705,65.8,65.7,0.599956033537932
6.383189561453244,2.3709254886474893,COTO,cotonou,6.352268,2.402957,4924.673619209368,21238.37353,9.0,100.0,109.0,570.0,10,13.470466613769531,314.16887320181513,1.1112924693366164,3.4704666137695312,-4.7782791985405837e-05,1.124294058522627,-1.4106576222492546e-05,1.1224738931825886,0.0029678371217515733,0.11405908682309204,1,-1.0,-1.0,0,0,1,9,1,30.7,45.0,cotonou/COTO,324.8945539710613,58.1,53.4,0.7148179856146499
6.360312060611731,2.3783039463456843,COTO,cotonou,6.352268,2.402957,2869.0039168082267,21238.37353,9.0,100.0,109.0,570.0,10,13.131709575653076,288.1768309636435,1.913836846100341,3.131709575653076,-0.00019975064529312978,0.8283664125196759,-0.00021724465752945464,0.8427920546544139,-0.0012250324090321858,0.05501567770958157,1,-1.0,-1.0,0,0,4,4,1,32.4,63.0,cotonou/COTO,343.13365923494894,63.8,65.8,0.6656951234587575
6.36402219411032,2.369742091461042,COTO,cotonou,6.352268,2.402957,3897.9957018228997,21238.37353,9.0,100.0,109.0,570.0,10,11.605924487113953,289.6012932002759,1.4312762540688224,1.6059244871139526,-0.0005393897581016959,1.1790824893701166,-0.0005443018418825072,1.203467453760966,-0.0008304327719902026,0.024845405607917242,1,-1.0,-1.0,0,0,3,1,1,30.0,55.0,cotonou/COTO,248.21595536951256,62.5,59.4,0.7275406480802304
6.378221758491341,2.362317893158892,COTO,cotonou,6.352268,2.402957,5334.219179567522,21238.37353,9.0,100.0,109.0,570.0,10,12.341007471084595,302.72710807380145,1.0381175009902452,2.3410074710845947,-0.0002579019732224954,1.1915824960832762,-0.0002783101134830051,1.1890631800638949,-0.0018877744674682614,0.07553569661817064,0,4756.969007830755,-1.0,1,0,1,5,1,31.0,75.0,cotonou/COTO,316.153254609243,76.1,78.2,0.40946021362650886
6.354401108949714,2.3909117936485895,COTO,cotonou,6.352268,2.402957,1353.4024795138662,21238.37353,9.0,100.0,109.0,570.0,10,15.733744144439697,280.1039518711005,3.942159035310374,5.733744144439697,0.0014686613843060917,0.6074795686461456,0.001409801692827373,0.6130479392463731,-0.0009331385294596353,0.03461130311852801,1,-1.0,-1.0,0,0,8,7,1,31.0,71.0,cotonou/COTO,295.36221914797846,54.4,68.3,0.6871469814352893
6.368962722204083,2.399207233903752,COTO,cotonou,6.352268,2.402957,1892.2732485867891,21238.37353,9.0,100.0,109.0,570.0,10,12.668255090713501,347.41664628620725,2.914294623326531,2.668255090713501,-0.0005410085121790568,0.6697335827887275,-0.0005595549558981872,0.691668558261462,-0.00156148009830051,0.05742277902648307,1,-1.0,-1.0,0,0,1,16,1,31.7,72.0,cotonou/COTO,280.5468730889592,86.5,68.2,0.8748628369856033
6.384085563128335,2.3674614047173295,COTO,cotonou,6.352268,2.402957,5272.87255928411,21238.37353,9.0,100.0,109.0,570.0,10,14.031815528869629,312.0507179072471,1.031826173326115,4.031815528869629,5.2622301206435226e-05,1.117793449663786,-1.1540133036324893e-05,1.1153080874896169,-0.005524524295771324,0.09069103336751784,0,4945.299314118163,4955.866192994484,1,1,2,6,1,33.0,28.0,cotonou/COTO,379.59078834977134,68.0,55.8,0.12933167813000046
6.3648484611430085,2.3714973516312847,COTO,cotonou,6.352268,2.402957,3748.418243632129,21238.37353,9.0,100.0,109.0,570.0,10,11.620449423789978,291.91997993514,1.4881430557946296,1.620449423789978,-0.0005570334129518867,1.2617157045584535,-0.0005616025036088437,1.2825751950856636,-0.0008359670639038085,0.03303519367196186,1,-1.0,-1.0,0,0,1,6,1,31.0,63.0,cotonou/COTO,320.12677113920535,60.5,66.8,0.931623492231805
6.3571128901383105,2.4114255227598353,COTO,cotonou,6.352268,2.402957,1079.3316079370184,21238.37353,9.0,100.0,109.0,570.0,10,15.482953071594238,60.07296789495916,4.951938899236618,5.482953071594238,0.0016458598893832658,0.48896136988321853,0.001408652350230824,0.4908477207464374,-0.0014064326461471364,0.0625149203327474,1,-1.0,-1.0,0,0,2,5,1,32.0,67.0,cotonou/COTO,390.090387602657,65.5,58.7,0.73673784745561
6.368417126173947,2.3996290104312727,COTO,cotonou,6.352268,2.402957,1823.4600556743203,21238.37353,9.0,100.0,109.0,570.0,10,12.936678886413574,348.4254963895466,3.0156621145101172,2.936678886413574,-0.00046548954936638705,0.6196066878600737,-0.0005984465944961689,0.6611037405161729,-0.006892709006744851,0.19133945825432852,1,-1.0,-1.0,0,0,0,16,1,32.0,63.0,cotonou/COTO,311.79147214124436,66.0,68.2,0.8622996682516887
6.366018238014956,2.417434263606098,COTO,cotonou,6.352268,2.402957,2208.588292703325,21238.37353,9.0,100.0,109.0,570.0,10,14.417028427124023,46.29797536423621,2.4521980060255926,4.417028427124023,0.00029949025551913983,0.4132133594552235,0.00026610556401704475,0.4178964065968806,-0.002098703384399414,0.09773932493822918,1,-1.0,-1.0,0,0,7,8,1,33.0,63.0,cotonou/COTO,337.6225164292086,61.6,57.9,0.11680283577768336
6.383601030316854,2.3720438622972777,COTO,cotonou,6.352268,2.402957,4868.674321117159,21238.37353,9.0,100.0,109.0,570.0,10,13.00020170211792,315.5654824307274,1.1296033051308696,3.00020170211792,-0.00014453777750089367,1.1199438186725295,-0.00016223132733040216,1.1165551082280778,-0.00031219250711944066,0.03698442496499315,1,-1.0,-1.0,0,0,4,11,1,34.0,32.0,cotonou/COTO,268.94546398849457,53.4,64.4,0.20164353075642927
6.368250868953834,2.3893834975495865,COTO,cotonou,6.352268,2.402957,2319.3473847205755,21238.37353,9.0,100.0,109.0,570.0,10,12.246715068817139,319.83551473530986,2.388750660661459,2.2467150688171387,-0.0006240497287522013,0.7278507782347131,-0.0007313904804355858,0.7595542325316237,-0.005248251019152995,0.1799341544217191,1,-1.0,-1.0,0,0,6,6,1,33.0,67.0,cotonou/COTO,259.09644632842327,86.3,62.3,0.8086085659127216
6.3809789151311795,2.3692685814805254,COTO,cotonou,6.352268,2.402957,4896.240946504881,21238.37353,9.0,100.0,109.0,570.0,10,12.780148983001709,310.61619463851116,1.1258191541976683,2.780148983001709,-0.00018838261201129693,1.1231939969048634,-0.00014274895793259742,1.1196318169481283,0.0029875410927666557,0.1234819608199258,1,-1.0,-1.0,0,0,8,8,1,30.7,45.0,cotonou/COTO,260.0268288079785,58.1,66.5,0.3765319952222116
6.382472775588348,2.365029423506239,COTO,cotonou,6.352268,2.402957,5363.361067881565,21238.37353,9.0,100.0,109.0,570.0,10,13.910624742507935,308.70811843939305,1.015715530950096,3.9106247425079346,4.1491692482184604e-05,1.0977244226995757,2.485046070583619e-05,1.0944125730240468,-0.00022219551934136278,0.028072857287237712,1,-1.0,-1.0,0,0,2,0,1,34.0,32.0,cotonou/COTO,379.59078834977134,55.8,68.0,0.017341581136424367
6.365875223252263,2.4087408517717015,COTO,cotonou,6.352268,2.402957,1635.2075047984108,21238.37353,9.0,100.0,109.0,570.0,10,14.56502914428711,22.90092775645934,3.305220899624204,4.565029144287109,0.0004929426115583248,0.40963550675784055,0.0004683175282171595,0.4047947857641537,-0.001407182216644287,0.0640457442817364,1,-1.0,-1.0,0,0,5,9,1,32.0,63.0,cotonou/COTO,335.1905947367722,58.8,56.6,0.5812382685361368
6.376545607480456,2.3618600506687724,COTO,cotonou,6.352268,2.402957,5280.374330205975,21238.37353,9.0,100.0,109.0,570.0,10,12.884373664855957,300.7296624933979,1.0428070625756054,2.884373664855957,-0.000155157134640281,1.2341601528324448,-0.0001451617323057482,1.2273648603188019,0.001277838812934028,0.04711654557620703,0,-1.0,4719.53296848069,0,2,3,7,1,31.0,75.0,cotonou/COTO,386.1779175456935,76.5,76.1,0.7787974338724668
6.358406523959265,2.3967126058700265,COTO,cotonou,6.352268,2.402957,968.5796365888114,21238.37353,9.0,100.0,109.0,570.0,10,14.748417854309082,314.6870770054549,5.557900320689401,4.748417854309082,0.0010519458790018102,0.45990154670530065,0.0010421477509408251,0.4548725611281176,-0.0009026072555930144,0.04240158116509153,1,-1.0,-1.0,0,0,2,8,1,31.0,71.0,cotonou/COTO,237.15585761266473,58.3,56.5,0.22463936307944787
6.383630028011307,2.3817152705884945,COTO,cotonou,6.352268,2.402957,4189.5026436282615,21238.37353,9.0,100.0,109.0,570.0,10,14.49460506439209,326.0555621513622,1.2922398149521528,4.49460506439209,0.00019043752163268782,1.0062282803925833,0.0001892769840401663,1.0093540164003623,0.0003317753473917643,0.017241536244841926,1,-1.0,-1.0,0,0,7,6,1,33.0,41.0,cotonou/COTO,150.4694972410793,75.6,71.8,0.479943977385467
6.358275645826599,2.397938307415009,COTO,cotonou,6.352268,2.402957,865.8600227607697,21238.37353,9.0,100.0,109.0,570.0,10,14.800190448760986,320.2991078039914,6.20897996056481,4.800190448760986,0.001256550591567467,0.39591688522182716,0.001059326454794215,0.39221750444819115,-0.001200282352278627,0.036085597879042065,1,-1.0,-1.0,0,0,6,5,1,31.0,71.0,cotonou/COTO,382.2656929414359,58.3,62.4,0.2509785251505715
6.372824603430758,2.357531649745369,COTO,cotonou,6.352268,2.402957,5516.02036993565,21238.37353,9.0,100.0,109.0,570.0,10,13.75718355178833,294.48421534933897,0.9892039611989232,3.75718355178833,9.092774944028958e-06,1.3813486113935916,-2.287373083492351e-06,1.374955580786366,-0.0006995073277436349,0.023324920238343753,0,5261.774942062864,5239.66664398697,1,4,0,14,1,32.0,71.0,cotonou/COTO,286.930169205042,72.1,65.2,0.8367703028513559
6.3664872039272495,2.4137020840974044,COTO,cotonou,6.352268,2.402957,1971.2876322760692,21238.37353,9.0,100.0,109.0,570.0,10,14.48693323135376,36.906841256528025,2.7449349041495257,4.48693323135376,0.0003623101640540358,0.4091818737264503,0.0003440738893022724,0.4078577677414254,-0.0023913754357231987,0.08802401894108017,1,-1.0,-1.0,0,0,5,10,1,32.0,63.0,cotonou/COTO,281.80230889756126,65.5,57.9,0.3857604930793206
6.359706080745178,2.3765156504079425,COTO,cotonou,6.352268,2.402957,3038.906575945779,21238.37353,9.0,100.0,109.0,570.0,10,13.022193670272827,285.8053468728434,1.808971665429413,3.022193670272827,-0.0002237901188968833,0.8216532295488487,-0.0002257872553705012,0.8288350210360637,-0.0006747378243340388,0.024995305966097676,1,-1.0,-1.0,0,0,0,5,1,31.7,62.0,cotonou/COTO,353.12133962707986,65.7,63.8,0.9130455081119702
6.355619998195947,2.3739532415564284,COTO,cotonou,6.352268,2.402957,3230.321493643375,21238.37353,9.0,100.0,109.0,570.0,10,14.471014976501465,276.6344820578822,1.6761696024502368,4.471014976501465,0.00023667973836621306,0.45220208372298043,0.0003231984488494944,0.4481724795626262,0.0034172386711191025,0.07122732677773728,1,-1.0,-1.0,0,0,1,15,1,29.6,72.0,cotonou/COTO,363.9073676088481,61.8,59.2,0.1523166860578259
6.3827205654094135,2.3654030748237185,COTO,cotonou,6.352268,2.402957,5348.291107996735,21238.37353,9.0,100.0,109.0,570.0,10,13.984398365020752,309.2143194083289,1.017786844807831,3.984398365020752,5.165864635446221e-05,1.09793338465898,4.153515302850367e-05,1.0966198884543477,-0.0008595500632509884,0.025749406140144936,0,-1.0,5198.238852461756,0,6,3,6,1,34.0,32.0,cotonou/COTO,379.59078834977134,55.8,68.0,0.14844730656788563
6.38432338696014,2.3710742442273456,COTO,cotonou,6.352268,2.402957,5000.926334494123,21238.37353,9.0,100.0,109.0,570.0,10,12.95058298110962,315.3337779756325,1.1003060872124262,2.950582981109619,-0.00015097973113526358,1.1128681962498024,-0.00016187957627675318,1.106337993499509,-0.0007146777637274228,0.015644105569915082,0,4880.663576951178,4630.116165403376,1,4,4,12,1,34.0,32.0,cotonou/COTO,265.7725736414513,57.6,53.4,0.6738448864113948
6.363282034987646,2.360684970630569,COTO,cotonou,6.352268,2.402957,4832.954337294473,21238.37353,9.0,100.0,109.0,570.0,10,11.659311890602112,284.6926172215253,1.1538401245477832,1.6593118906021118,-0.0004213332394023,1.264703076165595,-0.0004134279596838695,1.2695710424114273,0.0005304282370727935,0.016052079556673787,0,4581.137077235041,4590.822356468096,1,2,1,2,1,33.0,48.0,cotonou/COTO,275.55065323816524,67.2,65.7,0.16331829412540855
6.362124185290718,2.3834507439628156,COTO,cotonou,6.352268,2.402957,2417.790620037646,21238.37353,9.0,100.0,109.0,570.0,10,13.293471097946167,296.95029799963294,2.266829360143485,3.293471097946167,-0.00019021767762566986,0.8688093988664085,-0.00023071354172794683,0.8797544753553731,-0.002296435832977295,0.11385718696153646,1,-1.0,-1.0,0,0,1,5,1,33.0,63.0,cotonou/COTO,318.97004498850305,75.2,54.4,0.7384755762135142
6.382289138806502,2.3642550281534698,COTO,cotonou,6.352268,2.402957,5418.188755327851,21238.37353,9.0,100.0,109.0,570.0,10,13.538169622421265,307.9747227926204,1.0093768198097361,3.5381696224212646,-3.109057305267499e-05,1.0956263515703066,-5.537681892269943e-05,1.0901023331625073,-0.001617226998011271,0.07883360919466957,1,-1.0,-1.0,0,0,3,4,1,31.8,31.0,cotonou/COTO,196.14362722252218,70.4,55.8,0.5809411291733458
6.381670133410302,2.3693010746474927,COTO,cotonou,6.352268,2.402957,4943.442500326597,21238.37353,9.0,100.0,109.0,570.0,10,13.140081644058228,311.3183467198163,1.1109020649144619,3.1400816440582275,-0.00010375734859960336,1.125022774983477,-7.36664393228923e-05,1.1187974349555376,0.0037591351403130427,0.1429468465120167,1,-1.0,-1.0,0,0,7,10,1,30.7,45.0,cotonou/COTO,260.0268288079785,58.1,66.5,0.08113956824673596
6.355678418135402,2.3783014279311656,COTO,cotonou,6.352268,2.402957,2753.8460579020193,21238.37353,9.0,100.0,109.0,570.0,10,13.999763011932373,277.92474142105704,1.9757658351389438,3.999763011932373,0.00010607665863589966,0.5132728192340178,7.363092814776917e-05,0.5186821244328725,-0.0009459151162041559,0.03721589205608803,1,-1.0,-1.0,0,0,2,6,1,31.9,70.0,cotonou/COTO,346.04950975268054,70.7,62.4,0.975034984870968
6.367284917071924,2.386919371336708,COTO,cotonou,6.352268,2.402957,2430.295686303374,21238.37353,9.0,100.0,109.0,570.0,10,12.258319854736328,313.29484696366654,2.2795436390931147,2.258319854736328,-0.000596825460925201,0.84048843163197,-0.0006437893373420439,0.8762798839868152,-0.0026905112796359594,0.1038723673944232,1,-1.0,-1.0,0,0,6,10,1,32.0,63.0,cotonou/COTO,280.00176285154186,62.3,67.2,0.9141920751196907
6.356615128589521,2.376827277094669,COTO,cotonou,6.352268,2.402957,2930.6935580434674,21238.37353,9.0,100.0,109.0,570.0,10,14.036324501037598,279.5044008944238,1.855913835446251,4.036324501037598,0.00012177794352135462,0.5581079976957466,0.00011261073748270668,0.5573660174371483,0.0007030036714341906,0.026399127674525676,1,-1.0,-1.0,0,0,0,10,1,31.5,70.0,cotonou/COTO,247.88812658137354,59.2,62.4,0.22255578943673215
6.3535684399754775,2.3949242552652183,COTO,cotonou,6.352268,2.402957,900.3067385795806,21238.37353,9.0,100.0,109.0,570.0,10,14.903838634490967,279.25224774093994,5.9666440746502225,4.903838634490967,0.001329832074215136,0.4464806331885119,0.0014119628002474895,0.45093633314024933,0.0018967103218822381,0.05827522043082529,1,-1.0,-1.0,0,0,0,6,1,31.0,71.0,cotonou/COTO,392.28725444494233,62.9,70.0,0.28368786835894355
6.369689094438079,2.3902652237258573,COTO,cotonou,6.352268,2.402957,2383.993516438348,21238.37353,9.0,100.0,109.0,570.0,10,11.931247353553772,324.09450661607696,2.3316168396634627,1.931247353553772,-0.0007544736374767268,0.7341480049700106,-0.0007449640975735051,0.785219369484838,-0.0016995181639989218,0.07498174641833373,1,-1.0,-1.0,0,0,0,2,1,33.0,67.0,cotonou/COTO,259.09644632842327,86.3,62.3,0.08588219192013014
6.367831039434365,2.3893075362001763,COTO,cotonou,6.352268,2.402957,2289.698305030759,21238.37353,9.0,100.0,109.0,570.0,10,12.344685554504395,318.92386025773607,2.41719865225727,2.3446855545043945,-0.0006935137787448477,0.7139426730775565,-0.0006783665352703168,0.7378960854134029,-0.0044332149434089885,0.14716456055188498,1,-1.0,-1.0,0,0,7,9,1,32.0,63.0,cotonou/COTO,212.6801711490812,62.3,70.8,0.08469688181529644
6.365556695666452,2.40846423571034,COTO,cotonou,6.352268,2.402957,1590.8798351401356,21238.37353,9.0,100.0,109.0,570.0,10,14.607621669769287,22.38549662047234,3.3955749539069906,4.607621669769287,0.000555944589920986,0.41737570477846353,0.0004715055032282749,0.414642350506374,-0.002055113209484939,0.05164961741878134,1,-1.0,-1.0,0,0,5,11,1,32.0,63.0,cotonou/COTO,335.1905947367722,56.6,58.8,0.5584668129596103
6.366386606977258,2.4097937119342014,COTO,cotonou,6.352268,2.402957,1734.9227323505056,21238.37353,9.0,100.0,109.0,570.0,10,14.459415912628174,25.699020410876017,3.119115493430044,4.459415912628174,0.00042679938056014086,0.41207221271505823,0.0003756641017066108,0.4103641574751701,-0.0013130452897813585,0.05081298794549843,1,-1.0,-1.0,0,0,8,5,1,32.0,63.0,cotonou/COTO,273.522108978383,56.6,67.6,0.20154228306450528
6.372112105068944,2.4024978090772877,COTO,cotonou,6.352268,2.402957,2195.1061310439572,21238.37353,9.0,100.0,109.0,570.0,10,12.283011674880981,358.6826035105899,2.522836334526794,2.2830116748809814,-0.0006414323239713101,0.7468665546854782,-0.000681778186041936,0.7745982217455487,-0.0017533280819362611,0.052402325344292025,1,-1.0,-1.0,0,0,0,1,1,32.0,75.0,cotonou/COTO,383.81129230388444,86.5,86.2,0.33659736367896687
6.349160839781055,2.3805973404747287,COTO,cotonou,6.352268,2.402957,2497.6422691997705,21238.37353,9.0,100.0,109.0,570.0,10,12.584008932113647,262.0416972542351,2.210679991831799,2.5840089321136475,-0.000445627976977636,0.5686786187754417,-0.00092629544450788,0.6304534257211343,-0.014458057495241712,0.4798917313745142,1,-1.0,-1.0,0,0,1,2,1,32.0,71.0,cotonou/COTO,145.83304872345087,75.4,55.9,0.3734047472863483
6.356693645886381,2.4040707651294215,COTO,cotonou,6.352268,2.402957,504.69751573159516,21238.37353,9.0,100.0,109.0,570.0,10,14.721336364746094,14.04240645381276,10.581033542275943,4.721336364746094,0.0019611017392184883,0.5610628902632067,0.0016144907265378719,0.5338270537027436,-0.001750961939493815,0.06680359990655824,1,-1.0,-1.0,0,0,1,6,1,31.4,69.0,cotonou/COTO,285.8934238489022,64.7,68.1,0.727328743415636
6.349623913801247,2.381773008241988,COTO,cotonou,6.352268,2.402957,2361.9840036150554,21238.37353,9.0,100.0,109.0,570.0,10,12.950515508651733,262.8430979559063,2.328635445105953,2.9505155086517334,-0.00032903573548789583,0.4343017336424824,-0.000374961849184972,0.4682190758417648,-0.0023405278545960795,0.04763920993509648,1,-1.0,-1.0,0,0,4,1,1,32.0,71.0,cotonou/COTO,206.50773641684015,75.4,65.8,0.6521549688106061
6.347677506951159,2.38515922428071,COTO,cotonou,6.352268,2.402957,2033.548955356389,21238.37353,9.0,100.0,109.0,570.0,10,11.202352404594421,255.45267822275184,2.7533531894810923,1.2023524045944214,-0.0012935700043597408,0.5958663156145596,-0.001197364500590733,0.7239872779411145,-0.00487479501300388,0.18860068185962983,1,-1.0,-1.0,0,0,2,6,1,31.0,75.0,cotonou/COTO,170.17425892305585,72.8,63.1,0.24376737789893455
6.361977402873663,2.4046124628063503,COTO,cotonou,6.352268,2.402957,1089.2521033787584,21238.37353,9.0,100.0,109.0,570.0,10,15.228944301605225,9.61746759865622,4.920322830842171,5.228944301605225,0.0015852363016723716,0.4376925923148039,0.0013589109961047307,0.4448289133728711,0.0006404210258348871,0.047091591117008294,1,-1.0,-1.0,0,0,3,7,1,31.6,70.0,cotonou/COTO,240.45018714908818,70.5,64.4,0.9065714532279475
6.357016724304518,2.3988803633694302,COTO,cotonou,6.352268,2.402957,692.2574853977093,21238.37353,9.0,100.0,109.0,570.0,10,14.893137454986572,319.52957133613324,7.741447346281586,4.893137454986572,0.001647425029012892,0.3799750177113542,0.001621333716852776,0.39184298999532713,0.0010547899417025477,0.04344596304078872,1,-1.0,-1.0,0,0,6,6,1,31.0,75.0,cotonou/COTO,337.12035847750434,62.4,62.0,0.779233642436006
6.361286718972704,2.3607055316361136,COTO,cotonou,6.352268,2.402957,4779.897206593084,21238.37353,9.0,100.0,109.0,570.0,10,11.977882146835327,282.1238344602687,1.1628272278725105,1.9778821468353271,-0.00036023110151290895,1.1061255834526846,-0.00037656353620762155,1.1135516392551184,-0.0010938392745123969,0.04713622740551678,0,-1.0,4214.739019841596,0,1,0,0,1,34.0,44.0,cotonou/COTO,326.8907597349128,65.7,61.2,0.9612530440887682
6.367452553879106,2.3875584866640907,COTO,cotonou,6.352268,2.402957,2392.136311561643,21238.37353,9.0,100.0,109.0,570.0,10,12.294059753417969,314.77685701842125,2.3150130178162067,2.2940597534179688,-0.0006110961944677879,0.8007870208213475,-0.0007382192204620666,0.8410321734787096,-0.0059423524538196005,0.12673199639589777,1,-1.0,-1.0,0,0,8,8,1,32.0,63.0,cotonou/COTO,280.00176285154186,62.3,67.2,0.6522595638971614
6.34772324311888,2.384990000460145,COTO,cotonou,6.352268,2.402957,2050.438883406483,21238.37353,9.0,100.0,109.0,570.0,10,11.202352404594421,255.72171342601916,2.7307076686636442,1.2023524045944214,-0.0012099705456535598,0.6256369264633135,-0.0016227943661204398,0.7426689379008243,-0.028375392733924906,0.9200412047144968,1,-1.0,-1.0,0,0,2,5,1,31.0,75.0,cotonou/COTO,170.17425892305585,72.8,63.1,0.3581077971993585
6.3718232604396094,2.3566935974907306,COTO,cotonou,6.352268,2.402957,5556.60898669827,21238.37353,9.0,100.0,109.0,570.0,10,13.34902024269104,293.04325317781195,0.9861871225481316,3.34902024269104,-6.415254326276879e-05,1.3854534417929107,-6.238656964479577e-05,1.3818301574140868,-0.00017191520952587497,0.01319616746901358,0,-1.0,4999.834539133312,0,1,0,5,1,29.5,69.0,cotonou/COTO,399.3609701761259,51.6,65.2,0.6975569276338154
6.36141244361022,2.3840226792417876,COTO,cotonou,6.352268,2.402957,2326.1990172796154,21238.37353,9.0,100.0,109.0,570.0,10,13.165624380111694,295.9181933515225,2.359128291487359,3.1656243801116943,-0.0002172736897949054,0.859221146854671,-0.00024644474188486736,0.8743775127945892,1.3571977615356434e-05,0.01966577555323514,1,-1.0,-1.0,0,0,2,12,1,31.7,62.0,cotonou/COTO,318.97004498850305,54.4,75.2,0.5792662454375708
6.367580591483353,2.390320217045572,COTO,cotonou,6.352268,2.402957,2195.9737902382844,21238.37353,9.0,100.0,109.0,570.0,10,12.681814193725586,320.6429365894513,2.5114556061873454,2.681814193725586,-0.0004617915497169838,0.6274569536510259,-0.0005753888399969067,0.6535990856307465,-0.0047009795363674375,0.16287028194866573,1,-1.0,-1.0,0,0,6,15,1,32.0,63.0,cotonou/COTO,212.6801711490812,70.8,62.3,0.37085105076762614
6.352580923275176,2.373633929855507,COTO,cotonou,6.352268,2.402957,3244.5048067462776,21238.37353,9.0,100.0,109.0,570.0,10,13.944464683532715,270.61681195609964,1.6781369948941485,3.944464683532715,7.262178881817275e-05,0.35495952053810303,6.238362657277469e-05,0.3563928144896605,-0.0007985871321712769,0.025997357648864343,1,-1.0,-1.0,0,0,1,14,1,33.0,63.0,cotonou/COTO,377.7671008703886,74.7,61.8,0.17380096328704386
6.3551778273681085,2.3735193605572893,COTO,cotonou,6.352268,2.402957,3272.8460573517746,21238.37353,9.0,100.0,109.0,570.0,10,14.7260160446167,275.68147789233916,1.6499426286703305,4.726016044616699,0.00030879533652103305,0.42715494050919894,0.00031291006563662044,0.42574021134881185,0.0007455348968505859,0.027393932722976508,1,-1.0,-1.0,0,0,0,14,1,29.6,72.0,cotonou/COTO,377.7671008703886,61.8,74.7,0.06240371526227528
6.368770748764809,2.399437128022389,COTO,cotonou,6.352268,2.402957,1866.0922436434425,21238.37353,9.0,100.0,109.0,570.0,10,12.779965877532959,348.03196235759714,2.9516889653355487,2.779965877532959,-0.0004904897124679,0.6574403481234458,-0.0005647102741760956,0.681391018901126,-0.003674453625918383,0.12068385354295225,1,-1.0,-1.0,0,0,0,16,1,31.7,72.0,cotonou/COTO,280.5468730889592,86.5,68.2,0.9933649599943185
6.3664458329071545,2.409763829760481,COTO,cotonou,6.352268,2.402957,1739.3854390863823,21238.37353,9.0,100.0,109.0,570.0,10,14.459415912628174,25.507741725667927,3.111128581699094,4.459415912628174,0.0004314081488268679,0.40946957029402364,0.00037566410170661074,0.4077827821254061,-0.0013130452897813585,0.05081298794549843,1,-1.0,-1.0,0,0,7,4,1,32.0,63.0,cotonou/COTO,273.522108978383,67.6,56.6,0.8253785941611422
6.3660186234079275,2.4119483489395246,COTO,cotonou,6.352268,2.402957,1817.1408342991058,21238.37353,9.0,100.0,109.0,570.0,10,14.60885763168335,33.0178664046291,2.9735491967373653,4.60885763168335,0.0004928230587901965,0.43306001477660766,0.00036327986397905035,0.428527912338796,-0.0025286442186696796,0.06439837979097743,1,-1.0,-1.0,0,0,7,9,1,32.0,63.0,cotonou/COTO,381.8464534337698,67.6,65.5,0.546702129105398
6.367636123397362,2.390095674958494,COTO,cotonou,6.352268,2.402957,2216.578796409562,21238.37353,9.0,100.0,109.0,570.0,10,12.5778968334198,320.2493064534001,2.4908200095536306,2.5778968334198,-0.0005209877187421307,0.639379762446999,-0.0006051048121346937,0.6797261329397407,-0.004668178180639507,0.14614837966159355,1,-1.0,-1.0,0,0,5,10,1,32.0,63.0,cotonou/COTO,212.6801711490812,70.8,62.3,0.49157260296017735
6.367979925950588,2.3998572675759977,COTO,cotonou,6.352268,2.402957,1771.0707733887734,21238.37353,9.0,100.0,109.0,570.0,10,13.293944358825684,348.9068539750924,3.093171009968617,3.2939443588256836,-0.0002294705973731147,0.5972676817486827,-0.0004872707857381384,0.616888202367626,-0.006333928914704453,0.16769821703592006,1,-1.0,-1.0,0,0,1,14,1,32.0,63.0,cotonou/COTO,311.79147214124436,66.0,68.2,0.6867172492322802
6.358987346559284,2.395973377106366,COTO,cotonou,6.352268,2.402957,1071.997993601624,21238.37353,9.0,100.0,109.0,570.0,10,14.45345163345337,314.0720166990043,5.040249594725254,4.453451633453369,0.0005879959810312955,0.4552771339740177,0.0005840797452883799,0.44596399925835384,-0.004093858576722894,0.15900239881419787,1,-1.0,-1.0,0,0,4,8,1,32.6,66.0,cotonou/COTO,237.15585761266473,56.5,58.3,0.33534351569381116
6.380440883935936,2.3621681833977175,COTO,cotonou,6.352268,2.402957,5483.792788633828,21238.37353,9.0,100.0,109.0,570.0,10,11.86423909664154,304.8010593284838,1.0147880110629306,1.8642390966415405,-0.00034464338764337926,1.1426998126479917,-0.00034243171279494826,1.1434616813727383,-0.0021278076701694063,0.08559979002793945,0,5033.220635659906,4791.4502121129235,2,25,2,3,1,31.8,31.0,cotonou/COTO,398.98903293196753,70.4,78.1,0.5463720213547505
6.3709364366510535,2.352115543664581,COTO,cotonou,6.352268,2.402957,5991.919173521267,21238.37353,9.0,100.0,109.0,570.0,10,13.102370262145996,290.2802855790019,0.9169116325470544,3.102370262145996,-9.824245351537796e-05,1.3417471062046498,-8.080261375250989e-05,1.3351214999708743,0.001608048544989692,0.0657679343856656,0,5439.557886984236,5151.369389660568,3,9,2,1,1,32.0,36.0,cotonou/COTO,399.9159167874965,61.5,51.6,0.30382589394946324
6.369243429948138,2.3988710777164264,COTO,cotonou,6.352268,2.402957,1930.9400113068607,21238.37353,9.0,100.0,109.0,570.0,10,12.537744283676147,346.54705365432613,2.8598969015545026,2.5377442836761475,-0.0005996139232928936,0.686170160491732,-0.0006200435742809996,0.7337082779997015,-0.0019180059432983398,0.08948147674060276,1,-1.0,-1.0,0,0,1,15,1,32.0,63.0,cotonou/COTO,280.5468730889592,68.2,86.5,0.2984135482336735
6.369217602449635,2.3970055633272005,COTO,cotonou,6.352268,2.402957,1986.7116606679183,21238.37353,9.0,100.0,109.0,570.0,10,12.400272369384766,340.76318425654256,2.7836959158826367,2.4002723693847656,-0.0006501089874191664,0.677825609071013,-0.0007030690417570227,0.7131524437643215,-0.0024444792005750868,0.09283239770994967,1,-1.0,-1.0,0,0,1,2,1,32.0,63.0,cotonou/COTO,256.52289722354817,73.4,86.5,0.4516992686958138
6.355810936543363,2.392496113962572,COTO,cotonou,6.352268,2.402957,1221.9139575605568,21238.37353,9.0,100.0,109.0,570.0,10,15.733831882476807,288.81853729829356,4.364805231667546,5.733831882476807,0.0016824986549233893,0.6640599160220202,0.0016928459052385708,0.6704349783325478,0.0029403404493496925,0.057204238092870084,1,-1.0,-1.0,0,0,1,12,1,31.0,71.0,cotonou/COTO,249.61182844569544,68.3,57.1,0.9745820578168172
6.359005204101554,2.4130341481120077,COTO,cotonou,6.352268,2.402957,1340.9632341885217,21238.37353,9.0,100.0,109.0,570.0,10,15.092339992523193,56.070838261977656,4.005883629681138,5.092339992523193,0.0010024948600425646,0.4375948929010494,0.0009438915455594976,0.43029778099072513,-0.001371675067477756,0.05072709095352529,1,-1.0,-1.0,0,0,3,4,1,32.0,67.0,cotonou/COTO,276.1246316430909,65.5,68.1,0.0944986979047665
6.348183987276923,2.3821247861222212,COTO,cotonou,6.352268,2.402957,2348.729756361318,21238.37353,9.0,100.0,109.0,570.0,10,10.995618462562561,258.842614355351,2.389368941023041,0.995618462562561,-0.0012039095425091994,0.7719057761385654,-0.001148594384626884,0.8289573154056771,-0.0016007030072831743,0.05298819569951303,1,-1.0,-1.0,0,0,3,3,1,32.0,71.0,cotonou/COTO,377.3020461115892,63.1,55.9,0.5666313247866525
6.382644773705482,2.365288785746362,COTO,cotonou,6.352268,2.402957,5352.856287554235,21238.37353,9.0,100.0,109.0,570.0,10,13.98300290107727,309.05919137836815,1.0169339404312026,3.9830029010772705,5.139878342271519e-05,1.0969378403628982,-0.00046874894256544156,1.0937515397414246,-0.02372463408480714,0.056971846933549966,0,-1.0,5213.403117738192,0,3,3,4,1,34.0,32.0,cotonou/COTO,379.59078834977134,55.8,68.0,0.1083458759163981
6.3817582554221515,2.3688758898011812,COTO,cotonou,6.352268,2.402957,4985.341486615824,21238.37353,9.0,100.0,109.0,570.0,10,13.193758010864258,311.0468875507943,1.100951202774006,3.193758010864258,-0.00010244180104451736,1.113612875662937,-1.2855299678905106e-05,1.1118545192464673,0.0063794084768381935,0.2331384393081152,1,-1.0,-1.0,0,0,5,9,1,30.7,45.0,cotonou/COTO,218.89526468152152,58.1,61.3,0.22609906188465667
6.36892989103391,2.399970787468435,COTO,cotonou,6.352268,2.402957,1871.9899251500324,21238.37353,9.0,100.0,109.0,570.0,10,12.847063302993774,349.9005133866859,2.9403578366306125,2.8470633029937744,-0.0005033661211126886,0.6475054747446232,-0.0004488316560402895,0.6780629300026114,-0.001435383160909017,0.06568169636374994,1,-1.0,-1.0,0,0,1,15,1,32.0,63.0,cotonou/COTO,382.96286934899615,68.2,86.2,0.15877666720580852
6.363272307121609,2.360465651469005,COTO,cotonou,6.352268,2.402957,4856.17061017275,21238.37353,9.0,100.0,109.0,570.0,10,11.67026948928833,284.60770244167156,1.148196119987108,1.67026948928833,-0.00041803134395608006,1.2624264690549827,-0.00041179635175844515,1.2722665807934836,0.00037114222844441733,0.013638030620669175,0,4583.680074932595,4603.143684592606,2,1,2,0,1,34.0,44.0,cotonou/COTO,275.55065323816524,65.7,67.2,0.7482465600826196
6.361874303365836,2.404929455322953,COTO,cotonou,6.352268,2.402957,1084.524332622772,21238.37353,9.0,100.0,109.0,570.0,10,15.063660621643066,11.533692275212672,4.950333111601558,5.063660621643066,0.001222224493284483,0.4216860054850411,0.0013544810478307125,0.43139520590781866,0.002681422274902732,0.08523301386603596,1,-1.0,-1.0,0,0,5,9,1,31.6,70.0,cotonou/COTO,240.45018714908818,70.5,64.4,0.7526915907995302
6.3607101893543865,2.3954865330592297,COTO,cotonou,6.352268,2.402957,1246.9033820577781,21238.37353,9.0,100.0,109.0,570.0,10,13.788563013076782,318.6701818389382,4.366535644932025,3.7885630130767822,6.473934839642243e-05,0.40157031032360324,-5.075407750678779e-05,0.4273184042399435,-0.0024555643399556473,0.11238803747859986,1,-1.0,-1.0,0,0,3,7,1,32.6,66.0,cotonou/COTO,204.60464730791253,56.5,68.1,0.6957550839057848
6.355314461811374,2.3910927453868163,COTO,cotonou,6.352268,2.402957,1355.2083553538037,21238.37353,9.0,100.0,109.0,570.0,10,15.788703918457031,284.4870103976877,3.9346098079496743,5.788703918457031,0.0015084873075070589,0.6532513440047288,0.0013695109185893962,0.6529983291422427,-0.0022104962013157667,0.06968040782598608,1,-1.0,-1.0,0,0,3,10,1,31.0,71.0,cotonou/COTO,249.61182844569544,68.3,57.1,0.31261574849828355
6.366973826760148,2.4110209581979665,COTO,cotonou,6.352268,2.402957,1854.9414332490544,21238.37353,9.0,100.0,109.0,570.0,10,14.409856796264648,28.58891281713983,2.9191895656349867,4.409856796264648,0.0003742532802995881,0.42784422979781467,0.0003732629943293597,0.42585070420084925,-0.00016648593817336762,0.022055143122156454,1,-1.0,-1.0,0,0,4,4,1,32.0,63.0,cotonou/COTO,382.5959232662903,65.5,56.6,0.5769801172109572
6.356738322062304,2.379234505747156,COTO,cotonou,6.352268,2.402957,2670.8107421514374,21238.37353,9.0,100.0,109.0,570.0,10,13.643439769744873,280.7375594744159,2.0447756359132137,3.643439769744873,-2.3895076746479706e-05,0.5698051503773012,-2.9809275090879586e-05,0.5821309331903516,-0.0009638405152946585,0.03263886978665922,1,-1.0,-1.0,0,0,4,12,1,33.0,63.0,cotonou/COTO,346.04950975268054,62.4,70.7,0.47791541124076964
6.379440292744832,2.3627399943989142,COTO,cotonou,6.352268,2.402957,5369.150657391439,21238.37353,9.0,100.0,109.0,570.0,10,12.10880970954895,304.2114105328442,1.0338420596139155,2.10880970954895,-0.0002969326966566148,1.1548872225587086,-0.00037537615064534344,1.156633888390181,-0.004477576090359877,0.10528824994296757,0,4960.277461036981,4798.880146686536,1,7,2,6,1,29.5,80.0,cotonou/COTO,233.1422818794881,78.1,78.2,0.7205854896638866
6.355429265984802,2.4063899309462333,COTO,cotonou,6.352268,2.402957,516.2189383044164,21238.37353,9.0,100.0,109.0,570.0,10,15.035027980804443,47.182962520297565,10.316340276883329,5.035027980804443,0.00245932693834658,0.5586865650450886,0.00211812696958843,0.5442986787933634,-0.002475102742513021,0.09313887387805708,1,-1.0,-1.0,0,0,7,6,1,31.4,69.0,cotonou/COTO,299.4984878091749,71.6,64.7,0.5455242967341193
6.3531763999013,2.391780942005529,COTO,cotonou,6.352268,2.402957,1240.598362749476,21238.37353,9.0,100.0,109.0,570.0,10,15.160604000091553,274.67603779740136,4.32564037783507,5.160604000091553,0.0013440304472929784,0.40208979080248214,0.0012035610097827333,0.42229552679043364,0.0022673527399698894,0.11864157750280199,1,-1.0,-1.0,0,0,6,10,1,31.0,71.0,cotonou/COTO,295.36221914797846,68.3,54.4,0.8772350685250785
6.346709984154257,2.404136469138663,COTO,cotonou,6.352268,2.402957,628.349551113748,21238.37353,9.0,100.0,109.0,570.0,10,12.415261507034302,168.09029774565215,8.73864200719028,2.4152615070343018,-0.0020503649635920445,0.4014767682086725,-0.0023390642202436307,0.48048293117298013,-0.003580270943390189,0.10130823375469396,1,-1.0,-1.0,0,0,2,1,1,31.0,71.0,cotonou/COTO,313.45464504453633,69.1,77.3,0.651667589053424
6.348939906208241,2.3806142056329587,COTO,cotonou,6.352268,2.402957,2499.2755445015705,21238.37353,9.0,100.0,109.0,570.0,10,12.365355968475342,261.47743474565004,2.2142418891961904,2.365355968475342,-0.0005323950260404556,0.6087713747821315,-0.00121338322375505,0.6954894994172022,-0.02040164517765095,0.7416382094622469,1,-1.0,-1.0,0,0,0,2,1,32.0,71.0,cotonou/COTO,145.83304872345087,55.9,75.4,0.45794367041293516
6.353911636180121,2.3948528387139634,COTO,cotonou,6.352268,2.402957,914.8857317206704,21238.37353,9.0,100.0,109.0,570.0,10,15.086692810058594,281.53426744945773,5.860901646287333,5.086692810058594,0.0015022493287124594,0.48861777436062637,0.0014587207274003463,0.4953693441533333,0.0014302531878153484,0.06333815011029378,1,-1.0,-1.0,0,0,0,10,1,30.0,79.0,cotonou/COTO,392.28725444494233,70.0,62.9,0.8155017861621411
6.3549847102002515,2.4049372564519658,COTO,cotonou,6.352268,2.402957,371.83925145250794,21238.37353,9.0,100.0,109.0,570.0,10,15.336487770080566,35.92096293950385,14.13825090098238,5.336487770080566,0.004178195733290453,0.6495014723658661,0.003783345222473145,0.6739814786085503,0.0010287324587504069,0.04830060194633095,1,-1.0,-1.0,0,0,4,8,1,31.4,69.0,cotonou/COTO,218.02671877540922,64.7,65.4,0.9549938552705667
6.377283755234488,2.3616327429538866,COTO,cotonou,6.352268,2.402957,5343.841372230912,21238.37353,9.0,100.0,109.0,570.0,10,12.775887489318848,301.34818384221467,1.0315874674652357,2.7758874893188477,-0.00017338993385073418,1.2147645825670887,-0.00017212864423375365,1.211705961397166,1.7880732401920644e-05,0.01648693876899013,0,-1.0,4819.095425859539,0,4,3,13,1,31.0,75.0,cotonou/COTO,316.153254609243,76.1,78.2,0.0016327106468384533
6.356861299453839,2.4057735431692353,COTO,cotonou,6.352268,2.402957,595.932278277139,21238.37353,9.0,100.0,109.0,570.0,10,14.75184965133667,31.35871649640046,8.987032796326154,4.75184965133667,0.0016772957366207354,0.6097882056563205,0.0011889976776365066,0.5839740721229887,-0.0054637466745932955,0.15461579974079676,1,-1.0,-1.0,0,0,1,10,1,31.0,75.0,cotonou/COTO,384.8115623263995,66.4,64.7,0.9032227728110018
6.352378405264439,2.4071066655947866,COTO,cotonou,6.352268,2.402957,459.28363872910114,21238.37353,9.0,100.0,109.0,570.0,10,14.229508399963379,88.46631822613222,11.659014724775476,4.229508399963379,0.0013526310805826423,0.17023966833845597,0.0011148691131068714,0.17796041962918485,0.0010519928140007336,0.04046730692903387,1,-1.0,-1.0,0,0,1,4,1,31.5,68.0,cotonou/COTO,286.83997943094687,75.4,71.6,0.345682982271857
6.355196271693708,2.40648182909292,COTO,cotonou,6.352268,2.402957,506.90963928398145,21238.37353,9.0,100.0,109.0,570.0,10,15.01555347442627,50.10789109962286,10.503747911289462,5.0155534744262695,0.0025658079222136854,0.5330732350258619,0.0020035872299894453,0.5161965559891951,-0.0018501924359443974,0.05145400218413681,1,-1.0,-1.0,0,0,4,6,1,31.4,69.0,cotonou/COTO,299.4984878091749,64.7,71.6,0.5473021140604012
6.3712311836097,2.3686262149085233,COTO,cotonou,6.352268,2.402957,4338.774930745822,21238.37353,9.0,100.0,109.0,570.0,10,11.556808829307556,299.06673470496105,1.28657173526241,1.5568088293075562,-0.0004942948516758009,1.325647599750372,-0.0004493177994892368,1.3307419517619303,0.0016420489418906639,0.036436307416817526,1,-1.0,-1.0,0,0,0,14,1,31.5,72.0,cotonou/COTO,291.86035290862867,64.7,79.6,0.4770248475389405
6.375867551914693,2.3620724536170843,COTO,cotonou,6.352268,2.402957,5222.280444241033,21238.37353,9.0,100.0,109.0,570.0,10,12.81812334060669,300.1504294501138,1.055131504247469,2.8181233406066895,-0.00016930820828392395,1.257233279380905,-0.00015233946654746573,1.2536657160322986,0.001754335777015367,0.06936429473022251,1,-1.0,-1.0,0,0,2,7,1,31.0,75.0,cotonou/COTO,386.1779175456935,76.1,76.5,0.42543617027323755
6.371633483659406,2.404145502850198,COTO,cotonou,6.352268,2.402957,2145.6214705172574,21238.37353,9.0,100.0,109.0,570.0,10,13.030752897262573,3.4903248069946358,2.561015751032352,3.0307528972625732,-0.0003130733966827393,0.6154770401996349,-0.00037521102406957134,0.6529513079259847,-0.0020481725533803307,0.09550137387253291,1,-1.0,-1.0,0,0,4,1,1,32.0,75.0,cotonou/COTO,331.4609434005665,86.5,75.5,0.8061656850219442
6.371796768351356,2.3547346904804267,COTO,cotonou,6.352268,2.402957,5755.770122502983,21238.37353,9.0,100.0,109.0,570.0,10,13.228523254394531,292.17273982309524,0.9532686281215026,3.2285232543945312,-8.306739230950675e-05,1.3674011722962174,-0.00010000769320214424,1.3603807518145044,-0.0011508510525968945,0.022817023869010303,0,-1.0,5167.505039842357,0,4,2,0,1,29.5,69.0,cotonou/COTO,249.20674248494376,51.6,58.6,0.5949633862580151
6.364266013737914,2.373270580397908,COTO,cotonou,6.352268,2.402957,3542.3620514476847,21238.37353,9.0,100.0,109.0,570.0,10,11.758622884750366,292.13124026026094,1.5724314927518643,1.7586228847503662,-0.0005935549233346221,1.2092346534965663,-0.0005582138398856378,1.2204806630518554,-0.0007553054209700777,0.020805256476907036,1,-1.0,-1.0,0,0,3,8,1,33.0,49.0,cotonou/COTO,320.12677113920535,66.8,60.5,0.7155402912073491
6.374857990631822,2.35570385479324,COTO,cotonou,6.352268,2.402957,5794.21232538593,21238.37353,9.0,100.0,109.0,570.0,10,13.443965673446655,295.69142869907284,0.9448154293861214,3.4439656734466553,-4.5193429665057506e-05,1.3256852427345323,-4.329400184826971e-05,1.322414734602327,-0.00030306710137261285,0.013805973871727061,0,-1.0,5306.523111625991,0,9,1,7,1,31.0,63.0,cotonou/COTO,241.37076977131866,58.3,72.1,0.34279022729947806
6.379734036912273,2.363306303114105,COTO,cotonou,6.352268,2.402957,5335.766755970279,21238.37353,9.0,100.0,109.0,570.0,10,12.526562452316284,304.87860682401526,1.0358246250975496,2.526562452316284,-0.00021920842609439228,1.1425643638839236,-0.0003031787700567736,1.1395693033560692,-0.004642232818091472,0.08567508975928374,0,-1.0,4790.427869087544,0,16,0,13,1,31.8,31.0,cotonou/COTO,277.57990849483264,78.2,70.4,0.061614764909428965
6.352895856652992,2.3736200357358976,COTO,cotonou,6.352268,2.402957,3246.5990707672063,21238.37353,9.0,100.0,109.0,570.0,10,13.97948694229126,271.2352268177869,1.6764375661180024,3.9794869422912598,8.333195969234548e-05,0.3671168294078487,8.74027697033313e-05,0.3674992913685584,-0.00024979777943660847,0.014685101924359149,1,-1.0,-1.0,0,0,2,12,1,33.0,63.0,cotonou/COTO,377.7671008703886,74.7,61.8,0.26642842735082495
6.368689901800987,2.3990490383016416,COTO,cotonou,6.352268,2.402957,1866.824349882639,21238.37353,9.0,100.0,109.0,570.0,10,12.756392478942871,346.69382788159004,2.9512550444695123,2.756392478942871,-0.0005029624101346131,0.6390552118268329,-0.0005292327453692754,0.6615456578611939,-0.0021166086196899416,0.0777741324221431,1,-1.0,-1.0,0,0,0,14,1,32.0,63.0,cotonou/COTO,322.2748851523748,68.2,73.4,0.14019639802744743
6.354663478924555,2.390725595601929,COTO,cotonou,6.352268,2.402957,1378.9713517101711,21238.37353,9.0,100.0,109.0,570.0,10,15.694811820983887,281.1483760399004,3.870897940796002,5.694811820983887,0.0014376564285224775,0.6216728592784518,0.0013103466894891528,0.6267823650507345,-0.0019326368967692055,0.0734038070909079,1,-1.0,-1.0,0,0,4,12,1,31.0,71.0,cotonou/COTO,295.36221914797846,54.4,68.3,0.8080548039421399
6.369300068052666,2.390516267937263,COTO,cotonou,6.352268,2.402957,2332.8688661819237,21238.37353,9.0,100.0,109.0,570.0,10,12.078321933746338,324.02353906628946,2.379049842424434,2.078321933746338,-0.0006960126069875864,0.6786232588677342,-0.0007284818092981975,0.7339238203598318,-0.0013298537996080187,0.05984342098236084,1,-1.0,-1.0,0,0,1,3,1,32.0,63.0,cotonou/COTO,281.07558431847417,70.8,86.3,0.7714563480266863
6.356714006043556,2.4058577108322536,COTO,cotonou,6.352268,2.402957,587.1481248493516,21238.37353,9.0,100.0,109.0,570.0,10,14.75184965133667,32.96011259754431,9.119242237779554,4.75184965133667,0.0015504262468654909,0.6130360584351546,0.001447095654227517,0.5862632336565358,-0.00401676098505656,0.18219067740940667,1,-1.0,-1.0,0,0,2,12,1,31.4,69.0,cotonou/COTO,384.8115623263995,64.7,66.4,0.04784253938746996
6.369515251921007,2.4017651647671996,COTO,cotonou,6.352268,2.402957,1911.890199922132,21238.37353,9.0,100.0,109.0,570.0,10,13.068948745727539,356.0713045522152,2.8724654999158887,3.068948745727539,-0.0003749001494555719,0.5332497129004815,-0.000387810215805516,0.5720904826503226,-0.0036413139767116965,0.134086932726436,1,-1.0,-1.0,0,0,1,15,1,32.0,63.0,cotonou/COTO,382.96286934899615,68.2,86.2,0.7058429168291476
6.355155987101864,2.393692662491371,COTO,cotonou,6.352268,2.402957,1073.6126720116154,21238.37353,9.0,100.0,109.0,570.0,10,15.522439002990723,287.41497524860324,4.9760933602012765,5.522439002990723,0.0016711769016772933,0.6161606498317196,0.0016867424874779902,0.6243965225782248,0.000789598011723438,0.021084805973175233,1,-1.0,-1.0,0,0,3,6,1,32.6,66.0,cotonou/COTO,279.6517178563703,57.1,62.9,0.5265725766685139
6.373752715680512,2.361326970346647,COTO,cotonou,6.352268,2.402957,5182.588090912277,21238.37353,9.0,100.0,109.0,570.0,10,13.20558786392212,297.44452319385243,1.0589285658748206,3.205587863922119,-8.671910641452172e-05,1.333427566127402,-6.665597643171034e-05,1.3260026115052055,0.002975342008802626,0.11258989911815959,1,-1.0,-1.0,0,0,0,11,1,31.5,72.0,cotonou/COTO,349.29744130181854,63.4,76.5,0.5681576677322107
6.379760428030095,2.3709475012919117,COTO,cotonou,6.352268,2.402957,4667.495566129019,21238.37353,9.0,100.0,109.0,570.0,10,12.050280094146729,310.83575247802656,1.1899338818725325,2.0502800941467285,-0.0003481237006789385,1.1457221783485008,-0.00032347737485346415,1.142776263506106,0.0017956366141637166,0.08583102153043236,1,-1.0,-1.0,0,0,0,10,1,30.7,55.0,cotonou/COTO,333.8960444509769,66.5,78.2,0.5864098295005319
6.3656125149309615,2.415718634565207,COTO,cotonou,6.352268,2.402957,2042.3952245557887,21238.37353,9.0,100.0,109.0,570.0,10,14.798947811126709,43.54364710435476,2.640772098980866,4.798947811126709,0.0005275151579852265,0.4063454739450802,0.00047884645221647125,0.4037742609449595,-0.0009569196202319361,0.026979253962660696,1,-1.0,-1.0,0,0,3,7,1,33.0,63.0,cotonou/COTO,337.6225164292086,57.9,61.6,0.303592758515859
6.374359570667718,2.3554573490543955,COTO,cotonou,6.352268,2.402957,5795.383968793628,21238.37353,9.0,100.0,109.0,570.0,10,13.394733905792236,295.080920655519,0.9451110472947107,3.3947339057922363,1.1692762323931073e-05,1.3407716960033398,-6.0184266832139776e-05,1.3373596332145314,-0.0003224478827582465,0.014308844480840336,0,-1.0,5295.982143827443,0,20,0,3,1,32.0,71.0,cotonou/COTO,396.8541073241009,65.2,58.3,0.812321111548969
6.371467449708407,2.356137872482719,COTO,cotonou,6.352268,2.402957,5598.257046977452,21238.37353,9.0,100.0,109.0,570.0,10,13.274072408676147,292.4245177137791,0.9796186819336025,3.2740724086761475,-7.716916674173668e-05,1.385130214072754,-7.042804933309137e-05,1.377851309220258,0.00030401945114135744,0.016398853738281125,0,-1.0,5127.061063063517,0,6,1,10,1,32.0,71.0,cotonou/COTO,399.3609701761259,65.2,51.6,0.4858506657693903
6.373082792155113,2.3907108287491416,COTO,cotonou,6.352268,2.402957,2671.0154322952158,21238.37353,9.0,100.0,109.0,570.0,10,12.197060585021973,329.6851754677196,2.0756051617931126,2.1970605850219727,-0.000559233647805673,0.8162743859919203,-0.0005414042280707167,0.8262068211767671,-9.560585021972656e-05,0.0154583119693878,1,-1.0,-1.0,0,0,1,15,1,33.0,67.0,cotonou/COTO,357.773164030067,81.4,84.9,0.34649605353473123
6.353681979930253,2.391422143275304,COTO,cotonou,6.352268,2.402957,1285.7652685213334,21238.37353,9.0,100.0,109.0,570.0,10,15.628065586090088,277.03202442106533,4.153513265678037,5.628065586090088,0.0014992085235480698,0.4945764136130991,0.0013815389011555507,0.5225390016389895,0.00015391002235848905,0.030515100645619304,1,-1.0,-1.0,0,0,8,6,1,31.0,71.0,cotonou/COTO,295.36221914797846,54.4,68.3,0.3557511199324921
6.384373195413382,2.3710333205252208,COTO,cotonou,6.352268,2.402957,5008.0244082052905,21238.37353,9.0,100.0,109.0,570.0,10,12.919071674346924,315.3415124089282,1.099107343664203,2.919071674346924,-0.00015815259657670508,1.112793612223264,-0.0001590605922520767,1.1062554079927156,-0.0005558749970039804,0.015644105569915082,0,4877.554834444431,4626.6518079812395,1,4,4,11,1,34.0,32.0,cotonou/COTO,265.7725736414513,57.6,53.4,0.6469213981716101
6.356854896912306,2.376484483320688,COTO,cotonou,6.352268,2.402957,2972.522229568114,21238.37353,9.0,100.0,109.0,570.0,10,14.04482364654541,279.8910870183284,1.8296520542017505,4.04482364654541,0.00011261073748270669,0.5731712072764826,6.536433509383497e-05,0.5727729415545723,-0.0005152691385786274,0.06605140148064517,1,-1.0,-1.0,0,0,0,11,1,31.5,70.0,cotonou/COTO,247.88812658137354,59.2,62.4,0.035236787261072156
6.3601051236920645,2.395450360655504,COTO,cotonou,6.352268,2.402957,1200.3905853240049,21238.37353,9.0,100.0,109.0,570.0,10,13.916435480117798,316.41075743602465,4.528972329433416,3.916435480117798,0.00017445082122820681,0.42347890624234,-7.435231125657368e-05,0.44330323069707644,-0.004799852921183883,0.14032901113998197,1,-1.0,-1.0,0,0,4,5,1,32.6,66.0,cotonou/COTO,204.60464730791253,56.5,68.1,0.3669150500350373
6.374825571581381,2.3552013595114025,COTO,cotonou,6.352268,2.402957,5842.892448335143,21238.37353,9.0,100.0,109.0,570.0,10,13.409627914428711,295.42356657476694,0.9372817265688274,3.409627914428711,-5.205577217405418e-05,1.3309909470942716,-4.9092200806903376e-05,1.3244010430866615,-0.00010236634148491753,0.005834107797911815,0,-1.0,5327.687502990962,0,10,0,3,1,32.0,71.0,cotonou/COTO,241.37076977131866,72.1,58.3,0.888774418708524
6.364202790998026,2.373463058517123,COTO,cotonou,6.352268,2.402957,3519.998379857802,21238.37353,9.0,100.0,109.0,570.0,10,11.765399098396301,292.1556602063872,1.5823063740212577,1.7653990983963013,-0.0005484724112149686,1.2009574864081394,-0.0005458424614673006,1.2120176787147976,-0.001356217102534655,0.05084735821610309,1,-1.0,-1.0,0,0,4,6,1,31.0,63.0,cotonou/COTO,320.12677113920535,60.5,66.8,0.21421222002813667
6.357888432388812,2.3764277829321956,COTO,cotonou,6.352268,2.402957,3000.279564813032,21238.37353,9.0,100.0,109.0,570.0,10,13.413018465042114,282.0349891425591,1.824789534799946,3.4130184650421143,-9.833236172563849e-05,0.681125870809011,-0.00010315108874272907,0.6916469226323071,-0.0006837444671022341,0.02529745620384728,1,-1.0,-1.0,0,0,3,11,1,31.5,70.0,cotonou/COTO,281.94874002195616,59.2,63.8,0.3891466097683265
6.36545739092251,2.4083779973800743,COTO,cotonou,6.352268,2.402957,1577.0877112690432,21238.37353,9.0,100.0,109.0,570.0,10,14.669935703277588,22.218894030860895,3.4229441216558856,4.669935703277588,0.0006056253265284894,0.4209139290558752,0.0004955114017833364,0.41594626963666054,-0.0026716033617655436,0.12147945730869755,1,-1.0,-1.0,0,0,4,10,1,32.0,63.0,cotonou/COTO,335.1905947367722,56.6,58.8,0.6020215252150439
6.360235712680061,2.376666232036488,COTO,cotonou,6.352268,2.402957,3039.33061797915,21238.37353,9.0,100.0,109.0,570.0,10,13.022541999816895,286.959793258929,1.8087128885806023,3.0225419998168945,-0.00022367628571254752,0.8458950170072518,-0.0002360483279024417,0.8532590557851883,-0.0007114505711552189,0.026201911162704792,1,-1.0,-1.0,0,0,2,12,1,31.7,62.0,cotonou/COTO,353.12133962707986,65.7,63.8,0.7399631764506479
6.384388051535953,2.3710211144137037,COTO,cotonou,6.352268,2.402957,5010.141533338718,21238.37353,9.0,100.0,109.0,570.0,10,12.919071674346924,315.3438150764747,1.0986430100103832,2.919071674346924,-0.0001576184895695349,1.1128141610621662,-0.00015864061425603654,1.1062757339585918,-0.0005322162365603826,0.015644105569915082,0,4879.61680401326,4628.60770915661,1,4,4,11,1,34.0,32.0,cotonou/COTO,265.7725736414513,53.4,57.6,0.36110893835278557
6.370504359053216,2.3543984611218125,COTO,cotonou,6.352268,2.402957,5738.499807021329,21238.37353,9.0,100.0,109.0,570.0,10,13.026591062545776,290.70330477543104,0.9581526279542919,3.0265910625457764,-0.00014841352361072595,1.3705165277276956,-0.0001244767833437621,1.36709547369446,-0.0010559722925695169,0.037027065313733495,0,-1.0,4967.9998329322925,0,4,0,7,1,32.0,36.0,cotonou/COTO,399.9159167874965,61.5,51.6,0.9487178310205113
6.364602798054968,2.4096293248731557,COTO,cotonou,6.352268,2.402957,1551.0263725892296,21238.37353,9.0,100.0,109.0,570.0,10,15.15335988998413,28.262439656773722,3.4625259298501896,5.153359889984131,0.000920451718700984,0.45354938998658767,0.0005927392044222058,0.44605802604621425,-0.0056519057114254164,0.13438321370396772,1,-1.0,-1.0,0,0,5,4,1,32.0,63.0,cotonou/COTO,343.10493220009766,58.8,67.6,0.6599756871054069
6.364611327437857,2.4099587722872347,COTO,cotonou,6.352268,2.402957,1569.5227447699465,21238.37353,9.0,100.0,109.0,570.0,10,15.131577491760254,29.412271163268315,3.4226109328254903,5.131577491760254,0.000895966074001864,0.4567933303303343,0.0007679136587804212,0.45187279031346844,-0.0035416507834929445,0.12100144437806162,1,-1.0,-1.0,0,0,5,4,1,32.0,63.0,cotonou/COTO,343.10493220009766,67.6,58.8,0.23340702678492298
6.357374337560598,2.376423734941422,COTO,cotonou,6.352268,2.402957,2989.460465546798,21238.37353,9.0,100.0,109.0,570.0,10,13.719290494918823,280.96060268265387,1.8255250954408082,3.7192904949188232,4.099686940511081e-06,0.6239083040819643,-1.0585122413638912e-05,0.6283149135728162,-0.00010995566272109178,0.010732417023367592,1,-1.0,-1.0,0,0,1,14,1,31.5,70.0,cotonou/COTO,281.94874002195616,59.2,63.8,0.1867470711013398
6.377360564102546,2.3640469230763963,COTO,cotonou,6.352268,2.402957,5121.784187912849,21238.37353,9.0,100.0,109.0,570.0,10,12.712973356246948,302.9811148520713,1.0770056411161981,2.7129733562469482,-0.0002007130696008131,1.2047203759514442,-0.0001990994047337644,1.198573026117096,-0.001232359144422743,0.04875467695393075,1,-1.0,-1.0,0,0,0,8,1,31.0,75.0,cotonou/COTO,333.1849486396399,76.1,64.2,0.8056410254655085
6.371307960777172,2.402579626083718,COTO,cotonou,6.352268,2.402957,2106.003382528371,21238.37353,9.0,100.0,109.0,570.0,10,12.55892014503479,358.87155182185893,2.621937475199776,2.55892014503479,-0.000539000605193662,0.6564207940256155,-0.0006447267453565408,0.6913479128709515,-0.004103278394870727,0.13464604111220874,1,-1.0,-1.0,0,0,0,4,1,32.0,75.0,cotonou/COTO,383.81129230388444,86.2,86.5,0.42963976080579214
6.3725425429913285,2.357851550311299,COTO,cotonou,6.352268,2.402957,5470.9360543171515,21238.37353,9.0,100.0,109.0,570.0,10,13.688153743743896,294.33867880358804,0.9980767626741975,3.6881537437438965,-3.4312732884141226e-06,1.3809335598550951,1.9610622759571072e-06,1.377695411101335,0.0013771762006616435,0.04538308026007208,0,-1.0,5229.732460740042,0,3,3,13,1,31.5,72.0,cotonou/COTO,246.89454307456222,63.4,65.2,0.8761280454878564
6.3697819629418015,2.3982261678351264,COTO,cotonou,6.352268,2.402957,2006.3104011652256,21238.37353,9.0,100.0,109.0,570.0,10,12.332911491394043,344.9732384926332,2.758464620304083,2.332911491394043,-0.0006899565266774668,0.7253453113811229,-0.0007052449212558027,0.7796741675514027,-0.001779943042331272,0.06688526145375714,1,-1.0,-1.0,0,0,2,3,1,31.7,72.0,cotonou/COTO,280.5468730889592,86.5,68.2,0.3691586779002308
6.379402434733985,2.3625855337146575,COTO,cotonou,6.352268,2.402957,5380.985575034307,21238.37353,9.0,100.0,109.0,570.0,10,11.917314410209656,304.0722929677391,1.033607069288205,1.9173144102096558,-0.0003314216710903026,1.160583913488137,-0.00035593159049720065,1.162203460380669,-0.0033044209614219292,0.1253219130901652,0,4971.211122426484,4787.890972575615,1,8,1,2,1,31.8,31.0,cotonou/COTO,233.1422818794881,78.2,78.1,0.35513053203059364
6.3617016384540745,2.4043924909312255,COTO,cotonou,6.352268,2.402957,1055.2663268633323,21238.37353,9.0,100.0,109.0,570.0,10,15.274956703186035,8.599688287017955,5.075491777565289,5.274956703186035,0.00145181969360069,0.450880266135496,0.0014647569782624582,0.46044122876880067,0.0014928844737452831,0.04458053614170212,1,-1.0,-1.0,0,0,4,5,1,31.0,75.0,cotonou/COTO,273.96095269222405,66.4,64.4,0.8624546561277913
6.361206807281066,2.4072559980308466,COTO,cotonou,6.352268,2.402957,1097.001492393298,21238.37353,9.0,100.0,109.0,570.0,10,14.811081409454346,25.54660714886853,4.907399480692768,4.811081409454346,0.0010205098017007429,0.4561274389601151,0.0009487040022499543,0.4461850449591392,0.00046999454498291015,0.023597148514709468,1,-1.0,-1.0,0,0,6,8,1,31.6,70.0,cotonou/COTO,264.2872471383624,70.5,62.5,0.33304636517017105
6.38080891732686,2.3679656400203086,COTO,cotonou,6.352268,2.402957,4994.94911320244,21238.37353,9.0,100.0,109.0,570.0,10,13.068166255950928,309.37826830939997,1.1002741779747784,3.0681662559509277,-8.695249870411836e-05,1.1177206864960312,-6.92844390869141e-05,1.1115869490337669,0.004235466321309408,0.21554724284993312,1,-1.0,-1.0,0,0,2,8,1,34.0,32.0,cotonou/COTO,290.4766293524832,61.3,66.5,0.31803316039154683
6.356849439943098,2.3987286922150757,COTO,cotonou,6.352268,2.402957,689.6026565084534,21238.37353,9.0,100.0,109.0,570.0,10,14.987957000732422,317.47160789361016,7.763152664124441,4.987957000732422,0.0018544053757551544,0.39702717493232953,0.0018075908256018742,0.4185340164466165,9.849885474028357e-05,0.04184776120697218,1,-1.0,-1.0,0,0,5,5,1,31.0,71.0,cotonou/COTO,337.12035847750434,62.0,62.4,0.14641775248818523
6.35666909755927,2.4044418780745698,COTO,cotonou,6.352268,2.402957,513.6876069862307,21238.37353,9.0,100.0,109.0,570.0,10,14.870622634887695,18.537007285166567,10.383820018618671,4.870622634887695,4.889004364924792e-05,0.5970537410871313,0.0016148359308723922,0.5821592057693077,-0.005380160812814966,0.16350533868687847,1,-1.0,-1.0,0,0,1,7,1,31.4,69.0,cotonou/COTO,285.8934238489022,64.7,68.1,0.5829268192335074
6.369902046218744,2.3897469135767557,COTO,cotonou,6.352268,2.402957,2437.017919037849,21238.37353,9.0,100.0,109.0,570.0,10,11.850809931755066,323.33260953624944,2.282828056503228,1.850809931755066,-0.0007545453261553756,0.7933806888777624,-0.0007610734080712245,0.8173276985188926,-0.001064408797738963,0.03337694549057575,1,-1.0,-1.0,0,0,0,0,1,33.0,67.0,cotonou/COTO,370.2078816016378,84.9,62.3,0.364985556642484
6.361155414744343,2.3842292202947246,COTO,cotonou,6.352268,2.402957,2293.316841076178,21238.37353,9.0,100.0,109.0,570.0,10,13.130881309509277,295.52521065264267,2.393781547144531,3.1308813095092773,-0.00024939832233247306,0.8496248944949044,-0.0002573627962844784,0.8675427795594503,-3.804763158162433e-05,0.01591995731087891,1,-1.0,-1.0,0,0,2,12,1,33.0,63.0,cotonou/COTO,318.97004498850305,75.2,54.4,0.30598872515303377
6.381699333509714,2.3686244896414483,COTO,cotonou,6.352268,2.402957,5002.169707002776,21238.37353,9.0,100.0,109.0,570.0,10,13.366671323776245,310.78178023941774,1.0952684509580384,3.366671323776245,-6.792816573274352e-05,1.1124376689495463,-1.6691698830508638e-05,1.1076444025027918,0.002841035525004069,0.1278465986251831,1,-1.0,-1.0,0,0,3,13,1,34.0,32.0,cotonou/COTO,218.89526468152152,61.3,58.1,0.6429633549209787
6.360997792349168,2.408249885360078,COTO,cotonou,6.352268,2.402957,1129.135022019462,21238.37353,9.0,100.0,109.0,570.0,10,14.621192455291748,31.07177550687203,4.777964244271214,4.621192455291748,0.0007940845607840457,0.46505006477088273,0.0010209616948800787,0.45401222065241154,0.0028708288367961894,0.056918782081901306,1,-1.0,-1.0,0,0,5,5,1,31.6,70.0,cotonou/COTO,264.2872471383624,70.5,62.5,0.7596074506771131
6.368607894022124,2.398579953806546,COTO,cotonou,6.352268,2.402957,1870.761409860863,21238.37353,9.0,100.0,109.0,570.0,10,12.783899307250977,345.0924021398176,2.9442147786089827,2.7838993072509766,-0.0007671853603211047,0.6155206757806289,-0.0005431381861368816,0.6629373182723879,-0.004916624228159586,0.23427997200081874,1,-1.0,-1.0,0,0,0,8,1,32.0,63.0,cotonou/COTO,322.2748851523748,68.2,73.4,0.30421195575310367
6.3710620459530976,2.351451876606022,COTO,cotonou,6.352268,2.402957,6065.648121911711,21238.37353,9.0,100.0,109.0,570.0,10,13.252984046936035,290.1639406622579,0.9043459548006958,3.252984046936035,-7.454965306424547e-05,1.3350013393826785,-6.52175416847364e-05,1.331755513893222,0.0018438332895020539,0.06215265867590597,0,5445.7121415159245,5166.1331699648845,5,10,3,7,1,32.0,36.0,cotonou/COTO,399.9159167874965,61.5,51.6,0.11634932373509888
6.379705821958363,2.369208735220265,COTO,cotonou,6.352268,2.402957,4811.278501096683,21238.37353,9.0,100.0,109.0,570.0,10,12.433120965957642,309.28704482384177,1.149825733109309,2.4331209659576416,-0.00026374129775148,1.1364481694831758,-0.00023553902820026655,1.133590287709918,0.0036177335306184963,0.11686075600613798,1,-1.0,-1.0,0,0,4,3,1,30.7,45.0,cotonou/COTO,260.0268288079785,58.1,66.5,0.9205889066827233
6.379234666978616,2.3613720802058866,COTO,cotonou,6.352268,2.402957,5482.823271006604,21238.37353,9.0,100.0,109.0,570.0,10,11.651920557022095,303.12656339586795,1.0171854583797522,1.6519205570220947,-0.0003743298501047715,1.1853172715775504,-0.00040170132512136686,1.1893104303537667,-0.0019374608594265649,0.06668695577333811,0,-1.0,4999.367912440891,0,10,3,8,1,29.5,80.0,cotonou/COTO,398.98903293196753,78.1,70.4,0.051555659538566445
6.362301814173719,2.4068052558908266,COTO,cotonou,6.352268,2.402957,1188.4999806387514,21238.37353,9.0,100.0,109.0,570.0,10,15.066255569458008,20.865147833192964,4.519009310568277,5.066255569458008,0.0011582126282238677,0.44579346307154655,0.0011092369518582782,0.4446572281232564,0.0012215216954549152,0.05585346408484879,1,-1.0,-1.0,0,0,3,13,1,31.6,70.0,cotonou/COTO,373.8657305772486,70.5,58.8,0.29302332506882633
6.38355173712886,2.3722401995714932,COTO,cotonou,6.352268,2.402957,4849.549308854815,21238.37353,9.0,100.0,109.0,570.0,10,12.892058372497559,315.70286250908083,1.1353341000918213,2.8920583724975586,-0.00017393328352940333,1.1220273036002033,-0.0001683280719974177,1.115259056777357,-0.000365746021270752,0.023753482044723138,1,-1.0,-1.0,0,0,4,10,1,34.0,32.0,cotonou/COTO,268.94546398849457,53.4,64.4,0.2851913070183172
6.372656116801209,2.358058530619025,COTO,cotonou,6.352268,2.402957,5455.234167312902,21238.37353,9.0,100.0,109.0,570.0,10,13.695649862289429,294.5585276227192,1.0008702522530069,3.6956498622894287,-2.0772109538207813e-06,1.3854729291479122,5.03712502422113e-06,1.3792340459236712,0.0004349611326840209,0.03776151781345997,0,5258.4521733016145,5236.587507300361,1,2,1,15,1,31.5,72.0,cotonou/COTO,246.89454307456222,63.4,65.2,0.7699842979359764
6.377366462246865,2.364223867405966,COTO,cotonou,6.352268,2.402957,5105.695222935801,21238.37353,9.0,100.0,109.0,570.0,10,12.7845778465271,303.10662244780883,1.0795954211803491,2.7845778465270996,-0.00017980771687528077,1.202183586392533,-0.0001850017743517262,1.1990461921106434,-0.0013951857884724934,0.05143277422087443,1,-1.0,-1.0,0,0,0,4,1,31.0,75.0,cotonou/COTO,333.1849486396399,76.1,64.2,0.8646224686553593
6.3593592838536654,2.4118076979561445,COTO,cotonou,6.352268,2.402957,1254.549956093005,21238.37353,9.0,100.0,109.0,570.0,10,15.190772533416748,51.124900984301576,4.276345231350207,5.190772533416748,0.0011788630685789399,0.4056209200938007,0.001130719902997311,0.4056398733622211,0.00016966018641796938,0.014014382946164224,0,-1.0,1086.1033688019602,0,5,4,1,1,32.0,67.0,cotonou/COTO,276.1246316430909,68.1,65.5,0.3923422410646352
6.347746802822975,2.3849028295549917,COTO,cotonou,6.352268,2.402957,2059.1564754070264,21238.37353,9.0,100.0,109.0,570.0,10,11.19252598285675,255.8585786741956,2.7194372060048617,1.1925259828567505,-0.001693263758371121,0.5587837816272149,-0.0015959605084898327,0.7943218239668751,-0.02121094216903051,1.1306247057107568,1,-1.0,-1.0,0,0,1,4,1,31.0,75.0,cotonou/COTO,170.17425892305585,72.8,63.1,0.41700705743815614
6.362552343183266,2.383106688513447,COTO,cotonou,6.352268,2.402957,2473.2413716752912,21238.37353,9.0,100.0,109.0,570.0,10,13.126152515411377,297.53415413234274,2.2199280150432292,3.126152515411377,-0.00023326864204253534,0.8812405070663775,-0.0003170204162597656,0.9000392314241146,-0.0031548380851745606,0.14603944068307476,1,-1.0,-1.0,0,0,3,4,1,31.7,62.0,cotonou/COTO,318.97004498850305,54.4,75.2,0.07038250747051578
6.381921850550151,2.3752861382240593,COTO,cotonou,6.352268,2.402957,4486.263055955995,21238.37353,9.0,100.0,109.0,570.0,10,12.532701015472412,317.159522702763,1.2318309007389097,2.532701015472412,-0.00024020661554449948,1.1378138424239972,-0.00024223306722808303,1.131317519062443,0.0012129406134287516,0.0684441981648401,1,-1.0,-1.0,0,0,2,1,1,34.0,32.0,cotonou/COTO,217.8231826505345,64.4,70.5,0.929345730652751
6.357189019660741,2.397866172109816,COTO,cotonou,6.352268,2.402957,783.2044084675032,21238.37353,9.0,100.0,109.0,570.0,10,15.139249801635742,314.2050771397501,6.833846676143752,5.139249801635742,0.0017682202068375953,0.4724730812904257,0.001552954426424371,0.47247321682976584,-0.0006082007923170356,0.04023896642512881,1,-1.0,-1.0,0,0,3,11,1,31.0,71.0,cotonou/COTO,230.8079454871386,58.3,62.0,0.5792329177729908
6.368185112570362,2.3893431845908752,COTO,cotonou,6.352268,2.402957,2316.7078700783336,21238.37353,9.0,100.0,109.0,570.0,10,12.246715068817139,319.63521942869676,2.391469098387033,2.2467150688171387,-0.0006240497287522015,0.7290358911228474,-0.0007097445017836551,0.7592112609644863,-0.00467824024798548,0.16590445432711076,1,-1.0,-1.0,0,0,5,7,1,33.0,67.0,cotonou/COTO,259.09644632842327,86.3,62.3,0.8416519746921521
6.354263761975524,2.3922388979266453,COTO,cotonou,6.352268,2.402957,1206.2184164400194,21238.37353,9.0,100.0,109.0,570.0,10,15.676355361938477,280.61224636687956,4.424091050855539,5.676355361938477,0.0016011088844237289,0.5506265557007011,0.0016072123101525092,0.5674711965108872,0.0021221522407150494,0.07736494050445261,1,-1.0,-1.0,0,0,7,9,1,32.6,66.0,cotonou/COTO,330.452052195156,57.1,54.4,0.5363828850945377
6.367293456207566,2.4002156654338007,COTO,cotonou,6.352268,2.402957,1689.0874413022013,21238.37353,9.0,100.0,109.0,570.0,10,13.399049282073975,349.72275917207094,3.239437490215135,3.3990492820739746,-0.00018008312983819617,0.5731672497498622,-0.00018615941663638742,0.5791940794779195,-0.0007838646129874637,0.02638664379732019,1,-1.0,-1.0,0,0,2,8,1,32.0,63.0,cotonou/COTO,311.79147214124436,68.2,66.0,0.5889734106161297
6.368620785015315,2.3893705430982486,COTO,cotonou,6.352268,2.402957,2351.5872739944075,21238.37353,9.0,100.0,109.0,570.0,10,11.995837450027466,320.4535716817047,2.36214063593802,1.9958374500274658,-0.0008016950484383111,0.7573242934588615,-0.000743541845078331,0.8077669929092101,-0.0016793896754582723,0.09059179010098634,1,-1.0,-1.0,0,0,5,3,1,32.0,63.0,cotonou/COTO,370.2078816016378,62.3,84.9,0.2346203172860204
6.360862287320006,2.364397164032351,COTO,cotonou,6.352268,2.402957,4370.831540856534,21238.37353,9.0,100.0,109.0,570.0,10,12.003631830215454,282.6421862741835,1.2712845227710439,2.003631830215454,-0.00038792228167471547,1.0589540525851036,-0.0003817218381005364,1.0740724491119806,0.00018041531244913738,0.006763615063937532,0,3994.186738738636,3976.6683758494314,5,7,1,1,1,33.0,48.0,cotonou/COTO,326.35698935364053,68.1,61.3,0.7392108652523662
6.373244186540437,2.390760609484875,COTO,cotonou,6.352268,2.402957,2683.638533466487,21238.37353,9.0,100.0,109.0,570.0,10,12.252869844436646,329.9788508191322,2.0646605802206115,2.2528698444366455,-0.0005385635517261647,0.8118963835677481,-0.0005452825539353966,0.8344187327717489,-0.00029625693957010906,0.020033164493964403,1,-1.0,-1.0,0,0,2,14,1,33.0,67.0,cotonou/COTO,357.773164030067,84.9,81.4,0.7059047209211741
6.367165784644424,2.4002823212699793,COTO,cotonou,6.352268,2.402957,1673.880418112988,21238.37353,9.0,100.0,109.0,570.0,10,13.453621864318848,349.88330280191417,3.266941986162064,3.4536218643188477,-0.0001508152201062157,0.5669233281770055,-0.00016035910310416385,0.5806170376649197,-0.00028505855136447484,0.019311548342695002,1,-1.0,-1.0,0,0,3,5,1,32.0,63.0,cotonou/COTO,311.79147214124436,68.2,66.0,0.6402471307534174
6.38473598205864,2.382941730708767,COTO,cotonou,6.352268,2.402957,4218.516203252128,21238.37353,9.0,100.0,109.0,570.0,10,14.852128028869629,328.5070740900033,1.2785017582180391,4.852128028869629,0.00027299688325656464,0.9874267716924077,0.0002537146592751527,0.9944806227205558,-0.0003665328025817871,0.02407631145466018,1,-1.0,-1.0,0,0,3,7,1,33.0,41.0,cotonou/COTO,266.4578062283396,75.6,64.8,0.44409336340520755
6.373695855937656,2.3908999230976535,COTO,cotonou,6.352268,2.402957,2719.3353791926556,21238.37353,9.0,100.0,109.0,570.0,10,12.314165592193604,330.78604457939264,2.0362908231836254,2.3141655921936035,-0.0005042354914897904,0.8184993747500903,-0.0005478746147565945,0.8408970308804512,-0.000909783442815145,0.058734596803156396,1,-1.0,-1.0,0,0,2,8,1,33.0,67.0,cotonou/COTO,357.773164030067,81.4,84.9,0.14744937089081944
6.385390862175295,2.3697292855073826,COTO,cotonou,6.352268,2.402957,5189.6098311939295,21238.37353,9.0,100.0,109.0,570.0,10,13.0038001537323,315.0886490458966,1.0597231932609823,3.0038001537323,-0.0001354896493959519,1.0925963544108768,-0.00013631189437139605,1.0863706839974978,-0.0001382907231648763,0.006223082542419434,0,4981.6094371581,-1.0,4,0,2,10,1,33.0,28.0,cotonou/COTO,282.2544702923159,68.0,57.6,0.8555340123344167
6.385347611324588,2.3696518525327286,COTO,cotonou,6.352268,2.402957,5192.31116247265,21238.37353,9.0,100.0,109.0,570.0,10,13.0038001537323,314.98453764370197,1.0591719914906719,3.0038001537323,-0.0001347109732499981,1.089505546541631,-0.00012814758346989765,1.086407526272988,-0.0006079464228289924,0.037689327347558775,0,4994.607931837419,5015.418798220075,2,2,2,9,1,33.0,28.0,cotonou/COTO,282.2544702923159,68.0,57.6,0.8206542940217931
6.366473687510067,2.4097497758471937,COTO,cotonou,6.352268,2.402957,1741.491032037779,21238.37353,9.0,100.0,109.0,570.0,10,14.459415912628174,25.418122981909164,3.107374370602255,4.459415912628174,0.00042509857544117735,0.40783886207030806,0.0003756641017066108,0.40796650096451137,-0.0013130452897813585,0.05081298794549843,1,-1.0,-1.0,0,0,7,5,1,32.0,63.0,cotonou/COTO,273.522108978383,67.6,56.6,0.8380397773031142
6.360072021596833,2.376619692414786,COTO,cotonou,6.352268,2.402957,3039.0692889894144,21238.37353,9.0,100.0,109.0,570.0,10,13.022541999816895,286.6030519479122,1.808868316136598,3.0225419998168945,-0.00022367628571254752,0.8388654906838922,-0.00023072812389451217,0.8459088258251836,-0.0005287902335496384,0.01860152542697323,1,-1.0,-1.0,0,0,2,9,1,32.4,63.0,cotonou/COTO,353.12133962707986,63.8,65.7,0.20654300550104243
6.355545389201712,2.393032504243972,COTO,cotonou,6.352268,2.402957,1156.3185991056205,21238.37353,9.0,100.0,109.0,570.0,10,15.596985340118408,288.3808227717529,4.618108309443005,5.596985340118408,0.001615379406855656,0.6465102884275338,0.001647837762910176,0.6586477334073018,0.0013022144635518392,0.06725346496414633,1,-1.0,-1.0,0,0,0,11,1,31.0,71.0,cotonou/COTO,279.6517178563703,62.9,57.1,0.7776478138376288
6.360828813390254,2.3612561994507675,COTO,cotonou,6.352268,2.402957,4709.892274565604,21238.37353,9.0,100.0,109.0,570.0,10,12.101169109344482,281.67325300706597,1.1786067732721341,2.1011691093444824,-0.00034116156829060314,1.042836672675062,-0.00034015323630918744,1.0549658917457865,-0.00037730534871419276,0.014058138263985642,0,-1.0,4304.029814031894,0,3,0,0,1,33.0,48.0,cotonou/COTO,243.7480135303034,68.1,61.2,0.7257650289603383
6.382270599363598,2.374891783796547,COTO,cotonou,6.352268,2.402957,4544.231100941006,21238.37353,9.0,100.0,109.0,570.0,10,12.580732107162476,317.0893032023315,1.2155165927382867,2.5807321071624756,-0.00025348840110448996,1.1314657342733399,-0.0002315827262349975,1.124885715533258,0.0009782989819844563,0.04352377622064358,1,-1.0,-1.0,0,0,1,0,1,34.0,32.0,cotonou/COTO,217.8231826505345,64.4,70.5,0.6610774126170891
6.382701580225599,2.365374446371936,COTO,cotonou,6.352268,2.402957,5349.430973974755,21238.37353,9.0,100.0,109.0,570.0,10,13.984398365020752,309.1754368176248,1.0175700186367374,3.984398365020752,5.2424771460451366e-05,1.0978380103442844,4.274577232459349e-05,1.0963222439978244,-0.0007869129054855947,0.03115968392999809,0,-1.0,5199.346738231976,0,5,3,6,1,34.0,32.0,cotonou/COTO,379.59078834977134,55.8,68.0,0.13840223576697086
6.366439061803384,2.4097672460901105,COTO,cotonou,6.352268,2.402957,1738.8742452459,21238.37353,9.0,100.0,109.0,570.0,10,14.459415912628174,25.52955991136173,3.1120413930423036,4.459415912628174,0.0004309539866892979,0.41020923210672544,0.00037566410170661074,0.40848519730551397,-0.0013130452897813585,0.05081298794549843,1,-1.0,-1.0,0,0,7,5,1,32.0,63.0,cotonou/COTO,273.522108978383,56.6,67.6,0.1776991802797261
6.373954485111841,2.3549113451248442,COTO,cotonou,6.352268,2.402957,5831.654824568314,21238.37353,9.0,100.0,109.0,570.0,10,13.260979652404785,294.42880288533223,0.9405476197467344,3.260979652404785,-8.340075331356124e-05,1.344148004961248,-7.031107416592659e-05,1.3407443676344344,0.00014092022748406056,0.011541237696529474,0,5270.694039840299,5235.633990794799,5,23,0,0,1,31.0,63.0,cotonou/COTO,234.58846199256698,58.3,58.6,0.40545729296663957
6.354401355150074,2.406110747639822,COTO,cotonou,6.352268,2.402957,421.2043540113762,21238.37353,9.0,100.0,109.0,570.0,10,14.866046905517578,55.75940888084756,12.597878547528417,4.866046905517578,0.002575678825378418,0.4803483579517141,0.0025503074129422506,0.48420378621849,-0.000701088375515408,0.04532476529069444,1,-1.0,-1.0,0,0,4,7,1,31.4,69.0,cotonou/COTO,245.31000000003797,71.6,65.4,0.40159429420485016
6.367682876435932,2.389906630063405,COTO,cotonou,6.352268,2.402957,2234.0063576033276,21238.37353,9.0,100.0,109.0,570.0,10,12.5778968334198,319.92352036899575,2.4714132234579527,2.5778968334198,-0.000501819822523329,0.6609388469755286,-0.0010874491050236028,0.7085635839405899,-0.013026898746893565,0.18069229735664744,1,-1.0,-1.0,0,0,6,10,1,32.0,63.0,cotonou/COTO,212.6801711490812,70.8,62.3,0.5932096433307005
6.358692213548596,2.4130112144096794,COTO,cotonou,6.352268,2.402957,1319.906289399282,21238.37353,9.0,100.0,109.0,570.0,10,15.098717212677002,57.26213724933416,4.0693024687275114,5.098717212677002,0.0010535191408720453,0.4388272915672377,0.0009642127893742366,0.4313566222066719,-0.0013199298862180294,0.04459916640554656,1,-1.0,-1.0,0,0,2,5,1,32.0,67.0,cotonou/COTO,390.090387602657,65.5,58.7,0.09991389169504539
6.355179912614981,2.3936521012699163,COTO,cotonou,6.352268,2.402957,1078.6849357057145,21238.37353,9.0,100.0,109.0,570.0,10,15.522439002990723,287.4785901881612,4.95281110688467,5.522439002990723,0.0016789626252831237,0.6176868173494947,0.0016919311922727106,0.6263409910365716,0.0008553216057898937,0.02819072749437328,1,-1.0,-1.0,0,0,3,5,1,32.6,66.0,cotonou/COTO,279.6517178563703,57.1,62.9,0.5078807695466214
6.366323450228437,2.4122267734369975,COTO,cotonou,6.352268,2.402957,1862.2290345340662,21238.37353,9.0,100.0,109.0,570.0,10,14.545252799987793,33.242581916667234,2.903630258882662,4.545252799987793,0.0004435245322171974,0.4286879145904833,0.00040009472972303095,0.4269518900666207,-0.0012338337991185794,0.03762110309304731,1,-1.0,-1.0,0,0,7,8,1,32.0,63.0,cotonou/COTO,381.8464534337698,65.5,67.6,0.3332873116388765
6.368329615989932,2.396988203462409,COTO,cotonou,6.352268,2.402957,1895.0097293578863,21238.37353,9.0,100.0,109.0,570.0,10,12.736635208129883,339.7295624142096,2.9080313340335238,2.736635208129883,-0.0011734080525502748,0.5783822495638192,-0.0006109462763228971,0.6086755662270042,-0.005271840362030011,0.1750106484108245,1,-1.0,-1.0,0,0,1,11,1,32.0,63.0,cotonou/COTO,322.2748851523748,68.2,73.4,0.8607680201367274
6.369465846070988,2.398604727544619,COTO,cotonou,6.352268,2.402957,1961.8855602548438,21238.37353,9.0,100.0,109.0,570.0,10,12.450066328048706,345.88244615784095,2.8174142222927316,2.450066328048706,-0.000701585719580623,0.6912702404259067,-0.0006602831915313123,0.7414441806590175,-0.0027400076389312742,0.12300904863540445,1,-1.0,-1.0,0,0,2,13,1,31.7,72.0,cotonou/COTO,280.5468730889592,86.5,68.2,0.5642925487726966
6.354882588348595,2.3941561588152735,COTO,cotonou,6.352268,2.402957,1015.7502044804112,21238.37353,9.0,100.0,109.0,570.0,10,15.45411491394043,286.64293926715914,5.261833005424252,5.45411491394043,0.0017147221946281108,0.5910571959293227,0.0016924028720454256,0.6029168612261773,0.0010124876941525814,0.034041216919920694,1,-1.0,-1.0,0,0,2,9,1,31.0,71.0,cotonou/COTO,279.6517178563703,62.9,57.1,0.2598346473394437
6.3680800033750105,2.399805018318267,COTO,cotonou,6.352268,2.402957,1783.0515336395572,21238.37353,9.0,100.0,109.0,570.0,10,13.196271181106567,348.7941746206538,3.075556750666913,3.1962711811065674,-0.00036038180253022506,0.6003404636432718,-0.00041414653101275043,0.6325208466710316,-0.0037388384342193605,0.18398762937218002,1,-1.0,-1.0,0,0,1,14,1,32.0,63.0,cotonou/COTO,311.79147214124436,68.2,66.0,0.2730910140518603
6.377341833113246,2.3634849933974027,COTO,cotonou,6.352268,2.402957,5173.038595030452,21238.37353,9.0,100.0,109.0,570.0,10,12.632570266723633,302.58769991198704,1.0672273813763584,2.632570266723633,-0.00021513814560591665,1.2046652346393256,-0.00021063968113490506,1.198973833429295,-0.00047322710355122884,0.025536764282484976,0,4747.999351751396,4768.732973374765,2,1,0,7,1,30.7,55.0,cotonou/COTO,333.1849486396399,64.2,76.1,0.3816688675324217
6.352807307419404,2.4070616058353154,COTO,cotonou,6.352268,2.402957,458.0352217680481,21238.37353,9.0,100.0,109.0,570.0,10,14.381078243255615,82.46879759593588,11.671736251021134,4.381078243255615,0.001404347519079844,0.24476862583463121,0.001427125489544077,0.2541659628801654,0.0016792510778143842,0.057413713988607354,1,-1.0,-1.0,0,0,1,6,1,31.5,68.0,cotonou/COTO,286.83997943094687,75.4,71.6,0.5125709803128883
6.356177680823736,2.4056918463041708,COTO,cotonou,6.352268,2.402957,527.7262478970191,21238.37353,9.0,100.0,109.0,570.0,10,15.144085884094238,34.80722220468596,10.084588239897503,5.144085884094238,0.0024791104600723553,0.6526167583055366,0.0019893411795298263,0.6195621202206392,-0.0036287188529968263,0.18566808827905318,1,-1.0,-1.0,0,0,3,9,1,31.4,69.0,cotonou/COTO,218.02671877540922,65.4,64.7,0.7636631468290216
6.365589672719564,2.408492873677516,COTO,cotonou,6.352268,2.402957,1595.46288311414,21238.37353,9.0,100.0,109.0,570.0,10,14.607621669769287,22.440185597592063,3.385843717477382,4.607621669769287,0.000555944589920986,0.41742202777366777,0.0004851860024423651,0.4146819427782295,-0.001804304057226619,0.05164961741878134,1,-1.0,-1.0,0,0,4,10,1,32.0,63.0,cotonou/COTO,335.1905947367722,58.8,56.6,0.4559968068263711
6.354664043208397,2.4054802962998467,COTO,cotonou,6.352268,2.402957,384.90438500175236,21238.37353,9.0,100.0,109.0,570.0,10,15.163139820098877,46.3053674147676,13.701023626819048,5.163139820098877,0.003739321572381722,0.5602217145249949,0.0032792064878675664,0.5749740202107313,0.0003317250145806207,0.012869756724606728,1,-1.0,-1.0,0,0,7,8,1,31.4,69.0,cotonou/COTO,245.31000000003797,65.4,71.6,0.2893609312974682
6.365755806865576,2.4144541420930237,COTO,cotonou,6.352268,2.402957,1960.3329769206775,21238.37353,9.0,100.0,109.0,570.0,10,14.782427787780762,40.269484174809804,2.751633761469167,4.782427787780762,0.0005431496735775111,0.4045268447898718,0.0004240722798589451,0.40388127467593005,-0.003120401170518663,0.127617716982502,1,-1.0,-1.0,0,0,1,8,1,33.0,63.0,cotonou/COTO,281.80230889756126,57.9,65.5,0.20102082800903753
6.373860701492544,2.369262675373136,COTO,cotonou,6.352268,2.402957,4427.090278691731,21238.37353,9.0,100.0,109.0,570.0,10,11.794099569320679,302.81632455817703,1.2578449289694427,1.7940995693206787,-0.0004273784829063214,1.2598185254108976,-0.0004036040889843157,1.2611067741327768,0.0013457753225272456,0.0435244428672824,1,-1.0,-1.0,0,0,0,0,1,29.6,70.0,cotonou/COTO,151.02935906652115,80.0,79.6,0.02219583898221167
6.38218539662715,2.3637564893471352,COTO,cotonou,6.352268,2.402957,5454.917159661072,21238.37353,9.0,100.0,109.0,570.0,10,13.265422344207764,307.5237639239727,1.0054459191603888,3.2654223442077637,-8.676289074518831e-05,1.0950729345310433,-0.00011923927258824134,1.0891399729789963,-0.0035918399599292852,0.1097290081929725,0,5247.2149030807905,5225.351507651288,4,2,2,3,1,34.0,32.0,cotonou/COTO,196.14362722252218,55.8,70.4,0.7072315912512646
6.367131976566939,2.4126164106605934,COTO,cotonou,6.352268,2.402957,1960.6465476121484,21238.37353,9.0,100.0,109.0,570.0,10,14.457797527313232,32.856046261447034,2.7606590689827897,4.457797527313232,0.000382635909266157,0.42341496367515774,0.00031519484891357467,0.4235940076535778,-0.001611669166059016,0.054505239868361754,1,-1.0,-1.0,0,0,6,4,1,32.0,63.0,cotonou/COTO,382.5959232662903,65.5,56.6,0.11183362664908514
6.389247414870555,2.3768086947234606,COTO,cotonou,6.352268,2.402957,5009.295827762166,21238.37353,9.0,100.0,109.0,570.0,10,12.48018765449524,324.90428840773814,1.1038464984191774,2.4801876544952393,-0.00025292434653454034,0.9900548277731567,-0.0003288482703044472,0.9919543918930143,-0.009990364580001548,0.29626033936624685,0,4607.749068021711,4627.826406008734,4,14,3,8,1,31.0,59.0,cotonou/COTO,339.277088085809,66.1,64.0,0.973575311836511
6.3618812845577635,2.404907990762698,COTO,cotonou,6.352268,2.402957,1084.8055435966412,21238.37353,9.0,100.0,109.0,570.0,10,15.063660621643066,11.403421259177208,4.949056225477345,5.063660621643066,0.001222224493284483,0.42326718140377245,0.0013535095776488325,0.4328276227181406,0.0021158110421252863,0.07145328501273782,1,-1.0,-1.0,0,0,5,8,1,31.6,70.0,cotonou/COTO,240.45018714908818,64.4,70.5,0.23688871975625025
6.365421096528109,2.3692017268215544,COTO,cotonou,6.352268,2.402957,4007.9213345217227,21238.37353,9.0,100.0,109.0,570.0,10,11.498629570007324,291.4106553061815,1.3935691129968237,1.4986295700073242,-0.0005493437472860611,1.3231110312829781,-0.000548102107702517,1.3403891832252801,-0.0002766847610473633,0.014333788880981758,1,-1.0,-1.0,0,0,0,2,1,30.0,55.0,cotonou/COTO,263.8369831922563,62.5,66.8,0.08732762837847075
11.139287036464642,2.9060816562507052,KAND,kandi,11.123456,2.954658,5587.90774812623,7079.457844,327.0,100.0,427.0,538.0,10,297.0721130371094,288.37853348857516,1.3319794768790492,287.0721130371094,-0.006462257643646948,12.01754876260217,-0.006595126509612769,12.003730429114734,-0.014727903521671026,0.45215579545973505,1,-1.0,-1.0,0,0,0,0,0,26.0,22.0,kandi/KAND,359.64685178650427,83.3,78.5,0.6065104147072238
11.135898691462346,2.929925409075641,KAND,kandi,11.123456,2.954658,3032.1529235598623,7079.457844,327.0,100.0,427.0,538.0,10,293.685546875,297.1480494122508,2.517498136457768,283.685546875,-0.012954193314695672,13.567903537533391,-0.012844672295856424,13.6087414894444,0.00012303828497111478,0.038153191631742314,1,-1.0,-1.0,0,0,3,0,0,25.1,38.0,kandi/KAND,392.63572965291604,83.4,84.5,0.5689995109210034
11.130649240074359,2.9221897010992066,KAND,kandi,11.123456,2.954658,3635.007443453648,7079.457844,327.0,100.0,427.0,538.0,10,299.4974060058594,282.72664936805893,2.0089000626970086,289.4974060058594,-0.00924261541314464,12.373560398935028,-0.009146483192443386,12.358814855033927,0.0017570878728420947,0.05025730616276505,1,-1.0,-1.0,0,0,1,4,0,30.0,38.0,kandi/KAND,375.96242378723446,86.0,86.6,0.7564874767629002
11.120842981023207,2.92649180453001,KAND,kandi,11.123456,2.954658,3090.48644898906,7079.457844,327.0,100.0,427.0,538.0,10,301.66845703125,264.6016153101035,2.322299670924416,291.66845703125,-0.010245739862566267,9.855821449735076,-0.009891563750533563,9.965426099238327,0.0044897131757697575,0.15806177437788205,1,-1.0,-1.0,0,0,2,6,0,31.5,32.0,kandi/KAND,386.05135929607223,80.5,87.2,0.7264549466838495
11.122613060779189,2.924913963510385,KAND,kandi,11.123456,2.954658,3250.635129558417,7079.457844,327.0,100.0,427.0,538.0,10,301.28997802734375,268.3484938974143,2.214664510251378,291.28997802734375,-0.009796758529243119,10.768683607020252,-0.009591362615180822,10.784812464894832,0.007011501202050345,0.2266562058426264,1,-1.0,-1.0,0,0,0,0,0,31.5,32.0,kandi/KAND,125.68023710985162,80.5,82.0,0.5803951199834053
11.139649839578603,2.924354659973809,KAND,kandi,11.123456,2.954658,3763.883651960251,7079.457844,327.0,100.0,427.0,538.0,10,291.85504150390625,298.5773057071319,2.05636290898246,281.85504150390625,-0.010970988601603834,14.224567795714187,-0.010631553332010903,14.233707063233124,0.008930714925130208,0.40878649399593386,1,-1.0,-1.0,0,0,0,0,0,32.0,21.0,kandi/KAND,262.99505261506863,83.8,84.6,0.14209323143692498
11.136964154113643,2.9188516672886538,KAND,kandi,11.123456,2.954658,4187.145334863984,7079.457844,327.0,100.0,427.0,538.0,10,299.8116455078125,291.03459966510354,1.7398765113290278,289.8116455078125,-0.007780330764821005,13.420609813920594,-0.007742524482834506,13.349435165237336,0.014337921142578125,0.7161945906022692,1,-1.0,-1.0,0,0,0,2,0,30.4,39.0,kandi/KAND,239.88586973826605,85.4,79.8,0.7594091037530648
11.134644501621526,2.918014331377377,KAND,kandi,11.123456,2.954658,4189.90213799379,7079.457844,327.0,100.0,427.0,538.0,10,299.3875732421875,287.2888579552814,1.7445261558407175,289.3875732421875,-0.008080429803757441,12.82424581170153,-0.007799490628667839,12.763252785060294,0.009361012776692709,0.43226206625475433,1,-1.0,-1.0,0,0,0,0,0,30.0,38.0,kandi/KAND,208.75379014506763,87.5,85.4,0.47834311311573086
11.13542368345973,2.9068773862591994,KAND,kandi,11.123456,2.954658,5384.795919443557,7079.457844,327.0,100.0,427.0,538.0,10,301.71417236328125,284.32480953878814,1.332836822270492,291.71417236328125,-0.005853927047164352,11.226864927093441,-0.005905006045386904,11.18143378514878,-0.004001108805338541,0.28637119167090125,1,-1.0,-1.0,0,0,0,0,0,28.4,37.0,kandi/KAND,348.3702771476682,79.6,81.9,0.4978218826659946
11.105974541457728,2.9321877678958725,KAND,kandi,11.123456,2.954658,3124.9216984239447,7079.457844,327.0,100.0,427.0,538.0,10,330.03228759765625,231.59287083174945,1.7773432478517677,320.03228759765625,-0.0010454256572420635,2.983685005195962,-0.001326363041715802,2.990944032297541,-0.011162312825520833,0.4831637320264662,1,-1.0,-1.0,0,0,0,0,0,31.0,43.0,kandi/KAND,217.95597506908584,88.1,86.8,0.9746473670453113
11.126415074191577,2.9307987897763925,KAND,kandi,11.123456,2.954658,2626.883006699331,7079.457844,327.0,100.0,427.0,538.0,10,298.9951171875,277.20614144522096,2.789748464600886,288.9951171875,-0.01304670514924431,11.213816494839334,-0.013171033020668332,11.342607459170008,-0.014843166874542655,0.24669743426495008,1,-1.0,-1.0,0,0,3,6,0,35.3,21.0,kandi/KAND,193.7196474289899,83.3,79.8,0.3692426453137011
11.13475436479242,2.931309655667383,KAND,kandi,11.123456,2.954658,2840.3046289269832,7079.457844,327.0,100.0,427.0,538.0,10,293.3797302246094,296.25378547890796,2.693456541691455,283.3797302246094,-0.014016016909950661,13.134092720313955,-0.013627747332920838,13.273757850142413,0.0032100383839970474,0.04261792282266456,0,-1.0,2749.2327370175008,0,6,1,5,0,25.1,38.0,kandi/KAND,334.3661974542558,84.5,87.6,0.19508755732304917
11.132434744981627,2.9235998866585002,KAND,kandi,11.123456,2.954658,3535.1762030097675,7079.457844,327.0,100.0,427.0,538.0,10,297.4290466308594,286.41978992550554,2.0990600499047263,287.4290466308594,-0.01013777941820564,12.95641843046245,-0.01007713317871094,12.94923701749896,-0.003873358832465278,0.1828543560789641,1,-1.0,-1.0,0,0,1,4,0,33.0,34.0,kandi/KAND,371.69589343971694,82.4,86.6,0.16184804522032492
11.12990872570367,2.9198357544963254,KAND,kandi,11.123456,2.954658,3870.3896992047044,7079.457844,327.0,100.0,427.0,538.0,10,301.7046203613281,280.6979744121223,1.8541776809732606,291.7046203613281,-0.008167452840031245,11.968164110975648,-0.007854525450800986,11.915072769209848,0.011885591773356916,0.31291345155198214,1,-1.0,-1.0,0,0,0,3,0,25.9,36.0,kandi/KAND,217.3248474057293,74.6,85.7,0.16509395918148717
11.128305934392317,2.9280249842295265,KAND,kandi,11.123456,2.954658,2958.463505558798,7079.457844,327.0,100.0,427.0,538.0,10,297.20196533203125,280.51649191518266,2.5121531373344954,287.20196533203125,-0.012080951572727143,12.252160305469856,-0.011831040586968855,12.315125776617855,0.006786346435546875,0.32585235123986,1,-1.0,-1.0,0,0,1,4,0,35.3,21.0,kandi/KAND,386.7215149173957,83.3,82.6,0.8026375076968472
11.140278887833874,2.9289626925554155,KAND,kandi,11.123456,2.954658,3367.739027850419,7079.457844,327.0,100.0,427.0,538.0,10,292.995849609375,303.7161097224008,2.278627870054365,282.995849609375,-0.011896616167726769,14.007993132373297,-0.011840267024621936,14.02512017840339,-0.0007219085458767194,0.0552535537526108,1,-1.0,-1.0,0,0,0,2,0,34.2,16.0,kandi/KAND,232.1598899465155,83.4,79.7,0.9901662246678347
11.122036979662829,2.9243735659887613,KAND,kandi,11.123456,2.954658,3312.0564776207,7079.457844,327.0,100.0,427.0,538.0,10,301.79840087890625,267.26892875120876,2.1648511332123137,291.79840087890625,-0.009340845697417657,10.634138228874681,-0.00920276022942017,10.663817769469484,0.004705810546875,0.2532471894643002,1,-1.0,-1.0,0,0,0,0,0,33.2,27.0,kandi/KAND,366.5034435036539,88.5,80.5,0.9415089887357995
11.138614691654977,2.9209796573944207,KAND,kandi,11.123456,2.954658,4043.090112257941,7079.457844,327.0,100.0,427.0,538.0,10,297.13006591796875,294.64567058816147,1.839791176485573,287.13006591796875,-0.00888719178058615,13.836080574028582,-0.008713889760112531,13.783152277457791,0.009895155164930556,0.365402161146632,1,-1.0,-1.0,0,0,0,0,0,30.2,23.0,kandi/KAND,224.00284038368383,84.6,85.2,0.9002284037196596
11.141183039489254,2.9167785903519463,KAND,kandi,11.123456,2.954658,4578.998152717144,7079.457844,327.0,100.0,427.0,538.0,10,293.5588073730469,295.50296337118175,1.66924153156767,283.5588073730469,-0.008834797442298724,13.423675241694648,-0.008699419575352823,13.4177463823364,-0.013970438639322916,0.7663038877593285,1,-1.0,-1.0,0,0,0,3,0,30.2,29.0,kandi/KAND,312.10744640271304,82.9,82.2,0.6303948925458799
11.136838250088278,2.9357243194429707,KAND,kandi,11.123456,2.954658,2543.447253066305,7079.457844,327.0,100.0,427.0,538.0,10,294.7682800292969,305.768723894466,2.9760808152950133,284.7682800292969,-0.015120430740655635,12.168984341085803,-0.016171204345286537,12.393831468789008,-0.040552721694733285,0.6291925793533111,1,-1.0,-1.0,0,0,2,7,0,33.4,16.0,kandi/KAND,384.65784393401856,83.2,76.8,0.10589292019841245
11.125807084128525,2.928300583174295,KAND,kandi,11.123456,2.954658,2891.0418704820054,7079.457844,327.0,100.0,427.0,538.0,10,297.4830017089844,275.19692552674576,2.565102550817181,287.4830017089844,-0.012599388144745118,11.38630208925377,-0.01223506489899313,11.451917586115352,-0.010257874699574074,0.3620922439851771,1,-1.0,-1.0,0,0,2,6,0,35.3,21.0,kandi/KAND,192.4369964429442,81.1,87.2,0.14534360501463295
11.126560117675044,2.9264938493997046,KAND,kandi,11.123456,2.954658,3095.787718372224,7079.457844,327.0,100.0,427.0,538.0,10,298.6296081542969,276.41165730514666,2.374474975533327,288.6296081542969,-0.011120439187074319,11.960299113369947,-0.010382318468504194,11.954905085847876,0.02844387259106852,0.8713346430425921,1,-1.0,-1.0,0,0,0,2,0,35.7,22.0,kandi/KAND,276.13132473513264,81.0,81.1,0.1524426482669663
11.11144659382857,2.9221220862049537,KAND,kandi,11.123456,2.954658,3794.490942633337,7079.457844,327.0,100.0,427.0,538.0,10,311.863037109375,249.38826564933973,1.7380035055387058,301.863037109375,-0.005591994369660341,7.662882389751032,-0.005322699337350614,7.657087342297285,0.008191935221354167,0.46412216422701563,1,-1.0,-1.0,0,0,0,0,0,36.4,21.0,kandi/KAND,191.92410374935423,87.9,85.9,0.5489374476205809
11.113844829926348,2.931657331953984,KAND,kandi,11.123456,2.954658,2728.3363217832616,7079.457844,327.0,100.0,427.0,538.0,10,314.48480224609375,246.9350901791007,2.3615105812533033,304.48480224609375,-0.006919315325405114,5.383015273857985,-0.006908282755096327,5.543800857139532,-0.010221015082465278,0.37954299639574274,1,-1.0,-1.0,0,0,0,0,0,33.4,23.0,kandi/KAND,387.96207043984134,88.6,87.3,0.9869072250285876
11.1358484954476,2.918070075906794,KAND,kandi,11.123456,2.954658,4225.386535080711,7079.457844,327.0,100.0,427.0,538.0,10,299.6365661621094,289.04803441635073,1.7265114832074637,289.6365661621094,-0.007964258216515217,13.115053278378978,-0.00768477423086339,13.05005638166986,0.008012564505060278,0.21726686529260245,1,-1.0,-1.0,0,0,0,0,0,30.4,39.0,kandi/KAND,239.88586973826605,85.4,79.8,0.1290934732210055
11.1389063227768,2.9213036919742215,KAND,kandi,11.123456,2.954658,4024.4986246305307,7079.457844,327.0,100.0,427.0,538.0,10,296.99029541015625,295.2751897625407,1.8502721604761037,286.99029541015625,-0.008971625434027778,13.877533222805395,-0.008790251787971048,13.848297137323387,0.010045030381944445,0.3763054408662131,1,-1.0,-1.0,0,0,0,0,0,30.2,23.0,kandi/KAND,224.00284038368383,84.6,85.2,0.6842053505191543
11.138740984060846,2.905750267352409,KAND,kandi,11.123456,2.954658,5603.7816643260785,7079.457844,327.0,100.0,427.0,538.0,10,296.8369140625,287.6723807876381,1.3306112060924882,286.8369140625,-0.006504182594557709,11.839432339205857,-0.006732855717120443,11.81450905384979,-0.018742528451157352,0.426272879474857,1,-1.0,-1.0,0,0,0,0,0,28.4,37.0,kandi/KAND,130.8482388112753,78.5,83.6,0.632442158636905
11.116220322172174,2.928402271896496,KAND,kandi,11.123456,2.954658,2977.8375235650715,7079.457844,327.0,100.0,427.0,538.0,10,307.14874267578125,254.31473290871745,2.304782200703191,297.14874267578125,-0.008725545247395834,7.80929826314068,-0.008712969780098853,7.887592557966607,-0.007525288586244662,0.2814603654593732,0,-1.0,2745.100723126118,0,1,1,1,0,35.5,22.0,kandi/KAND,377.1768718948386,89.2,85.9,0.14942302717017253
11.10293889962439,2.9251772690863036,KAND,kandi,11.123456,2.954658,3939.95022650714,7079.457844,327.0,100.0,427.0,538.0,10,321.20306396484375,234.65670249451568,1.5381568979715952,311.20306396484375,-0.0030611905184659088,3.7541476598045804,-0.0029808604318048017,3.7960022909766584,0.004255652475577393,0.13329108935709116,1,-1.0,-1.0,0,0,0,0,0,31.4,32.0,kandi/KAND,185.52613185200588,83.6,82.2,0.48788485616053345
11.137653246192908,2.9288525732360884,KAND,kandi,11.123456,2.954658,3226.8919211540515,7079.457844,327.0,100.0,427.0,538.0,10,293.26934814453125,299.2823722182984,2.3731256178169007,283.26934814453125,-0.012380450328880218,13.797208794528117,-0.012176883581912877,13.853896579858398,-0.001575469970703125,0.08558253194004428,1,-1.0,-1.0,0,0,3,5,0,34.2,16.0,kandi/KAND,298.9384769478677,79.7,83.4,0.9802058762429681
11.116519408355446,2.9269184164778976,KAND,kandi,11.123456,2.954658,3125.9902759923493,7079.457844,327.0,100.0,427.0,538.0,10,306.5295104980469,255.7054221289609,2.2069922983611274,296.5295104980469,-0.008506624736483136,8.430161974226662,-0.008397401053950473,8.475855362822625,0.0011528862847222222,0.04914531383201342,1,-1.0,-1.0,0,0,1,5,0,33.2,27.0,kandi/KAND,377.1768718948386,85.9,89.2,0.405108519332822
11.117232781015066,2.925300900761586,KAND,kandi,11.123456,2.954658,3280.105136463343,7079.457844,327.0,100.0,427.0,538.0,10,304.2083435058594,257.8120219611171,2.1438824835798287,294.2083435058594,-0.008846956491746438,9.11922593817274,-0.008436965573994957,9.147269047971344,0.0053405474167004564,0.34682089413095674,1,-1.0,-1.0,0,0,1,1,0,33.2,27.0,kandi/KAND,277.74462035546526,88.5,85.9,0.7936110558784647
11.137247400259497,2.9187692855984704,KAND,kandi,11.123456,2.954658,4206.811929156044,7079.457844,327.0,100.0,427.0,538.0,10,299.3694763183594,291.39121244958636,1.7377643774330331,289.3694763183594,-0.008027400023548315,13.429962817558527,-0.007906173204592136,13.395606686457262,0.008047146267361112,0.2960414457290107,1,-1.0,-1.0,0,0,0,2,0,26.8,36.0,kandi/KAND,335.4422938451181,79.8,82.8,0.1345280570776921
11.134016029277484,2.9231968556631482,KAND,kandi,11.123456,2.954658,3629.8950474959197,7079.457844,327.0,100.0,427.0,538.0,10,295.1402893066406,288.88811665609626,2.08041397699337,285.1402893066406,-0.010518405746123418,13.324319388125826,-0.010335179072560515,13.329064944717171,0.0012023873001924775,0.058033306828331306,1,-1.0,-1.0,0,0,2,4,0,30.0,38.0,kandi/KAND,261.51750763597073,84.7,80.0,0.088753012313037
11.13608288088837,2.915296220823249,KAND,kandi,11.123456,2.954658,4521.023508065863,7079.457844,327.0,100.0,427.0,538.0,10,299.6427307128906,288.1084016714957,1.6135958462462734,289.6427307128906,-0.007473697227472711,12.634733589067961,-0.007406715044332471,12.58375239048081,-0.0069210018746713,0.30890102231245664,1,-1.0,-1.0,0,0,0,0,0,30.4,39.0,kandi/KAND,198.68689941707686,82.8,86.4,0.5883788372131599
11.121933614072057,2.926039633486977,KAND,kandi,11.123456,2.954658,3130.862893133903,7079.457844,327.0,100.0,427.0,538.0,10,300.4920654296875,266.8995385548458,2.3138764035983166,290.4920654296875,-0.010423273964533731,10.408412073435525,-0.010140285245452192,10.447712282729373,0.005668661561730972,0.22421146214417573,1,-1.0,-1.0,0,0,0,2,0,31.0,31.0,kandi/KAND,360.5272688756482,82.0,87.2,0.37223627930396697
11.125642346413713,2.9215106304276928,KAND,kandi,11.123456,2.954658,3629.132882727891,7079.457844,327.0,100.0,427.0,538.0,10,304.6504821777344,273.84891763553446,1.9308901574109514,294.6504821777344,-0.007893680969052207,11.24270766251685,-0.007406737562300798,11.182279889832966,0.0176999670854242,0.4817323841384182,1,-1.0,-1.0,0,0,1,0,0,34.3,13.0,kandi/KAND,320.7976815689198,82.1,84.4,0.38723062073593706
11.120295246108396,2.917254789145078,KAND,kandi,11.123456,2.954658,4100.948184561864,7079.457844,327.0,100.0,427.0,538.0,10,309.3978271484375,265.08130688371693,1.6426108604109162,299.3978271484375,-0.0058217886300562655,9.997176666200314,-0.0060264166594821865,9.928222581873152,-0.013362291116771877,0.6523725985455588,1,-1.0,-1.0,0,0,0,1,0,35.2,25.0,kandi/KAND,262.5331864737047,86.1,77.7,0.6109152584784928
11.134479426436053,2.906486659214919,KAND,kandi,11.123456,2.954658,5401.654712020539,7079.457844,327.0,100.0,427.0,538.0,10,303.1526794433594,283.13270665137486,1.313428227377459,293.1526794433594,-0.005587895262794553,10.955904316824789,-0.005436974829369849,10.90258336234773,0.004145304361979167,0.21870220502505883,1,-1.0,-1.0,0,0,0,0,0,28.4,37.0,kandi/KAND,348.3702771476682,81.9,79.6,0.8277839875674307
11.112601812268615,2.9223697773826878,KAND,kandi,11.123456,2.954658,3726.031964161126,7079.457844,327.0,100.0,427.0,538.0,10,310.35040283203125,251.0918918218802,1.793153527161501,300.35040283203125,-0.006126660156250001,8.038702225735143,-0.005896726884177622,8.039961659070258,0.008830933321137123,0.2649903978192985,1,-1.0,-1.0,0,0,0,0,0,33.2,27.0,kandi/KAND,172.33978820923755,85.3,87.9,0.48951958674629914
11.144566585293807,2.922051766893923,KAND,kandi,11.123456,2.954658,4259.067830876464,7079.457844,327.0,100.0,427.0,538.0,10,291.1802978515625,303.4223675485663,1.8265169073188798,281.1802978515625,-0.00989140535272459,14.407991883235809,-0.009805573357476128,14.403174155322882,-0.0015004475911458333,0.09196180507047154,1,-1.0,-1.0,0,0,0,0,0,32.0,21.0,kandi/KAND,357.0009189063783,81.8,81.4,0.329115808629594
11.114209632580836,2.9357036779168526,KAND,kandi,11.123456,2.954658,2309.4681988965635,7079.457844,327.0,100.0,427.0,538.0,10,321.8495178222656,243.56730087577012,2.606886282198084,311.8495178222656,-0.004967905019784903,3.9450485749658695,-0.005057205242649336,4.009515833565409,-0.0056635092152866875,0.1501257044671326,1,-1.0,-1.0,0,0,0,1,0,33.3,38.0,kandi/KAND,302.0118058950443,89.9,90.3,0.04421472209829347
11.139827755601532,2.922355222763736,KAND,kandi,11.123456,2.954658,3966.2902250084576,7079.457844,327.0,100.0,427.0,538.0,10,295.4350280761719,297.3212804401334,1.8998495536338351,285.4350280761719,-0.009496328406465382,14.116930416137068,-0.009423299660736826,14.097653926011793,0.004755185683269011,0.22809296565845236,1,-1.0,-1.0,0,0,0,0,0,30.2,23.0,kandi/KAND,262.99505261506863,84.6,83.8,0.010687611752386639
11.138216024590536,2.905888414581438,KAND,kandi,11.123456,2.954658,5572.10974335188,7079.457844,327.0,100.0,427.0,538.0,10,297.6587829589844,287.14710771435637,1.3297252998912195,287.6587829589844,-0.006428189941761811,11.72837578196159,-0.0064944382254959005,11.700933821880966,-0.015117051866319444,0.5974914899856844,1,-1.0,-1.0,0,0,0,0,0,28.4,37.0,kandi/KAND,130.8482388112753,83.6,78.5,0.8280486047927336
11.141117248480718,2.918552376312108,KAND,kandi,11.123456,2.954658,4401.445419638777,7079.457844,327.0,100.0,427.0,538.0,10,296.3121643066406,296.50136847724133,1.7007281459907047,286.3121643066406,-0.008810638990006824,13.562998207362636,-0.008541515102855845,13.533063589290936,-0.05203721788194445,1.9195567942799454,0,-1.0,4304.419568704855,0,1,0,1,0,30.2,29.0,kandi/KAND,387.1975309838644,82.9,85.2,0.001042242152569095
11.113173227147913,2.9326651053364694,KAND,kandi,11.123456,2.954658,2658.228359144778,7079.457844,327.0,100.0,427.0,538.0,10,317.2632751464844,244.52464647872546,2.3639365428219206,307.2632751464844,-0.006015769015537219,4.744471155274478,-0.0060355385581215655,4.893416900385556,-0.005205790201822917,0.30891038946871635,1,-1.0,-1.0,0,0,0,0,0,28.3,38.0,kandi/KAND,356.0124926179925,87.3,90.3,0.3874447849119873
11.126416023926108,2.9307916461210177,KAND,kandi,11.123456,2.954658,2627.670393013161,7079.457844,327.0,100.0,427.0,538.0,10,298.9951171875,277.20629569715794,2.7889138312945336,288.9951171875,-0.013042411199519682,11.213816494839334,-0.013114440693954434,11.342607459170008,-0.01356983952347992,0.24669743426495008,1,-1.0,-1.0,0,0,3,6,0,35.3,21.0,kandi/KAND,193.7196474289899,83.3,79.8,0.36511336475008904
11.125984607633512,2.9275619570191598,KAND,kandi,11.123456,2.954658,2973.194286121995,7079.457844,327.0,100.0,427.0,538.0,10,297.4375,275.435518854015,2.4951921075412535,287.4375,-0.011962626139322917,11.657184000243527,-0.011606172888843138,11.697527949034537,0.008931290737072694,0.2546131073425254,1,-1.0,-1.0,0,0,0,2,0,35.3,21.0,kandi/KAND,276.13132473513264,81.1,81.0,0.35983697755257527
11.133317193879192,2.9239973282892096,KAND,kandi,11.123456,2.954658,3522.518857663255,7079.457844,327.0,100.0,427.0,538.0,10,295.5862121582031,288.1514227793028,2.1365294208760863,285.5862121582031,-0.010660781429312323,13.18766409922062,-0.010374891493055557,13.188583635530069,0.0003339131673177082,0.1607908059497327,1,-1.0,-1.0,0,0,3,6,0,30.2,23.0,kandi/KAND,290.56781050227556,80.0,82.4,0.8373134961379428
11.116633789410432,2.929370774483047,KAND,kandi,11.123456,2.954658,2863.6764066223454,7079.457844,327.0,100.0,427.0,538.0,10,308.77459716796875,254.628800333325,2.364084181505874,298.77459716796875,-0.008353844541935301,7.5662133115473456,-0.008812365888738308,7.734363656778003,-0.013593037923177082,0.6222403312231163,1,-1.0,-1.0,0,0,1,6,0,35.5,22.0,kandi/KAND,323.68254725880485,88.4,89.2,0.7610281811943881
11.11090055950018,2.9348008693492535,KAND,kandi,11.123456,2.954658,2575.771302078026,7079.457844,327.0,100.0,427.0,538.0,10,327.942138671875,237.2049670145007,2.2023701480712856,317.942138671875,-0.0021473515810620327,3.180071258687234,-0.0022070104425603696,3.158845503758586,-0.013130357530381944,0.4829133079935099,1,-1.0,-1.0,0,0,0,0,0,31.0,43.0,kandi/KAND,382.98217256152554,88.7,85.8,0.6499583914819429
11.139287319080525,2.914163833036545,KAND,kandi,11.123456,2.954658,4757.5577832280505,7079.457844,327.0,100.0,427.0,538.0,10,296.7992858886719,291.72867087452704,1.5676299023304874,286.7992858886719,-0.007657461746183832,12.901437446078663,-0.008148705144846662,12.899927042169068,-0.054656982421875,2.443574664193029,0,-1.0,4605.010840278855,0,3,0,5,0,30.4,39.0,kandi/KAND,295.05963126131167,82.2,78.5,0.9381946211042537
11.129987394270305,2.9269174604896295,KAND,kandi,11.123456,2.954658,3115.3256297160415,7079.457844,327.0,100.0,427.0,538.0,10,298.4051513671875,283.49604449284413,2.36372133562627,288.4051513671875,-0.011171916580261702,12.609827602231213,-0.010941281108736243,12.618122888163903,0.0042968749999999995,0.15787953378868033,1,-1.0,-1.0,0,0,3,9,0,33.0,34.0,kandi/KAND,377.8714555243443,84.8,82.6,0.5982486135373908
11.13148874348248,2.9203320661168464,KAND,kandi,11.123456,2.954658,3853.6137292581157,7079.457844,327.0,100.0,427.0,538.0,10,299.6513671875,283.4176209212211,1.8927389503157304,289.6513671875,-0.008701294891593991,12.380315676701775,-0.008449898057311545,12.335379367888256,0.006410725911458333,0.2983529913669611,1,-1.0,-1.0,0,0,3,5,0,26.8,36.0,kandi/KAND,211.21815475956797,85.7,86.0,0.011714676550096947
11.138289856027763,2.9063422214512786,KAND,kandi,11.123456,2.954658,5527.149612240644,7079.457844,327.0,100.0,427.0,538.0,10,297.9716796875,287.3798251688155,1.3372961140762198,287.9716796875,-0.006370035807291666,11.799653273525047,-0.006495226718602169,11.784986693942187,-0.01757628962625114,0.5519474490120047,1,-1.0,-1.0,0,0,0,1,0,28.4,37.0,kandi/KAND,325.21295177169327,81.9,83.6,0.6183579069137315
11.13568467189058,2.9171673882909257,KAND,kandi,11.123456,2.954658,4313.064160820067,7079.457844,327.0,100.0,427.0,538.0,10,300.3804626464844,288.39205298207764,1.681561353547504,290.3804626464844,-0.007616588416093038,12.9126016370088,-0.007505491770565781,12.84788365756713,0.0019171820746527778,0.07067843422316702,1,-1.0,-1.0,0,0,1,0,0,30.4,39.0,kandi/KAND,371.02901908073824,85.4,86.4,0.2230065192414855
11.135902073593126,2.917278314066098,KAND,kandi,11.123456,2.954658,4309.1809784218585,7079.457844,327.0,100.0,427.0,538.0,10,300.3060302734375,288.7480299928901,1.6840646216134314,290.3060302734375,-0.007643367626048899,12.98018963936277,-0.007481956134535417,12.914448891577683,0.0035974947255249636,0.11491707485140082,1,-1.0,-1.0,0,0,0,0,0,30.4,39.0,kandi/KAND,193.28666844877344,85.4,82.8,0.3972867508817177
11.107262438575857,2.9315449361544683,KAND,kandi,11.123456,2.954658,3095.8279605606117,7079.457844,327.0,100.0,427.0,538.0,10,326.734619140625,234.47470879758112,1.8550048184498877,316.734619140625,-0.0021124228453024843,2.9660423193985075,-0.0018707711625050932,2.9630808143821072,0.007819789368745361,0.25914763887689357,1,-1.0,-1.0,0,0,0,1,0,31.0,43.0,kandi/KAND,217.95597506908584,88.1,86.8,0.24158687497451414
11.125786034994354,2.9287852375955117,KAND,kandi,11.123456,2.954658,2838.103901195847,7079.457844,327.0,100.0,427.0,538.0,10,298.58697509765625,275.24652771245854,2.5906414937203657,288.58697509765625,-0.012188913445723685,11.253084382950103,-0.012316967941231743,11.397578997965084,-0.010912322998046875,0.548913303770246,1,-1.0,-1.0,0,0,1,9,0,35.3,21.0,kandi/KAND,226.3883029222813,81.1,83.3,0.24046275995111133
11.1161699476252,2.9306600227416895,KAND,kandi,11.123456,2.954658,2742.703860388709,7079.457844,327.0,100.0,427.0,538.0,10,310.72576904296875,252.80919339395592,2.4275445781564735,300.72576904296875,-0.008188264266304347,6.825272439081245,-0.00816941498019171,6.964693302682467,-0.007100931803385417,0.3168215425720635,1,-1.0,-1.0,0,0,0,6,0,28.3,38.0,kandi/KAND,275.9081341679291,87.4,87.3,2.297140324558633e-05
11.130048112852222,2.919878986873951,KAND,kandi,11.123456,2.954658,3868.6237177744124,7079.457844,327.0,100.0,427.0,538.0,10,301.447021484375,280.93674012000776,1.8588346309511838,291.447021484375,-0.00822822389259466,11.999563100955827,-0.007995954906667461,11.94742830706367,0.008665296766493056,0.32931169499730384,1,-1.0,-1.0,0,0,1,3,0,25.9,36.0,kandi/KAND,217.3248474057293,74.6,85.7,0.23963254129499434
11.113386351302104,2.932363275453235,KAND,kandi,11.123456,2.954658,2678.1762571530967,7079.457844,327.0,100.0,427.0,538.0,10,316.2291564941406,245.28552954635836,2.368435023129713,306.2291564941406,-0.006331934045862269,4.954792575838659,-0.0064268551912014015,5.032501730552359,-0.016791405969046647,0.5459961566467024,1,-1.0,-1.0,0,0,0,0,0,31.0,43.0,kandi/KAND,356.0124926179925,90.3,87.3,0.7277574605973128
11.120312370043056,2.917235714382418,KAND,kandi,11.123456,2.954658,4102.863282765125,7079.457844,327.0,100.0,427.0,538.0,10,309.3978271484375,265.11032937242305,1.64184455680975,299.3978271484375,-0.0058217886300562655,9.997176666200314,-0.005296139065310251,9.92643029879051,0.02047390407986111,0.7592902639338497,1,-1.0,-1.0,0,0,0,2,0,35.2,25.0,kandi/KAND,262.5331864737047,86.1,77.7,0.6217531918079484
11.137721118094154,2.9287234471195704,KAND,kandi,11.123456,2.954658,3242.8679007875057,7079.457844,327.0,100.0,427.0,538.0,10,293.17034912109375,299.2769590316792,2.3631938561479795,283.17034912109375,-0.012827166854671815,13.827129132898463,-0.012200877821710022,13.85525719311346,-0.002980415420166116,0.09798004680497142,1,-1.0,-1.0,0,0,3,3,0,25.1,38.0,kandi/KAND,250.43971430260106,83.4,83.4,0.07763980394449121
11.11079147110528,2.93234907130065,KAND,kandi,11.123456,2.954658,2811.060585814435,7079.457844,327.0,100.0,427.0,538.0,10,322.44989013671875,239.95083149296488,2.1299862033066144,312.44989013671875,-0.003811856737484741,3.7648599347445493,-0.004132122463650174,3.8484278304489563,-0.008614095052083333,0.3189686097433201,1,-1.0,-1.0,0,0,0,0,0,33.4,23.0,kandi/KAND,165.92922165772438,88.6,88.7,0.252856910273243
11.111543762293058,2.932030838584315,KAND,kandi,11.123456,2.954658,2801.1571973872346,7079.457844,327.0,100.0,427.0,538.0,10,319.96636962890625,241.78746725848032,2.188236096356694,309.96636962890625,-0.005193063227561023,4.218848404596218,-0.004463428921169705,4.274984232650229,-0.00714569091796875,0.4383523079359067,1,-1.0,-1.0,0,0,0,0,0,28.3,38.0,kandi/KAND,387.96207043984134,87.3,88.6,0.68006890056284
11.126027008364582,2.929249239510525,KAND,kandi,11.123456,2.954658,2790.2185399895425,7079.457844,327.0,100.0,427.0,538.0,10,298.6477355957031,275.89018913971637,2.633794551050062,288.6477355957031,-0.01242926266031026,11.321146556505063,-0.012527949981032876,11.441381327672792,-0.011411273596423042,0.2854085465041691,1,-1.0,-1.0,0,0,3,8,0,35.3,21.0,kandi/KAND,226.3883029222813,81.1,83.3,0.4968174091300841
11.137797336815645,2.914278026109497,KAND,kandi,11.123456,2.954658,4687.661081018552,7079.457844,327.0,100.0,427.0,538.0,10,297.235595703125,289.9025520616322,1.5856637899107864,287.235595703125,-0.007662374249436042,12.794964713371082,-0.0077973377855518194,12.782596961001277,-0.016795179578993055,0.6370925100682924,0,-1.0,4302.502555323641,0,3,0,0,0,30.4,39.0,kandi/KAND,365.3384196878242,78.5,86.4,0.4192809798020941
11.114189870057965,2.9312802050854696,KAND,kandi,11.123456,2.954658,2751.8811293019885,7079.457844,327.0,100.0,427.0,538.0,10,313.49932861328125,248.00616057340613,2.361811921082651,303.49932861328125,-0.007183351378509965,5.6347909350621,-0.00751838949422238,5.7999262472821105,-0.015286761877995658,0.2181646532041754,1,-1.0,-1.0,0,0,0,0,0,28.3,38.0,kandi/KAND,392.9995717554643,87.3,89.2,0.13447087801105706
11.12111540259878,2.926077029298385,KAND,kandi,11.123456,2.954658,3132.9661930424654,7079.457844,327.0,100.0,427.0,538.0,10,301.07427978515625,265.23184229411396,2.3016943815708704,291.07427978515625,-0.010197538782877852,10.111496700073335,-0.009913022050233646,10.203548908022835,0.0034189860026041666,0.22367215572583393,1,-1.0,-1.0,0,0,0,3,0,31.0,31.0,kandi/KAND,386.05135929607223,87.2,80.5,0.4162265915428959
11.116559709633792,2.926718469861854,KAND,kandi,11.123456,2.954658,3146.085308273775,7079.457844,327.0,100.0,427.0,538.0,10,306.5295104980469,255.88279267425358,2.1929093539203324,296.5295104980469,-0.008506624736483134,8.463574089514164,-0.008441513869621298,8.56124331732111,-0.0033487955729166667,0.17675632056639337,1,-1.0,-1.0,0,0,0,3,0,33.2,27.0,kandi/KAND,377.1768718948386,85.9,89.2,0.34508251631762044
11.13247077964704,2.924750964897364,KAND,kandi,11.123456,2.954658,3415.840760773315,7079.457844,327.0,100.0,427.0,538.0,10,297.1269836425781,287.0799778789716,2.1773828842126464,287.1269836425781,-0.010602089381113285,13.027718998700221,-0.010469695343368352,13.028737306555014,-0.005614895290798612,0.20958608319007152,1,-1.0,-1.0,0,0,2,5,0,33.0,34.0,kandi/KAND,276.00636025271393,84.8,82.4,0.5825269518546702
11.139195396296447,2.92162488477383,KAND,kandi,11.123456,2.954658,4006.5500931811184,7079.457844,327.0,100.0,427.0,538.0,10,296.7176208496094,295.9048102315639,1.8624504839071783,286.7176208496094,-0.008984380648953514,13.966019837780417,-0.008927992389357311,13.91362063505909,0.009443660780080531,0.5539045927025626,1,-1.0,-1.0,0,0,0,0,0,30.2,23.0,kandi/KAND,224.00284038368383,85.2,84.6,0.5299231825533952
11.14493778779039,2.9214044825405083,KAND,kandi,11.123456,2.954658,4340.7137239105205,7079.457844,327.0,100.0,427.0,538.0,10,290.78448486328125,303.3638377589009,1.7974034341356635,280.78448486328125,-0.009827988310323195,14.39070447078878,-0.009601342164469954,14.3816167193396,-0.001824273003472222,0.09629885818831846,1,-1.0,-1.0,0,0,0,0,0,30.2,29.0,kandi/KAND,357.0009189063783,81.4,81.8,0.4388826310065025
11.133440305566632,2.919585602888399,KAND,kandi,11.123456,2.954658,3987.3126011715544,7079.457844,327.0,100.0,427.0,538.0,10,298.07781982421875,286.18254013031464,1.8519050477560375,288.07781982421875,-0.008827908665118265,12.783939369851758,-0.00880868733984803,12.74974864641535,-0.0031353150587864107,0.12033703115793833,1,-1.0,-1.0,0,0,0,0,0,30.0,38.0,kandi/KAND,367.47538693083294,86.0,87.5,0.544567009753368
11.12560258809372,2.9283386520753414,KAND,kandi,11.123456,2.954658,2884.9512521740266,7079.457844,327.0,100.0,427.0,538.0,10,297.8869934082031,274.75410724455196,2.5625033809037023,287.8869934082031,-0.012178139178613618,11.283956304936549,-0.012151902386931337,11.353973010518668,-0.007541232638888889,0.27837893721882034,1,-1.0,-1.0,0,0,2,7,0,35.3,21.0,kandi/KAND,366.44460781959253,81.1,82.6,0.013350499598643317
11.116479353745072,2.92711713930084,KAND,kandi,11.123456,2.954658,3106.047953346407,7079.457844,327.0,100.0,427.0,538.0,10,306.51788330078125,255.52686850578948,2.2213622629551444,296.51788330078125,-0.00859214587089343,8.342959259050824,-0.007846645634788672,8.429679734096643,0.015587857149454347,0.28836336814184654,1,-1.0,-1.0,0,0,1,6,0,33.2,27.0,kandi/KAND,377.1768718948386,85.9,89.2,0.464767127241166
11.13465628969038,2.93092265661609,KAND,kandi,11.123456,2.954658,2873.6343934094148,7079.457844,327.0,100.0,427.0,538.0,10,293.4429016113281,295.68641149931284,2.6610049509380453,283.4429016113281,-0.013848082224527996,13.158949751253168,-0.013519650413876488,13.286999622069963,0.0014967176649305556,0.05900154611851293,1,-1.0,-1.0,0,0,2,5,0,33.4,16.0,kandi/KAND,334.3661974542558,87.6,84.5,0.9374463643527372
11.108364747382597,2.9315489978765963,KAND,kandi,11.123456,2.954658,3026.537363354987,7079.457844,327.0,100.0,427.0,538.0,10,323.87188720703125,236.3571751117188,1.9515768781242087,313.87188720703125,-0.0031199640960189764,3.2520071380868263,-0.0028619197070343977,3.2921760064527663,0.0067795479577912295,0.1642195318712823,1,-1.0,-1.0,0,0,0,0,0,33.4,23.0,kandi/KAND,320.7240494333438,88.6,88.1,0.7537812939720652
11.1235682631985,2.9243391271354597,KAND,kandi,11.123456,2.954658,3312.1117119246305,7079.457844,327.0,100.0,427.0,538.0,10,301.62237548828125,270.2191374141281,2.1678557542687495,291.62237548828125,-0.009520421300206456,11.015105735018663,-0.009122802374285581,11.013450606773965,0.008231099446614584,0.40092620524109135,1,-1.0,-1.0,0,0,0,1,0,31.0,31.0,kandi/KAND,323.36645280546554,82.0,84.4,0.40372809434469337
11.135595898063938,2.9168293187850964,KAND,kandi,11.123456,2.954658,4345.102635523324,7079.457844,327.0,100.0,427.0,538.0,10,300.4522399902344,288.1149615316842,1.6682237808936708,290.4522399902344,-0.00755235973102806,12.81785478878817,-0.007438898410926871,12.753993715706889,0.0015485975477430556,0.057630636375151714,1,-1.0,-1.0,0,0,0,0,0,30.4,39.0,kandi/KAND,348.5559072802526,82.8,87.5,0.28453563413213645
11.141187356061776,2.916657294664117,KAND,kandi,11.123456,2.954658,4591.179330293001,7079.457844,327.0,100.0,427.0,538.0,10,293.5588073730469,295.4372806950414,1.6648152462742196,283.5588073730469,-0.008668844276153592,13.406573484215285,-0.008713931663673253,13.398124500627564,-0.020043004120513918,0.6236908758541855,1,-1.0,-1.0,0,0,0,2,0,30.4,39.0,kandi/KAND,312.10744640271304,82.2,82.9,0.32643938224803537
11.13455982811466,2.9245664338844457,KAND,kandi,11.123456,2.954658,3509.1693488367305,7079.457844,327.0,100.0,427.0,538.0,10,294.14154052734375,290.61284731409046,2.168203989629888,284.14154052734375,-0.011161861411915311,13.517350655674127,-0.011144951221421256,13.548317082686482,-0.005918717785647269,0.15155741271195652,1,-1.0,-1.0,0,0,0,7,0,30.2,23.0,kandi/KAND,290.56781050227556,80.0,82.4,0.31519827115091315
11.134884952015687,2.9247153351668485,KAND,kandi,11.123456,2.954658,3506.7395956186438,7079.457844,327.0,100.0,427.0,538.0,10,293.5214538574219,291.259425758046,2.1798217198653345,283.5214538574219,-0.011342591704869235,13.588654564600953,-0.01121434657847514,13.628517280752623,-0.0030877007378472218,0.12835822760038088,1,-1.0,-1.0,0,0,0,3,0,30.2,23.0,kandi/KAND,290.56781050227556,80.0,82.4,0.17859159004745584
11.136101820527264,2.9153746850415203,KAND,kandi,11.123456,2.954658,4513.520913362467,7079.457844,327.0,100.0,427.0,538.0,10,299.6427307128906,288.1676119065583,1.616276622467724,289.6427307128906,-0.00743546306955367,12.647724573010795,-0.007428530358540986,12.595037103738584,-0.008010101318359376,0.35398694248990054,1,-1.0,-1.0,0,0,0,0,0,30.4,39.0,kandi/KAND,198.68689941707686,82.8,86.4,0.543284458896285
11.136115149820661,2.9182568846201247,KAND,kandi,11.123456,2.954658,4215.79220235836,7079.457844,327.0,100.0,427.0,538.0,10,299.82293701171875,289.5195813893341,1.7279076919074179,289.82293701171875,-0.007683380690683439,13.207324776747662,-0.007735096324573865,13.140263563038834,0.01778437296549479,0.8288616326159123,1,-1.0,-1.0,0,0,0,1,0,30.4,39.0,kandi/KAND,239.88586973826605,85.4,79.8,0.2797456613909115
11.138494950436856,2.920846611596507,KAND,kandi,11.123456,2.954658,4050.862893328901,7079.457844,327.0,100.0,427.0,538.0,10,296.9307861328125,294.38886252285204,1.8390791441279053,286.9307861328125,-0.008986319082754629,13.80557534588638,-0.008549623405240382,13.751164877203214,0.013951556551314198,0.4267695016018468,1,-1.0,-1.0,0,0,0,0,0,30.2,23.0,kandi/KAND,224.00284038368383,84.6,85.2,0.9889256023289253
11.121069223937772,2.9162852701348103,KAND,kandi,11.123456,2.954658,4200.229997415152,7079.457844,327.0,100.0,427.0,538.0,10,312.0740966796875,266.37655143203244,1.5673252865864156,302.0740966796875,-0.005057706945036777,10.049027387866074,-0.00498900077712368,9.979173093359957,0.0019327799479166667,0.07559515916216905,1,-1.0,-1.0,0,0,0,0,0,35.3,25.0,kandi/KAND,386.61795560990697,77.7,80.3,0.09366113986512725
11.126775317195724,2.926285647715557,KAND,kandi,11.123456,2.954658,3121.102258195371,7079.457844,327.0,100.0,427.0,538.0,10,299.1886291503906,276.80211915625944,2.3449929353958643,289.1886291503906,-0.010940090523818348,12.022696399167952,-0.010080314740496034,12.019532916689613,0.03154284130021657,0.9684377682833252,1,-1.0,-1.0,0,0,0,0,0,35.7,22.0,kandi/KAND,213.30780787394355,87.2,81.0,0.9320823159149969
11.134610067521773,2.918018014168794,KAND,kandi,11.123456,2.954658,4188.394388615225,7079.457844,327.0,100.0,427.0,538.0,10,299.3875732421875,287.2404444978452,1.7451537667495964,289.3875732421875,-0.008080429803757441,12.821839965711431,-0.00779949062866784,12.760899265010075,0.009361012776692709,0.43269571818633795,1,-1.0,-1.0,0,0,0,0,0,30.4,39.0,kandi/KAND,208.75379014506763,85.4,87.5,0.540070843970578
11.136226991159702,2.9183352367446505,KAND,kandi,11.123456,2.954658,4211.852531427178,7079.457844,327.0,100.0,427.0,538.0,10,298.93359375,289.71798400904663,1.741610006784008,288.93359375,-0.008130445547983155,13.239155689991897,-0.00765077106324665,13.165593250365873,0.019578297932942707,0.9182307296841684,1,-1.0,-1.0,0,0,0,0,0,26.8,36.0,kandi/KAND,239.88586973826605,79.8,85.4,0.6570671414110084
11.139810777370553,2.9289568405420714,KAND,kandi,11.123456,2.954658,3339.9454268957134,7079.457844,327.0,100.0,427.0,538.0,10,292.9733581542969,302.96772614493966,2.297954616113181,282.9733581542969,-0.012009529840378536,13.93309083398591,-0.011971768615905612,13.95505482941757,-0.0033654780003266166,0.1109139563849399,1,-1.0,-1.0,0,0,1,1,0,25.1,38.0,kandi/KAND,298.9384769478677,83.4,79.7,0.821850323625589
11.117461098497158,2.9301288204834415,KAND,kandi,11.123456,2.954658,2760.4728089076943,7079.457844,327.0,100.0,427.0,538.0,10,309.1687927246094,256.0159896126363,2.4441954395626238,299.1687927246094,-0.008752961289353422,7.651397722224942,-0.008992797030682993,7.77450988945255,-0.014190078445775448,0.4176431865111711,1,-1.0,-1.0,0,0,2,2,0,35.5,22.0,kandi/KAND,323.68254725880485,88.4,89.2,0.3762332571362774
11.111837899216441,2.932816799127753,KAND,kandi,11.123456,2.954658,2710.1076163691605,7079.457844,327.0,100.0,427.0,538.0,10,322.1593017578125,241.53960180398292,2.2153864504155747,312.1593017578125,-0.0038305899927864625,4.044696310525315,-0.0043227851011865236,4.0679220903694935,0.0032028872137869016,0.40277882911024204,1,-1.0,-1.0,0,0,1,0,0,31.0,43.0,kandi/KAND,169.22313139762375,88.7,90.3,0.037615316392667575
11.101531827829444,2.92458728212612,KAND,kandi,11.123456,2.954658,4083.29191015348,7079.457844,327.0,100.0,427.0,538.0,10,323.4586486816406,233.3898782113495,1.4525563050429544,313.4586486816406,-0.0024006641694229018,3.6963040226996133,-0.0023238398602619267,3.713677808665803,0.006704033745659722,0.24708842823179283,1,-1.0,-1.0,0,0,0,0,0,31.5,29.0,kandi/KAND,226.45360253270923,82.2,83.5,0.32874171381401673
11.127020232583437,2.9286882894021184,KAND,kandi,11.123456,2.954658,2864.2260325023594,7079.457844,327.0,100.0,427.0,538.0,10,296.8409423828125,277.9650524128523,2.601902739440469,286.8409423828125,-0.012668206956651476,11.839660514312996,-0.012395004999069942,11.952867533522467,-0.0015446980794270833,0.0836308780109687,1,-1.0,-1.0,0,0,1,1,0,35.3,21.0,kandi/KAND,253.12137819628967,83.3,87.2,0.6845165571541445
11.113509332894827,2.9321891069273267,KAND,kandi,11.123456,2.954658,2689.8976316352564,7079.457844,327.0,100.0,427.0,538.0,10,315.7570495605469,245.71945777725966,2.3681650648496038,305.7570495605469,-0.006610616713582964,5.063119005675383,-0.0059295114586095325,5.208432176574378,0.008598043092605782,0.28441014924125535,1,-1.0,-1.0,0,0,0,0,0,28.3,38.0,kandi/KAND,356.0124926179925,87.3,90.3,0.20576600279644408
11.139748968559813,2.9222399650664594,KAND,kandi,11.123456,2.954658,3973.535931322983,7079.457844,327.0,100.0,427.0,538.0,10,295.4350280761719,297.1258564405532,1.8963877272736238,285.4350280761719,-0.009496328406465382,14.101410116722056,-0.009256983627507716,14.060042659112888,0.005826822916666667,0.26489904060039726,1,-1.0,-1.0,0,0,0,0,0,30.2,23.0,kandi/KAND,224.00284038368383,84.6,85.2,0.060023289027211546
11.127102594152262,2.928455292858732,KAND,kandi,11.123456,2.954658,2890.695487127919,7079.457844,327.0,100.0,427.0,538.0,10,296.8506164550781,278.07517268045916,2.5779186301616885,286.8506164550781,-0.012534282461474441,11.899904740773161,-0.012352588855369016,11.952127480993948,0.001864720004125968,0.06615118872684714,1,-1.0,-1.0,0,0,0,3,0,35.3,21.0,kandi/KAND,253.12137819628967,83.3,87.2,0.7928870424502236
11.13249440635152,2.9247030671237364,KAND,kandi,11.123456,2.954658,3421.608160601902,7079.457844,327.0,100.0,427.0,538.0,10,296.9739685058594,287.09634995009435,2.176274841756743,286.9739685058594,-0.010536640554234597,13.026599557452755,-0.010469695343368352,13.026711143041327,-0.005614895290798612,0.20958608319007152,1,-1.0,-1.0,0,0,3,7,0,33.0,34.0,kandi/KAND,276.00636025271393,82.4,84.8,0.3959942258906962
11.141061459368943,2.9156107047280697,KAND,kandi,11.123456,2.954658,4689.003568890737,7079.457844,327.0,100.0,427.0,538.0,10,293.1443786621094,294.6835697854883,1.635161880428294,283.1443786621094,-0.00929525645716657,13.308759652284424,-0.008649118270575453,13.311467927884204,-0.02158095211575864,0.8692649801570036,0,-1.0,4378.909144495157,0,6,0,2,0,30.4,39.0,kandi/KAND,295.05963126131167,78.5,82.2,0.9230385286128254
11.139714934392753,2.9289522087253004,KAND,kandi,11.123456,2.954658,3334.6413129142798,7079.457844,327.0,100.0,427.0,538.0,10,292.8802795410156,302.80946785901295,2.303202532896889,282.8802795410156,-0.012260669612968353,13.920685186568361,-0.011981116526291045,13.94203084121469,-0.003228623206441856,0.09872134261537839,1,-1.0,-1.0,0,0,2,0,0,34.2,16.0,kandi/KAND,298.9384769478677,79.7,83.4,0.21377903615156746
11.12730490874804,2.927994628549329,KAND,kandi,11.123456,2.954658,2943.6873736320863,7079.457844,327.0,100.0,427.0,538.0,10,297.0,278.37170071000554,2.5286702665110012,287.0,-0.012230767144097222,12.027814229517558,-0.011956601649141342,12.065178759504564,0.006766842815080241,0.20474897093599437,1,-1.0,-1.0,0,0,0,5,0,33.0,34.0,kandi/KAND,174.81002316812828,82.6,87.2,0.9698599006450852
11.120665691684533,2.9243278563894846,KAND,kandi,11.123456,2.954658,3327.68112943941,7079.457844,327.0,100.0,427.0,538.0,10,302.7551574707031,264.6466009223392,2.138245728806304,292.7551574707031,-0.009174614735460941,10.182275595430957,-0.008943082078846887,10.225911434664155,0.004318224769683922,0.1032901661345541,1,-1.0,-1.0,0,0,0,1,0,31.5,32.0,kandi/KAND,366.5034435036539,80.5,88.5,0.4740328228691071
11.11924586759412,2.930559790433657,KAND,kandi,11.123456,2.954658,2673.426435190078,7079.457844,327.0,100.0,427.0,538.0,10,307.5628662109375,259.90655688458213,2.5580267297099755,297.5628662109375,-0.009541671187789353,8.450688853354782,-0.009621577559809982,8.514925308005195,-0.009730699327256944,0.3691767558670485,1,-1.0,-1.0,0,0,0,3,0,31.0,31.0,kandi/KAND,351.7491748390901,85.1,88.4,0.6768650350593772
11.111414556573367,2.9226748865652796,KAND,kandi,11.123456,2.954658,3739.2434557298106,7079.457844,327.0,100.0,427.0,538.0,10,311.859619140625,249.01156679574217,1.7637188073742929,301.859619140625,-0.005708027031716078,7.534613909704534,-0.005500196722235892,7.53723390079202,0.010250600179036458,0.49763921075212914,1,-1.0,-1.0,0,0,0,0,0,36.4,21.0,kandi/KAND,246.3349853351433,85.9,85.3,0.29979375505419736
11.132576602466889,2.9192473721702523,KAND,kandi,11.123456,2.954658,3997.660411546515,7079.457844,327.0,100.0,427.0,538.0,10,299.1755676269531,284.7118423295227,1.8313977043591039,289.1755676269531,-0.008494977808710355,12.49146821885899,-0.008342821943155028,12.469390457174653,0.005915582545002897,0.18147052085740611,1,-1.0,-1.0,0,0,2,4,0,30.0,38.0,kandi/KAND,352.45777406663626,87.5,85.7,0.5146480408381219
11.112961056800966,2.934878627842049,KAND,kandi,11.123456,2.954658,2452.8840629506867,7079.457844,327.0,100.0,427.0,538.0,10,322.9797058105469,241.5996227111441,2.4283067592150855,312.9797058105469,-0.004205557970496697,3.7509538931517703,-0.00423595345297724,3.8541405671691686,-0.0036547788231196415,0.7059793976256293,1,-1.0,-1.0,0,0,0,1,0,33.3,38.0,kandi/KAND,302.0118058950443,89.9,90.3,0.5942481053009638
11.126228889432129,2.9296379679491005,KAND,kandi,11.123456,2.954658,2750.3777393741107,7079.457844,327.0,100.0,427.0,538.0,10,298.3684997558594,276.44661422263516,2.677696046726414,288.3684997558594,-0.012699188397515097,11.374319966592436,-0.012659705663111784,11.4980668069743,-0.01011682236604433,0.16993807915452608,1,-1.0,-1.0,0,0,3,2,0,35.3,21.0,kandi/KAND,226.3883029222813,81.1,83.3,0.7115845022654342
11.136307742821511,2.918391808530325,KAND,kandi,11.123456,2.954658,4209.039148141005,7079.457844,327.0,100.0,427.0,538.0,10,298.93359375,289.86146083128455,1.7427734067110832,288.93359375,-0.008130445547983155,13.267046289384561,-0.007695512192777361,13.227125565991269,0.026536907467218766,0.9328104768793812,1,-1.0,-1.0,0,0,0,1,0,30.4,39.0,kandi/KAND,239.88586973826605,85.4,79.8,0.3885552663913022
11.13279408390538,2.9240955389918226,KAND,kandi,11.123456,2.954658,3494.784386328696,7079.457844,327.0,100.0,427.0,538.0,10,296.36700439453125,287.29931908570836,2.14068608273845,286.36700439453125,-0.010563917707160366,13.064408033069695,-0.01036871902081145,13.067310752119393,-0.005540974934895833,0.25113678385979105,1,-1.0,-1.0,0,0,2,4,0,33.0,34.0,kandi/KAND,276.00636025271393,84.8,82.4,0.8764399139808846
11.124819743674035,2.9225917654569837,KAND,kandi,11.123456,2.954658,3506.2125229836606,7079.457844,327.0,100.0,427.0,538.0,10,303.6055908203125,272.48492917626334,2.0155829503204057,293.6055908203125,-0.008454434056956806,11.224282609750276,-0.008193250495867641,11.185532242658523,0.007597567027632192,0.2039109546647993,1,-1.0,-1.0,0,0,0,0,0,34.3,13.0,kandi/KAND,320.7976815689198,82.1,84.4,0.8572893291234364
11.10610301050004,2.9321973949639495,KAND,kandi,11.123456,2.954658,3115.319198832555,7079.457844,327.0,100.0,427.0,538.0,10,330.03228759765625,231.7864957073813,1.7828181091827147,320.03228759765625,-0.0010617781280406445,2.9727535765965314,-0.001325208933363094,2.971358814992131,-0.011121534330391822,0.4839724193319969,1,-1.0,-1.0,0,0,0,0,0,33.4,23.0,kandi/KAND,330.0848336780301,86.8,86.1,0.05833369299286506
11.112433433001621,2.9229355293725074,KAND,kandi,11.123456,2.954658,3673.718129095343,7079.457844,327.0,100.0,427.0,538.0,10,310.38983154296875,250.5032584984496,1.8180567329946502,300.38983154296875,-0.0062155953590785915,7.857503374356378,-0.005680814463196635,7.878016600980081,0.015837737722370845,0.17143983305916122,1,-1.0,-1.0,0,0,0,0,0,33.2,27.0,kandi/KAND,246.3349853351433,85.3,85.9,0.22631023180453558
11.126483556704374,2.930283682180146,KAND,kandi,11.123456,2.954658,2683.659116287054,7079.457844,327.0,100.0,427.0,538.0,10,298.79669189453125,277.2170330911781,2.7350449329256534,288.79669189453125,-0.01291563636897137,11.329511587602617,-0.01267936817113904,11.458709421795112,-0.005539957682291667,0.31266586431908366,1,-1.0,-1.0,0,0,0,10,0,35.3,21.0,kandi/KAND,193.7196474289899,83.3,79.8,0.0714925896798646
11.101117906187547,2.924394864497995,KAND,kandi,11.123456,2.954658,4127.470719384284,7079.457844,327.0,100.0,427.0,538.0,10,324.2652893066406,233.05125405864973,1.4258248210524298,314.2652893066406,-0.0021197569633601204,3.6428391115937178,-0.0019834263068192718,3.6954258321126505,0.008724661373955687,0.34723089535795315,1,-1.0,-1.0,0,0,0,0,0,31.5,29.0,kandi/KAND,226.45360253270923,82.2,83.5,0.5524831418664452
11.133743901029721,2.913417870711184,KAND,kandi,11.123456,2.954658,4646.578155460258,7079.457844,327.0,100.0,427.0,538.0,10,302.2176513671875,284.2688554088717,1.5382898471091124,292.2176513671875,-0.006705814409455993,11.79367930070796,-0.00670261007754867,11.737907496346683,-0.008996449201609543,0.30247169527104123,1,-1.0,-1.0,0,0,0,2,0,30.4,39.0,kandi/KAND,396.79356169185417,86.4,83.5,0.6876504667550798
11.134223852990194,2.9063809046855984,KAND,kandi,11.123456,2.954658,5406.613680177921,7079.457844,327.0,100.0,427.0,538.0,10,303.4832763671875,282.8113496670968,1.30872234806454,293.4832763671875,-0.005495783066442219,10.857284638343147,-0.00543913086131247,10.830243486016235,0.0002584693920087775,0.16603493367835254,1,-1.0,-1.0,0,0,0,0,0,28.4,37.0,kandi/KAND,348.3702771476682,79.6,81.9,0.08408723799840434
11.118298610896533,2.9308609051454733,KAND,kandi,11.123456,2.954658,2661.520873475738,7079.457844,327.0,100.0,427.0,538.0,10,308.81549072265625,257.5472906026982,2.5425418460682434,298.81549072265625,-0.009158060955579396,7.829198159278813,-0.00907013721955128,7.940550930754536,-0.0014170328776041668,0.10443617838186198,1,-1.0,-1.0,0,0,1,2,0,31.0,31.0,kandi/KAND,351.7491748390901,85.1,88.4,0.9905261932013444
11.123497852453752,2.9235889467596254,KAND,kandi,11.123456,2.954658,3394.0430563012883,7079.457844,327.0,100.0,427.0,538.0,10,302.6036071777344,270.0816565690805,2.0990303547521574,292.6036071777344,-0.008982974046852155,11.009722924879087,-0.008849814594655796,11.003884804708369,0.004382663302951389,0.16300492216016385,1,-1.0,-1.0,0,0,0,0,0,31.5,32.0,kandi/KAND,306.15079813714885,80.5,84.4,0.5418172879279618
11.125662440514734,2.9283295118970534,KAND,kandi,11.123456,2.954658,2886.4983229204886,7079.457844,327.0,100.0,427.0,538.0,10,297.8869934082031,274.88427542615995,2.5611317903306845,287.8869934082031,-0.012178139178613618,11.293248534808393,-0.012151902386931337,11.362615889532535,-0.007541232638888889,0.27837893721882034,1,-1.0,-1.0,0,0,2,6,0,35.7,22.0,kandi/KAND,192.4369964429442,87.2,81.1,0.9397408736860082
11.110581522184189,2.932265997986549,KAND,kandi,11.123456,2.954658,2830.5459394775485,7079.457844,327.0,100.0,427.0,538.0,10,321.59185791015625,239.6338211315922,2.132681229475148,311.59185791015625,-0.004775264854791723,3.7750668191671783,-0.004208100275877956,3.811631204627577,-0.013820450147539048,0.5083905769055361,1,-1.0,-1.0,0,0,0,0,0,31.0,43.0,kandi/KAND,165.92922165772438,88.7,88.6,0.8981854790013435
11.137389295064631,2.9191495061469737,KAND,kandi,11.123456,2.954658,4173.900779249544,7079.457844,327.0,100.0,427.0,538.0,10,298.92486572265625,291.8006668272853,1.7575556414073197,288.92486572265625,-0.00819059826078869,13.486824245567773,-0.008019715697370786,13.450681382505323,0.011495332167149458,0.51771236986427,1,-1.0,-1.0,0,0,0,2,0,26.8,36.0,kandi/KAND,239.88586973826605,79.8,85.4,0.00039826856981672876
11.116140733477279,2.9296298184001937,KAND,kandi,11.123456,2.954658,2851.3853394473085,7079.457844,327.0,100.0,427.0,538.0,10,309.47479248046875,253.41501758707375,2.3602173396958634,299.47479248046875,-0.008281453450520834,7.2414862249566845,-0.00871931682673709,7.328451846989678,-0.01872402943776313,0.5081639985285287,1,-1.0,-1.0,0,0,1,10,0,35.5,22.0,kandi/KAND,195.43881932716198,89.2,87.4,0.41466954556465174
11.130562636730591,2.9222197416340765,KAND,kandi,11.123456,2.954658,3629.7192085165225,7079.457844,327.0,100.0,427.0,538.0,10,299.4974060058594,282.58963450169836,2.011824479546294,289.4974060058594,-0.009323619779386345,12.378150856519305,-0.009151005938770324,12.349587038846757,-0.0023681640625000003,0.10405982304176703,1,-1.0,-1.0,0,0,3,5,0,30.7,25.0,kandi/KAND,375.96242378723446,86.6,86.0,0.21644897830952792
11.128133695464188,2.9276642190769406,KAND,kandi,11.123456,2.954658,2993.878291642717,7079.457844,327.0,100.0,427.0,538.0,10,297.3612060546875,280.0181673569202,2.4794323265898464,287.3612060546875,-0.011964241184858598,12.221837234878103,-0.0114515929437155,12.276429576095458,0.01270848911072161,0.26837116126035526,1,-1.0,-1.0,0,0,1,2,0,33.0,34.0,kandi/KAND,366.44460781959253,82.6,81.1,0.1931989140477589
11.127847203076733,2.927809011027427,KAND,kandi,11.123456,2.954658,2972.9599139339753,7079.457844,327.0,100.0,427.0,538.0,10,297.27349853515625,279.4659067870876,2.498543252994498,287.27349853515625,-0.012017293294270835,12.193817431760662,-0.011807312334764078,12.226405174341679,0.0053201998988802535,0.142489577257828,1,-1.0,-1.0,0,0,1,2,0,35.7,22.0,kandi/KAND,174.81002316812828,87.2,82.6,0.39409602465345805
11.133663383168138,2.918522703728284,KAND,kandi,11.123456,2.954658,4105.722850044893,7079.457844,327.0,100.0,427.0,538.0,10,299.2698974609375,286.06407406851577,1.7819118331763648,289.2698974609375,-0.008244745164132691,12.687714692859366,-0.00802901380067821,12.634717374288183,0.014052327473958334,0.5205444066203517,1,-1.0,-1.0,0,0,0,0,0,30.0,38.0,kandi/KAND,367.47538693083294,86.0,87.5,0.8726223060851851
11.11101779087875,2.935285976138804,KAND,kandi,11.123456,2.954658,2524.2090270438694,7079.457844,327.0,100.0,427.0,538.0,10,329.747314453125,236.80314704644599,2.206399589815709,319.747314453125,-0.001403162339154412,3.1320216989377045,-0.0014344306954696996,3.116281255103036,0.004984932259382505,0.3881265046467541,1,-1.0,-1.0,0,0,0,0,0,31.0,43.0,kandi/KAND,256.65974849969416,90.3,85.8,0.6232982446649743
11.134834864298474,2.9316273023669495,KAND,kandi,11.123456,2.954658,2813.158689258278,7079.457844,327.0,100.0,427.0,538.0,10,293.41015625,296.72944827872595,2.7187902762860983,283.41015625,-0.014116329832453558,13.055908216468602,-0.013882615831163195,13.207375297730998,0.0025529649522569443,0.11246827355154,0,-1.0,2762.4203561854833,0,6,0,11,0,25.1,38.0,kandi/KAND,334.3661974542558,84.5,87.6,0.3038706736128509
11.12452048617125,2.92288645947189,KAND,kandi,11.123456,2.954658,3472.7716236318092,7079.457844,327.0,100.0,427.0,538.0,10,303.32891845703125,271.9587225306997,2.03953460659287,293.32891845703125,-0.008587242243534876,11.208915885721174,-0.008202096877935348,11.173849422026748,0.013790642918397022,0.3123613918140918,1,-1.0,-1.0,0,0,0,0,0,31.5,32.0,kandi/KAND,113.91424559135775,84.4,81.6,0.05827459884290276
11.138206207835195,2.9204080084065387,KAND,kandi,11.123456,2.954658,4081.7259573031884,7079.457844,327.0,100.0,427.0,538.0,10,297.5892028808594,293.700920065516,1.8159498339695799,287.5892028808594,-0.008694933220707877,13.6769696281695,-0.00848201438424668,13.645253082218288,0.009671020507812501,0.3830730979914358,1,-1.0,-1.0,0,0,0,0,0,26.8,36.0,kandi/KAND,222.29118403569404,79.8,85.2,0.7488145277014685
11.13561236338479,2.9341299045697733,KAND,kandi,11.123456,2.954658,2614.7452551939923,7079.457844,327.0,100.0,427.0,538.0,10,292.72686767578125,301.114314438625,2.939686727334208,282.72686767578125,-0.015378223765980114,12.560940566659088,-0.01534505725391367,12.690434675900425,-0.013673113463327731,0.49385818388566827,1,-1.0,-1.0,0,0,5,6,0,33.4,16.0,kandi/KAND,305.11071367616483,87.6,83.2,0.19579357073880443
11.125985216992152,2.928236697666668,KAND,kandi,11.123456,2.954658,2899.826387212315,7079.457844,327.0,100.0,427.0,538.0,10,297.4830017089844,275.57466998555475,2.557342353207667,287.4830017089844,-0.01237971795023563,11.532933200963798,-0.012014759124699907,11.649949485850842,-0.0027198517315050316,0.23203419208266893,1,-1.0,-1.0,0,0,1,1,0,33.0,34.0,kandi/KAND,366.44460781959253,82.6,81.1,0.8667031372565226
11.133407109851644,2.9197437707068676,KAND,kandi,11.123456,2.954658,3969.693703607386,7079.457844,327.0,100.0,427.0,538.0,10,297.932373046875,286.2007732912732,1.862215755166459,287.932373046875,-0.00887042741130169,12.788935344381466,-0.008731814146128333,12.770109703642003,0.0056668343505386345,0.18550352418328378,1,-1.0,-1.0,0,0,0,2,0,30.0,38.0,kandi/KAND,367.47538693083294,86.0,87.5,0.4957497818310028
11.11478721887634,2.935588698505495,KAND,kandi,11.123456,2.954658,2293.294492707459,7079.457844,327.0,100.0,427.0,538.0,10,320.0150451660156,245.14400941382735,2.6709807124665317,310.0150451660156,-0.005762049026819536,4.238654465250336,-0.005415801358122364,4.29217063568372,-0.0022260030110677082,0.25049419775327725,1,-1.0,-1.0,0,0,0,2,0,36.2,24.0,kandi/KAND,271.9160182852466,88.7,89.9,0.7916074775801222
11.120200683466845,2.9173601247457936,KAND,kandi,11.123456,2.954658,4090.391295986851,7079.457844,327.0,100.0,427.0,538.0,10,308.9703063964844,264.9205491975104,1.6528314358473322,298.9703063964844,-0.005925808277733424,9.970580835062488,-0.0057503004580880136,9.938665220503545,0.015234714084201387,0.5611683727926603,1,-1.0,-1.0,0,0,0,0,0,35.3,25.0,kandi/KAND,262.5331864737047,77.7,86.1,0.4489345146553605
11.120501672005338,2.927147044494409,KAND,kandi,11.123456,2.954658,3023.077347791676,7079.457844,327.0,100.0,427.0,538.0,10,303.030517578125,263.7569003962865,2.3482530621327498,293.030517578125,-0.010014542949663474,9.61291284178647,-0.010089709877942778,9.722458562620053,-0.011274415770306204,0.25652003033247056,1,-1.0,-1.0,0,0,4,3,0,31.0,31.0,kandi/KAND,360.5272688756482,87.2,82.0,0.07043558409211537
11.120853033254189,2.926875314706168,KAND,kandi,11.123456,2.954658,3048.671794575903,7079.457844,327.0,100.0,427.0,538.0,10,301.76287841796875,264.54840756982696,2.3523444991265015,291.76287841796875,-0.010361626780278018,9.78660429387602,-0.009569082357432894,9.898585072495331,0.009498282127968702,0.23852148656080654,1,-1.0,-1.0,0,0,3,4,0,31.0,31.0,kandi/KAND,360.5272688756482,82.0,87.2,0.792810622127804
11.109409851712387,2.9320658408568683,KAND,kandi,11.123456,2.954658,2916.404066075926,7079.457844,327.0,100.0,427.0,538.0,10,323.6731872558594,237.6432201927724,2.029113559657427,313.6731872558594,-0.0032830582184045494,3.462090788348294,-0.0032251203167527028,3.4789684639327216,0.0038625741435149795,0.15589459556546098,1,-1.0,-1.0,0,0,0,0,0,31.0,43.0,kandi/KAND,173.06789013672005,86.1,88.6,0.33285909187800844
11.132760113502288,2.923744494889906,KAND,kandi,11.123456,2.954658,3530.3402728214455,7079.457844,327.0,100.0,427.0,538.0,10,296.3090515136719,287.05584082777347,2.1200851421573748,286.3090515136719,-0.010554989486499529,13.029411935841576,-0.01005567526388049,13.026931568807997,0.0024469260767247835,0.22127923106098243,1,-1.0,-1.0,0,0,1,1,0,33.0,34.0,kandi/KAND,371.69589343971694,82.4,86.6,0.05551846330453425
11.102154803219316,2.9248756935458906,KAND,kandi,11.123456,2.954658,4017.180743328975,7079.457844,327.0,100.0,427.0,538.0,10,322.54766845703125,233.91467468640434,1.4894350028046788,312.54766845703125,-0.0026561718926724066,3.702400657497257,-0.002373834615105625,3.75700338769992,0.01855566552580197,0.42453983884579466,1,-1.0,-1.0,0,0,0,0,0,31.5,29.0,kandi/KAND,185.52613185200588,82.2,83.6,0.009489243151203475
11.13632434541711,2.9162965738708873,KAND,kandi,11.123456,2.954658,4425.73681275424,7079.457844,327.0,100.0,427.0,538.0,10,300.4395446777344,288.8782433299099,1.6380107074035863,290.4395446777344,-0.0074142756162589646,12.873157456344078,-0.007347825792100693,12.810100886279837,-0.0016387939453125,0.09087371978618847,1,-1.0,-1.0,0,0,0,0,0,30.4,39.0,kandi/KAND,198.68689941707686,86.4,82.8,0.986536707406542
11.144231213687904,2.9226365711317186,KAND,kandi,11.123456,2.954658,4185.306820708957,7079.457844,327.0,100.0,427.0,538.0,10,291.3145446777344,303.4772132159448,1.856848818860265,281.3145446777344,-0.010002579461960565,14.422046705592784,-0.009911980427486795,14.417788656314743,-0.00024159749348958326,0.1007608847778614,1,-1.0,-1.0,0,0,0,0,0,30.2,29.0,kandi/KAND,357.0009189063783,81.4,81.8,0.8804914450604414
11.111440295848992,2.934866047418381,KAND,kandi,11.123456,2.954658,2538.0066151382007,7079.457844,327.0,100.0,427.0,538.0,10,327.0303649902344,238.25636425399915,2.255659479438834,317.0303649902344,-0.002468632716758579,3.3869294639342837,-0.0028133465412476058,3.3803942543223635,-0.0129241943359375,0.6255454111326281,1,-1.0,-1.0,0,0,0,1,0,31.0,43.0,kandi/KAND,256.65974849969416,90.3,85.8,0.36567326281046575
11.129706149395979,2.9208093568780074,KAND,kandi,11.123456,2.954658,3761.7265772565047,7079.457844,327.0,100.0,427.0,538.0,10,301.08746337890625,280.6609545778854,1.9170889677489713,291.08746337890625,-0.008469317437166274,12.028437103000702,-0.008364462852478027,11.984824871565536,-0.0007219950358072916,0.1115344270946805,1,-1.0,-1.0,0,0,0,4,0,25.9,36.0,kandi/KAND,303.403835341593,74.6,86.6,0.3931459110321256
11.121740950382414,2.9261886324553026,KAND,kandi,11.123456,2.954658,3115.835575849597,7079.457844,327.0,100.0,427.0,538.0,10,300.72650146484375,266.48947378628975,2.3207198832796756,290.72650146484375,-0.010448357997796474,10.26961456048634,-0.010208264236930031,10.36667710636955,0.0015177408854166665,0.056775862181872236,1,-1.0,-1.0,0,0,0,1,0,31.0,31.0,kandi/KAND,360.5272688756482,87.2,82.0,0.5527768216897351
11.119295180315032,2.9242821726771675,KAND,kandi,11.123456,2.954658,3350.100708517606,7079.457844,327.0,100.0,427.0,538.0,10,303.1171875,262.05582310748605,2.1177660756668164,293.1171875,-0.008990533011300223,9.926255969425222,-0.008706147489491958,9.97432714028015,0.004812961154513889,0.1817139718123205,1,-1.0,-1.0,0,0,0,4,0,31.5,32.0,kandi/KAND,366.5034435036539,80.5,88.5,0.8893392984752968
11.109027635161405,2.932012353401574,KAND,kandi,11.123456,2.954658,2944.0558917124044,7079.457844,327.0,100.0,427.0,538.0,10,324.0216979980469,237.00576004350546,2.0032967397108106,314.0216979980469,-0.003132552329940026,3.3142611897257632,-0.0032861248946858155,3.346231244346392,-0.002290928021645231,0.17555206162858217,1,-1.0,-1.0,0,0,0,0,0,31.0,43.0,kandi/KAND,173.06789013672005,86.1,88.6,0.08532939155462171
11.136127372770297,2.916773770838348,KAND,kandi,11.123456,2.954658,4369.373199407051,7079.457844,327.0,100.0,427.0,538.0,10,300.4568176269531,288.8272554271241,1.6589025119572205,290.4568176269531,-0.007507078664838646,12.924744671584795,-0.00740013466225014,12.85944862902605,0.0013562520345052082,0.06473873148352856,1,-1.0,-1.0,0,0,0,0,0,30.4,39.0,kandi/KAND,193.28666844877344,85.4,82.8,0.714609535630055
11.134876925488948,2.9243366337459307,KAND,kandi,11.123456,2.954658,3545.0418475073325,7079.457844,327.0,100.0,427.0,538.0,10,293.546630859375,291.00380810774044,2.1558859427788284,283.546630859375,-0.011142506318933825,13.598914538089936,-0.011085789998372396,13.616926134717259,-0.0011657714843749999,0.05942443815606226,1,-1.0,-1.0,0,0,1,3,0,30.0,38.0,kandi/KAND,261.51750763597073,84.7,80.0,0.6950179499631145
11.121009825345109,2.9243393275115035,KAND,kandi,11.123456,2.954658,3323.1155200554203,7079.457844,327.0,100.0,427.0,538.0,10,302.5856628417969,265.3022677425166,2.1440989910264228,292.5856628417969,-0.009210728878974896,10.330557759750677,-0.008916258485966009,10.367576387368105,0.00771098570048868,0.15811670041377984,1,-1.0,-1.0,0,0,0,0,0,33.2,27.0,kandi/KAND,366.5034435036539,88.5,80.5,0.6302501045780503
11.136971014522535,2.9180313878290347,KAND,kandi,11.123456,2.954658,4271.237504972709,7079.457844,327.0,100.0,427.0,538.0,10,300.34490966796875,290.6132010795284,1.6984951715605578,290.34490966796875,-0.007687754953379954,13.29051180423546,-0.007667994503158235,13.25711905265383,0.003949271118370032,0.18338676081323435,1,-1.0,-1.0,0,0,0,3,0,26.8,36.0,kandi/KAND,335.4422938451181,79.8,82.8,0.3952693183622634
11.120291766481456,2.927224227055509,KAND,kandi,11.123456,2.954658,3017.301576179996,7079.457844,327.0,100.0,427.0,538.0,10,303.030517578125,263.29838069235797,2.3527430828690252,293.030517578125,-0.010036035480141023,9.555402803954834,-0.009811717406831514,9.660845141461527,-0.002436319986979167,0.1147315378899393,1,-1.0,-1.0,0,0,2,3,0,33.2,27.0,kandi/KAND,368.7529770885469,88.5,87.2,0.9791935881700085
11.128283105742652,2.9276598094437905,KAND,kandi,11.123456,2.954658,2997.252119811631,7079.457844,327.0,100.0,427.0,538.0,10,297.3612060546875,280.3296440367775,2.4766448544768633,287.3612060546875,-0.011976879298653997,12.259508751632028,-0.011462746028266834,12.308660076455258,0.012329284235976378,0.33692009158544906,1,-1.0,-1.0,0,0,1,3,0,35.7,22.0,kandi/KAND,174.81002316812828,87.2,82.6,0.6866481494308182
11.122177343944474,2.924460171431289,KAND,kandi,11.123456,2.954658,3301.9038728922847,7079.457844,327.0,100.0,427.0,538.0,10,301.79840087890625,267.5319471848996,2.1715011963253934,291.79840087890625,-0.00946756082254129,10.678447171741102,-0.009239919604897683,10.692620978211083,0.007954717454479562,0.20104484401435843,1,-1.0,-1.0,0,0,0,0,0,31.0,31.0,kandi/KAND,386.05135929607223,87.2,80.5,0.9724212482666094
11.132330089028322,2.925036183151676,KAND,kandi,11.123456,2.954658,3381.5032285277707,7079.457844,327.0,100.0,427.0,538.0,10,297.3659362792969,286.9813299898093,2.1954287176781984,287.3659362792969,-0.01060750505565542,13.018125328058964,-0.010747721200810741,13.015174027622212,-0.012446622268057615,0.1720750770913205,1,-1.0,-1.0,0,0,1,2,0,33.0,34.0,kandi/KAND,276.00636025271393,84.8,82.4,0.45462638938289424
11.137138535559131,2.9071307502095944,KAND,kandi,11.123456,2.954658,5407.949575857097,7079.457844,327.0,100.0,427.0,538.0,10,299.60931396484375,286.35664416862926,1.3494206923062086,289.60931396484375,-0.006209219972951197,11.655255246293562,-0.0062466336753356005,11.634818974927777,-0.003653876347095865,0.1480136878804889,1,-1.0,-1.0,0,0,0,0,0,28.4,37.0,kandi/KAND,212.6801711490994,81.9,78.5,0.22678557818558354
11.110893560200974,2.9327939587587544,KAND,kandi,11.123456,2.954658,2763.334013080819,7079.457844,327.0,100.0,427.0,538.0,10,322.6674499511719,239.65062330401383,2.162234708891188,312.6674499511719,-0.0038200460454469085,3.7050139096783927,-0.0038565561281028366,3.732713138622878,-0.01028103298611111,0.3797931113989182,1,-1.0,-1.0,0,0,0,0,0,31.0,43.0,kandi/KAND,289.5291964551508,90.3,88.6,0.7165248743910364
11.130785880489912,2.922867057995516,KAND,kandi,11.123456,2.954658,3566.249113184731,7079.457844,327.0,100.0,427.0,538.0,10,299.1580505371094,283.22666259801707,2.0530447338969156,289.1580505371094,-0.00956266047511169,12.490019981709105,-0.009397296276497822,12.467896468636592,0.0021385722081642133,0.062347455055046505,1,-1.0,-1.0,0,0,2,1,0,30.7,25.0,kandi/KAND,371.69589343971694,86.6,82.4,0.2993073496440841
11.140129423720515,2.9061758361923555,KAND,kandi,11.123456,2.954658,5608.082166872654,7079.457844,327.0,100.0,427.0,538.0,10,297.5262145996094,289.32038963809714,1.3225526397925134,287.5262145996094,-0.006388719565327477,12.216478400896769,-0.0063486950317598115,12.175541362866765,-0.005069647894965278,0.1873257062560292,1,-1.0,-1.0,0,0,0,0,0,26.0,22.0,kandi/KAND,359.64685178650427,83.3,78.5,0.3448994656785629
11.121541915039032,2.9263425590248557,KAND,kandi,11.123456,2.954658,3100.478352011949,7079.457844,327.0,100.0,427.0,538.0,10,300.8149719238281,266.06170083631326,2.330569963943332,290.8149719238281,-0.010420002081455328,10.204052398003185,-0.01026061572385287,10.255232883629876,0.0022570982111565097,0.08207145447903344,1,-1.0,-1.0,0,0,1,3,0,31.0,31.0,kandi/KAND,360.5272688756482,82.0,87.2,0.5246899974108783
11.112476230571353,2.922097361700935,KAND,kandi,11.123456,2.954658,3758.6829581304996,7079.457844,327.0,100.0,427.0,538.0,10,310.765869140625,251.03736361644928,1.7712596454269758,300.765869140625,-0.005968124147445437,8.025720426232903,-0.005793026122118288,8.024435170184764,0.010039400674075777,0.316443925618941,1,-1.0,-1.0,0,0,0,0,0,36.4,21.0,kandi/KAND,172.33978820923755,87.9,85.3,0.317277802081367
11.118491286438145,2.9307996572911863,KAND,kandi,11.123456,2.954658,2663.580009547498,7079.457844,327.0,100.0,427.0,538.0,10,308.2857666015625,258.0287796083762,2.5519511658913867,298.2857666015625,-0.009428634307308387,7.957952949331273,-0.009430968457981758,8.07468934429339,-0.012362247109995271,0.2626802438363554,1,-1.0,-1.0,0,0,1,3,0,31.0,31.0,kandi/KAND,351.7491748390901,85.1,88.4,0.926726344985615
11.10862587437375,2.9320135865241665,KAND,kandi,11.123456,2.954658,2968.2718361368543,7079.457844,327.0,100.0,427.0,538.0,10,323.8318176269531,236.2816437422473,1.990627267918919,313.8318176269531,-0.0032122800412487523,3.159436216438059,-0.0031199640960189764,3.217054697172991,-0.004399617513020833,0.18894857929895223,1,-1.0,-1.0,0,0,0,0,0,33.4,23.0,kandi/KAND,330.0848336780301,86.8,86.1,0.9089639532299881
11.126086793247731,2.928244641350454,KAND,kandi,11.123456,2.954658,2900.06807187729,7079.457844,327.0,100.0,427.0,538.0,10,297.2658386230469,275.7986901522553,2.56141138508815,287.2658386230469,-0.012495990590454918,11.556290861435457,-0.01207796077486336,11.675353294221257,-0.003666428443754628,0.23234845151710792,1,-1.0,-1.0,0,0,0,2,0,35.3,21.0,kandi/KAND,192.4369964429442,81.1,87.2,0.3098783810182344
11.122232764973932,2.9243782748453246,KAND,kandi,11.123456,2.954658,3310.5856966943975,7079.457844,327.0,100.0,427.0,538.0,10,301.6587829589844,267.64531672397516,2.1682248776690014,291.6587829589844,-0.009509488125821133,10.694875755285262,-0.009308270007950968,10.709480098217321,0.007250299802990248,0.22916491626742472,1,-1.0,-1.0,0,0,0,0,0,31.5,32.0,kandi/KAND,306.15079813714885,80.5,84.4,0.001181612791598896
11.127147519375566,2.9276098285476837,KAND,kandi,11.123456,2.954658,2982.8552168003685,7079.457844,327.0,100.0,427.0,538.0,10,297.2055969238281,277.92126470857863,2.4915668706306846,287.2055969238281,-0.012039927164713544,12.032366419836995,-0.01163312126608456,12.09605746204371,0.00601043701171875,0.28512912738832186,1,-1.0,-1.0,0,0,0,2,0,35.7,22.0,kandi/KAND,213.30780787394355,81.0,87.2,0.7836911068561545
11.13305731005022,2.9215738869711205,KAND,kandi,11.123456,2.954658,3766.9285441101865,7079.457844,327.0,100.0,427.0,538.0,10,296.9660339355469,286.4798431513072,1.9770590604169422,286.9660339355469,-0.009564116481245161,12.92824457852299,-0.009422659873962402,12.908868902383476,0.00261688232421875,0.16069439470669894,1,-1.0,-1.0,0,0,0,6,0,33.0,34.0,kandi/KAND,274.61005170973647,82.4,86.0,0.9093575015705139
11.133510016247614,2.9233426949629,KAND,kandi,11.123456,2.954658,3597.1201804358407,7079.457844,327.0,100.0,427.0,538.0,10,296.0206604003906,288.121644465715,2.085348548394805,286.0206604003906,-0.010360325844862328,13.186471380096478,-0.010308020753287225,13.191028183686539,-0.004197184244791667,0.2007246014714765,1,-1.0,-1.0,0,0,1,8,0,30.0,38.0,kandi/KAND,138.00206411489975,84.7,82.4,0.3958164087341802
11.134619751026424,2.906544724562659,KAND,kandi,11.123456,2.954658,5399.003487856341,7079.457844,327.0,100.0,427.0,538.0,10,303.26641845703125,283.309393917797,1.3128665738520129,293.26641845703125,-0.0055664740668402764,11.00255848776011,-0.00564847341896784,10.953245298483061,-0.008685610073632317,0.36826420642229535,1,-1.0,-1.0,0,0,0,0,0,28.4,37.0,kandi/KAND,348.3702771476682,79.6,81.9,0.2206038022155159
11.133214529928392,2.9235858555797605,KAND,kandi,11.123456,2.954658,3561.828370535348,7079.457844,327.0,100.0,427.0,538.0,10,296.13824462890625,287.7517614555361,2.1041034637689853,286.13824462890625,-0.010395732152802074,13.132562010811682,-0.010276781823024276,13.134200204278798,0.0004509819878472223,0.059142575788480554,1,-1.0,-1.0,0,0,1,7,0,33.0,34.0,kandi/KAND,138.00206411489975,82.4,84.7,0.2963853420755882
11.134792505254891,2.9314601558706537,KAND,kandi,11.123456,2.954658,2827.4188570057217,7079.457844,327.0,100.0,427.0,538.0,10,293.3797302246094,296.4780196724297,2.7057135889894637,283.3797302246094,-0.014056265055333523,13.139779730622273,-0.013861945193556715,13.21217303583908,0.0005597351429906285,0.02200157990416334,0,-1.0,2753.7586463021657,0,6,0,8,0,25.1,38.0,kandi/KAND,334.3661974542558,84.5,87.6,0.24662872282655912
11.137218578443148,2.9143706274490966,KAND,kandi,11.123456,2.954658,4656.8277240609905,7079.457844,327.0,100.0,427.0,538.0,10,298.0926208496094,289.1999043055404,1.5856208535915473,288.0926208496094,-0.007528367001786191,12.712074312407271,-0.007731224940386137,12.696582235236678,-0.020197288807291217,0.6585166388155348,1,-1.0,-1.0,0,0,0,0,0,30.4,39.0,kandi/KAND,365.3384196878242,78.5,86.4,0.5973604790315389
11.136470461195954,2.9356667961718586,KAND,kandi,11.123456,2.954658,2525.147894063097,7079.457844,327.0,100.0,427.0,538.0,10,293.2840881347656,304.9332430797707,3.031192109849812,283.2840881347656,-0.01742247082869162,12.311799989331814,-0.015588676562038037,12.435223442805915,-0.005957765112625221,0.328298758299073,1,-1.0,-1.0,0,0,2,9,0,33.4,16.0,kandi/KAND,305.11071367616483,83.2,87.6,0.16383492839223934
11.140723918810052,2.906136243468574,KAND,kandi,11.123456,2.954658,5634.115160007682,7079.457844,327.0,100.0,427.0,538.0,10,297.8492126464844,289.9406097143577,1.3131608294731654,287.8492126464844,-0.006311048820168412,12.30946552082111,-0.006268401564213269,12.26546088108177,-0.006347995334201388,0.23484442844879003,1,-1.0,-1.0,0,0,0,0,0,28.4,37.0,kandi/KAND,242.2242803683185,83.6,83.3,0.7518840432939894
11.133216268247942,2.92164967153237,KAND,kandi,11.123456,2.954658,3763.9912058019013,7079.457844,327.0,100.0,427.0,538.0,10,296.9660339355469,286.7737542776685,1.9786006892268573,286.9660339355469,-0.009537617917596396,12.967680317419857,-0.009509706497192382,12.951706598777175,0.00192413330078125,0.12521380914222896,1,-1.0,-1.0,0,0,0,5,0,30.0,38.0,kandi/KAND,207.50766443665174,86.0,84.7,0.1783759121251861
11.138775330627498,2.9211581451416655,KAND,kandi,11.123456,2.954658,4032.789613422379,7079.457844,327.0,100.0,427.0,538.0,10,296.7691345214844,294.99171892054403,1.849609703860281,286.7691345214844,-0.00902623306086034,13.862176127315166,-0.008665150737530415,13.802997248594428,0.009620920817057291,0.48616543135862317,1,-1.0,-1.0,0,0,0,0,0,30.2,23.0,kandi/KAND,224.00284038368383,84.6,85.2,0.7812365722230245
11.104682521277942,2.930451685572828,KAND,kandi,11.123456,2.954658,3362.3533284968753,7079.457844,327.0,100.0,427.0,538.0,10,328.78955078125,231.6800325265571,1.67306771883041,318.78955078125,-0.001338002252719396,2.9814797686375485,-0.0014133039943463187,2.990675148110783,0.0009646549205690781,0.20356523109208685,1,-1.0,-1.0,0,0,0,1,0,31.0,43.0,kandi/KAND,383.69036938137486,88.1,86.3,0.9057784542683404
11.135040849924223,2.9324401105118,KAND,kandi,11.123456,2.954658,2744.6032686635886,7079.457844,327.0,100.0,427.0,538.0,10,292.4020080566406,297.9889253604986,2.807590973497569,282.4020080566406,-0.014827308101930479,12.954610888482744,-0.013556395907561317,13.134564207303503,0.023157484258246524,0.22129063517322253,1,-1.0,-1.0,0,0,0,4,0,33.4,16.0,kandi/KAND,334.3661974542558,87.6,84.5,0.4177703726713844
11.13677941703447,2.91751985868637,KAND,kandi,11.123456,2.954658,4316.34522427735,7079.457844,327.0,100.0,427.0,538.0,10,300.2128601074219,290.08750945575173,1.6825067147267134,290.2128601074219,-0.007668468758830367,13.185320786009022,-0.00763104295735566,13.119594893070708,-0.004237056628635243,0.1263493319665798,1,-1.0,-1.0,0,0,0,2,0,30.4,39.0,kandi/KAND,335.4422938451181,82.8,79.8,0.42397833440643107
11.13718294395344,2.907070759922544,KAND,kandi,11.123456,2.954658,5415.616161623765,7079.457844,327.0,100.0,427.0,538.0,10,299.50079345703125,286.38730758910526,1.348658580185099,289.50079345703125,-0.006253784114515265,11.664373864835678,-0.006208926341572747,11.622301242954212,-0.0025769551595052082,0.1546653300591465,1,-1.0,-1.0,0,0,0,0,0,28.4,37.0,kandi/KAND,212.6801711490994,81.9,78.5,0.2657403100364142
11.11285775836209,2.922924983523914,KAND,kandi,11.123456,2.954658,3659.4971534139927,7079.457844,327.0,100.0,427.0,538.0,10,310.0433654785156,251.2060400546148,1.830536025584689,300.0433654785156,-0.006359164784217684,8.039132185271827,-0.006156498564122481,8.057792193808401,0.005404846458979086,0.16207422365845414,1,-1.0,-1.0,0,0,0,0,0,36.4,21.0,kandi/KAND,172.33978820923755,87.9,85.3,0.9042436339814303
11.112772986317424,2.9332319328909997,KAND,kandi,11.123456,2.954658,2622.050210416015,7079.457844,327.0,100.0,427.0,538.0,10,319.01287841796875,243.0653154703616,2.3583498573011257,309.01287841796875,-0.005138998429639032,4.3863918952508785,-0.005634426540798612,4.530447054792127,-0.01437657674153646,0.6369700893523141,1,-1.0,-1.0,0,0,0,0,0,28.3,38.0,kandi/KAND,356.0124926179925,87.3,90.3,0.6037911797709025
11.120920583539412,2.9289103287161207,KAND,kandi,11.123456,2.954658,2826.682336864992,7079.457844,327.0,100.0,427.0,538.0,10,304.2354736328125,264.27166314345027,2.4868276352461463,294.2354736328125,-0.010637847601677445,9.332808011111313,-0.010274652335866668,9.389739788966668,-0.00866694006891392,0.28860762960640146,1,-1.0,-1.0,0,0,0,0,0,31.0,31.0,kandi/KAND,310.39672140233506,87.2,85.1,0.6188824689746347
11.133115803398233,2.9214438411085775,KAND,kandi,11.123456,2.954658,3782.382971619266,7079.457844,327.0,100.0,427.0,538.0,10,296.9660339355469,286.51340199819015,1.968987372105133,286.9660339355469,-0.0095431350347564,12.913852588659676,-0.009341903542135436,12.901132253824617,0.007838439320276986,0.22480502781067518,1,-1.0,-1.0,0,0,0,9,0,30.0,38.0,kandi/KAND,207.50766443665174,86.0,84.7,0.05585780272470109
11.111924255047745,2.9334377386766457,KAND,kandi,11.123456,2.954658,2645.9622307751024,7079.457844,327.0,100.0,427.0,538.0,10,322.0314025878906,241.02329282179062,2.271803212207482,312.0314025878906,-0.004225801692841865,3.8945819090177216,-0.004261971126010038,3.9196982209485483,0.00759076313810163,0.3693931345265783,1,-1.0,-1.0,0,0,0,0,0,31.0,43.0,kandi/KAND,169.22313139762375,90.3,88.7,0.5511664393075238
11.13804196675685,2.90654227244184,KAND,kandi,11.123456,2.954658,5498.1784775793785,7079.457844,327.0,100.0,427.0,538.0,10,298.66387939453125,287.17344522372946,1.3371306768254512,288.66387939453125,-0.0062792570694633135,11.770842092196464,-0.006361671090892782,11.753217048842856,-0.01159355082206886,0.3782957884987459,1,-1.0,-1.0,0,0,0,1,0,28.4,37.0,kandi/KAND,325.21295177169327,83.6,81.9,0.49036545752175253
11.126974111996391,2.9288187621154713,KAND,kandi,11.123456,2.954658,2849.408371050518,7079.457844,327.0,100.0,427.0,538.0,10,296.8409423828125,277.9024939703457,2.615414568042907,286.8409423828125,-0.012806462394371549,11.764919856451545,-0.012515388456299598,11.887278468365633,-0.0018203275566383214,0.09270760402605774,1,-1.0,-1.0,0,0,1,3,0,35.3,21.0,kandi/KAND,253.12137819628967,83.3,87.2,0.623831574199339
11.104661205673398,2.9307053400614014,KAND,kandi,11.123456,2.954658,3342.0696382978253,7079.457844,327.0,100.0,427.0,538.0,10,329.0423278808594,231.35432818634533,1.6788862471443213,319.0423278808594,-0.0012747174217587426,2.9969570771781875,-0.0014361286721034357,3.0116434032836246,-0.007976531982421875,0.36958402343531105,1,-1.0,-1.0,0,0,0,1,0,33.4,23.0,kandi/KAND,268.61311974672043,86.8,86.3,0.8133296965397729
11.145553884052564,2.9203301646833424,KAND,kandi,11.123456,2.954658,4476.233257147504,7079.457844,327.0,100.0,427.0,538.0,10,290.9994812011719,303.27141196915244,1.7402710946648374,280.9994812011719,-0.009405754937065974,14.371068401462734,-0.009353885941111473,14.364894297904373,0.001080373342528184,0.056879954073187786,1,-1.0,-1.0,0,0,0,0,0,30.2,29.0,kandi/KAND,357.0009189063783,81.4,81.8,0.05382246714771444
11.104451512407156,2.9304566653546407,KAND,kandi,11.123456,2.954658,3377.770089193162,7079.457844,327.0,100.0,427.0,538.0,10,329.1092224121094,231.33293085178215,1.6600179437845584,319.1092224121094,-0.001165722075273659,3.022401373574464,-0.0007577558679876613,3.035983732776593,0.013906606604599532,0.25682752660751373,1,-1.0,-1.0,0,0,0,0,0,33.4,23.0,kandi/KAND,268.61311974672043,86.8,86.3,0.9477484569508644
11.134450635761914,2.923772250163661,KAND,kandi,11.123456,2.954658,3586.453167233685,7079.457844,327.0,100.0,427.0,538.0,10,294.4132995605469,289.94375102084945,2.1171893456059414,284.4132995605469,-0.0108089107937283,13.476661386470239,-0.010557204944868233,13.491012689741721,9.183772318557674e-05,0.09656927064966736,1,-1.0,-1.0,0,0,1,7,0,30.2,23.0,kandi/KAND,261.51750763597073,80.0,84.7,0.6051860831589206
11.12837891937636,2.9200676069965863,KAND,kandi,11.123456,2.954658,3817.7224487083777,7079.457844,327.0,100.0,427.0,538.0,10,303.5806579589844,278.25633391268144,1.851613260445796,293.5806579589844,-0.0077460209528605155,11.482400252538808,-0.007465196455454856,11.449687171472776,0.011801253478809266,0.3848646088508052,1,-1.0,-1.0,0,0,0,5,0,25.9,36.0,kandi/KAND,376.9557385158805,74.6,82.1,0.37228067793899866
11.111594914585012,2.9336969525282033,KAND,kandi,11.123456,2.954658,2639.109760840822,7079.457844,327.0,100.0,427.0,538.0,10,322.5906066894531,240.03059855090058,2.265574366260077,312.5906066894531,-0.004059329009476193,3.6620051551292208,-0.0038248138788508617,3.7105209708858085,0.007439150257738028,0.16828312812357488,1,-1.0,-1.0,0,0,0,0,0,33.4,23.0,kandi/KAND,289.5291964551508,88.6,90.3,0.7218216156325029
11.13884127391912,2.9212314154656895,KAND,kandi,11.123456,2.954658,4028.6035867401083,7079.457844,327.0,100.0,427.0,538.0,10,296.99029541015625,295.13427802777676,1.8483881265782471,286.99029541015625,-0.008792015986531905,13.865806953597604,-0.008790251787971048,13.836692117310324,0.010045030381944445,0.4059984581525628,1,-1.0,-1.0,0,0,0,0,0,30.2,23.0,kandi/KAND,224.00284038368383,84.6,85.2,0.7323896895404198
11.123822546694553,2.9224136772365505,KAND,kandi,11.123456,2.954658,3522.6598784451135,7079.457844,327.0,100.0,427.0,538.0,10,303.6345520019531,270.666877737322,2.0057093950066633,293.6345520019531,-0.008317079716122526,11.0443050928844,-0.008169742160373264,11.01143107034898,0.005465698242187501,0.2529772683536049,1,-1.0,-1.0,0,0,0,0,0,31.5,32.0,kandi/KAND,113.91424559135775,84.4,81.6,0.8797045719804619
11.122473432282627,2.9256221580581236,KAND,kandi,11.123456,2.954658,3173.795293990856,7079.457844,327.0,100.0,427.0,538.0,10,300.53515625,268.02758638179694,2.2818329133721376,290.53515625,-0.010306940372215925,10.662645081732341,-0.009982799011983989,10.723465955905885,0.0054290771484375,0.2035578992879309,1,-1.0,-1.0,0,0,0,0,0,31.0,31.0,kandi/KAND,360.5272688756482,87.2,82.0,0.837867107134611
11.122708089314646,2.923727006658015,KAND,kandi,11.123456,2.954658,3379.9751708399076,7079.457844,327.0,100.0,427.0,538.0,10,302.2204284667969,268.59133557219303,2.1142455770107227,292.2204284667969,-0.009175501460522678,10.869281691405225,-0.008655243063331262,10.868915209073922,0.012804217983913724,0.3033480339867794,1,-1.0,-1.0,0,0,0,0,0,31.5,32.0,kandi/KAND,280.0326934020449,80.5,81.6,0.3207929719511461
11.13299934178624,2.92259661277134,KAND,kandi,11.123456,2.954658,3658.0186436203376,7079.457844,327.0,100.0,427.0,538.0,10,296.68646240234375,286.8789144132597,2.040246474264753,286.68646240234375,-0.010014084931993421,13.00172538587216,-0.009851172711221977,12.997451109775197,-0.0011657734961334123,0.171528360329407,1,-1.0,-1.0,0,0,1,3,0,33.0,34.0,kandi/KAND,274.61005170973647,82.4,86.0,0.4952984731418114
11.111671854571513,2.9331072563954166,KAND,kandi,11.123456,2.954658,2691.062826664628,7079.457844,327.0,100.0,427.0,538.0,10,322.4010925292969,240.87259149260615,2.225908850108415,312.4010925292969,-0.003977443985071488,3.8764862918985004,-0.0040407816569010425,3.9156514701707317,0.001571316189236111,0.13249640417589814,1,-1.0,-1.0,0,0,0,0,0,31.0,43.0,kandi/KAND,382.98217256152554,88.7,85.8,0.1105912087314499
11.113405870133647,2.932335632567484,KAND,kandi,11.123456,2.954658,2680.0263921004134,7079.457844,327.0,100.0,427.0,538.0,10,316.2291564941406,245.35465066953537,2.36680185281775,306.2291564941406,-0.006331934045862269,4.998844611509649,-0.006416741253306436,5.074243924432839,-0.016484616519566023,0.5459961566467024,1,-1.0,-1.0,0,0,0,0,0,31.0,43.0,kandi/KAND,356.0124926179925,90.3,87.3,0.7383081803496072
11.126332064669517,2.931423165746674,KAND,kandi,11.123456,2.954658,2558.0632485062474,7079.457844,327.0,100.0,427.0,538.0,10,299.938720703125,277.1922941870127,2.843595351858793,289.938720703125,-0.01354380784341059,11.062910200657583,-0.01313946734898788,11.136624622891082,-0.015385305616308187,0.5288845002933538,1,-1.0,-1.0,0,0,3,2,0,35.3,21.0,kandi/KAND,193.7196474289899,79.8,83.3,0.26984638920596793
11.12262812738952,2.9255025225867235,KAND,kandi,11.123456,2.954658,3186.318342494411,7079.457844,327.0,100.0,427.0,538.0,10,300.71734619140625,268.3452092207225,2.2696031885806285,290.71734619140625,-0.010158265491140964,10.721537048074257,-0.009963744363667051,10.745801626653854,0.006115044487847222,0.23294839804971665,1,-1.0,-1.0,0,0,1,0,0,31.0,31.0,kandi/KAND,360.5272688756482,87.2,82.0,0.8980762019508594
11.109288595792187,2.932048872280824,KAND,kandi,11.123456,2.954658,2925.1373059043012,7079.457844,327.0,100.0,427.0,538.0,10,323.6731872558594,237.43967651925254,2.023060514447078,313.6731872558594,-0.0032830582184045485,3.4032778117877722,-0.003189982096354166,3.4426381369149057,0.002969106038411458,0.14486487853831007,1,-1.0,-1.0,0,0,0,0,0,31.0,43.0,kandi/KAND,173.06789013672005,86.1,88.6,0.2543317714037756
11.132615845513712,2.9210576380494517,KAND,kandi,11.123456,2.954658,3807.787461165582,7079.457844,327.0,100.0,427.0,538.0,10,298.1186218261719,285.530411455289,1.938538110646118,288.1186218261719,-0.009228680301480618,12.75043777749659,-0.009204201758836104,12.72192304350162,-0.0010388543408899342,0.20183146473704613,1,-1.0,-1.0,0,0,0,2,0,26.8,36.0,kandi/KAND,211.21815475956797,85.7,86.0,0.7161534460697786
11.110303512504496,2.9321908999144717,KAND,kandi,11.123456,2.954658,2853.1974752351257,7079.457844,327.0,100.0,427.0,538.0,10,321.8601379394531,239.1816204416309,2.1103852468110245,311.8601379394531,-0.003980986277262369,3.7085052501809166,-0.004019196500483248,3.74843495828117,-0.008583577473958333,0.315595577580481,1,-1.0,-1.0,0,0,0,0,0,31.0,43.0,kandi/KAND,173.06789013672005,86.1,88.6,0.9116084618175831
11.134686611971432,2.9310423066980813,KAND,kandi,11.123456,2.954658,2863.3000751875006,7079.457844,327.0,100.0,427.0,538.0,10,293.4019775390625,295.8604234602774,2.671412388084739,283.4019775390625,-0.013883150257123444,13.184693073915133,-0.013101412206031877,13.312552333936596,0.012059071606515877,0.07033836259975658,1,-1.0,-1.0,0,0,2,7,0,25.1,38.0,kandi/KAND,334.3661974542558,84.5,87.6,0.10352969112361499
11.125790205208743,2.920971429773169,KAND,kandi,11.123456,2.954658,3689.014811022971,7079.457844,327.0,100.0,427.0,538.0,10,305.65252685546875,274.04270295715816,1.8840238829812974,295.65252685546875,-0.007487571739522795,11.207734224218191,-0.007235293614084275,11.143328267567409,0.011446167229995433,0.29792518438686877,1,-1.0,-1.0,0,0,0,0,0,34.3,13.0,kandi/KAND,346.276348393292,82.1,81.6,0.20379356380561797
11.120570394320158,2.927962687926491,KAND,kandi,11.123456,2.954658,2933.675304677815,7079.457844,327.0,100.0,427.0,538.0,10,303.32086181640625,263.71604258968324,2.414070452101503,293.32086181640625,-0.01025621854024875,9.435481425315064,-0.010118087881902058,9.548559688164062,-0.008847897387186615,0.2274754136162831,1,-1.0,-1.0,0,0,2,5,0,31.0,31.0,kandi/KAND,310.39672140233506,85.1,87.2,0.742398808047739
11.109790447496215,2.9321191015017054,KAND,kandi,11.123456,2.954658,2889.23306273514,7079.457844,327.0,100.0,427.0,538.0,10,322.8339538574219,238.29010680032567,2.064800858840005,312.8339538574219,-0.003605300536270404,3.588315800354293,-0.0034513137023886777,3.60624257190927,-0.0008173229151829199,0.1572658337244903,1,-1.0,-1.0,0,0,0,0,0,33.4,23.0,kandi/KAND,173.06789013672005,88.6,86.1,0.42066084316143537
11.13390051983379,2.9180055695726796,KAND,kandi,11.123456,2.954658,4167.259751910216,7079.457844,327.0,100.0,427.0,538.0,10,300.02130126953125,286.19800833253703,1.7452939349679855,290.02130126953125,-0.007979288605904189,12.653281133800586,-0.007778490576056441,12.594988404424502,0.006421915690104166,0.25262410100943594,1,-1.0,-1.0,0,0,0,0,0,30.0,38.0,kandi/KAND,348.5559072802526,87.5,82.8,0.0583410208494618
11.123349392660002,2.923664803440782,KAND,kandi,11.123456,2.954658,3385.774570171076,7079.457844,327.0,100.0,427.0,538.0,10,302.3990783691406,269.80213685728745,2.107608313795134,292.3990783691406,-0.009122802374285581,11.013450606773965,-0.008849814594655796,11.003884804708369,0.004382663302951389,0.16300492216016385,1,-1.0,-1.0,0,0,0,1,0,31.5,32.0,kandi/KAND,340.76806176995353,81.6,82.0,0.44673883825134575
11.112016992097889,2.934292867610026,KAND,kandi,11.123456,2.954658,2559.4251637230773,7079.457844,327.0,100.0,427.0,538.0,10,323.07177734375,240.21347284349062,2.3252795461183795,313.07177734375,-0.00397426398225533,3.6288549448219904,-0.004222846623998612,3.6662624248326936,-0.019364678832070863,0.6309317976831842,1,-1.0,-1.0,0,0,0,0,0,30.3,45.0,kandi/KAND,256.65974849969416,85.8,90.3,0.9859707913950042
11.136808907634924,2.9187429070436752,KAND,kandi,11.123456,2.954658,4192.165809124271,7079.457844,327.0,100.0,427.0,538.0,10,299.5430603027344,290.75606286311677,1.741461603844289,289.5430603027344,-0.007977436394342192,13.409068532614812,-0.007742524482834507,13.33818669735352,0.015514458550347221,0.5880695762052032,1,-1.0,-1.0,0,0,0,2,0,26.8,36.0,kandi/KAND,239.88586973826605,79.8,85.4,0.32830077122970935
11.126435026287472,2.930648715315966,KAND,kandi,11.123456,2.954658,2643.4244822126293,7079.457844,327.0,100.0,427.0,538.0,10,298.9951171875,277.2093627563361,2.772318673100198,288.9951171875,-0.012857775741748597,11.279343064078725,-0.01281989102842643,11.342607459170008,-0.004553192441334555,0.12010585990271296,1,-1.0,-1.0,0,0,2,7,0,35.3,21.0,kandi/KAND,193.7196474289899,79.8,83.3,0.7175055977073888
11.116150162711696,2.930668613559395,KAND,kandi,11.123456,2.954658,2742.4510145242893,7079.457844,327.0,100.0,427.0,538.0,10,310.72576904296875,252.75946229468076,2.4277681227948147,300.72576904296875,-0.008188264266304347,6.824515530842685,-0.00816941498019171,6.962485204650832,-0.007100931803385417,0.3203572745547128,1,-1.0,-1.0,0,0,0,8,0,28.3,38.0,kandi/KAND,275.9081341679291,87.3,87.4,0.9912994349542787
11.109195379278315,2.932072113797654,KAND,kandi,11.123456,2.954658,2928.5352530857012,7079.457844,327.0,100.0,427.0,538.0,10,323.6731872558594,237.2421882522749,2.020715126745527,313.6731872558594,-0.00328305821840455,3.345499297971266,-0.0031899820963541673,3.3871378178281204,-0.004304758707682292,0.2219646526258174,1,-1.0,-1.0,0,0,0,0,0,31.0,43.0,kandi/KAND,336.60591917685895,86.1,88.7,0.10207587624647652
11.135484191818689,2.9179245249391776,KAND,kandi,11.123456,2.954658,4227.576926723817,7079.457844,327.0,100.0,427.0,538.0,10,299.9084167480469,288.4584866554765,1.7219364638330605,289.9084167480469,-0.007887979666439376,13.022140707216387,-0.007739549472337559,12.958416031846378,0.0059356689453125,0.21865374965373333,1,-1.0,-1.0,0,0,1,0,0,30.4,39.0,kandi/KAND,208.75379014506763,85.4,87.5,0.07262469588834031
11.127161149507803,2.9293783743596635,KAND,kandi,11.123456,2.954658,2791.8222847470797,7079.457844,327.0,100.0,427.0,538.0,10,297.1275329589844,278.4981081654579,2.6634158173464235,287.1275329589844,-0.012836115410987364,11.761539686695262,-0.012862495284330266,11.83521642956214,-0.009785291751187745,0.34940038285296443,1,-1.0,-1.0,0,0,2,6,0,35.3,21.0,kandi/KAND,386.7215149173957,83.3,82.6,0.2938442256903513
11.139472867687353,2.9289405103343333,KAND,kandi,11.123456,2.954658,3321.3582303937774,7079.457844,327.0,100.0,427.0,538.0,10,292.80316162109375,302.4074986489991,2.31373190552348,282.80316162109375,-0.012178279058747826,13.865300767761456,-0.01196290862947087,13.910861476554917,-0.0010582817925347222,0.038883965760989334,1,-1.0,-1.0,0,0,2,0,0,34.2,16.0,kandi/KAND,298.9384769478677,79.7,83.4,0.3037666589767517
11.137639859727962,2.9064535228236297,KAND,kandi,11.123456,2.954658,5494.584897466371,7079.457844,327.0,100.0,427.0,538.0,10,298.66973876953125,286.6978236151869,1.3379438056944117,288.66973876953125,-0.006278195588485055,11.668296156273856,-0.006340755056270217,11.65131479906285,-0.01359284544048276,0.46041697694419303,1,-1.0,-1.0,0,0,0,2,0,28.4,37.0,kandi/KAND,212.6801711490994,81.9,78.5,0.6665436210197689
11.132278520270393,2.9216245445312077,KAND,kandi,11.123456,2.954658,3738.2152062677656,7079.457844,327.0,100.0,427.0,538.0,10,297.85693359375,285.22996529582394,1.9785942507835887,287.85693359375,-0.009428120232728312,12.707941359135196,-0.00925827226613763,12.684378868846967,0.0007789611816406252,0.12797964824013777,1,-1.0,-1.0,0,0,0,2,0,30.7,25.0,kandi/KAND,375.96242378723446,86.6,86.0,0.7526625844976248
11.107453144156276,2.931449748737219,KAND,kandi,11.123456,2.954658,3092.190121705251,7079.457844,327.0,100.0,427.0,538.0,10,326.6319885253906,234.9059306030574,1.8590852933985405,316.6319885253906,-0.00214531727326222,2.970501432374748,-0.0017939356766544404,2.9683632400848015,0.021401094090532095,0.5709399672824497,1,-1.0,-1.0,0,0,0,0,0,33.4,23.0,kandi/KAND,217.95597506908584,86.8,88.1,0.8669611795678864
11.111478919295378,2.932668334596084,KAND,kandi,11.123456,2.954658,2743.3537988484195,7079.457844,327.0,100.0,427.0,538.0,10,322.1728210449219,240.96810530533514,2.188282928392121,312.1728210449219,-0.004040781656901042,3.9494354379325065,-0.004326148066960328,4.023590782150692,-0.010628763834635416,0.5367207790875012,1,-1.0,-1.0,0,0,0,0,0,31.0,43.0,kandi/KAND,336.60591917685895,88.7,86.1,0.11965435156174287
11.107658353136538,2.9313247168441476,KAND,kandi,11.123456,2.954658,3090.5074050107564,7079.457844,327.0,100.0,427.0,538.0,10,325.29180908203125,235.39706380530183,1.8849162481398836,315.29180908203125,-0.002596169126641765,3.098767942820242,-0.002367340572296627,3.115824218043561,0.011506144205729166,0.43446086432183734,1,-1.0,-1.0,0,0,0,0,0,31.4,32.0,kandi/KAND,383.69036938137486,86.3,88.1,0.9914003855241621
11.135510739888618,2.91792168557341,KAND,kandi,11.123456,2.954658,4228.796238858075,7079.457844,327.0,100.0,427.0,538.0,10,299.9050598144531,288.4951206725688,1.7214857090796718,289.9050598144531,-0.007892798574244827,13.038053777698886,-0.007739549472337559,12.974166529947349,0.0059356689453125,0.218762830986988,1,-1.0,-1.0,0,0,1,0,0,30.4,39.0,kandi/KAND,208.75379014506763,85.4,87.5,0.058427867049097526
11.139680571949578,2.9240092866618954,KAND,kandi,11.123456,2.954658,3798.712421290357,7079.457844,327.0,100.0,427.0,538.0,10,292.5002136230469,298.3508124898502,2.0278061071367084,282.5002136230469,-0.010705985034347975,14.223050415817454,-0.010132408057668947,14.219783449153967,0.018815981090697285,0.5491771584576095,1,-1.0,-1.0,0,0,0,0,0,32.0,21.0,kandi/KAND,262.99505261506863,83.8,84.6,0.2884378551291027
11.116191768698355,2.928543934163814,KAND,kandi,11.123456,2.954658,2963.7891693907322,7079.457844,327.0,100.0,427.0,538.0,10,307.14874267578125,254.17472544601162,2.3156949982683646,297.14874267578125,-0.008863645209949653,7.694913529384488,-0.00883352541606711,7.846546393832194,-0.01158399499717602,0.2453556652032397,0,-1.0,2732.1503365124986,0,4,1,1,0,33.2,27.0,kandi/KAND,377.1768718948386,85.9,89.2,0.8931054229402681
11.12106398301547,2.9292983794762537,KAND,kandi,11.123456,2.954658,2782.9495485630296,7079.457844,327.0,100.0,427.0,538.0,10,304.7957458496094,264.51151107796693,2.5143441135472626,294.7957458496094,-0.010225674755684365,9.236785964298347,-0.010206984135142544,9.349731550762678,-0.006225246853298612,0.23218629560019424,1,-1.0,-1.0,0,0,0,0,0,31.0,31.0,kandi/KAND,310.39672140233506,85.1,87.2,0.23317595262910462
11.112090178631567,2.9341989362082677,KAND,kandi,11.123456,2.954658,2564.3709211535042,7079.457844,327.0,100.0,427.0,538.0,10,322.14801025390625,240.4849549505882,2.3414054152507173,312.14801025390625,-0.004779088841278251,3.7039008600330785,-0.004165348862156724,3.7588826090891163,-0.0006701151529947917,0.31891826274325574,1,-1.0,-1.0,0,0,0,0,0,28.3,38.0,kandi/KAND,356.0124926179925,87.3,90.3,0.9728764153693538
11.129824962926921,2.9220062931897335,KAND,kandi,11.123456,2.954658,3635.8022920889966,7079.457844,327.0,100.0,427.0,538.0,10,300.3733825683594,281.24664326842645,1.9946737672401347,290.3733825683594,-0.009003277554538083,12.187759193155738,-0.008855204240544694,12.168582564908556,0.005029820039577357,0.14969325316369264,1,-1.0,-1.0,0,0,2,5,0,25.9,36.0,kandi/KAND,303.403835341593,74.6,86.6,0.8331960256372227
11.107478353992985,2.9312719098010755,KAND,kandi,11.123456,2.954658,3106.5521904298944,7079.457844,327.0,100.0,427.0,538.0,10,326.6319885253906,235.15379665603072,1.8504964456016715,316.6319885253906,-0.0017332270473151452,3.039671683547568,-0.0016225739465740977,3.065284992953405,0.02014342249586455,0.31428658298592604,1,-1.0,-1.0,0,0,0,0,0,31.4,32.0,kandi/KAND,383.69036938137486,86.3,88.1,0.9371327284620801
11.14117931071962,2.9168833687786817,KAND,kandi,11.123456,2.954658,4568.480559282384,7079.457844,327.0,100.0,427.0,538.0,10,293.5588073730469,295.5599831509155,1.673082291449585,283.5588073730469,-0.009466543679992855,13.422343120759047,-0.008774654491980352,13.419577324216405,-0.019589504047526143,0.723911892303437,1,-1.0,-1.0,0,0,0,1,0,30.2,29.0,kandi/KAND,312.10744640271304,82.9,82.2,0.5931071961986754
11.117673330208783,2.930810333020878,KAND,kandi,11.123456,2.954658,2682.5665108228222,7079.457844,327.0,100.0,427.0,538.0,10,309.5677185058594,256.121262135124,2.506585037553349,299.5677185058594,-0.008799133300781251,7.571565398081022,-0.008725572668987774,7.680817865193104,-0.00507965087890625,0.23043028025495121,1,-1.0,-1.0,0,0,1,1,0,35.5,22.0,kandi/KAND,234.26260072818872,88.4,87.4,0.28412847200857005
11.126910803492356,2.9267676662708806,KAND,kandi,11.123456,2.954658,3070.6463111945445,7079.457844,327.0,100.0,427.0,538.0,10,297.97979736328125,277.1978400878505,2.4059975260132416,287.97979736328125,-0.011438699370449027,12.051985040752317,-0.010990700514745173,12.060947548031864,0.013737312711056285,0.48186321865546383,1,-1.0,-1.0,0,0,0,1,0,35.7,22.0,kandi/KAND,213.30780787394355,87.2,81.0,0.671531745469792
11.115660388827989,2.9294667850775924,KAND,kandi,11.123456,2.954658,2883.909314748791,7079.457844,327.0,100.0,427.0,538.0,10,309.2445983886719,252.49829308881723,2.338194781571825,299.2445983886719,-0.008275182140651847,7.119334012174844,-0.008258492875751573,7.203803487761309,-0.0071092481773291265,0.3573998020344823,1,-1.0,-1.0,0,0,1,6,0,28.3,38.0,kandi/KAND,392.9995717554643,87.3,89.2,0.7938963354209553
11.116438325950769,2.9291916754060536,KAND,kandi,11.123456,2.954658,2888.291440532421,7079.457844,327.0,100.0,427.0,538.0,10,308.0181579589844,254.31562081737027,2.358939612909796,298.0181579589844,-0.009529269069169366,7.57869657332916,-0.008764360194811402,7.654950376056531,-0.013515974697172486,0.5040827543572628,0,-1.0,2737.799301346363,0,2,2,7,0,35.5,22.0,kandi/KAND,323.68254725880485,88.4,89.2,0.851941418247009
11.125785953201488,2.921321890078043,KAND,kandi,11.123456,2.954658,3650.79170518207,7079.457844,327.0,100.0,427.0,538.0,10,305.1628723144531,274.07758249185963,1.9114109784317026,295.1628723144531,-0.007617435885141792,11.240915931566384,-0.007492155669837869,11.179474789226257,0.008934190538194444,0.3284229741408412,1,-1.0,-1.0,0,0,1,0,0,31.5,32.0,kandi/KAND,320.7976815689198,84.4,82.1,0.6948304008507684
11.13671358038017,2.9173440872413985,KAND,kandi,11.123456,2.954658,4331.9270408533985,7079.457844,327.0,100.0,427.0,538.0,10,300.1295471191406,289.9093954738374,1.6775592331889428,290.1295471191406,-0.007631225585937501,13.13444431242007,-0.007506057843059099,13.067744578822987,-0.0010945638020833336,0.08285017056444714,1,-1.0,-1.0,0,0,0,3,0,30.4,39.0,kandi/KAND,335.4422938451181,82.8,79.8,0.3618682831797534
11.138879062816628,2.9275135433390362,KAND,kandi,11.123456,2.954658,3420.9863741606673,7079.457844,327.0,100.0,427.0,538.0,10,292.4075927734375,300.07682348557495,2.2530349031310895,282.4075927734375,-0.011965107672137957,13.94589520798697,-0.011839849580854439,13.994007603665576,-0.005660435963177154,0.14551293180888164,1,-1.0,-1.0,0,0,1,7,0,25.1,38.0,kandi/KAND,250.43971430260106,83.4,83.4,0.8199120619409522
11.118759803885123,2.9243733781179713,KAND,kandi,11.123456,2.954658,3348.90872372444,7079.457844,327.0,100.0,427.0,538.0,10,303.0980529785156,261.0223790759879,2.118846091404512,293.0980529785156,-0.008973028361145647,9.834016362204684,-0.008776873315286916,9.898275515679032,0.002978515625,0.15293822770126814,1,-1.0,-1.0,0,0,0,0,0,33.2,27.0,kandi/KAND,277.74462035546526,85.9,88.5,0.9204171532169734
11.120465566490006,2.9243211855496667,KAND,kandi,11.123456,2.954658,3330.53360588099,7079.457844,327.0,100.0,427.0,538.0,10,302.9449157714844,264.2661715840063,2.1331561826227827,292.9449157714844,-0.00912192084504461,10.125954513293399,-0.008915895836099003,10.171133686172798,0.0035474672352361326,0.09086629353459368,1,-1.0,-1.0,0,0,0,3,0,31.5,32.0,kandi/KAND,366.5034435036539,80.5,88.5,0.5346768212105915
11.112728697770498,2.92264502131754,KAND,kandi,11.123456,2.954658,3693.0454520125727,7079.457844,327.0,100.0,427.0,538.0,10,310.240966796875,251.14796631724073,1.8108556417199184,300.240966796875,-0.006205486994917675,8.049476053856086,-0.006071613311238989,8.055005295673515,0.0057051446922990814,0.16602359219675322,1,-1.0,-1.0,0,0,0,0,0,33.2,27.0,kandi/KAND,172.33978820923755,85.3,87.9,0.2943111223122149
11.113091164330951,2.932080440578953,KAND,kandi,11.123456,2.954658,2719.908555853395,7079.457844,327.0,100.0,427.0,538.0,10,316.2120666503906,244.92925708085477,2.3324953220234965,306.2120666503906,-0.006268612369076236,4.944185051658488,-0.0062132257714493724,5.085662137614436,-0.005308278401692708,0.23663227198162876,1,-1.0,-1.0,0,0,0,0,0,31.0,43.0,kandi/KAND,259.74237178418406,88.7,87.3,0.6122156946370667
11.107033628256287,2.9316591428982437,KAND,kandi,11.123456,2.954658,3100.4224715399737,7079.457844,327.0,100.0,427.0,538.0,10,327.8412170410156,233.95874853405425,1.8318290169143179,317.8412170410156,-0.00175774403107472,2.9208488572050855,-0.002136292303181107,2.931912165582269,-0.0014734505549151243,0.623991618815284,1,-1.0,-1.0,0,0,0,3,0,33.4,23.0,kandi/KAND,217.95597506908584,86.8,88.1,0.6281761650286
11.122763798888956,2.9251240832997563,KAND,kandi,11.123456,2.954658,3227.2512669247876,7079.457844,327.0,100.0,427.0,538.0,10,301.06451416015625,268.6345304762592,2.2346920193670803,291.06451416015625,-0.009957056869695216,10.809755095825224,-0.009798298250345793,10.844584987028817,0.0019469954624958229,0.27904072399442037,1,-1.0,-1.0,0,0,0,0,0,31.0,31.0,kandi/KAND,125.68023710985162,82.0,80.5,0.19121380461269666
11.132966810744122,2.923170553300143,KAND,kandi,11.123456,2.954658,3596.980378436827,7079.457844,327.0,100.0,427.0,538.0,10,296.6774597167969,287.1134414837622,2.074981250430408,286.6774597167969,-0.01017081542799793,13.038387550987872,-0.010116828134826662,13.036236764748013,-0.002117954175659297,0.14376635156380657,1,-1.0,-1.0,0,0,1,7,0,30.0,38.0,kandi/KAND,274.61005170973647,86.0,82.4,0.7370661134180587
11.139649233934177,2.9144589868977753,KAND,kandi,11.123456,2.954658,4742.566527564492,7079.457844,327.0,100.0,427.0,538.0,10,299.7476501464844,292.324508160101,1.5369892144159516,289.7476501464844,-0.007039356031757729,13.004828969151372,-0.008297729356234577,13.023854943396564,-0.15462137132990666,5.370125140177993,0,-1.0,4571.491983484009,0,4,0,8,0,30.4,39.0,kandi/KAND,295.05963126131167,78.5,82.2,0.23749220105664326
11.115501894759522,2.9353171840869936,KAND,kandi,11.123456,2.954658,2288.7305540361635,7079.457844,327.0,100.0,427.0,538.0,10,318.7918701171875,247.26192839352458,2.7068524342296043,308.7918701171875,-0.006291562034970237,4.544999480003696,-0.006560796753973024,4.6226029992661575,-0.01107211642795139,0.45814156993836364,1,-1.0,-1.0,0,0,1,2,0,33.3,38.0,kandi/KAND,271.9160182852466,89.9,88.7,0.5204780609267045
11.101046323417435,2.92436158818324,KAND,kandi,11.123456,2.954658,4135.125302519987,7079.457844,327.0,100.0,427.0,538.0,10,324.2652893066406,232.99343001114607,1.4231865450716448,314.2652893066406,-0.002167120640601025,3.6329986937468743,-0.0023178609212239584,3.6826817227047948,-0.003974066840277778,0.2814645395984718,1,-1.0,-1.0,0,0,0,0,0,31.5,29.0,kandi/KAND,226.45360253270923,82.2,83.5,0.5911765311162346
11.1408116643423,2.906252111541375,KAND,kandi,11.123456,2.954658,5625.5133388288405,7079.457844,327.0,100.0,427.0,538.0,10,298.3086242675781,290.0779878387827,1.3104913985420856,288.3086242675781,-0.00620864435290614,12.325088764392929,-0.006268401564213269,12.281867583836503,-0.00563812255859375,0.31148749452076036,1,-1.0,-1.0,0,0,0,2,0,26.0,22.0,kandi/KAND,359.64685178650427,83.3,78.5,0.13302349617999332
11.12804698428213,2.9270313228547535,KAND,kandi,11.123456,2.954658,3060.393624170646,7079.457844,327.0,100.0,427.0,538.0,10,297.8685302734375,279.61519994231423,2.4161277978833433,287.8685302734375,-0.011583536168951719,12.274026078836227,-0.010882624413116855,12.300554377684826,0.021090789551011485,0.5696330589016031,1,-1.0,-1.0,0,0,2,7,0,33.0,34.0,kandi/KAND,268.144848356337,82.6,81.0,0.3497590636167227
11.139774010208809,2.9222677891208986,KAND,kandi,11.123456,2.954658,3972.085193358463,7079.457844,327.0,100.0,427.0,538.0,10,295.4350280761719,297.18156091734204,1.897079845299446,285.4350280761719,-0.009496328406465384,14.10867125967766,-0.009256983627507718,14.067156032117039,0.005826822916666667,0.26489904060039726,1,-1.0,-1.0,0,0,0,0,0,30.2,23.0,kandi/KAND,224.00284038368383,85.2,84.6,0.9585260805988839
11.135242683945618,2.9068024899085323,KAND,kandi,11.123456,2.954658,5387.848494424591,7079.457844,327.0,100.0,427.0,538.0,10,301.71417236328125,284.0957435007103,1.33208195361231,291.71417236328125,-0.0059052243722724565,11.184199435617057,-0.005827577472169758,11.1371594187373,-0.004022471110026042,0.22363916496349825,1,-1.0,-1.0,0,0,0,0,0,28.4,37.0,kandi/KAND,348.3702771476682,79.6,81.9,0.4354082571101531
11.12973794686564,2.9211296869427454,KAND,kandi,11.123456,2.954658,3727.988952093435,7079.457844,327.0,100.0,427.0,538.0,10,300.8528747558594,280.8138230344016,1.9380264505349123,290.8528747558594,-0.008659334309895834,12.07512089896184,-0.008524478228830484,12.0531257422204,-0.0003193453765052877,0.10832391037005862,1,-1.0,-1.0,0,0,0,8,0,25.9,36.0,kandi/KAND,303.403835341593,74.6,86.6,0.5109143171857682
11.124217825029318,2.9220144396685273,KAND,kandi,11.123456,2.954658,3567.0330995049026,7079.457844,327.0,100.0,427.0,538.0,10,304.0447082519531,271.36564547577285,1.9741984217988846,294.0447082519531,-0.008191820525776218,11.07482541745782,-0.007775887890404082,11.031396137166304,0.014037384492417324,0.3401009683086815,1,-1.0,-1.0,0,0,0,0,0,31.5,32.0,kandi/KAND,346.276348393292,81.6,82.1,0.19136666481440534
11.127136873665304,2.9275719543861753,KAND,kandi,11.123456,2.954658,2986.7930316854004,7079.457844,327.0,100.0,427.0,538.0,10,297.2055969238281,277.887818552986,2.48828609789691,287.2055969238281,-0.012039927164713542,12.03017173697123,-0.011633121266084557,12.094026384745385,0.00601043701171875,0.28512912738832186,1,-1.0,-1.0,0,0,0,2,0,35.7,22.0,kandi/KAND,213.30780787394355,87.2,81.0,0.23678141287824928
11.131426794379305,2.9262398208279254,KAND,kandi,11.123456,2.954658,3227.190232943843,7079.457844,327.0,100.0,427.0,538.0,10,297.9040222167969,285.95565668917527,2.2907583796525333,287.9040222167969,-0.010932517346040702,12.939898369132402,-0.010659309156013257,12.932752134189942,-0.0008013407389322914,0.11961182857765094,1,-1.0,-1.0,0,0,3,9,0,33.0,34.0,kandi/KAND,377.8714555243443,84.8,82.6,0.13091091581056769
11.137467399033238,2.9342997464747405,KAND,kandi,11.123456,2.954658,2710.7097689437464,7079.457844,327.0,100.0,427.0,538.0,10,292.2236633300781,305.0491509795656,2.8463989649654304,282.2236633300781,-0.015044194023889006,12.98836887043621,-0.014918530793436363,13.08481222327848,-0.0014197967626040026,0.045134633348086164,1,-1.0,-1.0,0,0,0,10,0,33.4,16.0,kandi/KAND,384.65784393401856,83.2,76.8,0.5552850237411594
11.104419179069547,2.9304183213324753,KAND,kandi,11.123456,2.954658,3383.2749092048443,7079.457844,327.0,100.0,427.0,538.0,10,329.1092224121094,231.3296717771234,1.6573184884492398,319.1092224121094,-0.0012089634625441848,3.01518081407471,-0.001540750161939756,3.0353907441368633,-0.008664004688593413,0.19702280719483176,1,-1.0,-1.0,0,0,0,0,0,31.4,32.0,kandi/KAND,268.61311974672043,86.3,86.8,0.03152504458126493
11.13309083160505,2.9236876489916765,KAND,kandi,11.123456,2.954658,3547.09851302762,7079.457844,327.0,100.0,427.0,538.0,10,295.9800720214844,287.5947307636565,2.115384628537993,285.9800720214844,-0.010460870139071252,13.104063351076816,-0.010279365865249702,13.102098147230054,-0.0005260343495714718,0.14890274197953418,1,-1.0,-1.0,0,0,2,4,0,30.0,38.0,kandi/KAND,138.00206411489975,84.7,82.4,0.8324670780713581
11.107014776642936,2.932130966365118,KAND,kandi,11.123456,2.954658,3060.040243550908,7079.457844,327.0,100.0,427.0,538.0,10,328.1184997558594,233.36042331032917,1.8507998216566197,318.1184997558594,-0.0017156905143587144,2.860833197350994,-0.0018701097292800994,2.857768957981098,-0.018658053080321216,0.4919201499324625,1,-1.0,-1.0,0,0,0,2,0,33.4,23.0,kandi/KAND,330.0848336780301,86.8,86.1,0.36575252739325237
11.100559388578645,2.9241352292852083,KAND,kandi,11.123456,2.954658,4187.304666614131,7079.457844,327.0,100.0,427.0,538.0,10,324.4131774902344,232.60572452432342,1.4034365434538993,314.4131774902344,-0.0020878788925431054,3.6012717127103073,-0.001419976225765523,3.6468053706194636,0.025156690746391645,0.26805279639876894,1,-1.0,-1.0,0,0,0,0,0,31.5,29.0,kandi/KAND,226.45360253270923,82.2,83.5,0.8543845520834428
11.110884795821034,2.9224441837292736,KAND,kandi,11.123456,2.954658,3783.9471082837617,7079.457844,327.0,100.0,427.0,538.0,10,312.9884033203125,248.31511347295836,1.7258189436684197,302.9884033203125,-0.005337788739542322,7.356514338116948,-0.005198971430460612,7.3534577374509595,0.0062974717881944435,0.24471728314147764,1,-1.0,-1.0,0,0,0,0,0,36.4,21.0,kandi/KAND,191.92410374935423,85.9,87.9,0.07653054735627873
11.141085668958523,2.9185796495358223,KAND,kandi,11.123456,2.954658,4397.225772340429,7079.457844,327.0,100.0,427.0,538.0,10,298.1294250488281,296.4777159299629,1.6787009624436562,288.1294250488281,-0.008342756994377342,13.549183366182893,-0.008541515102855845,13.52770738485059,-0.05983454386393229,2.8597324282133174,0,-1.0,4300.292939683625,0,1,0,1,0,30.2,23.0,kandi/KAND,387.1975309838644,85.2,82.9,0.9869958176218329
11.139481986224466,2.9143225907073305,KAND,kandi,11.123456,2.954658,4749.4310010148,7079.457844,327.0,100.0,427.0,538.0,10,295.93231201171875,292.0487000812111,1.5807619608230796,285.93231201171875,-0.010224222633402637,12.929518436084011,-0.008115875778324025,12.922645319835413,-0.06840884196634382,2.527341826010621,0,-1.0,4616.180431848052,0,4,0,7,0,30.4,39.0,kandi/KAND,295.05963126131167,78.5,82.2,0.15630399245857185
11.13162985277747,2.9218495510678153,KAND,kandi,11.123456,2.954658,3696.2940293159772,7079.457844,327.0,100.0,427.0,538.0,10,298.1317443847656,284.2501812288368,1.996761530028251,288.1317443847656,-0.00980803676542267,12.595827302081123,-0.009357332356770835,12.584867826152852,-0.0029310438368055553,0.11035682314385299,1,-1.0,-1.0,0,0,2,4,0,30.7,25.0,kandi/KAND,375.96242378723446,86.6,86.0,0.5499539929592994
11.116148715836601,2.9299107974483607,KAND,kandi,11.123456,2.954658,2821.712584005217,7079.457844,327.0,100.0,427.0,538.0,10,309.6373291015625,253.2544398618278,2.3817139095195445,299.6373291015625,-0.008311596251370616,7.146664303962432,-0.00849361875593178,7.221097043716346,-0.01547866151794198,0.41686380103703513,1,-1.0,-1.0,0,0,1,8,0,28.3,38.0,kandi/KAND,195.43881932716198,87.4,89.2,0.4256832679768646
11.136275325011464,2.9163579334222773,KAND,kandi,11.123456,2.954658,4417.647411966164,7079.457844,327.0,100.0,427.0,538.0,10,300.4687805175781,288.83940737718194,1.6406296510771108,290.4687805175781,-0.00740013466225014,12.859180095258973,-0.007401266776896953,12.827850625213582,-0.0023900189079306623,0.08327511600828275,1,-1.0,-1.0,0,0,0,0,0,30.4,39.0,kandi/KAND,348.5559072802526,82.8,87.5,0.0211918560210832
11.111589607899274,2.932664880823454,KAND,kandi,11.123456,2.954658,2737.7925505671824,7079.457844,327.0,100.0,427.0,538.0,10,322.1728210449219,241.19708105232195,2.1927236292390275,312.1728210449219,-0.004040781656901042,4.0059296866845555,-0.004385793928288331,4.046662886465974,-0.008504642158882721,0.4008942768388754,1,-1.0,-1.0,0,0,0,0,0,33.4,23.0,kandi/KAND,165.92922165772438,88.6,88.7,0.8270560426441265
11.13244329664968,2.9236036873998574,KAND,kandi,11.123456,2.954658,3535.0435922057018,7079.457844,327.0,100.0,427.0,538.0,10,297.4290466308594,286.43648532166367,2.0991387219264848,287.4290466308594,-0.010137713915396857,12.959140682889355,-0.010077133178710939,12.955714477778947,-0.003873358832465278,0.1738243537933083,1,-1.0,-1.0,0,0,1,4,0,30.7,25.0,kandi/KAND,371.69589343971694,86.6,82.4,0.8409466175422626
11.111635826399773,2.934671709127055,KAND,kandi,11.123456,2.954658,2544.93708975137,7079.457844,327.0,100.0,427.0,538.0,10,325.9346618652344,238.9235060386796,2.2741529310459137,315.9346618652344,-0.0029300094561105893,3.4156670242332616,-0.004142761544284482,3.445714829356871,-0.0415535911861597,0.98635095564579,1,-1.0,-1.0,0,0,0,0,0,31.0,43.0,kandi/KAND,256.65974849969416,90.3,85.8,0.24644731721157975
11.140781695885273,2.918842171735446,KAND,kandi,11.123456,2.954658,4356.647363026278,7079.457844,327.0,100.0,427.0,538.0,10,299.8281555175781,296.2476985124674,1.6720062224197234,289.8281555175781,-0.010982501975254529,13.559518652298646,-0.008232070715384994,13.533384814761389,-0.0629190589123716,2.1722159279302935,1,-1.0,-1.0,0,0,0,2,0,30.2,23.0,kandi/KAND,387.1975309838644,85.2,82.9,0.8718545019974142
11.12329530420768,2.924725819039119,KAND,kandi,11.123456,2.954658,3269.8953469069916,7079.457844,327.0,100.0,427.0,538.0,10,301.4334716796875,269.6893994670791,2.1991220307707757,291.4334716796875,-0.009749776286900486,10.989841550909365,-0.009526268211570946,11.011376606833215,0.004165310329861112,0.15425015901216538,1,-1.0,-1.0,0,0,0,0,0,31.5,32.0,kandi/KAND,323.36645280546554,84.4,82.0,0.7587474954282513
11.137696888958525,2.9063764833367287,KAND,kandi,11.123456,2.954658,5504.452271225221,7079.457844,327.0,100.0,427.0,538.0,10,298.66973876953125,286.73595384251917,1.335546254575081,288.66973876953125,-0.0062781955884850535,11.678302378645501,-0.006802111760316379,11.644097903350422,-0.03323290958257619,0.5008523375808595,1,-1.0,-1.0,0,0,0,1,0,28.4,37.0,kandi/KAND,212.6801711490994,78.5,81.9,0.28343073813551845
11.133467701056153,2.924066258046725,KAND,kandi,11.123456,2.954658,3520.5605826583064,7079.457844,327.0,100.0,427.0,538.0,10,295.5862121582031,288.4485400102918,2.137716740739063,285.5862121582031,-0.010660781429312323,13.241069933460789,-0.010655070692222681,13.246539717060541,-0.003357246399138655,0.14917142398252747,1,-1.0,-1.0,0,0,2,5,0,33.0,34.0,kandi/KAND,290.56781050227556,82.4,80.0,0.2259248135094084
11.120396530789888,2.9271715469422777,KAND,kandi,11.123456,2.954658,3021.697335117023,7079.457844,327.0,100.0,427.0,538.0,10,303.030517578125,263.53075517980477,2.349324310644632,293.030517578125,-0.010018576968728226,9.578143341525564,-0.009899556675389363,9.687506431525051,-0.004745822482638888,0.18644126157273064,1,-1.0,-1.0,0,0,4,2,0,31.5,32.0,kandi/KAND,386.05135929607223,80.5,87.2,0.960284465867717
11.121250888435993,2.9298041608954186,KAND,kandi,11.123456,2.954658,2726.02368321721,7079.457844,327.0,100.0,427.0,538.0,10,305.36041259765625,264.8356763139369,2.5549355836180174,295.36041259765625,-0.010243577223557692,9.16917700439634,-0.010337692862343189,9.286306995663699,-0.009746636284722223,0.3690737926033537,1,-1.0,-1.0,0,0,0,5,0,31.0,31.0,kandi/KAND,310.39672140233506,85.1,87.2,0.04035040205160212
11.127479982421441,2.9278384059378606,KAND,kandi,11.123456,2.954658,2963.4209388295453,7079.457844,327.0,100.0,427.0,538.0,10,297.0682678222656,278.6964897253532,2.5105359872354853,287.0682678222656,-0.012199757085051931,12.069378115906465,-0.011841706631600663,12.140236225092659,0.0049445258246527775,0.18205233973475593,1,-1.0,-1.0,0,0,0,5,0,35.3,21.0,kandi/KAND,366.44460781959253,81.1,82.6,0.6018753672230931
11.113464653213494,2.9322523830165648,KAND,kandi,11.123456,2.954658,2685.621569983437,7079.457844,327.0,100.0,427.0,538.0,10,315.7570495605469,245.56224463945227,2.3719313673443585,305.7570495605469,-0.0066924931965492976,5.031608051232579,-0.006341795990432519,5.172006148005788,-0.007991790771484375,0.3875763163286978,1,-1.0,-1.0,0,0,0,0,0,31.0,43.0,kandi/KAND,356.0124926179925,90.3,87.3,0.770082818104987
11.13861243995357,2.928898928324894,KAND,kandi,11.123456,2.954658,3275.483542103155,7079.457844,327.0,100.0,427.0,538.0,10,292.8577880859375,300.95247386316095,2.3451469071910913,282.8577880859375,-0.012262906161221589,13.780884865929197,-0.012203227484754395,13.809362466357943,-0.004398241805704355,0.13027802437645414,1,-1.0,-1.0,0,0,0,1,0,25.1,38.0,kandi/KAND,298.9384769478677,83.4,79.7,0.37637172995191026
11.139439236438367,2.9256841995889884,KAND,kandi,11.123456,2.954658,3625.389012420098,7079.457844,327.0,100.0,427.0,538.0,10,291.0992126464844,299.34843200518617,2.146775809657711,281.0992126464844,-0.011647055254549173,14.131768349990276,-0.011564911553965844,14.18237784439072,-0.0072929519461065835,0.16920438373075286,1,-1.0,-1.0,0,0,1,0,0,34.2,16.0,kandi/KAND,285.4340773278742,83.4,83.8,0.6070357355776941
11.133380632408954,2.919869927933807,KAND,kandi,11.123456,2.954658,3955.640870563328,7079.457844,327.0,100.0,427.0,538.0,10,297.932373046875,286.21543287368644,1.8688267908911782,287.932373046875,-0.008923983103684738,12.806352913260158,-0.008768049401430347,12.772202995900168,0.004048326280381945,0.1491075100720034,1,-1.0,-1.0,0,0,0,2,0,30.0,38.0,kandi/KAND,367.47538693083294,87.5,86.0,0.5431876338910869
11.13767402521571,2.933831885761573,KAND,kandi,11.123456,2.954658,2765.7277898841403,7079.457844,327.0,100.0,427.0,538.0,10,292.27008056640625,304.8318088781594,2.7889072143584404,282.27008056640625,-0.014715160520273298,13.201441583484735,-0.01460060498393174,13.28697235195806,-0.0005828857421875002,0.04866611485184665,1,-1.0,-1.0,0,0,0,8,0,33.4,16.0,kandi/KAND,384.65784393401856,83.2,76.8,0.702875154077956
11.112808179947235,2.9347776078946493,KAND,kandi,11.123456,2.954658,2470.6285108500333,7079.457844,327.0,100.0,427.0,538.0,10,321.916015625,241.3745040046361,2.4355106244685287,311.916015625,-0.005484110882972665,3.7593123842374943,-0.004631071396488175,3.7857163255389734,-0.014718081241425854,0.5361699369827818,1,-1.0,-1.0,0,0,0,2,0,33.3,38.0,kandi/KAND,302.0118058950443,89.9,90.3,0.6615947369005916
11.12739629448299,2.926597529655327,KAND,kandi,11.123456,2.954658,3096.188387563572,7079.457844,327.0,100.0,427.0,538.0,10,298.5135803222656,278.147063367898,2.3763114905371494,288.5135803222656,-0.011157627594776641,12.145949301692216,-0.010587051104771823,12.14489963890836,0.019603154366840306,0.5971293470053346,1,-1.0,-1.0,0,0,0,3,0,33.0,34.0,kandi/KAND,268.144848356337,82.6,81.0,0.6734853318457785
11.108211797896784,2.9316200029182293,KAND,kandi,11.123456,2.954658,3029.455100698306,7079.457844,327.0,100.0,427.0,538.0,10,324.2582702636719,236.00848669535634,1.942399524359127,314.2582702636719,-0.002991860977555415,3.189685769912918,-0.0028868246232807435,3.2379282272045864,0.0019476996527777778,0.08115502941482373,1,-1.0,-1.0,0,0,0,0,0,31.0,43.0,kandi/KAND,152.93749306281921,88.1,86.1,0.43417810666817
11.110115515482853,2.9321645915762673,KAND,kandi,11.123456,2.954658,2866.3212748690776,7079.457844,327.0,100.0,427.0,538.0,10,322.4173889160156,238.85233415255811,2.089607096078401,312.4173889160156,-0.0037874963548448354,3.676114681108422,-0.0037069203902264035,3.730541542047417,0.00020828247070312498,0.009149094594654256,1,-1.0,-1.0,0,0,0,0,0,33.4,23.0,kandi/KAND,173.06789013672005,88.6,86.1,0.21014148938035793
11.122602381414833,2.9255224335708543,KAND,kandi,11.123456,2.954658,3184.2274438773234,7079.457844,327.0,100.0,427.0,538.0,10,300.71734619140625,268.292520454153,2.2710919461399213,290.71734619140625,-0.010158265491140968,10.7104366223576,-0.009963744363667053,10.735215833638225,0.006115044487847222,0.23294839804971665,1,-1.0,-1.0,0,0,0,0,0,31.0,31.0,kandi/KAND,360.5272688756482,87.2,82.0,0.8880555758157805
11.100808227387631,2.92425090570452,KAND,kandi,11.123456,2.954658,4160.61566192842,7079.457844,327.0,100.0,427.0,538.0,10,324.2574768066406,232.80263489716498,1.4145783472411306,314.2574768066406,-0.0021756486240055366,3.625431269337492,-0.0027029573710397837,3.6752548911808245,-0.026371339646335087,0.3611502785627757,1,-1.0,-1.0,0,0,0,0,0,31.5,29.0,kandi/KAND,226.45360253270923,83.5,82.2,0.28012291223292096
11.137385206995539,2.933088062267677,KAND,kandi,11.123456,2.954658,2815.333167436923,7079.457844,327.0,100.0,427.0,538.0,10,292.1787109375,303.35295675151997,2.741698243546093,282.1787109375,-0.014600948360443813,13.346110742791238,-0.014216200510660809,13.492962521460448,0.0009660508897569446,0.08368960621210035,1,-1.0,-1.0,0,0,0,2,0,33.4,16.0,kandi/KAND,315.9212884563857,76.8,87.6,0.2572237242559805
11.10548290231321,2.931679787999638,KAND,kandi,11.123456,2.954658,3202.179989735307,7079.457844,327.0,100.0,427.0,538.0,10,329.321044921875,231.44278107819875,1.7472025328835152,319.321044921875,-0.001218499527648017,2.989421371469796,-0.0011650435421444955,2.983102742778969,0.004534912109375,0.16854393417517236,1,-1.0,-1.0,0,0,0,0,0,31.4,32.0,kandi/KAND,268.61311974672043,86.3,86.8,0.7133989187232425
11.10504770617688,2.9311636900174523,KAND,kandi,11.123456,2.954658,3276.2689075730127,7079.457844,327.0,100.0,427.0,538.0,10,328.608154296875,231.39499118091553,1.7201712583052948,318.608154296875,-0.0014294618548768938,3.0058331002534096,-0.0015364248220580041,3.005552506278306,-0.014517803051562828,0.4765938290280532,1,-1.0,-1.0,0,0,0,0,0,31.4,32.0,kandi/KAND,268.61311974672043,86.3,86.8,0.43442703646076286
11.138889971670586,2.905857917599176,KAND,kandi,11.123456,2.954658,5597.574351309458,7079.457844,327.0,100.0,427.0,538.0,10,296.69146728515625,287.8705629348726,1.3335741901664588,286.69146728515625,-0.006617068382390567,11.880745075838808,-0.00653894279789462,11.853205316188388,-0.013380686442057291,0.61327512410014,1,-1.0,-1.0,0,0,0,0,0,28.4,37.0,kandi/KAND,325.21295177169327,81.9,83.6,0.8815665221869938
11.1257156808702,2.9286497684841093,KAND,kandi,11.123456,2.954658,2852.14968808084,7079.457844,327.0,100.0,427.0,538.0,10,298.2774963378906,275.06268664778315,2.584105188735661,288.2774963378906,-0.012169403500027126,11.274964325178603,-0.012178139178613618,11.344103526891661,-0.007777574327256945,0.29375913922744734,1,-1.0,-1.0,0,0,2,7,0,35.3,21.0,kandi/KAND,226.3883029222813,81.1,83.3,0.16561794702179367
11.111128673292555,2.934299976126838,KAND,kandi,11.123456,2.954658,2608.743108737532,7079.457844,327.0,100.0,427.0,538.0,10,325.9825439453125,238.32293724914297,2.2175367154575634,315.9825439453125,-0.0028133465412476053,3.4142785889026177,-0.0038058257993458626,3.412752254353271,-0.03131911568441337,0.8109187795383743,1,-1.0,-1.0,0,0,0,0,0,30.3,45.0,kandi/KAND,382.98217256152554,85.8,88.7,0.5095617430453528
11.114635243014746,2.9307309783450433,KAND,kandi,11.123456,2.954658,2790.0424817714047,7079.457844,327.0,100.0,427.0,538.0,10,312.2647399902344,249.41085537956207,2.354854543120798,302.2647399902344,-0.0075499736313604324,6.08874152752765,-0.007661469336134235,6.248070221948725,-0.009741694993209045,0.2708488823800296,0,-1.0,2627.895724313748,0,1,1,2,0,35.5,22.0,kandi/KAND,392.9995717554643,89.2,87.3,0.6658103072884349
11.133123725218324,2.9210940151362195,KAND,kandi,11.123456,2.954658,3819.301839311919,7079.457844,327.0,100.0,427.0,538.0,10,297.35791015625,286.36327748958604,1.9440971353455672,287.35791015625,-0.009206112099695896,12.893114208702695,-0.009211390266091997,12.879603459807415,0.007902935029398296,0.25642962677882736,1,-1.0,-1.0,0,0,0,8,0,30.0,38.0,kandi/KAND,367.47538693083294,87.5,86.0,0.9209923259937096
11.137375685930328,2.9068103891818367,KAND,kandi,11.123456,2.954658,5448.908421372891,7079.457844,327.0,100.0,427.0,538.0,10,299.3578796386719,286.519392058936,1.3419233619245539,289.3578796386719,-0.006221153622581846,11.658357300009532,-0.006278195588485055,11.619551808064779,-0.006925455729166667,0.3509210549023144,1,-1.0,-1.0,0,0,0,1,0,28.4,37.0,kandi/KAND,212.6801711490994,78.5,81.9,0.5651877804133412
11.107413912708402,2.9314693304410677,KAND,kandi,11.123456,2.954658,3092.924227956302,7079.457844,327.0,100.0,427.0,538.0,10,326.6319885253906,234.81713508710192,1.858644348623772,316.6319885253906,-0.0021453172732622196,2.976370367909471,-0.0018051433882376683,2.974702027762945,0.021008824185119113,0.5709399672824497,1,-1.0,-1.0,0,0,0,0,0,31.0,43.0,kandi/KAND,217.95597506908584,88.1,86.8,0.1553690392656557
11.137840834647642,2.906182030388271,KAND,kandi,11.123456,2.954658,5529.368846541501,7079.457844,327.0,100.0,427.0,538.0,10,298.1756591796875,286.8315910923821,1.3346470757683808,288.1756591796875,-0.0065925254307664174,11.669894461904407,-0.006340636096836029,11.652229087780302,-0.020429618667896363,0.7029051882076764,1,-1.0,-1.0,0,0,0,2,0,28.4,37.0,kandi/KAND,212.6801711490994,78.5,81.9,0.15716258978626685
11.13295660586684,2.923350596492192,KAND,kandi,11.123456,2.954658,3577.8454475067742,7079.457844,327.0,100.0,427.0,538.0,10,296.4884033203125,287.1886591513898,2.0890923678483966,286.4884033203125,-0.01023249308268229,13.054984947232482,-0.010187164144045906,13.05563781312599,0.00041023401566930916,0.07730866043209762,1,-1.0,-1.0,0,0,1,5,0,30.0,38.0,kandi/KAND,274.61005170973647,86.0,82.4,0.8099580940049061
11.125970508330985,2.921079331907849,KAND,kandi,11.123456,2.954658,3678.709503321857,7079.457844,327.0,100.0,427.0,538.0,10,305.4545593261719,274.36748738409017,1.8923778315225448,295.4545593261719,-0.007491771115436315,11.228330095972797,-0.007364794921874999,11.164362005051334,0.007558441162109375,0.3486977156162988,1,-1.0,-1.0,0,0,1,2,0,31.5,32.0,kandi/KAND,320.7976815689198,84.4,82.1,0.8002904748481854
11.138616585041923,2.905783003936336,KAND,kandi,11.123456,2.954658,5596.234463476221,7079.457844,327.0,100.0,427.0,538.0,10,296.8369140625,287.5484488399542,1.3324050502176807,286.8369140625,-0.006504182594557709,11.810887858550187,-0.006584089437279541,11.788393316653243,-0.0132080078125,0.594470111194643,1,-1.0,-1.0,0,0,0,0,0,28.4,37.0,kandi/KAND,130.8482388112753,83.6,78.5,0.47667978778659503
11.11145270232662,2.933588471814273,KAND,kandi,11.123456,2.954658,2657.2247150343705,7079.457844,327.0,100.0,427.0,538.0,10,322.5906066894531,239.86280125048182,2.2501453190665157,312.5906066894531,-0.004020513755998362,3.6129456353094374,-0.00386004884601076,3.6539756348672645,-0.002274831136067708,0.15390926929358792,1,-1.0,-1.0,0,0,0,0,0,31.0,43.0,kandi/KAND,382.98217256152554,88.7,85.8,0.26384452683840853
11.138941143535575,2.9056975938064276,KAND,kandi,11.123456,2.954658,5615.979453517675,7079.457844,327.0,100.0,427.0,538.0,10,296.69146728515625,287.8710837506159,1.3292052729612156,286.69146728515625,-0.006495374314328457,11.865294970063243,-0.006633166255747567,11.854903301296343,-0.016517539433277318,0.5109959793728589,1,-1.0,-1.0,0,0,0,0,0,28.4,37.0,kandi/KAND,130.8482388112753,83.6,78.5,0.19197935475912042
11.108207762422209,2.932044048930905,KAND,kandi,11.123456,2.954658,2991.3327442340933,7079.457844,327.0,100.0,427.0,538.0,10,324.7787780761719,235.50625091885604,1.9571765824765857,314.7787780761719,-0.0029033595143950343,3.0611097225693187,-0.0027753842422385626,3.1100462729377956,-0.0031097412109375006,0.13083886761606583,1,-1.0,-1.0,0,0,0,0,0,33.4,23.0,kandi/KAND,330.0848336780301,86.8,86.1,0.7679897683544777
11.119660899902925,2.917961402639779,KAND,kandi,11.123456,2.954658,4030.74954665973,7079.457844,327.0,100.0,427.0,538.0,10,307.6344299316406,263.98691150749204,1.6962465930553667,297.6344299316406,-0.006159630179310127,9.916174023522208,-0.006230430175681516,9.892995650408702,0.01006787012170879,0.338037757436921,1,-1.0,-1.0,0,0,0,0,0,35.2,25.0,kandi/KAND,262.5331864737047,86.1,77.7,0.2094303183074
11.111334748436734,2.933847475460599,KAND,kandi,11.123456,2.954658,2639.358115300509,7079.457844,327.0,100.0,427.0,538.0,10,323.700927734375,239.3087613755722,2.2412955679370055,313.700927734375,-0.0036467601328799863,3.5256357693099574,-0.003560681418552751,3.5725096197655617,-0.000437521549638116,0.3395386937923108,1,-1.0,-1.0,0,0,0,0,0,31.0,43.0,kandi/KAND,382.98217256152554,88.7,85.8,0.34632976452187736
11.128349736700057,2.9276370028744774,KAND,kandi,11.123456,2.954658,3001.024095319659,7079.457844,327.0,100.0,427.0,538.0,10,297.4773254394531,280.46042823156967,2.471323003513318,287.4773254394531,-0.011948813190584344,12.28387541054204,-0.011494353755686481,12.33243694968031,0.010563228817076336,0.30151436637690326,1,-1.0,-1.0,0,0,2,5,0,35.7,22.0,kandi/KAND,174.81002316812828,87.2,82.6,0.7313669127898619
11.128392851865831,2.9275951648633365,KAND,kandi,11.123456,2.954658,3006.382091253844,7079.457844,327.0,100.0,427.0,538.0,10,297.4773254394531,280.53456885945764,2.466924039895946,287.4773254394531,-0.011831040586968855,12.296981619754451,-0.011522966552464422,12.31560002881109,0.009590393726626378,0.30151436637690326,1,-1.0,-1.0,0,0,2,4,0,35.3,21.0,kandi/KAND,366.44460781959253,81.1,82.6,0.8880413372511854
11.129931950742447,2.922377140881978,KAND,kandi,11.123456,2.954658,3598.4036231115715,7079.457844,327.0,100.0,427.0,538.0,10,300.1969909667969,281.55832009152783,2.01819278520366,290.1969909667969,-0.009196824330831532,12.233307465008203,-0.009020967025301838,12.202513044560181,0.0031980679675863294,0.08409988145171399,1,-1.0,-1.0,0,0,3,1,0,30.7,25.0,kandi/KAND,296.59233233508934,86.6,85.7,0.03871921402905598
11.13349037283301,2.91328185082152,KAND,kandi,11.123456,2.954658,4654.220079495462,7079.457844,327.0,100.0,427.0,538.0,10,302.60308837890625,283.8871645590184,1.5310237618263547,292.60308837890625,-0.006564591888688567,11.69745588332508,-0.00675622457959554,11.671633662236092,-0.014854371705430525,0.4241870080191433,1,-1.0,-1.0,0,0,0,0,0,30.7,25.0,kandi/KAND,396.79356169185417,83.5,86.4,0.2318643914320232
11.132879611359307,2.923797605048581,KAND,kandi,11.123456,2.954658,3528.6724548693396,7079.457844,327.0,100.0,427.0,538.0,10,296.3090515136719,287.28985647741297,2.121086279882844,286.3090515136719,-0.010468668371883271,13.066345189286475,-0.010635364559373372,13.067301154008035,-0.011887017103466874,0.12570965695998768,1,-1.0,-1.0,0,0,2,2,0,33.0,34.0,kandi/KAND,371.69589343971694,82.4,86.6,0.016466876043420342
11.126560807998235,2.9264925682066667,KAND,kandi,11.123456,2.954658,3095.935280349852,7079.457844,327.0,100.0,427.0,538.0,10,298.6296081542969,276.4127816864959,2.3743619301442633,288.6296081542969,-0.011120439187074319,11.960299113369947,-0.010384707270516196,11.954905085847876,0.028360264520648455,0.8713346430425921,1,-1.0,-1.0,0,0,0,2,0,35.3,21.0,kandi/KAND,276.13132473513264,81.1,81.0,0.8481423713849465
11.134098052977913,2.924354948632742,KAND,kandi,11.123456,2.954658,3513.379772058868,7079.457844,327.0,100.0,427.0,538.0,10,294.8462829589844,289.69611900215267,2.154131564779002,284.8462829589844,-0.01086980097711423,13.391199836807948,-0.010826439950980392,13.402154180610356,-0.0032487657335069447,0.12357445137125027,1,-1.0,-1.0,0,0,1,7,0,33.0,34.0,kandi/KAND,290.56781050227556,82.4,80.0,0.49077856214819404
11.134875950743682,2.9247112127355517,KAND,kandi,11.123456,2.954658,3506.800907436965,7079.457844,327.0,100.0,427.0,538.0,10,293.5214538574219,291.24151393762617,2.179783645303115,283.5214538574219,-0.01134255377747915,13.58712978632819,-0.011214346578475141,13.627050499507762,-0.0030877007378472218,0.12835822760038088,1,-1.0,-1.0,0,0,0,3,0,30.2,23.0,kandi/KAND,290.56781050227556,80.0,82.4,0.18237363710878773
11.12395406456335,2.923792575201922,KAND,kandi,11.123456,2.954658,3372.2426095083797,7079.457844,327.0,100.0,427.0,538.0,10,302.7064514160156,270.9451567851786,2.1108426512787744,292.7064514160156,-0.009032131858983222,11.122590676258762,-0.008753617881000906,11.102340230301573,0.006920369466145833,0.3111689015619226,1,-1.0,-1.0,0,0,0,1,0,31.5,32.0,kandi/KAND,323.36645280546554,84.4,82.0,0.3666282361016314
11.111943901712243,2.9335790075499317,KAND,kandi,11.123456,2.954658,2631.399305386209,7079.457844,327.0,100.0,427.0,538.0,10,322.02923583984375,240.90232406157895,2.2844098493827096,312.02923583984375,-0.004268823860892126,3.832601449058635,-0.004182954011140046,3.882161196785928,0.0006435818142361111,0.024784166518832064,1,-1.0,-1.0,0,0,0,0,0,31.0,43.0,kandi/KAND,169.22313139762375,90.3,88.7,0.45761089408504174
11.123960007453288,2.9221854582850906,KAND,kandi,11.123456,2.954658,3547.794809817623,7079.457844,327.0,100.0,427.0,538.0,10,304.00885009765625,270.9093736692924,1.985473582934941,294.00885009765625,-0.007918659491761609,11.030466131203992,-0.008048365030745994,11.011210687670918,0.009639902350889408,0.30901084051033684,1,-1.0,-1.0,0,0,0,0,0,34.3,13.0,kandi/KAND,346.276348393292,82.1,81.6,0.9078067576086103
11.136294959199105,2.916174830967723,KAND,kandi,11.123456,2.954658,4437.290123342744,7079.457844,327.0,100.0,427.0,538.0,10,300.4395446777344,288.7827926548423,1.6337481560818956,290.4395446777344,-0.00740787583771499,12.855884769993049,-0.00752916895916177,12.79430833899557,-0.011385137953748231,0.2515645783054202,1,-1.0,-1.0,0,0,0,1,0,30.4,39.0,kandi/KAND,198.68689941707686,86.4,82.8,0.9165695216799559
11.13608713946324,2.91531386349057,KAND,kandi,11.123456,2.954658,4519.3361348045455,7079.457844,327.0,100.0,427.0,538.0,10,299.6427307128906,288.1216979890701,1.6141979918203735,289.6427307128906,-0.007483932450714004,12.638499668487928,-0.007401816329482122,12.585880092366258,-0.006988289706857798,0.3775045869561224,1,-1.0,-1.0,0,0,0,0,0,30.4,39.0,kandi/KAND,198.68689941707686,82.8,86.4,0.5782393732355554
11.13975051636113,2.923223244703512,KAND,kandi,11.123456,2.954658,3878.1932126754614,7079.457844,327.0,100.0,427.0,538.0,10,293.6397399902344,297.85048905161995,1.9694661919975185,283.6397399902344,-0.010175804725060095,14.194567519271407,-0.009889451699111462,14.178725433094685,0.007895852194355,0.3442635556506417,1,-1.0,-1.0,0,0,0,0,0,32.0,21.0,kandi/KAND,262.99505261506863,83.8,84.6,0.6215064815627808
11.126720430304962,2.926196320027231,KAND,kandi,11.123456,2.954658,3130.087044171499,7079.457844,327.0,100.0,427.0,538.0,10,299.1886291503906,276.6699211188917,2.338269211844625,289.1886291503906,-0.010837063259548611,12.034857541509647,-0.01017636582534827,12.019086777791076,0.02814903630210415,0.9684377682833252,1,-1.0,-1.0,0,0,0,3,0,35.3,21.0,kandi/KAND,276.13132473513264,81.1,81.0,0.983415512679894
11.132953273958938,2.9234093808673007,KAND,kandi,11.123456,2.954658,3571.5991945043447,7079.457844,327.0,100.0,427.0,538.0,10,296.4884033203125,287.2133922356138,2.0927426674055343,286.4884033203125,-0.010232493082682292,13.059975547092938,-0.010182679282840073,13.060622623094467,0.0005911234176379424,0.07730866043209762,1,-1.0,-1.0,0,0,0,4,0,30.0,38.0,kandi/KAND,274.61005170973647,86.0,82.4,0.8337574361541978
11.137834383423685,2.933468788962083,KAND,kandi,11.123456,2.954658,2808.452457062684,7079.457844,327.0,100.0,427.0,538.0,10,292.15167236328125,304.6689998021418,2.7489554698364596,282.15167236328125,-0.014600604983931736,13.298453527035855,-0.014295482635498047,13.450632426620007,-0.0009641011555989584,0.056617684158035454,1,-1.0,-1.0,0,0,0,5,0,33.4,16.0,kandi/KAND,384.65784393401856,76.8,83.2,0.18258326879595876
11.118117003885107,2.9247638186064666,KAND,kandi,11.123456,2.954658,3318.6952535391592,7079.457844,327.0,100.0,427.0,538.0,10,303.2234191894531,259.68716414238617,2.1359569055709287,293.2234191894531,-0.009039627395950638,9.587691290710806,-0.008489875310825354,9.66673283687383,0.010351248706162946,0.15616925227342116,1,-1.0,-1.0,0,0,1,0,0,33.2,27.0,kandi/KAND,277.74462035546526,88.5,85.9,0.38015289181438994
11.134097247970201,2.913607444149092,KAND,kandi,11.123456,2.954658,4636.2689102137165,7079.457844,327.0,100.0,427.0,538.0,10,302.705078125,284.80286219217186,1.5356893945924845,292.705078125,-0.006585010815692204,11.862109117309329,-0.006695673268312102,11.806263950025942,-0.007903035481770833,0.4190680235655876,1,-1.0,-1.0,0,0,0,3,0,30.4,39.0,kandi/KAND,396.79356169185417,86.4,83.5,0.5754768348568426
11.120585868647586,2.927081929926871,KAND,kandi,11.123456,2.954658,3029.158317120082,7079.457844,327.0,100.0,427.0,538.0,10,302.6161193847656,263.94778264459546,2.3513693458197005,292.6161193847656,-0.010141004138368229,9.648542444408893,-0.010125303281067,9.765940680618431,-0.00914325227670313,0.27302039426294117,1,-1.0,-1.0,0,0,4,4,0,31.0,31.0,kandi/KAND,360.5272688756482,82.0,87.2,0.8967941252495527
11.137536325218187,2.934143677898817,KAND,kandi,11.123456,2.954658,2729.058260582752,7079.457844,327.0,100.0,427.0,538.0,10,292.2041320800781,304.9756770395012,2.827701758334704,282.2041320800781,-0.015062856739243213,12.992931877511152,-0.014786538265462227,13.177512401445309,-0.0015338635296762687,0.04220377695807179,1,-1.0,-1.0,0,0,0,11,0,33.4,16.0,kandi/KAND,384.65784393401856,76.8,83.2,0.3954819870085158
11.137832951126777,2.9334720320915144,KAND,kandi,11.123456,2.954658,2808.0707479903826,7079.457844,327.0,100.0,427.0,538.0,10,292.15167236328125,304.67043207875855,2.749328569903526,282.15167236328125,-0.014600604983931736,13.30459410913155,-0.014295482635498048,13.456406637248646,-0.0009641011555989584,0.056617684158035454,1,-1.0,-1.0,0,0,0,5,0,33.4,16.0,kandi/KAND,384.65784393401856,83.2,76.8,0.8163936619828949
11.105044553591467,2.931159951374496,KAND,kandi,11.123456,2.954658,3276.8056202365906,7079.457844,327.0,100.0,427.0,538.0,10,328.608154296875,231.39465288572558,1.71988967823571,318.608154296875,-0.0014294618548768938,3.0058331002534096,-0.0015290769820776855,3.005552506278306,-0.014245932972291033,0.4765938290280532,1,-1.0,-1.0,0,0,0,0,0,33.4,23.0,kandi/KAND,268.61311974672043,86.8,86.3,0.5675938516237246
11.126875297270137,2.929098303775268,KAND,kandi,11.123456,2.954658,2817.672560365896,7079.457844,327.0,100.0,427.0,538.0,10,297.2474060058594,277.76624570063393,2.6365830609675958,287.2474060058594,-0.012798956296279031,11.66624420259326,-0.012662109544524255,11.799635598751648,-0.0056096652555053285,0.23345892650565297,1,-1.0,-1.0,0,0,3,3,0,35.3,21.0,kandi/KAND,253.12137819628967,83.3,87.2,0.49381219754985706
11.10951053671857,2.9321543998181556,KAND,kandi,11.123456,2.954658,2902.2861002187033,7079.457844,327.0,100.0,427.0,538.0,10,323.0545959472656,237.727759789814,2.0511721604153235,313.0545959472656,-0.0035294785122691147,3.470511989059201,-0.003422391425376113,3.5092162830557334,0.0011808881926229943,0.3249935115218952,1,-1.0,-1.0,0,0,0,0,0,31.0,43.0,kandi/KAND,336.60591917685895,86.1,88.7,0.2094869605275822
11.108388977192982,2.931716847824062,KAND,kandi,11.123456,2.954658,3009.7740407661463,7079.457844,327.0,100.0,427.0,538.0,10,323.87188720703125,236.2068080981569,1.962437960435611,313.87188720703125,-0.003415262012129846,3.2151251423639025,-0.0030363448832080907,3.2366683237811955,-0.0021737143103250952,0.08493588444040957,1,-1.0,-1.0,0,0,0,0,0,31.0,43.0,kandi/KAND,152.93749306281921,86.1,88.1,0.4192714857649409
11.118668976702036,2.924428547081462,KAND,kandi,11.123456,2.954658,3344.5314467229673,7079.457844,327.0,100.0,427.0,538.0,10,303.0980529785156,260.8351801151522,2.1216166756031125,293.0980529785156,-0.00895446021381686,9.804185869561936,-0.008519670969080925,9.869366420821457,0.010308782491870679,0.17718656039283187,1,-1.0,-1.0,0,0,0,1,0,33.2,27.0,kandi/KAND,277.74462035546526,85.9,88.5,0.8779468195055962
11.117906489849862,2.930536923257779,KAND,kandi,11.123456,2.954658,2705.613435987739,7079.457844,327.0,100.0,427.0,538.0,10,308.88995361328125,256.8064708205004,2.499585994462317,298.88995361328125,-0.008950705056662088,7.775708924611567,-0.008996283489724864,7.841045455150773,-0.009724934895833334,0.36006663487482266,1,-1.0,-1.0,0,0,0,3,0,35.5,22.0,kandi/KAND,323.68254725880485,88.4,89.2,0.1690744884370624
11.106525907320302,2.9309924868467463,KAND,kandi,11.123456,2.954658,3192.3499995768657,7079.457844,327.0,100.0,427.0,538.0,10,326.5615234375,233.9077433044072,1.8020590251340567,316.5615234375,-0.002107119931610203,2.9399303066564695,-0.0020559235085770263,2.9684068540500457,-0.0002733866373697915,0.18735650909951324,1,-1.0,-1.0,0,0,0,2,0,31.4,32.0,kandi/KAND,383.69036938137486,86.3,88.1,0.6499810877225759
11.112661183578389,2.922498567454656,KAND,kandi,11.123456,2.954658,3710.596723872452,7079.457844,327.0,100.0,427.0,538.0,10,310.35040283203125,251.11800554747805,1.8006077388126016,300.35040283203125,-0.006159315546108956,8.036747921800606,-0.006038807056568287,8.049604696348991,0.0028635660807291665,0.10862586289308368,1,-1.0,-1.0,0,0,0,0,0,36.4,21.0,kandi/KAND,172.33978820923755,87.9,85.3,0.6018208898271752
11.135497322946526,2.9069078577709764,KAND,kandi,11.123456,2.954658,5383.578357331718,7079.457844,327.0,100.0,427.0,538.0,10,301.3603515625,284.4180769484826,1.3369017134983885,291.3603515625,-0.0060259185969566455,11.246680758500842,-0.005905006045386906,11.201137834856297,-0.004001108805338542,0.25532576660160505,1,-1.0,-1.0,0,0,0,0,0,28.4,37.0,kandi/KAND,348.3702771476682,79.6,81.9,0.5232148091468622
11.112605582999844,2.922979567744146,KAND,kandi,11.123456,2.954658,3662.8955134601415,7079.457844,327.0,100.0,427.0,538.0,10,310.223876953125,250.7605536097168,1.826018118355415,300.223876953125,-0.006260569502667683,7.9204529628444,-0.006103870695047974,7.930448913897833,0.0055242642010378895,0.1439014337527934,1,-1.0,-1.0,0,0,0,0,0,33.2,27.0,kandi/KAND,246.3349853351433,85.3,85.9,0.14624046518880385
11.1115294383024,2.9220745887066246,KAND,kandi,11.123456,2.954658,3796.1569443356652,7079.457844,327.0,100.0,427.0,538.0,10,311.863037109375,249.54601259916163,1.7372412235413377,301.863037109375,-0.005633160448449804,7.700342353070464,-0.004656970562205804,7.68827431390863,0.03369000853227426,0.6553822430188226,1,-1.0,-1.0,0,0,0,0,0,36.4,21.0,kandi/KAND,191.92410374935423,87.9,85.9,0.4937077984009196
11.126753743400606,2.92803191790266,KAND,kandi,11.123456,2.954658,2931.450303055717,7079.457844,327.0,100.0,427.0,538.0,10,297.04742431640625,277.196731879049,2.5382870824987767,287.04742431640625,-0.01232499580224593,11.862965682191486,-0.012031290690104167,11.958938178795858,0.003029717339409722,0.11840709877482336,1,-1.0,-1.0,0,0,0,0,0,35.3,21.0,kandi/KAND,366.44460781959253,81.1,82.6,0.3742142321647436
11.13969179209523,2.923883193596484,KAND,kandi,11.123456,2.954658,3811.4426375467724,7079.457844,327.0,100.0,427.0,538.0,10,293.1659240722656,298.26915139350604,2.0110439077268176,283.1659240722656,-0.01054003980905183,14.222512701755694,-0.01028888847323161,14.219534412921444,0.011718352834200538,0.35381256325558946,1,-1.0,-1.0,0,0,0,0,0,30.2,23.0,kandi/KAND,262.99505261506863,84.6,83.8,0.6581328798660746
11.145426060037268,2.919500973161763,KAND,kandi,11.123456,2.954658,4544.807428362289,7079.457844,327.0,100.0,427.0,538.0,10,291.1341857910156,302.496490073089,1.7123321721200835,281.1341857910156,-0.009252454523454632,14.234443056204688,-0.009198938676198701,14.226315049388958,-0.0037908935909417166,0.1692914790009596,1,-1.0,-1.0,0,0,0,0,0,30.2,29.0,kandi/KAND,169.91341088926387,75.9,81.4,0.5349131244951366
11.121513085929251,2.9243561028643086,KAND,kandi,11.123456,2.954658,3317.2149294533674,7079.457844,327.0,100.0,427.0,538.0,10,302.3221130371094,266.26419105055743,2.15245499050812,292.3221130371094,-0.009277046272913888,10.483515113293176,-0.008823232769400512,10.515405701268428,0.01271190546560743,0.24025190909681074,1,-1.0,-1.0,0,0,0,0,0,33.2,27.0,kandi/KAND,366.5034435036539,88.5,80.5,0.7827533118943684
11.139652093823667,2.924329326553082,KAND,kandi,11.123456,2.954658,3766.436369004616,7079.457844,327.0,100.0,427.0,538.0,10,291.85504150390625,298.5605502260927,2.0549703962563637,281.85504150390625,-0.010970988601603834,14.223655084212403,-0.010631553332010903,14.232864640402859,0.008930714925130208,0.40878649399593386,1,-1.0,-1.0,0,0,0,0,0,32.0,21.0,kandi/KAND,262.99505261506863,83.8,84.6,0.15282773174494468
11.139228560685218,2.920183515771857,KAND,kandi,11.123456,2.954658,4150.46547436403,7079.457844,327.0,100.0,427.0,538.0,10,298.6943359375,295.00231678193984,1.770652629242899,288.6943359375,-0.008061172914720126,13.74229204012806,-0.008103881254978131,13.708064152453435,0.013402126720812266,0.4539493035707965,1,-1.0,-1.0,0,0,0,0,0,30.2,23.0,kandi/KAND,387.1975309838644,85.2,82.9,0.2835457140979434
11.121808423735263,2.9261364510609646,KAND,kandi,11.123456,2.954658,3121.0803582161575,7079.457844,327.0,100.0,427.0,538.0,10,300.7929382324219,266.6335323964758,2.315606677829971,290.7929382324219,-0.010426945388489385,10.295216459595071,-0.010208264236930031,10.3910662008126,0.0015177408854166665,0.056775862181872236,1,-1.0,-1.0,0,0,0,0,0,31.0,31.0,kandi/KAND,360.5272688756482,82.0,87.2,0.4209617820656434
11.13590782598681,2.9146049636687175,KAND,kandi,11.123456,2.954658,4587.051009609308,7079.457844,327.0,100.0,427.0,538.0,10,299.0011901855469,287.58427266154337,1.5983883680889248,289.0011901855469,-0.007494177385030118,12.475339030329906,-0.007426685620379703,12.42885393186826,-0.006674533420138889,0.2452737163109857,1,-1.0,-1.0,0,0,0,0,0,30.4,39.0,kandi/KAND,371.02901908073824,86.4,85.4,0.007496597212451439
11.133872767444435,2.9180968697920386,KAND,kandi,11.123456,2.954658,4156.82618671941,7079.457844,327.0,100.0,427.0,538.0,10,299.71337890625,286.1954426900789,1.7539121683153154,289.71337890625,-0.008091161478545014,12.654056893730072,-0.007778490576056441,12.594374838194417,0.0096038818359375,0.42764977615747085,1,-1.0,-1.0,0,0,0,0,0,30.4,39.0,kandi/KAND,208.75379014506763,85.4,87.5,0.934348960194185
11.135507376269953,2.9179220453187216,KAND,kandi,11.123456,2.954658,4228.641658380991,7079.457844,327.0,100.0,427.0,538.0,10,299.9050598144531,288.49048035167687,1.721548601131847,289.9050598144531,-0.007892323757580854,13.03795342668935,-0.007739549472337559,12.974067840775225,0.0059356689453125,0.218762830986988,1,-1.0,-1.0,0,0,1,0,0,30.0,38.0,kandi/KAND,208.75379014506763,87.5,85.4,0.9397734063919992
11.12471577577303,2.921684133067179,KAND,kandi,11.123456,2.954658,3604.8121763494596,7079.457844,327.0,100.0,427.0,538.0,10,304.3900451660156,272.2329709161739,1.9480420745512599,294.3900451660156,-0.007971166185111055,11.132993652247167,-0.007743512252998564,11.105240611722854,0.011672553577711181,0.3853263378195208,1,-1.0,-1.0,0,0,0,0,0,31.5,32.0,kandi/KAND,346.276348393292,81.6,82.1,0.3829109350402352
11.136356968957266,2.9354635264906257,KAND,kandi,11.123456,2.954658,2536.3381701868016,7079.457844,327.0,100.0,427.0,538.0,10,293.2840881347656,304.413090277949,3.0178433229261126,283.2840881347656,-0.015662149023187806,12.341548167602582,-0.015537492890924333,12.599064647889882,-0.007252248128255208,0.3238311292327199,1,-1.0,-1.0,0,0,0,3,0,33.4,16.0,kandi/KAND,305.11071367616483,83.2,87.6,0.24853062890590727
11.129917895855423,2.919838598714516,KAND,kandi,11.123456,2.954658,3870.271476864112,7079.457844,327.0,100.0,427.0,538.0,10,301.7046203613281,280.71367599952964,1.8542342796401512,291.7046203613281,-0.008167102097958052,11.968552828562418,-0.007853631955473301,11.915430049748947,0.011924607735999113,0.31291345155198214,1,-1.0,-1.0,0,0,0,5,0,26.8,36.0,kandi/KAND,217.3248474057293,85.7,74.6,0.8300022163517738
11.119773982818902,2.917835436859957,KAND,kandi,11.123456,2.954658,4043.1557969580717,7079.457844,327.0,100.0,427.0,538.0,10,307.6016540527344,264.1847791067577,1.6915088239730747,297.6016540527344,-0.006322047395050048,9.94023105968211,-0.005948187436526798,9.891125961142917,0.01756457983003317,0.3855926986799252,1,-1.0,-1.0,0,0,0,0,0,35.2,25.0,kandi/KAND,262.5331864737047,86.1,77.7,0.28100178411561405
11.112557718347087,2.9229673232980917,KAND,kandi,11.123456,2.954658,3665.8972824808466,7079.457844,327.0,100.0,427.0,538.0,10,310.223876953125,250.688861837329,1.8245239198147036,300.223876953125,-0.006260569502667683,7.90173151701663,-0.006132958524970598,7.909718485930614,0.004321967230902778,0.172779705951121,1,-1.0,-1.0,0,0,0,0,0,33.2,27.0,kandi/KAND,246.3349853351433,85.3,85.9,0.16850309437869992
11.139565596401068,2.9198924394718047,KAND,kandi,11.123456,2.954658,4195.0361530330265,7079.457844,327.0,100.0,427.0,538.0,10,299.2650451660156,295.2829816081244,1.744064406726271,289.2650451660156,-0.008093387933004534,13.717515934773221,-0.007924025271420188,13.64708982031502,0.006040106879340278,0.22820727878438357,1,-1.0,-1.0,0,0,0,0,0,30.2,29.0,kandi/KAND,387.1975309838644,82.9,85.2,0.5887892420195145
11.140769692498912,2.9153727589311518,KAND,kandi,11.123456,2.954658,4699.418062296787,7079.457844,327.0,100.0,427.0,538.0,10,293.9934997558594,294.19191865816197,1.621195888724699,283.9934997558594,-0.009119464070588766,13.202579963164574,-0.008378309973630765,13.193211509293235,-0.033598581949869796,2.3615266895816034,0,-1.0,4379.217232400813,0,5,0,3,0,30.4,39.0,kandi/KAND,295.05963126131167,78.5,82.2,0.7814041256855061
11.139276934012653,2.921715482236281,KAND,kandi,11.123456,2.954658,4001.57471229565,7079.457844,327.0,100.0,427.0,538.0,10,296.2303466796875,296.08340597094286,1.8717340647443872,286.2303466796875,-0.009227619835393346,13.982238985999581,-0.008929359510019908,13.953411762531788,0.01423411990066662,0.4849324433958286,1,-1.0,-1.0,0,0,0,0,0,30.2,23.0,kandi/KAND,224.00284038368383,84.6,85.2,0.4096785091461169
11.140004441375904,2.928535236125302,KAND,kandi,11.123456,2.954658,3390.2695684987043,7079.457844,327.0,100.0,427.0,538.0,10,292.74761962890625,302.850199913022,2.2676892600549774,282.74761962890625,-0.01197130848421012,13.9276807404855,-0.01175912607559621,13.96831645262304,-0.0013765120428200668,0.13928931917792414,1,-1.0,-1.0,0,0,0,0,0,34.2,16.0,kandi/KAND,232.1598899465155,79.7,83.4,0.252706746987594
11.11095826713935,2.9324150697313978,KAND,kandi,11.123456,2.954658,2795.6419670437926,7079.457844,327.0,100.0,427.0,538.0,10,322.20013427734375,240.20584188157682,2.146834164934047,312.20013427734375,-0.003945122035682624,3.806637657865823,-0.004179642747568628,3.851806627353065,-0.013933926264152364,0.5190092622101935,1,-1.0,-1.0,0,0,0,0,0,31.0,43.0,kandi/KAND,165.92922165772438,88.7,88.6,0.6271459429130481
11.126391542814869,2.926806712911389,KAND,kandi,11.123456,2.954658,3059.789168327195,7079.457844,327.0,100.0,427.0,538.0,10,298.0611267089844,276.13384056789215,2.4130044906355943,288.0611267089844,-0.01151857406539072,11.87755029559601,-0.01074067757370485,11.918786372977483,0.0233386125577458,0.6238758523792052,1,-1.0,-1.0,0,0,0,2,0,35.3,21.0,kandi/KAND,276.13132473513264,81.1,81.0,0.7046973007356494
11.114013126554536,2.9355738281197374,KAND,kandi,11.123456,2.954658,2331.8510033630896,7079.457844,327.0,100.0,427.0,538.0,10,321.7408447265625,243.24155773194883,2.5845622899736758,311.7408447265625,-0.005078342972910121,3.9355585072287598,-0.004903221130371093,3.9960645050705605,-0.00968356662326389,0.3588183632292271,1,-1.0,-1.0,0,0,1,3,0,31.0,43.0,kandi/KAND,302.0118058950443,90.3,89.9,0.869218746491449
11.11192073408537,2.9334124212805213,KAND,kandi,11.123456,2.954658,2648.5733441771213,7079.457844,327.0,100.0,427.0,538.0,10,322.0314025878906,241.04483186828054,2.269565883320463,312.0314025878906,-0.003225341585478786,3.9161278309941183,-0.004254470164526557,3.940498211962575,0.00781579198260608,0.4088308304896125,1,-1.0,-1.0,0,0,0,0,0,31.0,43.0,kandi/KAND,169.22313139762375,90.3,88.7,0.56793292680727
11.130265867640112,2.9219305270313507,KAND,kandi,11.123456,2.954658,3653.662503150154,7079.457844,327.0,100.0,427.0,538.0,10,299.96014404296875,281.9761716426352,1.9914035141090456,289.96014404296875,-0.009122485360069084,12.27326246734034,-0.008935858613701275,12.239634611828494,0.0006462944878472223,0.05108362734842503,1,-1.0,-1.0,0,0,1,2,0,30.7,25.0,kandi/KAND,296.59233233508934,86.6,85.7,0.24741727506983413
11.135633610297266,2.917753716241737,KAND,kandi,11.123456,2.954658,4250.499898160273,7079.457844,327.0,100.0,427.0,538.0,10,299.9050598144531,288.59150747977054,1.7127008060475497,289.9050598144531,-0.007845145212092869,13.020423001585108,-0.007628126952216622,12.954539555052001,0.0051867796659979485,0.15939734412006296,1,-1.0,-1.0,0,0,1,0,0,30.4,39.0,kandi/KAND,371.02901908073824,86.4,85.4,0.9530679404615588
11.109278757073266,2.9320474954486664,KAND,kandi,11.123456,2.954658,2925.8475271152424,7079.457844,327.0,100.0,427.0,538.0,10,323.6731872558594,237.4232146729724,2.0225698439699857,313.6731872558594,-0.0032830582184045485,3.4032778117877722,-0.003189982096354166,3.4426381369149057,0.002969106038411458,0.14486487853831007,1,-1.0,-1.0,0,0,0,0,0,31.0,43.0,kandi/KAND,173.06789013672005,86.1,88.6,0.2479600558414553
11.13761472410326,2.90648747796577,KAND,kandi,11.123456,2.954658,5490.23661950276,7079.457844,327.0,100.0,427.0,538.0,10,298.66973876953125,286.6809741623075,1.3390030741315524,288.66973876953125,-0.006321238070536985,11.678088029621536,-0.006347840971284421,11.641269671561592,-0.01402981019969207,0.46041697694419303,1,-1.0,-1.0,0,0,0,1,0,28.4,37.0,kandi/KAND,212.6801711490994,81.9,78.5,0.6444948274222417
11.112679822721969,2.9346927903449136,KAND,kandi,11.123456,2.954658,2485.5558299961936,7079.457844,327.0,100.0,427.0,538.0,10,322.55560302734375,241.1879837317041,2.40618401298404,312.55560302734375,-0.004362913907608196,3.7392913709996733,-0.004526409596228367,3.8150794151636656,-0.013296354032893995,0.5573946836982235,1,-1.0,-1.0,0,0,0,2,0,33.3,38.0,kandi/KAND,302.0118058950443,89.9,90.3,0.7181397700576188
11.137838199673872,2.919840803167071,KAND,kandi,11.123456,2.954658,4122.718819566142,7079.457844,327.0,100.0,427.0,538.0,10,298.1762390136719,292.8342876954059,1.7897550777835123,288.1762390136719,-0.008490130290892964,13.58401181326508,-0.008226187569754463,13.520910893433587,0.008414459228515626,0.3944228672118926,1,-1.0,-1.0,0,0,0,0,0,30.2,23.0,kandi/KAND,222.29118403569404,85.2,79.8,0.5888076386483512
11.120660789479345,2.9168476015926283,KAND,kandi,11.123456,2.954658,4142.053080643134,7079.457844,327.0,100.0,427.0,538.0,10,311.2359313964844,265.6950045439829,1.6009129370863964,301.2359313964844,-0.005297229501555006,10.003756398620114,-0.005232667468843007,9.969304695997767,0.009892442491319445,0.37215072408706223,1,-1.0,-1.0,0,0,0,1,0,35.3,25.0,kandi/KAND,262.5331864737047,77.7,86.1,0.15772817762960656
11.109611802068164,2.9319462053241367,KAND,kandi,11.123456,2.954658,2915.6773583555746,7079.457844,327.0,100.0,427.0,538.0,10,323.05560302734375,238.15299191749745,2.0417396687069913,313.05560302734375,-0.0034931208811649662,3.554894233431877,-0.003256835703838441,3.569485311265939,0.009095805779407828,0.2648302580658741,1,-1.0,-1.0,0,0,0,0,0,33.4,23.0,kandi/KAND,320.7240494333438,88.6,88.1,0.30082126074144677
11.120095801506904,2.926799099078254,KAND,kandi,11.123456,2.954658,3065.9881134405096,7079.457844,327.0,100.0,427.0,538.0,10,303.0071716308594,262.9948463938118,2.315859117941829,293.0071716308594,-0.009811717406831512,9.613668082327496,-0.009774671126180752,9.668970073767964,-0.005256768528779938,0.1961633120205247,1,-1.0,-1.0,0,0,2,7,0,33.2,27.0,kandi/KAND,368.7529770885469,88.5,87.2,0.8382827571275766
11.128739340921598,2.9275036484093864,KAND,kandi,11.123456,2.954658,3023.386144507928,7079.457844,327.0,100.0,427.0,538.0,10,297.86395263671875,281.21853260119667,2.4457530865780357,287.86395263671875,-0.011661985227581563,12.332215904483885,-0.011386098522198625,12.369009136486039,0.007050577799479167,0.26066769683755425,1,-1.0,-1.0,0,0,4,7,0,33.0,34.0,kandi/KAND,174.81002316812828,82.6,87.2,0.007153743894305231
11.135891128626692,2.9147966954245446,KAND,kandi,11.123456,2.954658,4566.520615616526,7079.457844,327.0,100.0,427.0,538.0,10,299.3919982910156,287.64135948847996,1.6006711290415219,289.3919982910156,-0.007392893273845996,12.486386828395808,-0.0074847110406461225,12.46456607242748,-0.00884997306827179,0.29975551293578806,1,-1.0,-1.0,0,0,0,0,0,30.4,39.0,kandi/KAND,371.02901908073824,85.4,86.4,0.9349262989355731
11.132921996340496,2.9122355347844,KAND,kandi,11.123456,2.954658,4751.053098065767,7079.457844,327.0,100.0,427.0,538.0,10,302.34039306640625,282.81596048172753,1.5029996102379533,292.34039306640625,-0.0064958040569313424,11.382741118419709,-0.006503479196711783,11.357181471985577,-0.0064350824400797825,0.20380992493128464,0,-1.0,4551.108979710293,0,4,0,0,0,30.7,25.0,kandi/KAND,115.49335305553211,83.5,81.6,0.6479853619804128
11.139311317969533,2.9274556810852896,KAND,kandi,11.123456,2.954658,3450.520463100676,7079.457844,327.0,100.0,427.0,538.0,10,292.3051452636719,300.7147194958963,2.2354686399081816,282.3051452636719,-0.011890448696980856,13.963397487725613,-0.011742172893295941,14.012602413313449,-0.0028493245442708336,0.11489437444752255,1,-1.0,-1.0,0,0,0,5,0,34.2,16.0,kandi/KAND,232.1598899465155,79.7,83.4,0.8660902924491468
11.126944175575176,2.926886393873219,KAND,kandi,11.123456,2.954658,3058.2410057290936,7079.457844,327.0,100.0,427.0,538.0,10,298.05645751953125,277.29731306868894,2.4143118939342014,288.05645751953125,-0.011513200519192092,12.023834175570324,-0.011151514297876603,12.066691979376992,0.009171549479166666,0.34804787571438867,1,-1.0,-1.0,0,0,0,2,0,35.7,22.0,kandi/KAND,213.30780787394355,87.2,81.0,0.6073546631247623
11.124007451552394,2.9221539871017903,KAND,kandi,11.123456,2.954658,3551.318331655305,7079.457844,327.0,100.0,427.0,538.0,10,304.00885009765625,270.99370852235023,1.9835052241552016,294.00885009765625,-0.008051160065521234,11.060777722615699,-0.00805957680184997,11.041111349225758,0.00919143150673031,0.30901084051033684,1,-1.0,-1.0,0,0,0,0,0,34.3,13.0,kandi/KAND,346.276348393292,82.1,81.6,0.8895566687099872
11.145276408527186,2.9190259922819366,KAND,kandi,11.123456,2.954658,4579.991437945191,7079.457844,327.0,100.0,427.0,538.0,10,290.73834228515625,301.97297291311673,1.7041332280290173,280.73834228515625,-0.009353061035875966,14.120762151366002,-0.00916680448798723,14.115521094764249,-0.004713694254557291,0.27117001219373116,0,-1.0,4258.749553520177,0,1,0,1,0,30.2,29.0,kandi/KAND,169.91341088926387,81.4,75.9,0.7904162452488671
11.133676534634883,2.9184600408573127,KAND,kandi,11.123456,2.954658,4112.704211049307,7079.457844,327.0,100.0,427.0,538.0,10,299.2698974609375,286.05730302780796,1.7788889631933231,289.2698974609375,-0.008225961583823974,12.659462998576778,-0.00802901380067821,12.63024351900677,0.014052327473958334,0.5205444066203517,1,-1.0,-1.0,0,0,0,0,0,30.0,38.0,kandi/KAND,367.47538693083294,86.0,87.5,0.8919626983603238
11.127789818462068,2.927828652741171,KAND,kandi,11.123456,2.954658,2969.812127392859,7079.457844,327.0,100.0,427.0,538.0,10,297.27349853515625,279.35114912389315,2.5011881671053846,287.27349853515625,-0.012135397227458511,12.132286386915784,-0.011832329778387995,12.201125126221193,0.004477945963541667,0.1669630022018456,1,-1.0,-1.0,0,0,0,4,0,35.7,22.0,kandi/KAND,174.81002316812828,87.2,82.6,0.35558286044881493
11.13600230991065,2.9170538411860076,KAND,kandi,11.123456,2.954658,4335.9596796326605,7079.457844,327.0,100.0,427.0,538.0,10,300.4173278808594,288.783549170596,1.6722004009348266,290.4173278808594,-0.007536706928493773,12.953969453045827,-0.007453188387985402,12.888357172308085,0.001256561279296875,0.06894650066529832,1,-1.0,-1.0,0,0,0,0,0,30.4,39.0,kandi/KAND,193.28666844877344,82.8,85.4,0.46153533711166883
11.133249754682288,2.9204935218079218,KAND,kandi,11.123456,2.954658,3886.181693277261,7079.457844,327.0,100.0,427.0,538.0,10,297.9403381347656,286.2894532052307,1.9020874028603842,287.9403381347656,-0.008995790078840438,12.854121022865256,-0.008992906050248578,12.827517177603433,0.0029630025227864584,0.1344329423513153,1,-1.0,-1.0,0,0,0,6,0,30.0,38.0,kandi/KAND,367.47538693083294,87.5,86.0,0.7356548789882258
11.129864945245036,2.9224090780240606,KAND,kandi,11.123456,2.954658,3593.515524760796,7079.457844,327.0,100.0,427.0,538.0,10,300.1969909667969,281.4529527546204,2.0209357677016193,290.1969909667969,-0.009184776386552126,12.225808688626431,-0.009003277554538081,12.191820739213274,0.0039174397786458336,0.14617568451831137,1,-1.0,-1.0,0,0,3,4,0,25.9,36.0,kandi/KAND,303.403835341593,74.6,86.6,0.9812786853163936
11.12272816858565,2.9250744168163627,KAND,kandi,11.123456,2.954658,3232.771355178414,7079.457844,327.0,100.0,427.0,538.0,10,301.0428466796875,268.56654591374047,2.2312634907614606,291.0428466796875,-0.009963744363667051,10.80684586604585,-0.009665157433712119,10.843011919391275,0.004305691189236111,0.15827564870120223,1,-1.0,-1.0,0,0,0,0,0,31.0,31.0,kandi/KAND,125.68023710985162,82.0,80.5,0.24519911264905747
11.12064846660745,2.916861328336005,KAND,kandi,11.123456,2.954658,4140.65982271611,7079.457844,327.0,100.0,427.0,538.0,10,311.2359313964844,265.67451469198403,1.6014513351732536,301.2359313964844,-0.005329175733992492,10.043347472718493,-0.005232667468843006,9.974407513478106,0.009892442491319445,0.37215072408706223,1,-1.0,-1.0,0,0,0,0,0,35.2,25.0,kandi/KAND,262.5331864737047,86.1,77.7,0.8344725363609699
11.116141856916894,2.9296693634746225,KAND,kandi,11.123456,2.954658,2847.2078597968125,7079.457844,327.0,100.0,427.0,538.0,10,309.47479248046875,253.3926200029248,2.3636763723964176,299.47479248046875,-0.00837722284555032,7.180999042635559,-0.00882052052995099,7.333258486324507,-0.02199628250834583,0.5081639985285287,1,-1.0,-1.0,0,0,1,8,0,35.5,22.0,kandi/KAND,195.43881932716198,89.2,87.4,0.43713833785373246
11.116692365371012,2.926060325335319,KAND,kandi,11.123456,2.954658,3212.4349592380677,7079.457844,327.0,100.0,427.0,538.0,10,305.3936462402344,256.45094740342563,2.167889977572424,295.3936462402344,-0.008620904993127895,8.752271201199306,-0.008441591408639143,8.792661583992906,0.0008653428819444444,0.13448192855175778,1,-1.0,-1.0,0,0,0,0,0,35.5,22.0,kandi/KAND,377.1768718948386,89.2,85.9,0.852499148808534
11.141190516545048,2.9165684850841536,KAND,kandi,11.123456,2.954658,4600.101853689261,7079.457844,327.0,100.0,427.0,538.0,10,293.2430419921875,295.3894097270189,1.6655175695217554,283.2430419921875,-0.008855576912537189,13.398917631738527,-0.008684225391418263,13.395331035858991,-0.006834189168589365,0.24912265315777163,1,-1.0,-1.0,0,0,0,2,0,30.2,29.0,kandi/KAND,312.10744640271304,82.9,82.2,0.7051654504792515
11.123248634913086,2.9240234480936405,KAND,kandi,11.123456,2.954658,3346.6542128531073,7079.457844,327.0,100.0,427.0,538.0,10,301.8729553222656,269.6077012403797,2.1412172393301816,291.8729553222656,-0.009360840207054502,10.966910671900104,-0.009021692108689692,10.964823701709042,0.0072357177734375,0.3405126390709143,1,-1.0,-1.0,0,0,0,1,0,31.0,31.0,kandi/KAND,340.76806176995353,82.0,81.6,0.43191540904577874
11.100629698695707,2.924167913988275,KAND,kandi,11.123456,2.954658,4179.75863803781,7079.457844,327.0,100.0,427.0,538.0,10,323.5903625488281,232.6611063218242,1.4172414885565014,313.5903625488281,-0.002748104998330226,3.615150950470273,-0.0022966136036065314,3.6319998917243588,-0.007186377021416686,0.28728965235562764,1,-1.0,-1.0,0,0,0,0,0,31.5,29.0,kandi/KAND,226.45360253270923,82.2,83.5,0.8163790834012993
11.139570613286585,2.9249616269237877,KAND,kandi,11.123456,2.954658,3701.476027839167,7079.457844,327.0,100.0,427.0,538.0,10,291.0474853515625,298.94767934955723,2.10348663466043,281.0474853515625,-0.011315472470686512,14.20565162455667,-0.011135490147083715,14.220756242365699,0.0067993064800188205,0.2519849827081563,1,-1.0,-1.0,0,0,0,0,0,34.2,16.0,kandi/KAND,285.4340773278742,83.4,83.8,0.8926375795305824
