Rx_lat,Rx_lon,Tx_id,City,Tx_lat,Tx_lon,Distance,Tx_power,Tx_alt,Tx_antenna_height,Tx_height,Freq,Rx_antenna_height,Rx_height,Azimut_Tx_Rx,Tilt_Tx_Rx,Rx_alt,Slope_Tx_Rx,Roughness_Tx_Rx,Slope_Tx_Rx_50m,Roughness_Tx_Rx_50m,Slope_Local_Rx_50m,Roughness_Local_Rx_50m,LOS,First_building_m,First_tree_m,Fresnel_buildings,Fresnel_trees,Buildings_near_Rx,Trees_near_Rx,Environment,Temp,Rhum,stratum,pair_dist,y_a,y_b,lam
6.37946602471692,2.3542971822859,ABCA,cotonou,6.4302,2.3471,5666.78936397718,21238.37353,17.0,150.0,167.0,570.0,10,13.120643138885498,171.97516255716312,1.5554613110620512,3.120643138885498,-0.0021294864825927087,3.380258423547173,-0.0020748117468125937,3.3629080945535827,0.0032305488930424904,0.07895266782060882,1,-1.0,-1.0,0,0,0,15,1,32.0,41.0,cotonou/ABCA,371.72406814317804,70.7,76.2,0.8418812219811371
6.379678355439619,2.3536541235257236,ABCA,cotonou,6.4302,2.3471,5633.945306826234,21238.37353,17.0,150.0,167.0,570.0,10,13.240586280822754,172.65362134562554,1.5633057652325506,3.240586280822754,-0.0021227287062516443,3.427791481930216,-0.002025708351536449,3.4102919359922588,0.004729469994461294,0.08733819310260674,1,-1.0,-1.0,0,0,0,15,1,32.0,41.0,cotonou/ABCA,371.72406814317804,70.7,76.2,0.6396614860765623
6.377913026984317,2.3515784606872328,ABCA,cotonou,6.4302,2.3471,5803.503675180063,21238.37353,17.0,150.0,167.0,570.0,10,14.23169231414795,175.1346263402569,1.5078750501964902,4.231692314147949,-0.0018803732850512745,3.5251775001538213,-0.001867811614964284,3.5081806645288887,0.0004791339238484701,0.022702249455243628,0,5442.965370709958,-1.0,2,0,1,5,1,30.0,52.0,cotonou/ABCA,390.776757083828,74.3,70.7,0.3076781205447472
6.38010657318006,2.3523572355118163,ABCA,cotonou,6.4302,2.3471,5570.18362543696,21238.37353,17.0,150.0,167.0,570.0,10,13.310178279876709,174.04565407807627,1.58047654471227,3.310178279876709,-0.00210294898999247,3.5129727808785476,-0.0020769659509050084,3.4944902526167296,0.00502163569132487,0.18523359523644875,1,-1.0,-1.0,0,0,0,12,1,32.0,41.0,cotonou/ABCA,371.72406814317804,70.7,76.2,0.23183506660891695
6.37947843024998,2.354259611242917,ABCA,cotonou,6.4302,2.3471,5664.848419041496,21238.37353,17.0,150.0,167.0,570.0,10,13.120643138885498,172.0145855006126,1.555993996246428,3.120643138885498,-0.0021279169884544573,3.391611815100716,-0.0020709348394150626,3.3741833882368044,0.00347737866401863,0.07895266782060882,1,-1.0,-1.0,0,0,0,16,1,32.0,41.0,cotonou/ABCA,371.72406814317804,70.7,76.2,0.8300664285902258
6.379644361753686,2.353757075831691,ABCA,cotonou,6.4302,2.3471,5639.14951514855,21238.37353,17.0,150.0,167.0,570.0,10,13.240586280822754,172.54447364527505,1.5618637504058326,3.240586280822754,-0.0021201765067762235,3.426738494618485,-0.0020415073327176283,3.409193395835326,0.0053162534544541765,0.1451031763215539,1,-1.0,-1.0,0,0,0,16,1,32.0,41.0,cotonou/ABCA,371.72406814317804,70.7,76.2,0.67203642506008
6.380051707921435,2.352523398866511,ABCA,cotonou,6.4302,2.3471,5578.165209932182,21238.37353,17.0,150.0,167.0,570.0,10,13.27737808227539,173.86554035928043,1.578552895044417,3.2773780822753906,-0.0021334182093770424,3.5039478315759145,-0.0020231605184160176,3.4856439882447896,0.008266341849449273,0.22336729176881362,1,-1.0,-1.0,0,0,1,12,1,32.0,41.0,cotonou/ABCA,371.72406814317804,70.7,76.2,0.2840876938714656
6.392112457905262,2.3664500851656727,ABCA,cotonou,6.4302,2.3471,4724.787785081398,21238.37353,17.0,150.0,167.0,570.0,10,13.5597083568573,153.21129899958464,1.8600607658144657,3.5597083568573,-0.002458453128106483,3.240685556418684,-0.0023970338702201843,3.2279247811534253,0.001932777961095174,0.08985377318819687,1,-1.0,-1.0,0,0,1,8,1,33.0,44.0,cotonou/ABCA,307.08506585455837,66.0,65.5,0.14495839335961003
6.378515557640352,2.3515887310961423,ABCA,cotonou,6.4302,2.3471,5737.215314254728,21238.37353,17.0,150.0,167.0,570.0,10,14.117422580718994,175.0669576956584,1.5264293735379744,4.117422580718994,-0.0019262766672505276,3.540298796608089,-0.0018994406286180086,3.5316998473059815,0.0024095086025889612,0.07960223562348298,0,5438.282251788549,5461.277102747486,2,1,1,4,1,30.0,52.0,cotonou/ABCA,390.776757083828,74.3,70.7,0.4788516023728052
6.392070839361155,2.3670546492800684,ABCA,cotonou,6.4302,2.3471,4759.540741070548,21238.37353,17.0,150.0,167.0,570.0,10,13.756994485855103,152.5212670387906,1.8441160261506966,3.7569944858551025,-0.0023983871943501615,3.2459639179096182,-0.002351656611661733,3.234349769148692,0.0019565502802530925,0.08732921800700913,1,-1.0,-1.0,0,0,1,3,1,33.0,44.0,cotonou/ABCA,307.08506585455837,65.5,66.0,0.6359966376562964
6.380103265243814,2.3523672538330205,ABCA,cotonou,6.4302,2.3471,5570.6632694752025,21238.37353,17.0,150.0,167.0,570.0,10,13.310178279876709,174.0347801013612,1.5803405318751684,3.310178279876709,-0.0021049224694056697,3.513095694261572,-0.0020769659509050084,3.4946129550727787,0.00502163569132487,0.18523359523644875,1,-1.0,-1.0,0,0,0,12,1,32.0,41.0,cotonou/ABCA,371.72406814317804,70.7,76.2,0.23498548208189518
6.391990588823161,2.3682203939372384,ABCA,cotonou,6.4302,2.3471,4828.474811300794,21238.37353,17.0,150.0,167.0,570.0,10,14.021753787994385,151.21896136235398,1.814667623543386,4.021753787994385,-0.002316438036087716,3.189708590518854,-0.002274760049301179,3.1809908004937126,0.0009977261225382486,0.04009658207956761,1,-1.0,-1.0,0,0,0,4,1,33.0,44.0,cotonou/ABCA,307.08506585455837,65.5,66.0,0.21362538505849238
6.377747526798101,2.3515756396613314,ABCA,cotonou,6.4302,2.3471,5821.712853946035,21238.37353,17.0,150.0,167.0,570.0,10,14.23169231414795,175.15294342922948,1.5031608792654607,4.231692314147949,-0.0018867514089801378,3.5262688959553388,-0.0018751400528936625,3.509226110438871,-0.00023742690495159985,0.013155233194688533,0,5448.376558703002,5460.043317929347,1,1,0,6,1,32.0,41.0,cotonou/ABCA,390.776757083828,70.7,74.3,0.7393389778120786
6.383848448384222,2.354520347038123,ABCA,cotonou,6.4302,2.3471,5191.246889020592,21238.37353,17.0,150.0,167.0,570.0,10,12.538762331008911,170.96023446120319,1.7042854891937447,2.538762331008911,-0.00244165179058565,3.5066895894369408,-0.002381400378374966,3.4867237960818005,0.003118078056300828,0.09225723487915323,1,-1.0,-1.0,0,0,2,11,1,31.3,40.0,cotonou/ABCA,340.0678431422958,81.1,79.4,0.810344105188583
6.379842341217283,2.353157480884799,ABCA,cotonou,6.4302,2.3471,5609.132619149156,21238.37353,17.0,150.0,167.0,570.0,10,13.365445137023926,173.18296554636606,1.5689433432633202,3.365445137023926,-0.002108661937488328,3.4612321762092804,-0.0020565451347848937,3.4434140028285545,0.004025665918986002,0.15064394455708688,1,-1.0,-1.0,0,0,1,12,1,32.0,41.0,cotonou/ABCA,371.72406814317804,76.2,70.7,0.5165154450318263
6.383946695119907,2.3565245804461092,ABCA,cotonou,6.4302,2.3471,5220.246219105446,21238.37353,17.0,150.0,167.0,570.0,10,12.953291177749634,168.5525657077403,1.6902776699162039,2.953291177749634,-0.0023483489039894897,3.484712579780264,-0.002318197850025061,3.4660246318135233,0.00044696066114637586,0.016626053313230776,1,-1.0,-1.0,0,0,0,17,1,31.3,40.0,cotonou/ABCA,340.0678431422958,79.4,81.1,0.844634132715348
6.380253065147796,2.3519135741238175,ABCA,cotonou,6.4302,2.3471,5549.147168133934,21238.37353,17.0,150.0,167.0,570.0,10,13.11434006690979,174.52907538073487,1.5884854799004686,3.11434006690979,-0.0021770655954826894,3.551445494748698,-0.0020624509918529374,3.532542269511362,0.007621726576294644,0.20005647901029308,0,5348.977530806457,-1.0,3,0,0,11,1,32.0,41.0,cotonou/ABCA,371.72406814317804,76.2,70.7,0.9076810931392044
6.392036376233068,2.367555271561744,ABCA,cotonou,6.4302,2.3471,4788.838154284709,21238.37353,17.0,150.0,167.0,570.0,10,13.913839340209961,151.95745061989146,1.8309670684532113,3.913839340209961,-0.0023509080168136976,3.2094175121351673,-0.002309964468449722,3.199341148024541,0.0014975269635518393,0.06682176385154576,1,-1.0,-1.0,0,0,0,0,1,33.0,44.0,cotonou/ABCA,307.08506585455837,65.5,66.0,0.4546117529913216
6.3839687479342775,2.3569744578592644,ABCA,cotonou,6.4302,2.3471,5228.028943913577,21238.37353,17.0,150.0,167.0,570.0,10,12.458997011184692,168.01601796319653,1.693175314839139,2.4589970111846924,-0.0024292912710280647,3.4330891943581983,-0.002411851648128394,3.423510066278138,0.00014722347259521482,0.008381644010352001,1,-1.0,-1.0,0,0,0,14,1,31.3,40.0,cotonou/ABCA,340.0678431422958,81.1,79.4,0.008347104815551898
6.379334186440398,2.354696463923364,ABCA,cotonou,6.4302,2.3471,5687.583714175305,21238.37353,17.0,150.0,167.0,570.0,10,12.828059196472168,171.5578647330051,1.552722456518931,2.828059196472168,-0.0021966589747753466,3.3682988740370368,-0.0021411366760730743,3.350859440372537,-0.00019702712694803884,0.04845391318732998,1,-1.0,-1.0,0,0,0,8,1,32.0,41.0,cotonou/ABCA,371.72406814317804,70.7,76.2,0.9674414853344991
6.379424026780262,2.3544243760369206,ABCA,cotonou,6.4302,2.3471,5673.3804156395945,21238.37353,17.0,150.0,167.0,570.0,10,12.977066040039062,171.8418991833231,1.5551040656210426,2.9770660400390625,-0.0021466158147443806,3.366143656207087,-0.002111135205774603,3.357458601699909,0.0009179553391278832,0.04042721854097394,1,-1.0,-1.0,0,0,0,12,1,32.0,41.0,cotonou/ABCA,371.72406814317804,76.2,70.7,0.11812074310672627
6.379661292495012,2.353705799872248,ABCA,cotonou,6.4302,2.3471,5636.554941155499,21238.37353,17.0,150.0,167.0,570.0,10,13.240586280822754,172.59881015211238,1.5625823387114546,3.240586280822754,-0.0021227287062516443,3.4274855788667367,-0.0020350339151768513,3.409924698058932,0.004138850963902499,0.10268729320687128,1,-1.0,-1.0,0,0,0,14,1,32.0,41.0,cotonou/ABCA,371.72406814317804,70.7,76.2,0.6559119095119907
6.380182144629414,2.3516171388289107,ABCA,cotonou,6.4302,2.3471,5553.907233618553,21238.37353,17.0,150.0,167.0,570.0,10,13.076376914978027,174.87137487194514,1.5875160783098758,3.0763769149780273,-0.0021749819478681007,3.574822177347082,-0.0020777493612669467,3.5652688497956255,0.007413848549677982,0.21813657440714296,0,5442.6064874538515,5464.866636686792,2,1,0,15,1,32.0,41.0,cotonou/ABCA,390.776757083828,70.7,74.3,0.04768618482560516
6.380166330623908,2.3521762558247348,ABCA,cotonou,6.4302,2.3471,5561.55397207217,21238.37353,17.0,150.0,167.0,570.0,10,13.068317174911499,174.24241220681722,1.5854174408543313,3.068317174911499,-0.0021764263457294854,3.532778514004631,-0.0020876588156560523,3.5234174421733844,0.00537583087390395,0.19158240400338322,1,-1.0,-1.0,0,0,0,12,1,32.0,41.0,cotonou/ABCA,371.72406814317804,70.7,76.2,0.17492321532543043
6.383952861947382,2.3566503837265924,ABCA,cotonou,6.4302,2.3471,5222.375854305962,21238.37353,17.0,150.0,167.0,570.0,10,12.758829593658447,168.40236833835888,1.6917204120792178,2.7588295936584473,-0.002372180302937825,3.465940271660484,-0.00235989766590523,3.4564222068896133,-0.001999428537156847,0.07705191653997052,1,-1.0,-1.0,0,0,0,14,1,31.3,40.0,cotonou/ABCA,340.0678431422958,81.1,79.4,0.11425368412014492
6.391957527137496,2.3687006584237342,ABCA,cotonou,6.4302,2.3471,4857.590421074513,21238.37353,17.0,150.0,167.0,570.0,10,14.104713439941406,150.69320990619167,1.8028204583516898,4.104713439941406,-0.002284406610566183,3.192215796198695,-0.002250532406132395,3.1841005277573,0.0008101198408338758,0.030154014292326423,1,-1.0,-1.0,0,0,0,3,1,33.0,44.0,cotonou/ABCA,307.08506585455837,65.5,66.0,0.0396165131398013
6.379900874469803,2.35161234445119,ABCA,cotonou,6.4302,2.3471,5584.839444855014,21238.37353,17.0,150.0,167.0,570.0,10,13.260406732559204,174.9052840505732,1.5768413576918991,3.260406732559204,-0.0021305471393088817,3.566828087147916,-0.0020327183952055686,3.5574631730219055,0.007465194668273297,0.22279524462332226,0,5439.342625650374,-1.0,3,0,0,16,1,30.0,52.0,cotonou/ABCA,390.776757083828,74.3,70.7,0.8724075198305351
6.3788609701781995,2.3515946188098558,ABCA,cotonou,6.4302,2.3471,5699.217931209543,21238.37353,17.0,150.0,167.0,570.0,10,13.998159170150757,175.0274554158475,1.53779952642902,3.998159170150757,-0.001964248861679447,3.558691872102901,-0.001909667861213466,3.5410527530037874,0.004458007065443625,0.13825491563765244,0,5436.528527566618,-1.0,3,0,2,7,1,32.0,41.0,cotonou/ABCA,390.776757083828,70.7,74.3,0.4230198357386443
6.377421684026487,2.351570085523179,ABCA,cotonou,6.4302,2.3471,5857.5654909674595,21238.37353,17.0,150.0,167.0,570.0,10,14.230043888092041,175.18867390486616,1.4939807174804127,4.230043888092041,-0.001867811614964284,3.509300660367634,-0.0018671343151103728,3.5007937098290967,-0.0005964436929802483,0.020901974256413137,1,-1.0,-1.0,0,0,1,4,1,32.0,41.0,cotonou/ABCA,390.776757083828,70.7,74.3,0.8319079470208529
6.383938850831503,2.3563645569626677,ABCA,cotonou,6.4302,2.3471,5217.589811332399,21238.37353,17.0,150.0,167.0,570.0,10,12.953291177749634,168.74379123202255,1.691137733704399,2.953291177749634,-0.0023528570951157806,3.4624178589913197,-0.002318197850025061,3.443770481747892,-0.001330126656426324,0.05520782720110872,1,-1.0,-1.0,0,0,0,16,1,31.3,40.0,cotonou/ABCA,340.0678431422958,79.4,81.1,0.79233887668872
6.379800342813977,2.35161063084342,ABCA,cotonou,6.4302,2.3471,5595.8957211463,21238.37353,17.0,150.0,167.0,570.0,10,13.44693374633789,174.9173129271786,1.5718190379089156,3.4469337463378906,-0.0020593802328615126,3.567077487938449,-0.002034457524617513,3.5484136371966253,0.005008542537689209,0.23515402671108096,0,5438.8966427975065,-1.0,3,0,0,15,1,32.0,41.0,cotonou/ABCA,390.776757083828,70.7,74.3,0.1561526096657302
6.383827004424809,2.3540828902661066,ABCA,cotonou,6.4302,2.3471,5186.159260480982,21238.37353,17.0,150.0,167.0,570.0,10,12.132371187210083,171.48899168641447,1.7104421565169632,2.132371187210083,-0.0025203092479522057,3.540508449624196,-0.0023732252276726295,3.520548010478903,0.006899695017673812,0.1368225620474826,1,-1.0,-1.0,0,0,1,6,1,31.3,40.0,cotonou/ABCA,340.0678431422958,81.1,79.4,0.953303834605656
6.37952877952519,2.3541071248665677,ABCA,cotonou,6.4302,2.3471,5656.9988016021625,21238.37353,17.0,150.0,167.0,570.0,10,13.24838137626648,172.17486409616617,1.5568592051494892,3.2483813762664795,-0.002091745103723352,3.3948614085226128,-0.0021006418980437005,3.3773323053020836,0.0012050151824951174,0.07072732870583284,1,-1.0,-1.0,0,0,0,15,1,32.0,41.0,cotonou/ABCA,371.72406814317804,76.2,70.7,0.21788526208564774
6.392094452557431,2.366711636534171,ABCA,cotonou,6.4302,2.3471,4739.737784980748,21238.37353,17.0,150.0,167.0,570.0,10,13.664859056472778,152.91154160292263,1.8529281234376067,3.6648590564727783,-0.0024359490531481644,3.240646607130291,-0.002366349700816314,3.2279179798103033,0.0023599490203941925,0.053688331266064704,1,-1.0,-1.0,0,0,1,5,1,33.0,44.0,cotonou/ABCA,307.08506585455837,66.0,65.5,0.23972338194607545
6.377730330458982,2.3515753465419147,ABCA,cotonou,6.4302,2.3471,5823.604917762344,21238.37353,17.0,150.0,167.0,570.0,10,14.23169231414795,175.15484010097066,1.5026727328081426,4.231692314147949,-0.0018771083538348856,3.517734818913987,-0.0018744992751998347,3.509226110438871,-0.00019556276228818045,0.013155233194688533,0,5450.14728776556,5461.817838702959,1,1,0,5,1,30.0,52.0,cotonou/ABCA,390.776757083828,74.3,70.7,0.25577569857424487
6.383823698611271,2.354015451669929,ABCA,cotonou,6.4302,2.3471,5185.41478328174,21238.37353,17.0,150.0,167.0,570.0,10,12.132371187210083,171.57059401942638,1.7106875811661322,2.132371187210083,-0.0025203092479522053,3.5271324784068003,-0.0024424559978828368,3.5073013718839863,0.002861233422078372,0.05417243248445645,1,-1.0,-1.0,0,0,1,9,1,31.3,40.0,cotonou/ABCA,340.0678431422958,79.4,81.1,0.024657408473428344
6.383944894382814,2.3564878454094025,ABCA,cotonou,6.4302,2.3471,5219.631210495624,21238.37353,17.0,150.0,167.0,570.0,10,12.953291177749634,168.59644653895612,1.6904767131312468,2.953291177749634,-0.002348256249446287,3.4816228071642183,-0.0023181978500250613,3.4629312393202865,0.00044696066114637586,0.016626053313230776,1,-1.0,-1.0,0,0,0,16,1,31.3,40.0,cotonou/ABCA,340.0678431422958,79.4,81.1,0.8326292187589528
6.379644798721225,2.3537557524442883,ABCA,cotonou,6.4302,2.3471,5639.082486930566,21238.37353,17.0,150.0,167.0,570.0,10,13.240586280822754,172.54587539620354,1.56188230609974,3.240586280822754,-0.0021201077869134164,3.426738494618485,-0.0020413647077030693,3.409193395835326,0.00532528637204292,0.1451031763215539,1,-1.0,-1.0,0,0,0,16,1,32.0,41.0,cotonou/ABCA,371.72406814317804,70.7,76.2,0.671620265499434
6.3773026262155605,2.3515680561286745,ABCA,cotonou,6.4302,2.3471,5870.666049995622,21238.37353,17.0,150.0,167.0,570.0,10,14.20168924331665,175.20162038254512,1.4909249074435171,4.20168924331665,-0.0018755502824503462,3.5088193756036796,-0.0018571172097716668,3.4919293817392965,-0.0005393770005967882,0.01989382229888928,1,-1.0,-1.0,0,0,1,4,1,32.0,41.0,cotonou/ABCA,390.776757083828,70.7,74.3,0.8657311887612187
6.3919797097190925,2.3683784272384445,ABCA,cotonou,6.4302,2.3471,4838.0100682684115,21238.37353,17.0,150.0,167.0,570.0,10,14.069230079650879,151.04526844248164,1.8105317780550882,4.069230079650879,-0.002292910721076369,3.1865284321779104,-0.0022665323820865286,3.1824129402710772,0.0014447627078675955,0.04562730835912013,1,-1.0,-1.0,0,0,0,4,1,33.0,44.0,cotonou/ABCA,307.08506585455837,65.5,66.0,0.15636694259248962
6.379918948512553,2.352925470219124,ABCA,cotonou,6.4302,2.3471,5597.7084267505825,21238.37353,17.0,150.0,167.0,570.0,10,13.227154970169067,173.4318455057561,1.573558159891642,3.2271549701690674,-0.0021364743696814553,3.4625377272789972,-0.002045951738979871,3.444819734869365,0.005121753613154093,0.23632412291919788,1,-1.0,-1.0,0,0,1,12,1,32.0,41.0,cotonou/ABCA,371.72406814317804,76.2,70.7,0.5894747738603836
6.380065940211762,2.3524802953586623,ABCA,cotonou,6.4302,2.3471,5576.089393739172,21238.37353,17.0,150.0,167.0,570.0,10,13.27737808227539,173.91221325261097,1.5791402469649745,3.2773780822753906,-0.0021290874185074414,3.5080421028726563,-0.002080062306519096,3.4895948188354904,0.004827597406175402,0.17920879843900742,1,-1.0,-1.0,0,0,1,12,1,32.0,41.0,cotonou/ABCA,371.72406814317804,76.2,70.7,0.7294668683451359
6.391978774309155,2.3683920152985856,ABCA,cotonou,6.4302,2.3471,4838.832017015039,21238.37353,17.0,150.0,167.0,570.0,10,14.069230079650879,151.03036564402674,1.810224436509485,4.069230079650879,-0.0022929107210763688,3.1882344277103702,-0.002266781092626028,3.1841064282792324,0.0014312494352214241,0.04562730835912013,1,-1.0,-1.0,0,0,0,4,1,33.0,44.0,cotonou/ABCA,307.08506585455837,65.5,66.0,0.15144373239652764
6.380120678634409,2.351616091113087,ABCA,cotonou,6.4302,2.3471,5560.66668372714,21238.37353,17.0,150.0,167.0,570.0,10,13.260406732559204,174.87881726394198,1.5836925578058691,3.260406732559204,-0.002062533004142715,3.5747120889928676,-0.0020901447800655316,3.56520615478,0.006641200777899502,0.21813657440714296,0,5438.086857031751,-1.0,3,0,0,15,1,30.0,52.0,cotonou/ABCA,390.776757083828,74.3,70.7,0.9348518847752597
6.377128082401472,2.3515650809500253,ABCA,cotonou,6.4302,2.3471,5889.872572493467,21238.37353,17.0,150.0,167.0,570.0,10,14.20168924331665,175.22049635024416,1.4860652740923237,4.20168924331665,-0.0018631280779636853,3.501517318005472,-0.0018634639827548652,3.4930392493725235,-0.0009582640174878911,0.030444384131874048,1,-1.0,-1.0,0,0,1,3,1,30.0,52.0,cotonou/ABCA,390.776757083828,74.3,70.7,0.08468250041818715
6.378331512201766,2.3515855939579846,ABCA,cotonou,6.4302,2.3471,5757.462496869453,21238.37353,17.0,150.0,167.0,570.0,10,14.172547817230225,175.08779266133695,1.5205157321784104,4.172547817230225,-0.0019150299759995437,3.5414883373552835,-0.0018830334121967523,3.5242402507462733,0.0015122127153104417,0.04307182684098463,0,5434.398468989003,-1.0,3,0,1,7,1,32.0,41.0,cotonou/ABCA,390.776757083828,70.7,74.3,0.5734340335894162
6.380108021670772,2.3516158753693883,ABCA,cotonou,6.4302,2.3471,5562.05858893331,21238.37353,17.0,150.0,167.0,570.0,10,13.260406732559204,174.88034754128,1.5832964404840861,3.260406732559204,-0.002077887583907638,3.575447787691482,-0.002080658691149231,3.55650695510489,0.004904210567474365,0.2294472947345726,0,5439.448078956823,-1.0,3,0,0,14,1,30.0,52.0,cotonou/ABCA,390.776757083828,74.3,70.7,0.931256156469361
6.38385101386676,2.3545726828819142,ABCA,cotonou,6.4302,2.3471,5191.885507263256,21238.37353,17.0,150.0,167.0,570.0,10,12.538762331008911,170.89704507411625,1.704075980328566,2.538762331008911,-0.0024279720025044294,3.499029400804215,-0.0023819756801350183,3.489094265092781,0.0030845187869644516,0.09225723487915323,1,-1.0,-1.0,0,0,2,13,1,31.3,40.0,cotonou/ABCA,340.0678431422958,81.1,79.4,0.7932408882633207
6.3784978644429895,2.351588429507551,ABCA,cotonou,6.4302,2.3471,5739.1617424656615,21238.37353,17.0,150.0,167.0,570.0,10,14.172547817230225,175.06896705142583,1.52536199033994,4.172547817230225,-0.0018865867504142123,3.5401826617935472,-0.0018999649841360687,3.531523611220717,0.0023757750642604317,0.07960223562348298,0,5440.127262898312,5463.1299151727235,2,1,1,4,1,32.0,41.0,cotonou/ABCA,390.776757083828,70.7,74.3,0.5261748741506622
6.3919926765405926,2.3681900670945466,ABCA,cotonou,6.4302,2.3471,4826.650102496661,21238.37353,17.0,150.0,167.0,570.0,10,14.021753787994385,151.25237102752288,1.8153531973364185,4.021753787994385,-0.0023160610536876775,3.1892757941780676,-0.0022747600493011784,3.1805565332610026,0.0009977261225382486,0.04009658207956761,1,-1.0,-1.0,0,0,0,4,1,33.0,44.0,cotonou/ABCA,307.08506585455837,65.5,66.0,0.22461337154101169
6.392039817591518,2.367505281302164,ABCA,cotonou,6.4302,2.3471,4785.891745092529,21238.37353,17.0,150.0,167.0,570.0,10,13.913839340209961,152.01344306299075,1.832093525766099,3.913839340209961,-0.002349436910782034,3.2096564513267842,-0.002223191484632342,3.1992764663072935,0.005011832808155758,0.05763471599251692,1,-1.0,-1.0,0,0,0,1,1,33.0,44.0,cotonou/ABCA,307.08506585455837,66.0,65.5,0.5272758341174688
6.3839340065361245,2.3562657333369477,ABCA,cotonou,6.4302,2.3471,5215.9787350500765,21238.37353,17.0,150.0,167.0,570.0,10,13.170172929763794,168.86197874085235,1.6892794772905864,3.170172929763794,-0.002303459849996603,3.4617526016450064,-0.0023756350058060202,3.4432860770942715,-0.0046997731289092634,0.09691224576449366,1,-1.0,-1.0,0,0,0,16,1,31.3,40.0,cotonou/ABCA,340.0678431422958,79.4,81.1,0.7600435741658739
6.379472480557632,2.3542776303111728,ABCA,cotonou,6.4302,2.3471,5665.778957029482,21238.37353,17.0,150.0,167.0,570.0,10,13.120643138885498,171.99567490319396,1.555738568014941,3.120643138885498,-0.0021287012779930177,3.391807020674517,-0.002072929005082605,3.374379188312385,0.003350416783185105,0.07895266782060882,1,-1.0,-1.0,0,0,0,15,1,32.0,41.0,cotonou/ABCA,371.72406814317804,70.7,76.2,0.8357328022556487
6.3797378565910225,2.353473920038617,ABCA,cotonou,6.4302,2.3471,5624.886044471028,21238.37353,17.0,150.0,167.0,570.0,10,13.31864619255066,172.84515195624715,1.5650277888381163,3.318646192550659,-0.0021088882963708104,3.428810279945756,-0.002037063439687093,3.4115803798800135,0.003736929098765056,0.17320771661481585,1,-1.0,-1.0,0,0,0,17,1,32.0,41.0,cotonou/ABCA,371.72406814317804,70.7,76.2,0.5829937228355416
6.377521983336484,2.3515717951705084,ABCA,cotonou,6.4302,2.3471,5846.529264831266,21238.37353,17.0,150.0,167.0,570.0,10,14.230043888092041,175.1777222159527,1.4967995549029454,4.230043888092041,-0.001877452475995913,3.5180012888357886,-0.0018701723502194576,3.5010200639807376,-0.0007959413318101557,0.020901974256413137,1,-1.0,-1.0,0,0,0,5,1,32.0,41.0,cotonou/ABCA,390.776757083828,70.7,74.3,0.8034138248624106
6.378522969955711,2.351588857442427,ABCA,cotonou,6.4302,2.3471,5736.399887748358,21238.37353,17.0,150.0,167.0,570.0,10,14.117422580718994,175.06611549908337,1.5266462520687087,4.117422580718994,-0.0019262766672505276,3.540298745970883,-0.0018991961585303747,3.5316997967236343,0.0024252361782267297,0.07960223562348298,0,5437.509312434816,-1.0,3,0,1,4,1,30.0,52.0,cotonou/ABCA,390.776757083828,74.3,70.7,0.48095737378148407
6.39204078743665,2.3674911930255043,ABCA,cotonou,6.4302,2.3471,4785.0622190241465,21238.37353,17.0,150.0,167.0,570.0,10,13.913839340209961,152.02923521739,1.8324109162760134,3.913839340209961,-0.0023489064819829457,3.20881730998126,-0.002198745138251548,3.1984349204222076,0.006001909836577905,0.05763471599251692,1,-1.0,-1.0,0,0,0,1,1,33.0,44.0,cotonou/ABCA,307.08506585455837,65.5,66.0,0.4778286139477491
6.37790061255861,2.3515782490777037,ABCA,cotonou,6.4302,2.3471,5804.869553023105,21238.37353,17.0,150.0,167.0,570.0,10,14.23169231414795,175.13600432063913,1.5075204130096584,4.231692314147949,-0.0018814752260777534,3.5251775001538213,-0.001867811614964284,3.5081806645288887,0.0004791339238484701,0.022702249455243628,0,5444.246394418463,-1.0,2,0,1,6,1,32.0,41.0,cotonou/ABCA,390.776757083828,70.7,74.3,0.6958487049402805
6.383855382220697,2.3546617973022195,ABCA,cotonou,6.4302,2.3471,5192.9876180075535,21238.37353,17.0,150.0,167.0,570.0,10,12.538762331008911,170.7894852281255,1.7037145364733037,2.538762331008911,-0.002427972002504429,3.4740809204043823,-0.0023477626970511162,3.464380564965032,0.005080276133525365,0.18568691435900167,1,-1.0,-1.0,0,0,2,12,1,31.3,40.0,cotonou/ABCA,340.0678431422958,81.1,79.4,0.7641185286864669
6.380072648824822,2.3516152724231505,ABCA,cotonou,6.4302,2.3471,5565.948614955733,21238.37353,17.0,150.0,167.0,570.0,10,13.260406732559204,174.88462020036945,1.5821904416556951,3.260406732559204,-0.0021047059548232505,3.5760907387044485,-0.002080658691149231,3.557145939856112,0.004904210567474365,0.2294472947345726,0,5443.2523529026,5465.560764184988,2,1,0,16,1,32.0,41.0,cotonou/ABCA,390.776757083828,70.7,74.3,0.07879294749380206
6.352744648256488,2.3736267066945667,COTO,cotonou,6.352268,2.402957,3245.546990742858,21238.37353,9.0,100.0,109.0,570.0,10,13.944464683532715,270.9384084784956,1.6775984329905562,3.944464683532715,7.262178881817275e-05,0.3507791725443594,9.151846991425847e-05,0.3515050046001141,0.0002696904570164615,0.02747831777568495,1,-1.0,-1.0,0,0,1,13,1,33.0,63.0,cotonou/COTO,377.7671008703886,74.7,61.8,0.221955369555362
6.353901983224974,2.3735756477988983,COTO,cotonou,6.352268,2.402957,3255.782799980469,21238.37353,9.0,100.0,109.0,570.0,10,14.427353858947754,273.2043609926283,1.6638364956995177,4.427353858947754,0.00022029431952613572,0.3808636889712051,0.00023524446172399206,0.37747033988770345,0.0009183883666992188,0.04305679689188254,1,-1.0,-1.0,0,0,3,12,1,33.0,63.0,cotonou/COTO,377.7671008703886,74.7,61.8,0.5623480073454213
6.361680386799555,2.3652584597246364,COTO,cotonou,6.352268,2.402957,4298.870713444017,21238.37353,9.0,100.0,109.0,570.0,10,11.776876211166382,284.10408736667387,1.2955786750152551,1.7768762111663818,-0.00044678593123400657,1.106769375635718,-0.00044727230959077665,1.1166342667192204,-0.0010374327814456428,0.038557679649764504,1,-1.0,-1.0,0,0,3,3,1,33.0,39.0,cotonou/COTO,169.65942414145263,63.0,61.3,0.6805767379041041
6.353441426116935,2.373595966494841,COTO,cotonou,6.352268,2.402957,3251.1086660889814,21238.37353,9.0,100.0,109.0,570.0,10,14.150378704071045,272.304381892859,1.6711043747403396,4.150378704071045,0.00013559243730084248,0.3677788521016324,0.00016266207997115312,0.3664175860761076,0.000943167744253425,0.0368409820331548,1,-1.0,-1.0,0,0,2,12,1,29.6,72.0,cotonou/COTO,377.7671008703886,61.8,74.7,0.5731099656072758
6.371768167520831,2.4056302186263747,COTO,cotonou,6.352268,2.402957,2176.670050873886,21238.37353,9.0,100.0,109.0,570.0,10,13.365617275238037,7.758216310973921,2.5157348845001155,3.365617275238037,-0.0002056921618711649,0.516225237410632,-0.00035168372966543906,0.5411698057040575,-0.0057609162065565735,0.12896318686713537,1,-1.0,-1.0,0,0,0,6,1,32.0,75.0,cotonou/COTO,338.55000000000837,75.5,80.8,0.3883584711995337
6.372951296765929,2.3633577522050486,COTO,cotonou,6.352268,2.402957,4942.339718108264,21238.37353,9.0,100.0,109.0,570.0,10,12.362553834915161,297.7264791051642,1.120160220280104,2.362553834915161,-0.0002716035553903291,1.3511425054573083,-0.00021012925072954057,1.344747756199415,0.0032410005891903397,0.058504291479022974,1,-1.0,-1.0,0,0,1,0,1,31.5,72.0,cotonou/COTO,325.1163282580652,78.0,76.5,0.5831804817887315
6.356900489422094,2.390896965688195,COTO,cotonou,6.352268,2.402957,1429.2888397952947,21238.37353,9.0,100.0,109.0,570.0,10,15.152575969696045,291.13187150499334,3.7566612017588414,5.152575969696045,0.0009268767250492003,0.6726704196163753,0.0007241104443868003,0.6610903308031064,-0.005987644195556641,0.29976327140032133,1,-1.0,-1.0,0,0,2,12,1,32.6,66.0,cotonou/COTO,308.25641307206246,58.2,68.3,0.3232381330504951
6.380412969756144,2.363290008725852,COTO,cotonou,6.352268,2.402957,5380.329725119091,21238.37353,9.0,100.0,109.0,570.0,10,12.66513967514038,305.52652635379974,1.0257719270526444,2.665139675140381,-0.00019293551091794617,1.1270308704451575,-0.00022801818574197152,1.1249826926895803,-0.0037715072253531787,0.11833658295794955,0,-1.0,4949.04076919772,0,11,0,0,1,31.8,31.0,cotonou/COTO,277.57990849483264,78.2,70.4,0.33318790245756347
6.364550302013973,2.407601665289702,COTO,cotonou,6.352268,2.402957,1452.2338378901213,21238.37353,9.0,100.0,109.0,570.0,10,14.973148345947266,20.597617974188893,3.704522249424614,4.973148345947266,0.0008613312325510039,0.4273121508693681,0.0007721827700247174,0.4197548168348119,-0.0008495807647705077,0.04253148285637818,1,-1.0,-1.0,0,0,3,5,1,32.0,63.0,cotonou/COTO,343.10493220009766,67.6,58.8,0.9962248253391653
6.355645144890559,2.3920274762239813,COTO,cotonou,6.352268,2.402957,1265.6041305616327,21238.37353,9.0,100.0,109.0,570.0,10,15.83988904953003,287.27121453901776,4.209904073237511,5.839889049530029,0.0016534090042114255,0.6577901301010756,0.0016372714981888277,0.6661641625427493,0.001163625717163086,0.042849980491932345,1,-1.0,-1.0,0,0,3,9,1,32.6,66.0,cotonou/COTO,249.61182844569544,57.1,68.3,0.2464734792541171
6.373815565015302,2.35900529048491,COTO,cotonou,6.352268,2.402957,5415.206732942233,21238.37353,9.0,100.0,109.0,570.0,10,13.879289865493774,296.2592965431721,1.0063244268361544,3.8792898654937744,2.688614401953067e-05,1.3452499176634265,3.3982377668981837e-05,1.3399419298040756,0.00023394227027893064,0.012541139958766148,1,-1.0,-1.0,0,0,2,6,1,31.5,72.0,cotonou/COTO,315.24390842648114,63.4,72.1,0.228275520613184
6.34611778483122,2.4022797502715263,COTO,cotonou,6.352268,2.402957,684.2543212898034,21238.37353,9.0,100.0,109.0,570.0,10,12.160241603851318,186.24578095539033,8.055343441152154,2.1602416038513184,-0.0022822110687244265,0.46267929538103625,-0.0022684186299641927,0.5378252094743798,-0.002965317832099067,0.11259525582333271,1,-1.0,-1.0,0,0,4,7,1,31.0,71.0,cotonou/COTO,393.11085268658167,75.8,69.1,0.9686790544108845
6.36331991624286,2.3634790257507503,COTO,cotonou,6.352268,2.402957,4535.596499569383,21238.37353,9.0,100.0,109.0,570.0,10,11.620000004768372,285.7338574323222,1.2299608063529337,1.6200000047683716,-0.00045767355906335927,1.2401049943162268,-0.00045443526540186926,1.2472482788313701,1.2595123714870876e-05,0.0005667805671691895,1,-1.0,-1.0,0,0,2,8,1,33.0,48.0,cotonou/COTO,329.2530191203894,60.2,61.3,0.13217499757959317
6.355734364865544,2.373643461981383,COTO,cotonou,6.352268,2.402957,3265.8315583914814,21238.37353,9.0,100.0,109.0,570.0,10,14.57349681854248,276.78690217209703,1.6561580512896006,4.5734968185424805,0.00027169532982209045,0.45595681426511553,0.00031903944749584807,0.45212232679349657,0.003315309086188879,0.08455431346501927,1,-1.0,-1.0,0,0,0,13,1,32.4,63.0,cotonou/COTO,248.80347304650218,53.0,61.8,0.8352321217493854
6.381758609460777,2.3651805824963947,COTO,cotonou,6.352268,2.402957,5301.340478809588,21238.37353,9.0,100.0,109.0,570.0,10,13.707360744476318,308.15197418432615,1.0297920199999604,3.7073607444763184,-6.850580475421831e-06,1.1010161948840094,1.1694941884757592e-06,1.096824945002983,-0.0006953001022338867,0.028053777681307058,1,-1.0,-1.0,0,0,2,2,1,30.7,55.0,cotonou/COTO,267.2888297328458,66.5,55.8,0.7050257405963405
6.348626558437309,2.377492054200719,COTO,cotonou,6.352268,2.402957,2846.099368647218,21238.37353,9.0,100.0,109.0,570.0,10,10.30681025981903,261.81382117053374,1.986029861750316,0.30681025981903076,-0.001193046026062547,1.2665085550032114,-0.0011684471389272369,1.3354575258917127,0.0,0.0,1,-1.0,-1.0,0,0,0,0,1,33.0,63.0,cotonou/COTO,255.08273363755146,66.5,64.3,0.18006597252525225
6.357352262305307,2.374782498549749,COTO,cotonou,6.352268,2.402957,3167.5293147119587,21238.37353,9.0,100.0,109.0,570.0,10,13.722928285598755,280.2927412266471,1.7228975907390025,3.722928285598755,5.011588522473242e-06,0.5977200032032892,9.782555847187777e-06,0.6010986393520086,-0.0004968375315088651,0.027789138782120925,1,-1.0,-1.0,0,0,3,9,1,32.4,63.0,cotonou/COTO,241.82719946273568,53.0,59.2,0.22023740464241337
6.347653444548411,2.385248255170879,COTO,cotonou,6.352268,2.402957,2024.6809567193807,21238.37353,9.0,100.0,109.0,570.0,10,11.6312575340271,255.30933827005038,2.753284739989232,1.6312575340270996,-0.0010175166176814659,0.5721097797196834,-0.001197364500590733,0.723797967026707,-0.014095176259676616,0.6538478894760704,1,-1.0,-1.0,0,0,2,5,1,32.0,71.0,cotonou/COTO,170.17425892305585,63.1,72.8,0.81638862897212
6.3554005344396165,2.4052002778081913,COTO,cotonou,6.352268,2.402957,426.1557118021954,21238.37353,9.0,100.0,109.0,570.0,10,15.409496784210205,35.44022652560096,12.38641691775583,5.409496784210205,0.003783345222473145,0.6738627850782547,0.0033849007688938216,0.6699231937498104,-0.0006570223686543397,0.027761177281330797,1,-1.0,-1.0,0,0,5,10,1,31.4,69.0,cotonou/COTO,218.02671877540922,64.7,65.4,0.7044973255320428
6.38046553648539,2.3655612273549504,COTO,cotonou,6.352268,2.402957,5180.900228809846,21238.37353,9.0,100.0,109.0,570.0,10,13.310575723648071,307.18998536841036,1.0581128023399993,3.3105757236480713,-7.393018665803279e-05,1.1212361736266745,-5.930000976200421e-05,1.1150883376519585,0.0011939766466345504,0.014656545676083125,1,-1.0,-1.0,0,0,0,2,1,30.7,55.0,cotonou/COTO,267.2888297328458,66.5,55.8,0.1452538897792175
6.370925519465928,2.4003835539488603,COTO,cotonou,6.352268,2.402957,2082.8484136475013,21238.37353,9.0,100.0,109.0,570.0,10,12.256437540054321,352.19460351646035,2.65934707589009,2.2564375400543213,-0.0006907399495442708,0.7650510404598987,-0.000742868803165577,0.8218167462807391,-0.0025051275889078775,0.11285471025558752,1,-1.0,-1.0,0,0,0,4,1,32.0,63.0,cotonou/COTO,382.05451823009946,69.0,87.4,0.5637631555998885
6.384029725819077,2.3731389193438788,COTO,cotonou,6.352268,2.402957,4818.788702383604,21238.37353,9.0,100.0,109.0,570.0,10,12.831238269805908,316.98640493644325,1.1433024273684742,2.831238269805908,-0.00018131535492575194,1.1038437813621231,-0.00020872915912762715,1.097439645877324,-0.0011802864969833575,0.03550915061147692,1,-1.0,-1.0,0,0,2,8,1,34.0,32.0,cotonou/COTO,267.5261198461977,64.4,62.5,0.49435484564636756
6.369770703094306,2.3972455881352652,COTO,cotonou,6.352268,2.402957,2036.123724644996,21238.37353,9.0,100.0,109.0,570.0,10,12.202143430709839,342.0320730161321,2.7218071411384384,2.202143430709839,-0.0007481237800906288,0.7116926717078024,-0.0007492286818368096,0.7728313124018016,-0.002076601982116699,0.07634696772778078,1,-1.0,-1.0,0,0,2,6,1,31.7,72.0,cotonou/COTO,256.52289722354817,86.5,73.4,0.28740420079884055
6.364591840507488,2.409206089601737,COTO,cotonou,6.352268,2.402957,1528.2128700006256,21238.37353,9.0,100.0,109.0,570.0,10,15.116058349609375,26.74565571425194,3.515479964010746,5.116058349609375,0.0009185502668981352,0.4463829180026715,0.0006331241358019385,0.4394752731862507,-0.0049603462179181965,0.12479385621195578,1,-1.0,-1.0,0,0,5,5,1,32.0,63.0,cotonou/COTO,343.10493220009766,67.6,58.8,0.4769936563958477
6.36398270767729,2.3658361569839013,COTO,cotonou,6.352268,2.402957,4306.505040792097,21238.37353,9.0,100.0,109.0,570.0,10,11.526305079460144,287.6185793931604,1.2966147417300204,1.526305079460144,-0.0005047885080178579,1.249428787758665,-0.0004896037382622288,1.2663201319997601,0.0003543923298517863,0.017849333072468297,1,-1.0,-1.0,0,0,2,3,1,33.0,39.0,cotonou/COTO,383.9926241478955,63.0,66.1,0.3914599642246661
6.353725991967988,2.3744727096155867,COTO,cotonou,6.352268,2.402957,3155.6355752650197,21238.37353,9.0,100.0,109.0,570.0,10,14.21114206314087,272.9498239929811,1.7205310412100865,4.211142063140869,0.0001585379336615029,0.3909185710718776,0.00018245005608359918,0.3892753696285809,0.0010144676370134398,0.032684642250445664,1,-1.0,-1.0,0,0,7,8,1,29.6,72.0,cotonou/COTO,384.84357926308275,56.3,74.7,0.4471363159275711
6.38179100842925,2.3646010433835127,COTO,cotonou,6.352268,2.402957,5354.21985990623,21238.37353,9.0,100.0,109.0,570.0,10,13.523992776870728,307.7594883505861,1.021585346571741,3.5239927768707275,-5.9969128491809716e-05,1.0991711078867832,-4.2460065739808965e-05,1.09401551589503,-0.0006103475888570149,0.06003755161419549,1,-1.0,-1.0,0,0,7,4,1,31.8,31.0,cotonou/COTO,367.6178566119935,78.2,55.8,0.7730798703670279
6.36015814449711,2.3631087324840734,COTO,cotonou,6.352268,2.402957,4494.316612958116,21238.37353,9.0,100.0,109.0,570.0,10,12.373553991317749,281.2696778791685,1.231652158324158,2.373553991317749,-0.00029486025840875536,0.9411777339013251,-0.0003102244870072048,0.9553074194821832,-0.0006719607215201511,0.04936200977791749,1,-1.0,-1.0,0,0,1,12,1,33.0,39.0,cotonou/COTO,326.35698935364053,61.3,68.1,0.7601812077234966
6.3734605563084745,2.3556140773095144,COTO,cotonou,6.352268,2.402957,5738.351218975045,21238.37353,9.0,100.0,109.0,570.0,10,13.349182844161987,294.2500875609536,0.9549573455380506,3.3491828441619873,-6.211954686376779e-05,1.3571018202113607,-7.771130110685085e-05,1.3535890629395602,-0.0017460174402652965,0.05459901322424914,0,5278.3631453097105,5232.364337943177,3,17,0,2,1,32.0,71.0,cotonou/COTO,356.3532216776974,72.1,58.6,0.6619749740111953
6.37101607839484,2.3618959893734566,COTO,cotonou,6.352268,2.402957,4993.6803354662425,21238.37353,9.0,100.0,109.0,570.0,10,12.668335199356079,294.6772572873885,1.1051394885178103,2.668335199356079,-0.00017416619288332803,1.4401520658168088,-0.00017855952712440867,1.4321667284819983,0.0028712908426920575,0.13657715366881715,1,-1.0,-1.0,0,0,0,6,1,32.0,71.0,cotonou/COTO,394.064070171349,73.3,78.0,0.3014378597857287
6.3721717260042725,2.3904298180857335,COTO,cotonou,6.352268,2.402957,2601.125585702982,21238.37353,9.0,100.0,109.0,570.0,10,12.104864835739136,327.9741994588996,2.133352010368368,2.1048648357391357,-0.0006203642097324732,0.7930153060653745,-0.0005873040760054571,0.8189931439980207,-1.352628072102863e-05,0.007454490027912804,1,-1.0,-1.0,0,0,1,14,1,33.0,67.0,cotonou/COTO,357.773164030067,84.9,81.4,0.35770324814050114
6.355294977910144,2.406442897158947,COTO,cotonou,6.352268,2.402957,510.69076810737755,21238.37353,9.0,100.0,109.0,570.0,10,15.035027980804443,48.85555774253652,10.425577455487357,5.035027980804443,0.00245932693834658,0.5386521873763479,0.0020908906225886206,0.5261194513097149,-0.0026475996068451493,0.08629909684222416,1,-1.0,-1.0,0,0,4,6,1,31.4,69.0,cotonou/COTO,299.4984878091749,71.6,64.7,0.49202307177074367
6.373393255944218,2.390806588684093,COTO,cotonou,6.352268,2.402957,2695.360140971402,21238.37353,9.0,100.0,109.0,570.0,10,12.288378715515137,330.24763406943174,2.0549356372547165,2.2883787155151367,-0.0005224138947653958,0.811866365162897,-0.0005452825539353966,0.8343447698568514,-0.0005650917689005533,0.03653129426313628,1,-1.0,-1.0,0,0,3,12,1,33.0,67.0,cotonou/COTO,357.773164030067,81.4,84.9,0.24569612200706037
6.370888202154673,2.36130434863562,COTO,cotonou,6.352268,2.402957,5047.518058916566,21238.37353,9.0,100.0,109.0,570.0,10,12.86355996131897,294.2207560961844,1.0911395061579865,2.8635599613189697,-0.00016635729246120717,1.440418458480574,-0.00013713191668027287,1.4362814226470237,0.002584838793106477,0.07558763060082642,1,-1.0,-1.0,0,0,1,14,1,31.5,72.0,cotonou/COTO,394.064070171349,78.0,73.3,0.8690637937694373
6.372923425156684,2.3585456813603116,COTO,cotonou,6.352268,2.402957,5418.595377797822,21238.37353,9.0,100.0,109.0,570.0,10,13.769776344299316,295.08093615550575,1.0068528574789903,3.7697763442993164,1.349730683750441e-05,1.3815626828809067,2.5087627556806013e-05,1.375940715193067,0.0009209076563517252,0.05067658266961705,1,-1.0,-1.0,0,0,1,6,1,31.5,72.0,cotonou/COTO,246.89454307456222,63.4,65.2,0.5201634049685392
6.348266679116489,2.3808234008261113,COTO,cotonou,6.352268,2.402957,2488.540637489812,21238.37353,9.0,100.0,109.0,570.0,10,10.879392445087433,259.6920362381942,2.257944265210869,0.8793924450874329,-0.0011359452352202606,0.7526638623448743,-0.0015206124135440774,0.892277212240865,-0.011786434009003177,0.2701780319771482,1,-1.0,-1.0,0,0,0,0,1,32.0,71.0,cotonou/COTO,94.8968856180276,55.9,59.0,0.20948823860431587
6.374697752480316,2.359605874237272,COTO,cotonou,6.352268,2.402957,5399.728846998813,21238.37353,9.0,100.0,109.0,570.0,10,13.694349527359009,297.5041029745838,1.0111701451798707,3.694349527359009,-2.4541661917174073e-06,1.3087309979220756,1.655830131782204e-07,1.3027636232952087,6.119940016004774e-05,0.005546805269610282,0,-1.0,5064.274750291472,0,2,5,4,1,31.5,72.0,cotonou/COTO,324.3499013411239,77.1,63.4,0.5829614793440658
6.3742938075016555,2.354930643080663,COTO,cotonou,6.352268,2.402957,5845.244451108011,21238.37353,9.0,100.0,109.0,570.0,10,13.296565294265747,294.7741963973003,0.9380126080146391,3.296565294265747,-7.109027212987563e-05,1.3389131070783296,-6.131960454124282e-05,1.3321966004279189,0.0003250678380330403,0.02042889338937307,0,-1.0,5247.834697587953,0,17,0,0,1,31.0,63.0,cotonou/COTO,234.58846199256698,58.6,58.3,0.7553590055237541
6.362791053181951,2.3766816335277086,COTO,cotonou,6.352268,2.402957,3131.362883943895,21238.37353,9.0,100.0,109.0,570.0,10,12.416964054107666,291.94937872154037,1.7666577461151027,2.416964054107666,-0.0004095325015840076,1.0412149314536554,-0.0004241987923595393,1.061713185731716,-0.0017358779907226563,0.08157255367154577,1,-1.0,-1.0,0,0,4,2,1,31.7,62.0,cotonou/COTO,398.79289324162653,65.7,60.5,0.19275045162313553
6.34808748179766,2.381222754850929,COTO,cotonou,6.352268,2.402957,2448.7368235959484,21238.37353,9.0,100.0,109.0,570.0,10,10.890208840370178,259.04790647699366,2.2943551816221674,0.8902088403701782,-0.001153405885979202,0.9060768406681832,-0.0011177708705266316,0.9930042452532787,-0.0005276446541150411,0.025209906456082246,1,-1.0,-1.0,0,0,0,1,1,32.0,71.0,cotonou/COTO,94.8968856180276,59.0,55.9,0.27851942188620027
6.374286827814694,2.3549302461316413,COTO,cotonou,6.352268,2.402957,5844.96280311699,21238.37353,9.0,100.0,109.0,570.0,10,13.296565294265747,294.76710825861994,0.9380577994330845,3.296565294265747,-7.114103445727274e-05,1.3391068370995085,-6.131960454124282e-05,1.3323894948364212,0.0003250678380330403,0.02042889338937307,0,-1.0,5247.581835263349,0,18,0,0,1,31.0,63.0,cotonou/COTO,234.58846199256698,58.6,58.3,0.752051097011296
6.354792589190007,2.3737572044731006,COTO,cotonou,6.352268,2.402957,3242.715245798017,21238.37353,9.0,100.0,109.0,570.0,10,14.729317665100098,274.97345641792447,1.6652067619864201,4.729317665100098,0.000312637991132357,0.4118935133939065,0.0003063409256212639,0.41037015495778606,0.0002174324459499783,0.011138350983835405,1,-1.0,-1.0,0,0,2,3,1,29.6,72.0,cotonou/COTO,313.5332494330497,61.8,78.1,0.2288930306487118
6.35455,2.3955534687919102,COTO,cotonou,6.352268,2.402957,857.1224262243509,21238.37353,9.0,100.0,109.0,570.0,10,15.398562908172607,287.23095859551813,6.232248243630133,5.398562908172607,0.0019443350276727787,0.5745520681016011,0.001563729676055171,0.5796397196233504,-0.0008796501145102093,0.044322362559825954,1,-1.0,-1.0,0,0,7,10,1,31.0,71.0,cotonou/COTO,375.179999999993,62.9,62.1,0.24658839997347504
6.365115715961299,2.3670377761487367,COTO,cotonou,6.352268,2.402957,4220.41979593068,21238.37353,9.0,100.0,109.0,570.0,10,11.478070855140686,289.79567289122537,1.3237073695460315,1.478070855140686,-0.000526929842849137,1.305316238896346,-0.0005135281147000691,1.3218153813620181,0.00028775114531111177,0.003134334188019427,1,-1.0,-1.0,0,0,1,6,1,30.1,50.0,cotonou/COTO,167.19783760562936,58.0,66.1,0.1164036678699033
6.355619693860449,2.3929065346272074,COTO,cotonou,6.352268,2.402957,1172.134140004681,21238.37353,9.0,100.0,109.0,570.0,10,15.626132011413574,288.5496121571779,4.554644803337105,5.626132011413574,0.0015992838144302367,0.6551967147444948,0.001647837762910176,0.6631703557390092,0.0015205171373155382,0.061998994554629726,1,-1.0,-1.0,0,0,0,12,1,31.0,71.0,cotonou/COTO,279.6517178563703,62.9,57.1,0.8356983284758284
6.378367788127463,2.3746325316496595,COTO,cotonou,6.352268,2.402957,4260.431896688989,21238.37353,9.0,100.0,109.0,570.0,10,11.782398343086243,312.8374212667429,1.3071894877527377,1.7823983430862427,-0.00045168911810799487,1.1594955786747294,-0.00044344318433671106,1.161779986005853,0.00022314136734961543,0.012061986361609817,1,-1.0,-1.0,0,0,2,4,1,31.0,63.0,cotonou/COTO,74.10445128334986,81.4,85.6,0.0659560508389545
6.36279739467504,2.365760464686196,COTO,cotonou,6.352268,2.402957,4276.965385836753,21238.37353,9.0,100.0,109.0,570.0,10,11.55591082572937,285.9004011965855,1.3051705596079926,1.5559108257293701,-0.0005020602915881564,1.1652566370075352,-0.0004944954521354587,1.1868550296770746,-0.00047776301701863604,0.02267132084869173,1,-1.0,-1.0,0,0,3,3,1,33.0,39.0,cotonou/COTO,309.4591612797848,63.0,58.0,0.06697645746388403
6.380337673707562,2.3764334151312982,COTO,cotonou,6.352268,2.402957,4271.670954094568,21238.37353,9.0,100.0,109.0,570.0,10,12.136568784713745,316.80055439672276,1.2990033458135817,2.136568784713745,-0.00036606588563718994,1.1630956413490452,-0.0003456285082060715,1.1591559017323043,0.0011153896649678547,0.05008250351317303,1,-1.0,-1.0,0,0,1,0,1,31.0,63.0,cotonou/COTO,333.1849486397105,81.4,70.5,0.3933632957568196
6.364780708815962,2.3717036198269605,COTO,cotonou,6.352268,2.402957,3724.4466046983507,21238.37353,9.0,100.0,109.0,570.0,10,11.642522931098938,291.9433527281522,1.4973774952547896,1.642522931098938,-0.0005505249341328939,1.2611393556115338,-0.0005702202086909394,1.272107265197661,-0.0012562518392415945,0.03613172082493322,1,-1.0,-1.0,0,0,3,6,1,33.0,49.0,cotonou/COTO,320.12677113920535,66.8,60.5,0.14365687115346604
6.372486862514264,2.3575954748004544,COTO,cotonou,6.352268,2.402957,5494.2830403755315,21238.37353,9.0,100.0,109.0,570.0,10,13.670392274856567,294.1582420273179,0.9940216294701223,3.6703922748565674,-6.630282471145354e-06,1.383729434983699,-1.773572581472729e-05,1.380298587159764,0.0002141632165160225,0.030225054377987635,0,-1.0,5230.028946249253,0,3,2,13,1,32.0,71.0,cotonou/COTO,286.930169205042,72.1,65.2,0.9697391676126791
6.354215096487872,2.3941584239888094,COTO,cotonou,6.352268,2.402957,997.0073703941869,21238.37353,9.0,100.0,109.0,570.0,10,15.275866031646729,282.553426955557,5.370333812239983,5.2758660316467285,0.001538112350538665,0.5186546564852115,0.00154079817779477,0.5260307165809855,0.0019300507395351753,0.06914261789409734,1,-1.0,-1.0,0,0,2,8,1,31.0,71.0,cotonou/COTO,355.40979741691933,54.4,62.9,0.7957905413852774
6.348629075726193,2.378658150596117,COTO,cotonou,6.352268,2.402957,2718.3993990560693,21238.37353,9.0,100.0,109.0,570.0,10,10.710995376110077,261.43238586300333,2.0707380149145105,0.7109953761100769,-0.0010974344534751695,1.0375566280450252,-0.0010738337125402197,1.1135423934258055,0.0,0.0,1,-1.0,-1.0,0,0,0,0,1,33.0,63.0,cotonou/COTO,310.65923598055264,66.5,55.9,0.27731068451876506
6.365317013922215,2.3684135533684882,COTO,cotonou,6.352268,2.402957,4085.221326643114,21238.37353,9.0,100.0,109.0,570.0,10,11.480753302574158,290.81345838116596,1.36746087069874,1.4807533025741577,-0.0005416637789593995,1.3193719860635442,-0.0005410200009885635,1.32807623522956,-0.000380035894439039,0.012963783955106419,1,-1.0,-1.0,0,0,2,1,1,30.0,55.0,cotonou/COTO,211.07519039432174,62.5,58.0,0.3187209953869111
6.382180252639228,2.3637317696273974,COTO,cotonou,6.352268,2.402957,5456.747016531908,21238.37353,9.0,100.0,109.0,570.0,10,13.265422344207764,307.50156048797953,1.0051088237036006,3.2654223442077637,-8.489387662230005e-05,1.0960714440936916,-0.00011737469068741,1.0901331995213694,-0.0034774789366782913,0.1097290081929725,0,5248.9750860427175,5227.104356517539,4,2,2,3,1,34.0,32.0,cotonou/COTO,196.14362722252218,55.8,70.4,0.7215204465909688
6.373530213527064,2.3598853418107693,COTO,cotonou,6.352268,2.402957,5313.9078423145575,21238.37353,9.0,100.0,109.0,570.0,10,13.740071535110474,296.41630734811434,1.0270045080659502,3.7400715351104736,6.194775470633613e-06,1.3467980720404193,1.8634831661174628e-05,1.3440472806385533,0.0021686236063639323,0.07968470278141793,0,-1.0,4962.487083203574,0,2,1,9,1,31.5,72.0,cotonou/COTO,349.29744130181854,63.4,76.5,0.1046115147168103
6.369240786116116,2.3630048496584184,COTO,cotonou,6.352268,2.402957,4802.263806254588,21238.37353,9.0,100.0,109.0,570.0,10,11.90614938735962,293.1469470650127,1.158268316842861,1.9061493873596191,-0.00037284514425210577,1.4755816707610385,-0.00032633244953933396,1.473995435007549,0.003161595285249907,0.07923476505905011,1,-1.0,-1.0,0,0,0,0,1,31.5,72.0,cotonou/COTO,319.6896352714521,78.0,78.0,0.9196855535538087
6.36563160667936,2.411594853344927,COTO,cotonou,6.352268,2.402957,1759.9384162788472,21238.37353,9.0,100.0,109.0,570.0,10,14.697027683258057,32.715993216076754,3.0671528353347597,4.697027683258057,0.000499723344221529,0.439406251997864,0.0004928230587901965,0.43319255310447596,-0.002362366517384847,0.12758842897956538,1,-1.0,-1.0,0,0,3,7,1,32.0,63.0,cotonou/COTO,381.8464534337698,65.5,67.6,0.6056666616693914
6.355441179393144,2.405225986965543,COTO,cotonou,6.352268,2.402957,431.4662942478721,21238.37353,9.0,100.0,109.0,570.0,10,15.409496784210205,35.39973297731939,12.23858459204248,5.409496784210205,0.003783345222473145,0.6738627850782547,0.0031942175883872843,0.6671653693749701,-0.0004569451014200846,0.029332414717695394,1,-1.0,-1.0,0,0,6,9,1,31.4,69.0,cotonou/COTO,218.02671877540922,65.4,64.7,0.3199875862313394
6.34918822534102,2.3805952499739678,COTO,cotonou,6.352268,2.402957,2497.456491317837,21238.37353,9.0,100.0,109.0,570.0,10,12.584008932113647,262.1116910194756,2.210844274141813,2.5840089321136475,-0.000445627976977636,0.5650544390219623,-0.000936910751510843,0.6234437846390573,-0.014758824526992334,0.4969115503966644,1,-1.0,-1.0,0,0,1,2,1,32.0,71.0,cotonou/COTO,145.83304872345087,55.9,75.4,0.6475002603212949
6.3515447645396135,2.388961189954507,COTO,cotonou,6.352268,2.402957,1550.56965456575,21238.37353,9.0,100.0,109.0,570.0,10,14.482590675354004,267.0243989004138,3.4882381080697797,4.482590675354004,0.0004726570804564172,0.27369985267834834,0.0003677690460233646,0.26872800589382195,-0.0028525087756172524,0.05986572115608628,1,-1.0,-1.0,0,0,3,12,1,31.0,71.0,cotonou/COTO,351.49863683938656,66.6,65.2,0.6104040784293067
6.37196514007868,2.406025612069703,COTO,cotonou,6.352268,2.402957,2204.5647254717314,21238.37353,9.0,100.0,109.0,570.0,10,13.390930891036987,8.801066712864213,2.483286398492978,3.3909308910369873,-0.0002030119990317173,0.5006141382759094,-0.00017366785752145864,0.525185967288346,-0.0024823586146036783,0.11615793513555275,1,-1.0,-1.0,0,0,0,8,1,32.0,75.0,cotonou/COTO,338.55000000000837,75.5,80.8,0.5331912343233195
6.359210276323305,2.3965433437254466,COTO,cotonou,6.352268,2.402957,1045.4436052924066,21238.37353,9.0,100.0,109.0,570.0,10,14.55801773071289,317.44293000079955,5.161903560266795,4.558017730712891,0.0007900263694879789,0.4115906657033475,0.0005180670132001953,0.4015204901432501,-0.004284752989439616,0.12003268574925464,1,-1.0,-1.0,0,0,7,5,1,31.0,71.0,cotonou/COTO,391.6664531205258,58.3,68.1,0.3481887099065717
6.372572055567716,2.4005509042464284,COTO,cotonou,6.352268,2.402957,2261.108427530616,21238.37353,9.0,100.0,109.0,570.0,10,11.957129120826721,353.2831607280271,2.4575277964115916,1.9571291208267212,-0.0007674834707327056,0.8919456766841712,-0.000755130582385593,0.9338803824066919,-0.00028536121050516764,0.0129023596746495,1,-1.0,-1.0,0,0,0,4,1,31.7,72.0,cotonou/COTO,270.87866527279124,87.4,86.5,0.19776502036328025
6.362722083608903,2.4069519537125412,COTO,cotonou,6.352268,2.402957,1237.7072988662312,21238.37353,9.0,100.0,109.0,570.0,10,15.10462999343872,20.796197424255013,4.3382821433049665,5.104629993438721,0.0011092369518582782,0.4446572281232564,0.0010691928869933853,0.4430368861958916,0.00022216320956388452,0.01358207092307877,1,-1.0,-1.0,0,0,3,9,1,32.0,63.0,cotonou/COTO,373.8657305772486,58.8,70.5,0.5748164751879714
6.371347965665228,2.3605824253873076,COTO,cotonou,6.352268,2.402957,5141.200805355983,21238.37353,9.0,100.0,109.0,570.0,10,13.065813541412354,294.3756841768409,1.0690082682840465,3.0658135414123535,-0.00012425928152808846,1.4248634737117774,-0.00011132721876242079,1.4207534687980512,0.0015764299164251195,0.05358146464170865,1,-1.0,-1.0,0,0,0,6,1,32.0,71.0,cotonou/COTO,331.14855306943616,73.3,63.4,0.20742218038195093
6.37477314862601,2.362415278743659,COTO,cotonou,6.352268,2.402957,5129.666597536469,21238.37353,9.0,100.0,109.0,570.0,10,12.77222752571106,299.1878857374958,1.0746894626283676,2.7722275257110596,-0.00018088533617294247,1.292142366014504,-0.00016404769324153832,1.285014701741445,0.0019388384289211697,0.0720677780105296,1,-1.0,-1.0,0,0,1,3,1,31.0,75.0,cotonou/COTO,386.1779175456935,76.5,76.1,0.2449242849429626
6.366272846020106,2.409086155754302,COTO,cotonou,6.352268,2.402957,1690.7187813225244,21238.37353,9.0,100.0,109.0,570.0,10,14.485249519348145,23.506411288257254,3.199624858169882,4.4852495193481445,0.00045512168728120136,0.40294838213269013,0.00038937646790412845,0.40130053966500806,-0.0014070113499959312,0.06387223877566352,1,-1.0,-1.0,0,0,3,7,1,32.0,63.0,cotonou/COTO,335.1905947367722,58.8,56.6,0.755634219344596
6.381282822114972,2.3653206411090126,COTO,cotonou,6.352268,2.402957,5256.853721138577,21238.37353,9.0,100.0,109.0,570.0,10,13.5029776096344,307.8031617091992,1.0407317486263348,3.5029776096343994,-3.8638981905850395e-05,1.107195750197448,-2.3589699955309758e-05,1.1048916938588307,0.0005731980005900065,0.03397098508484796,1,-1.0,-1.0,0,0,2,11,1,34.0,32.0,cotonou/COTO,267.2888297328458,55.8,66.5,0.5009428073714476
6.379826123346123,2.3674234809093884,COTO,cotonou,6.352268,2.402957,4974.264438120779,21238.37353,9.0,100.0,109.0,570.0,10,12.95027756690979,307.9691916488454,1.1062057472468145,2.95027756690979,-0.00014619940813048054,1.13671934618087,-0.00013240613634624173,1.1299785691214956,0.001958052317301432,0.07315699895842487,1,-1.0,-1.0,0,0,2,5,1,30.7,55.0,cotonou/COTO,398.73109698140775,66.5,66.5,0.5018415510203299
6.382327101532686,2.3644374601431877,COTO,cotonou,6.352268,2.402957,5404.832996929374,21238.37353,9.0,100.0,109.0,570.0,10,13.633146524429321,308.14125994064085,1.0108640282471602,3.6331465244293213,-1.3599430878078917e-05,1.092246048868065,-6.411140138240215e-05,1.0892852321477815,-0.004282209029887597,0.12369401937442374,1,-1.0,-1.0,0,0,3,3,1,34.0,32.0,cotonou/COTO,196.14362722252218,55.8,70.4,0.3136068536486709
6.374428404274941,2.362523270950019,COTO,cotonou,6.352268,2.402957,5100.79750254727,21238.37353,9.0,100.0,109.0,570.0,10,12.687426567077637,298.87743092671013,1.0817226727929357,2.6874265670776367,-0.00019933099350520793,1.3055781827305328,-0.0001515899334771327,1.2984689896361854,0.00365040936997409,0.0995830433067024,1,-1.0,-1.0,0,0,0,2,1,31.0,75.0,cotonou/COTO,386.1779175456935,76.1,76.5,0.8589143750180648
6.371179049480933,2.3908178418843664,COTO,cotonou,6.352268,2.402957,2485.4542053070136,21238.37353,9.0,100.0,109.0,570.0,10,12.117344856262207,327.4646106999768,2.2322512971137956,2.117344856262207,-0.0006355222004811008,0.730781646137661,-0.0006409360848221124,0.7687557221361936,-0.0001331143909030491,0.01830931388735046,1,-1.0,-1.0,0,0,2,9,1,33.0,67.0,cotonou/COTO,322.1257484275571,84.9,82.1,0.25360344403013513
6.353549019080931,2.3742717852078905,COTO,cotonou,6.352268,2.402957,3176.9047802506816,21238.37353,9.0,100.0,109.0,570.0,10,14.161951065063477,272.5743704269544,1.7099054082318639,4.161951065063477,0.00014319592738294327,0.3855489144072588,0.00013448561115472668,0.3841064711924107,-0.0001859843485614032,0.00436457744870168,1,-1.0,-1.0,0,0,5,11,1,33.0,63.0,cotonou/COTO,313.5332494330497,78.1,61.8,0.2946433260271143
6.374879385457318,2.356035474588415,COTO,cotonou,6.352268,2.402957,5762.155837363211,21238.37353,9.0,100.0,109.0,570.0,10,13.480997562408447,295.87067281729276,0.9497026176651614,3.4809975624084473,-3.90317567683667e-05,1.3214237367342,-4.1751435532193095e-05,1.3181333851049788,-0.0006944311989678277,0.025568969705312583,0,-1.0,5207.8803259535225,0,9,1,3,1,32.0,71.0,cotonou/COTO,241.37076977131866,72.1,58.3,0.5043895905921341
6.357035204288158,2.3759304672325343,COTO,cotonou,6.352268,2.402957,3036.3355989780493,21238.37353,9.0,100.0,109.0,570.0,10,13.964729309082031,280.06556796436973,1.7927342620848428,3.9647293090820312,8.422806372050365e-05,0.5820959773415213,0.00010109384551865494,0.5813955170152026,0.0006449000325730497,0.02049059456811653,1,-1.0,-1.0,0,0,4,8,1,31.5,70.0,cotonou/COTO,241.82719946273568,59.2,53.0,0.23311084165023577
6.362698983838024,2.365667738404406,COTO,cotonou,6.352268,2.402957,4283.894987202554,21238.37353,9.0,100.0,109.0,570.0,10,11.586800456047058,285.7219822812234,1.3026471267641542,1.586800456047058,-0.0004951309700126117,1.1577021488838208,-0.0004903566374218155,1.1796067402278838,-0.0002719174625534066,0.01718011425792209,1,-1.0,-1.0,0,0,3,5,1,30.1,50.0,cotonou/COTO,383.9926241478955,66.1,63.0,0.9828035457653518
6.373744629276649,2.390914966822343,COTO,cotonou,6.352268,2.402957,2723.2221236356095,21238.37353,9.0,100.0,109.0,570.0,10,12.314165592193604,330.8719316015567,2.0333869493573804,2.3141655921936035,-0.0005064475423260987,0.8163368680438853,-0.0005963127200657508,0.8363281851041465,-0.0026818406512822534,0.046662858259686905,1,-1.0,-1.0,0,0,1,7,1,33.0,67.0,cotonou/COTO,357.773164030067,81.4,84.9,0.13161387121782142
6.379710120931247,2.36386597125169,COTO,cotonou,6.352268,2.402957,5283.456278331489,21238.37353,9.0,100.0,109.0,570.0,10,12.868951559066772,305.2380618729312,1.0423660938462218,2.8689515590667725,-0.0001578229519831483,1.1364612559967675,-0.00022545958963708296,1.1342905681027138,-0.003741889405801451,0.12399736861097163,0,4986.989793775813,4934.049350105158,1,11,0,14,1,30.7,55.0,cotonou/COTO,267.89890817251177,66.5,78.2,0.7634164886425062
6.372934625366345,2.359821536534355,COTO,cotonou,6.352268,2.402957,5291.461929210887,21238.37353,9.0,100.0,109.0,570.0,10,13.558160781860352,295.74013936484704,1.0333291156628377,3.5581607818603516,-2.8028371419385787e-05,1.3750215733847733,1.4904286531026943e-06,1.3720755690777575,0.0024953550762600372,0.09830941040916497,1,-1.0,-1.0,0,0,1,5,1,32.0,71.0,cotonou/COTO,331.14855306943616,73.3,63.4,0.7972585005002516
6.3806076939931335,2.3762446204600853,COTO,cotonou,6.352268,2.402957,4307.72258081871,21238.37353,9.0,100.0,109.0,570.0,10,12.203507423400879,316.8714990087738,1.287245693854085,2.203507423400879,-0.0003460433171609202,1.1605601842651838,-0.000331143919191404,1.1560947136677453,0.0010001023610432943,0.04482808105198308,1,-1.0,-1.0,0,0,2,0,1,31.0,63.0,cotonou/COTO,333.1849486397105,81.4,70.5,0.5031276394853043
6.372527431918721,2.4004339595111324,COTO,cotonou,6.352268,2.402957,2257.7711470284435,21238.37353,9.0,100.0,109.0,570.0,10,11.957129120826721,352.9445489896045,2.4611558798485764,1.9571291208267212,-0.0007674834707327056,0.9007828123467229,-0.0007656218028499521,0.922065747568743,-0.00039804607846357547,0.012160351039045362,1,-1.0,-1.0,0,0,0,4,1,32.0,75.0,cotonou/COTO,270.87866527279124,86.5,87.4,0.8535265302051454
6.348542256495718,2.3792593737671512,COTO,cotonou,6.352268,2.402957,2654.1044250971827,21238.37353,9.0,100.0,109.0,570.0,10,10.710995376110077,261.01213611497167,2.120855824653527,0.7109953761100769,-0.0011220959018678701,0.9598597846246981,-0.0010974344534751697,1.046925766832286,0.0,0.0,1,-1.0,-1.0,0,0,0,0,1,33.0,63.0,cotonou/COTO,310.65923598055264,66.5,55.9,0.4943587607043629
6.35650588753247,2.409870604363593,COTO,cotonou,6.352268,2.402957,897.0768791555428,21238.37353,9.0,100.0,109.0,570.0,10,15.070240497589111,58.3346921986693,5.977458198770563,5.070240497589111,0.0015179967039831508,0.43117699466751674,0.001415612406247809,0.4278286222176875,0.00022374107269662583,0.010267245440494167,1,-1.0,-1.0,0,0,0,8,1,32.0,71.0,cotonou/COTO,108.9214896151932,58.7,54.0,0.9177506493948386
6.355762433424202,2.3926645464605336,COTO,cotonou,6.352268,2.402957,1202.5430066206693,21238.37353,9.0,100.0,109.0,570.0,10,15.733831882476807,288.8613849059177,4.434836645144413,5.733831882476807,0.002794682049183819,0.6640599160220202,0.0016057280564142867,0.6659316822554167,0.001156408597396854,0.03881368979492644,1,-1.0,-1.0,0,0,2,13,1,32.6,66.0,cotonou/COTO,279.6517178563703,57.1,62.9,0.05278638734264174
6.366978011842336,2.3630988089273584,COTO,cotonou,6.352268,2.402957,4700.347872354678,21238.37353,9.0,100.0,109.0,570.0,10,11.487766027450562,290.3743765081174,1.1884733403031913,1.4877660274505615,-0.00047117312243030333,1.4210194655855142,-0.00045528326269088343,1.428218831588216,0.0005280471512357198,0.007386427259039329,1,-1.0,-1.0,0,0,0,3,1,30.1,50.0,cotonou/COTO,352.5538937525515,61.3,78.0,0.34747210200495326
6.354479257645741,2.3738868589052107,COTO,cotonou,6.352268,2.402957,3225.612906779652,21238.37353,9.0,100.0,109.0,570.0,10,14.609447956085205,274.37828549547896,1.6761581468413695,4.609447956085205,0.000278535963576517,0.40236761926521325,0.0002938758243214,0.3995275605556343,0.0005810817082722982,0.03232145403840655,1,-1.0,-1.0,0,0,3,7,1,33.0,63.0,cotonou/COTO,313.5332494330497,78.1,61.8,0.6510565692492013
6.372356698204875,2.393502056318721,COTO,cotonou,6.352268,2.402957,2455.53340538888,21238.37353,9.0,100.0,109.0,570.0,10,12.252861499786377,334.93216085631275,2.256266225399432,2.252861499786377,-0.0005926241536987744,0.8665017059335988,-0.0005819883547692281,0.8888138931633428,-0.0003309618965578653,0.010165700353889513,1,-1.0,-1.0,0,0,0,4,1,31.7,72.0,cotonou/COTO,361.2210155846181,76.9,82.1,0.6884733800453515
6.348459402772282,2.379833135801949,COTO,cotonou,6.352268,2.402957,2592.8839665839464,21238.37353,9.0,100.0,109.0,570.0,10,10.270606219768524,260.5916813965687,2.1806012827749783,0.27060621976852417,-0.0013166226874822857,0.9434029779812977,-0.0012870356607972905,1.0643491017330224,0.0,0.0,1,-1.0,-1.0,0,0,0,1,1,33.0,63.0,cotonou/COTO,310.65923598055264,66.5,55.9,0.7014930692956283
6.377930475407023,2.3750406833975957,COTO,cotonou,6.352268,2.402957,4194.457066394917,21238.37353,9.0,100.0,109.0,570.0,10,11.761269330978394,312.76932862241824,1.3280314998258214,1.7612693309783936,-0.000463267167409261,1.1533288953053291,-0.0004544031172291214,1.1564696037833524,0.00011072026358710395,0.004982411861419678,1,-1.0,-1.0,0,0,0,2,1,31.0,63.0,cotonou/COTO,310.99815111988335,81.4,85.6,0.8997028706105347
6.354523735299129,2.3908247684973922,COTO,cotonou,6.352268,2.402957,1365.2970111138543,21238.37353,9.0,100.0,109.0,570.0,10,15.767827987670898,280.5969737017383,3.906497927493173,5.767827987670898,0.0014933598214301506,0.6137857428682326,0.001346374054749807,0.6205222428372018,-0.0012326478958129884,0.06136524425648806,1,-1.0,-1.0,0,0,7,9,1,31.0,71.0,cotonou/COTO,295.36221914797846,68.3,54.4,0.2563431801248711
6.371543197342006,2.3929287023031502,COTO,cotonou,6.352268,2.402957,2403.0731037181677,21238.37353,9.0,100.0,109.0,570.0,10,12.387707948684692,332.65862569315493,2.3022591668678953,2.3877079486846924,-0.0004196365542412458,0.7372252096116576,-0.0005329815360177703,0.7520192232696805,-2.3449811871519742e-05,0.014462057621065533,1,-1.0,-1.0,0,0,1,4,1,33.0,67.0,cotonou/COTO,363.2414581239478,82.1,81.4,0.016300883775839492
6.374097882534825,2.391077760578542,COTO,cotonou,6.352268,2.402957,2748.7016523788866,21238.37353,9.0,100.0,109.0,570.0,10,12.297257661819458,331.5952113907017,2.0149057525619494,2.297257661819458,-0.0005107731058977653,0.8300680836863358,-0.0005152521403968758,0.8492519979087386,-0.0009635527928670248,0.043867751875088096,1,-1.0,-1.0,0,0,1,5,1,33.0,67.0,cotonou/COTO,363.2414581239478,82.1,81.4,0.980333032009337
6.365981839041119,2.364764385364451,COTO,cotonou,6.352268,2.402957,4489.509632671215,21238.37353,9.0,100.0,109.0,570.0,10,11.483416676521301,289.8665684001382,1.2443252528701358,1.4834166765213013,-0.0004941277239057753,1.368774162978589,-0.0004887508980014868,1.3800677745024663,3.125270207722983e-05,0.004565277322825467,1,-1.0,-1.0,0,0,2,1,1,30.1,50.0,cotonou/COTO,322.59013949595317,66.1,61.3,0.46400504674098586
6.367086481343188,2.40075,COTO,cotonou,6.352268,2.402957,1656.8368474823458,21238.37353,9.0,100.0,109.0,570.0,10,13.498097896575928,351.5803879991297,3.298941541586161,3.4980978965759277,-0.00012434139138176324,0.5554007124972394,-9.952276430023623e-05,0.5604094493195909,0.00047101941226225367,0.01595725652512739,1,-1.0,-1.0,0,0,4,6,1,32.0,63.0,cotonou/COTO,305.25,69.0,66.0,0.703097693386292
6.373453173877093,2.3595111112713374,COTO,cotonou,6.352268,2.402957,5347.33157459324,21238.37353,9.0,100.0,109.0,570.0,10,13.777858972549438,296.1370278657924,1.0201817752630882,3.7778589725494385,1.3196934534850734e-05,1.3533955196812113,3.696107682197908e-05,1.3509537673298242,0.0023263040085293564,0.0790621255917378,1,-1.0,-1.0,0,0,1,8,1,31.5,72.0,cotonou/COTO,246.89454307456222,63.4,65.2,0.025071142903880683
6.3568868245195285,2.3764103975311817,COTO,cotonou,6.352268,2.402957,2981.2020181294038,21238.37353,9.0,100.0,109.0,570.0,10,14.04482364654541,279.9313220034739,1.8243286156176437,4.04482364654541,0.00011261073748270669,0.574581227411094,8.422806372050364e-05,0.5756062397669225,0.00011091430981953938,0.03405951827839556,1,-1.0,-1.0,0,0,0,7,1,29.6,72.0,cotonou/COTO,243.1128071492526,56.3,59.2,0.9925562257221552
6.365555950980173,2.366609769880387,COTO,cotonou,6.352268,2.402957,4281.50247505913,21238.37353,9.0,100.0,109.0,570.0,10,11.468141078948975,290.1978928020315,1.3049618945363497,1.4681410789489746,-0.0005215413931081451,1.3368049532375574,-0.0005134747220181872,1.3511764119118352,9.02904404534234e-05,0.00349322732909271,1,-1.0,-1.0,0,0,2,2,1,30.1,50.0,cotonou/COTO,167.19783760562936,58.0,66.1,0.5240286853455928
6.35116789121851,2.3902420547045384,COTO,cotonou,6.352268,2.402957,1412.0410039081996,21238.37353,9.0,100.0,109.0,570.0,10,14.450549602508545,265.0253449797265,3.830773972494467,4.450549602508545,0.0005163598391744825,0.27235390921683306,0.000558652594981778,0.2703996661489933,0.0010009671746397124,0.02722300685742072,1,-1.0,-1.0,0,0,2,10,1,31.0,71.0,cotonou/COTO,384.59858190063676,54.4,65.2,0.7081743014186985
6.373862854391635,2.3560058066092373,COTO,cotonou,6.352268,2.402957,5717.256149042282,21238.37353,9.0,100.0,109.0,570.0,10,13.447505712509155,294.83699879001733,0.9574951415995404,3.4475057125091553,-5.442098528225232e-05,1.3537416339770494,-5.421967909949634e-05,1.3468698383212054,-0.0017211238543192544,0.07761604377337218,0,-1.0,5327.703625861044,0,12,1,5,1,32.0,71.0,cotonou/COTO,396.8541073241009,65.2,58.3,0.6053559965142545
6.381975572794323,2.3752253907633425,COTO,cotonou,6.352268,2.402957,4495.1921727459685,21238.37353,9.0,100.0,109.0,570.0,10,12.532701015472412,317.1485879143605,1.2293847799641875,2.532701015472412,-0.00025558359944519176,1.1392062575178674,-0.00024223306722808303,1.1326923221005978,0.0017741229799058701,0.06642538078791309,1,-1.0,-1.0,0,0,2,0,1,32.1,54.0,cotonou/COTO,217.8231826505345,70.5,64.4,0.11197907255618555
6.348061596277872,2.3812804425807426,COTO,cotonou,6.352268,2.402957,2443.012794249149,21238.37353,9.0,100.0,109.0,570.0,10,10.890208840370178,258.9531311921055,2.2997251380400647,0.8902088403701782,-0.001163159376851754,0.9074433946492795,-0.0011056897422624013,0.99060889852526,-0.0002739409605662028,0.013149166107177736,1,-1.0,-1.0,0,0,0,0,1,32.0,71.0,cotonou/COTO,94.8968856180276,55.9,59.0,0.7954392060802477
6.372857537315406,2.355000337978791,COTO,cotonou,6.352268,2.402957,5773.779617713591,21238.37353,9.0,100.0,109.0,570.0,10,13.257054805755615,293.36686521257707,0.9500126982484626,3.2570548057556152,-7.7709262235177e-05,1.3580688437090715,-8.262324536967481e-05,1.35111940415349,-0.0006099502245585124,0.028198353455976672,0,-1.0,5299.3808916088665,0,4,1,5,1,31.0,63.0,cotonou/COTO,356.3532216776974,58.6,72.1,0.07001658462498717
6.374877097252257,2.35600000740997,COTO,cotonou,6.352268,2.402957,5765.581636591811,21238.37353,9.0,100.0,109.0,570.0,10,13.480997562408447,295.85140752404703,0.9491384256472174,3.4809975624084473,-3.9031756768366633e-05,1.3226332403347572,-4.175143553219302e-05,1.3193396045382746,-0.0006944311989678277,0.025568969705312583,0,-1.0,5210.9765893845815,0,9,1,3,1,31.0,63.0,cotonou/COTO,241.37076977131866,58.3,72.1,0.4792660875436907
6.3642652460543125,2.3732729175679825,COTO,cotonou,6.352268,2.402957,3542.0904962536597,21238.37353,9.0,100.0,109.0,570.0,10,11.758622884750366,292.1315349302864,1.5725519830502588,1.7586228847503662,-0.0006089807821703932,1.2092346534965663,-0.0005584351035490791,1.2204806630518554,-0.0007641559675077323,0.020805256476907036,1,-1.0,-1.0,0,0,3,9,1,31.0,63.0,cotonou/COTO,320.12677113920535,60.5,66.8,0.2836067270136241
6.363591517193813,2.38567633267179,COTO,cotonou,6.352268,2.402957,2285.5110040789687,21238.37353,9.0,100.0,109.0,570.0,10,12.860806941986084,303.3988601722156,2.4087062124956793,2.860806941986084,-0.0006189946911543599,0.9122348699271376,-0.0003741205241198322,0.9188117401054468,-0.001248910674166961,0.055510288763072894,1,-1.0,-1.0,0,0,7,7,1,33.0,63.0,cotonou/COTO,376.3702126895599,66.2,62.4,0.549754374103286
6.371720623339173,2.399228918043791,COTO,cotonou,6.352268,2.402957,2190.4108917124795,21238.37353,9.0,100.0,109.0,570.0,10,12.014408349990845,349.21630229057274,2.5352494275838606,2.0144083499908447,-0.0007730139750478733,0.8780601424508621,-0.0007598856820000544,0.9193377762754738,-0.0004927396774291993,0.018133658759699727,1,-1.0,-1.0,0,0,0,0,1,31.7,72.0,cotonou/COTO,364.58895828051044,87.4,86.5,0.33632507961731173
6.350842411707732,2.389326113489933,COTO,cotonou,6.352268,2.402957,1516.3488866863438,21238.37353,9.0,100.0,109.0,570.0,10,14.30113172531128,263.9935660347038,3.573589134564057,4.301131725311279,0.00037430661304429857,0.2799096720591041,0.00028938962228643075,0.27756015288491953,-0.001563096046447754,0.08031720429032549,1,-1.0,-1.0,0,0,0,4,1,31.8,66.0,cotonou/COTO,351.49863683938656,65.2,66.6,0.139648294566467
6.352002642703862,2.391886311705696,COTO,cotonou,6.352268,2.402957,1225.219066919403,21238.37353,9.0,100.0,109.0,570.0,10,14.583444118499756,268.6190537126839,4.40655884365686,4.583444118499756,0.0007125631580507853,0.29577273260232534,0.000703936029774274,0.2920703589754024,0.0003513866000705295,0.015071016341902542,1,-1.0,-1.0,0,0,3,4,1,31.0,71.0,cotonou/COTO,229.63053738552546,54.4,73.7,0.440464706863141
6.356500422248732,2.409977723924858,COTO,cotonou,6.352268,2.402957,906.8916897391395,21238.37353,9.0,100.0,109.0,570.0,10,15.070240497589111,58.759718779671005,5.913228184491981,5.070240497589111,0.0014658592080557214,0.43232853287439793,0.0013991346844649548,0.43441479445817244,4.7978707012849335e-05,0.06273789410659228,1,-1.0,-1.0,0,0,0,11,1,32.0,71.0,cotonou/COTO,108.9214896151932,54.0,58.7,0.1915550253651932
6.365084747591827,2.370589166183712,COTO,cotonou,6.352268,2.402957,3851.4416301196484,21238.37353,9.0,100.0,109.0,570.0,10,11.536906480789185,291.7252573947932,1.4495954796901522,1.5369064807891846,-0.0005607454659710867,1.291246619699154,-0.0005604248010475215,1.3109109444972737,-0.00036376615365346274,0.017479706159320284,1,-1.0,-1.0,0,0,0,5,1,30.0,55.0,cotonou/COTO,263.8369831922563,62.5,66.8,0.6879507288796246
6.367619755856481,2.40075,COTO,cotonou,6.352268,2.402957,1715.188604006519,21238.37353,9.0,100.0,109.0,570.0,10,13.527454614639282,351.86888868526995,3.185967325250035,3.5274546146392822,-0.00010318208014828032,0.5605462402157992,-7.114499241712729e-05,0.5612650197634486,0.0009946966290289181,0.05207400656047313,1,-1.0,-1.0,0,0,2,12,1,32.0,63.0,cotonou/COTO,305.25,69.0,66.0,0.5091796885524121
6.3781537555213985,2.3746960725795847,COTO,cotonou,6.352268,2.402957,4239.244943073855,21238.37353,9.0,100.0,109.0,570.0,10,11.771234154701233,312.6663823838518,1.3138711035515596,1.771234154701233,-0.0004544031172291214,1.1569406887189788,-0.0004488607739697573,1.1582357850582596,0.00022343758654041983,0.008599258722688966,1,-1.0,-1.0,0,0,1,1,1,31.0,63.0,cotonou/COTO,74.10445128334986,81.4,85.6,0.40038199781382333
6.360160653495474,2.3960711626620586,COTO,cotonou,6.352268,2.402957,1158.5536585343575,21238.37353,9.0,100.0,109.0,570.0,10,14.154365539550781,319.07269688662967,4.680113896387903,4.154365539550781,0.00038237103030212935,0.3732980478148564,0.00018509946218351044,0.3808367847973664,-0.0034492214520772295,0.15635137151826467,1,-1.0,-1.0,0,0,5,1,1,33.0,63.0,cotonou/COTO,391.6664531205258,68.1,58.3,0.3510590204195969
6.379773418566625,2.3677293414330314,COTO,cotonou,6.352268,2.402957,4943.975177798247,21238.37353,9.0,100.0,109.0,570.0,10,12.748273372650146,308.15636136127404,1.115321360005126,2.7482733726501465,-0.0001936804164539684,1.135188923449181,-0.00012439957976943152,1.1283816128741713,0.003727512964469906,0.07557443843965606,1,-1.0,-1.0,0,0,3,9,1,30.7,55.0,cotonou/COTO,398.73109698140775,66.5,66.5,0.5845597268450229
6.383777201610035,2.3716058091379892,COTO,cotonou,6.352268,2.402957,4916.629309892706,21238.37353,9.0,100.0,109.0,570.0,10,13.003366947174072,315.32305995383496,1.118551512296801,3.0033669471740723,-0.00014301310709821497,1.1225698697910511,-0.000166485016628751,1.1158372795522606,-0.0013941210654218035,0.029452678700495553,0,-1.0,4630.893337975093,0,3,2,12,1,34.0,32.0,cotonou/COTO,161.07626082067793,53.4,62.5,0.046505374011745815
6.373688574984059,2.354896222273975,COTO,cotonou,6.352268,2.402957,5821.152744405866,21238.37353,9.0,100.0,109.0,570.0,10,13.240023612976074,294.1570009626819,0.9424503863645707,3.240023612976074,-8.035309300597974e-05,1.3492381483195603,-7.638387939556927e-05,1.3423797882195716,-6.836520300971135e-05,0.008967943412050233,0,5272.867816576054,5226.205269526708,4,25,0,1,1,31.0,63.0,cotonou/COTO,234.58846199256698,58.6,58.3,0.46851894979112396
6.37998227663331,2.365028818342324,COTO,cotonou,6.352268,2.402957,5196.362906303477,21238.37353,9.0,100.0,109.0,570.0,10,13.268754005432129,306.3268330799227,1.0554258925181927,3.268754005432129,-8.395353039562475e-05,1.134699168341471,-0.00011077337864922155,1.1314313415453705,-0.0018940566171545675,0.06042630264402685,0,-1.0,4956.851189179269,0,4,0,3,1,30.7,55.0,cotonou/COTO,267.89890817251177,66.5,78.2,0.26858793943670567
6.356335407846525,2.377227190344422,COTO,cotonou,6.352268,2.402957,2882.0668067771308,21238.37353,9.0,100.0,109.0,570.0,10,13.871841192245483,279.0391072828383,1.8904710854793112,3.8718411922454834,5.664940142549594e-05,0.5490600374809472,0.0001199274668484031,0.547619162383435,0.0024650865833008204,0.0803846694344829,1,-1.0,-1.0,0,0,2,9,1,31.5,70.0,cotonou/COTO,247.88812658137354,59.2,62.4,0.44108761990284095
6.372973855453255,2.3569874096036982,COTO,cotonou,6.352268,2.402957,5577.693024865633,21238.37353,9.0,100.0,109.0,570.0,10,13.705919742584229,294.38337241195916,0.9787948962122132,3.7059197425842285,-4.96378015396999e-07,1.3742166840332193,-3.359861162997324e-05,1.367564866326104,-0.0022090820262400395,0.0561315938243332,0,5432.382384939273,5231.183037348929,1,6,0,12,1,32.0,71.0,cotonou/COTO,396.8541073241009,65.2,58.3,0.23493977218935425
6.364099436147162,2.373885026566384,COTO,cotonou,6.352268,2.402957,3472.4397367085235,21238.37353,9.0,100.0,109.0,570.0,10,11.88625419139862,292.2701832096338,1.6019738804997805,1.8862541913986206,-0.0005232003570973189,1.1814798730746983,-0.0005579298932623965,1.2060036272365438,-0.001714828660557939,0.047262117017706946,1,-1.0,-1.0,0,0,4,4,1,31.0,63.0,cotonou/COTO,344.695661852635,60.5,62.4,0.060429829163446525
6.3737683260592,2.3595708615981206,COTO,cotonou,6.352268,2.402957,5356.766894624882,21238.37353,9.0,100.0,109.0,570.0,10,13.807060480117798,296.50458777780057,1.0180729832312296,3.807060480117798,3.121846553919959e-05,1.3408384540356604,2.664180530808029e-05,1.3353253341147993,0.0009298741817474366,0.050203395963301256,0,-1.0,4948.836750344831,0,3,3,7,1,31.5,72.0,cotonou/COTO,324.3499013411239,77.1,63.4,0.9012581989041242
6.384869017843265,2.38303724357978,COTO,cotonou,6.352268,2.402957,4225.524211623432,21238.37353,9.0,100.0,109.0,570.0,10,14.858849048614502,328.733064597023,1.2762909840977146,4.858849048614502,0.0002723067646612795,0.9848534859598741,0.0002925735984520636,0.9932308359011369,0.001147590253801562,0.04049867461550737,1,-1.0,-1.0,0,0,2,10,1,33.0,41.0,cotonou/COTO,266.4578062283396,75.6,64.8,0.5123168427000843
6.3547542992244255,2.4066561528955455,COTO,cotonou,6.352268,2.402957,493.05817309257253,21238.37353,9.0,100.0,109.0,570.0,10,14.875334739685059,55.93007920970558,10.807712690239246,4.875334739685059,0.0024942276918196514,0.47399739971368154,0.001998386466712282,0.4630181565650245,-0.0007088939348856609,0.04386482893239253,1,-1.0,-1.0,0,0,3,3,1,31.4,69.0,cotonou/COTO,299.4984878091749,71.6,64.7,0.2766132368229005
6.369150709508485,2.3629533258388538,COTO,cotonou,6.352268,2.402957,4803.631301122492,21238.37353,9.0,100.0,109.0,570.0,10,11.90614938735962,293.0103806574548,1.157938671505106,1.9061493873596191,-0.00037284514425210577,1.477218016372608,-0.0003598944885740555,1.4758606796127756,0.002138287491268582,0.07874877920252522,1,-1.0,-1.0,0,0,0,0,1,31.5,72.0,cotonou/COTO,319.6896352714521,78.0,78.0,0.955716196605999
6.3482419049357075,2.387688609591988,COTO,cotonou,6.352268,2.402957,1746.9987048285552,21238.37353,9.0,100.0,109.0,570.0,10,13.521458864212036,255.14169388578796,3.128268192551233,3.521458864212036,0.00032179182948798636,0.40912836120228974,-8.205623209509324e-05,0.4075949125469281,0.002986328314403742,0.11816509505110734,1,-1.0,-1.0,0,0,4,7,1,31.0,75.0,cotonou/COTO,288.9775799261479,72.8,69.3,0.8709275469831189
6.352044604022892,2.3737242806851775,COTO,cotonou,6.352268,2.402957,3234.419812699436,21238.37353,9.0,100.0,109.0,570.0,10,13.900843620300293,269.5610676546403,1.684138511508139,3.900843620300293,5.3027057079086844e-05,0.34996636937579784,3.53463071081348e-05,0.3532905565541454,-0.0017112058558641557,0.05129012524605908,1,-1.0,-1.0,0,0,0,4,1,33.0,63.0,cotonou/COTO,135.44729233169025,74.7,78.1,0.06911901631959816
6.362404983418506,2.3633461199103087,COTO,cotonou,6.352268,2.402957,4523.6324166951645,21238.37353,9.0,100.0,109.0,570.0,10,11.716847658157349,284.44202654352176,1.2319867049529825,1.7168476581573486,-0.0004393253368520841,1.1790863690306401,-0.0004433009879002124,1.1947536027874524,-0.0004956417613559299,0.02315212207570403,1,-1.0,-1.0,0,0,2,5,1,33.0,48.0,cotonou/COTO,363.6499594390807,60.2,68.1,0.1688156210592373
6.35467471620052,2.3749168575843203,COTO,cotonou,6.352268,2.402957,3113.765954191639,21238.37353,9.0,100.0,109.0,570.0,10,14.514088153839111,274.9374551557019,1.7380828724491646,4.514088153839111,0.0002665734527967063,0.42116858756729336,0.00028663918657122916,0.41742417682082533,0.002010022269354926,0.07628341606273895,1,-1.0,-1.0,0,0,2,1,1,33.0,63.0,cotonou/COTO,384.84357926308275,74.7,56.3,0.8550051594015594
6.353321050990359,2.3743661168315757,COTO,cotonou,6.352268,2.402957,3165.4512986761633,21238.37353,9.0,100.0,109.0,570.0,10,14.161951065063477,272.1239503094663,1.716088627890872,4.161951065063477,0.00014392059520720556,0.36607411297140613,0.00013947523670432011,0.36457846535002875,-9.158849716186523e-05,0.004188539219683974,1,-1.0,-1.0,0,0,8,7,1,33.0,63.0,cotonou/COTO,313.5332494330497,78.1,61.8,0.20729923002255812
6.3703074092614,2.3902664672783533,COTO,cotonou,6.352268,2.402957,2439.5043612229038,21238.37353,9.0,100.0,109.0,570.0,10,11.920937657356262,325.04107352322205,2.2788593039320895,1.9209376573562622,-0.000726038120626434,0.767567896053897,-0.0007292911236423396,0.7918172660253624,-0.0009495894269766352,0.038237607682276194,1,-1.0,-1.0,0,0,1,0,1,33.0,67.0,cotonou/COTO,137.85914006689853,86.3,84.9,0.36975972016593184
6.348125710171225,2.387307918850462,COTO,cotonou,6.352268,2.402957,1791.00368607794,21238.37353,9.0,100.0,109.0,570.0,10,13.55472445487976,255.0873144193949,3.0504925176808273,3.5547244548797607,-7.587787314890715e-05,0.4039570440231026,-0.00022820208662299696,0.40977951620952974,-0.002654703458150228,0.12831818203699333,1,-1.0,-1.0,0,0,3,13,1,31.0,75.0,cotonou/COTO,288.9775799261479,72.8,69.3,0.7180396989805671
6.379870845471128,2.374948903804903,COTO,cotonou,6.352268,2.402957,4349.742007305461,21238.37353,9.0,100.0,109.0,570.0,10,12.00691294670105,314.7612155367963,1.2774030544312436,2.00691294670105,-0.0003908226407807449,1.177322909363008,-0.00037753494261901735,1.174954597256427,0.0003905487827374871,0.023600054500915794,1,-1.0,-1.0,0,0,1,3,1,31.0,63.0,cotonou/COTO,389.1226866940447,81.4,70.5,0.42714779857543717
6.3500325457284035,2.4130699305397876,COTO,cotonou,6.352268,2.402957,1145.8875825664134,21238.37353,9.0,100.0,109.0,570.0,10,14.821142673492432,102.53872724261475,4.698497563375034,4.821142673492432,0.0009522660165770441,0.28840268998537094,0.0006707432337630705,0.27655011526962553,0.0001203013367506089,0.13593260171047988,1,-1.0,-1.0,0,0,0,2,1,29.8,77.0,cotonou/COTO,285.3045504368927,58.1,75.1,0.9519564712560027
6.347999042549761,2.3838612116161313,COTO,cotonou,6.352268,2.402957,2164.879422450102,21238.37353,9.0,100.0,109.0,570.0,10,11.187092542648315,257.32421770296605,2.5869606854604292,1.1870925426483154,-0.0011506387632187099,0.6399257452194107,-0.001145067657898864,0.7051225259980117,-0.019711641005163077,0.7642499960650673,1,-1.0,-1.0,0,0,2,6,1,32.0,71.0,cotonou/COTO,377.3020461115892,63.1,55.9,0.05289597155888037
6.354332901078083,2.4113922558040235,COTO,cotonou,6.352268,2.402957,960.8100890932099,21238.37353,9.0,100.0,109.0,570.0,10,15.401227474212646,76.16261783853156,5.563998867292463,5.4012274742126465,0.001711349535470057,0.5713815193017987,0.0014562202419095517,0.5679515267678894,-0.003783273714826786,0.1143818089936978,1,-1.0,-1.0,0,0,1,4,1,32.0,71.0,cotonou/COTO,387.43452466200705,58.7,70.9,0.6349549020649043
6.378549880634862,2.3759310784126146,COTO,cotonou,6.352268,2.402957,4169.907063602666,21238.37353,9.0,100.0,109.0,570.0,10,11.813721179962158,314.3789514035576,1.335127044209968,1.8137211799621582,-0.00045375304720284156,1.1732238361917213,-0.0004345056129197066,1.1745656267030733,0.0008468595978064743,0.019140545271675993,1,-1.0,-1.0,0,0,0,4,1,31.0,63.0,cotonou/COTO,310.99815111988335,85.6,81.4,0.48742539678896346
6.354981731571403,2.3923815083258266,COTO,cotonou,6.352268,2.402957,1207.9486250025975,21238.37353,9.0,100.0,109.0,570.0,10,15.724445819854736,284.4777042437939,4.415511781916899,5.724445819854736,0.0016869953429976602,0.6056548129286561,0.0017024025855442552,0.6200359269308406,0.0025466956229735775,0.08209178883460015,1,-1.0,-1.0,0,0,3,6,1,31.0,71.0,cotonou/COTO,330.452052195156,54.4,57.1,0.7094971134942634
6.361847089001445,2.406646531066542,COTO,cotonou,6.352268,2.402957,1135.2605361321234,21238.37353,9.0,100.0,109.0,570.0,10,14.95804738998413,20.94648284908203,4.73541767646637,4.958047389984131,0.0011035642967924344,0.44891513862746074,0.0011722133925153005,0.4457915627952591,0.002106110745791845,0.054887065442103034,1,-1.0,-1.0,0,0,0,16,1,32.0,63.0,cotonou/COTO,373.8657305772486,58.8,70.5,0.8499720121241282
6.379837250551941,2.367358906633,COTO,cotonou,6.352268,2.402957,4980.665921789554,21238.37353,9.0,100.0,109.0,570.0,10,12.95027756690979,307.92996596416475,1.1047843305318557,2.95027756690979,-0.00015132360538466704,1.1381092729067577,-0.00013240613634624173,1.131359652177772,0.001958052317301432,0.07315699895842487,1,-1.0,-1.0,0,0,2,8,1,30.7,55.0,cotonou/COTO,398.73109698140775,66.5,66.5,0.5200828720339034
6.348067690498165,2.383216683656122,COTO,cotonou,6.352268,2.402957,2232.936818588273,21238.37353,9.0,100.0,109.0,570.0,10,12.847128629684448,257.9169584761342,2.465700020141031,2.8471286296844482,-0.00035655406367775006,0.5121957057833705,-0.001467647748592096,0.8049971879760551,-0.020950556794802348,1.1310905337520665,1,-1.0,-1.0,0,0,1,6,1,32.0,71.0,cotonou/COTO,377.3020461115892,55.9,63.1,0.7564152828763099
6.382159113006271,2.3750178491390628,COTO,cotonou,6.352268,2.402957,4525.6994180605525,21238.37353,9.0,100.0,109.0,570.0,10,12.602408647537231,317.1115550608386,1.2202180444974813,2.6024086475372314,-0.0002394088952440087,1.1349078095276304,-0.0002106390121730871,1.1283628626677316,0.0024497223018817055,0.04877192673317067,1,-1.0,-1.0,0,0,1,0,1,34.0,32.0,cotonou/COTO,217.8231826505345,64.4,70.5,0.7468361490222825
6.378771998056325,2.374701502486366,COTO,cotonou,6.352268,2.402957,4285.270609689333,21238.37353,9.0,100.0,109.0,570.0,10,11.803568601608276,313.34640458800874,1.2993323225644795,1.8035686016082764,-0.000443688305941495,1.1687368271184648,-0.00043222188949584953,1.1698127570167922,0.0002584179242451986,0.011651350797325205,1,-1.0,-1.0,0,0,2,9,1,32.1,54.0,cotonou/COTO,389.1226866940447,70.5,81.4,0.8941526151096586
6.365277683505076,2.371316339370777,COTO,cotonou,6.352268,2.402957,3784.808400628228,21238.37353,9.0,100.0,109.0,570.0,10,11.555829644203186,292.47736559613105,1.4748187965557782,1.555829644203186,-0.0006341395446975451,1.307853120508388,-0.0005698826380524465,1.3172009916665057,-0.0008801469504183763,0.028592017838967046,1,-1.0,-1.0,0,0,1,2,1,33.0,49.0,cotonou/COTO,64.38956825449732,66.8,62.4,0.6339370777170972
6.355907303946588,2.405520824785493,COTO,cotonou,6.352268,2.402957,492.38251218473334,21238.37353,9.0,100.0,109.0,570.0,10,15.28263521194458,34.99781872507805,10.776461999683109,5.28263521194458,0.0029369628161828656,0.6645998745956265,0.002330624011524937,0.63702881485193,-0.0027371883392333985,0.14545497934892518,1,-1.0,-1.0,0,0,5,10,1,31.4,69.0,cotonou/COTO,218.02671877540922,65.4,64.7,0.6007855099929256
6.371965172561945,2.3903661084200802,COTO,cotonou,6.352268,2.402957,2585.615686599562,21238.37353,9.0,100.0,109.0,570.0,10,12.104864835739136,327.5734501280897,2.146137060429731,2.1048648357391357,-0.0006138416085663427,0.8001963863026162,-0.000627290718004171,0.8152530030471645,-0.0004994303244900768,0.018303966606438623,1,-1.0,-1.0,0,0,1,12,1,33.0,67.0,cotonou/COTO,357.773164030067,81.4,84.9,0.709359557810042
6.371929897011471,2.400190404420871,COTO,cotonou,6.352268,2.402957,2195.807137602644,21238.37353,9.0,100.0,109.0,570.0,10,12.001331090927124,352.0394265343282,2.5293676578780646,2.001331090927124,-0.000866492909435108,0.8707940759907532,-0.0007724808933148936,0.8939268493591747,-0.0014831710568984895,0.04848344819630068,1,-1.0,-1.0,0,0,0,2,1,31.7,72.0,cotonou/COTO,382.05451823009946,87.4,69.0,0.13908372441686478
6.356015149437966,2.3748249059384032,COTO,cotonou,6.352268,2.402957,3140.003483671784,21238.37353,9.0,100.0,109.0,570.0,10,14.353875637054443,277.63494818857936,1.7264891924437478,4.353875637054443,0.0002111944226237625,0.497513366939489,0.00011511313400198601,0.49371397562854247,-0.0027329563414929124,0.03527820592157198,1,-1.0,-1.0,0,0,4,7,1,32.4,63.0,cotonou/COTO,275.910366967215,53.0,56.3,0.6233406646952376
6.378535790724535,2.3749462696917645,COTO,cotonou,6.352268,2.402957,4247.64921009671,21238.37353,9.0,100.0,109.0,570.0,10,11.803606748580933,313.339185511181,1.310835987927636,1.8036067485809326,-0.00044256760978526644,1.1680042533957729,-0.0004422304953419555,1.169397090450163,0.00021080023942371146,0.024486171597108718,1,-1.0,-1.0,0,0,1,9,1,31.0,63.0,cotonou/COTO,296.22029927065233,81.4,81.4,0.8689679952752861
6.358572468975491,2.399458401722972,COTO,cotonou,6.352268,2.402957,797.4455041831626,21238.37353,9.0,100.0,109.0,570.0,10,14.62880563735962,331.12218650113573,6.7491000602235225,4.628805637359619,0.0011380422262497892,0.33678548670130887,0.000998190901745325,0.3311417076530166,-0.0006465911865234375,0.030424583293810054,1,-1.0,-1.0,0,0,2,4,1,31.0,75.0,cotonou/COTO,382.2656929414359,62.4,58.3,0.29928943107337513
6.354990572807074,2.4065629613231065,COTO,cotonou,6.352268,2.402957,499.8239981253641,21238.37353,9.0,100.0,109.0,570.0,10,14.875334739685059,52.77636828706312,10.664792978962302,4.875334739685059,0.002138994165322774,0.4989491348838561,0.0020691039269430597,0.4884334654090295,-0.00042444070180257156,0.05028958900570001,1,-1.0,-1.0,0,0,5,3,1,31.4,69.0,cotonou/COTO,299.4984878091749,71.6,64.7,0.37074613827644143
6.360804371922004,2.395751340532422,COTO,cotonou,6.352268,2.402957,1235.6176225673125,21238.37353,9.0,100.0,109.0,570.0,10,13.881559610366821,320.00633137329356,4.401975072717905,3.8815596103668213,0.00013854617164248522,0.37994499261967984,-3.4947973673075234e-05,0.39805945455595043,-0.002440567358975538,0.10294684058141675,1,-1.0,-1.0,0,0,3,6,1,31.0,71.0,cotonou/COTO,391.6664531205258,58.3,68.1,0.8526493424062259
6.370297180974025,2.390268834154771,COTO,cotonou,6.352268,2.402957,2438.428695192356,21238.37353,9.0,100.0,109.0,570.0,10,11.920937657356262,325.03083100130254,2.2798635184330713,1.9209376573562622,-0.000726038120626434,0.7675598047233345,-0.0007290735894138143,0.791833937597992,-0.0009435709799874371,0.038237607682276194,1,-1.0,-1.0,0,0,0,0,1,33.0,67.0,cotonou/COTO,137.85914006689853,84.9,86.3,0.6386934098965612
6.3842492982617784,2.372948301509006,COTO,cotonou,6.352268,2.402957,4850.925847694958,21238.37353,9.0,100.0,109.0,570.0,10,12.7609703540802,317.00119628185575,1.136559725207479,2.7609703540802,-0.0001965666891552164,1.0990971405221506,-0.00020434230216481735,1.092742085631247,-0.0008445521933989573,0.017852282119473695,1,-1.0,-1.0,0,0,2,10,1,34.0,32.0,cotonou/COTO,267.5261198461977,64.4,62.5,0.6149990449329855
6.351310000814299,2.414829603770689,COTO,cotonou,6.352268,2.402957,1317.8581817159852,21238.37353,9.0,100.0,109.0,570.0,10,15.777072429656982,94.6409087306597,4.046260791325611,5.777072429656982,0.0015682431784543127,0.6772003546875257,0.0012848195822342584,0.6834447242342272,-0.003300333023071289,0.12209352817302195,1,-1.0,-1.0,0,0,1,13,1,29.8,77.0,cotonou/COTO,285.3045504368927,58.1,75.1,0.10595972563026246
6.3567212846644665,2.379219507012308,COTO,cotonou,6.352268,2.402957,2672.0936925933415,21238.37353,9.0,100.0,109.0,570.0,10,13.643439769744873,280.69098499359893,2.043794712033189,3.643439769744873,-2.3537653463858134e-05,0.5760118091125696,-2.949878241848881e-05,0.5821309331903516,-0.0009544222375654717,0.03263886978665922,1,-1.0,-1.0,0,0,4,10,1,31.9,70.0,cotonou/COTO,346.04950975268054,70.7,62.4,0.5293655280057663
6.347734942141158,2.3860276393835296,COTO,cotonou,6.352268,2.402957,1939.004962559335,21238.37353,9.0,100.0,109.0,570.0,10,12.857412338256836,254.9225527212305,2.8385986382615362,2.857412338256836,-0.0004799230035587175,0.4351757814525577,-0.00040947477615887844,0.45566049953099685,-0.0026490827401479083,0.12774054590519915,1,-1.0,-1.0,0,0,1,2,1,31.0,75.0,cotonou/COTO,288.9775799261479,72.8,69.3,0.20387123836533483
6.346538645639061,2.4036205284412193,COTO,cotonou,6.352268,2.402957,637.835980725038,21238.37353,9.0,100.0,109.0,570.0,10,12.296810626983643,173.43401694273382,8.621037521088196,2.2968106269836426,-0.0021366375865358293,0.45779781016199966,-0.002439612059754973,0.5137477288811602,-0.004686934387069758,0.15490763870286584,1,-1.0,-1.0,0,0,2,4,1,30.0,75.0,cotonou/COTO,313.45464504453633,77.3,69.1,0.5408475965599965
6.352278529010155,2.3736472707789638,COTO,cotonou,6.352268,2.402957,3242.845360711315,21238.37353,9.0,100.0,109.0,570.0,10,13.916914939880371,270.0223310891324,1.6794815896225963,3.916914939880371,6.419679075935202e-05,0.3595415740332991,4.474715649561359e-05,0.36175482954380334,-0.0012507505266454817,0.03904930672327953,1,-1.0,-1.0,0,0,0,11,1,29.6,72.0,cotonou/COTO,377.7671008703886,61.8,74.7,0.9151385264250542
6.383576906045486,2.3721399504967926,COTO,cotonou,6.352268,2.402957,4859.310976804199,21238.37353,9.0,100.0,109.0,570.0,10,13.00020170211792,315.63258217711154,1.1317793577141344,3.00020170211792,-0.0001443197046331542,1.1246562772726072,-0.00017209535437631013,1.1178309991465651,-0.0008514259856290743,0.03698442496499315,1,-1.0,-1.0,0,0,4,9,1,34.0,32.0,cotonou/COTO,268.94546398849457,64.4,53.4,0.7574678737052938
6.355581851892147,2.3929706885890947,COTO,cotonou,6.352268,2.402957,1164.0783328653902,21238.37353,9.0,100.0,109.0,570.0,10,15.62407922744751,288.46422446364784,4.58613085231211,5.62407922744751,0.0016447212768757463,0.6518030177180256,0.001647837762910176,0.6624955190996328,0.0015205171373155382,0.061998994554629726,1,-1.0,-1.0,0,0,0,11,1,32.6,66.0,cotonou/COTO,279.6517178563703,57.1,62.9,0.19386570926018076
6.366422375770563,2.4123171306250812,COTO,cotonou,6.352268,2.402957,1876.8675131946418,21238.37353,9.0,100.0,109.0,570.0,10,14.512426853179932,33.31318998516031,2.8820214860992444,4.512426853179932,0.0004113938160091855,0.4291542578405599,0.0003992778826982547,0.42512996077197807,-0.000838625431060791,0.03849255166208244,1,-1.0,-1.0,0,0,7,5,1,32.0,63.0,cotonou/COTO,381.8464534337698,65.5,67.6,0.2943402478096817
6.370160275709735,2.4051413104254316,COTO,cotonou,6.352268,2.402957,1993.3730997571326,21238.37353,9.0,100.0,109.0,570.0,10,13.81818675994873,6.917737406434355,2.733746739633558,3.8181867599487305,5.53210576375326e-05,0.4768495110353259,-2.6894306791001434e-05,0.4917212350823705,-0.0014543692270914716,0.0764366509929496,1,-1.0,-1.0,0,0,0,8,1,32.0,75.0,cotonou/COTO,258.69668668155117,68.0,75.5,0.47586199501714044
6.380455280348813,2.3632889932716283,COTO,cotonou,6.352268,2.402957,5383.129329336133,21238.37353,9.0,100.0,109.0,570.0,10,12.737930536270142,305.56654511606536,1.0244640600547636,2.7379305362701416,-0.00015710499146012722,1.1249997227009771,-0.00022534992231990826,1.120972072016333,-0.0027642289797465006,0.12495371886759504,0,-1.0,5005.55512787969,0,10,0,2,1,31.8,31.0,cotonou/COTO,277.57990849483264,70.4,78.2,0.649887860474713
6.372699448641634,2.354845266423017,COTO,cotonou,6.352268,2.402957,5782.697338640239,21238.37353,9.0,100.0,109.0,570.0,10,13.2295823097229,293.13961096214103,0.9488200415955899,3.2295823097229004,-8.594233144526293e-05,1.359174304026339,-8.409381931663573e-05,1.3522219959227777,-0.0006627745098537869,0.0244615675739913,0,-1.0,5295.9773221615005,0,4,1,3,1,31.0,63.0,cotonou/COTO,309.1504439589486,58.6,65.2,0.0019012357463044083
6.35311774397799,2.3736102465892066,COTO,cotonou,6.352268,2.402957,3248.2984523821715,21238.37353,9.0,100.0,109.0,570.0,10,14.049765586853027,271.67041777857577,1.6743224549520108,4.049765586853027,0.00010482389992530189,0.36417417642396155,0.00012534559212750278,0.363328029909111,0.0006435521731405441,0.025800481846360725,1,-1.0,-1.0,0,0,3,10,1,29.6,72.0,cotonou/COTO,377.7671008703886,61.8,74.7,0.6683105947090058
6.3517513532862075,2.412276206028834,COTO,cotonou,6.352268,2.402957,1032.6645718882223,21238.37353,9.0,100.0,109.0,570.0,10,14.902478218078613,93.19221254743667,5.2064757890241555,4.902478218078613,0.0011385588418869744,0.3493313288044075,0.0014085359401531047,0.41831375229132034,0.0038533846537272135,0.19136918125586247,1,-1.0,-1.0,0,0,0,6,1,30.0,75.0,cotonou/COTO,374.95826287725737,75.1,70.9,0.5686835829230084
6.368274454015714,2.40075,COTO,cotonou,6.352268,2.402957,1786.8825787062967,21238.37353,9.0,100.0,109.0,570.0,10,13.624984979629517,352.1972959101715,3.055268094373909,3.6249849796295166,-4.5559141370985165e-05,0.5559006111272895,-0.0006713808595765249,0.5763815381278596,-0.009725849410319683,0.1577449967252469,1,-1.0,-1.0,0,0,3,12,1,32.0,63.0,cotonou/COTO,305.25,69.0,66.0,0.27110763064935794
6.353914382120988,2.3889185394535892,COTO,cotonou,6.352268,2.402957,1563.8556146578296,21238.37353,9.0,100.0,109.0,570.0,10,15.083671569824219,276.73062681342634,3.436733061608105,5.083671569824219,0.0008658365633502696,0.5318787424354958,0.0005247946569760555,0.5258234228573263,-0.006992993638589799,0.22714186440871387,1,-1.0,-1.0,0,0,7,3,1,31.0,71.0,cotonou/COTO,330.80979731559944,68.3,66.6,0.6404493840723943
6.370129434926819,2.3924262703320784,COTO,cotonou,6.352268,2.402957,2293.2768279565475,21238.37353,9.0,100.0,109.0,570.0,10,12.616134881973267,329.6324463701069,2.406661257280137,2.6161348819732666,-0.00047223227364676334,0.5925740380531187,-0.0009459369229012978,0.6371058523928365,-0.010346008213659276,0.11115311414716071,1,-1.0,-1.0,0,0,4,4,1,33.0,67.0,cotonou/COTO,247.7688085695969,82.1,61.2,0.6589255159523723
6.372867957482156,2.358444595411405,COTO,cotonou,6.352268,2.402957,5426.16116669787,21238.37353,9.0,100.0,109.0,570.0,10,13.769776344299316,294.97195862356364,1.005449273792129,3.7697763442993164,1.2134994493335087e-05,1.383120164691725,2.508762755680605e-05,1.377270691524086,0.000980149375067817,0.04105872267543411,1,-1.0,-1.0,0,0,1,10,1,32.0,71.0,cotonou/COTO,246.89454307456222,65.2,63.4,0.4279976468743433
6.366064986763084,2.366033482173391,COTO,cotonou,6.352268,2.402957,4360.818468680101,21238.37353,9.0,100.0,109.0,570.0,10,11.44935655593872,290.6071640730511,1.281481487451769,1.4493565559387207,-0.0005199067002449483,1.380211351111151,-0.0005105688615810315,1.3863998308312524,-3.0895845532474224e-05,0.0035979811158378997,1,-1.0,-1.0,0,0,1,1,1,30.1,50.0,cotonou/COTO,322.59013949595317,66.1,61.3,0.02638545745149279
6.373397809623659,2.3893253294646857,COTO,cotonou,6.352268,2.402957,2781.15018325437,21238.37353,9.0,100.0,109.0,570.0,10,11.983899593353271,327.33417329273095,1.9978640856497374,1.9838995933532715,-0.0006231156080437522,0.8832940888113281,-0.0006050477529826917,0.9051154851471394,-0.00036662817001342773,0.014111005096045551,1,-1.0,-1.0,0,0,0,2,1,33.0,67.0,cotonou/COTO,256.9667980498637,73.3,81.4,0.19119314371955387
6.377273380329971,2.3616152561894803,COTO,cotonou,6.352268,2.402957,5344.903085667037,21238.37353,9.0,100.0,109.0,570.0,10,12.820095539093018,301.3268600294964,1.0309088530953299,2.8200955390930176,-9.304713185132138e-05,1.216502048332401,-0.00017719059819300352,1.2133790950213672,-0.0008009451434926451,0.025264698011569185,0,-1.0,4820.0528828660645,0,4,3,12,1,31.5,72.0,cotonou/COTO,238.48215027541633,77.1,76.1,0.992477647694102
6.365842423001522,2.366080142959383,COTO,cotonou,6.352268,2.402957,4347.423387272579,21238.37353,9.0,100.0,109.0,570.0,10,11.458176136016846,290.3256755239768,1.285312429694494,1.4581761360168457,-0.0005175169108897821,1.3549815490710535,-0.0005084866569155739,1.368130630755604,-9.790129131740993e-05,0.005404020509346453,1,-1.0,-1.0,0,0,2,1,1,30.1,50.0,cotonou/COTO,383.9926241478955,66.1,63.0,0.06634897914810256
6.354660648808965,2.4066930907088144,COTO,cotonou,6.352268,2.402957,490.7957086007855,21238.37353,9.0,100.0,109.0,570.0,10,14.797229290008545,57.20316531565828,10.865146998516495,4.797229290008545,0.0021377212861005,0.44970591085999106,0.0019983864667122825,0.44314992096173805,-0.0007088939348856608,0.04326563518569185,1,-1.0,-1.0,0,0,3,3,1,31.4,69.0,cotonou/COTO,299.4984878091749,64.7,71.6,0.7606976856713044
6.365602514372151,2.368361722440807,COTO,cotonou,6.352268,2.402957,4101.830255532547,21238.37353,9.0,100.0,109.0,570.0,10,11.46805214881897,291.1996669191512,1.3621032190921676,1.4680521488189697,-0.0005447540840093236,1.3377242352613614,-0.0005408401515433499,1.3537458062182934,-0.00018182385174943879,0.003615440840429333,1,-1.0,-1.0,0,0,3,5,1,30.0,55.0,cotonou/COTO,327.63056038773834,62.5,66.1,0.22085728691802198
6.348654494247877,2.378482127333455,COTO,cotonou,6.352268,2.402957,2737.249867969467,21238.37353,9.0,100.0,109.0,570.0,10,11.464200496673584,261.5516887447712,2.040744013237927,1.464200496673584,-0.0008126054121100384,0.9069785927137302,-0.0008038677195067046,0.9319847231876377,0.0,0.0,1,-1.0,-1.0,0,0,0,0,1,33.0,63.0,cotonou/COTO,310.65923598055264,66.5,55.9,0.21376438030858014
6.364757284005953,2.371774935359656,COTO,cotonou,6.352268,2.402957,3716.158751179753,21238.37353,9.0,100.0,109.0,570.0,10,11.642522931098938,291.9515038464448,1.5007154518323012,1.642522931098938,-0.0005561861378253519,1.2518282390873616,-0.0005519952408220403,1.2721247867086154,-0.0004908031887478299,0.018311911063033287,1,-1.0,-1.0,0,0,3,4,1,33.0,49.0,cotonou/COTO,320.12677113920535,66.8,60.5,0.1696844378305643
6.38159658044146,2.364487513754279,COTO,cotonou,6.352268,2.402957,5351.121609767464,21238.37353,9.0,100.0,109.0,570.0,10,13.523992776870728,307.4945604666033,1.0221767096196952,3.5239927768707275,-4.698818996983966e-06,1.1046289988973022,-4.245045677348182e-05,1.1017429554111664,-0.0007990668919164529,0.04674304866404231,1,-1.0,-1.0,0,0,7,6,1,31.8,31.0,cotonou/COTO,367.6178566119935,78.2,55.8,0.7050980564546198
6.351738248105394,2.4150689033899773,COTO,cotonou,6.352268,2.402957,1341.348553126817,21238.37353,9.0,100.0,109.0,570.0,10,15.9126296043396,92.51919333987706,3.969867336887356,5.9126296043396,0.0016338060520313406,0.7125269266501658,0.0013855922306683047,0.723588712499667,-0.002799479166666667,0.10463636138990683,1,-1.0,-1.0,0,0,1,8,1,29.8,77.0,cotonou/COTO,331.6003083532061,58.1,69.85,0.09001614274972236
6.364542892481918,2.3668746122225013,COTO,cotonou,6.352268,2.402957,4216.606946627931,21238.37353,9.0,100.0,109.0,570.0,10,11.504449129104614,288.89788303843386,1.324545660288563,1.5044491291046143,-0.0005192095650903829,1.2689135771829612,-0.0005134083730079633,1.2868304924629463,5.3800145785013835e-05,0.003156376989866495,1,-1.0,-1.0,0,0,2,4,1,33.0,39.0,cotonou/COTO,309.4591612797848,63.0,58.0,0.8097414816673298
6.36966606403496,2.397200178732153,COTO,cotonou,6.352268,2.402957,2026.6997639177848,21238.37353,9.0,100.0,109.0,570.0,10,12.320505380630493,341.79678901777004,2.731105577239012,2.320505380630493,-0.0006796500262092142,0.7068534756941948,-0.0007555873053414481,0.7736536267116549,-0.002659950653711955,0.1235882547191656,1,-1.0,-1.0,0,0,2,4,1,32.0,63.0,cotonou/COTO,256.52289722354817,73.4,86.5,0.663237752339768
6.379646784582985,2.363308397170008,COTO,cotonou,6.352268,2.402957,5330.089514727366,21238.37353,9.0,100.0,109.0,570.0,10,12.526562452316284,304.79455035634084,1.0369276727999686,2.526562452316284,-0.00021636933050172194,1.1450651574269415,-0.00022000124508009117,1.1430585846698786,0.00034841868050947133,0.1212162481635368,0,5041.687877657949,4785.330866929578,1,14,1,14,1,31.8,31.0,cotonou/COTO,277.57990849483264,78.2,70.4,0.02671383319424203
6.371797270002415,2.403968807238774,COTO,cotonou,6.352268,2.402957,2162.6004718428053,21238.37353,9.0,100.0,109.0,570.0,10,12.80875539779663,2.947541510252222,2.5468051690195086,2.808755397796631,-0.0004101534412331777,0.6645828605417635,-0.0004630530194526853,0.6862749730469185,-0.002254650307706983,0.06845421964475666,1,-1.0,-1.0,0,0,3,3,1,32.0,75.0,cotonou/COTO,331.4609434005665,75.5,86.5,0.2745172425691079
6.376163372642644,2.359661085955716,COTO,cotonou,6.352268,2.402957,5470.720505744604,21238.37353,9.0,100.0,109.0,570.0,10,13.130105018615723,299.0471511263741,1.0039588339913272,3.1301050186157227,-0.00011355130075021904,1.2544382220121557,-0.00013580884638852005,1.2511036419763333,-0.003459621015622903,0.10856192156915066,1,-1.0,-1.0,0,0,0,7,1,31.5,72.0,cotonou/COTO,324.3499013411239,77.1,63.4,0.08103676621790223
6.356829167343713,2.3918135003600467,COTO,cotonou,6.352268,2.402957,1332.1093863982994,21238.37353,9.0,100.0,109.0,570.0,10,15.546090126037598,292.3845516723027,4.013000794227858,5.546090126037598,0.0013374641959146302,0.6885275688338418,0.0011093753449460293,0.6757718732312359,-0.0025582432746887205,0.14375343266160961,1,-1.0,-1.0,0,0,2,9,1,32.6,66.0,cotonou/COTO,267.5192114597196,58.2,57.1,0.48496528674584527
6.369745416486745,2.390833542394532,COTO,cotonou,6.352268,2.402957,2352.6218894580384,21238.37353,9.0,100.0,109.0,570.0,10,12.054167032241821,325.41853792156036,2.3596848605802716,2.0541670322418213,-0.000724279591595797,0.6830418272485161,-0.0007121283331035096,0.7352209956677671,-0.0017146944999694826,0.07764441329662097,1,-1.0,-1.0,0,0,2,7,1,32.0,63.0,cotonou/COTO,203.52690731203887,61.2,86.3,0.7395829244199901
6.35570364218521,2.3741144362642124,COTO,cotonou,6.352268,2.402957,3213.6855469636052,21238.37353,9.0,100.0,109.0,570.0,10,14.471014976501465,276.836084981268,1.6848414643975682,4.471014976501465,0.0002522628548673927,0.46056138061047636,0.0002753129478671415,0.45846607418056173,0.0015494745812558693,0.045598269666859266,1,-1.0,-1.0,0,0,1,13,1,31.5,70.0,cotonou/COTO,363.9073676088481,59.2,61.8,0.7922899435696963
6.348254025696603,2.3877283210322906,COTO,cotonou,6.352268,2.402957,1742.408454248462,21238.37353,9.0,100.0,109.0,570.0,10,13.316822528839111,255.14752472561278,3.143201846446622,3.3168225288391113,-0.0002204344097503833,0.4127637167049564,-7.763039591111398e-05,0.4075949125469281,0.0030748450380833274,0.11816509505110734,1,-1.0,-1.0,0,0,4,7,1,31.0,75.0,cotonou/COTO,288.9775799261479,69.3,72.8,0.11312408341743585
6.360993899409786,2.408268396684075,COTO,cotonou,6.352268,2.402957,1129.8308592314875,21238.37353,9.0,100.0,109.0,570.0,10,14.621192455291748,31.17159226036597,4.7750352152008855,4.621192455291748,0.0007948328323013511,0.4632047420259417,0.0008395541904770893,0.45192508519937563,0.0010567537927662941,0.03780095997641308,1,-1.0,-1.0,0,0,5,6,1,32.0,67.0,cotonou/COTO,264.2872471383624,62.5,70.5,0.232447775075033
6.3635837777849655,2.385301524157642,COTO,cotonou,6.352268,2.402957,2319.850596186207,21238.37353,9.0,100.0,109.0,570.0,10,12.836711883544922,302.81846506756756,2.3736864836652103,2.836711883544922,-0.0005250128223865314,0.9080472249683543,-0.0003694515188032062,0.9150504847341473,-0.0015388753679063585,0.07504409396488892,1,-1.0,-1.0,0,0,8,7,1,33.0,63.0,cotonou/COTO,376.3702126895599,66.2,62.4,0.6603173576278154
6.377077252254621,2.3611784254761994,COTO,cotonou,6.352268,2.402957,5375.217931293565,21238.37353,9.0,100.0,109.0,570.0,10,12.920606851577759,300.8610511646811,1.0240250042302448,2.920606851577759,-0.00014562677454065388,1.2171183975362345,-0.0001574141886476225,1.2139474705894395,-0.00028902498558103874,0.024750986196277216,1,-1.0,-1.0,0,0,1,11,1,31.0,75.0,cotonou/COTO,238.48215027541633,76.1,77.1,0.23039516520424907
6.3667363203961385,2.4134459304401283,COTO,cotonou,6.352268,2.402957,1976.5609727800581,21238.37353,9.0,100.0,109.0,570.0,10,14.411943435668945,35.7720689055098,2.739791558177097,4.411943435668945,0.0003508638562395532,0.4188790417118405,0.0003319739126691631,0.4173333764120995,-0.001021893819173177,0.037568229149291976,1,-1.0,-1.0,0,0,5,9,1,32.0,63.0,cotonou/COTO,281.80230889756126,65.5,57.9,0.2450167253451897
6.360406953291829,2.3635639996403675,COTO,cotonou,6.352268,2.402957,4450.397264496685,21238.37353,9.0,100.0,109.0,570.0,10,12.22036337852478,281.7459628364502,1.2457743770719822,2.2203633785247803,-0.0003235876210211629,1.0039422052076126,-0.00032592440634874275,1.0100747018838234,0.0005360095087482983,0.017922830918738943,1,-1.0,-1.0,0,0,0,12,1,33.0,39.0,cotonou/COTO,326.35698935364053,61.3,68.1,0.5837210696250588
6.356250786019701,2.375946844048257,COTO,cotonou,6.352268,2.402957,3020.691025202891,21238.37353,9.0,100.0,109.0,570.0,10,14.18038034439087,278.44071102234574,1.7979265891167693,4.180380344390869,0.00016211944414165725,0.5369907442280276,0.0001774475022978132,0.533503605465984,0.0012088550334882133,0.04196567189083712,1,-1.0,-1.0,0,0,6,11,1,31.5,70.0,cotonou/COTO,243.1128071492526,59.2,56.3,0.3667875594908465
6.378128726373943,2.3747035031077357,COTO,cotonou,6.352268,2.402957,4236.769801470492,21238.37353,9.0,100.0,109.0,570.0,10,11.771234154701233,312.6462688407476,1.3146384041741725,1.771234154701233,-0.0004544031172291215,1.157313474360288,-0.00044862309813777334,1.1586114595239054,0.00023476680119832358,0.008808540676974057,1,-1.0,-1.0,0,0,1,1,1,31.0,63.0,cotonou/COTO,74.10445128334986,85.6,81.4,0.5605099592857321
6.370169224470061,2.3980121417036777,COTO,cotonou,6.352268,2.402957,2053.864594668332,21238.37353,9.0,100.0,109.0,570.0,10,12.247134447097778,344.64909005218163,2.6970793011512058,2.2471344470977783,-0.0007052449212558027,0.7822196298559623,-0.0007669521609382449,0.8399949932304223,-0.0021652936935424804,0.10086184925074136,1,-1.0,-1.0,0,0,1,0,1,31.7,72.0,cotonou/COTO,390.0382688916548,86.5,69.0,0.15498200730788725
6.374891394884772,2.3572268778435403,COTO,cotonou,6.352268,2.402957,5644.2781969500065,21238.37353,9.0,100.0,109.0,570.0,10,13.693313837051392,296.4658481637368,0.9673782527945021,3.6933138370513916,-2.4122746112695607e-06,1.313267162058995,-2.4884283230078297e-05,1.3099556633986909,-0.0015937853323819537,0.054356345717938875,0,-1.0,5259.69811940231,0,3,0,2,1,31.5,72.0,cotonou/COTO,315.24390842648114,63.4,72.1,0.9601325746747412
6.348566709958778,2.380642693896277,COTO,cotonou,6.352268,2.402957,2502.5770036154545,21238.37353,9.0,100.0,109.0,570.0,10,12.225592136383057,260.52619545534867,2.214518792196786,2.2255921363830566,-0.0005878568641723149,0.6601830978049569,-0.0013319322536158008,0.8721276731449957,-0.01625214467446009,0.8735295713472415,1,-1.0,-1.0,0,0,0,3,1,32.0,71.0,cotonou/COTO,145.83304872345087,55.9,75.4,0.17306103723479715
6.35646149555373,2.4107406871469017,COTO,cotonou,6.352268,2.402957,978.1149265726363,21238.37353,9.0,100.0,109.0,570.0,10,15.447038173675537,61.5381239043175,5.463502819935335,5.447038173675537,0.0017654634743750806,0.5120350792066647,0.0013440663781424072,0.5309723041498683,-0.0016316788685051147,0.10148129798748053,1,-1.0,-1.0,0,0,4,10,1,32.0,71.0,cotonou/COTO,108.9214896151932,58.7,54.0,0.029911074589736963
6.3528666866995565,2.391927038840211,COTO,cotonou,6.352268,2.402957,1222.1551367700536,21238.37353,9.0,100.0,109.0,570.0,10,14.910414218902588,273.12663115461515,4.402324330462946,4.910414218902588,0.0009783925079717868,0.36878107094961826,0.0012402528368817124,0.3774668649377498,0.004405593053023458,0.07706668602164847,1,-1.0,-1.0,0,0,5,11,1,31.0,71.0,cotonou/COTO,384.59858190063676,54.4,65.2,0.01760703270045405
6.3552196652875,2.393584708067286,COTO,cotonou,6.352268,2.402957,1087.1154650594215,21238.37353,9.0,100.0,109.0,570.0,10,15.522439002990723,287.582973650866,4.914591136678559,5.522439002990723,0.0016355383503544436,0.6219925557651315,0.001659978325478546,0.6284126812109959,0.0004505852930638113,0.027505790365015353,1,-1.0,-1.0,0,0,3,3,1,31.0,71.0,cotonou/COTO,279.6517178563703,62.9,57.1,0.5231760058589942
6.380062204719921,2.3660534349040696,COTO,cotonou,6.352268,2.402957,5110.567890361898,21238.37353,9.0,100.0,109.0,570.0,10,13.239612340927124,307.15801551712667,1.0734666251606906,3.239612340927124,-9.110703570568539e-05,1.1273769050033517,-8.107858362787743e-05,1.1242561738638792,0.0008379404954283446,0.030098170682022696,1,-1.0,-1.0,0,0,1,5,1,30.7,55.0,cotonou/COTO,398.73109698140775,66.5,66.5,0.11113980340950269
6.378524360392571,2.3746457478076843,COTO,cotonou,6.352268,2.402957,4271.108509042714,21238.37353,9.0,100.0,109.0,570.0,10,11.782423734664917,313.021656690154,1.3039226578090004,1.782423734664917,-0.0004486171793548655,1.1622489851878774,-0.00043568199216166635,1.1629029726117732,0.0004713499254886027,0.017409342344406636,1,-1.0,-1.0,0,0,2,7,1,32.1,54.0,cotonou/COTO,389.1226866940447,70.5,81.4,0.9665612887217552
6.3698119482088735,2.3619901289450844,COTO,cotonou,6.352268,2.402957,4930.306754629078,21238.37353,9.0,100.0,109.0,570.0,10,12.347612380981445,293.31348099595715,1.123066967110486,2.3476123809814453,-0.0002746220309324939,1.4663183244262337,-0.00021147158596928755,1.4622214541477752,0.004507220924673381,0.14716906211038458,1,-1.0,-1.0,0,0,0,16,1,32.0,71.0,cotonou/COTO,298.34231362650223,73.3,78.0,0.5588867377864827
6.3545083084327585,2.394650090359809,COTO,cotonou,6.352268,2.402957,951.8861185202044,21238.37353,9.0,100.0,109.0,570.0,10,15.33803939819336,285.1825721500907,5.6195966337147745,5.338039398193359,0.0016990082959334055,0.5563678978603082,0.0016277095850776222,0.5671548422152045,0.0003246201409233941,0.013141942314699425,1,-1.0,-1.0,0,0,0,14,1,31.0,71.0,cotonou/COTO,355.40979741691933,62.9,54.4,0.025421687342254806
6.383698055369226,2.3668770676202615,COTO,cotonou,6.352268,2.402957,5292.9588148630655,21238.37353,9.0,100.0,109.0,570.0,10,14.20649766921997,311.237570764527,1.0260210264681688,4.206497669219971,8.642513967276913e-05,1.1112855311385694,6.214471280685797e-05,1.108956499036164,-0.0019493142763773598,0.09774739352678999,0,5091.423308886316,5070.209045099289,3,2,3,1,1,34.0,32.0,cotonou/COTO,379.59078834977134,55.8,68.0,0.6656377614952744
6.351149534118121,2.4146085635534384,COTO,cotonou,6.352268,2.402957,1295.0572243318593,21238.37353,9.0,100.0,109.0,570.0,10,15.777072429656982,95.51619354980141,4.117256938480368,5.777072429656982,0.0008078279926090026,0.6956716041709605,0.0012749422268376847,0.6901581060942127,-0.005900569411324976,0.2531290148335446,1,-1.0,-1.0,0,0,0,13,1,29.8,77.0,cotonou/COTO,285.3045504368927,58.1,75.1,0.21222906084691195
6.370934154630379,2.3902596008857078,COTO,cotonou,6.352268,2.402957,2496.9296236440923,21238.37353,9.0,100.0,109.0,570.0,10,11.956919074058533,325.9401283615313,2.225678263708821,1.9569190740585327,-0.0006944731587455387,0.7896188739617324,-0.0006962058590907677,0.8099018950933726,-0.0005649169286092121,0.02106560473321362,1,-1.0,-1.0,0,0,2,9,1,32.0,63.0,cotonou/COTO,292.9664112146319,61.2,84.9,0.9176694729572386
6.3798953810767545,2.3719283795334847,COTO,cotonou,6.352268,2.402957,4595.607528790268,21238.37353,9.0,100.0,109.0,570.0,10,11.954633474349976,311.85914183314503,1.2097342114251919,1.9546334743499756,-0.0003792982596855659,1.1568037632514712,-0.0003263421771192186,1.1548125947926464,0.002687226163815686,0.0850847542399474,1,-1.0,-1.0,0,0,0,2,1,30.0,70.0,cotonou/COTO,333.8960444509769,78.2,66.5,0.08443639815958126
6.373901743542679,2.3622925467036087,COTO,cotonou,6.352268,2.402957,5095.598475618152,21238.37353,9.0,100.0,109.0,570.0,10,12.742464780807495,298.1625727172029,1.0822074510097157,2.742464780807495,-0.0001841169378732257,1.3221379867094984,-0.0001132287088728178,1.314716389225876,0.005326250836724989,0.1265551848641748,1,-1.0,-1.0,0,0,1,10,1,31.5,72.0,cotonou/COTO,349.29744130181854,63.4,76.5,0.8786323805816024
6.354254773721964,2.415246242443494,COTO,cotonou,6.352268,2.402957,1377.3236340622916,21238.37353,9.0,100.0,109.0,570.0,10,15.435359001159668,80.76012704694875,3.8862582925643183,5.435359001159668,0.0012522789133782163,0.5325406530353664,0.0012534104315509104,0.5418052180710125,0.000829427816713708,0.0182636496449858,1,-1.0,-1.0,0,0,0,10,1,29.8,77.0,cotonou/COTO,331.6003083532061,58.1,69.85,0.9344878261624323
6.371224340469046,2.3925246596431875,COTO,cotonou,6.352268,2.402957,2393.088272849701,21238.37353,9.0,100.0,109.0,570.0,10,12.382416725158691,331.3242890822205,2.311981102093619,2.3824167251586914,-0.0005629677373750912,0.6785334380818429,-0.0005449355846414596,0.7144743816061446,-0.0010261131284339427,0.05167377326144891,1,-1.0,-1.0,0,0,1,11,1,33.0,67.0,cotonou/COTO,340.2779183256066,86.3,82.1,0.8319149201496099
6.370161885541502,2.3924389073502965,COTO,cotonou,6.352268,2.402957,2295.6594697270957,21238.37353,9.0,100.0,109.0,570.0,10,12.616134881973267,329.70776324396314,2.404166340327969,2.6161348819732666,-0.00047223227364676334,0.5944508657832819,-0.0005533547341069088,0.6413005695457568,-0.0025925099849700927,0.12388051828049332,1,-1.0,-1.0,0,0,4,3,1,32.0,63.0,cotonou/COTO,247.7688085695969,61.2,82.1,0.35667574110669
6.349007435834622,2.3806090506996473,COTO,cotonou,6.352268,2.402957,2498.750939299623,21238.37353,9.0,100.0,109.0,570.0,10,12.365355968475342,261.6498236174614,2.2147062997177334,2.365355968475342,-0.0005323950260404556,0.6003396365974417,-0.0009090457160014701,0.6518232953376251,-0.011778749124632856,0.416124820109,1,-1.0,-1.0,0,0,0,4,1,32.0,71.0,cotonou/COTO,145.83304872345087,55.9,75.4,0.5094930035280582
6.370989053136109,2.364004858393854,COTO,cotonou,6.352268,2.402957,4781.105067708435,21238.37353,9.0,100.0,109.0,570.0,10,11.940459847450256,295.8103167033654,1.1629818173621755,1.9404598474502563,-0.00036802741388479877,1.4319640919537426,-0.00033956892001702925,1.4296537422690467,0.002374728520711263,0.09046458078813996,1,-1.0,-1.0,0,0,0,3,1,31.5,72.0,cotonou/COTO,319.6896352714521,78.0,78.0,0.22037874555658243
6.372043591881804,2.3903902961973094,COTO,cotonou,6.352268,2.402957,2591.4890812372537,21238.37353,9.0,100.0,109.0,570.0,10,12.104864835739136,327.72616581635293,2.1412775520515104,2.1048648357391357,-0.0006385710920926742,0.7959304036193897,-0.000616679209448425,0.8251745434022706,-0.0002952893575032552,0.0321057079014976,1,-1.0,-1.0,0,0,1,12,1,33.0,67.0,cotonou/COTO,357.773164030067,81.4,84.9,0.6838987396740877
6.369891848086401,2.3986729501471036,COTO,cotonou,6.352268,2.402957,2005.791385409379,21238.37353,9.0,100.0,109.0,570.0,10,12.360013723373413,346.4186137436996,2.7584049073710832,2.360013723373413,-0.0006788885107906264,0.7341152127223128,-0.0007436949529923971,0.7833671655859032,-0.003139149407174201,0.08154582088509017,1,-1.0,-1.0,0,0,1,2,1,32.0,63.0,cotonou/COTO,390.0382688916548,69.0,86.5,0.6410647694125121
6.353684613283991,2.3735852376492357,COTO,cotonou,6.352268,2.402957,3253.4780338981004,21238.37353,9.0,100.0,109.0,570.0,10,14.280519962310791,272.77992125320566,1.6675981455219377,4.280519962310791,0.00017539098722125417,0.38483462463055124,0.0001948295770822703,0.3816275872849373,0.0005953987439473471,0.03708230724028649,1,-1.0,-1.0,0,0,2,10,1,33.0,63.0,cotonou/COTO,377.7671008703886,74.7,61.8,0.49841567176213497
6.36304584249909,2.3659190484036743,COTO,cotonou,6.352268,2.402957,4267.676046676484,21238.37353,9.0,100.0,109.0,570.0,10,11.535930275917053,286.32182995588556,1.3082786139446119,1.5359302759170532,-0.0005060748620466752,1.1820256907734605,-0.000501726540660553,1.1928042210625132,-0.0003108263260588905,0.013063099271339659,1,-1.0,-1.0,0,0,2,4,1,33.0,39.0,cotonou/COTO,309.4591612797848,63.0,58.0,0.17269893578289497
6.352758792956182,2.4118860230455423,COTO,cotonou,6.352268,2.402957,989.4015708091637,21238.37353,9.0,100.0,109.0,570.0,10,14.977849960327148,86.83395290608502,5.428476896175605,4.977849960327148,0.0012859607904102,0.45374600513485197,0.0013274594715663366,0.46958713349965486,0.002135382758246528,0.08250189055735749,1,-1.0,-1.0,0,0,1,6,1,30.0,75.0,cotonou/COTO,374.95826287725737,75.1,70.9,0.8885057003751868
6.345935184522493,2.400631665433785,COTO,cotonou,6.352268,2.402957,746.0948440274553,21238.37353,9.0,100.0,109.0,570.0,10,11.939920902252197,200.04897398037903,7.412028364757689,1.9399209022521973,-0.002392525406041904,0.5395873139020578,-0.0026605551289241394,0.6361858266419462,-0.006195000504833586,0.17801124220462541,1,-1.0,-1.0,0,0,5,11,1,31.0,71.0,cotonou/COTO,393.11085268658167,75.8,69.1,0.5004731345981009
6.372876364354618,2.3906471578366513,COTO,cotonou,6.352268,2.402957,2654.9742042856697,21238.37353,9.0,100.0,109.0,570.0,10,12.219404458999634,329.30547426102146,2.0876532483627344,2.219404458999634,-0.0005571486798118563,0.8094311159091213,-0.0005704502482990642,0.8341201671601967,-0.0008412758509318034,0.04088383421913333,1,-1.0,-1.0,0,0,1,14,1,33.0,67.0,cotonou/COTO,357.773164030067,84.9,81.4,0.5864819333174953
6.362819495199414,2.364335449218117,COTO,cotonou,6.352268,2.402957,4429.523765487025,21238.37353,9.0,100.0,109.0,570.0,10,11.61020803451538,285.3726780234837,1.2595316026580865,1.6102080345153809,-0.0004692545306839109,1.1939691262393783,-0.0004617819786071777,1.2107739284829566,0.00024102330207824706,0.015458119799270755,1,-1.0,-1.0,0,0,3,2,1,33.0,39.0,cotonou/COTO,239.71117558433022,63.0,60.2,0.6189489634967688
6.347776896893026,2.384791481495804,COTO,cotonou,6.352268,2.402957,2070.3086495831703,21238.37353,9.0,100.0,109.0,570.0,10,12.905922651290894,256.03172916987984,2.6574956901211437,2.9059226512908936,-0.0003861211106599225,0.4734714506627776,-0.0015959605084898327,0.7430526972903004,-0.027407865391837222,1.267113517021265,1,-1.0,-1.0,0,0,1,3,1,31.0,75.0,cotonou/COTO,170.17425892305585,72.8,63.1,0.4922422325648945
6.354636720365706,2.3735432329250425,COTO,cotonou,6.352268,2.402957,3264.874150235426,21238.37353,9.0,100.0,109.0,570.0,10,14.67678165435791,274.6341078107632,1.6548323925816824,4.67678165435791,0.00029726962046274896,0.40530470471063673,0.0002951263307451128,0.4023005673007232,0.00024061732821994356,0.009186160080363182,1,-1.0,-1.0,0,0,1,6,1,33.0,63.0,cotonou/COTO,377.7671008703886,74.7,61.8,0.778447166384205
6.362754083357763,2.364818143497884,COTO,cotonou,6.352268,2.402957,4376.105492437375,21238.37353,9.0,100.0,109.0,570.0,10,11.57414197921753,285.4660125444328,1.2753733917362196,1.5741419792175293,-0.00048774742826113474,1.1794189908208048,-0.00046750033241086276,1.1982367077757228,0.00045834911348814996,0.01279186949439631,1,-1.0,-1.0,0,0,4,7,1,33.0,48.0,cotonou/COTO,239.71117558433022,60.2,63.0,0.60660911116073
6.369447601947462,2.362414852586959,COTO,cotonou,6.352268,2.402957,4871.288345640086,21238.37353,9.0,100.0,109.0,570.0,10,12.140030860900879,293.0942644827524,1.1391106067021517,2.140030860900879,-0.00028305036513099415,1.474162288082422,-0.00029335758023907803,1.4716308471342707,0.003972475021793413,0.12963191375470798,1,-1.0,-1.0,0,0,0,5,1,32.0,71.0,cotonou/COTO,298.34231362650223,73.3,78.0,0.7670846014504857
6.3635684258625345,2.3750033322438,COTO,cotonou,6.352268,2.402957,3335.7142167835464,21238.37353,9.0,100.0,109.0,570.0,10,11.977343320846558,292.13594097132795,1.6660365817587277,1.9773433208465576,-0.0007687506155182106,1.1281310346292717,-0.0005079027113139897,1.1391704319794451,-0.0017847338961458961,0.07603421546517557,1,-1.0,-1.0,0,0,4,9,1,31.0,63.0,cotonou/COTO,398.79289324162653,60.5,65.7,0.29243320361960434
6.373846622045642,2.3589539513123063,COTO,cotonou,6.352268,2.402957,5421.818549746567,21238.37353,9.0,100.0,109.0,570.0,10,13.879289865493774,296.26550388022036,1.0050974829746047,3.8792898654937744,2.977693630065729e-05,1.3437277201336897,3.590138461142497e-05,1.338446461774164,4.103833499483698e-05,0.008041135709415718,1,-1.0,-1.0,0,0,2,8,1,31.5,72.0,cotonou/COTO,315.24390842648114,63.4,72.1,0.24940275213734509
6.356466080673275,2.377040369037427,COTO,cotonou,6.352268,2.402957,2904.7594529333855,21238.37353,9.0,100.0,109.0,570.0,10,13.981553316116333,279.2584120020771,1.8735511505773617,3.981553316116333,0.00010373724326356595,0.5536135462113916,0.0001488387945409409,0.5527566626001674,0.003016845913346058,0.0779873598686946,1,-1.0,-1.0,0,0,2,9,1,31.5,70.0,cotonou/COTO,247.88812658137354,59.2,62.4,0.3389994740036675
6.365480989431883,2.370274774098432,COTO,cotonou,6.352268,2.402957,3900.0095605163006,21238.37353,9.0,100.0,109.0,570.0,10,11.505881786346436,292.1377802747679,1.4320063185054142,1.5058817863464355,-0.000564432341194826,1.3221526621470352,-0.0005632717478277099,1.3400849632798548,-0.0003695116101450076,0.014352284203325023,1,-1.0,-1.0,0,0,0,3,1,30.0,55.0,cotonou/COTO,257.5295687877015,62.5,62.4,0.5494715941516
6.370430930265072,2.361268572719574,COTO,cotonou,6.352268,2.402957,5030.730841124785,21238.37353,9.0,100.0,109.0,570.0,10,12.793999910354614,293.6740865211123,1.0955716230764974,2.7939999103546143,-0.00017034959360163142,1.4511340339524073,-0.00015668541777367687,1.4429605363652476,0.002311531702677409,0.08709432901697535,1,-1.0,-1.0,0,0,2,12,1,32.0,71.0,cotonou/COTO,298.34231362650223,78.0,73.3,0.7948172943265919
6.382705130397946,2.3653797998064277,COTO,cotonou,6.352268,2.402957,5349.217635707777,21238.37353,9.0,100.0,109.0,570.0,10,13.984398365020752,309.1827065114151,1.0176105929769268,3.984398365020752,5.245439986823706e-05,1.097934897136187,4.186805193059913e-05,1.0966330703945462,-0.0008395761291252529,0.025679939114774668,0,-1.0,5199.1393854073585,0,5,3,6,1,33.0,28.0,cotonou/COTO,379.59078834977134,68.0,55.8,0.8597193661657522
6.372614111670169,2.3892497159748385,COTO,cotonou,6.352268,2.402957,2713.4079757442405,21238.37353,9.0,100.0,109.0,570.0,10,11.953895092010498,326.1962418124068,2.0483330333082335,1.953895092010498,-0.0006421598322662241,0.891335089020165,-0.000634234524115012,0.9145507531618268,-0.00020101169745127362,0.01758781955359072,1,-1.0,-1.0,0,0,0,6,1,33.0,67.0,cotonou/COTO,271.69843466620387,73.3,84.9,0.28180852550298663
6.355268516121426,2.390478355436351,COTO,cotonou,6.352268,2.402957,1419.9552092681038,21238.37353,9.0,100.0,109.0,570.0,10,15.652530670166016,283.60137900356756,3.76119692524187,5.652530670166016,0.0012665608861017216,0.6570773678485706,0.0010821257966778463,0.6494254968197944,-0.00528854025857093,0.18605073790700083,1,-1.0,-1.0,0,0,2,13,1,32.6,66.0,cotonou/COTO,308.25641307206246,58.2,68.3,0.9299196574622833
6.372960554102202,2.363351440384862,COTO,cotonou,6.352268,2.402957,4943.432553381176,21238.37353,9.0,100.0,109.0,570.0,10,12.362553834915161,297.73327781158275,1.1199126516558742,2.362553834915161,-0.00027160355539032903,1.350372053128364,-0.00021379262505177784,1.3439871167355706,0.0030370727519191294,0.058504291479022974,1,-1.0,-1.0,0,0,1,0,1,31.0,75.0,cotonou/COTO,325.1163282580652,76.5,78.0,0.41299417264373717
6.361651974705541,2.3838301988973334,COTO,cotonou,6.352268,2.402957,2356.937719024253,21238.37353,9.0,100.0,109.0,570.0,10,13.251027584075928,296.2745130047978,2.3263224284892194,3.2510275840759277,-0.00016138806483699885,0.8633574072383601,-0.00021158020192213012,0.8750318989710707,-9.022752443949383e-05,0.014712735266455185,1,-1.0,-1.0,0,0,0,14,1,31.7,62.0,cotonou/COTO,318.97004498850305,54.4,75.2,0.4723327207406608
6.370942729277807,2.3927429859206844,COTO,cotonou,6.352268,2.402957,2354.1649420013946,21238.37353,9.0,100.0,109.0,570.0,10,12.486603498458862,331.47315836870723,2.3476330157594862,2.4866034984588623,-0.0005149316184128387,0.661208661166913,-0.0005450924728142382,0.699255319518506,-0.0013903180758158364,0.0654183931386949,1,-1.0,-1.0,0,0,1,4,1,32.0,63.0,cotonou/COTO,247.7688085695969,61.2,82.1,0.7320813835611323
6.35455,2.397070337391978,COTO,cotonou,6.352268,2.402957,698.484788949965,21238.37353,9.0,100.0,109.0,570.0,10,15.460685729980469,291.30867503209663,7.627524689792277,5.460685729980469,0.00238499203970999,0.5795188141533034,0.0022921656703570187,0.5941270972045655,0.0014024065067525548,0.0690072666074299,1,-1.0,-1.0,0,0,4,12,1,31.0,71.0,cotonou/COTO,375.179999999993,62.9,62.1,0.6953660923012428
6.360096359240139,2.3625815273367667,COTO,cotonou,6.352268,2.402957,4550.246011773743,21238.37353,9.0,100.0,109.0,570.0,10,12.364523649215698,281.0413124675245,1.2166315269834276,2.3645236492156982,-0.000294400830017893,0.9196255558160201,-0.00027006513227542433,0.9312663971513482,0.0010529652641014637,0.020147156899204495,1,-1.0,-1.0,0,0,1,13,1,33.0,48.0,cotonou/COTO,363.6499594390807,68.1,60.2,0.08886149200626337
6.365753198928818,2.4144568237003114,COTO,cotonou,6.352268,2.402957,1960.3060970227843,21238.37353,9.0,100.0,109.0,570.0,10,14.782427787780762,40.2815391740661,2.751671434135661,4.782427787780762,0.0005431496735775112,0.40497628096859517,0.0004240722798589452,0.40436455632636437,-0.003120401170518663,0.127617716982502,1,-1.0,-1.0,0,0,1,8,1,32.0,63.0,cotonou/COTO,281.80230889756126,65.5,57.9,0.8004525825887092
6.362631897059589,2.3985537431051527,COTO,cotonou,6.352268,2.402957,1245.3646194780852,21238.37353,9.0,100.0,109.0,570.0,10,14.75169563293457,337.10823246778966,4.327853842876815,4.75169563293457,0.000829130316537524,0.3903457946149706,-0.00016392261385261858,0.38269487815010356,-0.012010756101138774,0.21815138836820971,1,-1.0,-1.0,0,0,3,12,1,32.0,71.0,cotonou/COTO,392.99957175554596,56.6,68.1,0.06076064855953356
6.364264510925045,2.363379763258724,COTO,cotonou,6.352268,2.402957,4575.359724558573,21238.37353,9.0,100.0,109.0,570.0,10,11.638168811798096,286.9635030650642,1.2190473684106247,1.6381688117980957,-0.000450723882853855,1.2918300367591595,-0.0004412365472444924,1.3028458390136977,0.00017486115296681722,0.008977231386706813,1,-1.0,-1.0,0,0,0,0,1,30.1,50.0,cotonou/COTO,329.2530191203894,61.3,60.2,0.5476234152391884
6.3606959868825985,2.362780117842147,COTO,cotonou,6.352268,2.402957,4541.817582504735,21238.37353,9.0,100.0,109.0,570.0,10,12.192853927612305,281.9206874949348,1.221053257616923,2.1928539276123047,-0.00033204769879056694,1.0383461650033343,-0.00034081497233667417,1.0504068699795432,-0.00024083654085795084,0.030934880733079824,0,-1.0,4123.132995740771,0,3,0,0,1,33.0,48.0,cotonou/COTO,363.6499594390807,68.1,60.2,0.28166780790951373
6.377820162523707,2.3747951080007743,COTO,cotonou,6.352268,2.402957,4206.298987162599,21238.37353,9.0,100.0,109.0,570.0,10,11.761256575584412,312.3963547724625,1.3242942226759138,1.7612565755844116,-0.00045998460012124787,1.1524292588898852,-0.0004542500580550276,1.1540284046900917,0.00013206884799573198,0.004658379040901708,1,-1.0,-1.0,0,0,0,2,1,31.0,63.0,cotonou/COTO,74.10445128334986,81.4,85.6,0.921621056706985
6.370346121999066,2.3902575089588938,COTO,cotonou,6.352268,2.402957,2443.57632486104,21238.37353,9.0,100.0,109.0,570.0,10,11.920937657356262,325.07975826961405,2.27506581759728,1.9209376573562622,-0.000726038120626434,0.7672449229834332,-0.0007208578643344698,0.8115025426093164,-0.0007174164056777954,0.03144813447922378,1,-1.0,-1.0,0,0,1,0,1,33.0,67.0,cotonou/COTO,137.85914006689853,86.3,84.9,0.4017537182359052
6.354747150515185,2.3737760066833715,COTO,cotonou,6.352268,2.402957,3240.2137891081334,21238.37353,9.0,100.0,109.0,570.0,10,14.729317665100098,274.88753724027686,1.6664915829610476,4.729317665100098,0.0003158279939196741,0.412002696644417,0.0003063409256212639,0.4090824327554247,0.0002174324459499783,0.011138350983835405,1,-1.0,-1.0,0,0,2,2,1,33.0,63.0,cotonou/COTO,313.5332494330497,78.1,61.8,0.7536975153965441
6.354796849552779,2.390630945478673,COTO,cotonou,6.352268,2.402957,1392.1374584303321,21238.37353,9.0,100.0,109.0,570.0,10,15.730301856994629,281.66446061243226,3.83294462020796,5.730301856994629,0.0014349719311328641,0.6369869612357344,0.0012836049203159045,0.6397559052040686,-0.0013743996620178224,0.07223875052944931,1,-1.0,-1.0,0,0,3,14,1,31.0,71.0,cotonou/COTO,295.36221914797846,54.4,68.3,0.8695159229395454
6.36859933707953,2.40075,COTO,cotonou,6.352268,2.402957,1822.4802950346957,21238.37353,9.0,100.0,109.0,570.0,10,13.399852275848389,352.35066548530716,3.0027590741815664,3.3998522758483887,-0.0001865640336797997,0.5617248488815639,-0.0005227543175145915,0.5865329365498115,-0.008586134095167805,0.16889978179997822,1,-1.0,-1.0,0,0,3,12,1,32.0,63.0,cotonou/COTO,305.25,66.0,69.0,0.8470316652838342
6.353471730659961,2.3735946295297077,COTO,cotonou,6.352268,2.402957,3251.391860405992,21238.37353,9.0,100.0,109.0,570.0,10,14.150378704071045,272.36367839473303,1.6709589050529727,4.150378704071045,0.00013559243730084243,0.36918529616664497,0.00016117904995296807,0.36662829975316236,0.0007068872451782227,0.04131562478018254,1,-1.0,-1.0,0,0,2,12,1,29.6,72.0,cotonou/COTO,377.7671008703886,61.8,74.7,0.5641968647172242
6.384822392116686,2.3754774400293837,COTO,cotonou,6.352268,2.402957,4712.118254586609,21238.37353,9.0,100.0,109.0,570.0,10,13.171608209609985,320.00812941688275,1.1650398770648214,3.1716082096099854,-0.0001129500473601909,1.037206287034736,-7.628267194458077e-05,1.0342206600827586,0.0023988102392524875,0.06784210085304586,1,-1.0,-1.0,0,0,1,7,1,32.1,54.0,cotonou/COTO,342.02592664884946,70.5,70.2,0.9715558820408888
6.37320754105942,2.359063462678382,COTO,cotonou,6.352268,2.402957,5380.1493865598,21238.37353,9.0,100.0,109.0,570.0,10,13.838290214538574,295.64388865255677,1.0133168183058905,3.838290214538574,2.4314588970608135e-05,1.3693649739285503,3.869103255049077e-05,1.3668476163003815,0.0015461180013212883,0.05433005160033951,1,-1.0,-1.0,0,0,0,6,1,31.5,72.0,cotonou/COTO,246.89454307456222,63.4,65.2,0.2546345239066672
6.379221884907162,2.373042195691743,COTO,cotonou,6.352268,2.402957,4454.117325322947,21238.37353,9.0,100.0,109.0,570.0,10,11.845342516899109,312.19746862122065,1.2495560547189173,1.8453425168991089,-0.0004164762678295708,1.1567671810969018,-0.0004014766768903922,1.1570643391784687,0.0006227999925613404,0.02875401743066241,1,-1.0,-1.0,0,0,0,9,1,30.0,70.0,cotonou/COTO,377.7671008703648,78.2,85.6,0.3278310614991887
6.350627488779054,2.3905283743821744,COTO,cotonou,6.352268,2.402957,1387.02833489579,21238.37353,9.0,100.0,109.0,570.0,10,14.1504545211792,262.43552048711314,3.911983022861607,4.150454521179199,0.0003145128277176661,0.32204825989045377,0.0003709791098139253,0.3184459710799723,0.0016079155510291515,0.05478247214568171,1,-1.0,-1.0,0,0,2,7,1,31.8,66.0,cotonou/COTO,253.66596638093372,65.2,73.7,0.44372194763297124
6.3645364829280195,2.3724471519746957,COTO,cotonou,6.352268,2.402957,3638.0415965797574,21238.37353,9.0,100.0,109.0,570.0,10,11.708569645881653,292.0301611354055,1.531884633989263,1.7085696458816528,-0.0005460168820261305,1.2364203487782175,-0.0005547737861003648,1.2470853684863816,-0.0006182571739659986,0.01980523370841841,1,-1.0,-1.0,0,0,2,10,1,31.0,63.0,cotonou/COTO,320.12677113920535,60.5,66.8,0.5849810311328381
6.355419361500109,2.3769724650619217,COTO,cotonou,6.352268,2.402957,2895.980907547908,21238.37353,9.0,100.0,109.0,570.0,10,14.077602863311768,276.9587252763589,1.8773280943909352,4.077602863311768,0.0001273578794551469,0.4868210645743639,0.0001586391468240757,0.48447461327030295,0.0009263833363850911,0.04868818164063747,1,-1.0,-1.0,0,0,3,6,1,29.6,72.0,cotonou/COTO,350.5649932608698,56.3,62.4,0.5905336736928851
6.360080661850959,2.3625763285229864,COTO,cotonou,6.352268,2.402957,4550.480851511297,21238.37353,9.0,100.0,109.0,570.0,10,12.364523649215698,281.01833549289825,1.2165687583292548,2.3645236492156982,-0.0002944008300178929,0.917601589393889,-0.000270444148901538,0.9292858098992091,0.0010335090772942916,0.020147156899204495,1,-1.0,-1.0,0,0,1,13,1,33.0,48.0,cotonou/COTO,363.6499594390807,68.1,60.2,0.08381409998676204
6.378861990757976,2.373480400141909,COTO,cotonou,6.352268,2.402957,4391.45897282704,21238.37353,9.0,100.0,109.0,570.0,10,11.813566088676453,312.23491699221336,1.267793622477324,1.8135660886764526,-0.0004197420987130954,1.1573335501750843,-0.00041927453814973536,1.1579031785525966,0.0005874805086968517,0.021607826330622717,1,-1.0,-1.0,0,0,2,5,1,31.0,63.0,cotonou/COTO,377.7671008703648,85.6,78.2,0.505551276840623
6.363561141755456,2.3842052935856795,COTO,cotonou,6.352268,2.402957,2421.5691843170007,21238.37353,9.0,100.0,109.0,570.0,10,12.849953889846802,301.21577395425976,2.2737733709752153,2.8499538898468018,-0.00036609057223991204,0.9100068801852814,-0.0004191973123205714,0.9314463268929173,-0.0028849204381306962,0.10599980221304016,0,-1.0,2295.3952388415655,0,2,3,13,1,33.0,63.0,cotonou/COTO,376.3702126895599,66.2,62.4,0.9836892077641535
6.362697747133446,2.36523386598078,COTO,cotonou,6.352268,2.402957,4330.1081930516475,21238.37353,9.0,100.0,109.0,570.0,10,11.590038537979126,285.5482425439677,1.288706476837842,1.590038537979126,-0.0004831228903474749,1.1726902875601837,-0.000486832397632677,1.1832705155354213,-0.00013483248423215054,0.009170027169042258,1,-1.0,-1.0,0,0,3,9,1,33.0,39.0,cotonou/COTO,239.71117558433022,63.0,60.2,0.19912804636464587
6.370151166240094,2.405146130484611,COTO,cotonou,6.352268,2.402957,1992.4378933702585,21238.37353,9.0,100.0,109.0,570.0,10,13.81818675994873,6.93635141731005,2.7350279521291427,3.8181867599487305,5.53210576375326e-05,0.4768495110353259,-2.6894306791001434e-05,0.4917212350823705,-0.0014543692270914716,0.0764366509929496,1,-1.0,-1.0,0,0,0,9,1,32.0,75.0,cotonou/COTO,258.69668668155117,68.0,75.5,0.47143992237542287
6.360192450829445,2.3960553646195475,COTO,cotonou,6.352268,2.402957,1162.3526438697106,21238.37353,9.0,100.0,109.0,570.0,10,14.154365539550781,319.1217246188281,4.664885223558209,4.154365539550781,0.00038237103030212935,0.3732980478148564,0.00018509946218351044,0.3808367847973664,-0.0024411307440863716,0.10985088348388672,1,-1.0,-1.0,0,0,4,1,1,33.0,63.0,cotonou/COTO,391.6664531205258,68.1,58.3,0.340996572960353
6.348463326120683,2.3798059666142746,COTO,cotonou,6.352268,2.402957,2595.779742145621,21238.37353,9.0,100.0,109.0,570.0,10,10.270606219768524,260.6120379077965,2.1781710125259846,0.27060621976852417,-0.0013166226874822857,0.9434029779812977,-0.0012870356607972905,1.0643491017330224,0.0,0.0,1,-1.0,-1.0,0,0,0,0,1,32.0,71.0,cotonou/COTO,310.65923598055264,55.9,66.5,0.30831530170601895
6.364912108135758,2.371310036347168,COTO,cotonou,6.352268,2.402957,3770.274719718708,21238.37353,9.0,100.0,109.0,570.0,10,11.598401188850403,291.9023372063425,1.479854896955672,1.5984011888504028,-0.000561214227505284,1.271673987605555,-0.0005621920650204022,1.2925776527591626,-0.0008030613263448079,0.02958504536888389,1,-1.0,-1.0,0,0,1,6,1,31.0,63.0,cotonou/COTO,64.38956825449732,62.4,66.8,0.9963652831773939
6.365228409942732,2.3713154898265985,COTO,cotonou,6.352268,2.402957,3782.827553975547,21238.37353,9.0,100.0,109.0,570.0,10,11.555829644203186,292.4001227597066,1.4755907319863448,1.555829644203186,-0.0005646093936729932,1.3073174586460552,-0.0005707740508176998,1.3167365285907988,-0.0009181805617358548,0.025360209052807673,1,-1.0,-1.0,0,0,1,2,1,33.0,49.0,cotonou/COTO,64.38956825449732,66.8,62.4,0.5489826598833729
6.355089621663603,2.375120721573764,COTO,cotonou,6.352268,2.402957,3095.5803183812945,21238.37353,9.0,100.0,109.0,570.0,10,14.489458084106445,275.82507791003354,1.74874273757875,4.489458084106445,0.0002507905929516523,0.43975653365790035,0.00026830408308241104,0.43764159905085415,0.0013158427344428167,0.04938122591728774,1,-1.0,-1.0,0,0,2,3,1,29.6,72.0,cotonou/COTO,267.64813860748006,56.3,78.1,0.017182270807183042
6.37509143795754,2.3573777602842423,COTO,cotonou,6.352268,2.402957,5639.185168400198,21238.37353,9.0,100.0,109.0,570.0,10,13.625103950500488,296.7436137184173,0.9689446084087577,3.6251039505004883,-1.4628360658711285e-05,1.3066400375957914,-2.7300600419964682e-05,1.3002729546364735,-0.0008872588475545246,0.03845587606778529,1,-1.0,-1.0,0,0,0,4,1,32.0,71.0,cotonou/COTO,324.64606281298086,72.1,77.1,0.09754341899293406
6.366738146398294,2.4096163443172243,COTO,cotonou,6.352268,2.402957,1761.6934219121601,21238.37353,9.0,100.0,109.0,570.0,10,14.409159660339355,24.57807361969367,3.0734386877332347,4.4091596603393555,0.00038275101021820933,0.4063878295506124,0.00034637177576784227,0.4056539969636523,-0.0014078087276882595,0.05294400880676187,1,-1.0,-1.0,0,0,8,1,1,32.0,63.0,cotonou/COTO,273.522108978383,56.6,67.6,0.04175163713897423
6.352217197301203,2.3739274601140754,COTO,cotonou,6.352268,2.402957,3211.8499476425736,21238.37353,9.0,100.0,109.0,570.0,10,13.967224597930908,269.9007170235949,1.6947830426543447,3.967224597930908,8.031887772642537e-05,0.35771051014652183,5.031255103915844e-05,0.3599297373718404,-0.0019529330507353927,0.061108623757869095,1,-1.0,-1.0,0,0,0,5,1,33.0,63.0,cotonou/COTO,135.44729233169025,74.7,78.1,0.28759152051106285
6.384736171483899,2.3725256313491423,COTO,cotonou,6.352268,2.402957,4922.186878255195,21238.37353,9.0,100.0,109.0,570.0,10,12.70334267616272,317.0333057839376,1.1207799360735653,2.7033426761627197,-0.00020275732483526667,1.090816471932082,-0.0002093498965343797,1.087876129219526,-0.0008758650885687934,0.032643296133392126,1,-1.0,-1.0,0,0,2,8,1,31.8,57.0,cotonou/COTO,267.5261198461977,62.5,64.4,0.11748819565972468
6.37962289719581,2.369947886935402,COTO,cotonou,6.352268,2.402957,4742.23922219048,21238.37353,9.0,100.0,109.0,570.0,10,12.121827125549316,309.8248304138962,1.1703202215350128,2.1218271255493164,-0.00033231956154045566,1.1383345163484409,-0.0002421833406355236,1.135159277778883,0.004696491927749561,0.13645823920671918,1,-1.0,-1.0,0,0,2,7,1,30.0,70.0,cotonou/COTO,333.8960444509769,78.2,66.5,0.7490312297310673
6.371997803643613,2.3995843125925544,COTO,cotonou,6.352268,2.402957,2213.5561383511713,21238.37353,9.0,100.0,109.0,570.0,10,11.994260907173157,350.35821083649023,2.5092950579669413,1.9942609071731567,-0.0007763780812519424,0.8909624602386561,-0.0007543496918260004,0.9312636722351895,-0.00046022997962103944,0.016970279142539353,1,-1.0,-1.0,0,0,0,2,1,31.7,72.0,cotonou/COTO,364.58895828051044,86.5,87.4,0.8008928928781198
6.384915992260723,2.3750096075332214,COTO,cotonou,6.352268,2.402957,4753.535351326402,21238.37353,9.0,100.0,109.0,570.0,10,13.307938575744629,319.61243459954454,1.1532491939172294,3.307938575744629,-3.3297443695506134e-05,1.0450435666072306,-7.432267285775444e-05,1.0391541153510064,0.0016981542110443117,0.09464661939716022,1,-1.0,-1.0,0,0,2,1,1,31.8,57.0,cotonou/COTO,348.5682791075882,62.5,70.2,0.8501934819176301
6.3713187384186645,2.389954640023331,COTO,cotonou,6.352268,2.402957,2551.0759377892837,21238.37353,9.0,100.0,109.0,570.0,10,11.931666493415833,325.8513130059526,2.1790508276730955,1.9316664934158325,-0.000688110442124596,0.8325136842850668,-0.0006704573222180169,0.8494362894089766,0.00028257032991592986,0.01075401686154748,1,-1.0,-1.0,0,0,3,13,1,33.0,67.0,cotonou/COTO,271.69843466620387,84.9,73.3,0.11569228775105356
6.3708551607175306,2.390139714875282,COTO,cotonou,6.352268,2.402957,2497.220776795747,21238.37353,9.0,100.0,109.0,570.0,10,11.910059690475464,325.57664996607025,2.226492542106499,1.9100596904754639,-0.000782191455201235,0.8010364937943315,-0.0007138510715846719,0.8212387197490827,-0.0005845041609533197,0.025980940525658924,1,-1.0,-1.0,0,0,2,6,1,33.0,67.0,cotonou/COTO,137.85914006689853,84.9,86.3,0.17755312600753526
6.354191451929133,2.3892778167872275,COTO,cotonou,6.352268,2.402957,1528.3444253037305,21238.37353,9.0,100.0,109.0,570.0,10,15.21036148071289,278.0535458863248,3.5116560876998917,5.210361480712891,0.0009780968560240799,0.5712910318675241,0.0008390083253008764,0.5623353914899156,-0.002856217490302192,0.11102067997069819,1,-1.0,-1.0,0,0,3,8,1,31.0,71.0,cotonou/COTO,330.80979731559944,66.6,68.3,0.5117867742489547
6.3700036557257445,2.3984065848886664,COTO,cotonou,6.352268,2.402957,2024.933063444087,21238.37353,9.0,100.0,109.0,570.0,10,12.269933700561523,345.6952844969068,2.73491245907866,2.2699337005615234,-0.0007386378849333996,0.7452883787244574,-0.0007174910817827497,0.7968386907338927,-0.0020817180474599203,0.0937756932811716,1,-1.0,-1.0,0,0,1,1,1,31.7,72.0,cotonou/COTO,390.0382688916548,86.5,69.0,0.2767237310698839
6.357158143803363,2.374430937667777,COTO,cotonou,6.352268,2.402957,3202.121032749854,21238.37353,9.0,100.0,109.0,570.0,10,13.977563619613647,279.7880609376212,1.6997444038676062,3.9775636196136475,8.429040047238547e-05,0.5624228624330861,-2.7157042733755334e-05,0.571450401007045,-0.003993063502841526,0.15358891544460226,1,-1.0,-1.0,0,0,4,10,1,32.4,63.0,cotonou/COTO,275.910366967215,53.0,56.3,0.136960083675302
6.365924150671831,2.366090865248491,COTO,cotonou,6.352268,2.402957,4349.439693599285,21238.37353,9.0,100.0,109.0,570.0,10,11.458176136016846,290.44340075332633,1.2847167863461577,1.4581761360168457,-0.0005169690340414815,1.3618026289602625,-0.0005110498497723663,1.3748086284179748,-5.460599350767188e-05,0.0012716650990767084,1,-1.0,-1.0,0,0,2,1,1,30.1,50.0,cotonou/COTO,383.9926241478955,66.1,63.0,0.042521670020081004
6.373487074832958,2.3595483048679666,COTO,cotonou,6.352268,2.402957,5345.277445505415,21238.37353,9.0,100.0,109.0,570.0,10,13.777858972549438,296.192701479296,1.0205737365663212,3.7778589725494385,1.3196934534850773e-05,1.3524457515831427,2.935003351282193e-05,1.3499052759123,0.001869641409979926,0.07003889117356546,1,-1.0,-1.0,0,0,1,7,1,32.0,71.0,cotonou/COTO,315.24390842648114,72.1,63.4,0.9951871884636416
6.3709304808037475,2.3982158144958943,COTO,cotonou,6.352268,2.402957,2129.4638268560466,21238.37353,9.0,100.0,109.0,570.0,10,12.069113969802856,345.8301081580615,2.6062427739310396,2.0691139698028564,-0.000770230288038861,0.8257015487260368,-0.0007938401485966362,0.8754046623665707,-0.0017988870786471614,0.05593579248438518,1,-1.0,-1.0,0,0,1,1,1,31.7,72.0,cotonou/COTO,364.58895828051044,86.5,87.4,0.2725152493800277
6.362708550068125,2.365154147773145,COTO,cotonou,6.352268,2.402957,4338.927864578704,21238.37353,9.0,100.0,109.0,570.0,10,11.590038537979126,285.53233918463576,1.2860878238221656,1.590038537979126,-0.00048562940165954575,1.1714324755425394,-0.00048363933217228133,1.1918940972002257,-0.00010548730691274008,0.00828348687987215,1,-1.0,-1.0,0,0,2,9,1,33.0,39.0,cotonou/COTO,239.71117558433022,63.0,60.2,0.23637954525943228
6.372013099618575,2.393284652122298,COTO,cotonou,6.352268,2.402957,2431.699222796233,21238.37353,9.0,100.0,109.0,570.0,10,12.295861721038818,334.04168794244555,2.2773461456088646,2.2958617210388184,-0.0005736299646579152,0.8138279230224091,-0.0005448441907583947,0.8246967000082082,0.00026906331380208327,0.022390620629670316,1,-1.0,-1.0,0,0,0,5,1,31.7,72.0,cotonou/COTO,361.2210155846181,76.9,82.1,0.8134183205183081
6.372432805925516,2.357651562200706,COTO,cotonou,6.352268,2.402957,5486.18293345159,21238.37353,9.0,100.0,109.0,570.0,10,13.670392274856567,294.12744742038353,0.9954889634015993,3.6703922748565674,-3.2066886455243904e-06,1.3882408998048612,-1.1229643950591223e-05,1.3815363366240758,0.0006153715981377497,0.02961933415962507,0,-1.0,5222.318423626262,0,3,3,13,1,32.0,71.0,cotonou/COTO,246.89454307456222,65.2,63.4,0.021313949080058348
6.371428704957793,2.3924841470438767,COTO,cotonou,6.352268,2.402957,2415.0578730542898,21238.37353,9.0,100.0,109.0,570.0,10,12.353153944015503,331.48915794500067,2.2916648282750742,2.353153944015503,-0.0005704901720850733,0.700948232262578,-0.0005482634387341848,0.7334927818949368,-0.0005979855855305989,0.02780659361947755,1,-1.0,-1.0,0,0,1,12,1,33.0,67.0,cotonou/COTO,322.1257484275571,82.1,84.9,0.1658024237362965
6.365302669464644,2.371316770163183,COTO,cotonou,6.352268,2.402957,3785.8154630548092,21238.37353,9.0,100.0,109.0,570.0,10,11.555829644203186,292.5165031047635,1.4744266541202447,1.555829644203186,-0.0006165878933559931,1.3116996648548673,-0.0005694846959397723,1.3209447503440819,-0.0008631680869442797,0.028592017838967046,1,-1.0,-1.0,0,0,1,1,1,31.0,63.0,cotonou/COTO,64.38956825449732,62.4,66.8,0.32298368164736935
6.348599743791646,2.377397990126249,COTO,cotonou,6.352268,2.402957,2856.822027233981,21238.37353,9.0,100.0,109.0,570.0,10,10.30681025981903,261.7842977882928,1.978581528589419,0.30681025981903076,-0.0011806184632910622,1.3033341539475576,-0.0011684471389272369,1.336480010036684,0.0,0.0,1,-1.0,-1.0,0,0,0,0,1,33.0,63.0,cotonou/COTO,255.08273363755146,66.5,64.3,0.22262890214970277
6.373312144560216,2.354874813908638,COTO,cotonou,6.352268,2.402957,5806.508672164451,21238.37353,9.0,100.0,109.0,570.0,10,13.234651565551758,293.77054026470523,0.9448798195340145,3.234651565551758,-8.464022969585643e-05,1.3509892444852831,-8.105534274561875e-05,1.3441157914048725,-0.00018845200538635253,0.01066378245174396,0,5434.147394590778,5317.784495349006,5,22,0,5,1,31.0,63.0,cotonou/COTO,234.58846199256698,58.6,58.3,0.29011590531547204
6.379128945519403,2.373465903245169,COTO,cotonou,6.352268,2.402957,4412.469685733347,21238.37353,9.0,100.0,109.0,570.0,10,11.84745979309082,312.50582998928945,1.2613188718287422,1.8474597930908203,-0.0004188134326591148,1.1627993749004273,-0.0004006899286902476,1.1628998626229963,0.0011045503434246534,0.028151674907278157,1,-1.0,-1.0,0,0,3,8,1,30.0,70.0,cotonou/COTO,319.0936288927952,78.2,81.4,0.5270095267084041
6.384719512214904,2.3829299062055718,COTO,cotonou,6.352268,2.402957,4217.653212996915,21238.37353,9.0,100.0,109.0,570.0,10,14.852128028869629,328.47904356286693,1.278763270528471,4.852128028869629,0.00027327831481940693,0.9877427401835817,0.00025371465927515264,0.9947957365035381,-0.0003665328025817871,0.02407631145466018,1,-1.0,-1.0,0,0,3,10,1,33.0,41.0,cotonou/COTO,266.4578062283396,64.8,75.6,0.5643527103058126
6.364567334821574,2.366890213715899,COTO,cotonou,6.352268,2.402957,4215.843951402783,21238.37353,9.0,100.0,109.0,570.0,10,11.504449129104614,288.94043761899934,1.3247852948427388,1.5044491291046143,-0.0005190504154779969,1.2699434164097512,-0.0005134083730079633,1.287789580010087,5.3800145785013835e-05,0.003156376989866495,1,-1.0,-1.0,0,0,2,3,1,33.0,39.0,cotonou/COTO,309.4591612797848,63.0,58.0,0.8201424772658361
6.345789598443371,2.3993176577452946,COTO,cotonou,6.352268,2.402957,821.8344111652154,21238.37353,9.0,100.0,109.0,570.0,10,11.66923987865448,209.17569714523967,6.754142212131619,1.66923987865448,-0.002778402517476612,0.6882828239346005,-0.0023744348684946693,0.750554249810185,-0.0023717929919560747,0.12844427106947473,1,-1.0,-1.0,0,0,0,2,1,31.0,71.0,cotonou/COTO,393.11085268658167,75.8,69.1,0.12717549582234744
6.354444453368706,2.3908810330931765,COTO,cotonou,6.352268,2.402957,1357.5954361490456,21238.37353,9.0,100.0,109.0,570.0,10,15.767827987670898,280.27920801606103,3.928590106443032,5.767827987670898,0.0015726233964816836,0.6091607038059299,0.0013713123871104177,0.6120550590661935,-0.0015361376523586028,0.04901419975687307,1,-1.0,-1.0,0,0,8,8,1,31.0,71.0,cotonou/COTO,295.36221914797846,54.4,68.3,0.7071213680672418
6.355918961103498,2.4109282740652453,COTO,cotonou,6.352268,2.402957,969.9688298498829,21238.37353,9.0,100.0,109.0,570.0,10,15.62917423248291,65.25714577712898,5.4984461232079145,5.62917423248291,0.0019415987862481008,0.6115132786570125,0.001967121187471183,0.6240097256359097,-0.0008093109385251049,0.05559933023863077,1,-1.0,-1.0,0,0,6,6,1,31.5,68.0,cotonou/COTO,387.43452466200705,70.9,58.7,0.8384958517904324
6.34801547969023,2.383706885130615,COTO,cotonou,6.352268,2.402957,2181.153825172783,21238.37353,9.0,100.0,109.0,570.0,10,11.169460654258728,257.46950794898044,2.5681465712079263,1.169460654258728,-0.0015237340584463139,0.5668172175065977,-0.00113785721912528,0.7051991290141344,-0.019135880318253796,0.7379482944156849,1,-1.0,-1.0,0,0,2,6,1,32.0,71.0,cotonou/COTO,377.3020461115892,55.9,63.1,0.9014453049156894
6.361381379263894,2.406483972007208,COTO,cotonou,6.352268,2.402957,1080.7376415026943,21238.37353,9.0,100.0,109.0,570.0,10,14.932105541229248,21.03808815531511,4.97451354108387,4.932105541229248,0.001103706402821584,0.4560091742383307,0.0011115481143034508,0.45265102375274247,0.00046723047971084517,0.01281309807235173,1,-1.0,-1.0,0,0,2,12,1,32.0,63.0,cotonou/COTO,373.8657305772486,58.8,70.5,0.9964216151277795
6.3808967482402,2.363278398042235,COTO,cotonou,6.352268,2.402957,5412.4953923937965,21238.37353,9.0,100.0,109.0,570.0,10,12.718438863754272,305.98160153408935,1.0191131678825345,2.7184388637542725,-0.0002295362847869814,1.1162947162373817,-0.00019150449061437167,1.111170799898229,-0.0017791787783304853,0.09499921329541733,0,5076.248183647889,4956.934657963857,3,15,2,8,1,31.8,31.0,cotonou/COTO,277.57990849483264,78.2,70.4,0.5266992960802445
6.362796845489624,2.3645025884558764,COTO,cotonou,6.352268,2.402957,4411.025681550351,21238.37353,9.0,100.0,109.0,570.0,10,11.590249300003052,285.40474050552444,1.2650709860908873,1.5902493000030518,-0.0004799268563556313,1.1865590849442709,-0.0004626200792384135,1.2042601210975508,0.0007215300076005862,0.020640587177114686,1,-1.0,-1.0,0,0,3,2,1,33.0,48.0,cotonou/COTO,239.71117558433022,60.2,63.0,0.45915348405432
6.361669782980074,2.3646690214005206,COTO,cotonou,6.352268,2.402957,4361.894272971899,21238.37353,9.0,100.0,109.0,570.0,10,11.781104564666748,283.8804470683898,1.2768100182931268,1.781104564666748,-0.00043123416246160207,1.1202301854348442,-0.00042980385793221966,1.1370970847940851,-0.0003651251395543416,0.026796764056140884,1,-1.0,-1.0,0,0,1,5,1,33.0,48.0,cotonou/COTO,255.36031896131075,60.2,61.3,0.7413041293682052
6.355210761275111,2.3756442350578486,COTO,cotonou,6.352268,2.402957,3039.3641327086953,21238.37353,9.0,100.0,109.0,570.0,10,14.377837181091309,276.1887245126129,1.7831690582210826,4.377837181091309,0.0002192306362725551,0.4537188963199191,0.00023982113783936206,0.4514807623041796,0.0015234118603805432,0.05376568485169092,1,-1.0,-1.0,0,0,3,1,1,33.0,63.0,cotonou/COTO,350.5649932608698,62.4,56.3,0.8351810712023268
6.371495967548052,2.3929330857276936,COTO,cotonou,6.352268,2.402957,2398.217017549544,21238.37353,9.0,100.0,109.0,570.0,10,12.387707948684692,332.61146879143985,2.306915918994553,2.3877079486846924,-0.0005501089081896542,0.7188751989625018,-0.0005448050615264148,0.7499433150064817,-0.00034662617577446833,0.013528658006383075,1,-1.0,-1.0,0,0,1,5,1,33.0,67.0,cotonou/COTO,322.1257484275571,84.9,82.1,0.990622204771243
6.382173804881073,2.363700784567378,COTO,cotonou,6.352268,2.402957,5459.041812670874,21238.37353,9.0,100.0,109.0,570.0,10,13.265422344207764,307.47375035021827,1.0046863966455055,3.2654223442077637,-8.290564666897943e-05,1.0967231428156978,-0.00011559836161199877,1.0907814053418805,-0.003368530753386402,0.1097290081929725,0,5251.182505174387,5229.302578069494,3,3,1,2,1,31.8,31.0,cotonou/COTO,196.14362722252218,70.4,55.8,0.26056911409134775
6.381322511170642,2.3757448295880064,COTO,cotonou,6.352268,2.402957,4403.191960582995,21238.37353,9.0,100.0,109.0,570.0,10,12.361634731292725,317.0536951941563,1.2572882918864838,2.3616347312927246,-0.0003012359295709103,1.1486710960140032,-0.000254300889989749,1.143159252419202,0.002807558581057089,0.045206999535174444,1,-1.0,-1.0,0,0,2,2,1,31.0,63.0,cotonou/COTO,333.1849486397105,81.4,70.5,0.7937037279032779
6.383439747848501,2.372686258569529,COTO,cotonou,6.352268,2.402957,4806.204170040077,21238.37353,9.0,100.0,109.0,570.0,10,12.922706842422485,316.0190184366388,1.1452052646802642,2.9227068424224854,-0.0001088106325294032,1.1199752641678928,-0.00016648095983504325,1.1165782096394925,0.0006681396352094725,0.019801129572324435,0,-1.0,4430.568974385642,0,4,2,8,1,34.0,32.0,cotonou/COTO,268.94546398849457,53.4,64.4,0.4750036466081524
6.3628638126736545,2.364008416822001,COTO,cotonou,6.352268,2.402957,4465.72189387863,21238.37353,9.0,100.0,109.0,570.0,10,11.62897253036499,285.3107113382488,1.2490847378135521,1.6289725303649902,-0.00046387350508035336,1.1995505477640696,-0.00045659521118972816,1.215677721958095,0.00031563436547155994,0.010828318574597545,1,-1.0,-1.0,0,0,0,2,1,33.0,48.0,cotonou/COTO,239.71117558433022,60.2,63.0,0.22823215981369116
6.373444880333919,2.3594959968702263,COTO,cotonou,6.352268,2.402957,5348.433187242382,21238.37353,9.0,100.0,109.0,570.0,10,13.777858972549438,296.1202797096369,1.0199716936067367,3.7778589725494385,1.3196934534850773e-05,1.353196943572742,3.664582275009267e-05,1.3507584834058934,0.0023073887642161704,0.0790621255917378,1,-1.0,-1.0,0,0,1,7,1,32.0,71.0,cotonou/COTO,246.89454307456222,65.2,63.4,0.967177882167194
6.361431175890496,2.3651541799825475,COTO,cotonou,6.352268,2.402957,4303.494078028083,21238.37353,9.0,100.0,109.0,570.0,10,11.842477321624756,283.7085717893903,1.2933143184824887,1.8424773216247559,-0.0004327584943202007,1.0962931791935822,-0.00042684116319978606,1.113985354100013,-0.00014415582021077474,0.006421615933650306,1,-1.0,-1.0,0,0,3,1,1,33.0,39.0,cotonou/COTO,169.65942414145263,61.3,63.0,0.1426779365217682
6.362706836895012,2.36516678980922,COTO,cotonou,6.352268,2.402957,4337.529183352066,21238.37353,9.0,100.0,109.0,570.0,10,11.590038537979126,285.534856889596,1.2865023968127103,1.590038537979126,-0.00048541570672594805,1.1714324755425394,-0.00048363933217228133,1.1918940972002257,-0.00010548730691274008,0.00828348687987215,1,-1.0,-1.0,0,0,2,9,1,33.0,48.0,cotonou/COTO,239.71117558433022,60.2,63.0,0.7695279482336382
6.362048275060452,2.397253674789834,COTO,cotonou,6.352268,2.402957,1252.195241285022,21238.37353,9.0,100.0,109.0,570.0,10,14.368907451629639,329.90545391000785,4.321750618978165,4.368907451629639,0.0005237534728299165,0.31051174796871944,0.00025759230960499156,0.31289518298377317,-0.0036349190606011286,0.16226983154511657,1,-1.0,-1.0,0,0,7,10,1,32.0,71.0,cotonou/COTO,392.99957175554596,56.6,68.1,0.4632585789987834
6.384241699154528,2.3748942981354295,COTO,cotonou,6.352268,2.402957,4705.557355263312,21238.37353,9.0,100.0,109.0,570.0,10,12.973602771759033,318.90450022779265,1.1690737799205726,2.973602771759033,-0.00015836761506503154,1.0706832554488046,-0.00015655203724125613,1.0639748697911098,-0.0006983094950878446,0.030216477810681586,1,-1.0,-1.0,0,0,4,6,1,34.0,32.0,cotonou/COTO,262.7208442434569,64.4,70.2,0.6245500868136903
6.373188499936364,2.3590287615662713,COTO,cotonou,6.352268,2.402957,5382.709781476565,21238.37353,9.0,100.0,109.0,570.0,10,13.838290214538574,295.605911069582,1.0128349140709358,3.838290214538574,2.4314588970608135e-05,1.369682340732811,3.828482750134587e-05,1.3644970058169954,0.0011507789293924969,0.05390644552592712,1,-1.0,-1.0,0,0,0,4,1,32.0,71.0,cotonou/COTO,246.89454307456222,65.2,63.4,0.7275700339852387
6.3740160924253635,2.358673806398888,COTO,cotonou,6.352268,2.402957,5457.898662998394,21238.37353,9.0,100.0,109.0,570.0,10,13.8935546875,296.2991108345468,0.9983048080644281,3.8935546875,3.456727976795815e-05,1.3395666159783872,2.6601554327727104e-05,1.334108726369784,-0.00028286501674923225,0.015070025194969073,1,-1.0,-1.0,0,0,2,8,1,32.0,71.0,cotonou/COTO,315.24390842648114,72.1,63.4,0.6353112752626257
6.3680633429360345,2.3908393308248725,COTO,cotonou,6.352268,2.402957,2201.9664390176863,21238.37353,9.0,100.0,109.0,570.0,10,12.712302446365356,322.6771276266451,2.5038376005732257,2.7123024463653564,-0.0005296335569029829,0.5854109486735378,-0.0005781585710090503,0.63047245281808,-0.004741281270980835,0.22977634812150394,0,2082.8219623574105,-1.0,5,0,3,5,1,32.0,63.0,cotonou/COTO,281.07558431847417,70.8,86.3,0.26667058613670325
6.373249379854786,2.3940668803444827,COTO,cotonou,6.352268,2.402957,2520.1542076950036,21238.37353,9.0,100.0,109.0,570.0,10,12.090268611907959,337.1643036025519,2.2021605549164787,2.090268611907959,-0.0006416039972180125,0.9845574878454486,-0.0005960105357312575,1.0028297442316705,0.000823745767079003,0.0319658178465814,1,-1.0,-1.0,0,0,1,10,1,31.7,72.0,cotonou/COTO,361.2210155846181,76.9,82.1,0.36386187098681133
6.349545696505214,2.38887855861987,COTO,cotonou,6.352268,2.402957,1586.4771153921536,21238.37353,9.0,100.0,109.0,570.0,10,13.860898971557617,258.99081248348955,3.43184814245614,3.860898971557617,8.851159551554048e-05,0.3697211914923748,-2.7973154471848275e-05,0.3726633309729376,-0.003155552168938637,0.10594620672462778,1,-1.0,-1.0,0,0,2,8,1,31.0,75.0,cotonou/COTO,288.65336045167965,69.3,65.2,0.5714201446513117
6.35646459671899,2.4106799043078118,COTO,cotonou,6.352268,2.402957,972.3626998362541,21238.37353,9.0,100.0,109.0,570.0,10,15.342365264892578,61.33170862679572,5.501737231157749,5.342365264892578,0.0016518927583790788,0.5047157887209712,-4.595113835812816e-05,0.5280849990186335,-0.0137943321378848,0.11294461679619987,1,-1.0,-1.0,0,0,4,10,1,32.0,71.0,cotonou/COTO,108.9214896151932,54.0,58.7,0.9080656202160731
6.371083201549366,2.3640587112862375,COTO,cotonou,6.352268,2.402957,4780.2575426349285,21238.37353,9.0,100.0,109.0,570.0,10,11.988437056541443,295.95431889637655,1.1626131397610036,1.9884370565414429,-0.0003195860171530759,1.4248267016674425,-0.0003387760354149456,1.423190890888966,0.0024172799943564163,0.08013244544847413,1,-1.0,-1.0,0,0,0,3,1,32.0,71.0,cotonou/COTO,319.6896352714521,78.0,78.0,0.8172806197463096
6.38391241061177,2.374605708176607,COTO,cotonou,6.352268,2.402957,4699.506645884017,21238.37353,9.0,100.0,109.0,570.0,10,12.894652128219604,318.31952423418534,1.1715407214159022,2.8946521282196045,-0.0001681202651804872,1.084901021612772,-0.00017207568546511094,1.0781816050170796,0.00018186171849568687,0.012462138539955208,1,-1.0,-1.0,0,0,4,10,1,31.0,59.0,cotonou/COTO,262.7208442434569,70.2,64.4,0.5604434765338684
6.373895508648617,2.358873138764531,COTO,cotonou,6.352268,2.402957,5432.226280168532,21238.37353,9.0,100.0,109.0,570.0,10,13.879289865493774,296.27524418597505,1.003172186911059,3.8792898654937744,3.1556489266755475e-05,1.3408347262498794,2.4881954844845773e-05,1.3381418015651234,-0.0006311468807664975,0.015590749468402726,1,-1.0,-1.0,0,0,3,8,1,32.0,71.0,cotonou/COTO,315.24390842648114,72.1,63.4,0.7173410553625281
6.369109290830998,2.3969585601719428,COTO,cotonou,6.352268,2.402957,1977.154223052945,21238.37353,9.0,100.0,109.0,570.0,10,12.462451934814453,340.50728374530104,2.7953331980589096,2.462451934814453,-0.0006285553026680995,0.6532025126673349,-0.0007744148093941624,0.7154341118102604,-0.0037251856875694937,0.07807263906391126,1,-1.0,-1.0,0,0,1,4,1,32.0,63.0,cotonou/COTO,256.52289722354817,73.4,86.5,0.40060888254645377
6.37065584237529,2.363814261838666,COTO,cotonou,6.352268,2.402957,4784.345054731835,21238.37353,9.0,100.0,109.0,570.0,10,11.977724075317383,295.30106237708856,1.1617483743158927,1.9777240753173828,-0.00033562548248277724,1.449011134096345,-0.0003282525411849159,1.4450912984779805,0.0025563617547353108,0.12106988452626068,1,-1.0,-1.0,0,0,0,1,1,32.0,71.0,cotonou/COTO,319.6896352714521,78.0,78.0,0.6463369501159131
6.371165365477274,2.3924315223086214,COTO,cotonou,6.352268,2.402957,2392.376114352172,21238.37353,9.0,100.0,109.0,570.0,10,12.382416725158691,331.03379942007444,2.3126685815754855,2.3824167251586914,-0.0005643844825539946,0.6733776907721211,-0.0005618560604932832,0.7099899010273223,-0.0014886061350504558,0.05498083209262289,1,-1.0,-1.0,0,0,1,10,1,33.0,67.0,cotonou/COTO,340.2779183256066,82.1,86.3,0.20404544068674157
6.36872583611797,2.3906662713814284,COTO,cotonou,6.352268,2.402957,2271.93286139806,21238.37353,9.0,100.0,109.0,570.0,10,12.243466854095459,323.41772441399957,2.4386253366898223,2.243466854095459,-0.0006655194813356101,0.6298828991173201,-0.0007461875023125956,0.6838579092847644,-0.004569491037096887,0.10734949262123895,1,-1.0,-1.0,0,0,2,1,1,32.0,63.0,cotonou/COTO,281.07558431847417,70.8,86.3,0.5370759665182852
6.361070238721276,2.362904066200294,COTO,cotonou,6.352268,2.402957,4537.094332078088,21238.37353,9.0,100.0,109.0,570.0,10,12.000679016113281,282.47108265918024,1.224749760527827,2.0006790161132812,-0.00037419131973333525,1.088798539549175,-0.00036590489445557684,1.0948986283012998,-0.0005217475455994829,0.0282017888714548,0,4127.9375285840715,4091.568034940159,2,4,0,0,1,33.0,48.0,cotonou/COTO,363.6499594390807,68.1,60.2,0.4020060197028936
6.368585091288362,2.362936066704976,COTO,cotonou,6.352268,2.402957,4781.437819440544,21238.37353,9.0,100.0,109.0,570.0,10,11.74626111984253,292.3075704936444,1.165227020117919,1.7462611198425293,-0.0004084854821364086,1.4774089748486825,-0.0003974955829576094,1.477550528359919,0.0016569584618718906,0.05528017468691918,1,-1.0,-1.0,0,0,1,0,1,32.0,71.0,cotonou/COTO,352.5538937525515,78.0,61.3,0.14395845305000954
6.3558984497438935,2.406204874403803,COTO,cotonou,6.352268,2.402957,538.8119491606363,21238.37353,9.0,100.0,109.0,570.0,10,15.065118789672852,41.6409057972503,9.889385360706765,5.065118789672852,0.0025108911677559236,0.6057158888551327,0.0019170905913519977,0.5798119179245794,-0.0028293942308372164,0.08905880177541949,1,-1.0,-1.0,0,0,5,9,1,31.4,69.0,cotonou/COTO,299.4984878091749,71.6,64.7,0.7324500971688148
6.36187849955478,2.3653413579697307,COTO,cotonou,6.352268,2.402957,4295.340052610524,21238.37353,9.0,100.0,109.0,570.0,10,11.776876211166382,284.4190903217924,1.2966432444867306,1.7768762111663818,-0.00044678593123400646,1.112854937488737,-0.00046212315559025514,1.1242578697984162,-0.0010423534444544285,0.045251268852032574,1,-1.0,-1.0,0,0,3,2,1,33.0,39.0,cotonou/COTO,169.65942414145263,61.3,63.0,0.4599287622553224
6.361894256504786,2.377978048540436,COTO,cotonou,6.352268,2.402957,2961.600325494254,21238.37353,9.0,100.0,109.0,570.0,10,12.88352918624878,291.19563315950086,1.8588382108565749,2.8835291862487793,-0.00027995917429789825,0.9596765447369688,-0.0003017438913729324,0.9741788720395066,-0.0012037965986463758,0.04551035947967028,1,-1.0,-1.0,0,0,5,2,1,31.7,62.0,cotonou/COTO,289.18429314187705,65.7,65.8,0.346139140122233
6.365282940768864,2.3697716193284344,COTO,cotonou,6.352268,2.402957,3943.632955065517,21238.37353,9.0,100.0,109.0,570.0,10,11.503898859024048,291.53685817904426,1.416201132835763,1.5038988590240479,-0.0005563365088568793,1.3120119180698977,-0.000549343747286061,1.329784661881828,-0.00022694071133931476,0.010115839079136813,1,-1.0,-1.0,0,0,0,2,1,33.0,49.0,cotonou/COTO,263.8369831922563,66.8,62.5,0.6659656586864869
6.362642197286063,2.365661402523019,COTO,cotonou,6.352268,2.402957,4282.883838432499,21238.37353,9.0,100.0,109.0,570.0,10,11.586800456047058,285.6380734526592,1.3029545635467787,1.586800456047058,-0.0004953018595384251,1.1528293572705646,-0.000489989643808778,1.1749044909944621,-0.00025417943792326215,0.01718011425792209,1,-1.0,-1.0,0,0,3,7,1,30.1,50.0,cotonou/COTO,309.4591612797848,58.0,63.0,0.999064984653834
6.370050934945091,2.391362287280674,COTO,cotonou,6.352268,2.402957,2347.991418074917,21238.37353,9.0,100.0,109.0,570.0,10,12.19890308380127,327.05743827380843,2.3608072637169943,2.1989030838012695,-0.0006363241984371394,0.6436465220019211,-0.0006602272445415204,0.6718427841895497,-0.0012054948130044566,0.050030077504371835,1,-1.0,-1.0,0,0,4,4,1,32.0,63.0,cotonou/COTO,292.9664112146319,61.2,84.9,0.3823848152068414
6.377619936162007,2.361878301196596,COTO,cotonou,6.352268,2.402957,5340.039354548323,21238.37353,9.0,100.0,109.0,570.0,10,12.682459592819214,301.84185655675594,1.0333238873001975,2.682459592819214,-0.00019123582342342395,1.2068504257977273,-0.00019371198895477563,1.2012190396569826,0.000345143639635393,0.03521138538100666,1,-1.0,-1.0,0,0,2,12,1,31.8,31.0,cotonou/COTO,316.153254609243,78.2,76.1,0.8522016686928038
6.354820596846339,2.390093631075472,COTO,cotonou,6.352268,2.402957,1450.9319903093374,21238.37353,9.0,100.0,109.0,570.0,10,15.435327053070068,281.29221841325193,3.6896618629653606,5.435327053070068,0.0009733948748156489,0.6271557328115827,0.001048989233627818,0.6203443674409813,-0.002349547545115153,0.12628612647835954,1,-1.0,-1.0,0,0,1,15,1,31.0,71.0,cotonou/COTO,330.80979731559944,66.6,68.3,0.8574707946915886
6.374827820744123,2.3552362215339016,COTO,cotonou,6.352268,2.402957,5839.511070491628,21238.37353,9.0,100.0,109.0,570.0,10,13.409627914428711,295.4420064351824,0.937824364085718,3.409627914428711,-5.2834422968357776e-05,1.3294928232891954,-4.9092200806903376e-05,1.3229108866880035,-0.00022590955098470051,0.011855387661383995,0,-1.0,5324.604282712807,0,10,0,2,1,31.0,63.0,cotonou/COTO,241.37076977131866,58.3,72.1,0.1272910294476327
6.355675415839829,2.39281206845904,COTO,cotonou,6.352268,2.402957,1184.0008568638077,21238.37353,9.0,100.0,109.0,570.0,10,15.626132011413574,288.67322753901374,4.509184818306673,5.626132011413574,0.0015992838144302367,0.6560271117275001,0.0018059509879174266,0.6684366704449636,0.0029867537618811493,0.05910600840773114,1,-1.0,-1.0,0,0,2,13,1,31.0,71.0,cotonou/COTO,279.6517178563703,62.9,57.1,0.8792311248664475
6.36250665804074,2.365604204428395,COTO,cotonou,6.352268,2.402957,4284.996718715544,21238.37353,9.0,100.0,109.0,570.0,10,11.586800456047058,285.42107897781983,1.302312313655747,1.586800456047058,-0.000494961482213575,1.1453072540527252,-0.0004849162164589335,1.1670732970854225,-8.963782680782145e-06,0.005449340552651974,1,-1.0,-1.0,0,0,3,7,1,33.0,39.0,cotonou/COTO,169.65942414145263,61.3,63.0,0.9054312345673662
6.363351655763266,2.3841924779511787,COTO,cotonou,6.352268,2.402957,2410.924368653766,21238.37353,9.0,100.0,109.0,570.0,10,12.849953889846802,300.7251593209122,2.283802024788229,2.8499538898468018,-0.00035269034742818454,0.9056532556929704,-0.0004191973123205714,0.9258202245152337,-0.003210198879241943,0.14310109470989835,1,-1.0,-1.0,0,0,4,11,1,33.0,63.0,cotonou/COTO,350.04620409299224,75.2,62.4,0.9325746806684888
6.356318911103663,2.4057811787101486,COTO,cotonou,6.352268,2.402957,546.1900071238127,21238.37353,9.0,100.0,109.0,570.0,10,15.035447120666504,34.71747473068638,9.761405910757489,5.035447120666504,0.002330624011524937,0.6362922130733181,0.0016982368431386716,0.618786472708116,-0.006185574132934304,0.19596292310897284,1,-1.0,-1.0,0,0,3,10,1,31.4,69.0,cotonou/COTO,218.02671877540922,65.4,64.7,0.8487416287128072
6.3656195882002535,2.3665479003608643,COTO,cotonou,6.352268,2.402957,4290.34914050039,21238.37353,9.0,100.0,109.0,570.0,10,11.468141078948975,290.25508482481507,1.302272001187054,1.4681410789489746,-0.0005218503809780695,1.3369007741243975,-0.000519032483119239,1.3513269945343365,-0.00017833467943075313,0.00548970959557172,1,-1.0,-1.0,0,0,2,3,1,30.1,50.0,cotonou/COTO,167.19783760562936,58.0,66.1,0.5829520372723146
6.374857985325939,2.355703772552047,COTO,cotonou,6.352268,2.402957,5794.220282283625,21238.37353,9.0,100.0,109.0,570.0,10,13.443965673446655,295.69138449218417,0.9448141321560244,3.4439656734466553,-4.5193429665057506e-05,1.3256852427345323,-4.329400184826971e-05,1.322414734602327,-0.00030306710137261285,0.013805973871727061,0,-1.0,5306.530398804843,0,9,1,7,1,31.0,63.0,cotonou/COTO,241.37076977131866,58.3,72.1,0.3427523281322077
6.370522322877568,2.392579269966745,COTO,cotonou,6.352268,2.402957,2322.3892029170966,21238.37353,9.0,100.0,109.0,570.0,10,12.519237279891968,330.53379376349176,2.378913748260799,2.5192372798919678,-0.0005236809843924136,0.6268717293285756,-0.0005644798278808594,0.6686454247171802,-0.002527095874150594,0.11734156908066884,1,-1.0,-1.0,0,0,2,0,1,33.0,67.0,cotonou/COTO,247.7688085695969,82.1,61.2,0.4700370780925165
6.370084425423544,2.3913204749257573,COTO,cotonou,6.352268,2.402957,2353.621583691171,21238.37353,9.0,100.0,109.0,570.0,10,12.19890308380127,327.0124995472888,2.3551662758759853,2.1989030838012695,-0.0006363241984371393,0.6450225895556401,-0.0006524190981201675,0.6962256028816911,-0.0009110629558563233,0.04818218612648383,1,-1.0,-1.0,0,0,4,4,1,33.0,67.0,cotonou/COTO,292.9664112146319,84.9,61.2,0.5973179251249225
6.358747893850174,2.4003567897175544,COTO,cotonou,6.352268,2.402957,772.189166481547,21238.37353,9.0,100.0,109.0,570.0,10,14.615094184875488,338.25766281705916,6.968712191452213,4.615094184875488,0.0011832344994302407,0.34026571638395287,0.0010434260218504484,0.33575406093998456,9.549879287930347e-05,0.014552697598522818,1,-1.0,-1.0,0,0,3,6,1,31.0,71.0,cotonou/COTO,382.2656929414359,58.3,62.4,0.9665058335960203
6.368794744091485,2.362914836041369,COTO,cotonou,6.352268,2.402957,4792.406280552845,21238.37353,9.0,100.0,109.0,570.0,10,11.74626111984253,292.5548339068899,1.1625608781331098,1.7462611198425293,-0.0004042494020432565,1.478410233923822,-0.0003778191996209415,1.4769949458673926,0.0018917017512851293,0.06966793634769745,1,-1.0,-1.0,0,0,0,2,1,30.1,50.0,cotonou/COTO,352.5538937525515,61.3,78.0,0.9223873707228983
6.362139318777532,2.3844396534531245,COTO,cotonou,6.352268,2.402957,2321.4378588814366,21238.37353,9.0,100.0,109.0,570.0,10,13.322573900222778,298.20938736876406,2.3600941510803652,3.3225739002227783,-0.0001642809973822699,0.8648490594411282,-0.00013063877820968618,0.866582643340165,0.00039197802543640143,0.031748957788476403,1,-1.0,-1.0,0,0,4,5,1,33.0,63.0,cotonou/COTO,350.04620409299224,75.2,62.4,0.5402326140882046
6.355173395495438,2.375406314175036,COTO,cotonou,6.352268,2.402957,3065.101919717854,21238.37353,9.0,100.0,109.0,570.0,10,14.433723449707031,276.05840895748327,1.7671615748552636,4.433723449707031,0.0002351883545662593,0.44663057412983265,0.0002507905929516524,0.44443266526717173,0.0012402322557237414,0.046269878122064005,1,-1.0,-1.0,0,0,2,1,1,29.6,72.0,cotonou/COTO,350.5649932608698,56.3,62.4,0.08856223558851584
6.35609755963714,2.3786704157489353,COTO,cotonou,6.352268,2.402957,2720.2405388234242,21238.37353,9.0,100.0,109.0,570.0,10,13.797107696533203,279.0165647438712,2.004417769997702,3.797107696533203,-2.4752388699511874e-05,0.5320463114299964,7.021561067303688e-05,0.5399050338541662,-0.001987394569671608,0.1265968962536208,1,-1.0,-1.0,0,0,3,8,1,33.0,63.0,cotonou/COTO,346.04950975268054,62.4,70.7,0.20408531501718818
6.359897056671701,2.3626309973141777,COTO,cotonou,6.352268,2.402957,4540.726821481651,21238.37353,9.0,100.0,109.0,570.0,10,12.493179082870483,280.7798093470351,1.2175586416533435,2.4931790828704834,-0.00026618691912868567,0.8796886166282624,-0.00028261478812192687,0.8864533530022495,-0.0009468238182078004,0.0350392268044599,1,-1.0,-1.0,0,0,1,15,1,33.0,39.0,cotonou/COTO,326.35698935364053,61.3,68.1,0.9453498782257731
6.3835338357203275,2.3754397874074122,COTO,cotonou,6.352268,2.402957,4606.919566652264,21238.37353,9.0,100.0,109.0,570.0,10,12.938712358474731,318.8261560388204,1.1945311419173246,2.9387123584747314,-0.00015941403229862965,1.0821100249538185,-0.00016027745018657455,1.0752176396662174,0.0009322841962178548,0.04219951705745069,1,-1.0,-1.0,0,0,2,10,1,31.0,59.0,cotonou/COTO,342.02592664884946,70.2,70.5,0.44680658430918996
6.348236307934299,2.3816335532835273,COTO,cotonou,6.352268,2.402957,2401.0074001018024,21238.37353,9.0,100.0,109.0,570.0,10,10.953526198863983,259.2299165850718,2.338405832734698,0.9535261988639832,-0.0011331132655281097,0.763531723021474,-0.0011510704417867037,0.8242501420877572,-0.0013362257251173556,0.039146604051048695,1,-1.0,-1.0,0,0,1,2,1,32.0,71.0,cotonou/COTO,377.3020461115892,63.1,55.9,0.7119664841635309
6.354774891151906,2.4052142612354257,COTO,cotonou,6.352268,2.402957,373.13476247069747,21238.37353,9.0,100.0,109.0,570.0,10,15.283637523651123,41.824986191715425,14.098756128589445,5.283637523651123,0.004044265556165641,0.6035973648458877,0.0035232898924085826,0.6206247181959128,7.755756378173828e-05,0.004485588585657122,1,-1.0,-1.0,0,0,5,8,1,31.4,69.0,cotonou/COTO,245.31000000003797,65.4,71.6,0.15895158599295356
6.348156935652453,2.381067971974534,COTO,cotonou,6.352268,2.402957,2464.1274764890186,21238.37353,9.0,100.0,109.0,570.0,10,10.890208840370178,259.3000250704773,2.2800400780904293,0.8902088403701782,-0.0011312379894486391,0.879291185583221,-0.0011319863538090077,0.9281328758278351,-0.0007363051233049881,0.021956443402505642,1,-1.0,-1.0,0,0,0,0,1,32.0,71.0,cotonou/COTO,94.8968856180276,59.0,55.9,0.47695900700783567
6.3645266642756875,2.373096963869847,COTO,cotonou,6.352268,2.402957,3571.0218195100883,21238.37353,9.0,100.0,109.0,570.0,10,11.714824438095093,292.4461205998906,1.560520178636706,1.7148244380950928,-0.000558025579546351,1.228542035952264,-0.0005570976358249004,1.249483382332183,-0.00030898448536462316,0.008333126439048578,1,-1.0,-1.0,0,0,2,7,1,31.0,63.0,cotonou/COTO,344.695661852635,60.5,62.4,0.3490974835725831
6.363962130363723,2.3634115388431343,COTO,cotonou,6.352268,2.402957,4562.405425419834,21238.37353,9.0,100.0,109.0,570.0,10,11.631853580474854,286.5722330774093,1.2225869025911453,1.6318535804748535,-0.00045209975024453953,1.277214927860086,-0.0004467498657034695,1.2832308495027653,0.0001318946438783912,0.0040296801564582395,1,-1.0,-1.0,0,0,1,1,1,33.0,48.0,cotonou/COTO,329.2530191203894,60.2,61.3,0.3498746995670663
6.370993183739982,2.3617900634369815,COTO,cotonou,6.352268,2.402957,5003.2960098774365,21238.37353,9.0,100.0,109.0,570.0,10,12.668335199356079,294.5948074996616,1.1030160815526773,2.668335199356079,-0.0001987332229770598,1.4427358218040094,-0.0001785595271244087,1.4348053143366557,0.0027071237564086914,0.10199679507759249,1,-1.0,-1.0,0,0,1,8,1,32.0,71.0,cotonou/COTO,394.064070171349,73.3,78.0,0.27091165330871037
6.3482387628928665,2.381610503950311,COTO,cotonou,6.352268,2.402957,2403.4629409623076,21238.37353,9.0,100.0,109.0,570.0,10,10.953526198863983,259.2476757091802,2.336019406663323,0.9535261988639832,-0.0011331132655281097,0.763531723021474,-0.0011490722070104122,0.8242501420877572,-0.0012816073078987219,0.039146604051048695,1,-1.0,-1.0,0,0,1,2,1,32.0,71.0,cotonou/COTO,377.3020461115892,63.1,55.9,0.7187858135175481
6.362857622609853,2.364054095223843,COTO,cotonou,6.352268,2.402957,4460.665595366267,21238.37353,9.0,100.0,109.0,570.0,10,11.62897253036499,285.31930614496565,1.250500163570186,1.6289725303649902,-0.00046249865764518255,1.2004473590761457,-0.0004571529676845795,1.2165536223289701,0.00028756062189737953,0.010585887078709626,1,-1.0,-1.0,0,0,0,2,1,33.0,39.0,cotonou/COTO,239.71117558433022,63.0,60.2,0.7504227925967804
6.356494937702638,2.4100852210282944,COTO,cotonou,6.352268,2.402957,916.7898878038532,21238.37353,9.0,100.0,109.0,570.0,10,15.070240497589111,59.1771078824508,5.849830661974611,5.070240497589111,0.0014658592080557214,0.4333086245920713,0.0015267302291561858,0.44137119716691214,0.0014384309450785318,0.07686898977758014,1,-1.0,-1.0,0,0,0,10,1,32.0,71.0,cotonou/COTO,108.9214896151932,54.0,58.7,0.3012459472392076
6.3700742963184505,2.3634816174941538,COTO,cotonou,6.352268,2.402957,4790.895971458698,21238.37353,9.0,100.0,109.0,570.0,10,11.963806509971619,294.4139537538957,1.1603266476497591,1.9638065099716187,-0.0003530435250951586,1.4670153735647824,-0.0003327376067393111,1.4632777432914188,0.002368177307976617,0.0902167517787705,1,-1.0,-1.0,0,0,0,0,1,31.5,72.0,cotonou/COTO,319.6896352714521,78.0,78.0,0.5862814726199768
6.366622867778285,2.3631347728832117,COTO,cotonou,6.352268,2.402957,4683.157895656658,21238.37353,9.0,100.0,109.0,570.0,10,11.480996012687683,289.93819850812895,1.1929172780772321,1.480996012687683,-0.0004726104928682818,1.410079414901614,-0.00046376168109329974,1.4140283827749829,0.00036208384029837626,0.010054686137271401,1,-1.0,-1.0,0,0,0,3,1,30.1,50.0,cotonou/COTO,352.5538937525515,61.3,78.0,0.23508473996365886
6.36290396772823,2.3656946313346077,COTO,cotonou,6.352268,2.402957,4287.192521733128,21238.37353,9.0,100.0,109.0,570.0,10,11.55591082572937,286.02617025822997,1.3020581367433457,1.5559108257293701,-0.0005015316375217697,1.1694388891390664,-0.0005018268397007153,1.1910549556346066,-0.000386826983104016,0.007741533360497159,1,-1.0,-1.0,0,0,3,3,1,30.1,50.0,cotonou/COTO,383.9926241478955,66.1,63.0,0.9230414786499814
6.357402738404021,2.3742900565106493,COTO,cotonou,6.352268,2.402957,3222.1412974508225,21238.37353,9.0,100.0,109.0,570.0,10,13.732593774795532,280.2180156962879,1.6935416822200955,3.7325937747955322,7.901957005630312e-06,0.5995338198808202,-6.958477424852775e-05,0.6092746983552121,-0.002113097906112671,0.12476801958113537,1,-1.0,-1.0,0,0,5,11,1,32.4,63.0,cotonou/COTO,248.80347304650218,53.0,61.8,0.03696727080341067
6.364774916424933,2.4152170487944633,COTO,cotonou,6.352268,2.402957,1937.2504209157123,21238.37353,9.0,100.0,109.0,570.0,10,14.956801414489746,44.251508961642514,2.779223398623526,4.956801414489746,0.0006162971156969913,0.41900625567145583,0.0006041036909492455,0.4128564238860686,-0.000870815912882487,0.045050757022804956,1,-1.0,-1.0,0,0,4,3,1,33.0,63.0,cotonou/COTO,306.3941828756752,57.9,65.7,0.2682762124750885
6.3612396338517,2.3787000038092674,COTO,cotonou,6.352268,2.402957,2861.305609380458,21238.37353,9.0,100.0,109.0,570.0,10,12.977566719055176,290.41387211041604,1.9220652993624765,2.977566719055176,-0.0002532724705007341,0.9064873282204949,-0.0002652147189289534,0.9203057233468923,-0.00042913556098937987,0.02325871723139019,1,-1.0,-1.0,0,0,6,9,1,31.7,62.0,cotonou/COTO,289.18429314187705,65.7,65.8,0.7202092275997923
6.372464218762232,2.3575997539346965,COTO,cotonou,6.352268,2.402957,5492.8319987129935,21238.37353,9.0,100.0,109.0,570.0,10,13.670392274856567,294.1362944282293,0.9942841674977512,3.6703922748565674,-6.630282471145391e-06,1.3837582235613437,-1.8186471387254614e-05,1.3803299374480897,0.0001863672395435049,0.030225054377987635,0,-1.0,5228.647694165675,0,3,2,12,1,32.0,71.0,cotonou/COTO,286.930169205042,65.2,72.1,0.021345969382724816
6.356352374081872,2.375364641442549,COTO,cotonou,6.352268,2.402957,3086.0558524501857,21238.37353,9.0,100.0,109.0,570.0,10,14.246021270751953,278.472917920718,1.7586519068335777,4.246021270751953,0.00017472791279095383,0.5332221139486202,0.00017419060111542372,0.5309839723322348,0.0001562575640032098,0.03354122219623738,1,-1.0,-1.0,0,0,5,9,1,29.6,72.0,cotonou/COTO,363.9073676088481,61.8,59.2,0.6373338290546815
6.361491700048018,2.3648313911326895,COTO,cotonou,6.352268,2.402957,4339.779345337864,21238.37353,9.0,100.0,109.0,570.0,10,11.837427139282227,283.68330041276226,1.2825710748481447,1.8374271392822266,-0.0004305278880612525,1.1030761218853684,-0.00041286197890069145,1.1198308672256434,0.0003370707342618917,0.005955634942592041,1,-1.0,-1.0,0,0,2,5,1,33.0,48.0,cotonou/COTO,255.36031896131075,60.2,61.3,0.8460587952835869
6.356825854758061,2.3762771108251384,COTO,cotonou,6.352268,2.402957,2994.589780627679,21238.37353,9.0,100.0,109.0,570.0,10,14.115290641784668,279.75478820418266,1.8148312568403613,4.115290641784668,0.00014251921553386422,0.5640493577544997,0.0001372149567198909,0.5616826762950726,0.0009116172790527344,0.034183941536747,1,-1.0,-1.0,0,0,1,8,1,29.6,72.0,cotonou/COTO,363.9073676088481,61.8,59.2,0.950897190769148
6.361006239028782,2.4082097205366044,COTO,cotonou,6.352268,2.402957,1127.637114313596,21238.37353,9.0,100.0,109.0,570.0,10,14.621192455291748,30.85478406815014,4.784281657683833,4.621192455291748,0.0007922689589900088,0.4649091914190781,0.0010500833345009738,0.4538013933694678,0.003162045233005141,0.05548775199185102,1,-1.0,-1.0,0,0,5,5,1,31.6,70.0,cotonou/COTO,264.2872471383624,70.5,62.5,0.7423693290147746
6.353072943873314,2.411764351896685,COTO,cotonou,6.352268,2.402957,978.5071417742822,21238.37353,9.0,100.0,109.0,570.0,10,14.969321250915527,84.74541583505061,5.489043836108076,4.969321250915527,0.0012750806230487246,0.46773802833523154,0.0012742485318865094,0.4772664411185887,0.0007204055786132812,0.039774414067553276,1,-1.0,-1.0,0,0,2,3,1,30.0,75.0,cotonou/COTO,374.95826287725737,75.1,70.9,0.9882361502583111
6.349330537594069,2.3807293535645897,COTO,cotonou,6.352268,2.402957,2480.6482952030697,21238.37353,9.0,100.0,109.0,570.0,10,12.584008932113647,262.4270663050481,2.2258093355866873,2.5840089321136475,-0.00046386562193174806,0.5352548133591944,-0.00043350546967749513,0.5710824194635296,-0.0004956748750474717,0.022993130449124308,1,-1.0,-1.0,0,0,1,4,1,32.0,71.0,cotonou/COTO,208.55006593135025,59.0,75.4,0.8075527675116244
6.380020510129134,2.3632994277569006,COTO,cotonou,6.352268,2.402957,5354.486699132778,21238.37353,9.0,100.0,109.0,570.0,10,12.557698249816895,305.1533199406233,1.0318709787913642,2.5576982498168945,-0.0002140210771471872,1.1345847291584081,-0.0002396313964113126,1.1310506566704703,-0.0024430076281229656,0.11587749942567158,0,4978.9214997948075,4925.269328460811,2,15,0,8,1,31.8,31.0,cotonou/COTO,277.57990849483264,78.2,70.4,0.1762040516533775
6.380116056842095,2.3636230122119923,COTO,cotonou,6.352268,2.402957,5331.286600460366,21238.37353,9.0,100.0,109.0,570.0,10,12.722533941268921,305.4675881517779,1.03458945832454,2.722533941268921,-0.00018435533573564968,1.1330827962367802,-0.00026290508437373507,1.1284141187967622,-0.0048358884754422255,0.07390158447403661,0,-1.0,4946.664721469237,0,12,0,6,1,34.0,32.0,cotonou/COTO,367.6178566119935,55.8,78.2,0.8125675377291482
6.371169854230782,2.3900356607209226,COTO,cotonou,6.352268,2.402957,2532.4246175700896,21238.37353,9.0,100.0,109.0,570.0,10,11.931666493415833,325.8088342774251,2.195083906188023,1.9316664934158325,-0.0006962058590907676,0.8130856446645134,-0.0006874740808859638,0.8488470019007897,-0.0003686249256134033,0.01628518609272414,1,-1.0,-1.0,0,0,3,13,1,33.0,67.0,cotonou/COTO,271.69843466620387,84.9,73.3,0.046443828271108045
6.354129941613261,2.3735655908111797,COTO,cotonou,6.352268,2.402957,3258.3889695096973,21238.37353,9.0,100.0,109.0,570.0,10,14.427353858947754,273.64880045072545,1.6625064502230975,4.427353858947754,0.00022029431952613575,0.3933984016935186,0.00026808579762776694,0.3902468369624,0.0018297354380289715,0.09165038774320906,1,-1.0,-1.0,0,0,1,13,1,29.6,72.0,cotonou/COTO,377.7671008703886,61.8,74.7,0.37060540786444207
6.364870477227352,2.371430324885619,COTO,cotonou,6.352268,2.402957,3756.207946962789,21238.37353,9.0,100.0,109.0,570.0,10,11.620449423789978,291.9124491953665,1.485058296747275,1.620449423789978,-0.0005519952408220402,1.2719140185836109,-0.0005676457422699792,1.283089228785571,-0.0010917975005585478,0.03829569963054181,1,-1.0,-1.0,0,0,1,6,1,33.0,49.0,cotonou/COTO,320.12677113920535,66.8,60.5,0.043914191831758154
6.370888657716056,2.363947432213584,COTO,cotonou,6.352268,2.402957,4782.0418189603715,21238.37353,9.0,100.0,109.0,570.0,10,11.940459847450256,295.6568127084199,1.1627540641144627,1.9404598474502563,-0.00036802741388479866,1.4374167712516588,-0.00032132834564020603,1.432857588098054,0.0028367916742960612,0.12943175656344214,1,-1.0,-1.0,0,0,0,2,1,32.0,71.0,cotonou/COTO,319.6896352714521,78.0,78.0,0.7394630864222064
6.372663887194339,2.3548357895383534,COTO,cotonou,6.352268,2.402957,5782.1274582436445,21238.37353,9.0,100.0,109.0,570.0,10,13.243188619613647,293.0994956204986,0.9487787496533817,3.2431886196136475,-8.276289545835175e-05,1.3609330812079208,-8.623999871856878e-05,1.3539705551381325,-0.0008022761709794349,0.02531951827430225,0,-1.0,5307.04283742603,0,4,1,2,1,29.5,69.0,cotonou/COTO,249.20674248494376,51.6,58.6,0.9838059167438428
6.362779195046636,2.376707234535077,COTO,cotonou,6.352268,2.402957,3128.245953664441,21238.37353,9.0,100.0,109.0,570.0,10,12.416964054107666,291.9463442080567,1.7684168962504379,2.416964054107666,-0.0004095325015840076,1.0412149314536554,-0.00042808003837174714,1.0523458159950259,-0.00231024174927504,0.08580999819410758,1,-1.0,-1.0,0,0,4,2,1,31.7,62.0,cotonou/COTO,398.79289324162653,65.7,60.5,0.18489738187827176
6.374886461355705,2.3561451510134224,COTO,cotonou,6.352268,2.402957,5751.56621496784,21238.37353,9.0,100.0,109.0,570.0,10,13.526496887207031,295.9303923413547,0.9509977334575208,3.5264968872070312,-3.133585883511431e-05,1.3222631902397965,-4.8879685121991845e-05,1.3156756808224281,-0.0011553913391081552,0.022867515678158895,0,-1.0,5221.361714189241,0,11,0,4,1,31.0,63.0,cotonou/COTO,241.37076977131866,58.3,72.1,0.546152540747645
6.366288987331746,2.4091001732091475,COTO,cotonou,6.352268,2.402957,1692.9761229817273,21238.37353,9.0,100.0,109.0,570.0,10,14.485249519348145,23.530152674867338,3.1953674622447745,4.4852495193481445,0.00045512168728120136,0.40338991146560843,0.00038937646790412845,0.4017424843253938,-0.0014070113499959312,0.06387223877566352,1,-1.0,-1.0,0,0,4,7,1,32.0,63.0,cotonou/COTO,335.1905947367722,56.6,58.8,0.23728625800634673
6.3534786507183885,2.3883535251073607,COTO,cotonou,6.352268,2.402957,1621.272357122608,21238.37353,9.0,100.0,109.0,570.0,10,14.761036396026611,274.76902662898306,3.3266625879236997,4.761036396026611,0.000638815128442013,0.46870269106264495,0.0004190872763435396,0.46576917482339225,-0.004935782595771559,0.15063169909812474,1,-1.0,-1.0,0,0,6,7,1,31.0,71.0,cotonou/COTO,330.80979731559944,68.3,66.6,0.8798622426436689
6.384910270341338,2.375458778204942,COTO,cotonou,6.352268,2.402957,4720.877455926303,21238.37353,9.0,100.0,109.0,570.0,10,13.232219696044922,320.0650227974219,1.1621435157257527,3.232219696044922,-7.150377007583671e-05,1.0346783852946357,-7.499012446102787e-05,1.0316992054652194,0.0019742258978689103,0.07133209841619975,1,-1.0,-1.0,0,0,1,7,1,31.0,59.0,cotonou/COTO,348.5682791075882,70.2,62.5,0.006758533458067539
6.384913274612909,2.3752229428866207,COTO,cotonou,6.352268,2.402957,4737.987423835406,21238.37353,9.0,100.0,109.0,570.0,10,13.232219696044922,319.82662091520547,1.1579478915681571,3.232219696044922,-9.759955108444542e-05,1.0418044937664794,-6.84587723751969e-05,1.0357946500519113,0.0026017211980814046,0.07729912801624558,0,4434.148550964197,-1.0,2,0,3,4,1,31.0,59.0,cotonou/COTO,348.5682791075882,70.2,62.5,0.08186532273224278
6.353694303608798,2.3744578746194054,COTO,cotonou,6.352268,2.402957,3157.097858118663,21238.37353,9.0,100.0,109.0,570.0,10,14.21114206314087,272.88435730922373,1.7197346161319418,4.211142063140869,0.0001585379336615029,0.39020652362332153,0.00018164908289690804,0.3885619776115706,0.0009858995933547893,0.032684642250445664,1,-1.0,-1.0,0,0,8,9,1,29.6,72.0,cotonou/COTO,384.84357926308275,56.3,74.7,0.4572281500644473
6.348138997945816,2.3825471859531717,COTO,cotonou,6.352268,2.402957,2303.8657381018597,21238.37353,9.0,100.0,109.0,570.0,10,11.094428181648254,258.49555248480954,2.4333895795229004,1.0944281816482544,-0.0011966002739804483,0.6430532793448083,-0.0011225585193070681,0.7710490615152866,-0.006142103672027587,0.23327207628798655,1,-1.0,-1.0,0,0,1,3,1,32.0,71.0,cotonou/COTO,377.3020461115892,63.1,55.9,0.4416609606000964
6.358888621747862,2.379953861910318,COTO,cotonou,6.352268,2.402957,2648.284387542654,21238.37353,9.0,100.0,109.0,570.0,10,13.4948091506958,286.15195529812274,2.065365042635876,3.494809150695801,-7.946902000055779e-05,0.7502239699390933,-0.00010137846766087066,0.7555427997153233,-0.00016840750255696772,0.0219950463690465,1,-1.0,-1.0,0,0,2,2,1,31.9,70.0,cotonou/COTO,331.6838992172874,70.7,65.8,0.3328393361514297
6.366696754323342,2.413486614198597,COTO,cotonou,6.352268,2.402957,1975.67155274624,21238.37353,9.0,100.0,109.0,570.0,10,14.411943435668945,35.95186935674133,2.7410230938536926,4.411943435668945,0.00034952517703575015,0.41957696039617576,0.000267565520076583,0.4189255242813913,-0.0024818173846049927,0.05655218713168148,1,-1.0,-1.0,0,0,4,8,1,32.0,63.0,cotonou/COTO,281.80230889756126,65.5,57.9,0.26737043878969313
6.354609069429363,2.3907642087920653,COTO,cotonou,6.352268,2.402957,1373.632311565097,21238.37353,9.0,100.0,109.0,570.0,10,15.767827987670898,280.93499488194936,3.882865746745347,5.767827987670898,0.0014933598214301506,0.620703513674421,0.001346374054749807,0.6265040052751079,-0.0013561990525987413,0.04996111975765589,1,-1.0,-1.0,0,0,4,10,1,31.0,71.0,cotonou/COTO,295.36221914797846,68.3,54.4,0.21701869614622182
6.3778905119533995,2.362075939165962,COTO,cotonou,6.352268,2.402957,5337.265893075051,21238.37353,9.0,100.0,109.0,570.0,10,12.535616874694824,302.23964094121266,1.0354365770312768,2.535616874694824,-0.00021812328555107288,1.201661107439726,-0.00023581067721048987,1.1969240020319996,-0.0007245673073662653,0.04378061935239202,0,-1.0,5059.171878606211,0,3,2,13,1,31.8,31.0,cotonou/COTO,316.153254609243,78.2,76.1,0.7345600202608225
6.368727152771654,2.3917570418704903,COTO,cotonou,6.352268,2.402957,2201.944553916299,21238.37353,9.0,100.0,109.0,570.0,10,12.678106307983398,325.93086625059374,2.5047505575790425,2.6781063079833984,-0.00046346176851977096,0.5383241593535617,-0.0005426100471563506,0.5859379205118772,-0.003135991096496582,0.14142316207469652,1,-1.0,-1.0,0,0,4,7,1,32.0,63.0,cotonou/COTO,256.496478923207,70.8,61.2,0.655299886395129
6.3510638994148705,2.3917997285868084,COTO,cotonou,6.352268,2.402957,1241.6094172783453,21238.37353,9.0,100.0,109.0,570.0,10,14.187602996826172,263.803307478206,4.366774133750468,4.187602996826172,0.00037957973174929615,0.311247350458973,0.00035621162616845335,0.30668912385973746,-0.0008704662322998047,0.03987392450324388,1,-1.0,-1.0,0,0,0,8,1,31.0,66.0,cotonou/COTO,229.63053738552546,73.7,54.4,0.10383466741268665
6.371643633407803,2.38977783670366,COTO,cotonou,6.352268,2.402957,2591.7816126397197,21238.37353,9.0,100.0,109.0,570.0,10,11.94255816936493,325.9418862347519,2.1446191444605076,1.9425581693649292,-0.0006559362064542363,0.8449032696894344,-0.0006624490580755228,0.8750271719320346,5.4882963498433416e-05,0.010588167567157442,1,-1.0,-1.0,0,0,1,15,1,33.0,67.0,cotonou/COTO,271.69843466620387,84.9,73.3,0.26680623618788757
6.361201020284618,2.4072835157894708,COTO,cotonou,6.352268,2.402957,1097.7490247966525,21238.37353,9.0,100.0,109.0,570.0,10,14.811081409454346,25.703630834813623,4.904073999646559,4.811081409454346,0.0010180174082188237,0.458181823816982,0.0009487040022499541,0.4481433753622027,0.0008931318918863932,0.04114785994327086,1,-1.0,-1.0,0,0,6,8,1,32.0,67.0,cotonou/COTO,264.2872471383624,62.5,70.5,0.6551434379955118
6.372016604394151,2.399608418505372,COTO,cotonou,6.352268,2.402957,2215.1579277670144,21238.37353,9.0,100.0,109.0,570.0,10,11.994260907173157,350.43479073413386,2.5074828936013716,1.9942609071731567,-0.0007750455731839443,0.8863915464835949,-0.0007660462336737112,0.9277787267183589,-0.0007565423730963792,0.02006038229176812,1,-1.0,-1.0,0,0,0,3,1,31.7,72.0,cotonou/COTO,364.58895828051044,86.5,87.4,0.8102001951241627
6.354656499323667,2.3923169073999064,COTO,cotonou,6.352268,2.402957,1206.4924079636571,21238.37353,9.0,100.0,109.0,570.0,10,15.711414813995361,282.72831710905206,4.421435279058172,5.711414813995361,0.0016296125039821719,0.5907042168473638,0.0016940662694524173,0.6104233747800236,0.0026210505487891927,0.09782346384627542,1,-1.0,-1.0,0,0,4,7,1,31.0,71.0,cotonou/COTO,330.452052195156,54.4,57.1,0.5981162067354854
6.356187575780344,2.405698105162266,COTO,cotonou,6.352268,2.402957,529.0198226529905,21238.37353,9.0,100.0,109.0,570.0,10,15.035447120666504,34.80073014371902,10.071840161585857,5.035447120666504,0.002188818140540094,0.6496344207130852,0.0019893411795298263,0.6195621202206392,-0.0036287188529968263,0.18566808827905318,1,-1.0,-1.0,0,0,3,10,1,31.4,69.0,cotonou/COTO,218.02671877540922,64.7,65.4,0.23037603593715716
6.3706472307700315,2.361016428130935,COTO,cotonou,6.352268,2.402957,5065.868871656924,21238.37353,9.0,100.0,109.0,570.0,10,12.907895803451538,293.79672119743464,1.0866866027746307,2.907895803451538,-0.00015401329308997364,1.4447004178585354,-0.00013499464440299287,1.4364042622255142,0.002018610636393229,0.07679824289852441,1,-1.0,-1.0,0,0,2,8,1,32.0,71.0,cotonou/COTO,298.34231362650223,78.0,73.3,0.9184175828750744
6.382538286881204,2.3745890909881764,COTO,cotonou,6.352268,2.402957,4588.7298861154895,21238.37353,9.0,100.0,109.0,570.0,10,12.637079238891602,317.0366085094058,1.2030294667530257,2.6370792388916016,-0.00023180967098741635,1.1303406870801602,-0.00023358347372983478,1.1236610113574423,0.00044551304545647374,0.04059195055201466,1,-1.0,-1.0,0,0,1,3,1,32.1,54.0,cotonou/COTO,217.8231826505345,70.5,64.4,0.5448360624651168
6.371370828286982,2.3920978539154363,COTO,cotonou,6.352268,2.402957,2430.2862103206844,21238.37353,9.0,100.0,109.0,570.0,10,12.299573183059692,330.53602377306925,2.278581478497148,2.2995731830596924,-0.0005795377273759794,0.6887055548935578,-0.0005613574206120383,0.7237472204063835,-0.0004014072153564519,0.019086669388096743,1,-1.0,-1.0,0,0,1,13,1,33.0,67.0,cotonou/COTO,322.1257484275571,84.9,82.1,0.6996006673993829
6.355478578320097,2.3915566480514743,COTO,cotonou,6.352268,2.402957,1310.3563019790774,21238.37353,9.0,100.0,109.0,570.0,10,15.86599588394165,285.8213227360743,4.065479662335854,5.86599588394165,0.001627352111302329,0.6574058428939134,0.0014807699383168978,0.6650085549066654,-0.0015225675370958115,0.06359868985285387,1,-1.0,-1.0,0,0,4,5,1,31.0,71.0,cotonou/COTO,249.61182844569544,68.3,57.1,0.531437760129528
6.373823411633837,2.3944300859065004,COTO,cotonou,6.352268,2.402957,2563.661302313448,21238.37353,9.0,100.0,109.0,570.0,10,12.075940132141113,338.5384895289353,2.1651440136561626,2.0759401321411133,-0.0006321904271147971,1.0423691705420877,-0.0005774870966420029,1.0543777106718173,0.0010123888651529947,0.051796092755546835,1,-1.0,-1.0,0,0,1,5,1,33.0,67.0,cotonou/COTO,361.2210155846181,82.1,76.9,0.8448769577588353
6.370273549890541,2.3910231062295746,COTO,cotonou,6.352268,2.402957,2389.1809520465754,21238.37353,9.0,100.0,109.0,570.0,10,12.121613025665283,326.62740612651754,2.3220022405591547,2.121613025665283,-0.0006584655442511232,0.6775546586545261,-0.000672082009354258,0.7272201231108514,-0.0007610102494557698,0.03939922790969414,1,-1.0,-1.0,0,0,1,1,1,33.0,67.0,cotonou/COTO,340.2779183256066,82.1,86.3,0.747835432596711
6.353300796885586,2.373602170725636,COTO,cotonou,6.352268,2.402957,3249.8394887545037,21238.37353,9.0,100.0,109.0,570.0,10,14.049765586853027,272.0290812587222,1.6735289621654437,4.049765586853027,0.00010482389992530192,0.36675147367383926,0.0001636146856386165,0.3645443660770046,0.0020467522685480456,0.08015037555166869,1,-1.0,-1.0,0,0,3,12,1,29.6,72.0,cotonou/COTO,377.7671008703886,61.8,74.7,0.614471504239505
6.346701322127742,2.4041103857329755,COTO,cotonou,6.352268,2.402957,628.694489077536,21238.37353,9.0,100.0,109.0,570.0,10,12.415261507034302,168.36403210401272,8.733921433240292,2.4152615070343018,-0.0020503649635920445,0.4014767682086725,-0.002333711166692388,0.4893603421645204,-0.0035392308661639934,0.08623663327747864,1,-1.0,-1.0,0,0,1,1,1,31.0,71.0,cotonou/COTO,313.45464504453633,69.1,77.3,0.6419349749909556
6.376842052047565,2.3606545704695763,COTO,cotonou,6.352268,2.402957,5412.031917937259,21238.37353,9.0,100.0,109.0,570.0,10,13.005118131637573,300.30931455393375,1.0161663823509217,3.0051181316375732,-0.00012925843507545433,1.2345515376200196,-0.00014426134974578693,1.2280362182235036,-0.0006943543752034504,0.04253930611302378,1,-1.0,-1.0,0,0,2,10,1,31.0,75.0,cotonou/COTO,238.48215027541633,76.1,77.1,0.4976681277671774
6.37021715560893,2.3635633330083086,COTO,cotonou,6.352268,2.402957,4789.181312448207,21238.37353,9.0,100.0,109.0,570.0,10,12.012105941772461,294.6316604367977,1.160164365585558,2.012105941772461,-0.0003330733840451552,1.4633644011064348,-0.0003327376067393111,1.4596210986640452,0.0024209757645924884,0.11684512103182107,1,-1.0,-1.0,0,0,0,0,1,31.5,72.0,cotonou/COTO,319.6896352714521,78.0,78.0,0.529137756427794
6.3709136374105775,2.3927316568762347,COTO,cotonou,6.352268,2.402957,2351.94581552585,21238.37353,9.0,100.0,109.0,570.0,10,12.486603498458862,331.40898021828565,2.349845591132015,2.4866034984588623,-0.0005149316184128387,0.6588793576280623,-0.0005450924728142381,0.6959479047940236,-0.0013903180758158364,0.06385259628541602,1,-1.0,-1.0,0,0,2,3,1,33.0,67.0,cotonou/COTO,247.7688085695969,82.1,61.2,0.28190509106843653
6.347631216588667,2.3853304986219306,COTO,cotonou,6.352268,2.402957,2016.5002497609396,21238.37353,9.0,100.0,109.0,570.0,10,11.6312575340271,255.17580876076246,2.7644372040391962,1.6312575340270996,-0.0010175166176814659,0.5678818736100486,-0.001215492849701523,0.660524665089674,-0.018811398875586745,0.6907622203567874,1,-1.0,-1.0,0,0,2,3,1,31.0,75.0,cotonou/COTO,170.17425892305585,72.8,63.1,0.1280414716686641
6.36626809814077,2.413927379312881,COTO,cotonou,6.352268,2.402957,1967.294333138612,21238.37353,9.0,100.0,109.0,570.0,10,14.573589324951172,37.909835180358186,2.7479801652447584,4.573589324951172,0.00043767570245145546,0.4093623794173567,0.0003590762615203857,0.4071706224280483,-0.002272045612335205,0.10550060328294798,1,-1.0,-1.0,0,0,5,8,1,32.0,63.0,cotonou/COTO,281.80230889756126,65.5,57.9,0.5095490730113502
6.370923506495816,2.361467690053977,COTO,cotonou,6.352268,2.402957,5032.622926400789,21238.37353,9.0,100.0,109.0,570.0,10,12.774983167648315,294.34581498813645,1.0953762519925112,2.7749831676483154,-0.0001757100438036951,1.4388729428050606,-0.000110701200739452,1.4306733840847181,0.00526755678855562,0.12109344832074506,1,-1.0,-1.0,0,0,1,11,1,31.5,72.0,cotonou/COTO,394.064070171349,78.0,73.3,0.821991338911655
6.3477323999569135,2.38601931038515,COTO,cotonou,6.352268,2.402957,1939.9678493717822,21238.37353,9.0,100.0,109.0,570.0,10,12.857412338256836,254.92156320081986,2.837192026183816,2.857412338256836,-0.00047424731082276067,0.4351757814525577,-0.00040947477615887844,0.45566049953099685,-0.0026490827401479083,0.12774054590519915,1,-1.0,-1.0,0,0,1,2,1,31.0,75.0,cotonou/COTO,288.9775799261479,69.3,72.8,0.7994737409035262
6.384213751524624,2.367654704679988,COTO,cotonou,6.352268,2.402957,5266.462584444452,21238.37353,9.0,100.0,109.0,570.0,10,14.031815528869629,312.32102027880705,1.033081768932184,4.031815528869629,6.148757375464188e-05,1.1178158633566506,3.4936938839458736e-05,1.1148202616847387,-0.0019529660542805989,0.0905177950938941,0,4939.287554148304,-1.0,3,0,1,7,1,34.0,32.0,cotonou/COTO,379.59078834977134,55.8,68.0,0.9384928701711941
6.355016769578303,2.4049575349742276,COTO,cotonou,6.352268,2.402957,376.02590355002434,21238.37353,9.0,100.0,109.0,570.0,10,15.390875816345215,35.87895647439177,13.979245566974932,5.390875816345215,0.004441392149036448,0.65432465719099,0.003783345222473145,0.6739814786085503,0.0010287324587504069,0.04830060194633095,1,-1.0,-1.0,0,0,4,8,1,31.4,69.0,cotonou/COTO,218.02671877540922,65.4,64.7,0.0643190230739128
6.371693366352327,2.3642154320325046,COTO,cotonou,6.352268,2.402957,4794.50227128222,21238.37353,9.0,100.0,109.0,570.0,10,12.006584167480469,296.77381433484175,1.1589431215181505,2.0065841674804688,-0.00035425151387850445,1.39442874826271,-0.00027963378091155124,1.3907933034601552,0.0037931899042964712,0.07642753080900642,1,-1.0,-1.0,0,0,3,0,1,31.0,75.0,cotonou/COTO,325.1163282580652,76.5,78.0,0.936625474245169
6.35831233166224,2.3969894744589504,COTO,cotonou,6.352268,2.402957,939.5339259670476,21238.37353,9.0,100.0,109.0,570.0,10,14.851216793060303,315.5432588860983,5.722390462196356,4.851216793060303,0.0011919014155864715,0.453638660680249,0.0010589064201062392,0.447225160958728,-0.0015433081543644086,0.05612263050001682,1,-1.0,-1.0,0,0,2,7,1,31.0,71.0,cotonou/COTO,391.6664531205258,58.3,68.1,0.06402900703799341
6.370069437454027,2.392402905931616,COTO,cotonou,6.352268,2.402957,2288.8821315770942,21238.37353,9.0,100.0,109.0,570.0,10,12.616134881973267,329.4927786147068,2.411276642880622,2.6161348819732666,-0.00047223227364676334,0.5889352754743771,-0.0005248030026753744,0.613082568735481,-0.00252988338470459,0.09666779647950186,1,-1.0,-1.0,0,0,4,5,1,32.0,63.0,cotonou/COTO,247.7688085695969,61.2,82.1,0.3122295452052426
6.351779464007481,2.415071807866299,COTO,cotonou,6.352268,2.402957,1341.478250435512,21238.37353,9.0,100.0,109.0,570.0,10,15.9126296043396,92.32280962321761,3.96948474770964,5.9126296043396,0.0016338060520313406,0.7130427449325675,0.0013855922306683047,0.7237714969433043,-0.002799479166666667,0.10463636138990683,1,-1.0,-1.0,0,0,1,9,1,32.0,67.0,cotonou/COTO,331.6003083532061,69.85,58.1,0.8961530176238378
6.370823910150938,2.392696715010702,COTO,cotonou,6.352268,2.402957,2345.1202167490824,21238.37353,9.0,100.0,109.0,570.0,10,12.486603498458862,331.21026836894293,2.3566772431620513,2.4866034984588623,-0.0005149316184128387,0.655311040386683,-0.0005593818483643637,0.674911784724681,-0.00205310995815305,0.05989813039944786,1,-1.0,-1.0,0,0,2,1,1,32.0,63.0,cotonou/COTO,247.7688085695969,61.2,82.1,0.6749568033357928
6.356642232160722,2.390830721260557,COTO,cotonou,6.352268,2.402957,1426.195505353487,21238.37353,9.0,100.0,109.0,570.0,10,15.343296527862549,289.9492029628016,3.757156757721611,5.343296527862549,0.0011363229817814297,0.6678036153193359,0.0007256172498067221,0.6546975475314717,-0.005527182420094808,0.2828487966949118,1,-1.0,-1.0,0,0,5,9,1,32.6,66.0,cotonou/COTO,308.25641307206246,58.2,68.3,0.4192445499176687
6.370371891732624,2.392520688607416,COTO,cotonou,6.352268,2.402957,2311.174669506396,21238.37353,9.0,100.0,109.0,570.0,10,12.542938232421875,330.1913848160999,2.389857071632936,2.542938232421875,-0.0004974586331946218,0.6234657889694813,-0.0005780673129486744,0.6448560599374852,-0.003101810884048166,0.07945017522013471,1,-1.0,-1.0,0,0,2,2,1,32.0,63.0,cotonou/COTO,247.7688085695969,61.2,82.1,0.4576402560692303
6.365486904578236,2.3709609310753863,COTO,cotonou,6.352268,2.402957,3829.9786507393355,21238.37353,9.0,100.0,109.0,570.0,10,11.526708602905273,292.57438040956936,1.4578678934859806,1.5267086029052734,-0.0005723876590008871,1.3215663590660416,-0.0005673619417043833,1.3397680449408556,-0.000805400808652242,0.03784295090656767,1,-1.0,-1.0,0,0,0,3,1,31.0,63.0,cotonou/COTO,257.5295687877015,62.4,62.5,0.1547710881955049
6.373753920846327,2.3613347788168286,COTO,cotonou,6.352268,2.402957,5181.881432291654,21238.37353,9.0,100.0,109.0,570.0,10,13.20558786392212,297.45023349539997,1.0590729401884518,3.205587863922119,-8.558427429828385e-05,1.3338271608159729,-6.665597643171034e-05,1.3264011331322,0.002975342008802626,0.11258989911815959,1,-1.0,-1.0,0,0,0,10,1,31.5,72.0,cotonou/COTO,349.29744130181854,63.4,76.5,0.5706684298484146
6.364709396409871,2.3633330125806578,COTO,cotonou,6.352268,2.402957,4594.800013357167,21238.37353,9.0,100.0,109.0,570.0,10,11.610740423202515,287.5350804291416,1.21423307804481,1.6107404232025146,-0.0004537339850421591,1.3167154809094372,-0.00044419032276614613,1.3218350525398121,0.00020363727925109407,0.00930051792582944,1,-1.0,-1.0,0,0,0,0,1,33.0,48.0,cotonou/COTO,329.2530191203894,60.2,61.3,0.6031852236850822
6.3574601757271765,2.391040528346376,COTO,cotonou,6.352268,2.402957,1438.0460774834305,21238.37353,9.0,100.0,109.0,570.0,10,14.860360145568848,293.6736898843571,3.7454424244902027,4.860360145568848,0.0008009504940774706,0.667702228334732,0.0004998416304838154,0.6615482059513589,-0.004484514063842605,0.17228987475676288,1,-1.0,-1.0,0,0,3,11,1,31.0,71.0,cotonou/COTO,308.25641307206246,68.3,58.2,0.8848236904001929
6.365472519963008,2.3692923157089147,COTO,cotonou,6.352268,2.402957,4000.655709277189,21238.37353,9.0,100.0,109.0,570.0,10,11.498629570007324,291.53926146067397,1.3960989851098866,1.4986295700073242,-0.000549343747286061,1.329784661881828,-0.000550852775263091,1.3386286081857615,-0.00030999235238814225,0.012599960382410293,1,-1.0,-1.0,0,0,0,2,1,31.0,63.0,cotonou/COTO,257.5295687877015,62.4,62.5,0.874001849605792
6.3482876279844485,2.3807767147775154,COTO,cotonou,6.352268,2.402957,2493.213775783968,21238.37353,9.0,100.0,109.0,570.0,10,10.879392445087433,259.76599492712705,2.2537164708680844,0.8793924450874329,-0.0011220630908769275,0.7696383730237419,-0.0014360968551166355,0.8549633773613904,-0.024396158055988864,0.7275868145929211,1,-1.0,-1.0,0,0,0,0,1,32.0,71.0,cotonou/COTO,94.8968856180276,55.9,59.0,0.14963433014768324
6.382287048807327,2.36424498454632,COTO,cotonou,6.352268,2.402957,5418.925364878733,21238.37353,9.0,100.0,109.0,570.0,10,13.538169622421265,307.9655779369965,1.0092396408010287,3.5381696224212646,-3.109057305267495e-05,1.0957306369802882,-5.5376818922699394e-05,1.0902061613589347,-0.001617226998011271,0.07883360919466957,1,-1.0,-1.0,0,0,3,4,1,34.0,32.0,cotonou/COTO,196.14362722252218,55.8,70.4,0.4248644240926833
6.378583488311862,2.375979389448302,COTO,cotonou,6.352268,2.402957,4168.669674751403,21238.37353,9.0,100.0,109.0,570.0,10,11.813721179962158,314.46679775736703,1.3355232073020853,1.8137211799621582,-0.0004535131670629562,1.173343508874025,-0.00043466860888974383,1.1746102793572193,0.0008391987872147243,0.018660209179433892,1,-1.0,-1.0,0,0,0,5,1,31.0,63.0,cotonou/COTO,310.99815111988335,81.4,85.6,0.4915698050860503
6.368638103400725,2.40075,COTO,cotonou,6.352268,2.402957,1826.728818193679,21238.37353,9.0,100.0,109.0,570.0,10,13.399852275848389,352.36856683808935,2.995788129228608,3.3998522758483887,-0.00017534483639294996,0.5617248488815639,-0.0004477133496727141,0.5865329365498115,-0.00701027377048838,0.16889978179997822,1,-1.0,-1.0,0,0,3,11,1,32.0,63.0,cotonou/COTO,305.25,66.0,69.0,0.8611285093546114
6.364929987623672,2.3671216942278757,COTO,cotonou,6.352268,2.402957,4204.79449817988,21238.37353,9.0,100.0,109.0,570.0,10,11.488048553466797,289.57357898362864,1.3284887088034123,1.4880485534667969,-0.000524572785019029,1.2957549170078542,-0.0005217073109228286,1.304356099571089,-3.908342785305447e-05,0.001761948873203281,1,-1.0,-1.0,0,0,3,3,1,30.1,50.0,cotonou/COTO,309.4591612797848,58.0,63.0,0.025537181416185106
6.360744007635349,2.3641807373753183,COTO,cotonou,6.352268,2.402957,4391.3969408875955,21238.37353,9.0,100.0,109.0,570.0,10,12.083150386810303,282.40626739376,1.2642959008900807,2.0831503868103027,-0.00036821792455487255,1.0477422762831645,-0.00037959013250947997,1.056365705296272,-0.0006287306295076601,0.03212852007628632,0,3995.379180687311,3968.977996673959,3,14,1,1,1,33.0,39.0,cotonou/COTO,326.35698935364053,61.3,68.1,0.3446754359230563
6.367861807922548,2.40075,COTO,cotonou,6.352268,2.402957,1741.6881561722596,21238.37353,9.0,100.0,109.0,570.0,10,13.625324964523315,351.9934567634734,3.1343808804778837,3.6253249645233154,-4.6139248346878266e-05,0.5558678294214947,-0.0002074835125058737,0.5623679402211905,-0.002154816700584055,0.08459825761010649,1,-1.0,-1.0,0,0,3,12,1,32.0,63.0,cotonou/COTO,305.25,69.0,66.0,0.42116075543714127
6.345926205289494,2.400550622100051,COTO,cotonou,6.352268,2.402957,750.1624116695958,21238.37353,9.0,100.0,109.0,570.0,10,11.939920902252197,200.66260278112134,7.37228180843805,1.9399209022521973,-0.002356827503860448,0.5340194054269758,-0.002662200729364967,0.6346588321569208,-0.006209810908801033,0.1866039291267897,1,-1.0,-1.0,0,0,4,10,1,31.0,71.0,cotonou/COTO,393.11085268658167,69.1,75.8,0.5225505397582498
6.378698993521225,2.376145428186762,COTO,cotonou,6.352268,2.402957,4164.491726654514,21238.37353,9.0,100.0,109.0,570.0,10,11.815820097923279,314.7690944521301,1.3368336983363789,1.8158200979232788,-0.0004535183060369332,1.1790277651427392,-0.00043992934215717,1.179904884257213,0.0003363357649909125,0.015135109424591064,1,-1.0,-1.0,0,0,0,6,1,31.0,63.0,cotonou/COTO,310.99815111988335,85.6,81.4,0.5806209507661176
6.356484418993066,2.4102913877359007,COTO,cotonou,6.352268,2.402957,935.9045632463299,21238.37353,9.0,100.0,109.0,570.0,10,15.204526901245117,59.95290548486889,5.723019661516299,5.204526901245117,0.0015599327782789864,0.45395757127064107,0.0017161221580512642,0.46599605551162365,0.0012675699967358378,0.0706853652582135,1,-1.0,-1.0,0,0,2,9,1,32.0,71.0,cotonou/COTO,108.9214896151932,58.7,54.0,0.4883798613257062
6.383821150102015,2.3716333216085785,COTO,cotonou,6.352268,2.402957,4917.929478598163,21238.37353,9.0,100.0,109.0,570.0,10,12.917994022369385,315.3881356309728,1.1192501207764494,2.9179940223693848,-0.0001628503720099935,1.1208060944199205,-0.00018367581816923633,1.1140982471253074,-0.002345345417328658,0.05338147422680975,0,-1.0,4632.117945773821,0,2,2,12,1,31.8,57.0,cotonou/COTO,161.07626082067793,62.5,53.4,0.917764144703593
6.349095582760131,2.3808539079343882,COTO,cotonou,6.352268,2.402957,2470.543046781494,21238.37353,9.0,100.0,109.0,570.0,10,12.449012279510498,261.78369903738,2.238030354925356,2.449012279510498,-0.0005052125118822459,0.5689516038675873,-0.0004979426502479225,0.5919972059224217,-0.0006381156212959412,0.05139658853785182,1,-1.0,-1.0,0,0,1,1,1,32.0,71.0,cotonou/COTO,208.55006593135025,59.0,75.4,0.6660137109226402
6.371147241618293,2.36067868338751,COTO,cotonou,6.352268,2.402957,5122.404430686226,21238.37353,9.0,100.0,109.0,570.0,10,13.046303987503052,294.19736632632805,1.0731481628931885,3.0463039875030518,-0.0001235848798019854,1.4331317093229872,-0.00010576748230596098,1.4249078230002739,0.0018970413854143013,0.04330839751653694,1,-1.0,-1.0,0,0,1,2,1,32.0,71.0,cotonou/COTO,331.14855306943616,73.3,63.4,0.13280357557358946
6.367502290582355,2.3630457174093817,COTO,cotonou,6.352268,2.402957,4726.21283762108,21238.37353,9.0,100.0,109.0,570.0,10,11.520256400108337,291.0123704604559,1.1815773650931956,1.5202564001083374,-0.0004613365050609604,1.4492897124161177,-0.0004490289092063903,1.4544114058647968,0.0005239397287368774,0.023579280919297223,1,-1.0,-1.0,0,0,0,0,1,32.0,71.0,cotonou/COTO,352.5538937525515,78.0,61.3,0.48661690431814564
6.378491818753624,2.373931118832393,COTO,cotonou,6.352268,2.402957,4327.013212162596,21238.37353,9.0,100.0,109.0,570.0,10,11.781173706054688,312.2745669555563,1.2870983174999517,1.7811737060546875,-0.0004427167190902535,1.156345674260732,-0.00043708954227569455,1.1573695875803496,0.00012316438886854383,0.005613459545628762,1,-1.0,-1.0,0,0,1,0,1,30.0,70.0,cotonou/COTO,377.7671008703648,78.2,85.6,0.6658246510999403
6.379722893739405,2.3706746910815317,COTO,cotonou,6.352268,2.402957,4687.748733331501,21238.37353,9.0,100.0,109.0,570.0,10,12.094105243682861,310.5566857164264,1.1842588830674894,2.0941052436828613,-0.0003424386816166515,1.1446938663990236,-0.0003084710130889685,1.1430072772707498,0.00285291934714329,0.08412955343980585,1,-1.0,-1.0,0,0,1,10,1,30.7,55.0,cotonou/COTO,333.8960444509769,66.5,78.2,0.4948627790374571
6.370815132643111,2.392693296846596,COTO,cotonou,6.352268,2.402957,2344.4540376301306,21238.37353,9.0,100.0,109.0,570.0,10,12.486603498458862,331.1907670214197,2.357346140163138,2.4866034984588623,-0.0007060725133535641,0.6518110444003458,-0.0005604895812915924,0.6716125132606523,-0.0020826495028791487,0.06976232579829533,1,-1.0,-1.0,0,0,2,1,1,32.0,63.0,cotonou/COTO,247.7688085695969,61.2,82.1,0.6707368476494115
6.358620985735667,2.3968361241756337,COTO,cotonou,6.352268,2.402957,975.8138231793868,21238.37353,9.0,100.0,109.0,570.0,10,14.792621612548828,316.2428194873329,5.514380542839321,4.792621612548828,0.0011130894444229627,0.44077402998794196,0.0007461082595648414,0.4288537188475547,-0.003210989434714826,0.08492628640119433,1,-1.0,-1.0,0,0,3,4,1,33.0,63.0,cotonou/COTO,391.6664531205258,68.1,58.3,0.8382956532700251
6.371396871998043,2.3927971332164213,COTO,cotonou,6.352268,2.402957,2395.5269908726914,21238.37353,9.0,100.0,109.0,570.0,10,12.387707948684692,332.17293296717133,2.309503637470784,2.3877079486846924,-0.0005520138755245435,0.6991479188303396,-0.0005472206487888243,0.7320407027978765,-0.0005860567092895508,0.02190622898599251,1,-1.0,-1.0,0,0,1,9,1,33.0,67.0,cotonou/COTO,340.2779183256066,86.3,82.1,0.9371170719774002
6.379473604332762,2.3632322849039302,COTO,cotonou,6.352268,2.402957,5326.1809593466005,21238.37353,9.0,100.0,109.0,570.0,10,12.291919708251953,304.57301553122255,1.0402117561562572,2.291919708251953,-0.000304924417499473,1.1483355841854974,-0.0002868788330643265,1.1461070615158484,-0.004249487320582072,0.19855172232444532,0,5037.990807237666,4781.821783140836,4,8,1,13,1,31.0,75.0,cotonou/COTO,316.153254609243,76.1,78.2,0.9537410142443996
6.367127889917476,2.363083631400762,COTO,cotonou,6.352268,2.402957,4707.6828853821335,21238.37353,9.0,100.0,109.0,570.0,10,11.487766027450562,290.5574836771627,1.1866221168528874,1.4877660274505615,-0.0004708544420830922,1.4301429953948044,-0.0004543787588301024,1.4368708919080888,0.0006866571111807345,0.01884011432315546,1,-1.0,-1.0,0,0,0,1,1,32.0,71.0,cotonou/COTO,352.5538937525515,78.0,61.3,0.6050981273809767
6.354669058942255,2.3945181578869583,COTO,cotonou,6.352268,2.402957,970.6988573938246,21238.37353,9.0,100.0,109.0,570.0,10,15.370260238647461,285.9759843354892,5.509478238794505,5.370260238647461,0.0016800694995456273,0.5718450672371813,0.001663927123660133,0.5860812677977396,0.0009672959645589194,0.048502012036243256,1,-1.0,-1.0,0,0,0,12,1,32.6,66.0,cotonou/COTO,279.6517178563703,57.1,62.9,0.9069852013632793
6.363523919149886,2.3841003357710195,COTO,cotonou,6.352268,2.402957,2429.413901772836,21238.37353,9.0,100.0,109.0,570.0,10,12.849953889846802,300.9906603626807,2.2664388947873833,2.8499538898468018,-0.00035269034742818454,0.9053337028139656,-0.00047236282145760635,0.9269344113412262,-0.003546065346432792,0.11748166796364429,1,-1.0,-1.0,0,0,3,13,1,31.9,70.0,cotonou/COTO,160.52457568861385,62.4,54.4,0.042448058957700985
6.376288137357399,2.359474047508823,COTO,cotonou,6.352268,2.402957,5495.50435808472,21238.37353,9.0,100.0,109.0,570.0,10,13.130105018615723,299.0689835513306,0.999432059466937,3.1301050186157227,-0.0001045084086017332,1.248912031062431,-0.0001388019007528667,1.2456823571669708,-0.002365820645812361,0.09384782056197488,1,-1.0,-1.0,0,0,0,5,1,32.0,71.0,cotonou/COTO,324.64606281298086,72.1,77.1,0.9228533499304111
6.363555445427176,2.4159916483981885,COTO,cotonou,6.352268,2.402957,1907.3339846592462,21238.37353,9.0,100.0,109.0,570.0,10,15.098490238189697,48.93311916566864,2.8184994308486644,5.098490238189697,0.0006922842493085937,0.4174583121971125,0.0006619269197637387,0.4112927745305513,-0.0018306970596313479,0.0901879059603664,1,-1.0,-1.0,0,0,6,6,1,33.0,63.0,cotonou/COTO,306.3941828756752,57.9,65.7,0.7916543231001775
6.3820283198276115,2.363251240324137,COTO,cotonou,6.352268,2.402957,5489.033345828671,21238.37353,9.0,100.0,109.0,570.0,10,12.927932500839233,307.0248299172719,1.0027197266882222,2.9279325008392334,-0.0001447379469712027,1.0925370288772074,-0.00018243725629062523,1.0869222908134593,-0.004242876083688763,0.09820075966052727,0,5060.03073964166,5049.030672816352,2,8,1,5,1,31.8,31.0,cotonou/COTO,277.57990849483264,70.4,78.2,0.02067206895555007
6.350888328440549,2.3917835351474293,COTO,cotonou,6.352268,2.402957,1245.6198834250197,21238.37353,9.0,100.0,109.0,570.0,10,14.187602996826172,262.9184738714419,4.352768748329783,4.187602996826172,0.0003803614658677017,0.3230804185965313,0.00035621162616845335,0.3182139932483801,-0.0008704662322998047,0.03987392450324388,1,-1.0,-1.0,0,0,1,6,1,31.0,66.0,cotonou/COTO,229.63053738552546,73.7,54.4,0.018606039101362715
6.364445425552581,2.372724371095477,COTO,cotonou,6.352268,2.402957,3605.828463652586,21238.37353,9.0,100.0,109.0,570.0,10,11.715519309043884,292.06359179307276,1.5454529659374632,1.7155193090438843,-0.0005486149104830319,1.2269308865067914,-0.0005475307884895867,1.2374967890029314,-0.0006177126280551515,0.021714624302064806,1,-1.0,-1.0,0,0,1,8,1,33.0,49.0,cotonou/COTO,320.12677113920535,66.8,60.5,0.5161938304660968
6.357795324426234,2.3741732648709606,COTO,cotonou,6.352268,2.402957,3242.76319902606,21238.37353,9.0,100.0,109.0,570.0,10,13.36988353729248,280.93733811239906,1.6891811636462146,3.3698835372924805,-0.00010309109994030875,0.6598865764390156,-0.0001280205295108173,0.6659766788230578,-0.0009348476270326481,0.02690380243931731,1,-1.0,-1.0,0,0,3,10,1,32.0,63.0,cotonou/COTO,370.9625978450856,62.1,53.0,0.895932532596067
6.348723451286445,2.380630728909432,COTO,cotonou,6.352268,2.402957,2501.1075018724737,21238.37353,9.0,100.0,109.0,570.0,10,12.273452281951904,260.9253977542649,2.2147238650544585,2.2734522819519043,-0.0005688647429148356,0.6436436666325255,-0.0011612387821655866,0.7943110604660193,-0.012582235038280487,0.7727009950586263,1,-1.0,-1.0,0,0,0,4,1,32.0,71.0,cotonou/COTO,145.83304872345087,75.4,55.9,0.7072890943163794
6.357708578196282,2.391104244964845,COTO,cotonou,6.352268,2.402957,1442.8227554389389,21238.37353,9.0,100.0,109.0,570.0,10,14.597801685333252,294.79059497946434,3.7434598136922332,4.597801685333252,0.0006059933681877291,0.6641621731303717,0.0004498653994888305,0.6659342324425319,-0.004429289058032566,0.1648227576866615,1,-1.0,-1.0,0,0,4,7,1,31.0,71.0,cotonou/COTO,308.25641307206246,68.3,58.2,0.9771666157178459
6.368665050462242,2.3629279695734438,COTO,cotonou,6.352268,2.402957,4785.610643872548,21238.37353,9.0,100.0,109.0,570.0,10,11.74626111984253,292.40200875854936,1.1642112774420128,1.7462611198425293,-0.0003975583838433435,1.478781593782092,-0.0003778191996209416,1.4779235238450632,0.0019402384757995605,0.09276653350783272,1,-1.0,-1.0,0,0,0,0,1,30.1,50.0,cotonou/COTO,352.5538937525515,61.3,78.0,0.8813450829881739
6.362257677270299,2.3833434736220807,COTO,cotonou,6.352268,2.402957,2435.0520310899483,21238.37353,9.0,100.0,109.0,570.0,10,13.277169942855835,297.1351927411503,2.25115998635473,3.277169942855835,-0.00017472418343148578,0.8685210821418221,-0.00028572260790484617,0.8779459791227238,-0.004014059221193692,0.12916580329816565,1,-1.0,-1.0,0,0,2,5,1,33.0,63.0,cotonou/COTO,318.97004498850305,75.2,54.4,0.7980702099550732
6.3823734198655915,2.3754058791519164,COTO,cotonou,6.352268,2.402957,4513.937626002158,21238.37353,9.0,100.0,109.0,570.0,10,12.62464451789856,317.71470743456194,1.2231144411522166,2.6246445178985596,-0.0002458076126103322,1.1245242233634842,-0.00020533428732346347,1.1173643147184762,0.0018057664235432943,0.08221545991247231,1,-1.0,-1.0,0,0,1,4,1,32.1,54.0,cotonou/COTO,342.02592664884946,70.5,70.2,0.17643502129607358
6.369912432052845,2.398623911874103,COTO,cotonou,6.352268,2.402957,2009.2909175132677,21238.37353,9.0,100.0,109.0,570.0,10,12.360013723373413,346.2844187132724,2.753608062683251,2.360013723373413,-0.0006723371702107864,0.7320389548422253,-0.0007322542538411394,0.7816729608241643,-0.002876013326695277,0.08154582088509017,1,-1.0,-1.0,0,0,1,2,1,32.0,63.0,cotonou/COTO,390.0382688916548,69.0,86.5,0.6562000388571346
6.364969172551276,2.3710659132259866,COTO,cotonou,6.352268,2.402957,3797.700631729306,21238.37353,9.0,100.0,109.0,570.0,10,11.567285895347595,291.8393410726049,1.46964163414141,1.5672858953475952,-0.000568377082405464,1.2770159482239132,-0.0005607454659710867,1.297424995445126,-0.0006961911916732788,0.034645986795415896,1,-1.0,-1.0,0,0,1,8,1,30.0,55.0,cotonou/COTO,263.8369831922563,62.5,66.8,0.8943347298644532
6.371277596522513,2.3899770288691435,COTO,cotonou,6.352268,2.402957,2545.921787235604,21238.37353,9.0,100.0,109.0,570.0,10,11.931666493415833,325.83963691012815,2.1834579923007045,1.9316664934158325,-0.0006962058590907677,0.8145157133791979,-0.0006646225390240249,0.8494362894089766,0.0004517790425416972,0.01075401686154748,1,-1.0,-1.0,0,0,3,11,1,33.0,67.0,cotonou/COTO,271.69843466620387,73.3,84.9,0.9034434779006905
6.36567606268889,2.36800746471518,COTO,cotonou,6.352268,2.402957,4141.333476607127,21238.37353,9.0,100.0,109.0,570.0,10,11.458077549934387,291.1093022315861,1.3492531800367342,1.4580775499343872,-0.0005432182772673142,1.3419655178103551,-0.0005373789015270414,1.3576996667530812,-0.00012745857238769532,0.00503233230827632,1,-1.0,-1.0,0,0,3,1,1,30.1,50.0,cotonou/COTO,327.63056038773834,66.1,62.5,0.6565621851834192
6.374005412938363,2.3595797929531575,COTO,cotonou,6.352268,2.402957,5367.571444565272,21238.37353,9.0,100.0,109.0,570.0,10,13.809589624404907,296.7610867719057,1.0159971140846344,3.8095896244049072,2.09672177523523e-05,1.333081176290705,2.0548300628943154e-05,1.3274489467349826,0.0007700416776869032,0.028946430382322696,0,-1.0,4958.818508906995,0,1,2,8,1,31.5,72.0,cotonou/COTO,324.3499013411239,77.1,63.4,0.8200640622044386
6.36476520162658,2.372656959161783,COTO,cotonou,6.352268,2.402957,3626.0777222845472,21238.37353,9.0,100.0,109.0,570.0,10,11.695218205451965,292.54018990883617,1.5371473259258526,1.6952182054519653,-0.000554608722827851,1.2544182332090572,-0.0005483157912567056,1.273675216006352,-0.000205687681833903,0.007903449910771762,1,-1.0,-1.0,0,0,2,4,1,31.0,63.0,cotonou/COTO,344.695661852635,62.4,60.5,0.48972863068969497
6.3796905527066325,2.3724715492507205,COTO,cotonou,6.352268,2.402957,4535.716130731716,21238.37353,9.0,100.0,109.0,570.0,10,11.946753025054932,312.15025392030424,1.2258026826543658,1.9467530250549316,-0.00038601719496542954,1.15523350658996,-0.00036171470507095384,1.1544240151381646,0.0017844076060955782,0.050168797703423085,1,-1.0,-1.0,0,0,0,9,1,30.0,70.0,cotonou/COTO,377.7671008703648,78.2,85.6,0.11085522841080175
6.383646854963873,2.3743729740132817,COTO,cotonou,6.352268,2.402957,4694.985287879661,21238.37353,9.0,100.0,109.0,570.0,10,12.831120014190674,317.8466515751415,1.1734436183224486,2.831120014190674,-0.0001859599617636128,1.1000969909859954,-0.00021719658436975415,1.0933964947076003,-0.0011753065535268295,0.015085745064953936,1,-1.0,-1.0,0,0,2,13,1,31.0,59.0,cotonou/COTO,262.7208442434569,70.2,64.4,0.7096320427681551
6.383930458903224,2.373225096116981,COTO,cotonou,6.352268,2.402957,4804.259864727129,21238.37353,9.0,100.0,109.0,570.0,10,12.831238269805908,316.97965299074247,1.1467590318782341,2.831238269805908,-0.00018131535492575194,1.1030351251531794,-0.0001957787648698048,1.0998384531764887,-0.0008048176530128626,0.030735471809711656,1,-1.0,-1.0,0,0,2,9,1,31.8,57.0,cotonou/COTO,267.5261198461977,62.5,64.4,0.5601874158108265
6.350544348466128,2.4127436809115315,COTO,cotonou,6.352268,2.402957,1099.4554962127665,21238.37353,9.0,100.0,109.0,570.0,10,14.754030227661133,100.04851181149394,4.899450819043084,4.754030227661133,0.0010047498424384192,0.2860073905854078,0.0015342300749225184,0.34292156926688444,0.007631204501780564,0.2187589414702424,1,-1.0,-1.0,0,0,0,4,1,30.0,75.0,cotonou/COTO,374.95826287725737,75.1,70.9,0.18550744956438903
6.377790217762665,2.3748390630338316,COTO,cotonou,6.352268,2.402957,4200.472189305221,21238.37353,9.0,100.0,109.0,570.0,10,11.761256575584412,312.4074617560637,1.3261305974396271,1.7612565755844116,-0.0004632602022569372,1.1511421845939434,-0.0004544060834696595,1.1545326026105742,0.00012468364503648546,0.00531521733533273,1,-1.0,-1.0,0,0,0,0,1,31.0,63.0,cotonou/COTO,310.99815111988335,81.4,85.6,0.9873638983341892
6.3844062136818405,2.3719995809227785,COTO,cotonou,6.352268,2.402957,4935.840147514876,21238.37353,9.0,100.0,109.0,570.0,10,12.77942180633545,316.25102216451023,1.1167976800806123,2.779421806335449,-0.00020151237675398323,1.1072514984632185,-0.0001955759025619415,1.1009685387617876,-0.000702055295308431,0.045513808777894335,0,-1.0,4441.26698644124,0,1,4,8,1,31.8,57.0,cotonou/COTO,161.07626082067793,62.5,53.4,0.4421026976903809
6.369890641029088,2.4052839812030555,COTO,cotonou,6.352268,2.402957,1965.783000465199,21238.37353,9.0,100.0,109.0,570.0,10,13.878228187561035,7.476189186810302,2.77030999779583,3.878228187561035,8.648320882007329e-05,0.4684005880261529,1.8286938760794836e-05,0.47989303305513703,-0.0017942726612091065,0.08239954246939919,1,-1.0,-1.0,0,0,1,11,1,32.0,75.0,cotonou/COTO,258.69668668155117,75.5,68.0,0.6550286266562432
6.382282432211431,2.3642227992382647,COTO,cotonou,6.352268,2.402957,5420.552948064779,21238.37353,9.0,100.0,109.0,570.0,10,13.538169622421265,307.9453866237713,1.0089366676751697,3.5381696224212646,-3.109057305267495e-05,1.095617527173087,-5.5376818922699394e-05,1.0900970548011213,-0.001502188046773275,0.06759846210479736,1,-1.0,-1.0,0,0,3,5,1,31.8,31.0,cotonou/COTO,196.14362722252218,70.4,55.8,0.5623116984189476
6.363562260565304,2.3842594759483373,COTO,cotonou,6.352268,2.402957,2416.499153319408,21238.37353,9.0,100.0,109.0,570.0,10,12.849953889846802,301.291822497789,2.278538927619699,2.8499538898468018,-0.00038012774716090656,0.9126484390612524,-0.0004191973123205714,0.9338245096470026,-0.0021636903285980223,0.11746416089915511,0,-1.0,2290.5893777957513,0,3,3,12,1,33.0,63.0,cotonou/COTO,376.3702126895599,66.2,62.4,0.9677062099299995
6.3477271433000695,2.384975569789742,COTO,cotonou,6.352268,2.402957,2051.8812319831345,21238.37353,9.0,100.0,109.0,570.0,10,11.202352404594421,255.7444508943114,2.7287910484705,1.2023524045944214,-0.0012099705456535598,0.6248947267239486,-0.0015959605084898327,0.8374606027677429,-0.02121094216903051,0.9296434448763965,1,-1.0,-1.0,0,0,2,6,1,31.0,75.0,cotonou/COTO,170.17425892305585,72.8,63.1,0.367858250174543
6.3797419899357655,2.3708134878258083,COTO,cotonou,6.352268,2.402957,4677.430756020727,21238.37353,9.0,100.0,109.0,570.0,10,12.050280094146729,310.69836580767674,1.1874071035283047,2.0502800941467285,-0.000351849996818242,1.1444309511832813,-0.0003027983090956797,1.1412803892232881,0.003151681757456498,0.09460070830376756,1,-1.0,-1.0,0,0,0,12,1,30.7,55.0,cotonou/COTO,333.8960444509769,66.5,78.2,0.5414388677208569
6.371288507070059,2.3899710915014096,COTO,cotonou,6.352268,2.402957,2547.288622114622,21238.37353,9.0,100.0,109.0,570.0,10,11.931666493415833,325.84273793610095,2.1822875162763626,1.9316664934158325,-0.0006962058590907677,0.8145157133791979,-0.0006665272342310519,0.8494362894089766,0.000396542881537912,0.01075401686154748,1,-1.0,-1.0,0,0,3,12,1,33.0,67.0,cotonou/COTO,271.69843466620387,84.9,73.3,0.10163119537632648
6.370868556844909,2.3612134563357774,COTO,cotonou,6.352268,2.402957,5055.8168205288175,21238.37353,9.0,100.0,109.0,570.0,10,12.86355996131897,294.1514844789234,1.0893489106615624,2.8635599613189697,-0.00016635729246120717,1.4411600884630642,-0.0001402859566969249,1.4329152737411808,0.0020161430040995278,0.09083333048873336,1,-1.0,-1.0,0,0,2,11,1,32.0,71.0,cotonou/COTO,394.064070171349,73.3,78.0,0.10474245987816633
6.35455,2.3970023907301417,COTO,cotonou,6.352268,2.402957,705.4998431310203,21238.37353,9.0,100.0,109.0,570.0,10,15.460685729980469,291.0870087945548,7.552561124062003,5.460685729980469,0.0024171234619293496,0.5791107770532895,0.0022066259995484963,0.6056249295713376,0.0012414733568827311,0.0698830725432753,1,-1.0,-1.0,0,0,5,12,1,31.0,71.0,cotonou/COTO,375.179999999993,62.1,62.9,0.32473647037224806
6.356481043718741,2.376114658981455,COTO,cotonou,6.352268,2.402957,3006.164070971268,21238.37353,9.0,100.0,109.0,570.0,10,14.122153759002686,278.97582530450586,1.8077177880499267,4.1221537590026855,0.00013701726894567505,0.5456662830022315,0.00015835019728155283,0.5440730557060262,0.0011508722557702251,0.034732572738190914,1,-1.0,-1.0,0,0,4,10,1,31.5,70.0,cotonou/COTO,243.1128071492526,59.2,56.3,0.23669846398843275
6.372250410894834,2.389447636861881,COTO,cotonou,6.352268,2.402957,2667.8206272439697,21238.37353,9.0,100.0,109.0,570.0,10,11.961598515510559,326.10363664599225,2.0831388556436186,1.961598515510559,-0.0006526978280074822,0.8690603691403606,-0.0006421598322662241,0.8951571235394372,0.00017380714416503906,0.00848936410152132,1,-1.0,-1.0,0,0,0,14,1,33.0,67.0,cotonou/COTO,271.69843466620387,73.3,84.9,0.4509716768213464
6.3609388387523715,2.408530215728519,COTO,cotonou,6.352268,2.402957,1140.0386178376943,21238.37353,9.0,100.0,109.0,570.0,10,14.628901481628418,32.57022637255517,4.732090429452709,4.628901481628418,0.0008092405497150635,0.46956198059866505,0.000825136457935223,0.458154785862467,0.0013351407985587795,0.0484472013819308,1,-1.0,-1.0,0,0,4,7,1,31.6,70.0,cotonou/COTO,264.2872471383624,70.5,62.5,0.8799209135273822
6.37221906667094,2.4065353323615195,COTO,cotonou,6.352268,2.402957,2241.5851320617767,21238.37353,9.0,100.0,109.0,570.0,10,13.466620922088623,10.106670561004648,2.440393150099303,3.466620922088623,-0.00011139009081469531,0.4787739020471789,-0.0001366873324175418,0.5000903358174527,-0.0010955466164482965,0.044262226370613104,1,-1.0,-1.0,0,0,0,5,1,32.0,75.0,cotonou/COTO,338.55000000000837,75.5,80.8,0.7199019639264603
6.373861113860797,2.3595743570290026,COTO,cotonou,6.352268,2.402957,5360.98273043717,21238.37353,9.0,100.0,109.0,570.0,10,13.809589624404907,296.6050973675779,1.0172455248903034,3.8095896244049072,2.644143180336823e-05,1.3379188134000526,2.6641805308080364e-05,1.332421380867757,0.0012398322423299154,0.045603165181606425,0,-1.0,4952.731540544159,0,3,3,8,1,31.5,72.0,cotonou/COTO,324.3499013411239,63.4,77.1,0.13051844547846958
6.369640707574912,2.397189174985339,COTO,cotonou,6.352268,2.402957,2024.4213505158934,21238.37353,9.0,100.0,109.0,570.0,10,12.320505380630493,341.73944368250744,2.7341746766111745,2.320505380630493,-0.0006796500262092142,0.7070199392071919,-0.0007555873053414481,0.7737835481968919,-0.002659950653711955,0.1235882547191656,1,-1.0,-1.0,0,0,2,5,1,31.7,72.0,cotonou/COTO,256.52289722354817,86.5,73.4,0.3487228420225932
6.371352172877033,2.3901770338419417,COTO,cotonou,6.352268,2.402957,2540.353175531161,21238.37353,9.0,100.0,109.0,570.0,10,12.006492376327515,326.35538197958743,2.1865544361308933,2.0064923763275146,-0.0006597938362515061,0.7985999013593862,-0.0006565234670237106,0.8329018391741311,0.00022594663831922743,0.013600400541977226,1,-1.0,-1.0,0,0,3,13,1,33.0,67.0,cotonou/COTO,357.773164030067,84.9,81.4,0.09161457046513521
6.3661134897439355,2.3631863554689687,COTO,cotonou,6.352268,2.402957,4658.975761682348,21238.37353,9.0,100.0,109.0,570.0,10,11.49447238445282,289.30698307239993,1.1989415814602016,1.4944723844528198,-0.00047276048069326283,1.3837374842533932,-0.0004676291390842187,1.38834577751183,1.892513699001735e-05,0.004136992387493154,1,-1.0,-1.0,0,0,0,2,1,32.0,71.0,cotonou/COTO,352.5538937525515,78.0,61.3,0.9261108405265409
6.3525128324109446,2.388458208071182,COTO,cotonou,6.352268,2.402957,1604.3827214973574,21238.37353,9.0,100.0,109.0,570.0,10,14.79572582244873,270.9742049971154,3.3603685173382303,4.7957258224487305,0.0005801561477218789,0.36446010428801096,0.0005453681661969139,0.35819035370048685,-0.0030520280202229817,0.15043402142068452,1,-1.0,-1.0,0,0,4,11,1,31.0,71.0,cotonou/COTO,351.49863683938656,66.6,65.2,0.2658959391656637
6.362864108625661,2.3640062329002927,COTO,cotonou,6.352268,2.402957,4465.963642126204,21238.37353,9.0,100.0,109.0,570.0,10,11.62897253036499,285.3103009009375,1.2490171447000393,1.6289725303649902,-0.00046392499034853766,1.1995505477640696,-0.0004566045605075196,1.215677721958095,0.0003151637831427271,0.010828318574597545,1,-1.0,-1.0,0,0,0,2,1,33.0,48.0,cotonou/COTO,239.71117558433022,60.2,63.0,0.22721163565088565
6.364762971975762,2.4106129095940476,COTO,cotonou,6.352268,2.402957,1620.7512087459263,21238.37353,9.0,100.0,109.0,570.0,10,15.097142219543457,31.33890132399881,3.315887955365502,5.097142219543457,0.0008425156275431315,0.4545498041904774,0.0007903898046130225,0.4511705181057343,-0.0010387208726671008,0.040476195385241075,1,-1.0,-1.0,0,0,0,6,1,32.0,63.0,cotonou/COTO,273.522108978383,67.6,56.6,0.06044180716444736
6.352256784072171,2.388591243862858,COTO,cotonou,6.352268,2.402957,1589.4359669871333,21238.37353,9.0,100.0,109.0,570.0,10,14.803658962249756,269.95578525528254,3.391610377072371,4.803658962249756,0.0006868645357016842,0.35893437366475084,0.0005252409861859807,0.35367313446891563,-0.003870029954422113,0.10112954055602089,1,-1.0,-1.0,0,0,5,10,1,31.8,66.0,cotonou/COTO,351.49863683938656,65.2,66.6,0.6429836555768904
6.373852206469422,2.359574021476588,COTO,cotonou,6.352268,2.402957,5360.577311356773,21238.37353,9.0,100.0,109.0,570.0,10,13.809589624404907,296.5954556485131,1.0173224427391971,3.8095896244049072,2.6879953323649404e-05,1.3376290725173248,2.6641805308080364e-05,1.3321381883520553,0.0012398322423299154,0.045603165181606425,0,-1.0,4952.356995061066,0,3,3,8,1,31.5,72.0,cotonou/COTO,324.3499013411239,77.1,63.4,0.8725320310196232
6.37636035422939,2.3596005515466554,COTO,cotonou,6.352268,2.402957,5487.129125161804,21238.37353,9.0,100.0,109.0,570.0,10,13.021891832351685,299.2131273105523,1.002086824620661,3.0218918323516846,-0.0001291626374494252,1.24855338944299,-0.00018745282592830056,1.2420833174352306,-0.005365961031630781,0.12087671629346632,0,5168.2378533588135,5146.245351855158,1,2,0,6,1,32.0,71.0,cotonou/COTO,324.64606281298086,72.1,77.1,0.9726580892344802
6.35455,2.394855581020998,COTO,cotonou,6.352268,2.402957,931.1918598074153,21238.37353,9.0,100.0,109.0,570.0,10,15.33803939819336,285.8242253203039,5.743657222558182,5.338039398193359,0.0016990082959334057,0.5636732405282251,0.0016800694995456273,0.5695866652926785,0.0007891919877794054,0.029231889136611573,1,-1.0,-1.0,0,0,2,14,1,31.0,71.0,cotonou/COTO,375.179999999993,62.1,62.9,0.959887271894036
6.3481409681071135,2.3825286883276573,COTO,cotonou,6.352268,2.402957,2305.8286312173477,21238.37353,9.0,100.0,109.0,570.0,10,11.094428181648254,258.51103336390577,2.4313205839196543,1.0944281816482544,-0.0011743259713690223,0.6438931934863501,-0.0011654689216855035,0.774072957321671,-0.007272077601326382,0.2423311806724318,1,-1.0,-1.0,0,0,1,4,1,32.0,71.0,cotonou/COTO,377.3020461115892,55.9,63.1,0.5528663691293556
6.352411343895753,2.3919240074466956,COTO,cotonou,6.352268,2.402957,1220.7993543048426,21238.37353,9.0,100.0,109.0,570.0,10,14.672889709472656,270.7495700231084,4.41827591132653,4.672889709472656,0.0007852831507116799,0.32907441321053366,0.0007910811623861624,0.3273221169299799,0.0006066269344753689,0.022963403786284652,1,-1.0,-1.0,0,0,5,9,1,31.0,66.0,cotonou/COTO,229.63053738552546,73.7,54.4,0.757933929977007
6.35928132107705,2.3798032567912393,COTO,cotonou,6.352268,2.402957,2676.5607649862573,21238.37353,9.0,100.0,109.0,570.0,10,13.49510145187378,286.9512188526985,2.0435579579305716,3.4951014518737793,-7.847777119389289e-05,0.769997131922472,-0.00013192865280597493,0.7762845972630742,-0.0013408460404287,0.051079742158607486,1,-1.0,-1.0,0,0,0,1,1,32.0,63.0,cotonou/COTO,331.6838992172874,65.8,70.7,0.5264082161114397
6.348294828489815,2.3810841102900744,COTO,cotonou,6.352268,2.402957,2459.6024269084555,21238.37353,9.0,100.0,109.0,570.0,10,10.890208840370178,259.6436017416135,2.284230338898537,0.8902088403701782,-0.0011699826986837616,0.6835586827903027,-0.0011343817723859346,0.8120804066704274,-0.01623193119293437,0.6204668334747457,1,-1.0,-1.0,0,0,0,1,1,32.0,71.0,cotonou/COTO,377.3020461115892,55.9,63.1,0.12547641718176605
6.364298124799192,2.373172820055793,COTO,cotonou,6.352268,2.402957,3553.720883253709,21238.37353,9.0,100.0,109.0,570.0,10,11.758622884750366,292.1189549978121,1.5674080085321545,1.7586228847503662,-0.0005484185113461407,1.207498006797001,-0.0005486149104830319,1.2295438821965912,-0.0004156649112701416,0.023460301927712285,1,-1.0,-1.0,0,0,2,8,1,33.0,49.0,cotonou/COTO,320.12677113920535,66.8,60.5,0.6798613342310245
6.384935993760485,2.3734394898018896,COTO,cotonou,6.352268,2.402957,4869.958952057651,21238.37353,9.0,100.0,109.0,570.0,10,12.84788179397583,318.07828720526356,1.1310967766468834,2.84788179397583,-0.0001577438576964925,1.0745477106771306,-0.00017739133697434325,1.071363901435062,-0.0005578420311748504,0.025489577352388694,0,-1.0,4694.289090059579,0,4,2,7,1,31.0,59.0,cotonou/COTO,348.5682791075882,70.2,62.5,0.6498440121369962
6.351983015724926,2.415086152114844,COTO,cotonou,6.352268,2.402957,1342.3467053817203,21238.37353,9.0,100.0,109.0,570.0,10,15.860713481903076,91.35360343809782,3.969130160984705,5.860713481903076,0.0015953496650413226,0.710810481086257,0.0013468104896815951,0.7218955272610066,-0.0028302139706081818,0.12423151746686383,1,-1.0,-1.0,0,0,1,6,1,29.8,77.0,cotonou/COTO,331.6003083532061,58.1,69.85,0.17215292782746017
6.356464067672881,2.4106902736115257,COTO,cotonou,6.352268,2.402957,973.3431154109614,21238.37353,9.0,100.0,109.0,570.0,10,15.447038173675537,61.36709420549755,5.490124367357789,5.447038173675537,0.0018957799876563079,0.5086215381386598,0.0005691495582135222,0.5280849990186335,-0.008412201042882858,0.11294461679619987,1,-1.0,-1.0,0,0,4,10,1,32.0,71.0,cotonou/COTO,108.9214896151932,54.0,58.7,0.9186465423730861
6.351073145678334,2.391800581397516,COTO,cotonou,6.352268,2.402957,1241.4063402750328,21238.37353,9.0,100.0,109.0,570.0,10,14.187602996826172,263.85006378183255,4.367485714219825,4.187602996826172,0.00037952495934649537,0.3109923538301498,0.00035621162616845335,0.3064846867926714,-0.0014595985412597656,0.06802224451199954,1,-1.0,-1.0,0,0,0,8,1,31.0,71.0,cotonou/COTO,229.63053738552546,54.4,73.7,0.8916768551780697
6.374398363482854,2.35493658939239,COTO,cotonou,6.352268,2.402957,5849.474156175027,21238.37353,9.0,100.0,109.0,570.0,10,13.333918571472168,294.8802941034887,0.9369686814974187,3.333918571472168,-6.348135730209755e-05,1.3383335045970413,-6.131960454124282e-05,1.3316201606276314,0.0003250678380330404,0.011950425206371013,0,-1.0,5321.966466740405,0,13,0,0,1,31.0,63.0,cotonou/COTO,234.58846199256698,58.3,58.6,0.1950883967518917
6.362738162484951,2.363694910675486,COTO,cotonou,6.352268,2.402957,4495.603513398364,21238.37353,9.0,100.0,109.0,570.0,10,11.636088490486145,285.02219154678926,1.2406942090093285,1.636088490486145,-0.0004612996859063053,1.1945522140045373,-0.0004535148535337171,1.2105473185679807,-0.00019083020134934238,0.008253792588540112,1,-1.0,-1.0,0,0,1,2,1,33.0,39.0,cotonou/COTO,255.36031896131075,61.3,60.2,0.8871544029122721
6.371153249836603,2.3906456442582567,COTO,cotonou,6.352268,2.402957,2493.4103577988963,21238.37353,9.0,100.0,109.0,570.0,10,12.032027959823608,327.06192557685404,2.2270931696816776,2.0320279598236084,-0.000664668045346699,0.7614548513510468,-0.0006754537025001251,0.7797859075405084,-0.0011111135584467408,0.031298432282658654,1,-1.0,-1.0,0,0,2,10,1,33.0,67.0,cotonou/COTO,322.1257484275571,82.1,84.9,0.8063957288304191
6.35455,2.3969413483612914,COTO,cotonou,6.352268,2.402957,711.8108237375977,21238.37353,9.0,100.0,109.0,570.0,10,15.460685729980469,290.891588884953,7.4863622901772695,5.460685729980469,0.0024281733512968857,0.5791107770532895,0.002313387693837511,0.6072966697526945,0.00041020441345238486,0.01701153093296953,1,-1.0,-1.0,0,0,6,11,1,31.0,71.0,cotonou/COTO,375.179999999993,62.1,62.9,0.34279634281315197
6.376013218724035,2.3620268230503023,COTO,cotonou,6.352268,2.402957,5234.715656537998,21238.37353,9.0,100.0,109.0,570.0,10,12.81812334060669,300.27595524434275,1.052625574712655,2.8181233406066895,-0.00016930820828392392,1.2558147585869297,-0.00015081209875994036,1.2488260119818024,0.0013939181963602701,0.06737190850356577,1,-1.0,-1.0,0,0,2,6,1,31.0,75.0,cotonou/COTO,386.1779175456935,76.5,76.1,0.6184393747092788
6.355421114080226,2.3932431894108674,COTO,cotonou,6.352268,2.402957,1129.8899977306162,21238.37353,9.0,100.0,109.0,570.0,10,15.577566146850586,288.08795692764437,4.7266221871271465,5.577566146850586,0.0016408550111871017,0.6398781201082742,0.0016002837062353119,0.6474026773455523,0.0005864433849595215,0.027002567722529167,1,-1.0,-1.0,0,0,0,9,1,31.0,71.0,cotonou/COTO,279.6517178563703,62.9,57.1,0.6805578751762482
6.355605811034834,2.406320297639647,COTO,cotonou,6.352268,2.402957,524.138274663227,21238.37353,9.0,100.0,109.0,570.0,10,15.020464897155762,45.04120977297163,10.165283987502375,5.020464897155762,0.0021696507974770757,0.5792796938970601,0.0019689730803171797,0.5555212506443606,-0.002129181226094564,0.11427703402525205,1,-1.0,-1.0,0,0,7,5,1,31.4,69.0,cotonou/COTO,299.4984878091749,64.7,71.6,0.3841390299466261
6.370178396359526,2.3924453370438536,COTO,cotonou,6.352268,2.402957,2296.8732839978716,21238.37353,9.0,100.0,109.0,570.0,10,12.616134881973267,329.7460238896279,2.402897315185984,2.6161348819732666,-0.00047223227364676334,0.5944508657832819,-0.0005533547341069088,0.6413005695457568,-0.0025925099849700927,0.12388051828049332,1,-1.0,-1.0,0,0,4,3,1,33.0,67.0,cotonou/COTO,247.7688085695969,82.1,61.2,0.6353863656127048
6.351247540998186,2.3891156192678467,COTO,cotonou,6.352268,2.402957,1535.5721247870301,21238.37353,9.0,100.0,109.0,570.0,10,14.438292503356934,265.75830102140526,3.523868085962105,4.438292503356934,0.0004687827367048997,0.26083252653093175,0.0003727208744016742,0.2585777463661855,-0.0020674191568310013,0.06666068758398772,1,-1.0,-1.0,0,0,2,12,1,31.8,66.0,cotonou/COTO,351.49863683938656,65.2,66.6,0.2838224192831248
6.372208386289743,2.4035252876972724,COTO,cotonou,6.352268,2.402957,2206.061849688931,21238.37353,9.0,100.0,109.0,570.0,10,12.618533372879028,1.6223695265426272,2.501626020364002,2.6185333728790283,-0.0005192352912403223,0.7199632828541049,-0.0005036067544368275,0.7581079775415484,-0.0013511280218760173,0.06572479071870307,1,-1.0,-1.0,0,0,0,2,1,32.0,75.0,cotonou/COTO,331.4609434005665,86.5,75.5,0.5229624188458206
6.358291056503453,2.398017228760106,COTO,cotonou,6.352268,2.402957,861.6032620937256,21238.37353,9.0,100.0,109.0,570.0,10,14.800190448760986,320.81667598994693,6.239414140544093,4.800190448760986,0.0012565505915674668,0.3922845552698506,0.0009161106843089049,0.38576177548829516,-0.002680178647293497,0.04036337314715507,1,-1.0,-1.0,0,0,5,6,1,31.0,71.0,cotonou/COTO,382.2656929414359,58.3,62.4,0.2743280355342791
6.384524378804482,2.3751420398511187,COTO,cotonou,6.352268,2.402957,4711.142609965795,21238.37353,9.0,100.0,109.0,570.0,10,13.074990034103394,319.4053709641872,1.1664556426116646,3.0749900341033936,-0.00013426903262292244,1.0567072157815207,-9.17278490689033e-05,1.0502389945698007,0.0018807954525273778,0.058267862298758785,1,-1.0,-1.0,0,0,5,7,1,34.0,32.0,cotonou/COTO,262.7208442434569,64.4,70.2,0.7833588789223316
6.384945536629883,2.3726903745541725,COTO,cotonou,6.352268,2.402957,4926.694873671742,21238.37353,9.0,100.0,109.0,570.0,10,12.689083814620972,317.3719458001542,1.1199204301814945,2.6890838146209717,-0.00025850931263889625,1.083722426214016,-0.00020970416517168968,1.0807505927491892,-0.0007395554479108062,0.02998611334207161,0,-1.0,4709.485881245332,0,5,1,4,1,31.0,59.0,cotonou/COTO,348.5682791075882,70.2,62.5,0.8884157470787722
6.355494023989894,2.405259412764692,COTO,cotonou,6.352268,2.402957,438.37117032741094,21238.37353,9.0,100.0,109.0,570.0,10,15.409496784210205,35.34855271365052,12.051490735247244,5.409496784210205,0.003783345222473145,0.6738627850782547,0.0028111926283167703,0.6645998745956265,-0.0020848011817197693,0.04454152599471237,1,-1.0,-1.0,0,0,7,9,1,31.4,69.0,cotonou/COTO,218.02671877540922,65.4,64.7,0.351821680658684
6.372577772067008,2.356007487497892,COTO,cotonou,6.352268,2.402957,5659.20251072656,21238.37353,9.0,100.0,109.0,570.0,10,13.401272773742676,293.52457016911035,0.9677834755478076,3.401272773742676,-5.96035235698832e-05,1.3693962831838595,-6.379224034920202e-05,1.3623125324870826,-0.0009304742018381754,0.048246459537813285,0,-1.0,5398.3575052221295,0,3,2,6,1,32.0,71.0,cotonou/COTO,309.1504439589486,65.2,58.6,0.5785243689921377
6.3651884107844925,2.371314800185939,COTO,cotonou,6.352268,2.402957,3781.2245609206716,21238.37353,9.0,100.0,109.0,570.0,10,11.567285895347595,292.3373586422354,1.476042531656056,1.5672858953475952,-0.0005660793588879122,1.2936839765009334,-0.000571625227527476,1.3128337707909417,-0.000954497434686305,0.025480755773491823,1,-1.0,-1.0,0,0,1,2,1,33.0,49.0,cotonou/COTO,64.38956825449732,66.8,62.4,0.4800185939518653
6.365991090010211,2.408841472903604,COTO,cotonou,6.352268,2.402957,1651.3639390885676,21238.37353,9.0,100.0,109.0,570.0,10,14.56502914428711,23.081560351063047,3.2729542874378468,4.565029144287109,0.0005107367322558449,0.4070242978836888,0.0004056149690925241,0.4059594044964272,-0.0023003182058197874,0.06525901685100452,1,-1.0,-1.0,0,0,4,8,1,32.0,63.0,cotonou/COTO,335.1905947367722,58.8,56.6,0.6320570220222183
6.352722173182992,2.3919526761673633,COTO,cotonou,6.352268,2.402957,1218.559678974269,21238.37353,9.0,100.0,109.0,570.0,10,14.796333312988281,272.37857720758797,4.420594624084108,4.796333312988281,0.0008856438039764156,0.35192399912856726,0.0010915369646838258,0.35397821279743064,0.002951772681248955,0.0473071367573472,1,-1.0,-1.0,0,0,5,10,1,31.0,71.0,cotonou/COTO,229.63053738552546,54.4,73.7,0.09117806650847782
6.351037849546695,2.391797325929064,COTO,cotonou,6.352268,2.402957,1242.1859404605902,21238.37353,9.0,100.0,109.0,570.0,10,14.187602996826172,263.6716622284318,4.364755260849754,4.187602996826172,0.00037972492029627995,0.31579822578695893,0.0003562116261684534,0.3111802442607596,-0.0008704662322998047,0.03987392450324388,1,-1.0,-1.0,0,0,0,7,1,31.0,66.0,cotonou/COTO,229.63053738552546,73.7,54.4,0.09118910033741201
6.356485568504792,2.3770125075283053,COTO,cotonou,6.352268,2.402957,2908.1472779994047,21238.37353,9.0,100.0,109.0,570.0,10,13.981553316116333,279.290824243664,1.8713701235533502,3.981553316116333,9.810681014939904e-05,0.5536135462113916,0.00014133579056296262,0.5527566626001674,0.0027692467820727745,0.0779873598686946,1,-1.0,-1.0,0,0,2,13,1,33.0,63.0,cotonou/COTO,247.88812658137354,62.4,59.2,0.6762253943685933
6.370063302963025,2.397372565436785,COTO,cotonou,6.352268,2.402957,2062.6567415239183,21238.37353,9.0,100.0,109.0,570.0,10,12.160909652709961,342.6784964058676,2.6879896331507758,2.160909652709961,-0.0007654727007037178,0.7682035985530231,-0.0007669258565410203,0.8255674700448289,-0.0021355231602986652,0.0784822449220894,1,-1.0,-1.0,0,0,1,6,1,31.7,72.0,cotonou/COTO,256.52289722354817,86.5,73.4,0.14938539479929402
6.370240346348745,2.3614907391134636,COTO,cotonou,6.352268,2.402957,4999.789637637642,21238.37353,9.0,100.0,109.0,570.0,10,12.699857950210571,293.5646022157547,1.1034283344725269,2.6998579502105713,-0.00017923718884717673,1.4556054900239341,-0.00011816911310420889,1.447565002825899,0.004779586152809781,0.13772445214343917,1,-1.0,-1.0,0,0,1,15,1,32.0,71.0,cotonou/COTO,298.34231362650223,73.3,78.0,0.31408780071733433
6.369470082296242,2.399677745117777,COTO,cotonou,6.352268,2.402957,1936.6308538088551,21238.37353,9.0,100.0,109.0,570.0,10,12.643436431884766,349.2722056311872,2.8483877046723594,2.6434364318847656,-0.0005801753741399717,0.6907637018130288,-0.0005722024547519969,0.7300339242442588,-0.0016564627488454184,0.08181299688034906,1,-1.0,-1.0,0,0,1,14,1,31.7,72.0,cotonou/COTO,390.0382688916548,86.5,69.0,0.6690571351163298
6.363588027885456,2.3855073504528144,COTO,cotonou,6.352268,2.402957,2300.9638760661123,21238.37353,9.0,100.0,109.0,570.0,10,12.860806941986084,303.13505382083923,2.3925486234266478,2.860806941986084,-0.00038932309073001195,0.9104354790979938,-0.0003738392228324124,0.9238656020492453,-0.0016544182406754556,0.058476177565697125,1,-1.0,-1.0,0,0,8,7,1,31.9,70.0,cotonou/COTO,376.3702126895599,62.4,66.2,0.40039836366208437
6.357947944232768,2.3802993868032054,COTO,cotonou,6.352268,2.402957,2584.334619995559,21238.37353,9.0,100.0,109.0,570.0,10,13.44040846824646,284.1580058700871,2.1176313495325134,3.44040846824646,-0.00010213906737579699,0.6729049684479708,-0.00010383690519235796,0.6807310621453025,-0.0004034152654574943,0.017415159063880567,1,-1.0,-1.0,0,0,5,10,1,33.0,63.0,cotonou/COTO,346.04950975268054,62.4,70.7,0.9948479627210957
6.378233169338721,2.3746724966025674,COTO,cotonou,6.352268,2.402957,4247.101650455249,21238.37353,9.0,100.0,109.0,570.0,10,11.771234154701233,312.73004386388527,1.3114414248492043,1.771234154701233,-0.0004544031172291214,1.1582016341150563,-0.0004293626889486137,1.160573164021966,0.0007572940571740445,0.011561237796476585,1,-1.0,-1.0,0,0,2,3,1,31.0,63.0,cotonou/COTO,74.10445128334986,81.4,85.6,0.27629790824902056
6.382731597164587,2.374370501667737,COTO,cotonou,6.352268,2.402957,4620.867010918864,21238.37353,9.0,100.0,109.0,570.0,10,12.694075584411621,316.9991861061907,1.1939586808172664,2.694075584411621,-0.0002189425517986454,1.1256243536413455,-0.0002066344512384189,1.1189836681146257,0.0011429218156654211,0.02928136690030701,1,-1.0,-1.0,0,0,1,8,1,34.0,32.0,cotonou/COTO,217.8231826505345,64.4,70.5,0.3064637195489893
6.35601937156118,2.4061571801412076,COTO,cotonou,6.352268,2.402957,545.4082581528953,21238.37353,9.0,100.0,109.0,570.0,10,15.065118789672852,40.29206104147676,9.772100253574061,5.065118789672852,0.0023826795711851955,0.60555056830955,0.0019726129372914626,0.5885012792947516,-0.003920083575778537,0.14612937806091422,1,-1.0,-1.0,0,0,4,11,1,31.4,69.0,cotonou/COTO,299.4984878091749,64.7,71.6,0.2193738800077354
6.3557678841006675,2.3755948985818423,COTO,cotonou,6.352268,2.402957,3051.9897441723183,21238.37353,9.0,100.0,109.0,570.0,10,14.304221630096436,277.3351964013523,1.7771777707120324,4.3042216300964355,0.00020075254174199052,0.4926179510324019,0.00021463179376454927,0.48919449954900857,0.0012432037254840307,0.021005949108775367,1,-1.0,-1.0,0,0,4,4,1,29.6,72.0,cotonou/COTO,243.1128071492526,56.3,59.2,0.3603864975522981
6.372564109600021,2.3574398373166434,COTO,cotonou,6.352268,2.402957,5513.488319054499,21238.37353,9.0,100.0,109.0,570.0,10,13.644666910171509,294.16655595963323,0.9908270751754356,3.644666910171509,-1.3101938361635414e-05,1.3835033754638038,-5.7444350266541595e-06,1.3769554795987728,5.050235324435764e-05,0.012589002862502032,0,5281.457748513127,5226.212374574705,1,5,1,15,1,32.0,71.0,cotonou/COTO,396.8541073241009,65.2,58.3,0.06421233334216014
6.355132336942037,2.390577939089492,COTO,cotonou,6.352268,2.402957,1405.7750584527578,21238.37353,9.0,100.0,109.0,570.0,10,15.708624839782715,283.1065755919399,3.7967496080503387,5.708624839782715,0.0014110051239163775,0.6547095748712836,0.0010767391006297076,0.6510510770416283,-0.005376522960690526,0.14110770391711122,1,-1.0,-1.0,0,0,2,14,1,32.6,66.0,cotonou/COTO,249.61182844569544,57.1,68.3,0.9302174106170525
6.371718758889352,2.393098414715444,COTO,cotonou,6.352268,2.402957,2411.7614781976667,21238.37353,9.0,100.0,109.0,570.0,10,12.353310823440552,333.2649161814254,2.2947900077357866,2.3533108234405518,-0.000557070210146806,0.7673563208206293,-0.0005295868379523956,0.7926548223684062,0.00036813815434773767,0.018946074000281605,1,-1.0,-1.0,0,0,1,5,1,31.7,72.0,cotonou/COTO,361.2210155846181,76.9,82.1,0.9204513129631752
6.350639977264007,2.4139066574232677,COTO,cotonou,6.352268,2.402957,1224.7831675624275,21238.37353,9.0,100.0,109.0,570.0,10,15.357537269592285,98.50778805913785,4.372120795290404,5.357537269592285,0.0013003254652812287,0.47623961471237164,0.0003746647855192638,0.49783451524142674,-0.015422710230494232,0.2806383815143915,1,-1.0,-1.0,0,0,0,7,1,30.0,75.0,cotonou/COTO,285.3045504368927,75.1,58.1,0.450316068878722
6.372749182702216,2.393750391964311,COTO,cotonou,6.352268,2.402957,2483.475251188863,21238.37353,9.0,100.0,109.0,570.0,10,12.210705995559692,335.9279627676766,2.2318776150933446,2.2107059955596924,-0.0005953045390634744,0.9316812681681982,-0.000591450018041274,0.9525836264940385,0.00034347375233968096,0.01586847848068523,1,-1.0,-1.0,0,0,0,8,1,31.7,72.0,cotonou/COTO,361.2210155846181,76.9,82.1,0.5457517446487777
6.37556408041282,2.359638509878565,COTO,cotonou,6.352268,2.402957,5441.219673071173,21238.37353,9.0,100.0,109.0,570.0,10,13.396130323410034,298.42112787342205,1.0066005395163473,3.396130323410034,-4.953424874118672e-05,1.2700814403924965,-9.001276996865726e-05,1.2666350081384838,-0.0030796439303480212,0.09823136647503773,0,-1.0,5157.709229183697,0,2,2,4,1,31.5,72.0,cotonou/COTO,324.3499013411239,63.4,77.1,0.7137261687739735
6.3726323568086505,2.3573644810237817,COTO,cotonou,6.352268,2.402957,5524.176764561383,21238.37353,9.0,100.0,109.0,570.0,10,13.644666910171509,294.2030191563136,0.9889103559077435,3.644666910171509,-1.1229643950591186e-05,1.3805763868562215,-5.744435026654178e-06,1.3773671885489176,5.050235324435764e-05,0.012589002862502032,0,5280.625885161882,5225.273412571087,1,6,0,16,1,31.0,63.0,cotonou/COTO,396.8541073241009,58.3,65.2,0.9073513297289546
6.358815125939563,2.3967396684414197,COTO,cotonou,6.352268,2.402957,998.7036338203892,21238.37353,9.0,100.0,109.0,570.0,10,14.755845069885254,316.6567069122979,5.390837474979257,4.755845069885254,0.0010282878782234938,0.43470413899981575,0.0008824140184921593,0.42795780318815363,-0.0015743910477197826,0.05852697931032024,1,-1.0,-1.0,0,0,6,1,1,33.0,63.0,cotonou/COTO,391.6664531205258,68.1,58.3,0.7768588798852583
6.358638938702236,2.399798807293269,COTO,cotonou,6.352268,2.402957,786.4378958726106,21238.37353,9.0,100.0,109.0,570.0,10,14.64135456085205,333.77199622805824,6.841774956013108,4.641354560852051,0.0011686304936900304,0.33541673707721686,0.0010730432483644135,0.3335809521733341,-0.00037035026925988476,0.012124642418713628,1,-1.0,-1.0,0,0,4,3,1,31.0,75.0,cotonou/COTO,382.2656929414359,62.4,58.3,0.19857772388479156
6.351252758867692,2.414750753936953,COTO,cotonou,6.352268,2.402957,1309.6901488587846,21238.37353,9.0,100.0,109.0,570.0,10,15.777072429656982,94.94964645187702,4.071411159664258,5.777072429656982,0.0015682431784543127,0.6891411628571211,0.0010694037913454029,0.6984063757753022,-0.006470383509945552,0.16511732394000517,1,-1.0,-1.0,0,0,1,13,1,30.0,75.0,cotonou/COTO,285.3045504368927,75.1,58.1,0.8561317004581328
6.353258671548757,2.374699992611204,COTO,cotonou,6.352268,2.402957,3128.287432839509,21238.37353,9.0,100.0,109.0,570.0,10,14.169881820678711,272.02188775153314,1.736318127371321,4.169881820678711,0.00014694932907346694,0.3666328170244206,0.0001235301096838427,0.36657927076535074,-0.000976632411023593,0.03281784252368933,1,-1.0,-1.0,0,0,8,2,1,29.6,72.0,cotonou/COTO,267.64813860748006,56.3,78.1,0.7963099792520856
6.348329085094932,2.3807624788309254,COTO,cotonou,6.352268,2.402957,2493.9591897202527,21238.37353,9.0,100.0,109.0,570.0,10,12.225592136383057,259.8767435395481,2.222163348589921,2.2255921363830566,-0.00048453877746540105,0.671448981387886,-0.001425779084551149,0.8145551401899249,-0.02410382122330007,0.8581828133720554,1,-1.0,-1.0,0,0,0,1,1,32.0,71.0,cotonou/COTO,377.3020461115892,63.1,55.9,0.9696808192528756
6.383923234585087,2.3672166235806866,COTO,cotonou,6.352268,2.402957,5281.157415759468,21238.37353,9.0,100.0,109.0,570.0,10,14.138047695159912,311.7093540976784,1.0290556864489995,4.138047695159912,8.130870184672274e-05,1.1156498060263655,3.860738890622764e-05,1.113379611633458,-0.003371293779640271,0.10522250978783836,1,-1.0,-1.0,0,0,3,5,1,33.0,28.0,cotonou/COTO,379.59078834977134,68.0,55.8,0.2152197962503526
6.348868477526728,2.3806196582040666,COTO,cotonou,6.352268,2.402957,2499.8547401485225,21238.37353,9.0,100.0,109.0,570.0,10,12.273452281951904,261.29517507135,2.2158326320139934,2.2734522819519043,-0.0006540308266267955,0.615743048886128,-0.001197748788318098,0.7008185247312005,-0.019958669506937313,0.7288322209917268,1,-1.0,-1.0,0,0,0,3,1,32.0,71.0,cotonou/COTO,145.83304872345087,55.9,75.4,0.4034179593342251
6.369773355181331,2.3989552420680056,COTO,cotonou,6.352268,2.402957,1985.8651972308082,21238.37353,9.0,100.0,109.0,570.0,10,12.396221399307251,347.2002151427314,2.7849971843581796,2.396221399307251,-0.0006521243954179299,0.7458323887321148,-0.0006715866864896288,0.770233133563143,-0.0013749917348225913,0.05111925500218785,1,-1.0,-1.0,0,0,2,8,1,32.0,63.0,cotonou/COTO,390.0382688916548,69.0,86.5,0.5539376333315649
6.381268256028558,2.3632694818553146,COTO,cotonou,6.352268,2.402957,5437.424734434962,21238.37353,9.0,100.0,109.0,570.0,10,12.79792308807373,306.32736575847576,1.0136044601494505,2.7979230880737305,-0.0002918616763796374,1.1099685044442367,-0.0001811677429672018,1.1071728247223993,-0.002681887185840349,0.0888521762098469,0,-1.0,4957.9724532423,0,15,3,12,1,31.8,31.0,cotonou/COTO,277.57990849483264,70.4,78.2,0.3246975885767289
6.37078336476764,2.392680925702783,COTO,cotonou,6.352268,2.402957,2342.045267442853,21238.37353,9.0,100.0,109.0,570.0,10,12.549254894256592,331.1200937242287,2.358237801139928,2.549254894256592,-0.0004884964303125309,0.6485765963864523,-0.0005650751331335781,0.6701909278484144,-0.002204930885332098,0.06976232579829533,1,-1.0,-1.0,0,0,2,1,1,32.0,63.0,cotonou/COTO,247.7688085695969,61.2,82.1,0.6554638305961784
6.381626497172896,2.3755322865295194,COTO,cotonou,6.352268,2.402957,4443.804721850533,21238.37353,9.0,100.0,109.0,570.0,10,12.456855773925781,317.12880220880425,1.2445741935396233,2.4568557739257812,-0.0002796724071972056,1.1419525040895744,-0.00025400328968727215,1.1388635527559667,0.0022482433245760093,0.06070092484296918,1,-1.0,-1.0,0,0,4,0,1,31.0,63.0,cotonou/COTO,333.1849486397105,81.4,70.5,0.9172752735351094
6.373107277676263,2.3907183811014447,COTO,cotonou,6.352268,2.402957,2672.925949222042,21238.37353,9.0,100.0,109.0,570.0,10,12.252869844436646,329.729909145601,2.0729281467568277,2.2528698444366455,-0.0005385635517261647,0.8151326843875715,-0.0005414042280707167,0.8262338198012257,-9.560585021972656e-05,0.009765871849749306,1,-1.0,-1.0,0,0,1,14,1,33.0,67.0,cotonou/COTO,357.773164030067,81.4,84.9,0.3385462090053445
6.366106611511531,2.4140934277113075,COTO,cotonou,6.352268,2.402957,1964.7397332878015,21238.37353,9.0,100.0,109.0,570.0,10,14.6177978515625,38.651659652907995,2.750261424579853,4.6177978515625,0.00038189375241851395,0.4032208978143358,0.00036869738616195384,0.4011653893437859,-0.0025557239850362143,0.13464122199068232,1,-1.0,-1.0,0,0,3,4,1,32.0,63.0,cotonou/COTO,281.80230889756126,65.5,57.9,0.6007844567622627
6.362865562464474,2.3639955045725043,COTO,cotonou,6.352268,2.402957,4467.15121291831,21238.37353,9.0,100.0,109.0,570.0,10,11.62897253036499,285.30828530793633,1.2486852046074495,1.6289725303649902,-0.0004641638035350969,1.1999839340039191,-0.0004566462829103914,1.216129041890571,0.0003130637555315114,0.010828318574597545,1,-1.0,-1.0,0,0,0,1,1,33.0,39.0,cotonou/COTO,239.71117558433022,63.0,60.2,0.7778016016333651
6.372648091642319,2.3548339479044853,COTO,cotonou,6.352268,2.402957,5781.63398805415,21238.37353,9.0,100.0,109.0,570.0,10,13.243188619613647,293.0826912194343,0.9488597143832196,3.2431886196136475,-8.296614185975894e-05,1.3609438898383766,-8.634979994432279e-05,1.353981278771502,-0.000809413250653442,0.02531951827430225,0,-1.0,5306.589912883368,0,4,1,3,1,29.5,69.0,cotonou/COTO,249.20674248494376,51.6,58.6,0.9767227095601738
6.357038413114884,2.3794986884686584,COTO,cotonou,6.352268,2.402957,2648.5016051791035,21238.37353,9.0,100.0,109.0,570.0,10,13.641677856445312,281.56521154213465,2.062022665590837,3.6416778564453125,-2.4462014101864222e-05,0.6053594508704208,-2.8918082941727047e-05,0.6124303480526213,-0.0011205920208242407,0.058164608056449275,1,-1.0,-1.0,0,0,2,14,1,31.9,70.0,cotonou/COTO,346.04950975268054,70.7,62.4,0.39384054919493416
6.371914378165536,2.3568359102276144,COTO,cotonou,6.352268,2.402957,5546.047790828152,21238.37353,9.0,100.0,109.0,570.0,10,13.419352769851685,293.2031804224636,0.9873383374661278,3.4193527698516846,-4.978178870655112e-05,1.3871736093185028,-5.7428065893271816e-05,1.3798971871427095,0.00013716485765245218,0.017477356866450754,0,-1.0,4990.331579322325,0,3,0,3,1,32.0,71.0,cotonou/COTO,399.3609701761259,65.2,51.6,0.25547517240454265
6.358939953592336,2.365771034614591,COTO,cotonou,6.352268,2.402957,4179.88713290828,21238.37353,9.0,100.0,109.0,570.0,10,13.122670888900757,280.23548845365383,1.3140075338624724,3.122670888900757,-0.00012237610467315943,0.7579341534185445,-0.00014000481406180372,0.7606755206482357,0.0006487654595067386,0.025703681956458904,1,-1.0,-1.0,0,0,0,0,1,33.0,39.0,cotonou/COTO,398.169857472909,55.2,61.3,0.3323479861037296
6.348006153491207,2.3814040007910244,COTO,cotonou,6.352268,2.402957,2430.7751849634424,21238.37353,9.0,100.0,109.0,570.0,10,10.953526198863983,258.7486395555211,2.3098004308526265,0.9535261988639832,-0.0011331132655281097,0.8817673361231715,-0.0011058093314189987,0.9682300602821913,0.0,0.0,1,-1.0,-1.0,0,0,0,1,1,32.0,71.0,cotonou/COTO,94.8968856180276,55.9,59.0,0.9538471679802676
6.362158462954357,2.406755218201049,COTO,cotonou,6.352268,2.402957,1171.7160977183387,21238.37353,9.0,100.0,109.0,570.0,10,15.01980209350586,20.889990825340078,4.585723596540109,5.019802093505859,0.0010940088828404744,0.44484948504894095,0.00114904925777459,0.4453338529311224,0.0018030514575100552,0.054678267848467896,1,-1.0,-1.0,0,0,2,14,1,32.0,63.0,cotonou/COTO,373.8657305772486,58.8,70.5,0.7520556747306248
6.3641863599837745,2.3633879757305185,COTO,cotonou,6.352268,2.402957,4571.9914779944065,21238.37353,9.0,100.0,109.0,570.0,10,11.638168811798096,286.86259306637635,1.2199451854140446,1.6381688117980957,-0.000450723882853855,1.2872759300224144,-0.00044275168449647975,1.2986033846095972,0.00014216303825378417,0.006508837161737735,1,-1.0,-1.0,0,0,0,0,1,30.1,50.0,cotonou/COTO,329.2530191203894,61.3,60.2,0.5741152597373899
6.3748633216423505,2.3557864854564357,COTO,cotonou,6.352268,2.402957,5786.219477421858,21238.37353,9.0,100.0,109.0,570.0,10,13.443965673446655,295.7359061867204,0.9461203218707602,3.4439656734466553,-4.694656251258868e-05,1.3277321888211697,-4.329400184826971e-05,1.3211532444561285,-0.00030306710137261285,0.013805973871727061,0,-1.0,5218.033596873418,0,8,1,5,1,31.0,63.0,cotonou/COTO,241.37076977131866,58.3,72.1,0.3808688739334427
6.354625675340547,2.3945917066492295,COTO,cotonou,6.352268,2.402957,961.5623904171136,21238.37353,9.0,100.0,109.0,570.0,10,15.370260238647461,285.8328362817358,5.561500916522866,5.370260238647461,0.0016800694995456273,0.5695866652926785,0.0017469192882991942,0.5762606522810064,0.001675663444101206,0.04302114568156001,1,-1.0,-1.0,0,0,0,15,1,31.0,71.0,cotonou/COTO,279.6517178563703,62.9,57.1,0.05912135980196276
6.38327363391669,2.375432184107955,COTO,cotonou,6.352268,2.402957,4585.921460108364,21238.37353,9.0,100.0,109.0,570.0,10,12.87885332107544,318.58088531121047,1.2007466298648093,2.8788533210754395,-0.00017871041385262437,1.0950634197390383,-0.0001684305448175952,1.0881172467611546,0.000875228189083265,0.01979370844915589,1,-1.0,-1.0,0,0,2,10,1,31.0,59.0,cotonou/COTO,342.02592664884946,70.2,70.5,0.531287689386488
6.372028326371311,2.357013880878903,COTO,cotonou,6.352268,2.402957,5532.90089657282,21238.37353,9.0,100.0,109.0,570.0,10,13.459506034851074,293.4040301804572,0.9892682342128738,3.459506034851074,-4.459196382814701e-05,1.3857606509132325,-4.525358876655022e-05,1.3785723027079015,-0.00023261109987894694,0.019799184727132286,0,-1.0,4989.589986889316,0,5,0,4,1,29.5,69.0,cotonou/COTO,399.3609701761259,51.6,65.2,0.8032610161395691
6.373489958823129,2.357405913293267,COTO,cotonou,6.352268,2.402957,5559.354976333113,21238.37353,9.0,100.0,109.0,570.0,10,13.837096691131592,295.1188282182967,0.9806713725741145,3.837096691131592,2.331635430722245e-05,1.3664940770104905,1.269321544838886e-05,1.3635253957621603,-0.0009234959912821916,0.02893312291405852,0,-1.0,5369.958113411944,0,3,0,0,1,32.0,71.0,cotonou/COTO,286.930169205042,65.2,72.1,0.425180639026842
6.360469156456625,2.395917887456677,COTO,cotonou,6.352268,2.402957,1195.4469195602003,21238.37353,9.0,100.0,109.0,570.0,10,13.934663772583008,319.53518705876746,4.546754936611265,3.934663772583008,0.00017070105201187706,0.37601093308351435,6.473934839642241e-05,0.3915198516533549,-0.0029021607504950628,0.10965358100581239,1,-1.0,-1.0,0,0,3,1,1,31.0,71.0,cotonou/COTO,391.6664531205258,58.3,68.1,0.7465684989319489
6.362665833931431,2.3986293404127745,COTO,cotonou,6.352268,2.402957,1245.5803378654098,21238.37353,9.0,100.0,109.0,570.0,10,14.75169563293457,337.5278899367779,4.327107161634638,4.75169563293457,0.000829130316537524,0.3963016172247287,0.0004637546611554695,0.3880331228819937,-0.005781853199005127,0.26545596270329985,1,-1.0,-1.0,0,0,3,13,1,33.0,63.0,cotonou/COTO,392.99957175554596,68.1,56.6,0.9626440906421622
6.3565288396015,2.379050089563714,COTO,cotonou,6.352268,2.402957,2686.705591003544,21238.37353,9.0,100.0,109.0,570.0,10,13.761051416397095,280.16799825915854,2.0301836993094518,3.7610514163970947,1.588680555067328e-05,0.5599040266809011,-4.319609075352744e-06,0.5703112149088644,-0.0018269598484039306,0.08015045864268358,1,-1.0,-1.0,0,0,4,10,1,31.9,70.0,cotonou/COTO,346.04950975268054,70.7,62.4,0.6116070079057336
6.370148037830921,2.3924335147322338,COTO,cotonou,6.352268,2.402957,2294.642232532497,21238.37353,9.0,100.0,109.0,570.0,10,12.616134881973267,329.67564240883087,2.4052308792134904,2.6161348819732666,-0.00047223227364676334,0.5933615443395097,-0.0007936111815591186,0.6377795521798212,-0.007337574822151237,0.11115311414716071,1,-1.0,-1.0,0,0,4,2,1,33.0,67.0,cotonou/COTO,247.7688085695969,82.1,61.2,0.6499818120573453
6.355302329744765,2.391058452078535,COTO,cotonou,6.352268,2.402957,1358.5517954155694,21238.37353,9.0,100.0,109.0,570.0,10,15.788703918457031,284.3918733107042,3.9249569079346203,5.788703918457031,0.0015084873075070586,0.6545016911321574,0.001376487814377687,0.654220946442393,-0.0021011915006325346,0.06968040782598608,1,-1.0,-1.0,0,0,3,10,1,32.6,66.0,cotonou/COTO,249.61182844569544,57.1,68.3,0.7035603403135624
6.355319353500132,2.3739501820376363,COTO,cotonou,6.352268,2.402957,3227.01282862827,21238.37353,9.0,100.0,109.0,570.0,10,14.581372737884521,276.04355263408365,1.675929471981919,4.5813727378845215,0.0002698707727738369,0.4329829615811705,0.0002941382292545203,0.42947325095383065,0.0010470231374104819,0.051480734814354334,1,-1.0,-1.0,0,0,1,14,1,29.6,72.0,cotonou/COTO,182.1212014017086,61.8,56.3,0.27171730718293974
6.3727238987575365,2.3599225913021478,COTO,cotonou,6.352268,2.402957,5271.338451241987,21238.37353,9.0,100.0,109.0,570.0,10,13.558160781860352,295.5634325980027,1.0372730174462625,3.5581607818603516,-1.3272673920621107e-05,1.3852717273333353,-1.492464587036593e-05,1.3783626273367797,0.0024016141891479493,0.0882499694671756,1,-1.0,-1.0,0,0,0,5,1,32.0,71.0,cotonou/COTO,331.14855306943616,73.3,63.4,0.7189214712032007
6.36544439291913,2.4147743530436063,COTO,cotonou,6.352268,2.402957,1957.7389887140564,21238.37353,9.0,100.0,109.0,570.0,10,14.844311237335205,41.711249111591485,2.753467121834067,4.844311237335205,0.0005744039410292501,0.40706193093409176,0.00046508051269683083,0.40551121368619,-0.003620968924628364,0.13911468537400498,1,-1.0,-1.0,0,0,4,11,1,32.0,63.0,cotonou/COTO,281.80230889756126,65.5,57.9,0.9749192547287464
6.373294121240851,2.363124008244875,COTO,cotonou,6.352268,2.402957,4982.8561000669215,21238.37353,9.0,100.0,109.0,570.0,10,12.477025032043457,297.9762569489117,1.1097385527663721,2.477025032043457,-0.0002455022758590485,1.3381223339129804,-0.0002070282140507681,1.3345748896195493,0.0029888420576990858,0.08648381656887412,1,-1.0,-1.0,0,0,1,1,1,31.5,72.0,cotonou/COTO,325.1163282580652,78.0,76.5,0.7248434879545471
6.370478437827011,2.3925621801153265,COTO,cotonou,6.352268,2.402957,2319.1090063445936,21238.37353,9.0,100.0,109.0,570.0,10,12.542938232421875,330.434248039632,2.3816901170521927,2.542938232421875,-0.0004974586331946219,0.6242806540072905,-0.0005758804881872687,0.6468880175788602,-0.0034815186109759463,0.10840047392970421,1,-1.0,-1.0,0,0,2,3,1,33.0,67.0,cotonou/COTO,247.7688085695969,82.1,61.2,0.4911356600904959
6.356743249673216,2.3766441039828243,COTO,cotonou,6.352268,2.402957,2953.028357295771,21238.37353,9.0,100.0,109.0,570.0,10,13.951419591903687,279.71239229412737,1.8435322614225542,3.9514195919036865,8.229904303245667e-05,0.5652469722471737,0.0001347522137582105,0.5621706881042103,0.0016898055871327718,0.08333527653243981,1,-1.0,-1.0,0,0,0,11,1,31.5,70.0,cotonou/COTO,247.88812658137354,59.2,62.4,0.12246119280011225
6.356902787962495,2.3764099056530377,COTO,cotonou,6.352268,2.402957,2981.5585616785274,21238.37353,9.0,100.0,109.0,570.0,10,14.04482364654541,279.96477398455636,1.8241106044245328,4.04482364654541,0.0001126107374827067,0.5765695604740984,8.422806372050367e-05,0.5774890222530383,0.00011091430981953938,0.03405951827839556,1,-1.0,-1.0,0,0,0,7,1,32.4,63.0,cotonou/COTO,241.82719946273568,53.0,59.2,0.9951931681131032
6.366748668649048,2.363122033554527,COTO,cotonou,6.352268,2.402957,4689.216212265077,21238.37353,9.0,100.0,109.0,570.0,10,11.480996012687683,290.0930723409116,1.1913765117958695,1.480996012687683,-0.0004726104928682817,1.4167808936301156,-0.00046340105441983615,1.4205667226117988,0.0003809404166916332,0.012393397013142996,1,-1.0,-1.0,0,0,0,3,1,30.1,50.0,cotonou/COTO,352.5538937525515,61.3,78.0,0.27489514210399035
6.3797671467718855,2.372378288884232,COTO,cotonou,6.352268,2.402957,4549.052051671575,21238.37353,9.0,100.0,109.0,570.0,10,11.947649955749512,312.14269879243915,1.2221989409185616,1.9476499557495117,-0.00038567982360181006,1.1549869769370105,-0.0003635530864005481,1.1533435281020128,0.0011770993471145628,0.054066255612365645,1,-1.0,-1.0,0,0,0,6,1,31.0,63.0,cotonou/COTO,377.7671008703648,85.6,78.2,0.9246049869840884
6.36985228830535,2.390401197310174,COTO,cotonou,6.352268,2.402957,2389.825399793981,21238.37353,9.0,100.0,109.0,570.0,10,11.931247353553772,324.63968560477866,2.325933259162436,1.931247353553772,-0.0007543197379520206,0.7236914877960773,-0.0007849309628446758,0.7747160561431055,-0.002032834549488341,0.05239759940834964,1,-1.0,-1.0,0,0,0,5,1,33.0,67.0,cotonou/COTO,203.52690731203887,86.3,61.2,0.017526578749642363
6.355477870229775,2.3753835325403445,COTO,cotonou,6.352268,2.402957,3071.316996200869,21238.37353,9.0,100.0,109.0,570.0,10,14.415698528289795,276.68219928861856,1.7639237690779073,4.415698528289795,0.0002293550466642411,0.46309377753972597,0.00022659385015094091,0.4590281894950787,0.0004843791325887044,0.02769477518554126,1,-1.0,-1.0,0,0,4,5,1,29.6,72.0,cotonou/COTO,243.1128071492526,56.3,59.2,0.19653685298032808
6.384915110453835,2.375078829373927,COTO,cotonou,6.352268,2.402957,4748.483167886864,21238.37353,9.0,100.0,109.0,570.0,10,13.307938575744629,319.6817799370189,1.1544758699367468,3.307938575744629,2.823569697842103e-05,1.0441369682923998,-7.380250037838845e-05,1.0411694849877375,0.0023167223712445206,0.09156878866753061,1,-1.0,-1.0,0,0,2,4,1,31.0,59.0,cotonou/COTO,348.5682791075882,70.2,62.5,0.12776134588304744
6.3783880066743235,2.3624393266142882,COTO,cotonou,6.352268,2.402957,5332.834911851524,21238.37353,9.0,100.0,109.0,570.0,10,12.191673994064331,302.9719435150786,1.0399908163545282,2.191673994064331,-0.00028703287574502874,1.1880063254102884,-0.00031378242704603403,1.1866376287238434,-0.0024428685506184896,0.10077665436208127,0,-1.0,5097.71994579795,0,6,0,5,1,31.0,75.0,cotonou/COTO,316.153254609243,76.1,78.2,0.4817420323145938
6.3812353071986045,2.3758058014708943,COTO,cotonou,6.352268,2.402957,4391.542855928975,21238.37353,9.0,100.0,109.0,570.0,10,12.317586183547974,317.03189278553657,1.261196744384941,2.3175861835479736,-0.0003150578799431556,1.148957174563887,-0.00030097465387126743,1.143556740132482,0.0008875032265981038,0.0418320706356134,1,-1.0,-1.0,0,0,3,4,1,32.1,54.0,cotonou/COTO,333.1849486397105,70.5,81.4,0.24174504121769602
6.3795477317918365,2.3727936410709987,COTO,cotonou,6.352268,2.402957,4498.673390710588,21238.37353,9.0,100.0,109.0,570.0,10,11.888302087783813,312.30420197359183,1.2366370982694261,1.8883020877838135,-0.00040415318806966155,1.1620200776899758,-0.00038601719496542954,1.16140370126508,0.0006494548585679797,0.029225468635559082,1,-1.0,-1.0,0,0,0,10,1,31.0,63.0,cotonou/COTO,319.0936288927952,81.4,78.2,0.7485077577874227
6.381356620543416,2.364144022815573,COTO,cotonou,6.352268,2.402957,5365.446460698392,21238.37353,9.0,100.0,109.0,570.0,10,13.357852220535278,307.02235767779973,1.0212218402439244,3.3578522205352783,-6.070095614567029e-05,1.1045837207269855,-0.00010508523719370767,1.0984840037625676,-0.0015095756019874874,0.026615486731227423,0,5064.379324627139,5042.874529193478,1,5,3,11,1,30.7,55.0,cotonou/COTO,344.11074176779897,66.5,70.4,0.6290361761107449
6.3707497583053225,2.3901641055161233,COTO,cotonou,6.352268,2.402957,2486.0978421427158,21238.37353,9.0,100.0,109.0,570.0,10,11.890429615974426,325.4755280113205,2.2368956110265286,1.8904296159744263,-0.0007332420861622641,0.7806584646736663,-0.0006879810837410829,0.8208526101661708,0.0001484788279483702,0.019121713912127674,1,-1.0,-1.0,0,0,2,5,1,33.0,67.0,cotonou/COTO,137.85914006689853,86.3,84.9,0.7353374424155623
6.380008750310379,2.366363645739767,COTO,cotonou,6.352268,2.402957,5079.618005319726,21238.37353,9.0,100.0,109.0,570.0,10,13.18675422668457,307.3378821871068,1.0806016682913864,3.1867542266845703,-0.00010200729557112141,1.129818716055008,-8.200439534405375e-05,1.1266731788114026,0.001478739594647827,0.049597060476190814,1,-1.0,-1.0,0,0,1,7,1,30.7,55.0,cotonou/COTO,398.73109698140775,66.5,66.5,0.19876998298510506
6.3789954365072985,2.376138475940807,COTO,cotonou,6.352268,2.402957,4188.110696392379,21238.37353,9.0,100.0,109.0,570.0,10,11.847950458526611,315.08119165839867,1.3288579738576558,1.8479504585266113,-0.0004426288037073045,1.1788572677036893,-0.0004251203906368202,1.1787526671213195,0.0006015082200368245,0.02885391501604065,1,-1.0,-1.0,0,0,1,9,1,31.0,63.0,cotonou/COTO,296.22029927065233,81.4,81.4,0.6098296951031402
6.363903088400976,2.4073641912343025,COTO,cotonou,6.352268,2.402957,1375.9937930678636,21238.37353,9.0,100.0,109.0,570.0,10,15.010719776153564,20.628837591336037,3.907602718610599,5.0107197761535645,0.0009386875234003708,0.43570491781642134,0.000891242590215471,0.4299603096086213,-0.0007534292009141711,0.027700107572093142,1,-1.0,-1.0,0,0,1,8,1,32.0,63.0,cotonou/COTO,373.8657305772486,58.8,70.5,0.20343132044803425
6.371177257209409,2.390805879513964,COTO,cotonou,6.352268,2.402957,2486.0029080942163,21238.37353,9.0,100.0,109.0,570.0,10,12.117344856262207,327.43655461494495,2.2317590998448873,2.117344856262207,-0.0006358722409526645,0.7333575161305342,-0.0006409360848221125,0.7711218480601179,-0.0001331143909030491,0.01830931388735046,1,-1.0,-1.0,0,0,2,9,1,33.0,67.0,cotonou/COTO,322.1257484275571,82.1,84.9,0.7505646292807293
6.384117161880633,2.371818629795193,COTO,cotonou,6.352268,2.402957,4926.851629723487,21238.37353,9.0,100.0,109.0,570.0,10,12.868855237960815,315.82551719770925,1.1177949904371927,2.8688552379608154,-0.00016932044366393422,1.1134048861816934,-0.0001821135505631232,1.1101407617754713,-0.0008750151953006535,0.026714173416327175,0,-1.0,4443.052571894928,0,2,4,10,1,31.8,57.0,cotonou/COTO,161.07626082067793,62.5,53.4,0.6771041620870917
6.356901940782164,2.379378546158657,COTO,cotonou,6.352268,2.402957,2658.5791324207776,21238.37353,9.0,100.0,109.0,570.0,10,13.712357759475708,281.1871064041713,2.052691849261563,3.712357759475708,2.0098596922914025e-06,0.5852088729562936,-3.0411730755816428e-05,0.5997301805018235,-0.0019342303276062016,0.10087031550975517,1,-1.0,-1.0,0,0,3,13,1,33.0,63.0,cotonou/COTO,346.04950975268054,62.4,70.7,0.5478379410956259
6.377776692475637,2.361992801460465,COTO,cotonou,6.352268,2.402957,5338.4013904538315,21238.37353,9.0,100.0,109.0,570.0,10,12.535616874694824,302.072264106776,1.0352163838417436,2.535616874694824,-0.0002209830398026264,1.2059214002415395,-0.0002548229654787025,1.2007477667876398,-0.0030218201487742305,0.061351452439882756,1,-1.0,-1.0,0,0,2,12,1,31.8,31.0,cotonou/COTO,316.153254609243,78.2,76.1,0.7840467497230332
6.35849156604596,2.3659082961083797,COTO,cotonou,6.352268,2.402957,4156.443721309608,21238.37353,9.0,100.0,109.0,570.0,10,13.140279293060303,279.59563128313414,1.3211736544543289,3.1402792930603027,-0.00013590219209520083,0.6892052123908754,-0.0001347582547137423,0.695932730237895,0.00010851566578028198,0.023748485553189716,0,-1.0,3531.727731132813,0,4,0,0,1,33.0,39.0,cotonou/COTO,398.169857472909,55.2,61.3,0.2016227539241907
6.349592142364147,2.380390241881618,COTO,cotonou,6.352268,2.402957,2514.280132375036,21238.37353,9.0,100.0,109.0,570.0,10,12.820276975631714,263.1975990406486,2.1906893028472583,2.820276975631714,-0.00035241048847251856,0.49706484039056226,-0.00030764655549396844,0.5202097577382775,0.0009794473648071288,0.045316419616457965,1,-1.0,-1.0,0,0,0,1,1,32.0,71.0,cotonou/COTO,313.1105188267804,75.4,66.5,0.06357981961866177
6.349194584877371,2.379223782002836,COTO,cotonou,6.352268,2.402957,2647.769791405199,21238.37353,9.0,100.0,109.0,570.0,10,10.81373131275177,262.5776083723591,2.123705123801117,0.81373131275177,-0.0010836180229758503,0.8548658937881065,-0.001071577822720563,0.9077366477314609,0.0,0.0,1,-1.0,-1.0,0,0,0,0,1,32.0,71.0,cotonou/COTO,313.1105188267804,75.4,66.5,0.5004561787130689
6.3599207484329625,2.3625233668443575,COTO,cotonou,6.352268,2.402957,4552.914394804777,21238.37353,9.0,100.0,109.0,570.0,10,12.493179082870483,280.78439700029793,1.2143003690619774,2.4931790828704834,-0.00026618691912868567,0.8796886166282624,-0.0002802877199082147,0.8929294160186673,-0.0009012990527682833,0.039902343544459644,1,-1.0,-1.0,0,0,1,14,1,33.0,48.0,cotonou/COTO,363.6499594390807,68.1,60.2,0.03239499452162098
6.365005696845061,2.3722133429817465,COTO,cotonou,6.352268,2.402957,3681.594995201142,21238.37353,9.0,100.0,109.0,570.0,10,11.689539670944214,292.6321823269962,1.5140668194867604,1.6895396709442139,-0.0005459831040110155,1.2755561658839893,-0.0005540659586588542,1.294569563572016,-0.0006051341692606608,0.022875669989308036,1,-1.0,-1.0,0,0,2,3,1,31.0,63.0,cotonou/COTO,344.695661852635,62.4,60.5,0.3272318614455495
6.373311514079627,2.389128612740655,COTO,cotonou,6.352268,2.402957,2785.03349232038,21238.37353,9.0,100.0,109.0,570.0,10,11.983899593353271,326.8528105953369,1.9950806183544618,1.9838995933532715,-0.000617549504341949,0.8966849360068383,-0.0006178216766892818,0.9187761263971541,-0.00041307873196072043,0.018720168645769232,1,-1.0,-1.0,0,0,0,1,1,33.0,67.0,cotonou/COTO,256.9667980498637,73.3,81.4,0.09840223615792265
6.374198043203208,2.394667125517666,COTO,cotonou,6.352268,2.402957,2592.835888218107,21238.37353,9.0,100.0,109.0,570.0,10,12.101269483566284,339.40998013881597,2.140245672661398,2.101269483566284,-0.0005992201892262947,1.0599914223103424,-0.000569075234373857,1.070470361344343,0.000949170192082723,0.052272393048178566,1,-1.0,-1.0,0,0,2,4,1,31.7,72.0,cotonou/COTO,361.2210155846181,76.9,82.1,0.018893380651496594
6.350610216857801,2.41386566295644,COTO,cotonou,6.352268,2.402957,1220.7869030860852,21238.37353,9.0,100.0,109.0,570.0,10,15.357537269592285,98.69303976353245,4.386377233314529,5.357537269592285,0.0012569486933610794,0.4739053272988388,0.0007578591408683196,0.47678221500543094,-0.009930257803824435,0.31102651967476896,1,-1.0,-1.0,0,0,0,9,1,29.8,77.0,cotonou/COTO,285.3045504368927,58.1,75.1,0.5693928094038904
6.365916293259921,2.3662594371084102,COTO,cotonou,6.352268,2.402957,4331.651432649921,21238.37353,9.0,100.0,109.0,570.0,10,11.458176136016846,290.5186471258872,1.2899907959270607,1.4581761360168457,-0.0005169690340414815,1.3672010122136788,-0.0005119353465212176,1.3801693976727347,-7.339020570119222e-05,0.004318613751899802,1,-1.0,-1.0,0,0,2,1,1,30.1,50.0,cotonou/COTO,167.19783760562936,58.0,66.1,0.8576789443712702
6.352613916973583,2.3743944845385223,COTO,cotonou,6.352268,2.402957,3160.403499688855,21238.37353,9.0,100.0,109.0,570.0,10,14.055699825286865,270.6997342340349,1.7207524446285902,4.055699825286865,5.451256167091681e-05,0.34373209343739347,8.59955742129744e-05,0.3445378550864858,-0.002683695224388126,0.0894033589750026,1,-1.0,-1.0,0,0,2,0,1,33.0,63.0,cotonou/COTO,135.44729233169025,74.7,78.1,0.7897683209916874
6.365426093897031,2.371437880852099,COTO,cotonou,6.352268,2.402957,3778.663430829299,21238.37353,9.0,100.0,109.0,570.0,10,11.590927958488464,292.7864949735218,1.4766842856194857,1.5909279584884644,-0.0005608127057650221,1.307807320291855,-0.0005762274897032507,1.3261052586181303,-0.0015136979354584091,0.04433963282158206,1,-1.0,-1.0,0,0,1,2,1,31.0,63.0,cotonou/COTO,344.695661852635,60.5,62.4,0.9568202006963357
6.355865130094242,2.3736941413283903,COTO,cotonou,6.352268,2.402957,3261.994731518915,21238.37353,9.0,100.0,109.0,570.0,10,14.485352993011475,277.0524142277703,1.6596518899981711,4.485352993011475,0.00025810056433738876,0.4673901950857043,0.0003109682447729691,0.46325050066085743,0.004525445634094161,0.10875619434360814,1,-1.0,-1.0,0,0,0,15,1,32.4,63.0,cotonou/COTO,248.80347304650218,53.0,61.8,0.7726650266784275
6.355773515302843,2.392390336589371,COTO,cotonou,6.352268,2.402957,1231.6962150362863,21238.37353,9.0,100.0,109.0,570.0,10,15.763463497161865,288.4597424432733,4.328901340324005,5.763463497161865,0.002163607600071432,0.667359132546297,0.001631022015819243,0.67074607954241,0.0008575328003034105,0.02489142242312928,1,-1.0,-1.0,0,0,2,12,1,31.0,71.0,cotonou/COTO,249.61182844569544,68.3,57.1,0.9246870704579015
6.357117417606128,2.375632798322641,COTO,cotonou,6.352268,2.402957,3070.3495410040027,21238.37353,9.0,100.0,109.0,570.0,10,13.979772567749023,280.1263382690046,1.7726062876506716,3.9797725677490234,8.827868402968718e-05,0.5860704986739671,2.7569039915593674e-05,0.5873198962161792,-0.0019080274494232116,0.08308849649979433,1,-1.0,-1.0,0,0,5,8,1,31.5,70.0,cotonou/COTO,241.82719946273568,59.2,53.0,0.37485794159960795
6.364271920600255,2.3633789846148883,COTO,cotonou,6.352268,2.402957,4575.679803865104,21238.37353,9.0,100.0,109.0,570.0,10,11.638168811798096,286.97306279558467,1.218962118978824,1.6381688117980957,-0.000450723882853855,1.2918300367591595,-0.0004412365472444924,1.3028458390136977,0.00017486115296681722,0.008977231386706813,1,-1.0,-1.0,0,0,0,0,1,33.0,48.0,cotonou/COTO,329.2530191203894,60.2,61.3,0.4548883390695697
6.347982942586581,2.38327492748886,COTO,cotonou,6.352268,2.402957,2228.6081945214723,21238.37353,9.0,100.0,109.0,570.0,10,11.165827512741089,257.64517524919916,2.513626438296028,1.1658275127410889,-0.0011294061872694227,0.6452056439972859,-0.0015158606461365559,0.7535425827272009,-0.028666253214665417,0.9123310121810475,1,-1.0,-1.0,0,0,1,5,1,32.0,71.0,cotonou/COTO,288.60213460746706,63.1,59.0,0.2942586581307709
6.371605708235418,2.3604588239317144,COTO,cotonou,6.352268,2.402957,5165.408331178098,21238.37353,9.0,100.0,109.0,570.0,10,13.158800601959229,294.60274181052665,1.0629684722016903,3.1588006019592285,-0.00010562443779153403,1.418422742012417,-9.934066355913537e-05,1.414364587281838,0.0013624403211805556,0.05029532683964484,1,-1.0,-1.0,0,0,0,9,1,31.5,72.0,cotonou/COTO,331.14855306943616,63.4,73.3,0.696762737762928
6.373119983941744,2.359732647106004,COTO,cotonou,6.352268,2.402957,5309.203832237947,21238.37353,9.0,100.0,109.0,570.0,10,13.635037660598755,295.8944603583064,1.0290473873064399,3.635037660598755,-1.3550616478066887e-05,1.3684136207626647,3.7625207038572355e-05,1.3624925552170981,0.003044457058840764,0.09430429187524564,1,-1.0,-1.0,0,0,1,10,1,31.5,72.0,cotonou/COTO,331.14855306943616,63.4,73.3,0.13383496589451815
6.356517327303925,2.405906682933206,COTO,cotonou,6.352268,2.402957,572.1320703068299,21238.37353,9.0,100.0,109.0,570.0,10,14.900596141815186,34.601175253250744,9.339902768372655,4.9005961418151855,0.0019893411795298263,0.6195621202206392,0.001654486050681463,0.6045606290208336,-0.0031792163848876954,0.11929357316843077,1,-1.0,-1.0,0,0,4,12,1,31.4,69.0,cotonou/COTO,218.02671877540922,64.7,65.4,0.03173053980428875
6.348389190323928,2.3880454356835883,COTO,cotonou,6.352268,2.402957,1704.6809259791012,21238.37353,9.0,100.0,109.0,570.0,10,13.44653868675232,255.3339730023763,3.208275986470337,3.4465386867523193,-0.00013277780616595305,0.4019955617702825,2.5969413125185406e-05,0.4049388127876806,0.00491854825450858,0.08927326785255407,1,-1.0,-1.0,0,0,4,4,1,31.8,66.0,cotonou/COTO,288.65336045167965,65.2,69.3,0.976687050270969
6.359863288700589,2.3732109448621026,COTO,cotonou,6.352268,2.402957,3396.5903988765485,21238.37353,9.0,100.0,109.0,570.0,10,12.97777509689331,284.4102764402971,1.619330750179653,2.9777750968933105,-0.0002132211512292338,0.8583365501978191,-0.00020865260896000943,0.8628819858831069,6.198080465173391e-05,0.008550277931339594,1,-1.0,-1.0,0,0,4,8,1,32.0,63.0,cotonou/COTO,370.9625978450856,62.1,53.0,0.21343607241302986
6.383271764374833,2.373796929828442,COTO,cotonou,6.352268,2.402957,4707.854156616169,21238.37353,9.0,100.0,109.0,570.0,10,12.741835117340088,316.93379500216304,1.1713230821999656,2.741835117340088,-0.00020390311235492657,1.1190055379244648,-0.00016895261073757633,1.1122251482087144,0.0021392870622235576,0.04422767196109533,1,-1.0,-1.0,0,0,0,15,1,31.8,57.0,cotonou/COTO,267.5261198461977,62.5,64.4,0.922107486355553
6.370512122235065,2.3913998759687916,COTO,cotonou,6.352268,2.402957,2388.6415832061684,21238.37353,9.0,100.0,109.0,570.0,10,12.174687385559082,327.8073245158788,2.3212549952318744,2.174687385559082,-0.0006436780620790266,0.6634851618707273,-0.0006412919943894796,0.7088559184209734,-0.0013710518678029379,0.060355379153936545,1,-1.0,-1.0,0,0,2,4,1,33.0,67.0,cotonou/COTO,340.2779183256066,82.1,86.3,0.6023644908139708
6.354976098047443,2.375094635296008,COTO,cotonou,6.352268,2.402957,3097.2130317146093,21238.37353,9.0,100.0,109.0,570.0,10,14.489458084106445,275.58709156204304,1.7478214499202858,4.489458084106445,0.0002507905929516523,0.43504674675487126,0.0002920261722888934,0.4330243921029546,0.002283164154127925,0.07270831536870842,1,-1.0,-1.0,0,0,2,4,1,29.6,72.0,cotonou/COTO,267.64813860748006,56.3,78.1,0.06549019257744948
6.365266110836521,2.3682184248733327,COTO,cotonou,6.352268,2.402957,4103.4503581928775,21238.37353,9.0,100.0,109.0,570.0,10,11.471461176872253,290.63255417087225,1.3615180703472487,1.4714611768722534,-0.0005456766796701617,1.3140455647034617,-0.000536915152478847,1.3313363722131115,-0.0002595133251614041,0.009721876383651741,1,-1.0,-1.0,0,0,2,1,1,30.0,55.0,cotonou/COTO,211.07519039432174,62.5,58.0,0.42476909058016865
6.372737776017702,2.3582073488173076,COTO,cotonou,6.352268,2.402957,5443.994013685391,21238.37353,9.0,100.0,109.0,570.0,10,13.776273965835571,294.7173751259103,1.0020880407119703,3.7762739658355713,1.4441614783244035e-05,1.3828515648204414,1.234550406967383e-05,1.3766876547233426,0.0006696263949076334,0.0317999053626139,1,-1.0,-1.0,0,0,1,13,1,32.0,71.0,cotonou/COTO,246.89454307456222,65.2,63.4,0.306332726824344
6.3665796104624865,2.40075,COTO,cotonou,6.352268,2.402957,1601.4164600033127,21238.37353,9.0,100.0,109.0,570.0,10,13.46453332901001,351.2866842063401,3.414039623295601,3.4645333290100098,-0.00014966549696745698,0.547203480667592,-0.00015047405447278698,0.5616514366420362,8.061726888020836e-05,0.017227070527136058,1,-1.0,-1.0,0,0,4,7,1,32.0,63.0,cotonou/COTO,305.25,69.0,66.0,0.8874143772776227
6.358673863082595,2.3999776624532907,COTO,cotonou,6.352268,2.402957,781.3476847792391,21238.37353,9.0,100.0,109.0,570.0,10,14.629282474517822,335.19203568301873,6.886792690495942,4.629282474517822,0.0011386309140994227,0.33968701547013386,0.0010842502117156985,0.3374589118922453,-0.00026575194464789495,0.009884495005924185,1,-1.0,-1.0,0,0,5,3,1,31.0,71.0,cotonou/COTO,382.2656929414359,58.3,62.4,0.8543380039322036
6.382707200456394,2.3754156324808684,COTO,cotonou,6.352268,2.402957,4540.506016755656,21238.37353,9.0,100.0,109.0,570.0,10,12.7691969871521,318.0390900779831,1.2141363846724282,2.7691969871520996,-0.00017841095825442432,1.11193703118433,-0.00019400017336613826,1.1084324183949483,0.001112521284262821,0.04110766661545128,1,-1.0,-1.0,0,0,1,5,1,31.0,59.0,cotonou/COTO,342.02592664884946,70.2,70.5,0.7151946570151129
11.126963632667621,2.9288484075850203,KAND,kandi,11.123456,2.954658,2846.042033617225,7079.457844,327.0,100.0,427.0,538.0,10,296.8409423828125,277.8881888701695,2.6185038129784144,286.8409423828125,-0.012817957266269676,11.762767212079371,-0.012511117188706004,11.885354319338308,-0.0016822232377788962,0.09270760402605774,1,-1.0,-1.0,0,0,1,3,0,35.7,22.0,kandi/KAND,253.12137819628967,87.2,83.3,0.3899570162885799
11.12439967030617,2.923026274082475,KAND,kandi,11.123456,2.954658,3457.0782529573294,7079.457844,327.0,100.0,427.0,538.0,10,303.2340087890625,271.7445507568826,2.0503561508442156,293.2340087890625,-0.00847016118982359,11.19326263801045,-0.008466084979871514,11.177455556101222,0.00854203257320543,0.25840597081808675,1,-1.0,-1.0,0,0,0,0,0,31.5,32.0,kandi/KAND,306.15079813714885,80.5,84.4,0.9272095325513668
11.138332377324176,2.9247814656895934,KAND,kandi,11.123456,2.954658,3655.0656537974787,7079.457844,327.0,100.0,427.0,538.0,10,291.2854919433594,296.9095255959073,2.1264455284937367,281.2854919433594,-0.011497343606647498,14.07660368992925,-0.011227323175368354,14.122037194444854,0.001390393061337148,0.06579986871690684,1,-1.0,-1.0,0,0,1,0,0,30.2,23.0,kandi/KAND,357.7042813554138,85.4,84.6,0.10855793105687084
11.131935367979985,2.9206195806371142,KAND,kandi,11.123456,2.954658,3834.8393147771853,7079.457844,327.0,100.0,427.0,538.0,10,298.7983703613281,284.2488276669584,1.9147289064338227,288.7983703613281,-0.008991563518621199,12.537181442693205,-0.008666849979119555,12.501333023378075,0.00804686603068727,0.20537124643760007,1,-1.0,-1.0,0,0,2,1,0,26.8,36.0,kandi/KAND,211.21815475956797,85.7,86.0,0.2908549874899149
11.141100142696407,2.917100732917266,KAND,kandi,11.123456,2.954658,4543.276562608578,7079.457844,327.0,100.0,427.0,538.0,10,294.6094665527344,295.588824912628,1.6691198067965787,284.6094665527344,-0.008437110601064411,13.436979716183059,-0.008607482910156252,13.42330521203522,-0.008256022135416666,0.4827934716619933,1,-1.0,-1.0,0,0,0,0,0,30.4,39.0,kandi/KAND,215.05945643006783,82.2,85.5,0.7050429623138884
11.119623249262453,2.925773940473818,KAND,kandi,11.123456,2.954658,3183.7228728203895,7079.457844,327.0,100.0,427.0,538.0,10,302.77752685546875,262.30117196060587,2.2344328158518816,292.77752685546875,-0.009516464661214957,9.754088551926541,-0.009450088312596453,9.80123156977378,-0.0024308946397569443,0.08932329175663434,1,-1.0,-1.0,0,0,0,1,0,31.0,31.0,kandi/KAND,368.7529770885469,87.2,88.5,0.501511278151217
11.13364328790518,2.918618451745907,KAND,kandi,11.123456,2.954658,4095.0555346762503,7079.457844,327.0,100.0,427.0,538.0,10,298.5796813964844,286.0744647474183,1.7961982659216675,288.5796813964844,-0.00845394088113975,12.692170948279292,-0.00802901380067821,12.63555282394387,0.011806742350260416,0.6027533360710919,1,-1.0,-1.0,0,0,0,0,0,30.0,38.0,kandi/KAND,367.47538693083294,86.0,87.5,0.8430704487942037
11.138177786027027,2.9251388733641965,KAND,kandi,11.123456,2.954658,3612.506195280163,7079.457844,327.0,100.0,427.0,538.0,10,291.5671081542969,296.9462390203503,2.147013822635956,281.5671081542969,-0.0115036557200198,14.061968448502746,-0.011390739792407688,14.113131032976957,-0.004495747884114583,0.20185034182035066,1,-1.0,-1.0,0,0,1,1,0,30.2,23.0,kandi/KAND,262.6669063662963,85.4,83.4,0.027510917848897476
11.105967840650028,2.932207243041563,KAND,kandi,11.123456,2.954658,3123.7096705978197,7079.457844,327.0,100.0,427.0,538.0,10,330.03228759765625,231.55798899334755,1.7780324306567414,320.03228759765625,-0.0010454256572420633,2.9914643609741822,-0.0013263630417158017,2.998877948232588,-0.011162312825520833,0.4831637320264662,1,-1.0,-1.0,0,0,0,0,0,33.4,23.0,kandi/KAND,330.0848336780301,86.8,86.1,0.012758675692044141
11.14118701783953,2.916114444527701,KAND,kandi,11.123456,2.954658,4644.849184608682,7079.457844,327.0,100.0,427.0,538.0,10,293.3288269042969,295.1231282856239,1.6484239817547706,283.3288269042969,-0.008601408927671372,13.35998087391041,-0.008764930871632189,13.357026211563584,-0.014291921019063665,0.37603053504417705,0,-1.0,4402.8329946290705,0,3,0,0,0,26.8,36.0,kandi/KAND,215.05945643006783,85.5,82.2,0.8059872913465569
11.136937369230314,2.933213914486372,KAND,kandi,11.123456,2.954658,2776.924383866653,7079.457844,327.0,100.0,427.0,538.0,10,292.20843505859375,302.65084482294026,2.778948884080036,282.20843505859375,-0.014716819487871737,13.256888179647083,-0.014690101752913824,13.40940836770537,-0.006052900843942856,0.23074967865079446,1,-1.0,-1.0,0,0,0,3,0,33.4,16.0,kandi/KAND,315.9212884563857,87.6,76.8,0.5793318358808106
11.13003041807073,2.922245440830399,KAND,kandi,11.123456,2.954658,3614.6788136535574,7079.457844,327.0,100.0,427.0,538.0,10,299.99090576171875,281.68286792384777,2.0123758875663,289.99090576171875,-0.00918305031852617,12.25014228180388,-0.008980975887639736,12.216764844098595,0.0013730367024739583,0.08562085293034126,1,-1.0,-1.0,0,0,3,1,0,30.7,25.0,kandi/KAND,296.59233233508934,86.6,85.7,0.10026129420607754
11.131743737377352,2.9204962184366696,KAND,kandi,11.123456,2.954658,3842.7967320343882,7079.457844,327.0,100.0,427.0,538.0,10,299.39813232421875,283.89120160224246,1.9018344450545115,289.39813232421875,-0.008766730256782946,12.464158175625123,-0.00864498040614984,12.44317407223941,0.0054046630859375,0.19974192125679655,1,-1.0,-1.0,0,0,2,4,0,30.0,38.0,kandi/KAND,211.21815475956797,86.0,85.7,0.8289141391553972
11.117796277263283,2.9249586298368584,KAND,kandi,11.123456,2.954658,3304.294915094338,7079.457844,327.0,100.0,427.0,538.0,10,303.55645751953125,259.0120580518943,2.13949012572791,293.55645751953125,-0.008939615885416667,9.430017629412996,-0.008733004615420387,9.464701773020328,0.004039171006944444,0.198620702623821,1,-1.0,-1.0,0,0,1,4,0,33.2,27.0,kandi/KAND,277.74462035546526,88.5,85.9,0.5301230460805446
11.13747159712513,2.928931164359033,KAND,kandi,11.123456,2.954658,3209.641807330447,7079.457844,327.0,100.0,427.0,538.0,10,293.26934814453125,299.0427821535946,2.3858652035920747,283.26934814453125,-0.012480492168552897,13.771636910466256,-0.012269778378986724,13.83080760506551,-0.0019546306040522706,0.05586371254919512,1,-1.0,-1.0,0,0,2,4,0,25.1,38.0,kandi/KAND,392.63572965291604,84.5,83.4,0.9570558946916841
11.128150806707701,2.9271005378051345,KAND,kandi,11.123456,2.954658,3054.868409911413,7079.457844,327.0,100.0,427.0,538.0,10,297.8685302734375,279.85258132605475,2.420492555598734,287.8685302734375,-0.011560602194754471,12.269435346882668,-0.010749515420702726,12.295098435153786,0.024682556669979133,0.5421260120270303,1,-1.0,-1.0,0,0,2,6,0,33.0,34.0,kandi/KAND,268.144848356337,82.6,81.0,0.2981061155712975
11.133312663877547,2.920193777995215,KAND,kandi,11.123456,2.954658,3919.5679355186385,7079.457844,327.0,100.0,427.0,538.0,10,297.7134704589844,286.25354610033634,1.8892102081988174,287.7134704589844,-0.009100025965562272,12.829736186473308,-0.00887042741130169,12.797629503585592,0.0023246765136718745,0.12474051692854848,1,-1.0,-1.0,0,0,0,7,0,30.0,38.0,kandi/KAND,367.47538693083294,86.0,87.5,0.3568586434520906
11.118497683201355,2.9245458231119423,KAND,kandi,11.123456,2.954658,3334.9467840097527,7079.457844,327.0,100.0,427.0,538.0,10,303.07171630859375,260.47670646457124,2.12816047311632,293.07171630859375,-0.009004066103980654,9.758701488957064,-0.00880948306344405,9.79240730941974,0.00448663056513518,0.13769124156940216,1,-1.0,-1.0,0,0,0,0,0,33.2,27.0,kandi/KAND,116.63871176489182,78.9,88.5,0.5119790229738509
11.12618442480919,2.9207099313457583,KAND,kandi,11.123456,2.954658,3720.7922782521555,7079.457844,327.0,100.0,427.0,538.0,10,305.7439270019531,274.68590133165577,1.8665388451267237,295.7439270019531,-0.007413136269775349,11.2655984445194,-0.007016746493279566,11.19589072546083,0.01390870782913318,0.3806307650634137,1,-1.0,-1.0,0,0,0,3,0,34.3,13.0,kandi/KAND,346.276348393292,82.1,81.6,0.05215104367705792
11.126824768056686,2.9264615786632104,KAND,kandi,11.123456,2.954658,3102.66957845913,7079.457844,327.0,100.0,427.0,538.0,10,298.4311218261719,276.9450616215373,2.3728733874619308,288.4311218261719,-0.011184056599934896,12.039400364718981,-0.010388500285598467,12.033487982675622,0.019251251220703126,0.9433693424432785,1,-1.0,-1.0,0,0,0,2,0,35.7,22.0,kandi/KAND,213.30780787394355,87.2,81.0,0.83698450637264
11.11310471628677,2.934973557017689,KAND,kandi,11.123456,2.954658,2436.2442358112926,7079.457844,327.0,100.0,427.0,538.0,10,322.4516906738281,241.8141630869735,2.4572675038997547,312.4516906738281,-0.004420198269975864,3.8215032053731415,-0.0050092538703505685,3.8779472051856536,-0.030887398529351833,0.9452151687322768,1,-1.0,-1.0,0,0,0,2,0,33.3,38.0,kandi/KAND,302.0118058950443,89.9,90.3,0.530961988207256
11.100855475677117,2.924272869774227,KAND,kandi,11.123456,2.954658,4155.5536607429,7079.457844,327.0,100.0,427.0,538.0,10,324.2574768066406,232.8403098560143,1.4163007849882958,314.2574768066406,-0.002176728591716261,3.6350331381708645,-0.002169618951624815,3.692867885711407,-0.0036473419705559604,0.410888875597463,1,-1.0,-1.0,0,0,0,0,0,31.5,29.0,kandi/KAND,226.45360253270923,82.2,83.5,0.6943374718290294
11.10984906150598,2.9345189042829807,KAND,kandi,11.123456,2.954658,2665.672060624723,7079.457844,327.0,100.0,427.0,538.0,10,328.0050048828125,235.45189667380686,2.1268145217215952,318.0050048828125,-0.0021064067377567076,2.9853494619817513,-0.0022484412560096153,2.987227357143429,-0.024485948350694443,0.900393837180376,1,-1.0,-1.0,0,0,0,4,0,30.3,45.0,kandi/KAND,352.26948019734937,82.3,86.1,0.1495732580979331
11.140977030768967,2.9062705997133005,KAND,kandi,11.123456,2.954658,5629.884486931977,7079.457844,327.0,100.0,427.0,538.0,10,298.3086242675781,290.26089150412497,1.3094742628096572,288.3086242675781,-0.0062086443529061385,12.34748466691842,-0.006263240345737391,12.303844288026951,-0.005986531575520834,0.31375132275488704,1,-1.0,-1.0,0,0,0,4,0,28.4,37.0,kandi/KAND,359.64685178650427,78.5,83.3,0.9183325369464977
11.135065492640004,2.9325373493362306,KAND,kandi,11.123456,2.954658,2736.492405002088,7079.457844,327.0,100.0,427.0,538.0,10,292.4020080566406,298.1437897555786,2.815899196946736,282.4020080566406,-0.01482730810193048,12.950584666722026,-0.014564048737562875,13.048230836398293,0.004158206583467571,0.12325198504675193,1,-1.0,-1.0,0,0,0,2,0,25.1,38.0,kandi/KAND,334.3661974542558,84.5,87.6,0.6155305945994146
11.12035693619107,2.9243175645397024,KAND,kandi,11.123456,2.954658,3332.142589427208,7079.457844,327.0,100.0,427.0,538.0,10,302.9449157714844,264.0599503032089,2.132127101589694,292.9449157714844,-0.00904180435907273,10.112460356213916,-0.008920063550962478,10.135094082620213,0.0033904833087119203,0.09086629353459368,1,-1.0,-1.0,0,0,0,7,0,33.2,27.0,kandi/KAND,366.5034435036539,88.5,80.5,0.4324049063846521
11.126856691052883,2.92657515086122,KAND,kandi,11.123456,2.954658,3090.780597199676,7079.457844,327.0,100.0,427.0,538.0,10,298.4311218261719,277.03824283247843,2.381990377099079,288.4311218261719,-0.011290394952404121,12.025266455612288,-0.010607119902686748,12.046926419123915,0.021479481791380473,0.6516630540154094,1,-1.0,-1.0,0,0,0,3,0,35.7,22.0,kandi/KAND,213.30780787394355,81.0,87.2,0.22440587092973574
11.139004406892859,2.905680945554511,KAND,kandi,11.123456,2.954658,5619.848604324762,7079.457844,327.0,100.0,427.0,538.0,10,296.69146728515625,287.9337060292359,1.328290470291422,286.69146728515625,-0.006495374314328459,11.869697640489926,-0.006635701388036235,11.85955042665696,-0.01667725276746333,0.5382282679813741,1,-1.0,-1.0,0,0,0,0,0,28.4,37.0,kandi/KAND,130.8482388112753,83.6,78.5,0.13648518170296342
11.141140050285175,2.917986586986619,KAND,kandi,11.123456,2.954658,4458.020081009023,7079.457844,327.0,100.0,427.0,538.0,10,294.5788269042969,296.17661805850844,1.7014154078770027,284.5788269042969,-0.008775419489977032,13.504067472075198,-0.009356510452178559,13.48656641897019,-0.054664975298907265,1.3094882207709753,0,-1.0,4279.3419214495425,0,3,0,0,0,30.4,39.0,kandi/KAND,312.10744640271304,82.2,82.9,0.79949714826289
11.107064095113325,2.9321273731664563,KAND,kandi,11.123456,2.954658,3057.11699183424,7079.457844,327.0,100.0,427.0,538.0,10,328.1184997558594,233.44718445600594,1.8525683458974878,318.1184997558594,-0.001701594334022672,2.8972844632017036,-0.001951296242366165,2.8926495376314967,-0.009790729045256212,0.3436498878875812,1,-1.0,-1.0,0,0,0,0,0,33.4,23.0,kandi/KAND,330.0848336780301,86.8,86.1,0.3823811627066658
11.126430255526081,2.9306845997386044,KAND,kandi,11.123456,2.954658,2639.4692363115655,7079.457844,327.0,100.0,427.0,538.0,10,298.9951171875,277.20859616227256,2.776466498331334,288.9951171875,-0.01300655676817395,11.213816494839334,-0.012846426715478036,11.342607459170008,-0.005349263052882708,0.12010585990271296,1,-1.0,-1.0,0,0,2,5,0,35.3,21.0,kandi/KAND,193.7196474289899,79.8,83.3,0.6967631568759959
11.116130005018055,2.9179849917385687,KAND,kandi,11.123456,2.954658,4087.4135207917348,7079.457844,327.0,100.0,427.0,538.0,10,309.41546630859375,258.4961015471348,1.64779999323409,299.41546630859375,-0.005900769726677667,9.26698209228468,-0.005718169702610789,9.246381156377915,0.0001647416399731093,0.05852721927369637,1,-1.0,-1.0,0,0,0,13,0,35.2,25.0,kandi/KAND,175.32730220931484,87.2,77.9,0.4999938804213846
11.125192219854164,2.921368092520682,KAND,kandi,11.123456,2.954658,3641.707236214502,7079.457844,327.0,100.0,427.0,538.0,10,304.98162841796875,273.0458048044864,1.9190239209224271,294.98162841796875,-0.007605308702909654,11.136824631923195,-0.007523641278666835,11.079805656859248,0.007956441243489584,0.36797599775218715,1,-1.0,-1.0,0,0,0,0,0,31.5,32.0,kandi/KAND,346.276348393292,81.6,82.1,0.5661823428579894
11.104497662532157,2.926389257430352,KAND,kandi,11.123456,2.954658,3732.9519894704263,7079.457844,327.0,100.0,427.0,538.0,10,321.405029296875,235.6515023726652,1.6203083344120126,311.405029296875,-0.003359636193398976,3.658242959645533,-0.003130158351788058,3.73292568858832,-0.0035405476888020833,0.20420515215083015,1,-1.0,-1.0,0,0,0,0,0,31.4,32.0,kandi/KAND,277.7596185553782,80.7,83.6,0.5136204072211689
11.117081933789619,2.925398814125768,KAND,kandi,11.123456,2.954658,3273.2022625098025,7079.457844,327.0,100.0,427.0,538.0,10,304.83319091796875,257.4852274687935,2.137477146272534,294.83319091796875,-0.008633996212121213,9.03206242567256,-0.008399240817086281,9.070654160722087,0.003524557866765895,0.1594185563584282,1,-1.0,-1.0,0,0,0,0,0,33.2,27.0,kandi/KAND,161.15480094289197,85.9,78.9,0.2319199499487974
11.10193480023775,2.924774609840251,KAND,kandi,11.123456,2.954658,4040.4212297963386,7079.457844,327.0,100.0,427.0,538.0,10,323.101318359375,233.72667264442737,1.4730257076671749,313.101318359375,-0.0024431031329758663,3.7108210854858337,-0.002437915630777494,3.772725407686967,0.008420852427133325,0.25736471641040787,1,-1.0,-1.0,0,0,0,0,0,31.5,29.0,kandi/KAND,226.45360253270923,83.5,82.2,0.8890812095940885
11.131667210259577,2.920446954104602,KAND,kandi,11.123456,2.954658,3846.0157452396406,7079.457844,327.0,100.0,427.0,538.0,10,299.39813232421875,283.74879673969735,1.900243827537975,289.39813232421875,-0.008766730256782946,12.441645118654895,-0.008644980406149841,12.420958565739834,0.0029106987847222223,0.1197655838525699,1,-1.0,-1.0,0,0,3,6,0,26.8,36.0,kandi/KAND,211.21815475956797,85.7,86.0,0.12325641223510153
11.136295697294711,2.9353537861994816,KAND,kandi,11.123456,2.954658,2542.4654375613122,7079.457844,327.0,100.0,427.0,538.0,10,292.9158935546875,304.13416465260065,3.018858309745963,282.9158935546875,-0.01588763153106659,12.36561822781711,-0.015537492890924327,12.616511087937445,-0.004491170247395833,0.1681013477993063,1,-1.0,-1.0,0,0,0,3,0,33.4,16.0,kandi/KAND,305.11071367616483,87.6,83.2,0.70574424978406
11.106321836341928,2.932181451956877,KAND,kandi,11.123456,2.954658,3101.84136568688,7079.457844,327.0,100.0,427.0,538.0,10,329.3728332519531,232.15905833589994,1.8027287752428085,319.3728332519531,-0.0012668413993639825,2.8724466625166425,-0.0013273802943199683,2.873060451160618,-0.0015096028645833336,0.1670755724717738,1,-1.0,-1.0,0,0,0,0,0,33.4,23.0,kandi/KAND,330.0848336780301,86.8,86.1,0.1321148766596444
11.110770390452904,2.9365588361153434,KAND,kandi,11.123456,2.954658,2424.556741812005,7079.457844,327.0,100.0,427.0,538.0,10,330.7214660644531,234.46358189670036,2.2740061241742797,320.7214660644531,-0.0010087706860365643,3.1121738982467466,0.000402645514827892,3.0805101217216313,0.04630967261162725,0.8230200627080332,1,-1.0,-1.0,0,0,1,5,0,30.3,45.0,kandi/KAND,255.95069251708895,90.3,85.8,0.6722208381376974
11.111471323939982,2.9326180778179785,KAND,kandi,11.123456,2.954658,2748.5678216518954,7079.457844,327.0,100.0,427.0,538.0,10,322.1728210449219,241.00818255221594,2.184135788109226,312.1728210449219,-0.004040781656901042,3.9505932077250776,-0.004326148066960328,4.024075986148734,-0.0060732523600260414,0.414040893044913,1,-1.0,-1.0,0,0,0,0,0,33.4,23.0,kandi/KAND,165.92922165772438,88.6,88.7,0.7419596690519744
11.116060331960664,2.9180996973818325,KAND,kandi,11.123456,2.954658,4076.6722485447967,7079.457844,327.0,100.0,427.0,538.0,10,309.81439208984375,258.35416605035266,1.6465371601307626,299.81439208984375,-0.005753908754337139,9.250353175998402,-0.0057075871772138895,9.211959409221018,0.0006515378082305447,0.08496240739263387,1,-1.0,-1.0,0,0,1,13,0,35.2,25.0,kandi/KAND,175.32730220931484,87.2,77.9,0.5849610235794948
11.141116790388176,2.918509650594208,KAND,kandi,11.123456,2.954658,4405.605792422392,7079.457844,327.0,100.0,427.0,538.0,10,296.3121643066406,296.47373253580724,1.6991230288289259,286.3121643066406,-0.00859876455912736,13.555031760313552,-0.008541515102855843,13.52535642462644,-0.05203721788194445,1.9195567942799454,0,-1.0,4308.488229863982,0,1,0,1,0,30.2,29.0,kandi/KAND,97.98854677976553,82.9,85.5,0.04585159749089718
11.113884528171154,2.9354888512144193,KAND,kandi,11.123456,2.954658,2346.5387161155672,7079.457844,327.0,100.0,427.0,538.0,10,322.0203552246094,243.03176210792319,2.5615952656884433,312.0203552246094,-0.004256314338298802,3.9359761944198692,-0.005068760629918251,3.9816588687338705,-0.014097953277854748,0.4415131799128512,1,-1.0,-1.0,0,0,1,5,0,31.0,43.0,kandi/KAND,302.0118058950443,90.3,89.9,0.8125674762793018
11.13628354849993,2.914520232240011,KAND,kandi,11.123456,2.954658,4608.504243639105,7079.457844,327.0,100.0,427.0,538.0,10,298.8088684082031,288.04502618954416,1.5933406965184256,288.8088684082031,-0.007549102265194589,12.535829071801565,-0.007507180760049413,12.492616859305036,-0.008638763427734375,0.4719783915213278,1,-1.0,-1.0,0,0,0,0,0,30.4,39.0,kandi/KAND,365.3384196878242,78.5,86.4,0.8850620000213691
11.135985255855587,2.914567959063106,KAND,kandi,11.123456,2.954658,4593.4833729567445,7079.457844,327.0,100.0,427.0,538.0,10,299.0011901855469,287.671501383986,1.5961512657426085,289.0011901855469,-0.007429477972385687,12.46732440573529,-0.007513499926495294,12.448216099594854,-0.01115993923611111,0.42744329506350215,1,-1.0,-1.0,0,0,0,0,0,30.4,39.0,kandi/KAND,365.3384196878242,86.4,78.5,0.023155647872647567
11.138791182691481,2.9060262191828987,KAND,kandi,11.123456,2.954658,5576.735283947953,7079.457844,327.0,100.0,427.0,538.0,10,297.3988342285156,287.82097268758895,1.3312920676246123,287.3988342285156,-0.006456775382561952,11.888062594095345,-0.006657603477262641,11.85905535054849,-0.02309733689717411,0.620351652627651,1,-1.0,-1.0,0,0,0,0,0,26.0,22.0,kandi/KAND,359.64685178650427,83.3,78.5,0.7605022697260956
11.10678025028603,2.9321480532655255,KAND,kandi,11.123456,2.954658,3074.036444791724,7079.457844,327.0,100.0,427.0,538.0,10,328.6663818359375,232.95013361193128,1.8321776167208894,318.6663818359375,-0.001507765884152508,2.855094595720067,-0.0015243094308035716,2.8532718617315,-0.005383809407552083,0.24464331913746318,1,-1.0,-1.0,0,0,0,2,0,31.0,43.0,kandi/KAND,330.0848336780301,86.1,86.8,0.713322375571454
11.134136301399325,2.9298814212862747,KAND,kandi,11.123456,2.954658,2953.1936027525753,7079.457844,327.0,100.0,427.0,538.0,10,293.9530029296875,293.7195038143589,2.5795397397426005,283.9530029296875,-0.013312780002329746,13.230402749499506,-0.012774084110071162,13.312682147003187,0.005833180745442708,0.2879208479018494,1,-1.0,-1.0,0,0,2,9,0,25.1,38.0,kandi/KAND,183.82149629455927,84.2,84.5,0.40787674915502936
11.137599356091275,2.9065082382626626,KAND,kandi,11.123456,2.954658,5487.578298040789,7079.457844,327.0,100.0,427.0,538.0,10,299.3575439453125,286.67065917815694,1.3324740183124653,289.3575439453125,-0.006187219393926457,11.67372540082805,-0.006354147283571667,11.639129521037585,-0.014418699457405598,0.46041697694419303,1,-1.0,-1.0,0,0,0,2,0,28.4,37.0,kandi/KAND,212.6801711490994,81.9,78.5,0.6310141151543507
11.118141501500002,2.92477307115225,KAND,kandi,11.123456,2.954658,3317.2191866324256,7079.457844,327.0,100.0,427.0,538.0,10,303.2234191894531,259.7303745515256,2.1369064638865267,293.2234191894531,-0.009039627395950638,9.596310831724205,-0.008839069917842,9.678270396136364,0.0004865010579427083,0.05897986540071115,1,-1.0,-1.0,0,0,1,0,0,33.2,27.0,kandi/KAND,116.63871176489182,78.9,88.5,0.10990317850526243
11.13932287147659,2.924768830016415,KAND,kandi,11.123456,2.954658,3706.8954718966515,7079.457844,327.0,100.0,427.0,538.0,10,291.0522766113281,298.4178395613742,2.1003401579421763,281.0522766113281,-0.011363737044795865,14.19950634712359,-0.010970988601603834,14.222237392662683,0.006998189290364583,0.3675261834768997,1,-1.0,-1.0,0,0,0,0,0,30.2,23.0,kandi/KAND,168.81490751722686,85.4,83.8,0.7978717527817141
11.13232887750552,2.920872902394178,KAND,kandi,11.123456,2.954658,3818.96497765844,7079.457844,327.0,100.0,427.0,538.0,10,298.3541564941406,284.9877600968208,1.9293389165594064,288.3541564941406,-0.009107089042663575,12.609121137617674,-0.008881301694497162,12.58984164696732,0.010037553069781767,0.32269758432451773,1,-1.0,-1.0,0,0,0,2,0,30.0,38.0,kandi/KAND,211.21815475956797,86.0,85.7,0.4632015590499611
11.134839378059038,2.930595008517866,KAND,kandi,11.123456,2.954658,2914.6614272315014,7079.457844,327.0,100.0,427.0,538.0,10,293.5776062011719,295.7425481402539,2.6209586667999774,283.5776062011719,-0.013519650413876488,13.293157828469552,-0.013357970187218465,13.350346639478584,0.0018763284398461717,0.05471025146926908,1,-1.0,-1.0,0,0,1,5,0,25.1,38.0,kandi/KAND,392.63572965291604,83.4,84.5,0.9232849300875842
11.138793757617977,2.9324397285382613,KAND,kandi,11.123456,2.954658,2961.293438643601,7079.457844,327.0,100.0,427.0,538.0,10,292.59063720703125,305.13072233314085,2.5987992977635788,282.59063720703125,-0.013715401081123738,13.56998710437244,-0.013387527717615512,13.668913916246897,0.0018948025173611109,0.1959055170964941,1,-1.0,-1.0,0,0,0,0,0,34.2,16.0,kandi/KAND,278.04558367284955,85.3,76.8,0.6664655838970831
11.136236047843472,2.9159307696372405,KAND,kandi,11.123456,2.954658,4460.487800131587,7079.457844,327.0,100.0,427.0,538.0,10,300.2435607910156,288.5929270787737,1.6277715050150492,290.2435607910156,-0.007427323962536665,12.792944025589101,-0.007392226465490479,12.73380593916197,-0.0066772460937499995,0.26085139918108713,1,-1.0,-1.0,0,0,0,1,0,30.4,39.0,kandi/KAND,198.68689941707686,82.8,86.4,0.22369561078124078
11.111606888420766,2.9332499093418143,KAND,kandi,11.123456,2.954658,2680.9459463803637,7079.457844,327.0,100.0,427.0,538.0,10,322.469482421875,240.5758882962827,2.2328407216898785,312.469482421875,-0.004020702220775463,3.824119315114013,-0.003973431384947699,3.843708049825114,0.0049852766357531405,0.18433264585203696,1,-1.0,-1.0,0,0,0,0,0,31.0,43.0,kandi/KAND,382.98217256152554,88.7,85.8,0.15602208338034307
11.129872640484649,2.9224590840818876,KAND,kandi,11.123456,2.954658,3588.328580834257,7079.457844,327.0,100.0,427.0,538.0,10,300.1969909667969,281.48366264426284,2.0238546112070663,290.1969909667969,-0.009164371204778306,12.224685737466862,-0.009417642283648263,12.192909270666286,-0.008356762340074021,0.1752669467578614,1,-1.0,-1.0,0,0,3,4,0,30.7,25.0,kandi/KAND,375.96242378723446,86.6,86.0,0.0008251514526437242
11.135434171881466,2.9255070456218424,KAND,kandi,11.123456,2.954658,3449.087240816444,7079.457844,327.0,100.0,427.0,538.0,10,293.5818176269531,292.7256384470503,2.215220694175017,283.5818176269531,-0.011524212393250702,13.611037658145396,-0.011431371792089567,13.657768414831194,-0.0062408447265625,0.2441065377042244,1,-1.0,-1.0,0,0,0,2,0,25.1,38.0,kandi/KAND,397.9469977270289,85.1,80.0,0.8299015322386779
11.110295370234661,2.9356442208808904,KAND,kandi,11.123456,2.954658,2536.494748704939,7079.457844,327.0,100.0,427.0,538.0,10,331.41265869140625,234.80273166380664,2.158159738776927,321.41265869140625,-0.000856238660451148,3.0159982879343405,-0.0008050560494492335,2.9858784100823432,-0.009603373209635417,0.45594311168190016,1,-1.0,-1.0,0,0,0,11,0,30.3,45.0,kandi/KAND,112.37245272427367,85.8,82.3,0.27297664792912824
11.111999111771711,2.9339759941680112,KAND,kandi,11.123456,2.954658,2590.5390027620765,7079.457844,327.0,100.0,427.0,538.0,10,321.9734802246094,240.55512553513068,2.3216336709584167,311.9734802246094,-0.004493595586412907,3.743617793492379,-0.004280828093830051,3.7686070773263913,-0.011642056594362038,0.4053358627408085,1,-1.0,-1.0,0,0,0,0,0,31.0,43.0,kandi/KAND,169.22313139762375,88.7,90.3,0.8052941510005996
11.133952686352705,2.9295486190142777,KAND,kandi,11.123456,2.954658,2978.573228077325,7079.457844,327.0,100.0,427.0,538.0,10,294.44647216796875,293.07884432429876,2.548115949641637,284.44647216796875,-0.012959635416666665,13.305716503549867,-0.012680426909238193,13.337595849840268,0.00627880392977942,0.24524274256780954,1,-1.0,-1.0,0,0,2,8,0,25.1,38.0,kandi/KAND,183.82149629455927,84.5,84.2,0.82164205911892
11.110824261190537,2.9346864040558445,KAND,kandi,11.123456,2.954658,2590.8534406731173,7079.457844,327.0,100.0,427.0,538.0,10,328.5411071777344,237.19687724762215,2.1763352509230436,318.5411071777344,-0.0013613321465771175,3.1637702851066796,-0.0022070104425603696,3.158845503758586,-0.013130357530381944,0.4829133079935099,1,-1.0,-1.0,0,0,0,1,0,31.0,43.0,kandi/KAND,237.3936713820402,90.3,82.3,0.6008716534551678
11.133119269923808,2.9115603854728622,KAND,kandi,11.123456,2.954658,4827.803322909768,7079.457844,327.0,100.0,427.0,538.0,10,302.1160888671875,282.8760797989788,1.4817765430814949,292.1160888671875,-0.006461550631631728,11.343622883158933,-0.006410569891120271,11.293690710790363,-0.001537746853298611,0.0998749240762423,0,-1.0,4556.904539259521,0,3,0,0,0,27.9,27.0,kandi/KAND,274.500104918019,86.9,81.6,0.8634125952401992
11.135590926594347,2.916832767982991,KAND,kandi,11.123456,2.954658,4344.57438994571,7079.457844,327.0,100.0,427.0,538.0,10,300.4522399902344,288.1095713801518,1.668426501278131,290.4522399902344,-0.007551869962836009,12.817205059243749,-0.007438898410926871,12.753355263439635,0.0015485975477430556,0.057630636375151714,1,-1.0,-1.0,0,0,0,0,0,30.4,39.0,kandi/KAND,348.5559072802526,82.8,87.5,0.28646256033011674
11.135822372091182,2.9299736510861765,KAND,kandi,11.123456,2.954658,3023.6298035444665,7079.457844,327.0,100.0,427.0,538.0,10,293.685546875,297.0504588193987,2.524585385095244,283.685546875,-0.013075617281007442,13.516718334168129,-0.01281405451999899,13.601371703805379,0.0011742485894097223,0.0433272045877232,1,-1.0,-1.0,0,0,2,1,0,25.1,38.0,kandi/KAND,392.63572965291604,84.5,83.4,0.405475615779732
11.117275299971295,2.925285547256128,KAND,kandi,11.123456,2.954658,3280.761496597794,7079.457844,327.0,100.0,427.0,538.0,10,304.2083435058594,257.8989908150061,2.1434539713813963,294.2083435058594,-0.008844637408386341,9.132443153976688,-0.008436010654025624,9.167915647516985,0.00537587945556579,0.41288296608737135,1,-1.0,-1.0,0,0,1,1,0,33.2,27.0,kandi/KAND,161.15480094289197,85.9,78.9,0.38627381072788747
11.135092702894301,2.9326447195288603,KAND,kandi,11.123456,2.954658,2727.5596710269097,7079.457844,327.0,100.0,427.0,538.0,10,292.2878112792969,298.3158529189184,2.8274993393172556,282.2878112792969,-0.015032075874971382,12.855152842554578,-0.014509123792806233,13.060214302219586,0.0061901306304720785,0.14666470931027173,1,-1.0,-1.0,0,0,0,3,0,25.1,38.0,kandi/KAND,334.3661974542558,84.5,87.6,0.6523012085137313
11.110701608247046,2.9347284140523446,KAND,kandi,11.123456,2.954658,2594.343289075388,7079.457844,327.0,100.0,427.0,538.0,10,328.5411071777344,236.8890754449332,2.1734105063477265,318.5411071777344,-0.0018330541150323283,3.110493133429572,-0.0021138051922401685,3.0898764526831286,-0.008325703938802083,0.4468032298275655,1,-1.0,-1.0,0,0,0,1,0,31.0,43.0,kandi/KAND,237.3936713820402,90.3,82.3,0.6614921390254274
11.131701680644003,2.9261104100864275,KAND,kandi,11.123456,2.954658,3249.1944149844567,7079.457844,327.0,100.0,427.0,538.0,10,297.7160949707031,286.4058168017834,2.278569922727971,287.7160949707031,-0.010866256383453614,12.981215633191365,-0.010769861997303877,12.979797603382668,-0.002483305244024196,0.12571245609013657,1,-1.0,-1.0,0,0,2,7,0,33.0,34.0,kandi/KAND,377.8714555243443,82.6,84.8,0.9583378714292512
11.137545772241097,2.9288842777472675,KAND,kandi,11.123456,2.954658,3218.092874592503,7079.457844,327.0,100.0,427.0,538.0,10,293.26934814453125,299.126940791475,2.3796068700565356,283.26934814453125,-0.012362972306616515,13.794078548855454,-0.012293281231422648,13.823751919507977,-0.002808567575890876,0.084073189900263,1,-1.0,-1.0,0,0,3,5,0,25.1,38.0,kandi/KAND,392.63572965291604,83.4,84.5,0.01813637421547032
11.136632400291704,2.933299617436273,KAND,kandi,11.123456,2.954658,2751.011688758434,7079.457844,327.0,100.0,427.0,538.0,10,292.1448669433594,302.1614879136831,2.8064038881001094,282.1448669433594,-0.01491991503530357,13.113619931996332,-0.014577478719941266,13.293695707935104,0.0008341471354166666,0.03678950685486705,1,-1.0,-1.0,0,0,1,5,0,33.4,16.0,kandi/KAND,315.9212884563857,87.6,76.8,0.4680293035415235
11.115883716530368,2.935172125160952,KAND,kandi,11.123456,2.954658,2287.5661102155673,7079.457844,327.0,100.0,427.0,538.0,10,317.6629333496094,248.39639429325342,2.7364405106249876,307.6629333496094,-0.006780279250372024,4.785854275725261,-0.006981115510169104,4.854860060259765,-0.020326345386792555,0.6523305638113439,1,-1.0,-1.0,0,0,1,2,0,36.2,24.0,kandi/KAND,271.9160182852466,88.7,89.9,0.3127875413242168
11.135050034087081,2.9324763507219913,KAND,kandi,11.123456,2.954658,2741.578085088405,7079.457844,327.0,100.0,427.0,538.0,10,292.4020080566406,298.0465355980807,2.8106840336735317,282.4020080566406,-0.01482730810193048,12.940434027253309,-0.014424934116661127,13.125391441539486,0.002746836344401042,0.15652359802755755,1,-1.0,-1.0,0,0,0,3,0,33.4,16.0,kandi/KAND,334.3661974542558,87.6,84.5,0.4053593417838234
11.111756003626049,2.932849899482165,KAND,kandi,11.123456,2.954658,2711.2374061213436,7079.457844,327.0,100.0,427.0,538.0,10,322.1593017578125,241.3340951932543,2.2144642041541784,312.1593017578125,-0.003871876896817028,3.9906252153562183,-0.004267210601478494,4.039272033198641,-0.0050961812337239586,0.310628888918482,1,-1.0,-1.0,0,0,1,0,0,31.0,43.0,kandi/KAND,316.71466585051456,88.7,82.3,0.040807754046639944
11.133243903621839,2.921706290347182,KAND,kandi,11.123456,2.954658,3758.9456601151123,7079.457844,327.0,100.0,427.0,538.0,10,296.74700927734375,286.8458155489458,1.9845888931178846,286.74700927734375,-0.009676817232969575,12.976077813691605,-0.00958431224032638,12.967824702606848,0.0025771034407665173,0.09246838761626382,1,-1.0,-1.0,0,0,0,4,0,30.0,38.0,kandi/KAND,207.50766443665174,84.7,86.0,0.787922412391569
11.128051363949274,2.9270342426328493,KAND,kandi,11.123456,2.954658,3060.1595006628354,7079.457844,327.0,100.0,427.0,538.0,10,297.8685302734375,279.6251964308999,2.4163124293934612,287.8685302734375,-0.011582462218927909,12.276044570143162,-0.010878561060967556,12.302485574653764,0.021231652425520598,0.5696330589016031,1,-1.0,-1.0,0,0,2,7,0,33.0,34.0,kandi/KAND,268.144848356337,82.6,81.0,0.34758012473929045
11.116538642529079,2.9173122348606646,KAND,kandi,11.123456,2.954658,4150.901833337733,7079.457844,327.0,100.0,427.0,538.0,10,309.3080139160156,259.3137381271161,1.6240923614106229,299.3080139160156,-0.005759559832602668,9.413374340027746,-0.005630886557852856,9.39093542457855,0.0037122460067972973,0.14355791564315562,1,-1.0,-1.0,0,0,0,1,0,35.2,25.0,kandi/KAND,175.32730220931484,87.2,77.9,0.0016554523441834057
11.141068214434796,2.9178989814660024,KAND,kandi,11.123456,2.954658,4463.147642014161,7079.457844,327.0,100.0,427.0,538.0,10,294.5788269042969,296.03047206144794,1.699461855574398,284.5788269042969,-0.008808868433088793,13.500672014321001,-0.008595818189069397,13.478820191317402,-0.01943393283420139,0.7337975176152628,0,-1.0,4302.152336290203,0,3,0,0,0,26.8,36.0,kandi/KAND,97.98854677976553,85.5,82.9,0.26020621136630184
11.126363161949792,2.9311892601167826,KAND,kandi,11.123456,2.954658,2583.8447009969464,7079.457844,327.0,100.0,427.0,538.0,10,299.1214599609375,277.1975677146959,2.833346446577654,289.1214599609375,-0.014672809630139567,11.14340824801524,-0.013019020469265785,11.213816494839334,-0.016232019594122758,0.5562927819828073,1,-1.0,-1.0,0,0,3,1,0,35.3,21.0,kandi/KAND,193.7196474289899,83.3,79.8,0.5949480443830807
11.138370397840589,2.925546981563229,KAND,kandi,11.123456,2.954658,3582.528365042213,7079.457844,327.0,100.0,427.0,538.0,10,291.5871887207031,297.574150436726,2.1646418572233617,281.5871887207031,-0.011689084044655799,14.06118869033057,-0.011501549892738218,14.113698233051583,-0.008960978190104166,0.40074646633372674,1,-1.0,-1.0,0,0,3,1,0,34.2,16.0,kandi/KAND,262.6669063662963,83.4,85.4,0.7817843162480986
11.111302587100228,2.9325513114425363,KAND,kandi,11.123456,2.954658,2763.9900511612063,7079.457844,327.0,100.0,427.0,538.0,10,321.83734130859375,240.74127654182945,2.178904938501608,311.83734130859375,-0.004117576024865591,3.9185090262541906,-0.004241879743808751,3.946600277128061,-0.008994927827708945,0.24644351919028568,1,-1.0,-1.0,0,0,0,0,0,31.0,43.0,kandi/KAND,165.92922165772438,88.7,88.6,0.37943374084333403
11.138165150378043,2.9250759805119477,KAND,kandi,11.123456,2.954658,3618.011512746799,7079.457844,327.0,100.0,427.0,538.0,10,291.5671081542969,296.87717691645497,2.1437498871845757,281.5671081542969,-0.0115036557200198,14.048499980703195,-0.011390739792407688,14.09995541349294,-0.006470489501953124,0.28771129131292794,1,-1.0,-1.0,0,0,1,0,0,32.0,21.0,kandi/KAND,168.81490751722686,83.8,85.4,0.9896936203789136
11.110185776829047,2.9349050920467588,KAND,kandi,11.123456,2.954658,2609.829660962107,7079.457844,327.0,100.0,427.0,538.0,10,329.97186279296875,235.60410156038262,2.1291594635752906,319.97186279296875,-0.001282764498209738,3.0077649092167253,-0.0022831888567721066,2.985024628025502,-0.029023054899343325,0.7777901694410118,1,-1.0,-1.0,0,0,0,6,0,31.0,43.0,kandi/KAND,237.3936713820402,90.3,82.3,0.9164387399115598
11.108531028329452,2.9320204967279246,KAND,kandi,11.123456,2.954658,2973.455331276389,7079.457844,327.0,100.0,427.0,538.0,10,324.22979736328125,236.1046873107851,1.979500356476832,314.22979736328125,-0.0030318603515625,3.1785040268746094,-0.0029891703436181172,3.205889483067635,3.772151141441353e-06,0.01697363169142099,1,-1.0,-1.0,0,0,0,0,0,31.0,43.0,kandi/KAND,330.0848336780301,86.1,86.8,0.12301514646891354
11.110599256720796,2.932273015249236,KAND,kandi,11.123456,2.954658,2828.8966890924917,7079.457844,327.0,100.0,427.0,538.0,10,321.59185791015625,239.6604294923959,2.133923436225916,311.59185791015625,-0.004978896394077355,3.7620556483269576,-0.004221594524336854,3.79864378976256,-0.01425226609822379,0.5083905769055361,1,-1.0,-1.0,0,0,0,0,0,33.4,23.0,kandi/KAND,165.92922165772438,88.6,88.7,0.11457318042879017
11.119267327454814,2.9250018008683187,KAND,kandi,11.123456,2.954658,3272.684829920638,7079.457844,327.0,100.0,427.0,538.0,10,302.8451843261719,261.81172924383117,2.1725701284231755,292.8451843261719,-0.00923642245205966,9.825531833743709,-0.00911740598019895,9.862096164891074,0.0018483479817708332,0.07331369247436234,1,-1.0,-1.0,0,0,0,0,0,31.0,31.0,kandi/KAND,368.7529770885469,87.2,88.5,0.7574408789131712
11.135832414149439,2.9174343119751973,KAND,kandi,11.123456,2.954658,4290.572032353724,7079.457844,327.0,100.0,427.0,538.0,10,300.3060302734375,288.72308482273337,1.691364465028503,290.3060302734375,-0.007695127439884267,13.009840402402881,-0.00756506908899066,12.943852106389459,0.003273518880208333,0.12041028900440814,1,-1.0,-1.0,0,0,1,0,0,30.4,39.0,kandi/KAND,193.28666844877344,85.4,82.8,0.29917485836649105
11.136083541770324,2.914552233316748,KAND,kandi,11.123456,2.954658,4598.411288338089,7079.457844,327.0,100.0,427.0,538.0,10,298.8088684082031,287.7948472923455,1.5968360775080412,288.8088684082031,-0.007471106062719832,12.504803383064596,-0.007513499926495294,12.484601127286407,-0.01115993923611111,0.4117481797990335,1,-1.0,-1.0,0,0,0,0,0,30.4,39.0,kandi/KAND,365.3384196878242,78.5,86.4,0.9466025322080956
11.133189483319244,2.921594795093085,KAND,kandi,11.123456,2.954658,3768.8870884936678,7079.457844,327.0,100.0,427.0,538.0,10,296.9660339355469,286.7040942360425,1.976032474241169,286.9660339355469,-0.009576810349390211,12.96330951258968,-0.009509706497192382,12.947519126972955,0.00192413330078125,0.12521380914222896,1,-1.0,-1.0,0,0,0,7,0,30.0,38.0,kandi/KAND,207.50766443665174,86.0,84.7,0.14571136493169234
11.135886875247365,2.9276837426277456,KAND,kandi,11.123456,2.954658,3251.697238519268,7079.457844,327.0,100.0,427.0,538.0,10,294.2096252441406,295.16089393002517,2.3385027206439104,284.2096252441406,-0.011962004028693615,13.658076656943134,-0.009692701884421036,13.700008040712177,0.05543878776265468,0.10072266702021314,1,-1.0,-1.0,0,0,4,8,0,25.1,38.0,kandi/KAND,397.9469977270289,85.1,80.0,0.2097599351152838
11.134089384345927,2.923293973641087,KAND,kandi,11.123456,2.954658,3622.4779799097655,7079.457844,327.0,100.0,427.0,538.0,10,295.1402893066406,289.0645212170434,2.084669895302321,285.1402893066406,-0.010512266758194954,13.337575368301401,-0.010414690053882963,13.34993378771138,-0.002057562934027778,0.11555701963557083,1,-1.0,-1.0,0,0,2,5,0,30.2,23.0,kandi/KAND,261.51750763597073,80.0,84.7,0.859588488783481
11.134564658820699,2.9306578191125148,KAND,kandi,11.123456,2.954658,2895.4494221930186,7079.457844,327.0,100.0,427.0,538.0,10,293.5463562011719,295.2568853723338,2.638941938789586,283.5463562011719,-0.013669767084809924,13.193901045908648,-0.013334989708280722,13.310481785649804,0.002312978108723958,0.11041980523771025,1,-1.0,-1.0,0,0,1,7,0,25.1,38.0,kandi/KAND,183.82149629455927,84.2,84.5,0.9433235258722763
11.110381942394385,2.9348379031601426,KAND,kandi,11.123456,2.954658,2603.7870150256585,7079.457844,327.0,100.0,427.0,538.0,10,329.02923583984375,236.09091686159016,2.1548093334071488,319.02923583984375,-0.0017452493340214279,3.057926260811138,-0.0019491359982151217,3.0372897625806394,-0.01911282009548611,0.717046090302257,1,-1.0,-1.0,0,0,0,5,0,31.0,43.0,kandi/KAND,237.3936713820402,90.3,82.3,0.8194850795705233
11.110172530508699,2.9321725702695978,KAND,kandi,11.123456,2.954658,2862.3312287449135,7079.457844,327.0,100.0,427.0,538.0,10,322.4173889160156,238.9518774105622,2.092517388878732,312.4173889160156,-0.0037874963548448354,3.6521714198111694,-0.003706920390226403,3.7198361023079145,0.00020828247070312465,0.3156749672806462,1,-1.0,-1.0,0,0,0,0,0,33.4,23.0,kandi/KAND,173.06789013672005,88.6,86.1,0.17321762455674516
11.13345369373352,2.910582195829454,KAND,kandi,11.123456,2.954658,4940.212067979172,7079.457844,327.0,100.0,427.0,538.0,10,301.41204833984375,283.0210145064729,1.456235078485693,291.41204833984375,-0.006471684487424622,11.275785186832165,-0.00631235648012484,11.229281835867676,0.0011108674197519376,0.07412105014985704,1,-1.0,-1.0,0,0,0,0,0,27.9,27.0,kandi/KAND,274.500104918019,81.6,86.9,0.5546171668998395
11.110230635982246,2.935485970788235,KAND,kandi,11.123456,2.954658,2554.7650022128423,7079.457844,327.0,100.0,427.0,538.0,10,332.0610656738281,234.89396348066336,2.128218574619711,322.0610656738281,-0.000490043699279312,2.9955568363760054,-0.0012346359299316878,2.9751847105588616,-0.017759058938505063,0.6458554966828328,1,-1.0,-1.0,0,0,0,14,0,30.3,45.0,kandi/KAND,112.37245272427367,82.3,85.8,0.5581331784791637
11.139536196008635,2.9251509219525107,KAND,kandi,11.123456,2.954658,3681.5261071063596,7079.457844,327.0,100.0,427.0,538.0,10,290.9553527832031,299.051066986787,2.1163068619690097,280.9553527832031,-0.01148877268528199,14.182334366589096,-0.011265283203125,14.223954504561378,0.0008636474609375,0.05344104800032078,1,-1.0,-1.0,0,0,0,0,0,34.2,16.0,kandi/KAND,285.4340773278742,83.4,83.8,0.8178174100748802
11.11115790606027,2.9335765386210393,KAND,kandi,11.123456,2.954658,2674.791238907373,7079.457844,327.0,100.0,427.0,538.0,10,322.8974914550781,239.26982855988922,2.228818970660569,312.8974914550781,-0.0038621803566261568,3.577034956837312,-0.0037030230511675816,3.5917116409500776,-0.005386691623263888,0.28707921214754434,1,-1.0,-1.0,0,0,0,0,0,31.0,43.0,kandi/KAND,316.71466585051456,88.7,82.3,0.37064848889652824
11.11266677178453,2.9225106895633632,KAND,kandi,11.123456,2.954658,3709.143952298607,7079.457844,327.0,100.0,427.0,538.0,10,310.240966796875,251.12047465167393,1.8030013289587048,300.240966796875,-0.006205486994917675,8.037737959275336,-0.006038807056568287,8.049604696348991,0.003794352213541667,0.1716680748476292,1,-1.0,-1.0,0,0,0,0,0,36.4,21.0,kandi/KAND,172.33978820923755,87.9,85.3,0.6104181300449241
11.139061105671958,2.927323331894045,KAND,kandi,11.123456,2.954658,3449.045330504548,7079.457844,327.0,100.0,427.0,538.0,10,292.4075927734375,300.1950420425486,2.234724488128379,282.4075927734375,-0.011860227723052539,13.955762522133263,-0.01180188746703961,14.003916450524269,-0.005631548497530785,0.15528369815681056,1,-1.0,-1.0,0,0,0,8,0,34.2,16.0,kandi/KAND,250.43971430260106,83.4,83.4,0.06339380002753325
11.116318875784089,2.9176740459652195,KAND,kandi,11.123456,2.954658,4116.654547621256,7079.457844,327.0,100.0,427.0,538.0,10,309.6284484863281,258.87713681520455,1.6331399990068045,299.6284484863281,-0.005723896118753774,9.346459411925544,-0.005715978974632794,9.326754195610626,0.0042154947916666664,0.19280520457491107,1,-1.0,-1.0,0,0,0,7,0,35.2,25.0,kandi/KAND,175.32730220931484,87.2,77.9,0.2696636779401881
11.110822453087499,2.935480122845963,KAND,kandi,11.123456,2.954658,2518.3800947392783,7079.457844,327.0,100.0,427.0,538.0,10,331.0318603515625,236.12624592007901,2.1823195451899733,321.0318603515625,-0.0008779073853180805,3.0965567641744127,-0.0017775247183285084,3.0616834310013923,-0.016068691447986682,0.5759975466130717,1,-1.0,-1.0,0,0,0,1,0,30.3,45.0,kandi/KAND,256.65974849969416,85.8,90.3,0.25759334603528183
11.135930650912645,2.9172143169702744,KAND,kandi,11.123456,2.954658,4316.815404778767,7079.457844,327.0,100.0,427.0,538.0,10,300.3060302734375,288.7582013861711,1.681088009881033,290.3060302734375,-0.007643367626048899,12.980799904556351,-0.007495307122138577,12.91503085593229,0.002110032772936437,0.0669922602072007,1,-1.0,-1.0,0,0,0,0,0,30.4,39.0,kandi/KAND,193.28666844877344,82.8,85.4,0.5624635033173984
11.12444662551988,2.922836426474726,KAND,kandi,11.123456,2.954658,3477.9676106877196,7079.457844,327.0,100.0,427.0,538.0,10,303.32891845703125,271.8202663762557,2.036490166046365,293.32891845703125,-0.008609309826556028,11.191386919129362,-0.008260652144357662,11.156765688481867,0.011487469105786116,0.3123613918140918,1,-1.0,-1.0,0,0,0,0,0,31.5,32.0,kandi/KAND,113.91424559135775,81.6,84.4,0.8547961545731119
11.135786768943253,2.915995032479198,KAND,kandi,11.123456,2.954658,4438.309276526975,7079.457844,327.0,100.0,427.0,538.0,10,300.35723876953125,288.0101097846141,1.6344348611948165,290.35723876953125,-0.007430878273672769,12.691705407777857,-0.00736349826388889,12.63174620086126,-0.003987291124131945,0.14796847884550848,1,-1.0,-1.0,0,0,0,0,0,30.4,39.0,kandi/KAND,371.02901908073824,86.4,85.4,0.4249346784379421
11.133750795719537,2.9227448009863717,KAND,kandi,11.123456,2.954658,3667.4708323333043,7079.457844,327.0,100.0,427.0,538.0,10,295.78509521484375,288.20236385528955,2.0490564704278986,285.78509521484375,-0.009970979572426975,13.203295344151789,-0.010131791462260674,13.202639533577836,0.0004121301935726696,0.07640529403485855,1,-1.0,-1.0,0,0,2,3,0,30.0,38.0,kandi/KAND,207.50766443665174,86.0,84.7,0.830238682364183
11.122292329796856,2.924294867492104,KAND,kandi,11.123456,2.954658,3319.4273302382326,7079.457844,327.0,100.0,427.0,538.0,10,301.6587829589844,267.7661616863212,2.162455079549353,291.6587829589844,-0.009509488125821133,10.712710731556838,-0.008913602527358068,10.733060915369984,0.014260013677004421,0.3264128468715616,1,-1.0,-1.0,0,0,0,0,0,31.5,32.0,kandi/KAND,280.0326934020449,80.5,81.6,0.041822647279364134
11.138082909991297,2.928345420970633,KAND,kandi,11.123456,2.954658,3298.4499275450257,7079.457844,327.0,100.0,427.0,538.0,10,292.949951171875,299.5361595897143,2.3272379246515476,282.949951171875,-0.012241118274355723,13.837798692019975,-0.012099213574329517,13.891628976553182,-0.005218242104829744,0.12869970525173235,1,-1.0,-1.0,0,0,3,3,0,25.1,38.0,kandi/KAND,250.43971430260106,83.4,83.4,0.3095576867280808
11.14112814891128,2.9167827800072383,KAND,kandi,11.123456,2.954658,4575.987836132807,7079.457844,327.0,100.0,427.0,538.0,10,293.5588073730469,295.4364427920749,1.6703390213240747,283.5588073730469,-0.008919789940872117,13.406573484215285,-0.009196347892049976,13.3986658042861,-0.031073141461467838,0.6462165544564734,1,-1.0,-1.0,0,0,0,3,0,26.8,36.0,kandi/KAND,215.05945643006783,85.5,82.2,0.4596994781148084
11.133209558199178,2.918633849289392,KAND,kandi,11.123456,2.954658,4080.4943997217524,7079.457844,327.0,100.0,427.0,538.0,10,298.94732666015625,285.4297292399159,1.7974465759651714,288.94732666015625,-0.008423710099113803,12.568882295444393,-0.007984560608512192,12.520965446786823,0.01731985827580024,0.4629887879055472,1,-1.0,-1.0,0,0,0,0,0,26.8,36.0,kandi/KAND,352.45777406663626,85.7,87.5,0.762964122447104
11.120471280011822,2.9243213760003943,KAND,kandi,11.123456,2.954658,3330.450159632563,7079.457844,327.0,100.0,427.0,538.0,10,302.9449157714844,264.2770235453668,2.1332095806387015,292.9449157714844,-0.00912177619129888,10.125954513293399,-0.008915660541877068,10.171133686172798,0.0035563299842623977,0.09086629353459368,1,-1.0,-1.0,0,0,0,3,0,33.2,27.0,kandi/KAND,366.5034435036539,88.5,80.5,0.4670545490368828
11.111370058944818,2.934499462258162,KAND,kandi,11.123456,2.954658,2576.2321692673795,7079.457844,327.0,100.0,427.0,538.0,10,325.9825439453125,238.57656752808083,2.245492604821729,315.9825439453125,-0.0028425273401886265,3.4040837580336465,-0.0031180757464784564,3.4129415049287783,-0.009344482421875,0.4328034375541432,1,-1.0,-1.0,0,0,0,0,0,30.3,45.0,kandi/KAND,237.3936713820402,82.3,90.3,0.6688856303576913
11.11207532750335,2.938002242732537,KAND,kandi,11.123456,2.954658,2212.579045618517,7079.457844,327.0,100.0,427.0,538.0,10,329.0374450683594,235.1499438001101,2.5351309589327964,319.0374450683594,-0.0019315015088330518,3.1876312171725427,-0.0030488075244661274,3.1688580586308395,-0.029592753401926616,0.5159580365231753,1,-1.0,-1.0,0,0,0,1,0,33.3,38.0,kandi/KAND,251.1567510887154,90.0,90.3,0.7555661572576203
11.112432990900887,2.9345296856173264,KAND,kandi,11.123456,2.954658,2514.333420669383,7079.457844,327.0,100.0,427.0,538.0,10,322.4092712402344,240.83555553591165,2.382004860552539,312.4092712402344,-0.004348393852540136,3.6895726266867235,-0.004125697136345296,3.760540456022294,0.0013941864317126296,0.3163050217167684,1,-1.0,-1.0,0,0,0,1,0,33.3,38.0,kandi/KAND,302.0118058950443,89.9,90.3,0.826876255115792
11.141127326552043,2.915664421654094,KAND,kandi,11.123456,2.954658,4686.699968419097,7079.457844,327.0,100.0,427.0,538.0,10,293.1443786621094,294.79485559889355,1.6359651563473667,283.1443786621094,-0.008530997825023222,13.323317204994046,-0.008564088716788633,13.323557231165806,-0.01710272894965278,0.629893494301053,0,-1.0,4357.973517728378,0,7,0,0,0,30.4,39.0,kandi/KAND,295.05963126131167,82.2,78.5,0.04498711065852601
11.137436493587222,2.925037290109094,KAND,kandi,11.123456,2.954658,3586.3042707052286,7079.457844,327.0,100.0,427.0,538.0,10,292.2664489746094,295.69189479286405,2.151528263798213,282.2664489746094,-0.011405258178710938,13.935197005531464,-0.011348720196166326,13.987682884638739,-0.005907694498697917,0.3022520400588601,1,-1.0,-1.0,0,0,1,1,0,30.2,23.0,kandi/KAND,315.80426612040435,85.4,80.0,0.25123465238679055
11.136365713316444,2.9354791880294524,KAND,kandi,11.123456,2.954658,2535.4686118642917,7079.457844,327.0,100.0,427.0,538.0,10,293.2840881347656,304.45300539227236,3.0188764011895657,283.2840881347656,-0.015657193116538057,12.349487306785859,-0.015614245365805175,12.599818453498878,-0.008921614456913581,0.2655441060024264,1,-1.0,-1.0,0,0,0,4,0,33.4,16.0,kandi/KAND,305.11071367616483,87.6,83.2,0.7579950122719069
11.110339762213206,2.9328619249762493,KAND,kandi,11.123456,2.954658,2788.2995623782463,7079.457844,327.0,100.0,427.0,538.0,10,323.47625732421875,238.48221652964367,2.1262960373439737,313.47625732421875,-0.0035537569240830878,3.4992180374052455,-0.0036948756167763156,3.5614784896727607,-0.014638264973958334,0.5479677103971323,1,-1.0,-1.0,0,0,0,0,0,30.3,45.0,kandi/KAND,309.17405911533984,82.3,88.6,0.7631947053216626
11.133137134824068,2.911508130639604,KAND,kandi,11.123456,2.954658,4833.807406491152,7079.457844,327.0,100.0,427.0,538.0,10,302.2140197753906,282.8839925583234,1.4787768292156425,292.2140197753906,-0.006401514123987267,11.319724222510946,-0.006410569891120271,11.29572248410869,-0.001537746853298611,0.0998749240762423,0,-1.0,4552.884731564812,0,4,0,0,0,27.9,27.0,kandi/KAND,274.500104918019,81.6,86.9,0.15891853008366463
11.11224911909673,2.9344081844251515,KAND,kandi,11.123456,2.954658,2535.8308381849906,7079.457844,327.0,100.0,427.0,538.0,10,322.4092712402344,240.57824314897942,2.361834462730019,312.4092712402344,-0.004280826344209558,3.6861788648975256,-0.0047006534304527845,3.7578233851340537,-0.018501520868858482,0.4642164295354245,1,-1.0,-1.0,0,0,0,0,0,31.0,43.0,kandi/KAND,302.0118058950443,90.3,89.9,0.09212295010082294
11.10957205467826,2.933785112941301,KAND,kandi,11.123456,2.954658,2749.2079950331927,7079.457844,327.0,100.0,427.0,538.0,10,327.01165771484375,235.8692333126321,2.082922071093631,317.01165771484375,-0.0022875799649003624,3.0128401486822773,-0.0022665484445764297,2.987338102074469,0.0014452281702924414,0.763100653233831,1,-1.0,-1.0,0,0,0,0,0,31.0,43.0,kandi/KAND,352.26948019734937,86.1,82.3,0.6032828097885571
11.113244492174026,2.9350659199387836,KAND,kandi,11.123456,2.954658,2420.0872392792103,7079.457844,327.0,100.0,427.0,538.0,10,322.4516906738281,242.02574115924028,2.4736524129365374,312.4516906738281,-0.004751199191973879,3.807938144261959,-0.004097915410191164,3.876660669224868,-0.005673701131608297,0.830997556690538,1,-1.0,-1.0,0,0,0,0,0,31.0,43.0,kandi/KAND,302.0118058950443,90.3,89.9,0.5306132925223984
11.114069406378867,2.9368731767370337,KAND,kandi,11.123456,2.954658,2202.918018665859,7079.457844,327.0,100.0,427.0,538.0,10,324.1788635253906,241.7266616548219,2.6723394100993754,314.1788635253906,-0.00412005175341357,3.6585408548593477,-0.004235264292934484,3.698340456320769,-0.008811442057291667,0.48070354400274284,1,-1.0,-1.0,0,0,0,0,0,33.3,38.0,kandi/KAND,285.99656928073153,89.9,90.0,0.43822537900961656
11.11165904827764,2.9378106606783634,KAND,kandi,11.123456,2.954658,2256.139911616613,7079.457844,327.0,100.0,427.0,538.0,10,329.192626953125,234.48927085245563,2.4823119271413128,319.192626953125,-0.0007231138329910084,3.189081690590268,-0.002115013485863095,3.1848720808562776,-0.011348470052083335,0.41983241081896777,1,-1.0,-1.0,0,0,0,1,0,33.3,38.0,kandi/KAND,389.4186282137673,89.9,90.3,0.9535797562446499
11.13981607367031,2.922486505419364,KAND,kandi,11.123456,2.954658,3952.9449715426326,7079.457844,327.0,100.0,427.0,538.0,10,295.4350280761719,297.3998081424783,1.906258775017106,285.4350280761719,-0.009525484878476143,14.135253265941174,-0.009415014466243004,14.099157972099194,0.005125257703993055,0.1944333380815309,1,-1.0,-1.0,0,0,0,0,0,30.2,23.0,kandi/KAND,262.99505261506863,84.6,83.8,0.06631585566260378
11.135205091954207,2.9330882006841636,KAND,kandi,11.123456,2.954658,2690.9271618082707,7079.457844,327.0,100.0,427.0,538.0,10,292.24798583984375,299.03853309624947,2.8667731612860528,282.24798583984375,-0.015217234865025278,12.780535234143601,-0.014864902219910553,13.002025596676223,0.000359768337673611,0.01949494534201636,1,-1.0,-1.0,0,0,1,2,0,25.1,38.0,kandi/KAND,334.3661974542558,84.5,87.6,0.8041783164943872
11.111801329770554,2.9327948319605817,KAND,kandi,11.123456,2.954658,2714.1398570384886,7079.457844,327.0,100.0,427.0,538.0,10,322.1593017578125,241.4882652177601,2.21209845096623,312.1593017578125,-0.003945197712569668,4.035623964989137,-0.004267210601478494,4.080965923537802,0.0026135762532552087,0.3703879066340175,1,-1.0,-1.0,0,0,1,0,0,31.0,43.0,kandi/KAND,316.71466585051456,88.7,82.3,0.015811148697974953
11.116236505422144,2.9178096557074458,KAND,kandi,11.123456,2.954658,4103.879918309308,7079.457844,327.0,100.0,427.0,538.0,10,309.41546630859375,258.7116257885726,1.6411919878657772,299.41546630859375,-0.00581749686359489,9.342060167590242,-0.005764368662814997,9.301638839395162,-0.001416724606261482,0.08696124953735407,1,-1.0,-1.0,0,0,0,8,0,35.2,25.0,kandi/KAND,175.32730220931484,77.9,87.2,0.6298846611514294
11.135777104513313,2.9344249633074235,KAND,kandi,11.123456,2.954658,2596.6727931544315,7079.457844,327.0,100.0,427.0,538.0,10,293.2779846191406,301.8270118965896,2.9479821140888194,283.2779846191406,-0.015343829041696599,12.526174526040064,-0.015241118584679305,12.768275828869374,-0.0032546997070312497,0.2525492604874716,1,-1.0,-1.0,0,0,6,7,0,33.4,16.0,kandi/KAND,305.11071367616483,83.2,87.6,0.6812652885734883
11.110229207588647,2.93190174443071,KAND,kandi,11.123456,2.954658,2884.5763825812655,7079.457844,327.0,100.0,427.0,538.0,10,321.6295166015625,239.36170701985722,2.092023237675003,311.6295166015625,-0.004019196500483248,3.7510206165202225,-0.0036759650298213075,3.778185951902289,0.0073100365648998055,0.3223789095448789,1,-1.0,-1.0,0,0,0,0,0,33.4,23.0,kandi/KAND,182.88071112067146,81.5,88.6,0.7733414931690196
11.137568393422978,2.9065500650250997,KAND,kandi,11.123456,2.954658,5482.222985295894,7079.457844,327.0,100.0,427.0,538.0,10,299.3575439453125,286.64984667508736,1.3337751763848233,289.3575439453125,-0.006187219393926458,11.669680012342512,-0.00631137057467624,11.634750792993607,-0.011780802408854166,0.43293285424388167,1,-1.0,-1.0,0,0,0,2,0,28.4,37.0,kandi/KAND,212.6801711490994,81.9,78.5,0.6038538798055099
11.133731164659176,2.909770593371911,KAND,kandi,11.123456,2.954658,5033.500060648933,7079.457844,327.0,100.0,427.0,538.0,10,301.1546325683594,283.13635436693085,1.4321856650886549,291.1546325683594,-0.00638279436975049,11.237497324138838,-0.0062144081265318625,11.19063534036446,0.005343967013888888,0.23955891636103108,1,-1.0,-1.0,0,0,0,0,0,27.9,27.0,kandi/KAND,274.500104918019,86.9,81.6,0.0985441760305178
11.145186460008928,2.918740503506598,KAND,kandi,11.123456,2.954658,4601.319647757487,7079.457844,327.0,100.0,427.0,538.0,10,290.6612548828125,301.66215262948845,1.6971978442586964,280.6612548828125,-0.009234658773843345,14.021408154933962,-0.009314856938524517,14.025012504568444,-0.01054074759633613,0.3394732075496846,0,-1.0,4260.139633795508,0,1,0,1,0,30.2,29.0,kandi/KAND,169.91341088926387,81.4,75.9,0.9859565023302652
11.12705833653992,2.92729254345933,KAND,kandi,11.123456,2.954658,3015.874401305432,7079.457844,327.0,100.0,427.0,538.0,10,297.4242858886719,277.6437735608682,2.460174863188808,287.4242858886719,-0.01184854538920689,12.035184702845322,-0.011413890258394012,12.087503014107584,0.007090504964192709,0.338859525588426,1,-1.0,-1.0,0,0,0,2,0,35.7,22.0,kandi/KAND,213.30780787394355,81.0,87.2,0.6121856536919532
11.134913710054338,2.9302472676041504,KAND,kandi,11.123456,2.954658,2952.486272050858,7079.457844,327.0,100.0,427.0,538.0,10,293.720458984375,295.5673059855869,2.584660461483943,283.720458984375,-0.013334989708280726,13.336325976429059,-0.013068039897251445,13.43923642539061,0.001263427734375,0.06146879342877125,1,-1.0,-1.0,0,0,1,2,0,25.1,38.0,kandi/KAND,302.509112755308,85.1,84.5,0.7876153466165247
11.138598054013917,2.92496112852692,KAND,kandi,11.123456,2.954658,3650.939101724656,7079.457844,327.0,100.0,427.0,538.0,10,291.173828125,297.46209388991673,2.1305967478190997,281.173828125,-0.011549401347148045,14.107312211229544,-0.011322169150075606,14.15378987726625,-0.002086385091145833,0.0871366035320052,1,-1.0,-1.0,0,0,1,0,0,30.2,23.0,kandi/KAND,168.81490751722686,85.4,83.8,0.30479864892366504
11.13904688456586,2.9273381911266996,KAND,kandi,11.123456,2.954658,3446.852856611963,7079.457844,327.0,100.0,427.0,538.0,10,292.4075927734375,300.18587625561514,2.2361445089612206,282.4075927734375,-0.011860227723052539,13.95703431904508,-0.011814843572220275,14.005236078628387,-0.006136836599576677,0.15528369815681056,1,-1.0,-1.0,0,0,0,9,0,25.1,38.0,kandi/KAND,250.43971430260106,83.4,83.4,0.9274901063192414
11.110831911271962,2.935470722333356,KAND,kandi,11.123456,2.954658,2518.6542558257383,7079.457844,327.0,100.0,427.0,538.0,10,331.0318603515625,236.15909055620762,2.1820822245266824,321.0318603515625,-0.000881555644548532,3.0946371692530916,-0.001767938557760388,3.059740436010967,-0.015793888178367223,0.5759975466130717,1,-1.0,-1.0,0,0,0,1,0,30.3,45.0,kandi/KAND,256.65974849969416,85.8,90.3,0.2633605316835367
11.111843392109343,2.9328562956433775,KAND,kandi,11.123456,2.954658,2706.0211153246396,7079.457844,327.0,100.0,427.0,538.0,10,322.1593017578125,241.50748835780783,2.218728677868455,312.1593017578125,-0.003523626720978929,4.041149379092129,-0.004368207971126895,4.064455194300947,0.0018099192022821748,0.40277882911024204,1,-1.0,-1.0,0,0,1,0,0,31.0,43.0,kandi/KAND,169.22313139762375,88.7,90.3,0.06377194925670848
11.121036958815706,2.9261964638116975,KAND,kandi,11.123456,2.954658,3120.6961651560255,7079.457844,327.0,100.0,427.0,538.0,10,301.48577880859375,265.0521267947491,2.303191594202397,291.48577880859375,-0.01020609425950118,9.995960749628772,-0.009978681986647073,10.10001949088281,-0.0008365258979882353,0.11581066161340688,1,-1.0,-1.0,0,0,0,0,0,31.0,31.0,kandi/KAND,386.05135929607223,87.2,80.5,0.3751414476446008
11.11632102381558,2.917670509571913,KAND,kandi,11.123456,2.954658,4116.98813342129,7079.457844,327.0,100.0,427.0,538.0,10,309.6284484863281,258.88143924980693,1.633007742780105,299.6284484863281,-0.005723896118753774,9.346459411925544,-0.005715978974632794,9.326754195610626,0.0042154947916666664,0.19280520457491107,1,-1.0,-1.0,0,0,0,7,0,35.2,25.0,kandi/KAND,175.32730220931484,87.2,77.9,0.26704412734298566
11.136060346109744,2.928425608222558,KAND,kandi,11.123456,2.954658,3186.790954161419,7079.457844,327.0,100.0,427.0,538.0,10,293.87847900390625,296.09342340765215,2.392020555792656,283.87847900390625,-0.012563313486644238,13.687402481641287,-0.012149079698896755,13.71289036699036,-0.00026766668632483497,0.045197566070191056,1,-1.0,-1.0,0,0,2,9,0,25.1,38.0,kandi/KAND,179.61775663907892,83.4,85.1,0.9869576219586861
11.141218357561414,2.9157586465086682,KAND,kandi,11.123456,2.954658,4681.563454195661,7079.457844,327.0,100.0,427.0,538.0,10,293.1443786621094,294.96008697531204,1.6377591263245332,283.1443786621094,-0.008585818253979182,13.335378435184055,-0.00874895934572983,13.336860251380457,-0.015001480185868422,0.4797650270395415,0,-1.0,4390.724842812763,0,3,0,0,0,26.8,36.0,kandi/KAND,215.05945643006783,85.5,82.2,0.9903385965449862
11.13792407971776,2.9285113782436243,KAND,kandi,11.123456,2.954658,3274.0406895376263,7079.457844,327.0,100.0,427.0,538.0,10,293.14166259765625,299.4234530670166,2.341219744390752,283.14166259765625,-0.01217688358191288,13.851525850469557,-0.012135126723121416,13.880615719356856,-0.00283269656799236,0.11042199034249289,1,-1.0,-1.0,0,0,3,5,0,25.1,38.0,kandi/KAND,250.43971430260106,83.4,83.4,0.2077434088195117
11.13587719764771,2.929938995466833,KAND,kandi,11.123456,2.954658,3029.751677240049,7079.457844,327.0,100.0,427.0,538.0,10,293.685546875,297.1206207046009,2.5194908233328195,283.685546875,-0.013081419019227455,13.523719317741213,-0.012848640236140739,13.6087414894444,-1.3194331456947041e-05,0.038153191631742314,1,-1.0,-1.0,0,0,3,1,0,25.1,38.0,kandi/KAND,392.63572965291604,83.4,84.5,0.5761880776892438
11.1187273332586,2.924393100966884,KAND,kandi,11.123456,2.954658,3347.3397999654467,7079.457844,327.0,100.0,427.0,538.0,10,303.0980529785156,260.955511603942,2.119838304932194,293.0980529785156,-0.008967540565351009,9.81809355567704,-0.008776873315286914,9.883182729230747,0.002978515625,0.15293822770126814,1,-1.0,-1.0,0,0,0,2,0,33.2,27.0,kandi/KAND,277.74462035546526,85.9,88.5,0.9052340516674895
11.13858943982245,2.906100452073111,KAND,kandi,11.123456,2.954658,5562.255908458939,7079.457844,327.0,100.0,427.0,538.0,10,297.3988342285156,287.62636344905576,1.334756365872384,287.3988342285156,-0.006438448779471887,11.844400284176247,-0.006469585878629211,11.815590347983163,-0.009456380208333334,0.4533649218829804,1,-1.0,-1.0,0,0,0,0,0,28.4,37.0,kandi/KAND,325.21295177169327,81.9,83.6,0.7497543080919449
11.121496419179252,2.924355547305975,KAND,kandi,11.123456,2.954658,3317.39553796986,7079.457844,327.0,100.0,427.0,538.0,10,302.3221130371094,266.2322806002685,2.152337914909279,292.3221130371094,-0.009277840302342417,10.478702934992697,-0.008832031283497764,10.510825712713686,0.012463347442360068,0.24025190909681074,1,-1.0,-1.0,0,0,0,0,0,31.5,32.0,kandi/KAND,366.5034435036539,80.5,88.5,0.22229721840851246
11.135992618619918,2.9249508609737274,KAND,kandi,11.123456,2.954658,3529.0709130732916,7079.457844,327.0,100.0,427.0,538.0,10,292.8520202636719,293.2752083389332,2.1768942856169926,282.8520202636719,-0.011470342854743468,13.716331437703905,-0.011275388929578993,13.760598843956322,-0.005033620198567708,0.228533344233904,1,-1.0,-1.0,0,0,0,0,0,30.2,23.0,kandi/KAND,315.80426612040435,80.0,85.4,0.24035866898509617
11.135866446208693,2.924943308399816,KAND,kandi,11.123456,2.954658,3524.3705352329707,7079.457844,327.0,100.0,427.0,538.0,10,292.8520202636719,293.0603315459116,2.1797947643332707,282.8520202636719,-0.011503118256291802,13.708719792820023,-0.011202189127604166,13.74809360115486,-0.0016980489095052085,0.1117853989565675,1,-1.0,-1.0,0,0,0,0,0,30.2,23.0,kandi/KAND,315.80426612040435,85.4,80.0,0.8040682363756226
11.135950804308804,2.9171691847169035,KAND,kandi,11.123456,2.954658,4322.199461585335,7079.457844,327.0,100.0,427.0,538.0,10,300.4173278808594,288.7653528923328,1.6775210058309198,290.4173278808594,-0.005968829602949345,12.95068176055095,-0.007500029391370363,12.917807218296915,0.001880215670322838,0.0669922602072007,1,-1.0,-1.0,0,0,0,0,0,30.4,39.0,kandi/KAND,193.28666844877344,85.4,82.8,0.4659215616959015
11.14113869060216,2.9180247940793405,KAND,kandi,11.123456,2.954658,4454.203985059534,7079.457844,327.0,100.0,427.0,538.0,10,295.1448059082031,296.19851993853564,1.695598262766287,285.1448059082031,-0.008541515102855845,13.503206090051094,-0.008753526026576296,13.49316690690335,-0.031902313232421875,1.4099327435457416,0,-1.0,4275.6787752375085,0,4,0,0,0,30.4,39.0,kandi/KAND,312.10744640271304,82.2,82.9,0.8130939784128726
11.110333203020467,2.935736707341078,KAND,kandi,11.123456,2.954658,2525.82002195312,7079.457844,327.0,100.0,427.0,538.0,10,331.7012939453125,234.74880280236505,2.1607338891593937,321.7012939453125,-0.0006368958716299018,3.0165682298179948,-0.0008825758359810092,3.00169975167079,-0.014758379476941712,0.42873771741064526,1,-1.0,-1.0,0,0,0,12,0,30.3,45.0,kandi/KAND,112.37245272427367,85.8,82.3,0.1742717811333676
11.13538196087339,2.916977748076213,KAND,kandi,11.123456,2.954658,4322.405234473578,7079.457844,327.0,100.0,427.0,538.0,10,300.4226989746094,287.88181348938866,1.6773700555146984,290.4226989746094,-0.0075638343547952585,12.759407718867692,-0.007490514495029333,12.727509796215811,0.0015206556863501834,0.06271758426676755,1,-1.0,-1.0,0,0,1,0,0,30.0,38.0,kandi/KAND,348.5559072802526,87.5,82.8,0.6325429741826537
11.111126346261099,2.9324815758587084,KAND,kandi,11.123456,2.954658,2780.161020999492,7079.457844,327.0,100.0,427.0,538.0,10,321.83734130859375,240.4656831477398,2.1662433194362847,311.83734130859375,-0.004249465949271291,3.8666959914713988,-0.004157672012061404,3.9204799895307336,-0.011128065321180556,0.4424197882026788,1,-1.0,-1.0,0,0,0,0,0,33.4,23.0,kandi/KAND,165.92922165772438,88.6,88.7,0.49377428856034977
11.110622103993588,2.9362950699354973,KAND,kandi,11.123456,2.954658,2457.5511736298936,7079.457844,327.0,100.0,427.0,538.0,10,330.76531982421875,234.540721808799,2.242486480539939,320.76531982421875,-0.0010406742251016263,3.099783001574236,-0.0008622785731884296,3.070717823916676,0.004301295436835088,0.6800955343729621,1,-1.0,-1.0,0,0,2,7,0,30.3,45.0,kandi/KAND,255.95069251708895,85.8,90.3,0.19655220671489537
11.111199337016032,2.9322407903881986,KAND,kandi,11.123456,2.954658,2799.192752954189,7079.457844,327.0,100.0,427.0,538.0,10,321.1256408691406,240.87522704381678,2.166075801401961,311.1256408691406,-0.004326148066960329,3.9862432950571347,-0.003995269406477441,3.998671198852754,0.0011279922323810393,0.31281969325174686,1,-1.0,-1.0,0,0,0,0,0,33.4,23.0,kandi/KAND,333.563772763011,81.5,88.7,0.7281625069101757
11.139944549023106,2.9061551669715273,KAND,kandi,11.123456,2.954658,5603.5264674306745,7079.457844,327.0,100.0,427.0,538.0,10,297.5262145996094,289.1142803415664,1.323627500375692,287.5262145996094,-0.006390908007320532,12.163373041834346,-0.006401635225487764,12.12511336576655,-0.006996324327256945,0.2857553506524194,1,-1.0,-1.0,0,0,0,0,0,28.4,37.0,kandi/KAND,359.64685178650427,78.5,83.3,0.5976860320205616
11.116547526025213,2.929291733148683,KAND,kandi,11.123456,2.954658,2874.5292123020563,7079.457844,327.0,100.0,427.0,538.0,10,308.77459716796875,254.48992300369093,2.3551686344772036,298.77459716796875,-0.008524576822916666,7.532772116841865,-0.009067002217098694,7.694126498262024,-0.02340228075855733,0.48154284356693317,1,-1.0,-1.0,0,0,2,4,0,35.5,22.0,kandi/KAND,323.68254725880485,88.4,89.2,0.8011506859475722
11.135702300039362,2.916964968513527,KAND,kandi,11.123456,2.954658,4334.675193964723,7079.457844,327.0,100.0,427.0,538.0,10,300.3804626464844,288.3245311580988,1.6731825090071648,290.3804626464844,-0.007573543855513649,12.865577199387513,-0.0074306219883786846,12.800487471144585,0.0023129781087239585,0.10643142014586819,1,-1.0,-1.0,0,0,0,0,0,30.4,39.0,kandi/KAND,371.02901908073824,85.4,86.4,0.2837932391811441
11.134830291844933,2.917994460765248,KAND,kandi,11.123456,2.954658,4198.088192794675,7079.457844,327.0,100.0,427.0,538.0,10,299.7380065917969,287.54946676798806,1.7363481821012303,289.7380065917969,-0.007987670941026738,12.856750470339122,-0.0077429946286910085,12.795963124246798,0.009893246646472847,0.3068570911308009,1,-1.0,-1.0,0,0,0,0,0,30.4,39.0,kandi/KAND,208.75379014506763,85.4,87.5,0.42230382623879925
11.113989893069334,2.9355584755964768,KAND,kandi,11.123456,2.954658,2334.502279938384,7079.457844,327.0,100.0,427.0,538.0,10,321.7408447265625,243.203458637638,2.581630995602953,311.7408447265625,-0.005030909863111599,3.9461543272492263,-0.004903221130371093,4.006828139562857,-0.00968356662326389,0.3588183632292271,1,-1.0,-1.0,0,0,1,2,0,33.3,38.0,kandi/KAND,302.0118058950443,89.9,90.3,0.14101626901568387
11.133425941875586,2.9106633700139097,KAND,kandi,11.123456,2.954658,4930.882771780422,7079.457844,327.0,100.0,427.0,538.0,10,301.41204833984375,283.00923857222784,1.458989104990894,291.41204833984375,-0.0065371938484294866,11.273169839365336,-0.006381258059552748,11.249962190704604,-0.003365173066953419,0.1589065948754997,1,-1.0,-1.0,0,0,0,0,0,27.9,27.0,kandi/KAND,274.500104918019,86.9,81.6,0.480072655516965
11.112176657683348,2.921550040136512,KAND,kandi,11.123456,2.954658,3825.9952909768376,7079.457844,327.0,100.0,427.0,538.0,10,311.5120544433594,250.8562075145436,1.7289522857115176,301.5120544433594,-0.005585421384820672,7.983900133032951,-0.005503727839543269,7.974466572752332,0.007692718505859375,0.36865017588401167,1,-1.0,-1.0,0,0,0,0,0,36.4,21.0,kandi/KAND,259.1606293612586,87.9,82.3,0.05857739451417665
11.12827360480069,2.9280632049911843,KAND,kandi,11.123456,2.954658,2953.710413213526,7079.457844,327.0,100.0,427.0,538.0,10,297.1397399902344,280.46263010279745,2.5173952004636746,287.1397399902344,-0.012057939131412742,12.252074143303393,-0.011831040586968855,12.31394312425013,0.006786346435546875,0.32585235123986,1,-1.0,-1.0,0,0,1,8,0,35.3,21.0,kandi/KAND,386.7215149173957,83.3,82.6,0.7882688003067315
11.110113501378667,2.9348454040401646,KAND,kandi,11.123456,2.954658,2619.719609159234,7079.457844,327.0,100.0,427.0,538.0,10,329.301025390625,235.5395957231841,2.135780449909501,319.301025390625,-0.0021492319960595197,3.0061837289781566,-0.0020170514292374986,2.9985820007913104,-0.027649590078663855,0.9111727216631178,1,-1.0,-1.0,0,0,0,8,0,30.3,45.0,kandi/KAND,316.71466585051456,82.3,88.7,0.05337991821863519
11.111163382503165,2.932496230486864,KAND,kandi,11.123456,2.954658,2776.757483743337,7079.457844,327.0,100.0,427.0,538.0,10,321.83734130859375,240.52333017358143,2.1688960007986697,311.83734130859375,-0.00432803023947936,3.8735892271876615,-0.004157672012061404,3.9265738690151095,-0.008346048990885417,0.456719865605091,1,-1.0,-1.0,0,0,0,0,0,33.4,23.0,kandi/KAND,165.92922165772438,88.6,88.7,0.5204190670253274
11.100529853467402,2.9241214994497113,KAND,kandi,11.123456,2.954658,4190.475680650717,7079.457844,327.0,100.0,427.0,538.0,10,324.4131774902344,232.58252004404707,1.402374960123443,314.4131774902344,-0.002099873092721888,3.5893620285885532,-0.002109617134774794,3.6276418483289685,0.0008992513020833333,0.05507007321895482,1,-1.0,-1.0,0,0,0,0,0,31.5,29.0,kandi/KAND,226.45360253270923,82.2,83.5,0.8703494770800513
11.12504030859751,2.921468860099655,KAND,kandi,11.123456,2.954658,3629.8654589691455,7079.457844,327.0,100.0,427.0,538.0,10,304.71771240234375,272.7884355952908,1.9294407667829716,294.71771240234375,-0.007875753257932593,11.144961262480834,-0.007523982853724651,11.090364524004768,0.013102464173504589,0.35026032633644366,1,-1.0,-1.0,0,0,0,0,0,31.5,32.0,kandi/KAND,346.276348393292,81.6,82.1,0.5077473848581082
11.1232038619951,2.9230498606738724,KAND,kandi,11.123456,2.954658,3453.045011986199,7079.457844,327.0,100.0,427.0,538.0,10,302.8849182128906,269.53726060344377,2.058533916107588,292.8849182128906,-0.008747258679620151,10.936952971259025,-0.008585638558721524,10.930051505885915,0.00556469147895781,0.14717389801518788,1,-1.0,-1.0,0,0,0,0,0,31.5,32.0,kandi/KAND,280.0326934020449,80.5,81.6,0.6534512989681208
11.111735698311536,2.933878211576103,KAND,kandi,11.123456,2.954658,2614.188796427285,7079.457844,327.0,100.0,427.0,538.0,10,322.328857421875,240.11122735950025,2.292876833932088,312.328857421875,-0.004165348862156724,3.693212418866297,-0.004020513755998362,3.7135207584410517,-0.0019873725043402777,0.15715225756281267,1,-1.0,-1.0,0,0,0,0,0,33.4,23.0,kandi/KAND,289.5291964551508,88.6,90.3,0.8098114447100324
11.136861567385376,2.9356715224202556,KAND,kandi,11.123456,2.954658,2549.6387015549208,7079.457844,327.0,100.0,427.0,538.0,10,293.9897155761719,305.74037300381787,2.9863155369763894,283.9897155761719,-0.015440472163573714,12.189372005724463,-0.015696802320392333,12.399113826020685,-0.026795062972801403,0.6291925793533111,1,-1.0,-1.0,0,0,2,7,0,33.4,16.0,kandi/KAND,384.65784393401856,76.8,83.2,0.8774518675885142
11.108484320263992,2.932023899740163,KAND,kandi,11.123456,2.954658,2976.018349567882,7079.457844,327.0,100.0,427.0,538.0,10,324.22979736328125,236.01777233368873,1.9777969178611872,314.22979736328125,-0.0034951942722910743,3.1600621345239857,-0.0029904789018250708,3.188460393612005,-4.028264182600517e-05,0.1068000555694147,1,-1.0,-1.0,0,0,0,0,0,33.4,23.0,kandi/KAND,330.0848336780301,86.8,86.1,0.8612363645655972
11.135732511790227,2.9166180542708307,KAND,kandi,11.123456,2.954658,4371.7266285346695,7079.457844,327.0,100.0,427.0,538.0,10,300.4522399902344,288.21036168688767,1.6580699187101537,290.4522399902344,-0.007505282746058078,12.805183280354802,-0.007387309031443553,12.741097405662016,0.0008165147569444445,0.031063584599170198,1,-1.0,-1.0,0,0,0,0,0,30.4,39.0,kandi/KAND,371.02901908073824,86.4,85.4,0.6120283095587593
11.139665912712937,2.9241740285593867,KAND,kandi,11.123456,2.954658,3782.091898109607,7079.457844,327.0,100.0,427.0,538.0,10,292.5002136230469,298.4583297724972,2.0367098769824366,282.5002136230469,-0.010715266350373193,14.218537288744448,-0.010378607593199446,14.21814049228061,0.01796093062418469,0.4634954179290328,1,-1.0,-1.0,0,0,0,0,0,32.0,21.0,kandi/KAND,262.99505261506863,83.8,84.6,0.2186319663616051
11.11061687846967,2.9317612663263235,KAND,kandi,11.123456,2.954658,2876.3983800820547,7079.457844,327.0,100.0,427.0,538.0,10,320.71917724609375,240.25581313434503,2.116074635530885,310.71917724609375,-0.004423257204903187,3.908616155321816,-0.004404631115141369,3.998306942020173,-0.011656697591145834,0.42830306861884543,1,-1.0,-1.0,0,0,0,0,0,31.0,43.0,kandi/KAND,333.563772763011,88.7,81.5,0.5228972113488528
11.131860364725489,2.921769592235846,KAND,kandi,11.123456,2.954658,3711.067936782241,7079.457844,327.0,100.0,427.0,538.0,10,298.1317443847656,284.60090384288543,1.9888187402485282,288.1317443847656,-0.00947293378414402,12.63266265269436,-0.009138271722425033,12.611586798305318,0.006278443777940281,0.08855447927735714,1,-1.0,-1.0,0,0,2,2,0,30.0,38.0,kandi/KAND,375.96242378723446,86.0,86.6,0.37801102328479774
11.135773818478329,2.916705877877438,KAND,kandi,11.123456,2.954658,4364.032576614697,7079.457844,327.0,100.0,427.0,538.0,10,300.4522399902344,288.30700364741,1.660991559593236,290.4522399902344,-0.007505282746058076,12.825202613406791,-0.007387309031443552,12.760730179229816,0.0012105305989583335,0.0638111218388632,1,-1.0,-1.0,0,0,0,0,0,30.0,38.0,kandi/KAND,348.5559072802526,87.5,82.8,0.7844257667942921
11.13620038131534,2.9157830083064105,KAND,kandi,11.123456,2.954658,4474.555673502609,7079.457844,327.0,100.0,427.0,538.0,10,300.2435607910156,288.47893254871195,1.6226565789031173,290.2435607910156,-0.007351515028211805,12.746794851993084,-0.007522409437737375,12.720063669844858,-0.013229789030177052,0.38551253313613393,1,-1.0,-1.0,0,0,0,1,0,30.4,39.0,kandi/KAND,198.68689941707686,86.4,82.8,0.6913840841440857
11.138894173815764,2.9058545263942954,KAND,kandi,11.123456,2.954658,5598.068894946047,7079.457844,327.0,100.0,427.0,538.0,10,296.69146728515625,287.87395551449436,1.333456422323383,286.69146728515625,-0.006611512741127703,11.880745075838808,-0.00653894279789462,11.853205316188388,-0.013380686442057291,0.61327512410014,1,-1.0,-1.0,0,0,0,0,0,28.4,37.0,kandi/KAND,325.21295177169327,83.6,81.9,0.11659043168221295
11.11251699511704,2.938076951283472,KAND,kandi,11.123456,2.954658,2178.3591213606405,7079.457844,327.0,100.0,427.0,538.0,10,327.5272521972656,236.08676915924218,2.614542323793456,317.5272521972656,-0.0026475462194991434,3.257430069574256,-0.002503797743055555,3.2319769290227915,-0.006501515706380208,0.414254014062081,1,-1.0,-1.0,0,0,2,0,0,33.3,38.0,kandi/KAND,251.1567510887154,90.0,90.3,0.5575961092285339
11.109218535159265,2.9313929050212817,KAND,kandi,11.123456,2.954658,2989.967929041019,7079.457844,327.0,100.0,427.0,538.0,10,323.0829772949219,238.05176518983512,1.9905267763978653,313.0829772949219,-0.003510035889194804,3.5534773723415602,-0.003464503070108252,3.6024560174024662,-0.008975982666015625,0.43933696203348926,1,-1.0,-1.0,0,0,0,0,0,31.0,43.0,kandi/KAND,144.11587076282325,86.1,81.5,0.5253974104003489
11.108922141632002,2.931997590617432,KAND,kandi,11.123456,2.954658,2951.750985297935,7079.457844,327.0,100.0,427.0,538.0,10,324.0216979980469,236.83194279426232,1.9980784660517275,314.0216979980469,-0.003249668053008568,3.243822314542351,-0.0032249324785994225,3.3092335232037824,-0.005476125081380208,0.29457539738534644,1,-1.0,-1.0,0,0,0,0,0,33.4,23.0,kandi/KAND,173.06789013672005,88.6,86.1,0.9829899464015467
11.137767768832402,2.927755473525999,KAND,kandi,11.123456,2.954658,3338.0870164204534,7079.457844,327.0,100.0,427.0,538.0,10,293.0511169433594,298.4684692115289,2.297900057033573,283.0511169433594,-0.011986387343633742,13.903691094568172,-0.011878161354732011,13.926526798660204,-0.0019520990707737912,0.07834086509679343,1,-1.0,-1.0,0,0,2,3,0,34.2,16.0,kandi/KAND,371.0522637042291,83.4,85.1,0.44622793833263785
11.139512166997925,2.9057517452974184,KAND,kandi,11.123456,2.954658,5629.947236693749,7079.457844,327.0,100.0,427.0,538.0,10,296.7776794433594,288.5049558927186,1.3250318120299758,286.7776794433594,-0.006480088470675421,12.043827659206567,-0.006800328402568878,12.016832165077423,-0.020789087484651976,0.448297192807607,1,-1.0,-1.0,0,0,0,0,0,28.4,37.0,kandi/KAND,242.2242803683185,83.6,83.3,0.1693110566943573
11.111474172942016,2.9335413265469024,KAND,kandi,11.123456,2.954658,2660.503237974825,7079.457844,327.0,100.0,427.0,538.0,10,322.5906066894531,239.9628540424694,2.247375322787366,312.5906066894531,-0.004020513755998362,3.670001896337829,-0.003250087032756205,3.7042516715222504,0.020689268101013174,0.2944184306496225,1,-1.0,-1.0,0,0,0,0,0,30.3,45.0,kandi/KAND,382.98217256152554,85.8,88.7,0.7511698895215942
11.13420930733783,2.9300137445498162,KAND,kandi,11.123456,2.954658,2943.205503410979,7079.457844,327.0,100.0,427.0,538.0,10,293.9530029296875,293.9772696595803,2.5882818138734196,283.9530029296875,-0.01325669208359638,13.244219803022263,-0.013043599446614582,13.29036200035668,0.0030517578125,0.1295877238016136,0,-1.0,2724.971828809363,0,1,2,6,0,25.1,38.0,kandi/KAND,183.82149629455927,84.5,84.2,0.5008658277128702
11.13470469218006,2.9174476360456163,KAND,kandi,11.123456,2.954658,4251.028493159088,7079.457844,327.0,100.0,427.0,538.0,10,300.3910217285156,287.12732803880294,1.7059439514159684,290.3910217285156,-0.00769427053247102,12.731570455563578,-0.007586465058503326,12.669612014398481,0.004942830403645833,0.18169237801238414,1,-1.0,-1.0,0,0,1,1,0,30.4,39.0,kandi/KAND,348.5559072802526,82.8,87.5,0.6299642712941887
11.13736712679996,2.9330931431985516,KAND,kandi,11.123456,2.954658,2813.774481609334,7079.457844,327.0,100.0,427.0,538.0,10,292.1787109375,303.3249848011144,2.7432146835792124,282.1787109375,-0.014604487084248788,13.346110742791238,-0.014216200510660809,13.492962521460448,0.0009660508897569446,0.08368960621210035,1,-1.0,-1.0,0,0,0,2,0,33.4,16.0,kandi/KAND,315.9212884563857,76.8,87.6,0.26382233578104053
11.110054084367537,2.9350543706948793,KAND,kandi,11.123456,2.954658,2604.6259243486643,7079.457844,327.0,100.0,427.0,538.0,10,329.97186279296875,235.13628463164574,2.133409347272301,319.97186279296875,-0.0014153727587563492,2.979840346651729,-0.001473598980278558,2.9510054989795576,-0.020370144314236113,0.7485604515206109,1,-1.0,-1.0,0,0,0,9,0,30.3,45.0,kandi/KAND,112.37245272427367,85.8,82.3,0.9024859179520758
11.134993410929994,2.930117962687005,KAND,kandi,11.123456,2.954658,2969.0286296408663,7079.457844,327.0,100.0,427.0,538.0,10,293.635986328125,295.60411912125585,2.5719058889052295,283.635986328125,-0.01336563563945493,13.34950650160558,-0.012985798423587904,13.449038183206616,0.0028661134458044784,0.08682549275400928,1,-1.0,-1.0,0,0,0,2,0,25.1,38.0,kandi/KAND,302.509112755308,85.1,84.5,0.7318804685364877
11.126248025135302,2.920667743222078,KAND,kandi,11.123456,2.954658,3725.9619391362335,7079.457844,327.0,100.0,427.0,538.0,10,305.7439270019531,274.7886375989672,1.8639509063490398,295.7439270019531,-0.007355053710937501,11.250383440834158,-0.007056132268778336,11.213265585234131,0.012254505258184912,0.3806307650634137,1,-1.0,-1.0,0,0,0,3,0,31.5,32.0,kandi/KAND,346.276348393292,81.6,82.1,0.9723137818201794
11.109821036502964,2.9344446660241883,KAND,kandi,11.123456,2.954658,2674.1168778722035,7079.457844,327.0,100.0,427.0,538.0,10,328.0050048828125,235.49530226436167,2.120104215158559,318.0050048828125,-0.001970508716724537,2.985842908884152,-0.0022484412560096153,2.9939585362328893,-0.024485948350694443,0.900393837180376,1,-1.0,-1.0,0,0,0,3,0,30.3,45.0,kandi/KAND,352.26948019734937,82.3,86.1,0.17457700800471965
11.112600811428507,2.9380911289025238,KAND,kandi,11.123456,2.954658,2171.93178751709,7079.457844,327.0,100.0,427.0,538.0,10,327.5272521972656,236.26789342136684,2.622268678059467,317.5272521972656,-0.002647546219499144,3.2521569885134536,-0.0025037977430555558,3.2338114091949786,-0.0005269368489583333,0.09383877167341208,1,-1.0,-1.0,0,0,2,0,0,30.3,45.0,kandi/KAND,251.1567510887154,90.3,90.0,0.47997313672035835
11.134140415460482,2.9180682443357773,KAND,kandi,11.123456,2.954658,4168.12687968786,7079.457844,327.0,100.0,427.0,538.0,10,299.6018371582031,286.57663184465065,1.7506917333173815,289.6018371582031,-0.008073335587485483,12.717412690555978,-0.007746593184068375,12.660340962839111,0.01541417579583495,0.40464220892157904,1,-1.0,-1.0,0,0,0,0,0,30.0,38.0,kandi/KAND,208.75379014506763,87.5,85.4,0.20877832111385797
11.139200242408435,2.9321796553310957,KAND,kandi,11.123456,2.954658,3010.4082838939207,7079.457844,327.0,100.0,427.0,538.0,10,292.0836181640625,305.52322466969434,2.5660871740406948,282.0836181640625,-0.013611141997988862,13.649815483307416,-0.013604238526374874,13.702537673798455,-0.006500273091190126,0.23923102674117394,1,-1.0,-1.0,0,0,0,2,0,33.4,16.0,kandi/KAND,278.04558367284955,76.8,85.3,0.5261812362252879
11.12841891278259,2.9276133251549523,KAND,kandi,11.123456,2.954658,3004.956451933434,7079.457844,327.0,100.0,427.0,538.0,10,297.4773254394531,280.5958584841926,2.4680929739498514,287.4773254394531,-0.011831040586968855,12.29928870861987,-0.011516614122772415,12.317818485739853,0.009806376336154582,0.30151436637690326,1,-1.0,-1.0,0,0,2,6,0,33.0,34.0,kandi/KAND,174.81002316812828,82.6,87.2,0.22220618618086485
11.135504933381876,2.9168924299404804,KAND,kandi,11.123456,2.954658,4335.4431784292565,7079.457844,327.0,100.0,427.0,538.0,10,300.3804626464844,288.01612771704833,1.672886288322037,290.3804626464844,-0.007585077869149976,12.788601319869468,-0.007438898410926871,12.7249101936544,0.0011647542317708335,0.05476526657509615,1,-1.0,-1.0,0,0,0,0,0,30.0,38.0,kandi/KAND,348.5559072802526,87.5,82.8,0.6802067371616856
11.141236949732397,2.906299032126626,KAND,kandi,11.123456,2.954658,5636.933715058478,7079.457844,327.0,100.0,427.0,538.0,10,298.61175537109375,290.5475427611016,1.3047577480239292,288.61175537109375,-0.006144536045338659,12.39110108491425,-0.006405757897036091,12.345727017689185,-0.016976618852216314,0.4534708972837736,1,-1.0,-1.0,0,0,0,3,0,28.4,37.0,kandi/KAND,242.2242803683185,83.6,83.3,0.998533525190901
11.111399753202987,2.9376563560827655,KAND,kandi,11.123456,2.954658,2286.52186503035,7079.457844,327.0,100.0,427.0,538.0,10,328.439697265625,234.14659206582138,2.4682010971744086,318.439697265625,-0.003532629985303873,3.183795049073689,-0.0019900477344906844,3.1683949834514844,-0.005821780376271682,0.20551466503036386,1,-1.0,-1.0,0,0,0,0,0,30.3,45.0,kandi/KAND,367.7244494531442,90.3,82.3,0.08606851619771261
11.111543246341633,2.9379122406329055,KAND,kandi,11.123456,2.954658,2254.5596719048112,7079.457844,327.0,100.0,427.0,538.0,10,329.192626953125,234.05970339070564,2.4840496216665175,319.192626953125,-0.0035592847725571947,3.1861622135338434,-0.001942496896644921,3.1732384656375303,-0.0069205442621501885,0.3092344033332658,1,-1.0,-1.0,0,0,0,0,0,33.3,38.0,kandi/KAND,251.1567510887154,90.0,90.3,0.9940625510955411
11.13636076944955,2.928296627134789,KAND,kandi,11.123456,2.954658,3214.0859164407057,7079.457844,327.0,100.0,427.0,538.0,10,293.7510681152344,296.51792775129854,2.3739975024849107,283.7510681152344,-0.012214293303313077,13.745903826828787,-0.012095684086510893,13.771317081476274,-0.0011776394314236109,0.04976078686166127,1,-1.0,-1.0,0,0,3,7,0,34.2,16.0,kandi/KAND,371.0522637042291,83.4,85.1,0.8971892789907284
11.135213392922921,2.917094700258903,KAND,kandi,11.123456,2.954658,4304.571571301767,7079.457844,327.0,100.0,427.0,538.0,10,300.4591369628906,287.6963741953166,1.6838307490034021,290.4591369628906,-0.00757874630240012,12.758097369224776,-0.007488379630868292,12.69555328682331,0.0024602254231770836,0.11062849691219695,1,-1.0,-1.0,0,0,1,0,0,30.0,38.0,kandi/KAND,348.5559072802526,87.5,82.8,0.5672065592719342
11.138922781701158,2.9060409321156575,KAND,kandi,11.123456,2.954658,5579.649421257727,7079.457844,327.0,100.0,427.0,538.0,10,297.201904296875,287.9691695536502,1.3326181343986818,287.201904296875,-0.00648059290910204,11.911926113405066,-0.006630447068075748,11.88237727527926,-0.018654378570767686,0.5133211822409324,1,-1.0,-1.0,0,0,0,0,0,26.0,22.0,kandi/KAND,359.64685178650427,83.3,78.5,0.7196330120623955
11.1104192831837,2.935857657904322,KAND,kandi,11.123456,2.954658,2509.534430704408,7079.457844,327.0,100.0,427.0,538.0,10,331.7012939453125,234.7533342752808,2.1747425234018873,321.7012939453125,-0.0008103118136097141,3.0318490642304323,-0.0004900436992793119,3.0050108076209914,0.003949991861979167,0.2828242962047348,1,-1.0,-1.0,0,0,0,7,0,30.3,45.0,kandi/KAND,382.98217256152554,85.8,88.7,0.013484743846494118
11.11354673184806,2.935265637785062,KAND,kandi,11.123456,2.954658,2385.2651397330037,7079.457844,327.0,100.0,427.0,538.0,10,322.56658935546875,242.49305195657428,2.5069643583648458,312.56658935546875,-0.004482828776041668,3.9027016191198305,-0.004695464343559452,3.9597303939472943,-0.002048492431640625,0.35927653601623805,1,-1.0,-1.0,0,0,1,2,0,33.3,38.0,kandi/KAND,302.0118058950443,89.9,90.3,0.3362414766255677
11.112419460266779,2.921974213809471,KAND,kandi,11.123456,2.954658,3773.444222575476,7079.457844,327.0,100.0,427.0,538.0,10,310.765869140625,251.01302368935194,1.7643350765765864,300.765869140625,-0.005968124147445438,8.027819333911701,-0.005755559603373209,8.026446419998898,0.005090671115451389,0.1957846458605114,1,-1.0,-1.0,0,0,0,0,0,33.2,27.0,kandi/KAND,172.33978820923755,85.3,87.9,0.770061128034693
11.12390427245253,2.9233353684697896,KAND,kandi,11.123456,2.954658,3422.098148834587,7079.457844,327.0,100.0,427.0,538.0,10,303.1253967285156,270.8386482576408,2.073112479930239,293.1253967285156,-0.008753617881000906,11.074146165406008,-0.008612103205542971,11.063387675996369,0.004831656738102334,0.12909942547094203,1,-1.0,-1.0,0,0,0,0,0,31.5,32.0,kandi/KAND,306.15079813714885,80.5,84.4,0.7155010480892607
11.139690317317195,2.9238997672924927,KAND,kandi,11.123456,2.954658,3809.768937917714,7079.457844,327.0,100.0,427.0,538.0,10,293.1659240722656,298.2798538557962,2.011926669366214,283.1659240722656,-0.01052892324804931,14.222512701755694,-0.01028078989949777,14.219534412921444,0.012066591504755593,0.35381256325558946,1,-1.0,-1.0,0,0,0,0,0,30.2,23.0,kandi/KAND,262.99505261506863,84.6,83.8,0.665155632412112
11.11610351538559,2.918028602718846,KAND,kandi,11.123456,2.954658,4083.326784049854,7079.457844,327.0,100.0,427.0,538.0,10,309.4971618652344,258.44222557690193,1.6483028850221457,299.4971618652344,-0.005797619599205444,9.25526429228947,-0.005715378958155529,9.23519772769978,0.00029311588491512847,0.05852721927369637,1,-1.0,-1.0,0,0,1,13,0,35.2,25.0,kandi/KAND,175.32730220931484,87.2,77.9,0.5322983102562118
11.132934240164547,2.921262604605927,KAND,kandi,11.123456,2.954658,3795.783629281644,7079.457844,327.0,100.0,427.0,538.0,10,297.553955078125,286.1361289084568,1.9531774196597769,287.553955078125,-0.00930833631238069,12.859947386610466,-0.009293919447472545,12.83883868563712,0.0006838480631510416,0.10168390610421854,1,-1.0,-1.0,0,0,0,6,0,30.0,38.0,kandi/KAND,211.21815475956797,86.0,85.7,0.08484989715787739
11.110559139355615,2.932428184685871,KAND,kandi,11.123456,2.954658,2816.501286438081,7079.457844,327.0,100.0,427.0,538.0,10,322.40203857421875,239.40822401930222,2.126847537623847,312.40203857421875,-0.003931566697048308,3.6535437145979435,-0.004415735937048272,3.733821554273545,-0.029913711660891948,0.7630170902804512,1,-1.0,-1.0,0,0,0,0,0,31.0,43.0,kandi/KAND,336.60591917685895,86.1,88.7,0.5668688015963338
11.127566617546831,2.9279050503698762,KAND,kandi,11.123456,2.954658,2957.6811043781504,7079.457844,327.0,100.0,427.0,538.0,10,297.0682678222656,278.9024733197798,2.515401816106491,287.0682678222656,-0.01220778134535459,12.087102476272571,-0.011841706631600663,12.156764089229624,0.004937744140625,0.2287927324933037,1,-1.0,-1.0,0,0,0,4,0,35.7,22.0,kandi/KAND,174.81002316812828,87.2,82.6,0.20578358847770506
11.110362339679796,2.932376801281608,KAND,kandi,11.123456,2.954658,2832.413095149437,7079.457844,327.0,100.0,427.0,538.0,10,322.40203857421875,239.08505786966816,2.114910305385814,312.40203857421875,-0.0038327508223684205,3.588924202924959,-0.004019196500483248,3.6735707372228985,-0.015389506022135416,0.6791569014419621,1,-1.0,-1.0,0,0,0,0,0,31.0,43.0,kandi/KAND,336.60591917685895,88.7,86.1,0.5002039178318115
11.138422605260502,2.932677195686409,KAND,kandi,11.123456,2.954658,2916.572448195694,7079.457844,327.0,100.0,427.0,538.0,10,292.7113952636719,304.7607781599371,2.6362245941348497,282.7113952636719,-0.01381427998445472,13.573233643633744,-0.013437854382168496,13.604796565512173,0.014006249724377197,0.5845123793791719,1,-1.0,-1.0,0,0,0,1,0,34.2,16.0,kandi/KAND,278.04558367284955,85.3,76.8,0.842367175117652
11.124393303762687,2.922800306466617,KAND,kandi,11.123456,2.954658,3481.731148348358,7079.457844,327.0,100.0,427.0,538.0,10,303.2340087890625,271.7205686903046,2.03585057087658,293.2340087890625,-0.00857303978031517,11.178338035578076,-0.008292757039472742,11.158136067168535,0.009769286482127637,0.2891036778355743,1,-1.0,-1.0,0,0,0,0,0,31.5,32.0,kandi/KAND,113.91424559135775,81.6,84.4,0.7920398683320701
11.110132492281194,2.9352460475759448,KAND,kandi,11.123456,2.954658,2582.4766452667295,7079.457844,327.0,100.0,427.0,538.0,10,331.22418212890625,235.02982124570426,2.1239442035126994,321.22418212890625,-0.0008050560494492337,2.968632381756011,-0.0011317628802675185,2.9511042249654764,-0.011945936414930558,0.4949542055732677,1,-1.0,-1.0,0,0,0,13,0,30.3,45.0,kandi/KAND,112.37245272427367,85.8,82.3,0.6979214771137875
11.112754227345311,2.9381170793695253,KAND,kandi,11.123456,2.954658,2160.223724375959,7079.457844,327.0,100.0,427.0,538.0,10,327.5272521972656,236.60222261501457,2.6364609507403696,317.5272521972656,-0.0026866147043819993,3.2592659466473424,-0.002841378976632883,3.2543274300365095,-0.008194986979166667,0.3220554492780032,1,-1.0,-1.0,0,0,2,0,0,33.3,38.0,kandi/KAND,251.1567510887154,90.0,90.3,0.45126076978134866
11.136169833855044,2.9156564545423276,KAND,kandi,11.123456,2.954658,4486.6183041567465,7079.457844,327.0,100.0,427.0,538.0,10,299.9457092285156,288.38186650242034,1.6220968945996732,289.9457092285156,-0.007485442382138192,12.716531967799067,-0.007386545549359238,12.65981492651441,-0.005954233805338542,0.296487696381512,1,-1.0,-1.0,0,0,0,0,0,30.4,39.0,kandi/KAND,198.68689941707686,86.4,82.8,0.6186520358205286
11.110858673914846,2.9201386172974,KAND,kandi,11.123456,2.954658,4020.259319647885,7079.457844,327.0,100.0,427.0,538.0,10,315.6619873046875,249.60246440938104,1.5863573923238892,305.6619873046875,-0.004386791209298779,7.6191001946119155,-0.004165103388767616,7.573650410251384,0.01417880588107639,0.5316033505221112,1,-1.0,-1.0,0,0,0,0,0,36.4,21.0,kandi/KAND,259.1606293612586,87.9,82.3,0.8856840910236004
11.103177588442716,2.9252690724779673,KAND,kandi,11.123456,2.954658,3916.574321188496,7079.457844,327.0,100.0,427.0,538.0,10,321.0487976074219,234.88840602212028,1.5495879944694493,311.0487976074219,-0.0031237964008195003,3.739221464389469,-0.0030480712278743733,3.8264956141256565,-0.0005602518717447918,0.07156471730008028,1,-1.0,-1.0,0,0,0,0,0,31.5,29.0,kandi/KAND,185.52613185200588,82.2,83.6,0.6651207966126605
11.109471547712864,2.9309216242127634,KAND,kandi,11.123456,2.954658,3019.4187085185813,7079.457844,327.0,100.0,427.0,538.0,10,320.7805480957031,239.0207332714416,2.01476449863596,310.7805480957031,-0.0044655784741540515,3.7977051562280773,-0.003957310154985841,3.865106604356021,-0.015034230550130208,0.7183273514687923,1,-1.0,-1.0,0,0,0,0,0,33.4,23.0,kandi/KAND,144.11587076282325,81.5,86.1,0.06261322979712869
11.110076199535957,2.9351084336881335,KAND,kandi,11.123456,2.954658,2598.377758013634,7079.457844,327.0,100.0,427.0,538.0,10,329.97186279296875,235.10643983695616,2.138534673884476,319.97186279296875,-0.0016352071849542397,2.965447272652781,-0.001473598980278558,2.936869057372403,-0.016848246256510414,0.877545809725156,1,-1.0,-1.0,0,0,0,10,0,30.3,45.0,kandi/KAND,112.37245272427367,85.8,82.3,0.8447879528993585
11.110031878262546,2.9321528873680887,KAND,kandi,11.123456,2.954658,2872.1899120076223,7079.457844,327.0,100.0,427.0,538.0,10,322.4173889160156,238.70681556570656,2.0853412542625627,312.4173889160156,-0.0037874963548448354,3.6325812660700727,-0.0038503831341035397,3.6861234253532964,-0.004579299025680905,0.2091737873694952,1,-1.0,-1.0,0,0,0,0,0,33.4,23.0,kandi/KAND,173.06789013672005,88.6,86.1,0.26430632349044425
11.11396772777106,2.935543828923608,KAND,kandi,11.123456,2.954658,2337.0326137553525,7079.457844,327.0,100.0,427.0,538.0,10,321.7408447265625,243.16719203173125,2.578839607656209,311.7408447265625,-0.004994624593391057,3.9386663713057963,-0.004903221130371093,3.999846331367642,-0.00968356662326389,0.3588183632292271,1,-1.0,-1.0,0,0,1,5,0,31.0,43.0,kandi/KAND,302.0118058950443,90.3,89.9,0.8492192824052318
11.108979899359145,2.9318374065735635,KAND,kandi,11.123456,2.954658,2962.9844406685243,7079.457844,327.0,100.0,427.0,538.0,10,324.0216979980469,237.12063195880654,1.9905093289982658,314.0216979980469,-0.003132552329940026,3.33654054621565,-0.0033926720070151153,3.393151277355725,-0.010845730681488043,0.2924688369558716,1,-1.0,-1.0,0,0,0,0,0,33.4,23.0,kandi/KAND,144.11587076282325,81.5,86.1,0.8631817692430421
11.111774264837837,2.9343610172468333,KAND,kandi,11.123456,2.954658,2566.3705676925524,7079.457844,327.0,100.0,427.0,538.0,10,323.8207092285156,239.60828906038364,2.302300310117638,313.8207092285156,-0.0036839803059895847,3.5304751679924475,-0.003888240005030777,3.5978905663600993,-0.008217875162760417,0.49223725339917784,1,-1.0,-1.0,0,0,0,0,0,30.3,45.0,kandi/KAND,237.3936713820402,82.3,90.3,0.8686619814818904
11.136272232687409,2.928484012856145,KAND,kandi,11.123456,2.954658,3191.3964394369345,7079.457844,327.0,100.0,427.0,538.0,10,293.87847900390625,296.5236128804479,2.3885726460547834,283.87847900390625,-0.01228875371154595,13.719255941322864,-0.012095684086510893,13.774282537445933,0.00010147094726562503,0.04645985750155779,1,-1.0,-1.0,0,0,1,7,0,25.1,38.0,kandi/KAND,179.61775663907892,83.4,85.1,0.8511328926862776
11.122566092793221,2.9239209511370796,KAND,kandi,11.123456,2.954658,3359.2190745048756,7079.457844,327.0,100.0,427.0,538.0,10,301.92828369140625,268.3128551416335,2.1322732297878373,291.92828369140625,-0.009344373430524553,10.807365767494407,-0.008937084677498191,10.817141024288908,0.009247390327985454,0.21708124912098345,1,-1.0,-1.0,0,0,0,0,0,31.5,32.0,kandi/KAND,280.0326934020449,81.6,80.5,0.7744852213048873
11.14117062548727,2.9062779869334605,KAND,kandi,11.123456,2.954658,5636.534095060161,7079.457844,327.0,100.0,427.0,538.0,10,298.61175537109375,290.46911706078595,1.3048502209903672,288.61175537109375,-0.006154897703346631,12.387163205224098,-0.00643437482786408,12.341559926474083,-0.021803483021669536,0.4965846782283697,1,-1.0,-1.0,0,0,0,3,0,26.0,22.0,kandi/KAND,242.2242803683185,83.3,83.6,0.03335313112042326
11.121374898467709,2.9243514966155906,KAND,kandi,11.123456,2.954658,3318.743084940502,7079.457844,327.0,100.0,427.0,538.0,10,302.3221130371094,265.9997223632566,2.151464798130064,292.3221130371094,-0.009283245093632108,10.44397315570589,-0.008823943366768746,10.4736220173249,0.012691831089954793,0.3077675116043921,1,-1.0,-1.0,0,0,0,0,0,33.2,27.0,kandi/KAND,366.5034435036539,88.5,80.5,0.7408783235479959
11.135817982339358,2.915636616585993,KAND,kandi,11.123456,2.954658,4476.637110863702,7079.457844,327.0,100.0,427.0,538.0,10,300.18963623046875,287.89760604770174,1.6225921376579957,290.18963623046875,-0.007363498263888889,12.608443242120856,-0.007476385706029848,12.582186144222018,-0.011456813175724634,0.34598120083466405,1,-1.0,-1.0,0,0,0,0,0,30.4,39.0,kandi/KAND,371.02901908073824,86.4,85.4,0.3173022780759539
11.136804266489634,2.9358012680199006,KAND,kandi,11.123456,2.954658,2534.4246955151666,7079.457844,327.0,100.0,427.0,538.0,10,294.7682800292969,305.8102914486739,2.9866565215780367,284.7682800292969,-0.015120430740655635,12.173164233094765,-0.014745462351831894,12.355884567242846,0.004271697998046875,0.19982227889375823,1,-1.0,-1.0,0,0,2,6,0,33.4,16.0,kandi/KAND,384.65784393401856,76.8,83.2,0.9183810788330928
11.119737360669065,2.926021494668569,KAND,kandi,11.123456,2.954658,3155.2513699084907,7079.457844,327.0,100.0,427.0,538.0,10,302.7742614746094,262.46393394659765,2.2546337757228905,292.7742614746094,-0.009607269479043829,9.713851286240354,-0.009534251088599328,9.763791996063658,-0.0027970616131676503,0.12052085814932366,1,-1.0,-1.0,0,0,0,7,0,31.0,31.0,kandi/KAND,368.7529770885469,87.2,88.5,0.4194581807857998
11.111215772452198,2.9325996282805504,KAND,kandi,11.123456,2.954658,2764.070919811846,7079.457844,327.0,100.0,427.0,538.0,10,321.83734130859375,240.51336393104128,2.178841251542204,311.83734130859375,-0.006208561372484526,3.870073161789216,-0.0042808321895224655,3.8948497848440464,-0.013601193544273332,0.4096009002909677,1,-1.0,-1.0,0,0,0,0,0,31.0,43.0,kandi/KAND,336.60591917685895,88.7,86.1,0.2093393284680205
11.136140152027716,2.933437949977613,KAND,kandi,11.123456,2.954658,2709.6176742358375,7079.457844,327.0,100.0,427.0,538.0,10,292.2395935058594,301.35187715071515,2.847208283045205,282.2395935058594,-0.01499441155964486,12.962126865949948,-0.014877173373768766,13.06347169013723,-0.0010833059448810657,0.06571850223294455,1,-1.0,-1.0,0,0,1,6,0,33.4,16.0,kandi/KAND,315.9212884563857,87.6,76.8,0.28837665245093524
11.135433534341917,2.9286566031939603,KAND,kandi,11.123456,2.954658,3134.188555662137,7079.457844,327.0,100.0,427.0,538.0,10,294.4840087890625,295.1515719957715,2.4210692427129024,284.4840087890625,-0.012214267598417854,13.551337892205995,-0.012140463000146028,13.606118213075124,0.0017873128255208334,0.12155891964795576,1,-1.0,-1.0,0,0,1,14,0,25.1,38.0,kandi/KAND,265.70070718742903,85.1,84.2,0.2719576942072415
11.118544760593323,2.925374343122611,KAND,kandi,11.123456,2.954658,3244.8273558086557,7079.457844,327.0,100.0,427.0,538.0,10,303.1333312988281,260.3034321885238,2.1861234057626233,293.1333312988281,-0.009233041932458908,9.597253845447508,-0.009176491679829894,9.645309528463669,-0.0017745706866447095,0.05218283832578508,1,-1.0,-1.0,0,0,0,1,0,31.0,31.0,kandi/KAND,371.3793249965359,87.2,78.9,0.7800990032228315
11.141074144099502,2.9173958934585915,KAND,kandi,11.123456,2.954658,4512.939124806511,7079.457844,327.0,100.0,427.0,538.0,10,294.45941162109375,295.73225651002025,1.6822372003453132,284.45941162109375,-0.00874348330386597,13.455682895891185,-0.008434839186325573,13.43042199926553,-0.0056493123372395836,0.2939089895219095,1,-1.0,-1.0,0,0,0,0,0,26.8,36.0,kandi/KAND,215.05945643006783,85.5,82.2,0.14202411471960952
11.135938331975998,2.9171971157157204,KAND,kandi,11.123456,2.954658,4318.867422400284,7079.457844,327.0,100.0,427.0,538.0,10,300.3060302734375,288.7609291417573,1.6802897348108765,290.3060302734375,-0.007643367626048899,12.982438567668131,-0.007497457011414522,12.916635983531625,0.002005404828173813,0.0669922602072007,1,-1.0,-1.0,0,0,0,0,0,30.4,39.0,kandi/KAND,193.28666844877344,85.4,82.8,0.44835489577339815
11.12834370697886,2.9276390667387795,KAND,kandi,11.123456,2.954658,3000.682118108756,7079.457844,327.0,100.0,427.0,538.0,10,297.4773254394531,280.4486066030362,2.4716043022693097,287.4773254394531,-0.011947379320931307,12.282667836883945,-0.011491992919861993,12.331313906155577,0.011334889921740905,0.32292633709508245,1,-1.0,-1.0,0,0,2,4,0,35.7,22.0,kandi/KAND,174.81002316812828,87.2,82.6,0.7273201200407857
11.134719966575263,2.931173922161848,KAND,kandi,11.123456,2.954658,2851.962787704871,7079.457844,327.0,100.0,427.0,538.0,10,293.4019775390625,296.05328558646045,2.682016465710474,283.4019775390625,-0.013862291971842447,13.198365328292438,-0.013679063298375614,13.265404221689806,0.0017685142249176625,0.04466407011917654,0,-1.0,2749.086374521128,0,5,1,8,0,25.1,38.0,kandi/KAND,334.3661974542558,84.5,87.6,0.14860348008483948
11.111886327257308,2.9331650198025536,KAND,kandi,11.123456,2.954658,2674.1084882902123,7079.457844,327.0,100.0,427.0,538.0,10,321.85443115234375,241.253101209309,2.2517020370901353,311.85443115234375,-0.004829757887915459,3.9658810928972996,-0.004049823867797624,3.982039124546917,0.010917956609097076,0.336768792457045,1,-1.0,-1.0,0,0,0,1,0,31.0,43.0,kandi/KAND,169.22313139762375,88.7,90.3,0.2682250348036589
11.12138857182031,2.9256611157390626,KAND,kandi,11.123456,2.954658,3175.9281419446042,7079.457844,327.0,100.0,427.0,538.0,10,301.1597595214844,265.8468121176353,2.2690516359051567,291.1597595214844,-0.01010406098551709,10.254607199735245,-0.009660898284255941,10.327739018298425,0.011383958424772099,0.3362717815826163,1,-1.0,-1.0,0,0,0,0,0,31.5,32.0,kandi/KAND,386.05135929607223,80.5,87.2,0.44070028863521715
11.111586163860196,2.937866765949346,KAND,kandi,11.123456,2.954658,2255.825928526181,7079.457844,327.0,100.0,427.0,538.0,10,329.192626953125,234.23164431275737,2.482657002008119,319.192626953125,-0.001812610291598136,3.192727631857128,-0.0019346991183940886,3.1793782544772857,-0.006720401287045492,0.19365976987744957,1,-1.0,-1.0,0,0,0,1,0,30.3,45.0,kandi/KAND,389.4186282137673,90.3,89.9,0.020202827408479562
11.124037727960669,2.922559440420028,KAND,kandi,11.123456,2.954658,3507.0921977077796,7079.457844,327.0,100.0,427.0,538.0,10,303.4836730957031,271.06123954739655,2.0170671229772834,293.4836730957031,-0.008492374169904579,11.094966342696353,-0.00813952186876228,11.061811012293775,0.010924413463575389,0.2710045246153118,1,-1.0,-1.0,0,0,0,0,0,31.5,32.0,kandi/KAND,113.91424559135775,81.6,84.4,0.37354996877512026
11.13807175986098,2.9250753166113967,KAND,kandi,11.123456,2.954658,3613.4428839005677,7079.457844,327.0,100.0,427.0,538.0,10,291.5671081542969,296.7297852114091,2.14645778726549,281.5671081542969,-0.011503655720019802,14.04281678383361,-0.012023851961920204,14.093119697789886,-0.025938688714462907,0.26722648904992063,1,-1.0,-1.0,0,0,1,0,0,30.2,23.0,kandi/KAND,315.80426612040435,80.0,85.4,0.9724506552746136
11.124699162381482,2.9227502437271946,KAND,kandi,11.123456,2.954658,3488.3656792808683,7079.457844,327.0,100.0,427.0,538.0,10,303.6055908203125,272.276936467964,2.025886312756024,293.6055908203125,-0.008265908908214745,11.22206977466294,-0.008335678092973432,11.203491664591319,0.008536448460232467,0.27729589845324504,1,-1.0,-1.0,0,0,0,0,0,31.5,32.0,kandi/KAND,320.7976815689198,84.4,82.1,0.0738070751327976
11.141130786862293,2.9167528315045597,KAND,kandi,11.123456,2.954658,4579.070606253369,7079.457844,327.0,100.0,427.0,538.0,10,293.5588073730469,295.4222017012238,1.6692151345015316,283.5588073730469,-0.008833117384397796,13.402945171998356,-0.008950362303582675,13.395194388891257,-0.021541199908359877,0.6462165544564734,1,-1.0,-1.0,0,0,0,2,0,30.4,39.0,kandi/KAND,215.05945643006783,82.2,85.5,0.524783162984184
11.138552266822924,2.9141572373083324,KAND,kandi,11.123456,2.954658,4728.912993409786,7079.457844,327.0,100.0,427.0,538.0,10,297.4999084472656,290.8050221622634,1.5686384527910577,287.4999084472656,-0.007541819733154321,12.866500576334932,-0.007938499450683593,12.849490983054572,-0.028543853759765626,1.3246291969906347,1,-1.0,-1.0,0,0,0,2,0,30.4,39.0,kandi/KAND,365.3384196878242,78.5,86.4,0.18699482371613751
11.111175211999456,2.9372190822937,KAND,kandi,11.123456,2.954658,2339.824589835662,7079.457844,327.0,100.0,427.0,538.0,10,328.70465087890625,234.3352416784141,2.405564538981554,318.70465087890625,-0.0019780978282296505,3.1694138835740686,-0.0014570363362630212,3.1330360289961074,0.01016811794704861,0.5150559445077388,1,-1.0,-1.0,0,0,0,0,0,30.3,45.0,kandi/KAND,367.7244494531442,90.3,82.3,0.2344478134713638
11.104935327697632,2.9268936398466616,KAND,kandi,11.123456,2.954658,3660.179570732241,7079.457844,327.0,100.0,427.0,538.0,10,322.35089111328125,235.79416763077404,1.6377117946980089,312.35089111328125,-0.0030062541640024578,3.560317279429034,-0.003044872996772473,3.640273875223466,-0.010982178376144144,0.5524743623493324,1,-1.0,-1.0,0,0,0,0,0,31.4,32.0,kandi/KAND,277.7596185553782,80.7,83.6,0.24675140388280037
11.11041073881202,2.93591910178067,KAND,kandi,11.123456,2.954658,2504.588354635918,7079.457844,327.0,100.0,427.0,538.0,10,331.7012939453125,234.64716595297352,2.1790330820472557,321.7012939453125,-0.0009681602343505737,3.0585297453668723,-0.0004900436992793122,3.0309569372833765,0.003949991861979167,0.2828242962047348,1,-1.0,-1.0,0,0,0,8,0,30.3,45.0,kandi/KAND,255.95069251708895,85.8,90.3,0.009503373467575793
11.131463186214546,2.926222688308087,KAND,kandi,11.123456,2.954658,3230.091956090862,7079.457844,327.0,100.0,427.0,538.0,10,297.9040222167969,286.0156060352747,2.288702687479409,287.9040222167969,-0.010932517346040702,12.945176635843666,-0.010659309156013257,12.937540786475159,0.0027292887369791668,0.10282985801791322,1,-1.0,-1.0,0,0,3,7,0,33.0,34.0,kandi/KAND,377.8714555243443,82.6,84.8,0.8809046151123706
11.112854043567127,2.9381339633905865,KAND,kandi,11.123456,2.954658,2152.6458163832503,7079.457844,327.0,100.0,427.0,538.0,10,326.90478515625,236.82170626562555,2.6622611938235883,316.90478515625,-0.0031209226311255172,3.2840322098846406,-0.002841378976632883,3.276271243031077,-0.008194986979166667,0.33878006316688253,1,-1.0,-1.0,0,0,2,0,0,30.3,45.0,kandi/KAND,251.1567510887154,90.3,90.0,0.5934801657418686
11.111424554989465,2.937704655330202,KAND,kandi,11.123456,2.954658,2280.6358460339497,7079.457844,327.0,100.0,427.0,538.0,10,329.192626953125,234.1252145838585,2.455682639404891,319.192626953125,-0.001812610291598136,3.1927553779080022,-0.002021271686759536,3.1683949834514844,-0.006633603135261813,0.20551466503036386,1,-1.0,-1.0,0,0,0,0,0,30.3,45.0,kandi/KAND,367.7244494531442,82.3,90.3,0.930320777130039
11.11331558601388,2.938212033790867,KAND,kandi,11.123456,2.954658,2118.0229578485405,7079.457844,327.0,100.0,427.0,538.0,10,326.6602478027344,237.85698977341582,2.712316777059008,316.6602478027344,-0.003257653193356289,3.403053293325908,-0.0033185706291024544,3.4095220953152148,-0.013268025716145833,0.6058503977284484,0,-1.0,1897.3071385937826,0,2,0,0,0,33.3,38.0,kandi/KAND,251.1567510887154,90.0,90.3,0.199641227997697
11.136553599250394,2.914477024119937,KAND,kandi,11.123456,2.954658,4622.269072328073,7079.457844,327.0,100.0,427.0,538.0,10,298.51263427734375,288.3810641437643,1.5922674323395478,288.51263427734375,-0.007486611643145162,12.58771687313103,-0.007697755164330166,12.570181238773454,-0.01650505673961303,0.4697638259449921,1,-1.0,-1.0,0,0,0,0,0,30.4,39.0,kandi/KAND,365.3384196878242,86.4,78.5,0.1980305385827511
11.10260861093026,2.9250502349731766,KAND,kandi,11.123456,2.954658,3972.4012719928287,7079.457844,327.0,100.0,427.0,538.0,10,321.5545959472656,234.34060368752165,1.5205307372720074,311.5545959472656,-0.002950070794662438,3.7532106227961237,-0.0028041283878279324,3.8166016365446356,0.004818979899088542,0.254749393548515,0,-1.0,3494.7578324746523,0,3,0,0,0,31.4,32.0,kandi/KAND,185.52613185200588,83.6,82.2,0.6996083780387051
11.110406734474605,2.9324263518124956,KAND,kandi,11.123456,2.954658,2825.25031261688,7079.457844,327.0,100.0,427.0,538.0,10,322.40203857421875,239.1145912305013,2.120267294070794,312.40203857421875,-0.003832750822368422,3.6586505966148004,-0.004080660464139175,3.7065042604069816,-0.01919129652780082,0.6430413007994995,1,-1.0,-1.0,0,0,0,0,0,30.3,45.0,kandi/KAND,309.17405911533984,82.3,88.6,0.9214123456245491
11.10692013003099,2.932137862038822,KAND,kandi,11.123456,2.954658,3065.669753109057,7079.457844,327.0,100.0,427.0,538.0,10,328.6663818359375,233.19438968907087,1.8371744936627787,318.6663818359375,-0.001507765884152508,2.8579962397862446,-0.0015640605035961849,2.854893249407695,-0.008048346589945528,0.24249735121272764,1,-1.0,-1.0,0,0,0,1,0,33.4,23.0,kandi/KAND,330.0848336780301,86.8,86.1,0.3338406700037687
11.11576731799658,2.93521634643798,KAND,kandi,11.123456,2.954658,2287.8269136814642,7079.457844,327.0,100.0,427.0,538.0,10,318.0743103027344,248.05041423469402,2.7258500055567674,308.0743103027344,-0.006602193989278949,4.701643617467198,-0.006978971475524896,4.785052906813442,-0.02027060048604319,0.6614171651255502,1,-1.0,-1.0,0,0,2,0,0,36.2,24.0,kandi/KAND,271.9160182852466,88.7,89.9,0.3636165953796139
11.12413966288268,2.922628490849036,KAND,kandi,11.123456,2.954658,3499.775163294956,7079.457844,327.0,100.0,427.0,538.0,10,303.5553283691406,271.24927531166685,2.020109112578729,293.5553283691406,-0.008432621963029298,11.098014596093417,-0.008050137649489881,11.063396434613901,0.01217491900645206,0.33926033366073055,1,-1.0,-1.0,0,0,0,0,0,31.5,32.0,kandi/KAND,113.91424559135775,84.4,81.6,0.5064791697887654
11.113802887551019,2.9380952264716815,KAND,kandi,11.123456,2.954658,2100.954692011186,7079.457844,327.0,100.0,427.0,538.0,10,326.3515625,239.29261581153446,2.742717508943324,316.3515625,-0.003274091980267019,3.4906526508749445,-0.003518592670195764,3.4965952505677085,-0.019604847674108073,0.7006196624220118,1,-1.0,-1.0,0,0,0,0,0,33.3,38.0,kandi/KAND,285.99656928073153,90.0,89.9,0.07632819145926739
11.112039207497519,2.9379961329947806,KAND,kandi,11.123456,2.954658,2215.4031915860337,7079.457844,327.0,100.0,427.0,538.0,10,329.0374450683594,235.07462175609845,2.5319034394558817,319.0374450683594,-0.001931501508833052,3.1599509151605347,-0.002852978123524226,3.1421538089571177,-0.02463174191139843,0.5159580365231753,1,-1.0,-1.0,0,0,0,1,0,33.3,38.0,kandi/KAND,251.1567510887154,90.0,90.3,0.7717563398008531
11.138615885228663,2.9260671231577615,KAND,kandi,11.123456,2.954658,3544.9519938213566,7079.457844,327.0,100.0,427.0,538.0,10,291.778564453125,298.3895889467563,2.1844761759250937,281.778564453125,-0.011637763015362394,14.072777325391959,-0.011660667302230199,14.1014064611983,-0.010073949576187085,0.3214908885556684,1,-1.0,-1.0,0,0,2,9,0,30.2,23.0,kandi/KAND,262.6669063662963,85.4,83.4,0.4612725036268204
11.111934802723813,2.9335135814902706,KAND,kandi,11.123456,2.954658,2638.142401959271,7079.457844,327.0,100.0,427.0,538.0,10,322.02923583984375,240.95851416455594,2.278577056144599,312.02923583984375,-0.004276571827710556,3.8453977661208034,-0.004298158090912223,3.896779685666666,-0.0028125405789291755,0.07181427128979474,1,-1.0,-1.0,0,0,0,0,0,31.0,43.0,kandi/KAND,169.22313139762375,90.3,88.7,0.5009394104169635
11.139261748063491,2.9266603856507976,KAND,kandi,11.123456,2.954658,3522.890460711859,7079.457844,327.0,100.0,427.0,538.0,10,291.8821105957031,299.91724605066446,2.196461144015581,281.8821105957031,-0.011775781841079132,14.020164131091644,-0.011591746012369791,14.06908505905128,-0.006100718180338542,0.2776541387438001,1,-1.0,-1.0,0,0,1,3,0,32.0,21.0,kandi/KAND,285.4340773278742,83.8,83.4,0.7788085576274739
11.110690441686968,2.9356113292989288,KAND,kandi,11.123456,2.954658,2514.6396158249854,7079.457844,327.0,100.0,427.0,538.0,10,331.0318603515625,235.66710793487283,2.185562558622372,321.0318603515625,-0.0009216389046831667,3.0645714102825012,-0.00112289310425751,3.029279045145137,-0.007903035481770833,0.3309040760831585,1,-1.0,-1.0,0,0,0,3,0,30.3,45.0,kandi/KAND,256.65974849969416,85.8,90.3,0.17709858961434732
11.123524448075488,2.9226119914941724,KAND,kandi,11.123456,2.954658,3500.7722983361027,7079.457844,327.0,100.0,427.0,538.0,10,303.30169677734375,270.12781396879836,2.023680119581793,293.30169677734375,-0.008513450881131094,10.985597313398378,-0.008128403190024856,10.961103902427919,0.014035742472763948,0.2506944401025148,1,-1.0,-1.0,0,0,0,0,0,31.5,32.0,kandi/KAND,280.0326934020449,80.5,81.6,0.8685612341700879
11.13682653787828,2.929338910839482,KAND,kandi,11.123456,2.954658,3136.445085978568,7079.457844,327.0,100.0,427.0,538.0,10,293.4902038574219,298.29177041786807,2.437451445958735,283.4902038574219,-0.012646087162078372,13.703534685695338,-0.012461604536839074,13.771882500026958,-0.0017286586651327229,0.05390552851981945,1,-1.0,-1.0,0,0,0,0,0,25.1,38.0,kandi/KAND,392.63572965291604,84.5,83.4,0.7413170161470973
11.110764450653098,2.936419161533056,KAND,kandi,11.123456,2.954658,2437.394569503198,7079.457844,327.0,100.0,427.0,538.0,10,330.76531982421875,234.6590085040752,2.261012078806981,320.76531982421875,-0.001040674225101626,3.0683699232897617,-0.00033781276711888073,3.058302722239726,0.025823660144433196,0.8370398544219332,1,-1.0,-1.0,0,0,2,6,0,30.3,45.0,kandi/KAND,367.7244494531442,90.3,82.3,0.5058834295703811
11.110259599498931,2.9355567753318588,KAND,kandi,11.123456,2.954658,2546.589698070273,7079.457844,327.0,100.0,427.0,538.0,10,332.0610656738281,234.85330594939464,2.135044471220728,322.0610656738281,-0.0004713798965106473,3.0143076338349646,-0.0003727489824455598,2.9834774432682596,0.007235662538592649,0.30359247709366727,1,-1.0,-1.0,0,0,0,12,0,30.3,45.0,kandi/KAND,112.37245272427367,82.3,85.8,0.6336983264230708
11.134221907332124,2.9300365820394743,KAND,kandi,11.123456,2.954658,2941.4876711605248,7079.457844,327.0,100.0,427.0,538.0,10,293.9530029296875,294.0219328897292,2.5897913161096517,283.9530029296875,-0.01325669208359638,13.262458035525357,-0.013092280034363272,13.30944339831057,0.0014290715542103142,0.11067132780008666,0,-1.0,2723.381370894113,0,2,1,6,0,25.1,38.0,kandi/KAND,183.82149629455927,84.2,84.5,0.5148841651546621
11.10756873153331,2.932090606841495,KAND,kandi,11.123456,2.954658,3027.611326250543,7079.457844,327.0,100.0,427.0,538.0,10,326.9609680175781,234.34458166655745,1.8924918326192341,316.9609680175781,-0.002100465478676774,2.9350094743727673,-0.0021313308216798325,2.953083386108696,-0.002460020428889524,0.11468147198122364,1,-1.0,-1.0,0,0,0,0,0,31.0,43.0,kandi/KAND,330.0848336780301,86.1,86.8,0.447471326074222
11.112740593770397,2.934732947425372,KAND,kandi,11.123456,2.954658,2478.485202684925,7079.457844,327.0,100.0,427.0,538.0,10,322.55560302734375,241.27601132581225,2.413040276767939,312.55560302734375,-0.004446954322408097,3.7494438772674035,-0.004572131587009805,3.8234043284259203,-0.010943857828776042,0.5946284924532483,1,-1.0,-1.0,0,0,0,1,0,31.0,43.0,kandi/KAND,302.0118058950443,90.3,89.9,0.3086316169145671
11.137737382307003,2.9067880774364534,KAND,kandi,11.123456,2.954658,5462.679042504991,7079.457844,327.0,100.0,427.0,538.0,10,299.0615234375,286.91686354605264,1.34164845755093,289.0615234375,-0.00624113934070469,11.729322473266473,-0.006383393114971786,11.70703739740283,-0.013349765782505728,0.41707404386291613,1,-1.0,-1.0,0,0,0,1,0,28.4,37.0,kandi/KAND,325.21295177169327,83.6,81.9,0.6239551285072501
11.136870418053276,2.9332327292332034,KAND,kandi,11.123456,2.954658,2771.2185247768766,7079.457844,327.0,100.0,427.0,538.0,10,292.1448669433594,302.54420285630425,2.7859728494045055,282.1448669433594,-0.014760039955057126,13.255635305608632,-0.01423831337376645,13.40424077592181,0.004677073160807292,0.27761007362913775,1,-1.0,-1.0,0,0,0,4,0,33.4,16.0,kandi/KAND,315.9212884563857,87.6,76.8,0.5548970997358129
11.14553266506775,2.919839328258511,KAND,kandi,11.123456,2.954658,4519.97715175272,7079.457844,327.0,100.0,427.0,538.0,10,290.9591064453125,302.8743349446198,1.7239504611121754,280.9591064453125,-0.009392483102432021,14.283877551707096,-0.009240907252316233,14.27298137375105,-0.002738384041720972,0.15282893753576782,1,-1.0,-1.0,0,0,0,0,0,30.2,29.0,kandi/KAND,169.91341088926387,75.9,81.4,0.7666631907610024
11.11443652394757,2.93572193195005,KAND,kandi,11.123456,2.954658,2296.666316044815,7079.457844,327.0,100.0,427.0,538.0,10,321.8495178222656,244.10878176370738,2.6213971533568814,311.8495178222656,-0.004780988776277544,4.0166163660492975,-0.005136507573510021,4.086339108365709,-0.005470530192057292,0.24677579310918393,1,-1.0,-1.0,0,0,0,0,0,33.3,38.0,kandi/KAND,271.9160182852466,89.9,88.7,0.055250632126549126
11.1361363545519,2.916753656707718,KAND,kandi,11.123456,2.954658,4371.772991621778,7079.457844,327.0,100.0,427.0,538.0,10,300.4568176269531,288.8303686231272,1.6579924009566946,290.4568176269531,-0.007506253483367721,12.926297838479668,-0.007419874677505909,12.86107470839528,-0.0010379276666804382,0.013391000178649696,1,-1.0,-1.0,0,0,0,0,0,30.4,39.0,kandi/KAND,193.28666844877344,85.4,82.8,0.7272599322528172
11.13874489747728,2.9059749950183362,KAND,kandi,11.123456,2.954658,5580.512745884688,7079.457844,327.0,100.0,427.0,538.0,10,297.3988342285156,287.7530686179535,1.3303912369389903,287.3988342285156,-0.006438448779471887,11.884405559440037,-0.006624065062931845,11.855678377044606,-0.0159242529498053,0.4897455101827414,1,-1.0,-1.0,0,0,0,0,0,28.4,37.0,kandi/KAND,325.21295177169327,83.6,81.9,0.1820625099652522
11.139694800982278,2.914496148373896,KAND,kandi,11.123456,2.954658,4740.715196665483,7079.457844,327.0,100.0,427.0,538.0,10,297.4419860839844,292.39978855141027,1.5654347287382269,287.4419860839844,-0.007656306176177376,13.037015795856181,-0.00832373386257933,13.02596560343881,-0.1560082783349601,5.377730800754139,0,-1.0,4664.711746618741,0,2,0,8,0,30.4,39.0,kandi/KAND,295.05963126131167,78.5,82.2,0.2596121273190385
11.111684427252879,2.9343917876182752,KAND,kandi,11.123456,2.954658,2568.4906870639006,7079.457844,327.0,100.0,427.0,538.0,10,323.8207092285156,239.37828411055878,2.300401955779475,313.8207092285156,-0.003683980305989584,3.492137608449792,-0.004680689135362606,3.522712588888077,-0.0324971031166492,0.6902490222998074,1,-1.0,-1.0,0,0,0,0,0,30.3,45.0,kandi/KAND,237.3936713820402,82.3,90.3,0.8242602910892315
11.11005111295894,2.9350471067554964,KAND,kandi,11.123456,2.954658,2605.4654855701447,7079.457844,327.0,100.0,427.0,538.0,10,329.97186279296875,235.14028370592968,2.132722532002555,319.97186279296875,-0.001394402257132341,2.979840346651729,-0.001473598980278558,2.9510054989795576,-0.020370144314236113,0.7485604515206109,1,-1.0,-1.0,0,0,0,9,0,30.3,45.0,kandi/KAND,112.37245272427367,82.3,85.8,0.0897617454600147
11.135837496067978,2.9287485378477562,KAND,kandi,11.123456,2.954658,3144.2929772763,7079.457844,327.0,100.0,427.0,538.0,10,293.9864501953125,295.9702110683827,2.422348620121312,283.9864501953125,-0.012493043640445713,13.622465631535244,-0.012235505302117743,13.680105842702881,0.00017901911596017269,0.03506791338269172,1,-1.0,-1.0,0,0,2,13,0,25.1,38.0,kandi/KAND,302.509112755308,84.5,85.1,0.8583888587257045
11.127023713493381,2.9286784420910905,KAND,kandi,11.123456,2.954658,2865.3445181718735,7079.457844,327.0,100.0,427.0,538.0,10,296.8409423828125,277.969747690393,2.6008884830709076,286.8409423828125,-0.012668206956651476,11.839660514312996,-0.012395004999069942,11.952867533522467,-0.0015446980794270833,0.0836308780109687,1,-1.0,-1.0,0,0,0,5,0,35.3,21.0,kandi/KAND,253.12137819628967,83.3,87.2,0.689096701818416
11.115274427841301,2.9354036016498113,KAND,kandi,11.123456,2.954658,2289.8464132562804,7079.457844,327.0,100.0,427.0,538.0,10,319.26055908203125,246.58687895166753,2.6938339622761958,309.26055908203125,-0.005926366624613617,4.460527787761047,-0.006364703146164577,4.518841487923851,-0.014060840828056776,0.4432899705931122,1,-1.0,-1.0,0,0,1,3,0,36.2,24.0,kandi/KAND,271.9160182852466,88.7,89.9,0.5788524710475881
11.109469285340637,2.930925838282766,KAND,kandi,11.123456,2.954658,3019.1516009205247,7079.457844,327.0,100.0,427.0,538.0,10,322.30377197265625,239.01215234304016,1.9860709310642837,312.30377197265625,-0.003637493876340759,3.7859577828400455,-0.003957310154985841,3.8780039219046882,-0.015034230550130208,0.7183273514687923,1,-1.0,-1.0,0,0,0,0,0,31.0,43.0,kandi/KAND,144.11587076282325,86.1,81.5,0.9337028688616916
11.13374547585368,2.9181315562265815,KAND,kandi,11.123456,2.954658,4149.30207495567,7079.457844,327.0,100.0,427.0,538.0,10,299.8443908691406,286.02218165173645,1.7552832383555803,289.8443908691406,-0.00802901380067821,12.6214203232096,-0.007829676402190872,12.590928670954424,0.013009334086995415,0.436741041024457,1,-1.0,-1.0,0,0,0,0,0,30.0,38.0,kandi/KAND,367.47538693083294,86.0,87.5,0.9933468436476318
11.111742540782311,2.932866255725259,KAND,kandi,11.123456,2.954658,2710.379074964315,7079.457844,327.0,100.0,427.0,538.0,10,322.1593017578125,241.28824074662052,2.215164788962443,312.1593017578125,-0.0038414256796622413,3.993278354971251,-0.004320337827598375,4.018727004850554,-0.007001739712148789,0.2831159136760947,1,-1.0,-1.0,0,0,0,0,0,30.3,45.0,kandi/KAND,316.71466585051456,82.3,88.7,0.9517677143627097
11.133326380794902,2.920128420918412,KAND,kandi,11.123456,2.954658,3926.847775553461,7079.457844,327.0,100.0,427.0,538.0,10,297.7134704589844,286.2457979317658,1.885710401148114,287.7134704589844,-0.009072334079014234,12.829736186473308,-0.008798761081085934,12.796754831578914,0.0030887063296693947,0.13044567064633758,1,-1.0,-1.0,0,0,0,6,0,30.0,38.0,kandi/KAND,367.47538693083294,87.5,86.0,0.6229694192630464
11.113826202812465,2.937988320669592,KAND,kandi,11.123456,2.954658,2109.717595619186,7079.457844,327.0,100.0,427.0,538.0,10,326.3515625,239.5148405969822,2.7313426699613634,316.3515625,-0.003274091980267019,3.4685636093939443,-0.0036451232369522565,3.478146537412233,-0.02264158127626388,0.7687722637933029,1,-1.0,-1.0,0,0,0,0,0,33.3,38.0,kandi/KAND,285.99656928073153,89.9,90.0,0.8812046008247502
11.140256944366296,2.9149545954055225,KAND,kandi,11.123456,2.954658,4718.546658823869,7079.457844,327.0,100.0,427.0,538.0,10,300.60540771484375,293.3331871342855,1.5344015584561403,290.60540771484375,-0.006902947405722576,13.040297751053293,-0.008285562224017185,13.051437121211546,-0.20099325056388304,6.87754744172747,0,-1.0,4605.074594884216,0,5,0,6,0,30.4,39.0,kandi/KAND,295.05963126131167,78.5,82.2,0.5324972651919302
11.111922216050388,2.934118353164874,KAND,kandi,11.123456,2.954658,2581.1802973058234,7079.457844,327.0,100.0,427.0,538.0,10,322.76947021484375,240.22044879746647,2.312402052602518,312.76947021484375,-0.0040444092732279694,3.6586347141598803,-0.004334497058134975,3.7018131912197516,-0.013216346213973157,0.4001618464408865,1,-1.0,-1.0,0,0,0,0,0,33.4,23.0,kandi/KAND,289.5291964551508,88.6,90.3,0.926385031492262
11.11953303338702,2.9242901011129008,KAND,kandi,11.123456,2.954658,3345.7274200505703,7079.457844,327.0,100.0,427.0,538.0,10,303.0740661621094,262.5028571472149,2.121269182070561,293.0740661621094,-0.00900336674281529,9.955615437503866,-0.008722539533648576,10.001443991716146,0.004203287760416666,0.20871560612889642,1,-1.0,-1.0,0,0,0,5,0,33.2,27.0,kandi/KAND,366.5034435036539,88.5,80.5,0.18273739000589162
11.126471958845286,2.930370918250668,KAND,kandi,11.123456,2.954658,2674.04379001015,7079.457844,327.0,100.0,427.0,538.0,10,299.0450134277344,277.21522091699825,2.739556075197874,289.0450134277344,-0.012696431477864584,11.325687140902604,-0.012871125795578763,11.396370840759962,-0.008976802127347501,0.28215268380411085,1,-1.0,-1.0,0,0,0,8,0,35.3,21.0,kandi/KAND,193.7196474289899,79.8,83.3,0.8780819360301891
11.134211569699076,2.9300178450795746,KAND,kandi,11.123456,2.954658,2942.8969316802036,7079.457844,327.0,100.0,427.0,538.0,10,293.9530029296875,293.9852852403334,2.5885528340039,283.9530029296875,-0.01325669208359638,13.251246525089249,-0.013089120022567641,13.298500976762748,0.0015344052807313698,0.11067132780008666,0,-1.0,2724.6861371468017,0,1,1,7,0,25.1,38.0,kandi/KAND,183.82149629455927,84.5,84.2,0.4980378761555032
11.140057327553528,2.905924728935254,KAND,kandi,11.123456,2.954658,5631.389158348549,7079.457844,327.0,100.0,427.0,538.0,10,297.0281066894531,289.1511436731824,1.32214607971649,287.0281066894531,-0.006485791565345079,12.155169922419596,-0.0064333089192708335,12.119336976919236,-0.00967441134982639,0.3572449604581843,1,-1.0,-1.0,0,0,0,0,0,28.4,37.0,kandi/KAND,242.2242803683185,83.6,83.3,0.4314074776576452
11.12680126363631,2.9263779571676403,KAND,kandi,11.123456,2.954658,3111.4284036700137,7079.457844,327.0,100.0,427.0,538.0,10,299.1886291503906,276.8769087613266,2.3522756605422437,289.1886291503906,-0.010823216939634865,12.029975547814873,-0.010388500285598467,12.032415296526658,0.020653618706597224,0.7870072842584384,1,-1.0,-1.0,0,0,0,3,0,35.7,22.0,kandi/KAND,213.30780787394355,81.0,87.2,0.11781468521107785
11.140684040597769,2.906237843048198,KAND,kandi,11.123456,2.954658,5622.17871076984,7079.457844,327.0,100.0,427.0,538.0,10,298.16680908203125,289.93663279492574,1.3127128910581116,288.16680908203125,-0.0062337888893506214,12.307805077141026,-0.006301696281569834,12.286667261056266,-0.007525596750184246,0.266843166998026,1,-1.0,-1.0,0,0,0,0,0,26.0,22.0,kandi/KAND,359.64685178650427,83.3,78.5,0.17265819945026972
11.111891763279694,2.9332041073920876,KAND,kandi,11.123456,2.954658,2670.0718110298953,7079.457844,327.0,100.0,427.0,538.0,10,322.0314025878906,241.22046063747084,2.2513110267037835,312.0314025878906,-0.004220386391398569,3.9393038623706107,-0.004025345713617248,3.978634065211861,0.011660460619235114,0.3334262457619876,1,-1.0,-1.0,0,0,0,1,0,31.0,43.0,kandi/KAND,169.22313139762375,88.7,90.3,0.29411085568718387
11.131961941093952,2.920636687079231,KAND,kandi,11.123456,2.954658,3833.7475625244574,7079.457844,327.0,100.0,427.0,538.0,10,298.7983703613281,284.2985347773597,1.9152737657101622,288.7983703613281,-0.008970294228455031,12.545549385986359,-0.008656900371440318,12.509502895830876,0.011072348921614026,0.2736885837070672,1,-1.0,-1.0,0,0,2,2,0,26.8,36.0,kandi/KAND,211.21815475956797,85.7,86.0,0.3074631837194688
11.137799665117075,2.9067378141160445,KAND,kandi,11.123456,2.954658,5469.929271118269,7079.457844,327.0,100.0,427.0,538.0,10,299.7832946777344,286.96960197101987,1.3323145760510047,289.7832946777344,-0.005731915657912772,11.732661932311407,-0.00630316277671993,11.712405597310843,-0.01052993741486411,0.4360138611863787,1,-1.0,-1.0,0,0,0,2,0,28.4,37.0,kandi/KAND,325.21295177169327,81.9,83.6,0.4033618934540395
11.110320034697056,2.932990228492403,KAND,kandi,11.123456,2.954658,2777.4807261444807,7079.457844,327.0,100.0,427.0,538.0,10,324.1124267578125,238.29275820640356,2.121465488641823,314.1124267578125,-0.003302133211525537,3.459498436724003,-0.0040613010446437356,3.5377224779823995,-0.019148262277736663,0.548178872643916,1,-1.0,-1.0,0,0,0,0,0,30.3,45.0,kandi/KAND,309.17405911533984,82.3,88.6,0.71658972306469
11.135295644753205,2.9334455171342673,KAND,kandi,11.123456,2.954658,2661.729001030667,7079.457844,327.0,100.0,427.0,538.0,10,292.2830810546875,299.63512400235993,2.897413734738382,282.2830810546875,-0.015380526867229788,12.687291599193783,-0.01485134576705509,12.91807919574466,0.004951479831620603,0.08172946578175569,1,-1.0,-1.0,0,0,1,4,0,25.1,38.0,kandi/KAND,334.3661974542558,84.5,87.6,0.9265469637900756
11.111303240601263,2.9206147017452606,KAND,kandi,11.123456,2.954658,3954.526288871089,7079.457844,327.0,100.0,427.0,538.0,10,314.3352966308594,250.01156149175057,1.6319189333206965,304.3352966308594,-0.004795475198764994,7.722702264098328,-0.004349167487151086,7.685324083994798,0.016738094319577915,0.3510629783278027,1,-1.0,-1.0,0,0,0,0,0,36.4,21.0,kandi/KAND,259.1606293612586,87.9,82.3,0.6066942489880256
11.133446375949289,2.922121111700983,KAND,kandi,11.123456,2.954658,3722.160636083856,7079.457844,327.0,100.0,427.0,538.0,10,296.31414794921875,287.37969797381396,2.0108410106391257,286.31414794921875,-0.009869661458333333,13.0650138564973,-0.009843573391951238,13.05888842553225,-0.0010389284905978353,0.12763473560095784,1,-1.0,-1.0,0,0,0,2,0,30.0,38.0,kandi/KAND,207.50766443665174,86.0,84.7,0.4589950601089482
11.118689471194104,2.924416098606829,KAND,kandi,11.123456,2.954658,3345.5160636179285,7079.457844,327.0,100.0,427.0,538.0,10,303.0980529785156,260.8774627461659,2.120992834199586,293.0980529785156,-0.008959635822384108,9.811293040042036,-0.008776873315286916,9.877079530919803,0.002978515625,0.15293822770126814,1,-1.0,-1.0,0,0,0,0,0,33.2,27.0,kandi/KAND,277.74462035546526,85.9,88.5,0.8875299408553787
11.13615441310486,2.9145408939032227,KAND,kandi,11.123456,2.954658,4601.9777361982715,7079.457844,327.0,100.0,427.0,538.0,10,298.8088684082031,287.88362328809626,1.5955991989782572,288.8088684082031,-0.007471106062719832,12.507339703306084,-0.007465336465428017,12.463120749472527,-0.008369954427083333,0.36919118545059204,1,-1.0,-1.0,0,0,0,0,0,30.4,39.0,kandi/KAND,365.3384196878242,78.5,86.4,0.92479596773573
11.13662471347665,2.935943068913403,KAND,kandi,11.123456,2.954658,2510.2743245734855,7079.457844,327.0,100.0,427.0,538.0,10,294.7682800292969,305.64746131293685,3.0153372066419926,284.7682800292969,-0.015202974696250945,12.089695052212774,-0.015246380946432894,12.317089557311476,-0.0037489149305555552,0.3196316146386186,1,-1.0,-1.0,0,0,2,4,0,33.4,16.0,kandi/KAND,305.11071367616483,83.2,87.6,0.04872128608213988
11.127808585596966,2.927822229090971,KAND,kandi,11.123456,2.954658,2970.8402874807202,7079.457844,327.0,100.0,427.0,538.0,10,297.27349853515625,279.3887064703007,2.500323644805952,287.27349853515625,-0.012137881033315347,12.144416191721565,-0.011832329778387995,12.21291447876074,0.004477945963541667,0.1669630022018456,1,-1.0,-1.0,0,0,0,4,0,33.0,34.0,kandi/KAND,174.81002316812828,82.6,87.2,0.6318217470020541
11.135345604549494,2.9170029720373654,KAND,kandi,11.123456,2.954658,4318.555137408082,7079.457844,327.0,100.0,427.0,538.0,10,300.4226989746094,287.8419483347033,1.6788646163255492,290.4226989746094,-0.007615195145107192,12.787056795317753,-0.00745355142508847,12.723539647044806,0.0033195250901388823,0.09036457145820928,1,-1.0,-1.0,0,0,1,1,0,30.4,39.0,kandi/KAND,348.5559072802526,82.8,87.5,0.3815486242264703
11.114208367741634,2.9362360071311637,KAND,kandi,11.123456,2.954658,2257.5388530385876,7079.457844,327.0,100.0,427.0,538.0,10,322.04461669921875,242.90787196341262,2.661825083296933,312.04461669921875,-0.005985944675828841,3.8499575463248936,-0.004720898182604826,3.8642662915098835,-0.0032996435227946853,0.12861744971497113,1,-1.0,-1.0,0,0,0,1,0,33.3,38.0,kandi/KAND,285.99656928073153,90.0,89.9,0.8148835587084684
11.117545061077662,2.925127531020797,KAND,kandi,11.123456,2.954658,3291.588125784675,7079.457844,327.0,100.0,427.0,538.0,10,303.95458984375,258.47302970919435,2.1408211770115972,293.95458984375,-0.00890023896188447,9.258177318502282,-0.008314108391358268,9.332150931121737,0.01594871532505521,0.37122516022911833,1,-1.0,-1.0,0,0,1,2,0,33.2,27.0,kandi/KAND,161.15480094289197,85.9,78.9,0.6016096460580445
11.136259412659513,2.916478075875173,KAND,kandi,11.123456,2.954658,4404.653470453441,7079.457844,327.0,100.0,427.0,538.0,10,300.4687805175781,288.8726805466693,1.645466931298103,290.4687805175781,-0.007449633795614723,12.903572690447682,-0.007431459264320103,12.839545297644547,-0.0038895791166137458,0.08327511600828275,1,-1.0,-1.0,0,0,0,0,0,30.4,39.0,kandi/KAND,193.28666844877344,85.4,82.8,0.9005812105829613
11.107858545630512,2.9320694918389814,KAND,kandi,11.123456,2.954658,3011.005687108226,7079.457844,327.0,100.0,427.0,538.0,10,326.1412658691406,234.86791733200224,1.9185018324151033,316.1412658691406,-0.002370994240537335,2.948390724066944,-0.0024780242672834407,2.961943671083622,-0.012662655816803661,0.42486855496773746,1,-1.0,-1.0,0,0,0,0,0,31.0,43.0,kandi/KAND,330.0848336780301,86.1,86.8,0.349755137938622
11.116749559184624,2.925776569832777,KAND,kandi,11.123456,2.954658,3241.134744849539,7079.457844,327.0,100.0,427.0,538.0,10,305.3719787597656,256.6887281408593,2.149094187485838,295.3719787597656,-0.008627628337491842,8.803515666090501,-0.008299076133858756,8.889987081936336,0.006053121511116491,0.1600918645868162,1,-1.0,-1.0,0,0,0,0,0,33.2,27.0,kandi/KAND,377.1768718948386,85.9,89.2,0.06231457003213281
11.138718855246172,2.9273896710591654,KAND,kandi,11.123456,2.954658,3423.949778022431,7079.457844,327.0,100.0,427.0,538.0,10,292.57318115234375,299.7056498141541,2.248320267282621,282.57318115234375,-0.011812231091485508,13.973527739533528,-0.011781091799681214,13.999131514959963,-0.003388468424479167,0.13930951936797925,1,-1.0,-1.0,0,0,0,12,0,25.1,38.0,kandi/KAND,371.0522637042291,85.1,83.4,0.8586074506957383
11.141126744875043,2.91679871994805,KAND,kandi,11.123456,2.954658,4574.347161638604,7079.457844,327.0,100.0,427.0,538.0,10,293.5588073730469,295.44403035543417,1.6709377798392444,283.5588073730469,-0.008983313140864884,13.406573484215285,-0.009574481598511424,13.3986658042861,-0.0457258225868489,0.6462165544564734,1,-1.0,-1.0,0,0,0,3,0,26.8,36.0,kandi/KAND,215.05945643006783,85.5,82.2,0.4514404414248493
11.139848441901236,2.914621447764114,KAND,kandi,11.123456,2.954658,4734.532838950139,7079.457844,327.0,100.0,427.0,538.0,10,297.4419860839844,292.6540403895866,1.5674778558408906,287.4419860839844,-0.007999198411901122,13.027581119608167,-0.008204835255940755,13.019393432431665,-0.10839199490017361,3.984024405036085,0,-1.0,4582.724170767369,0,6,0,7,0,30.4,39.0,kandi/KAND,295.05963126131167,78.5,82.2,0.3341950976868966
11.135767224859547,2.916219452474863,KAND,kandi,11.123456,2.954658,4414.319275291317,7079.457844,327.0,100.0,427.0,538.0,10,300.5484924316406,288.08154722079996,1.6408321382216258,290.5484924316406,-0.007382181528452282,12.708249352764796,-0.007375422740142618,12.678086587213569,-0.0018066406249999999,0.08904110316600027,1,-1.0,-1.0,0,0,0,0,0,30.4,39.0,kandi/KAND,371.02901908073824,85.4,86.4,0.507671929470583
11.111755667490836,2.932923219635506,KAND,kandi,11.123456,2.954658,2704.2195872746056,7079.457844,327.0,100.0,427.0,538.0,10,321.85443115234375,241.2521000560679,2.2266550350378633,311.85443115234375,-0.004201812185210622,3.9867095096691543,-0.004394788296229503,4.008187613845593,-0.009284887416836717,0.2831159136760947,1,-1.0,-1.0,0,0,0,0,0,31.0,43.0,kandi/KAND,382.98217256152554,88.7,85.8,0.051980775638763244
11.108893597677175,2.9319940809918985,KAND,kandi,11.123456,2.954658,2953.7933229384676,7079.457844,327.0,100.0,427.0,538.0,10,323.8318176269531,236.78450723836346,2.0003767534124766,313.8318176269531,-0.003372458912216139,3.246601074615267,-0.0032249324785994225,3.309163258795396,-0.005476125081380208,0.29457539738534644,1,-1.0,-1.0,0,0,0,0,0,31.0,43.0,kandi/KAND,330.0848336780301,86.1,86.8,0.0007681787186408773
11.110653068147954,2.9353443118988993,KAND,kandi,11.123456,2.954658,2541.131029750318,7079.457844,327.0,100.0,427.0,538.0,10,330.3302307128906,235.96003959767637,2.1785969101956764,320.3302307128906,-0.0013097678241567137,3.074631148019357,-0.0013348809603987068,3.0398076482750978,-0.013228013780381945,0.487659960482065,1,-1.0,-1.0,0,0,0,4,0,31.0,43.0,kandi/KAND,382.98217256152554,88.7,85.8,0.8230292671653385
11.136586365428249,2.933312554240967,KAND,kandi,11.123456,2.954658,2747.1177070713993,7079.457844,327.0,100.0,427.0,538.0,10,292.16571044921875,302.08681494764227,2.809941852117695,282.16571044921875,-0.014912923177083332,13.095821653323139,-0.014577478719941268,13.277282869668861,0.0006256103515625,0.03340616192641036,1,-1.0,-1.0,0,0,1,5,0,33.4,16.0,kandi/KAND,315.9212884563857,87.6,76.8,0.45122825848480874
11.110017726509634,2.9349649834558647,KAND,kandi,11.123456,2.954658,2614.9450904624973,7079.457844,327.0,100.0,427.0,538.0,10,329.97186279296875,235.18573132007185,2.124998163851406,319.97186279296875,-0.0012702710700757574,2.978447425347395,-0.0014735989802785576,2.965559555641441,-0.020370144314236113,0.7485604515206109,1,-1.0,-1.0,0,0,0,11,0,30.3,45.0,kandi/KAND,367.7244494531442,82.3,90.3,0.0006730423699503607
11.122923969835668,2.9239470102734724,KAND,kandi,11.123456,2.954658,3355.4438010976505,7079.457844,327.0,100.0,427.0,538.0,10,301.8772888183594,268.9914855893039,2.1355396253931564,291.8772888183594,-0.009359550476074218,10.899851027648992,-0.009052031221445541,10.904923495853197,0.005446031358506944,0.2025530727223218,1,-1.0,-1.0,0,0,0,0,0,31.5,32.0,kandi/KAND,306.15079813714885,80.5,84.4,0.29656830584108196
11.131024958417512,2.920915243116577,KAND,kandi,11.123456,2.954658,3779.9619699508908,7079.457844,327.0,100.0,427.0,538.0,10,299.55621337890625,282.8804245137183,1.9310316378558234,289.55621337890625,-0.008931842159008201,12.336464931720736,-0.008627383320960885,12.300672298008713,0.008500484490564715,0.19934121086306603,1,-1.0,-1.0,0,0,3,1,0,26.8,36.0,kandi/KAND,296.59233233508934,85.7,86.6,0.27815098905478464
11.141136883041677,2.9166836219386134,KAND,kandi,11.123456,2.954658,4586.19581282436,7079.457844,327.0,100.0,427.0,538.0,10,293.5588073730469,295.3893643488524,1.6666232718335874,283.5588073730469,-0.008663740968392565,13.403781127919858,-0.008746602193000554,13.395331035858991,-0.010056990583674439,0.24912265315777163,1,-1.0,-1.0,0,0,0,2,0,26.8,36.0,kandi/KAND,215.05945643006783,85.5,82.2,0.5110767157444175
11.129796042350575,2.927007544997294,KAND,kandi,11.123456,2.954658,3100.899312610059,7079.457844,327.0,100.0,427.0,538.0,10,298.1453857421875,283.1558010658989,2.3794969900833114,288.1453857421875,-0.011275638678135016,12.561621047843774,-0.01103945620057641,12.566199116363439,0.006618300557950728,0.2145435956690166,1,-1.0,-1.0,0,0,2,10,0,33.0,34.0,kandi/KAND,377.8714555243443,82.6,84.8,0.3396241397972235
11.110048433878713,2.932155204164097,KAND,kandi,11.123456,2.954658,2871.026781833442,7079.457844,327.0,100.0,427.0,538.0,10,322.4173889160156,238.73557274813842,2.086185335759986,312.4173889160156,-0.0037874963548448354,3.6586037631558903,-0.0038673002827455177,3.710466558261743,-0.005131925881318844,0.2091737873694952,1,-1.0,-1.0,0,0,0,0,0,31.0,43.0,kandi/KAND,173.06789013672005,86.1,88.6,0.7464153647723449
11.135366900192407,2.9295120220654653,KAND,kandi,11.123456,2.954658,3046.564032625345,7079.457844,327.0,100.0,427.0,538.0,10,293.9640197753906,295.7713028525137,2.5003777067201196,283.9640197753906,-0.012814159519468318,13.501039352347098,-0.012615624452248599,13.57700457951859,0.0019617716471354166,0.099289844603208,1,-1.0,-1.0,0,0,3,5,0,25.1,38.0,kandi/KAND,302.509112755308,84.5,85.1,0.529300833851252
11.13147021582613,2.9203201389380715,KAND,kandi,11.123456,2.954658,3854.4097967930643,7079.457844,327.0,100.0,427.0,538.0,10,299.6513671875,283.3833140894902,1.89234831919475,289.6513671875,-0.008701294891593991,12.374255964419149,-0.008449898057311545,12.329408673828583,0.006410725911458333,0.2983529913669611,1,-1.0,-1.0,0,0,3,5,0,30.0,38.0,kandi/KAND,211.21815475956797,86.0,85.7,0.9998651086684419
11.11043813409437,2.9322097388848185,KAND,kandi,11.123456,2.954658,2843.857744775654,7079.457844,327.0,100.0,427.0,538.0,10,321.8601379394531,239.41929226799036,2.1173098263718115,311.8601379394531,-0.004083799462612737,3.6852681827644886,-0.004019196500483248,3.757682751343698,-0.008583577473958333,0.315595577580481,1,-1.0,-1.0,0,0,0,0,0,31.0,43.0,kandi/KAND,173.06789013672005,86.1,88.6,0.9987916089439719
11.125600569634509,2.9215655370517886,KAND,kandi,11.123456,2.954658,3622.842889998255,7079.457844,327.0,100.0,427.0,538.0,10,304.6504821777344,273.7818832551909,1.9342400314853558,294.6504821777344,-0.007871839728193279,11.227879550299368,-0.007632115475207485,11.170155332109198,0.00845947265625,0.3303771480887337,1,-1.0,-1.0,0,0,1,0,0,31.5,32.0,kandi/KAND,320.7976815689198,84.4,82.1,0.5888969340049538
11.112358378752097,2.9218417139083934,KAND,kandi,11.123456,2.954658,3789.3272266281497,7079.457844,327.0,100.0,427.0,538.0,10,310.9377136230469,250.9870473496968,1.7543485907578682,300.9377136230469,-0.005876027505228839,8.02462971876813,-0.00567459902515904,8.02001704754472,0.008544989119255988,0.284059469100594,1,-1.0,-1.0,0,0,0,0,0,33.2,27.0,kandi/KAND,172.33978820923755,85.3,87.9,0.8640326890828252
11.111197578832837,2.9205015490367505,KAND,kandi,11.123456,2.954658,3970.1309719605083,7079.457844,327.0,100.0,427.0,538.0,10,314.6986999511719,249.9131006136927,1.6202677649043076,304.6986999511719,-0.004439667906821298,7.701124138079921,-0.004381490223611595,7.679615446978895,0.0166154174729529,0.5677017455407335,1,-1.0,-1.0,0,0,0,0,0,36.4,21.0,kandi/KAND,259.1606293612586,87.9,82.3,0.6730027713833278
11.111007731719107,2.920298242623833,KAND,kandi,11.123456,2.954658,3998.197452706638,7079.457844,327.0,100.0,427.0,538.0,10,315.0556640625,249.7381275376086,1.6037884154164495,305.0556640625,-0.0045447050635494405,7.659767065751307,-0.00428617630730333,7.635432981991505,0.018122974917009867,0.614165827211974,1,-1.0,-1.0,0,0,0,0,0,36.4,21.0,kandi/KAND,259.1606293612586,87.9,82.3,0.7921421893577151
11.114281233583553,2.9359019005935534,KAND,kandi,11.123456,2.954658,2286.54655382781,7079.457844,327.0,100.0,427.0,538.0,10,321.8495178222656,243.5046656225398,2.6329826013187825,311.8495178222656,-0.004967905019784903,3.9344915547280688,-0.004958609980190078,3.9630794246164482,-0.0035820626099420136,0.10955142582584555,1,-1.0,-1.0,0,0,0,0,0,33.3,38.0,kandi/KAND,285.99656928073153,89.9,90.0,0.05239612626060808
11.135618378198792,2.926392749969537,KAND,kandi,11.123456,2.954658,3368.049095727053,7079.457844,327.0,100.0,427.0,538.0,10,294.25860595703125,293.6821925280561,2.256970490756812,284.25860595703125,-0.011619538583169577,13.590455444607025,-0.011552730088299676,13.611210235700415,-0.00908498793004038,0.27519941963125333,1,-1.0,-1.0,0,0,2,4,0,25.1,38.0,kandi/KAND,397.9469977270289,85.1,80.0,0.5775641112430883
11.120300613400529,2.9272653649405376,KAND,kandi,11.123456,2.954658,3012.7243817325016,7079.457844,327.0,100.0,427.0,538.0,10,303.030517578125,263.3070018565859,2.356313550040245,293.030517578125,-0.010068367622851097,9.55492061232102,-0.009811717406831514,9.66032706194982,-0.002436319986979167,0.1147315378899393,1,-1.0,-1.0,0,0,3,3,0,31.0,31.0,kandi/KAND,371.3793249965359,87.2,78.9,0.008824106676450949
11.129423847511223,2.9271827665937424,KAND,kandi,11.123456,2.954658,3073.152798832707,7079.457844,327.0,100.0,427.0,538.0,10,297.9569091796875,282.48487399947504,2.404463454494373,287.9569091796875,-0.011326306959464488,12.473194558547181,-0.011166507781498016,12.497464461911285,0.006591542561848958,0.30007585160164707,1,-1.0,-1.0,0,0,4,5,0,33.0,34.0,kandi/KAND,377.8714555243443,82.6,84.8,0.21878165948817507
11.126744181818943,2.9298713228273843,KAND,kandi,11.123456,2.954658,2732.0467348998077,7079.457844,327.0,100.0,427.0,538.0,10,298.18212890625,277.70208640366843,2.6995358300219943,288.18212890625,-0.012733061417289405,11.514780811970867,-0.01293180628931098,11.593751804232383,-0.01423370547211244,0.45482722644423274,1,-1.0,-1.0,0,0,2,8,0,33.0,34.0,kandi/KAND,386.7215149173957,82.6,83.3,0.8914747471369161
11.141102403809445,2.9183287907472937,KAND,kandi,11.123456,2.954658,4422.620246750433,7079.457844,327.0,100.0,427.0,538.0,10,296.3121643066406,296.3412552749622,1.6925900685755229,286.3121643066406,-0.008336309484533361,13.520915037415254,-0.008610344780815972,13.503565861143532,-0.043744405110677086,1.9740229657864143,0,-1.0,4360.579481765957,0,2,0,1,0,30.2,29.0,kandi/KAND,97.98854677976553,82.9,85.5,0.2513741508028329
11.129167080352127,2.9273036472368235,KAND,kandi,11.123456,2.954658,3054.257698556113,7079.457844,327.0,100.0,427.0,538.0,10,297.7126770019531,282.0149314235426,2.4238944445176838,287.7126770019531,-0.011652379119764834,12.413603295793168,-0.011259890825320511,12.440329641790816,0.0037516276041666668,0.15796974471968303,1,-1.0,-1.0,0,0,3,9,0,33.0,34.0,kandi/KAND,377.8714555243443,84.8,82.6,0.8645843012573792
11.1346742752467,2.930993626649144,KAND,kandi,11.123456,2.954658,2867.501459760649,7079.457844,327.0,100.0,427.0,538.0,10,293.4019775390625,295.7894753992328,2.667503965454771,283.4019775390625,-0.013874145811145553,13.174963989032651,-0.013519650413876488,13.301905492927792,0.0018122355143229167,0.08302089902156462,1,-1.0,-1.0,0,0,2,6,0,25.1,38.0,kandi/KAND,334.3661974542558,84.5,87.6,0.08685844148764732
11.139569764382635,2.9249662958955085,KAND,kandi,11.123456,2.954658,3700.9838187669084,7079.457844,327.0,100.0,427.0,538.0,10,291.0474853515625,298.9502160246426,2.1037661346531356,281.0474853515625,-0.011311625615169593,14.20565162455667,-0.011133324340624846,14.220756242365699,0.006889548415805035,0.2519849827081563,1,-1.0,-1.0,0,0,0,0,0,32.0,21.0,kandi/KAND,285.4340773278742,83.8,83.4,0.10920786383737424
11.134892479624778,2.9243572265454807,KAND,kandi,11.123456,2.954658,3543.553863829336,7079.457844,327.0,100.0,427.0,538.0,10,293.546630859375,291.0429495337801,2.1567903721420865,283.546630859375,-0.011142506318933824,13.599726150255384,-0.011085789998372397,13.617751748161826,-0.0011657714843749999,0.05942443815606226,1,-1.0,-1.0,0,0,1,3,0,30.0,38.0,kandi/KAND,261.51750763597073,84.7,80.0,0.7059715667450588
11.121233610337473,2.925897052209225,KAND,kandi,11.123456,2.954658,3151.51293107574,7079.457844,327.0,100.0,427.0,538.0,10,301.07427978515625,265.5000121900074,2.2881632887776964,291.07427978515625,-0.010141854915978772,10.204941043785581,-0.009829847505737054,10.242578325491136,0.00866486875805199,0.25172395319418156,1,-1.0,-1.0,0,0,0,0,0,31.0,31.0,kandi/KAND,386.05135929607223,87.2,80.5,0.4781382149209161
11.139677174227405,2.9318745093805703,KAND,kandi,11.123456,2.954658,3068.2081585830965,7079.457844,327.0,100.0,427.0,538.0,10,291.3379821777344,305.96766621257524,2.5317062197784534,281.3379821777344,-0.01398844836375872,13.683053572977029,-0.013500150160385738,13.73470027129005,-0.003016666606045847,0.18052409523758134,1,-1.0,-1.0,0,0,0,2,0,34.2,16.0,kandi/KAND,278.04558367284955,85.3,76.8,0.2477847263484677
11.132043117635554,2.9206889444778876,KAND,kandi,11.123456,2.954658,3830.4301283527907,7079.457844,327.0,100.0,427.0,538.0,10,298.7983703613281,284.45055521489627,1.916931296614319,288.7983703613281,-0.008956016088462249,12.564547542879517,-0.0086116618585432,12.52804382265585,0.013032684480489156,0.2736885837070672,1,-1.0,-1.0,0,0,1,3,0,26.8,36.0,kandi/KAND,211.21815475956797,85.7,86.0,0.35819852222112447
11.137899421347154,2.9142616925844558,KAND,kandi,11.123456,2.954658,4693.171481025047,7079.457844,327.0,100.0,427.0,538.0,10,297.235595703125,290.0255189353216,1.5838029610799333,287.235595703125,-0.007662374249436042,12.818487175784144,-0.007710154151516641,12.783555098262843,-0.011666615804036459,0.5225434116616844,0,-1.0,4307.560197012968,0,3,0,0,0,30.4,39.0,kandi/KAND,365.3384196878242,78.5,86.4,0.3878703547223713
11.134526698038323,2.9238729523324283,KAND,kandi,11.123456,2.954658,3578.975930779508,7079.457844,327.0,100.0,427.0,538.0,10,294.4132995605469,290.1311038091528,2.121608563229141,284.4132995605469,-0.01051977795279071,13.501351111779064,-0.010804270322446595,13.511974840475778,0.0006593093427442858,0.14758546415419363,1,-1.0,-1.0,0,0,1,8,0,30.0,38.0,kandi/KAND,261.51750763597073,84.7,80.0,0.4483789002278825
11.134827184619288,2.931596998767998,KAND,kandi,11.123456,2.954658,2815.7400459799683,7079.457844,327.0,100.0,427.0,538.0,10,293.41015625,296.6836762749331,2.716301533882818,283.41015625,-0.014131334589905186,13.047329032889287,-0.01384219095913917,13.198444322524805,0.003846560857025724,0.1200211970548904,0,-1.0,2759.3123897479045,0,6,0,8,0,33.4,16.0,kandi/KAND,334.3661974542558,87.6,84.5,0.7065072712336653
11.10995079245784,2.9347883896681273,KAND,kandi,11.123456,2.954658,2635.030303796802,7079.457844,327.0,100.0,427.0,538.0,10,329.390869140625,235.29200058375693,2.1214311389553595,319.390869140625,-0.0015456209895388982,2.9791418492622825,-0.001968103608397392,2.966912150458723,-0.02178182352969955,0.8622507541739635,1,-1.0,-1.0,0,0,0,10,0,31.0,43.0,kandi/KAND,352.26948019734937,86.1,82.3,0.9411905243962805
11.104584037122013,2.9264887988784185,KAND,kandi,11.123456,2.954658,3718.588322682377,7079.457844,327.0,100.0,427.0,538.0,10,321.8243408203125,235.67921499445973,1.6201081483012996,311.8243408203125,-0.003091676773563508,3.6247160218331316,-0.0032349110487878995,3.7022286791874897,-0.008076957408466775,0.1806051435278919,1,-1.0,-1.0,0,0,0,0,0,31.4,32.0,kandi/KAND,277.7596185553782,80.7,83.6,0.4609529743817783
11.118047626145046,2.924832964713221,KAND,kandi,11.123456,2.954658,3312.640096053447,7079.457844,327.0,100.0,427.0,538.0,10,303.2234191894531,259.5323589313366,2.139857583745777,293.2234191894531,-0.009039627395950638,9.547887845893088,-0.008753521674502211,9.622268139408096,0.002903238932291667,0.1775771225105046,1,-1.0,-1.0,0,0,1,1,0,33.2,27.0,kandi/KAND,116.63871176489182,78.9,88.5,0.003931949564655146
11.136021433404215,2.916534083025757,KAND,kandi,11.123456,2.954658,4390.45759711168,7079.457844,327.0,100.0,427.0,538.0,10,300.55633544921875,288.5715035892324,1.649642707499783,290.55633544921875,-0.007372363029845304,12.854514153315128,-0.007407021358955058,12.822695516199952,-0.000145787540914833,0.01043338601117285,1,-1.0,-1.0,0,0,0,0,0,30.4,39.0,kandi/KAND,348.5559072802526,82.8,87.5,0.11959945573029074
