Rx_lat,Rx_lon,Tx_id,City,Tx_lat,Tx_lon,Distance,Tx_power,Tx_alt,Tx_antenna_height,Tx_height,Freq,Rx_antenna_height,Rx_height,Azimut_Tx_Rx,Tilt_Tx_Rx,Rx_alt,Slope_Tx_Rx,Roughness_Tx_Rx,Slope_Tx_Rx_50m,Roughness_Tx_Rx_50m,Slope_Local_Rx_50m,Roughness_Local_Rx_50m,LOS,First_building_m,First_tree_m,Fresnel_buildings,Fresnel_trees,Buildings_near_Rx,Trees_near_Rx,Environment,Temp,Rhum,Wdir,Wspd,Pres,stratum,pair_dist,y_a,y_b,lam
6.379517995352794,2.354737715613487,ABCA,cotonou,6.4302,2.3471,5668.159060560549,21238.37353,17.0,150.0,167.0,570.0,10,12.798988580703735,171.48235923721586,1.5583346220508687,2.7989885807037354,-0.0021877010442541145,3.388526286472199,-0.0021613816732303425,3.3708689445237705,0.0010643959045410158,0.03912802313279144,1,-1.0,-1.0,0,0,0,8,1,32.0,41.0,10.0,11.2,1010.0,cotonou/ABCA,129.29475120989903,76.2,73.3,0.19463870785196757
6.379897272475826,2.3546293507211926,ABCA,cotonou,6.4302,2.3471,5624.89985755402,21238.37353,17.0,150.0,167.0,570.0,10,12.838192224502563,171.5390684915758,1.56991423668412,2.8381922245025635,-0.0021940751701382036,3.3861630546677906,-0.0024598836312183805,3.3684852877480687,-0.013347221608035833,0.06963278110434526,1,-1.0,-1.0,0,0,0,13,1,31.3,40.0,44.0,11.1,1009.1,cotonou/ABCA,129.29475120989903,73.3,76.2,0.4667210037270342
6.3839634294351315,2.3568659604766915,ABCA,cotonou,6.4302,2.3471,5226.109563493464,21238.37353,17.0,150.0,167.0,570.0,10,12.758829593658447,168.14527318876765,1.6905124914466518,2.7588295936584473,-0.002372180302937826,3.4311526121430984,-0.002411851648128394,3.421322993286363,-0.00276188055674235,0.13278454405121162,1,-1.0,-1.0,0,0,0,15,1,31.3,40.0,44.0,11.1,1009.1,cotonou/ABCA,340.0678431422958,81.1,79.4,0.04380376578722878
6.3803608002644445,2.352061267947313,ABCA,cotonou,6.4302,2.3471,5538.883283079806,21238.37353,17.0,150.0,167.0,570.0,10,13.068317174911499,174.35017065589886,1.5919032336113408,3.068317174911499,-0.0021811670316251347,3.5459674659226224,-0.0021251290027258017,3.527059459348856,0.004380812247594197,0.1959126598121657,1,-1.0,-1.0,0,0,0,11,1,32.0,41.0,10.0,11.2,1010.0,cotonou/ABCA,317.5550729640992,70.7,73.3,0.15428949206754783
6.380397813426727,2.3535735200062735,ABCA,cotonou,6.4302,2.3471,5553.896055293344,21238.37353,17.0,150.0,167.0,570.0,10,12.96747374534607,172.63931412808233,1.5886418891348728,2.9674737453460693,-0.00219449864493476,3.445872233288945,-0.0021595462758273363,3.4367507145280163,0.002713137202792698,0.10190685320361095,1,-1.0,-1.0,0,0,0,7,1,32.0,41.0,10.0,11.2,1010.0,cotonou/ABCA,317.5550729640992,70.7,73.3,0.6830489532424546
6.380367866649086,2.352349980234104,ABCA,cotonou,6.4302,2.3471,5541.362274452662,21238.37353,17.0,150.0,167.0,570.0,10,13.046741008758545,174.02286197491924,1.5914143619042762,3.046741008758545,-0.0021809232601111292,3.5206452861977606,-0.0021216752057406987,3.501896879492556,0.004204686482747396,0.16553434728152905,1,-1.0,-1.0,0,0,0,6,1,31.3,40.0,44.0,11.1,1009.1,cotonou/ABCA,317.5550729640992,73.3,70.7,0.7447621559078171
6.380383610900326,2.354490396885621,ABCA,cotonou,6.4302,2.3471,5569.437875840522,21238.37353,17.0,150.0,167.0,570.0,10,12.793106079101562,171.6130738380615,1.5860034001153815,2.7931060791015625,-0.0022255258332190787,3.403163357043711,-0.002194075170138203,3.3851429995116327,0.0006206055482228597,0.02910325262161498,1,-1.0,-1.0,0,0,0,2,1,32.0,41.0,10.0,11.2,1010.0,cotonou/ABCA,129.29475120989903,76.2,73.3,0.96750973243421
6.383921126196279,2.3560029744040976,ABCA,cotonou,6.4302,2.3471,5211.804496474478,21238.37353,17.0,150.0,167.0,570.0,10,13.26603078842163,169.1765678845784,1.6895787770348158,3.266030788421631,-0.0022779900446855184,3.467195418709795,-0.0023485526422977673,3.4489681181179694,-0.0037941560657938143,0.06734258903584281,1,-1.0,-1.0,0,0,0,15,1,31.3,40.0,44.0,11.1,1009.1,cotonou/ABCA,340.0678431422958,81.1,79.4,0.32582535813815194
6.383875568955905,2.3550736067004667,ABCA,cotonou,6.4302,2.3471,5198.321004560882,21238.37353,17.0,150.0,167.0,570.0,10,12.951696872711182,170.29303524842965,1.6974202324523835,2.9516968727111816,-0.0023488657684618483,3.5020220304498255,-0.0023260843559077173,3.4923832389847798,0.0009362384446829938,0.03990471972958182,1,-1.0,-1.0,0,0,0,14,1,31.3,40.0,44.0,11.1,1009.1,cotonou/ABCA,340.0678431422958,79.4,81.1,0.3704597060348689
6.379825902508629,2.354649742140392,ABCA,cotonou,6.4302,2.3471,5633.039671547901,21238.37353,17.0,150.0,167.0,570.0,10,12.903472185134888,171.5283308055822,1.566983332975991,2.9034721851348877,-0.0021776541758882204,3.4008982057849964,-0.002177857474276894,3.383064359176199,-0.0004355960422092015,0.04269731536073113,1,-1.0,-1.0,0,0,0,11,1,32.0,41.0,10.0,11.2,1010.0,cotonou/ABCA,129.29475120989903,76.2,73.3,0.4695558112758079
6.380151055072961,2.352222518921888,ABCA,cotonou,6.4302,2.3471,5563.753606848459,21238.37353,17.0,150.0,167.0,570.0,10,13.310178279876709,174.19205787640556,1.5823021701797428,3.310178279876709,-0.0020611163489424574,3.5137485820193026,-0.002076965950905009,3.4952396683679825,0.004012523094813029,0.20970378386921545,1,-1.0,-1.0,0,0,0,11,1,32.0,41.0,10.0,11.2,1010.0,cotonou/ABCA,371.72406814317804,70.7,76.2,0.1894713590842857
6.380861733118141,2.354409842387119,ABCA,cotonou,6.4302,2.3471,5515.827944290833,21238.37353,17.0,150.0,167.0,570.0,10,12.791569709777832,171.62395240908768,1.601426185610052,2.791569709777832,-0.002248235716627499,3.4215452186489466,-0.002225387660518484,3.4032115734965114,0.0005231587022322198,0.0190170859895281,1,-1.0,-1.0,0,0,1,5,1,31.3,40.0,44.0,11.1,1009.1,cotonou/ABCA,382.1302966248984,73.3,79.4,0.12992150533547164
6.379887210482627,2.3546322255763923,ABCA,cotonou,6.4302,2.3471,5626.047425509922,21238.37353,17.0,150.0,167.0,570.0,10,12.903472185134888,171.5375527736271,1.5689298612006701,2.9034721851348877,-0.002169545800063205,3.386182431127877,-0.002373057770950506,3.3684852877480687,-0.009222993245311803,0.06963278110434526,1,-1.0,-1.0,0,0,0,13,1,31.3,40.0,44.0,11.1,1009.1,cotonou/ABCA,129.29475120989903,73.3,76.2,0.47570492622593374
6.380165861529063,2.3545526109916963,ABCA,cotonou,6.4302,2.3471,5594.268821054795,21238.37353,17.0,150.0,167.0,570.0,10,12.838192224502563,171.57975792578748,1.5785058576496196,2.8381922245025635,-0.00219438230579853,3.3940418671302988,-0.002170953086234064,3.3761999291667038,0.0009342670440673828,0.04990053130129801,1,-1.0,-1.0,0,0,0,7,1,31.3,40.0,44.0,11.1,1009.1,cotonou/ABCA,129.29475120989903,73.3,76.2,0.2269093490508841
6.379669808325955,2.3546943404782983,ABCA,cotonou,6.4302,2.3471,5650.843059583338,21238.37353,17.0,150.0,167.0,570.0,10,12.732263565063477,171.50495404144272,1.5637835387442307,2.7322635650634766,-0.002272245191641033,3.391799153443961,-0.002172568056497509,3.382934883746995,-0.0001005995828481604,0.03820186543175349,1,-1.0,-1.0,0,0,0,12,1,31.3,40.0,44.0,11.1,1009.1,cotonou/ABCA,129.29475120989903,73.3,76.2,0.6698139946825103
6.379930389850863,2.3546198886140393,ABCA,cotonou,6.4302,2.3471,5621.122856903452,21238.37353,17.0,150.0,167.0,570.0,10,12.838192224502563,171.544061593346,1.5709685806070113,2.8381922245025635,-0.0021940751701382036,3.3861410842557316,-0.002157625326133032,3.3773053061204643,0.002065938953401975,0.06938036937675797,1,-1.0,-1.0,0,0,0,13,1,31.3,40.0,44.0,11.1,1009.1,cotonou/ABCA,129.29475120989903,73.3,76.2,0.43715191887233074
6.379475687894139,2.354267916663464,ABCA,cotonou,6.4302,2.3471,5665.277248660111,21238.37353,17.0,150.0,167.0,570.0,10,13.120643138885498,172.00586838404138,1.555876274148431,3.120643138885498,-0.0021282861765294283,3.3917027114035125,-0.0020718883414151705,3.3742756356152928,0.0034166723700117634,0.07895266782060882,1,-1.0,-1.0,0,0,0,16,1,32.0,41.0,10.0,11.2,1010.0,cotonou/ABCA,371.72406814317804,70.7,76.2,0.8326781960578374
6.380035278357102,2.352573156975633,ABCA,cotonou,6.4302,2.3471,5580.566162838077,21238.37353,17.0,150.0,167.0,570.0,10,13.27737808227539,173.81170488149064,1.5778740902988129,3.2773780822753906,-0.002137167988140415,3.501995932274804,-0.0020304738743303578,3.4837169130669037,0.0078080382121506016,0.22336729176881362,1,-1.0,-1.0,0,0,1,11,1,32.0,41.0,10.0,11.2,1010.0,cotonou/ABCA,371.72406814317804,76.2,70.7,0.7002651020022491
6.3803981343351035,2.3535866314056473,ABCA,cotonou,6.4302,2.3471,5554.048089003124,21238.37353,17.0,150.0,167.0,570.0,10,12.962517023086548,172.6245228321684,1.5886495191797256,2.962517023086548,-0.00220671580181816,3.4460958940629687,-0.0021595462758273363,3.4369744513851015,0.002713137202792698,0.10190685320361095,1,-1.0,-1.0,0,0,0,6,1,31.3,40.0,44.0,11.1,1009.1,cotonou/ABCA,317.5550729640992,73.3,70.7,0.31236664138204107
6.3804082581860975,2.3540002630319905,ABCA,cotonou,6.4302,2.3471,5559.036662210031,21238.37353,17.0,150.0,167.0,570.0,10,12.922895193099976,172.15831420011182,1.587632685232779,2.9228951930999756,-0.0021662882251758005,3.4232363905495453,-0.0021693199350752723,3.4141600667557124,0.002768946631169295,0.08767211009515989,1,-1.0,-1.0,0,0,0,3,1,32.0,41.0,10.0,11.2,1010.0,cotonou/ABCA,317.5550729640992,70.7,73.3,0.8322598013952011
6.379504997424628,2.3541791506568397,ABCA,cotonou,6.4302,2.3471,5660.700918252802,21238.37353,17.0,150.0,167.0,570.0,10,13.120643138885498,172.09910252697966,1.5571334859272528,3.120643138885498,-0.002123477349048878,3.39499425333408,-0.0020569084707708087,3.3775303709873548,0.004370390801036115,0.07895266782060882,1,-1.0,-1.0,0,0,0,16,1,32.0,41.0,10.0,11.2,1010.0,cotonou/ABCA,371.72406814317804,70.7,76.2,0.8047643574968019
6.382502573511298,2.3541492383246765,ABCA,cotonou,6.4302,2.3471,5332.104788626391,21238.37353,17.0,150.0,167.0,570.0,10,12.628208637237549,171.64442949951,1.6583286551460334,2.628208637237549,-0.0023418821729698086,3.4793139808432314,-0.0023079193045795485,3.4600381521762715,0.0031918713179530395,0.0941794406850113,1,-1.0,-1.0,0,0,1,10,1,31.3,40.0,44.0,11.1,1009.1,cotonou/ABCA,382.1302966248984,79.4,73.3,0.38747837903017446
6.379602744509127,2.353883116629502,ABCA,cotonou,6.4302,2.3471,5645.549001741049,21238.37353,17.0,150.0,167.0,570.0,10,13.24838137626648,172.4111216642375,1.560015129696855,3.2483813762664795,-0.0019757771081499002,3.4174187886468,-0.0020760798518559137,3.4086399106799656,0.0031266605756961204,0.09820969169664323,1,-1.0,-1.0,0,0,0,15,1,32.0,41.0,10.0,11.2,1010.0,cotonou/ABCA,371.72406814317804,76.2,70.7,0.2883281039302441
6.382740484713515,2.3541114524278535,ABCA,cotonou,6.4302,2.3471,5305.466183671125,21238.37353,17.0,150.0,167.0,570.0,10,12.462743520736694,171.64751610024177,1.6684358034960038,2.4627435207366943,-0.002395832607718567,3.48907282462543,-0.002322274032340235,3.4696392107421254,0.004277709001986239,0.12899318582889172,1,-1.0,-1.0,0,0,0,9,1,31.3,40.0,44.0,11.1,1009.1,cotonou/ABCA,382.1302966248984,73.3,79.4,0.6824955039749755
6.3802634772183575,2.354524720794755,ABCA,cotonou,6.4302,2.3471,5583.137026407061,21238.37353,17.0,150.0,167.0,570.0,10,12.793106079101562,171.594656611839,1.582113858603682,2.7931060791015625,-0.002213844938499192,3.3941301394717867,-0.0021777294593490716,3.3851827981453564,0.001544687705627391,0.04557981617722967,1,-1.0,-1.0,0,0,0,6,1,31.3,40.0,44.0,11.1,1009.1,cotonou/ABCA,129.29475120989903,73.3,76.2,0.1397524836093098
6.383940013769629,2.3563882809004264,ABCA,cotonou,6.4302,2.3471,5217.979915497191,21238.37353,17.0,150.0,167.0,570.0,10,12.953291177749634,168.71542944948806,1.691011375068916,2.953291177749634,-0.0023523969198150636,3.46279350441522,-0.002318197850025061,3.4441483126135544,-0.001330126656426324,0.05520782720110872,1,-1.0,-1.0,0,0,0,16,1,31.3,40.0,44.0,11.1,1009.1,cotonou/ABCA,340.0678431422958,81.1,79.4,0.19990820247510832
6.380350515358883,2.3516410560914878,ABCA,cotonou,6.4302,2.3471,5535.602726153403,21238.37353,17.0,150.0,167.0,570.0,10,13.076376914978027,174.8270482913025,1.5927627980640555,3.0763769149780273,-0.002146877804481599,3.581923238546833,-0.002125877662563494,3.5628090936058303,0.004746818542480468,0.2246873149111967,0,5435.762196022379,-1.0,3,0,0,14,1,32.0,41.0,10.0,11.2,1010.0,cotonou/ABCA,317.5550729640992,70.7,73.3,0.007362269751005512
6.380364915293574,2.352229396280344,ABCA,cotonou,6.4302,2.3471,5540.30462450288,21238.37353,17.0,150.0,167.0,570.0,10,13.046741008758545,174.1595310708875,1.59171800829993,3.046741008758545,-0.002179096180820923,3.5232275227942416,-0.0021216752057406987,3.5044562815267932,0.004204686482747396,0.16553434728152905,1,-1.0,-1.0,0,0,0,9,1,31.3,40.0,44.0,11.1,1009.1,cotonou/ABCA,317.5550729640992,73.3,70.7,0.7869243775021384
6.379651906600579,2.353734225723963,ABCA,cotonou,6.4302,2.3471,5637.992660721388,21238.37353,17.0,150.0,167.0,570.0,10,13.240586280822754,172.5686814695506,1.562184068976736,3.240586280822754,-0.0021227287062516443,3.427338068035445,-0.002038878967327035,3.4097802856403816,0.003895330994390845,0.10268729320687128,1,-1.0,-1.0,0,0,0,16,1,32.0,41.0,10.0,11.2,1010.0,cotonou/ABCA,371.72406814317804,70.7,76.2,0.6648508565920321
6.380399361576504,2.3536367729828713,ABCA,cotonou,6.4302,2.3471,5554.632965276908,21238.37353,17.0,150.0,167.0,570.0,10,12.962517023086548,172.56796424660183,1.5884823276945692,2.962517023086548,-0.002195386946414961,3.4454032506306205,-0.0021595462758273363,3.43628864425301,0.0026482052273220486,0.1002520574719863,1,-1.0,-1.0,0,0,0,7,1,32.0,41.0,10.0,11.2,1010.0,cotonou/ABCA,317.5550729640992,70.7,73.3,0.7051653786263351
6.380404651032172,2.353852885028723,ABCA,cotonou,6.4302,2.3471,5557.216499097603,21238.37353,17.0,150.0,167.0,570.0,10,12.962517023086548,172.32433072933213,1.5877442249634015,2.962517023086548,-0.0021101985162462022,3.445517942256385,-0.002167783601478063,3.4363625769211157,0.003170432920281929,0.09653340836553226,1,-1.0,-1.0,0,0,0,5,1,32.0,41.0,10.0,11.2,1010.0,cotonou/ABCA,317.5550729640992,70.7,73.3,0.7807290310219679
6.383888837366331,2.3553442822731476,ABCA,cotonou,6.4302,2.3471,5202.041407507177,21238.37353,17.0,150.0,167.0,570.0,10,13.133420467376709,169.9672867475789,1.694207209215172,3.133420467376709,-0.002314052819292207,3.466024302303582,-0.0022925148407618202,3.4472868656115083,0.0004991273085276286,0.03022214848842163,1,-1.0,-1.0,0,0,0,14,1,31.3,40.0,44.0,11.1,1009.1,cotonou/ABCA,340.0678431422958,79.4,81.1,0.45891577553833995
6.379936990139467,2.354618002817295,ABCA,cotonou,6.4302,2.3471,5620.370106327709,21238.37353,17.0,150.0,167.0,570.0,10,12.838192224502563,171.54505751954412,1.571178878999405,2.8381922245025635,-0.0021940751701382036,3.3861410842557316,-0.002157272978475484,3.3773053061204643,0.0020881368558275065,0.06938036937675797,1,-1.0,-1.0,0,0,0,15,1,32.0,41.0,10.0,11.2,1010.0,cotonou/ABCA,129.29475120989903,76.2,73.3,0.5687411959528937
6.380203213151966,2.352064554454046,ABCA,cotonou,6.4302,2.3471,5556.260956596574,21238.37353,17.0,150.0,167.0,570.0,10,13.068317174911499,174.36415531025705,1.5869269722037895,3.068317174911499,-0.002176426345729486,3.536254936129522,-0.002080735239826079,3.526865466739974,0.005807400433972315,0.18957277116246385,1,-1.0,-1.0,0,0,0,12,1,32.0,41.0,10.0,11.2,1010.0,cotonou/ABCA,371.72406814317804,70.7,76.2,0.13979699812765745
6.380411982894852,2.3541524439896873,ABCA,cotonou,6.4302,2.3471,5560.965713414817,21238.37353,17.0,150.0,167.0,570.0,10,12.879146099090576,171.98700103463125,1.5875326409148125,2.879146099090576,-0.002195532147068856,3.418464966828633,-0.002186165018251157,3.4093834054930867,0.0017189364465391755,0.055594349388811366,1,-1.0,-1.0,0,0,0,2,1,31.3,40.0,44.0,11.1,1009.1,cotonou/ABCA,317.5550729640992,73.3,70.7,0.11453007353597344
6.380048611317205,2.3545861110522273,ABCA,cotonou,6.4302,2.3471,5607.6401807769125,21238.37353,17.0,150.0,167.0,570.0,10,12.838192224502563,171.5619406625599,1.5747438243217158,2.8381922245025635,-0.002204483487592051,3.394812908255039,-0.00214621134559941,3.3770037196602907,0.002785019727020123,0.06938036937675797,1,-1.0,-1.0,0,0,0,14,1,32.0,41.0,10.0,11.2,1010.0,cotonou/ABCA,129.29475120989903,76.2,73.3,0.6684029617904717
6.38038702326557,2.3531326648504307,ABCA,cotonou,6.4302,2.3471,5549.002520966487,21238.37353,17.0,150.0,167.0,570.0,10,12.98811149597168,173.1371049457839,1.5898292266468725,2.9881114959716797,-0.0021998972992413376,3.480185646294965,-0.0021431231456219405,3.4616810682488133,0.003846473164028591,0.14619090035316432,1,-1.0,-1.0,0,0,0,2,1,31.3,40.0,44.0,11.1,1009.1,cotonou/ABCA,317.5550729640992,73.3,70.7,0.4710962061431325
6.3803804334725465,2.352863424735464,ABCA,cotonou,6.4302,2.3471,5546.22288110652,21238.37353,17.0,150.0,167.0,570.0,10,12.997619390487671,173.4415282862833,1.5905274568827363,2.997619390487671,-0.0021940958098022566,3.4812190351572805,-0.0021364743696814553,3.4627002174832024,0.004370080100165473,0.16612785599126398,1,-1.0,-1.0,0,0,0,1,1,31.3,40.0,44.0,11.1,1009.1,cotonou/ABCA,317.5550729640992,73.3,70.7,0.5652361064811888
6.3839347498286125,2.3562808965036934,ABCA,cotonou,6.4302,2.3471,5216.224473758605,21238.37353,17.0,150.0,167.0,570.0,10,13.170172929763794,168.8438397912994,1.6891999406740292,3.170172929763794,-0.0023036450736346786,3.4619498066282652,-0.0023740413114981262,3.4434852827088247,-0.004606276396179484,0.09691224576449366,1,-1.0,-1.0,0,0,0,16,1,31.3,40.0,44.0,11.1,1009.1,cotonou/ABCA,340.0678431422958,79.4,81.1,0.7649988574160256
6.383874792252,2.3550577619407984,ABCA,cotonou,6.4302,2.3471,5198.108495029577,21238.37353,17.0,150.0,167.0,570.0,10,12.951696872711182,170.31211792349677,1.6974895859375025,2.9516968727111816,-0.0023488657684618483,3.5017915692016572,-0.0023261078853129263,3.492153550287869,0.0009348658960458041,0.03990471972958182,1,-1.0,-1.0,0,0,0,15,1,31.3,40.0,44.0,11.1,1009.1,cotonou/ABCA,340.0678431422958,81.1,79.4,0.6347183200005908
6.379881258370691,2.3530396175059076,ABCA,cotonou,6.4302,2.3471,5603.315649858241,21238.37353,17.0,150.0,167.0,570.0,10,13.365445137023926,173.30927227791813,1.5705712948403217,3.365445137023926,-0.002101969913979171,3.460149220294598,-0.002056545134784894,3.442306609163395,0.0036112255520290796,0.13695719588039762,1,-1.0,-1.0,0,0,1,11,1,32.0,41.0,10.0,11.2,1010.0,cotonou/ABCA,371.72406814317804,76.2,70.7,0.5535794006579958
6.379793687979965,2.3546589462914387,ABCA,cotonou,6.4302,2.3471,5636.713835281693,21238.37353,17.0,150.0,167.0,570.0,10,12.903472185134888,171.5234942497326,1.5659624392682643,2.9034721851348877,-0.002180084326455517,3.400822491631216,-0.002177857474276894,3.3829898483338625,-0.0004355960422092015,0.04269731536073113,1,-1.0,-1.0,0,0,0,11,1,31.3,40.0,44.0,11.1,1009.1,cotonou/ABCA,129.29475120989903,73.3,76.2,0.5592071607454135
6.38007957589017,2.3545772640313802,ABCA,cotonou,6.4302,2.3471,5604.108889165782,21238.37353,17.0,150.0,167.0,570.0,10,12.838192224502563,171.56663775993252,1.5757356103666664,2.8381922245025635,-0.002202996545642912,3.3941203351449776,-0.002170953086234064,3.3762846808345337,0.0012262900670369466,0.04671526901704233,1,-1.0,-1.0,0,0,0,10,1,31.3,40.0,44.0,11.1,1009.1,cotonou/ABCA,129.29475120989903,73.3,76.2,0.3039500980626122
6.383715219362469,2.353956641630667,ABCA,cotonou,6.4302,2.3471,5196.32659205947,21238.37353,17.0,150.0,167.0,570.0,10,12.196823358535767,171.66049204838464,1.7063873894446333,2.1968233585357666,-0.0024934775527866407,3.5184348055723973,-0.002462491398765927,3.5085012474890216,0.0016925017038981118,0.06422777291371239,1,-1.0,-1.0,0,0,1,6,1,31.3,40.0,44.0,11.1,1009.1,cotonou/ABCA,382.1302966248984,79.4,73.3,0.030817834567939406
6.37978912347594,2.3546602504354457,ABCA,cotonou,6.4302,2.3471,5637.234433960443,21238.37353,17.0,150.0,167.0,570.0,10,12.903472185134888,171.522809463719,1.565817894612953,2.9034721851348877,-0.002180371675412554,3.400822491631216,-0.002177857474276894,3.3829898483338625,-0.0004355960422092015,0.04269731536073113,1,-1.0,-1.0,0,0,0,12,1,32.0,41.0,10.0,11.2,1010.0,cotonou/ABCA,129.29475120989903,76.2,73.3,0.43671738923236236
6.381149587887586,2.3543641242766777,ABCA,cotonou,6.4302,2.3471,5483.59710130015,21238.37353,17.0,150.0,167.0,570.0,10,12.748028755187988,171.6274456292772,1.611288497018815,2.7480287551879883,-0.0022693441052973186,3.430843763318967,-0.0022381517388848395,3.4123648829790136,0.0006551138821851101,0.026318560294710764,1,-1.0,-1.0,0,0,2,10,1,31.3,40.0,44.0,11.1,1009.1,cotonou/ABCA,382.1302966248984,73.3,79.4,0.2145846728195292
6.380378597005061,2.3527883919210524,ABCA,cotonou,6.4302,2.3471,5545.4765150791645,21238.37353,17.0,150.0,167.0,570.0,10,12.997619390487671,173.52641877426151,1.5907414160898306,2.997619390487671,-0.0021929475602545045,3.4849328428295543,-0.0021364743696814558,3.4663847622538255,0.004370080100165473,0.16612785599126398,1,-1.0,-1.0,0,0,0,1,1,32.0,41.0,10.0,11.2,1010.0,cotonou/ABCA,317.5550729640992,70.7,73.3,0.40852864372463615
6.380360261784872,2.3520392672104533,ABCA,cotonou,6.4302,2.3471,5538.70188820394,21238.37353,17.0,150.0,167.0,570.0,10,13.068317174911499,174.37512419200175,1.5919553423011008,3.068317174911499,-0.002180992216772563,3.546643843784881,-0.0021251290027258017,3.5277318089232303,0.004380812247594197,0.1959126598121657,1,-1.0,-1.0,0,0,0,11,1,31.3,40.0,44.0,11.1,1009.1,cotonou/ABCA,317.5550729640992,73.3,70.7,0.8534030732681661
6.38393490907712,2.356284145173252,ABCA,cotonou,6.4302,2.3471,5216.2771914782825,21238.37353,17.0,150.0,167.0,570.0,10,13.170172929763794,168.8399537865397,1.6891828788550682,3.170172929763794,-0.002303684325775112,3.4621734584582717,-0.0023737064520278415,3.443709852391694,-0.0045866313072561,0.09691224576449366,1,-1.0,-1.0,0,0,0,16,1,31.3,40.0,44.0,11.1,1009.1,cotonou/ABCA,340.0678431422958,81.1,79.4,0.23393948586534075
6.380354700929308,2.3544986568773405,ABCA,cotonou,6.4302,2.3471,5572.73450032413,21238.37353,17.0,150.0,167.0,570.0,10,12.793106079101562,171.60863349372062,1.5850656576852766,2.7931060791015625,-0.0022256102536736344,3.403163357043711,-0.002194075170138203,3.3851429995116327,0.0005203564961751302,0.022987846822466025,1,-1.0,-1.0,0,0,0,2,1,31.3,40.0,44.0,11.1,1009.1,cotonou/ABCA,129.29475120989903,73.3,76.2,0.05830274168906602
6.364185348294281,2.3737265534841976,COTO,cotonou,6.352268,2.402957,3492.2611447741538,21238.37353,9.0,100.0,109.0,570.0,10,11.785430431365967,292.3063608407907,1.594538965485173,1.7854304313659668,-0.0005474532771314311,1.1988172552144365,-0.0005438633993560193,1.220723984237316,-0.0010071257750193278,0.045231752292215814,1,-1.0,-1.0,0,0,4,4,1,31.0,63.0,180.0,9.4,1011.0,cotonou/COTO,344.695661852635,60.5,62.4,0.11847857721704136
6.377791032382225,2.3647839503104335,COTO,cotonou,6.352268,2.402957,5079.734096478587,21238.37353,9.0,100.0,109.0,570.0,10,13.094216108322144,303.93324150146606,1.0816203707501084,3.0942161083221436,-0.00012015202466179344,1.1855918652958333,-0.0001230994857320014,1.1821573614298635,-6.910030979808096e-05,0.028167412267668168,1,-1.0,-1.0,0,0,2,3,1,30.7,55.0,293.0,13.0,1011.4,cotonou/COTO,325.9584504197963,66.5,64.2,0.8505336791907826
6.381402031308215,2.3643739133862653,COTO,cotonou,6.352268,2.402957,5348.1356929722215,21238.37353,9.0,100.0,109.0,570.0,10,13.357852220535278,307.22915017785925,1.0245266128034658,3.3578522205352783,-0.00013178108042752359,1.103123182898256,-7.476530957867965e-05,1.1001862621403162,-0.0005600255328981346,0.052282416160825566,0,-1.0,5058.7576093845455,0,1,6,8,1,31.8,31.0,20.0,11.2,1010.9,cotonou/COTO,367.6178566119935,78.2,55.8,0.6370738839912076
6.361740072671296,2.404395615664333,COTO,cotonou,6.352268,2.402957,1059.5203454816651,21238.37353,9.0,100.0,109.0,570.0,10,15.274956703186035,8.583679129355005,5.055219269392756,5.274956703186035,0.00145181969360069,0.450880266135496,0.0014571417490297784,0.46044122876880067,0.0013989633132088996,0.04458053614170212,1,-1.0,-1.0,0,0,4,3,1,31.6,70.0,230.0,16.6,1013.0,cotonou/COTO,273.96095269222405,64.4,66.4,0.12192167833511258
6.37803351488002,2.374731769019994,COTO,cotonou,6.352268,2.402957,4227.359080106218,21238.37353,9.0,100.0,109.0,570.0,10,11.771234154701233,312.56954043031146,1.3175639516097286,1.771234154701233,-0.0004572531993594445,1.1561822894178633,-0.0004463096376698284,1.1591534259244944,0.0003451834767701554,0.0074807552058830514,1,-1.0,-1.0,0,0,0,1,1,31.0,63.0,200.0,16.6,1007.0,cotonou/COTO,74.10445128334986,81.4,85.6,0.5882579999692207
6.368040946306138,2.39136785014378,COTO,cotonou,6.352268,2.402957,2164.8640397937647,21238.37353,9.0,100.0,109.0,570.0,10,12.785276651382446,323.862738303068,2.544765915732001,2.7852766513824463,-0.0007444078745791351,0.5513521082318986,-0.0005040914427143935,0.5694524066706206,-0.0034452897047596714,0.11050488104553952,1,-1.0,-1.0,0,0,4,10,1,32.0,63.0,210.0,16.6,1010.0,cotonou/COTO,256.496478923207,61.2,70.8,0.6860963651054488
6.370799227014417,2.3608926903200333,COTO,cotonou,6.352268,2.402957,5085.161916566869,21238.37353,9.0,100.0,109.0,570.0,10,12.949882507324219,293.908822188002,1.0820918037207188,2.9498825073242188,-0.00013828431079675855,1.4425375202296278,-0.00012817373571469802,1.4342057560233132,0.0017735083897908528,0.08496181509807138,1,-1.0,-1.0,0,0,2,2,1,32.0,71.0,220.0,18.4,1009.0,cotonou/COTO,394.064070171349,73.3,78.0,0.012302685888602838
6.361991426894368,2.362030288035828,COTO,cotonou,6.352268,2.402957,4654.036571618769,21238.37353,9.0,100.0,109.0,570.0,10,11.775235891342163,283.44659405924176,1.196758646879306,1.775235891342163,-0.00041276827836648014,1.1757475158548518,-0.0004156717088726602,1.182487388721093,-0.00031917105199457627,0.009535032179391171,1,-1.0,-1.0,0,0,2,3,1,29.0,75.0,200.0,13.0,1010.0,cotonou/COTO,358.1586621876183,61.2,60.2,0.45431796184174655
6.354719688851311,2.375035715736046,COTO,cotonou,6.352268,2.402957,3101.0945155794866,21238.37353,9.0,100.0,109.0,570.0,10,14.496220588684082,275.05050610688363,1.7455103161899534,4.496220588684082,0.0002529580623675616,0.4197184787772146,0.0002866391865712292,0.4159718552051439,0.00241243839263916,0.10742665190575829,1,-1.0,-1.0,0,0,3,0,1,33.0,63.0,210.0,13.0,1009.0,cotonou/COTO,267.64813860748006,78.1,56.3,0.8253995111963212
6.363902363406242,2.370401013142694,COTO,cotonou,6.352268,2.402957,3824.8655380643095,21238.37353,9.0,100.0,109.0,570.0,10,11.65257203578949,289.77919340029507,1.4579317519939172,1.6525720357894897,-0.0005453575188227045,1.1659574249677185,-0.0005335118831732333,1.190417045955106,-0.0008638530969619751,0.039444497247242374,1,-1.0,-1.0,0,0,0,7,1,30.0,55.0,310.0,7.6,1013.0,cotonou/COTO,213.77228304903036,59.4,66.8,0.29535902534408986
6.372339147393949,2.403384220299139,COTO,cotonou,6.352268,2.402957,2220.1295039427455,21238.37353,9.0,100.0,109.0,570.0,10,12.512105703353882,1.2118419690738733,2.4885360847643323,2.512105703353882,-0.0005388597073603533,0.7178463881543728,-0.0005862221370879978,0.762096260186115,-0.002280627325394318,0.06426250853719766,1,-1.0,-1.0,0,0,0,0,1,32.0,75.0,200.0,20.5,1010.0,cotonou/COTO,331.4609434005665,86.5,75.5,0.4585480817985511
6.368530948604593,2.3916457618951426,COTO,cotonou,6.352268,2.402957,2191.051651451928,21238.37353,9.0,100.0,109.0,570.0,10,12.740995645523071,325.34681457916787,2.5155456696709884,2.7409956455230713,-0.0004351332380964949,0.5429027939767999,-0.0005697729694975665,0.5715294361475816,-0.0035110376977256197,0.11696676346903613,1,-1.0,-1.0,0,0,3,11,1,32.0,63.0,210.0,16.6,1010.0,cotonou/COTO,256.496478923207,61.2,70.8,0.4423141270678932
6.362727558943519,2.365013875382313,COTO,cotonou,6.352268,2.402957,4354.447782293145,21238.37353,9.0,100.0,109.0,570.0,10,11.563383936882019,285.50451197600614,1.2818560869789586,1.563383936882019,-0.0004894081043870483,1.181950368370956,-0.0004788626165015197,1.1914937381660307,0.00012633228199561102,0.01015623673974049,1,-1.0,-1.0,0,0,3,8,1,33.0,39.0,280.0,7.6,1012.0,cotonou/COTO,239.71117558433022,63.0,60.2,0.3019273914424916
6.361344996927323,2.3651181192816457,COTO,cotonou,6.352268,2.402957,4305.139967130547,21238.37353,9.0,100.0,109.0,570.0,10,11.842477321624756,283.5719958375,1.2928200420167084,1.8424773216247559,-0.0004524935911292009,1.0902743084204214,-0.0004147391454148406,1.1082233451764656,-0.0002939208503103482,0.039612287743964,0,-1.0,3830.6255418957167,0,5,3,1,1,33.0,39.0,280.0,7.6,1012.0,cotonou/COTO,169.65942414145263,63.0,61.3,0.9184418955155542
6.348427482385827,2.3800541844781455,COTO,cotonou,6.352268,2.402957,2569.3360522805547,21238.37353,9.0,100.0,109.0,570.0,10,10.270606219768524,260.4243571867057,2.200566891926511,0.27060621976852417,-0.0013319322536158008,0.8735323041085054,-0.0013016610660336234,1.0078360642381008,-0.008604290584723154,0.4130059480667114,1,-1.0,-1.0,0,0,0,0,1,33.0,63.0,200.0,11.2,1008.0,cotonou/COTO,310.65923598055264,66.5,55.9,0.7812940354315159
6.355013999402613,2.3735265882616496,COTO,cotonou,6.352268,2.402957,3270.3187056077013,21238.37353,9.0,100.0,109.0,570.0,10,14.7260160446167,275.364920032132,1.6512170236522994,4.726016044616699,0.00031200002285628863,0.4139666871870948,0.0003129100656366206,0.4111635994296911,0.0007455348968505859,0.027393932722976508,1,-1.0,-1.0,0,0,0,12,1,29.6,72.0,220.0,14.8,1010.1,cotonou/COTO,377.7671008703886,61.8,74.7,0.1105884109961105
6.363629792426048,2.3875299474900693,COTO,cotonou,6.352268,2.402957,2119.441825116238,21238.37353,9.0,100.0,109.0,570.0,10,12.750686168670654,306.54088237678764,2.600162506895112,2.7506861686706543,-0.0004875263033083047,0.8489834906696208,-0.0005206826498561939,0.8692995699792226,-0.0020565110306722516,0.055031019309932185,1,-1.0,-1.0,0,0,2,12,1,31.9,70.0,220.0,18.4,1008.0,cotonou/COTO,376.3702126895599,62.4,66.2,0.9970346578375731
6.363457320020661,2.38400866402844,COTO,cotonou,6.352268,2.402957,2434.377620172686,21238.37353,9.0,100.0,109.0,570.0,10,12.839801549911499,300.7186306380234,2.262060983903151,2.839801549911499,-0.0003525162130836549,0.9128227955228347,-0.0004520894054428163,0.9290939475282604,-0.0029851675033569333,0.13184332180518907,1,-1.0,-1.0,0,0,3,12,1,31.7,62.0,220.0,11.2,1010.7,cotonou/COTO,160.52457568861385,54.4,62.4,0.8792000243077452
6.38329750597834,2.3732528151710195,COTO,cotonou,6.352268,2.402957,4751.365289871985,21238.37353,9.0,100.0,109.0,570.0,10,12.79052996635437,316.4288459578356,1.160012553098789,2.79052996635437,-0.00017139055307034367,1.1257814904471626,-0.0001827040637305734,1.1222818518356574,0.0009666584609807453,0.05236842350154298,1,-1.0,-1.0,0,0,0,10,1,34.0,32.0,222.0,5.4,1009.0,cotonou/COTO,268.94546398849457,64.4,53.4,0.28390843786403896
6.384943475863186,2.3728521447398645,COTO,cotonou,6.352268,2.402957,4914.37994906631,21238.37353,9.0,100.0,109.0,570.0,10,12.74147367477417,317.5231062425339,1.12211554816954,2.74147367477417,-0.00019822074524362965,1.0841961065798258,-0.00020224779963972097,1.0781462938486701,-0.0007987658182779947,0.03033424576422302,0,-1.0,4825.743837760504,0,2,0,3,1,31.0,59.0,170.0,13.0,1007.0,cotonou/COTO,348.5682791075882,70.2,62.5,0.8368965796609382
6.3501206934931265,2.4131913526262925,COTO,cotonou,6.352268,2.402957,1156.9689403197372,21238.37353,9.0,100.0,109.0,570.0,10,14.77070665359497,101.92007280381574,4.6561755885213785,4.770706653594971,0.000874207810056977,0.2936786052284365,0.0008662807263009917,0.3141740547534437,0.0022621711095174154,0.1148612513524567,1,-1.0,-1.0,0,0,0,5,1,30.0,75.0,180.0,20.5,1011.0,cotonou/COTO,285.3045504368927,75.1,58.1,0.10641953187138287
6.3567383616567685,2.403371360809679,COTO,cotonou,6.352268,2.402957,496.4889642214205,21238.37353,9.0,100.0,109.0,570.0,10,14.618048667907715,5.263277219018107,10.763430022275374,4.618048667907715,0.0015752231948482527,0.4610574016384219,0.0015148928290919256,0.44238795122534147,-0.0018528938293457032,0.09263703424686649,1,-1.0,-1.0,0,0,0,10,1,31.4,69.0,240.0,16.6,1010.7,cotonou/COTO,264.0610446469,65.4,68.1,0.9991047304742386
6.345870382952919,2.400046789728905,COTO,cotonou,6.352268,2.402957,777.3233568793905,21238.37353,9.0,100.0,109.0,570.0,10,11.876893758773804,204.32787302460295,7.121945432148625,1.8768937587738037,-0.0023462790709275465,0.6136538742384894,-0.002662401356505497,0.7017099603551434,-0.004514660712679234,0.10657205707454812,1,-1.0,-1.0,0,0,0,7,1,31.0,71.0,180.0,18.4,1010.0,cotonou/COTO,393.11085268658167,69.1,75.8,0.6656847361065369
6.365483002500311,2.3705082900360965,COTO,cotonou,6.352268,2.402957,3876.1514501250786,21238.37353,9.0,100.0,109.0,570.0,10,11.50969135761261,292.2845980280797,1.440760484447493,1.5096913576126099,-0.000563410276021713,1.3293772774434724,-0.0005668479158348914,1.3385872676525072,-0.0005269942004345128,0.01845902853983807,1,-1.0,-1.0,0,0,0,2,1,30.0,55.0,310.0,7.6,1013.0,cotonou/COTO,257.5295687877015,62.5,62.4,0.650125015558797
6.360235964597238,2.3730375214250476,COTO,cotonou,6.352268,2.402957,3425.553294972934,21238.37353,9.0,100.0,109.0,570.0,10,13.046909809112549,285.0022786654912,1.6044911410512148,3.046909809112549,-0.00012579307239956675,0.8698594409642849,-0.00020425838711110795,0.8739090942841291,-0.0002716137566194732,0.008006474433116289,0,3315.715914773401,-1.0,5,0,4,12,1,32.0,63.0,220.0,13.0,1010.0,cotonou/COTO,370.9625978450856,62.1,53.0,0.09044072698413275
6.361185689784025,2.4062472954815064,COTO,cotonou,6.352268,2.402957,1051.2329367487823,21238.37353,9.0,100.0,109.0,570.0,10,14.932105541229248,20.137517787970978,5.113401874522881,4.932105541229248,0.0006349959153467792,0.4535071497141128,0.0011003745568765174,0.449782989055494,0.0005299939049614801,0.02485872487115371,1,-1.0,-1.0,0,0,4,8,1,31.0,75.0,210.0,18.4,1008.0,cotonou/COTO,320.01321175851473,66.4,70.5,0.8970333988966253
6.365456080238462,2.368946640914104,COTO,cotonou,6.352268,2.402957,4035.628988898605,21238.37353,9.0,100.0,109.0,570.0,10,11.49600875377655,291.31597083905996,1.3840421254302568,1.4960087537765503,-0.0005459216494619111,1.3270618762868176,-0.0005447540840093237,1.3442281431835719,-0.00025481184323628746,0.013958868758579065,1,-1.0,-1.0,0,0,1,3,1,30.0,55.0,310.0,7.6,1013.0,cotonou/COTO,211.07519039432174,62.5,58.0,0.028999503204469423
6.3493345152439655,2.3805840828058042,COTO,cotonou,6.352268,2.402957,2496.526450777414,21238.37353,9.0,100.0,109.0,570.0,10,12.584008932113647,262.4857628837994,2.2116670706664006,2.5840089321136475,-0.00044562797697763587,0.54824769404443,-0.00039056566682519955,0.5626360531066961,0.0007209528724342333,0.043073799207008816,1,-1.0,-1.0,0,0,0,3,1,32.0,71.0,200.0,18.4,1008.0,cotonou/COTO,145.83304872345087,75.4,55.9,0.24082805804114704
6.379508489062417,2.36301823537466,COTO,cotonou,6.352268,2.402957,5347.911558992262,21238.37353,9.0,100.0,109.0,570.0,10,12.291919708251953,304.46355274030464,1.0359859030452692,2.291919708251953,-0.0002635142878669156,1.1467570362006978,-0.0003342283811234937,1.1472827141046804,-0.00616373314762881,0.19080254026806426,0,5047.828345261233,4769.179646796706,4,11,2,10,1,31.8,31.0,20.0,11.2,1010.9,cotonou/COTO,233.1422818794881,78.2,78.1,0.143021875166635
6.352166353326853,2.3738676058151564,COTO,cotonou,6.352268,2.402957,3218.487136094523,21238.37353,9.0,100.0,109.0,570.0,10,13.97764277458191,269.80016543878145,1.691104776534708,3.977642774581909,8.353436434710468e-05,0.37306367598574053,4.6054076878519694e-05,0.37548710723875717,-0.0023058682221890124,0.07790726470310956,1,-1.0,-1.0,0,0,0,5,1,33.0,63.0,210.0,13.0,1009.0,cotonou/COTO,135.44729233169025,78.1,74.7,0.7767679406922186
6.365085138029062,2.367524695778072,COTO,cotonou,6.352268,2.402957,4168.580454242079,21238.37353,9.0,100.0,109.0,570.0,10,11.478045463562012,290.0022076009502,1.3401630195055685,1.4780454635620117,-0.0005345889769869857,1.295002722500496,-0.000531059201119216,1.312579231850061,-0.00022443767178717558,0.004843107491675358,1,-1.0,-1.0,0,0,3,4,1,30.1,50.0,198.0,11.1,1009.1,cotonou/COTO,211.07519039432174,58.0,62.5,0.19820422721289788
6.3798933616731235,2.37191370191685,COTO,cotonou,6.352268,2.402957,4596.67228944257,21238.37353,9.0,100.0,109.0,570.0,10,11.954633474349976,311.8435947583813,1.2094540751304508,1.9546334743499756,-0.0003792982596855659,1.1567862972612324,-0.00032774524262647474,1.1547955648006363,0.002614734445940786,0.0850847542399474,1,-1.0,-1.0,0,0,0,2,1,30.7,55.0,293.0,13.0,1011.4,cotonou/COTO,333.8960444509769,66.5,78.2,0.9106382271308853
6.354050684783489,2.3746247154878115,COTO,cotonou,6.352268,2.402957,3140.8878784733183,21238.37353,9.0,100.0,109.0,570.0,10,14.334131717681885,273.6240952508635,1.7263631906251815,4.334131717681885,0.00020534922376483477,0.4003547075708766,0.00019755207489584095,0.39707236866334444,0.0005034923553466796,0.018829280698734824,1,-1.0,-1.0,0,0,5,6,1,33.0,63.0,210.0,13.0,1009.0,cotonou/COTO,384.84357926308275,74.7,56.3,0.6562690393274901
6.3604004269872005,2.372960989421798,COTO,cotonou,6.352268,2.402957,3438.4482201317837,21238.37353,9.0,100.0,109.0,570.0,10,13.01735258102417,285.2603335867342,1.5989692162013054,3.01735258102417,-0.00020621225899683783,0.8779956035700532,-0.00016789408203947236,0.8846952521232088,0.0005444112265915685,0.019152488700765205,0,3321.3066976022437,-1.0,1,0,3,12,1,32.0,63.0,220.0,13.0,1010.0,cotonou/COTO,370.9625978450856,62.1,53.0,0.036162710494696215
6.3520084614360375,2.3736591855248808,COTO,cotonou,6.352268,2.402957,3241.6548085655068,21238.37353,9.0,100.0,109.0,570.0,10,13.900843620300293,269.4909367001917,1.6803818680015468,3.900843620300293,5.928201412935864e-05,0.3494012193559961,3.937772523122322e-05,0.35160219940497595,-0.0015633871913509148,0.05129012524605908,1,-1.0,-1.0,0,0,0,4,1,33.0,63.0,210.0,13.0,1009.0,cotonou/COTO,377.7671008703886,74.7,61.8,0.0054298341287004614
6.37252974523286,2.407158973886551,COTO,cotonou,6.352268,2.402957,2288.424487330586,21238.37353,9.0,100.0,109.0,570.0,10,13.488353490829468,11.645764376558532,2.3899586818109575,3.4883534908294678,-0.00020145491570205655,0.46798742988578196,-0.00013201413021768352,0.47896177407120094,-0.0019383729907216229,0.06938969223882745,1,-1.0,-1.0,0,0,1,0,1,31.0,75.0,200.0,16.6,1010.0,cotonou/COTO,338.55000000000837,80.8,75.5,0.051657917014398924
6.363225036401,2.3836889324578476,COTO,cotonou,6.352268,2.402957,2452.1128836480807,21238.37353,9.0,100.0,109.0,570.0,10,12.910440921783447,299.77847812661554,2.244069091732055,2.9104409217834473,-0.0003338102682690022,0.8921470759318715,-0.0003971324080512637,0.912660940577594,-0.0029355764389038083,0.11901074227064287,1,-1.0,-1.0,0,0,4,10,1,31.7,62.0,220.0,11.2,1010.7,cotonou/COTO,160.52457568861385,54.4,62.4,0.6059251776477277
6.36676431029096,2.400491926354117,COTO,cotonou,6.352268,2.402957,1626.1506818978544,21238.37353,9.0,100.0,109.0,570.0,10,13.437885522842407,350.4076784076939,3.3631668197955182,3.4378855228424072,-0.00016309449166962593,0.5656696061901905,-0.00018898422461890456,0.5733374458142915,-0.0003141250767973521,0.020762419292744635,1,-1.0,-1.0,0,0,3,8,1,32.0,63.0,210.0,14.8,1011.0,cotonou/COTO,311.79147214124436,68.2,66.0,0.8014818108594153
6.365351639364037,2.371317614471794,COTO,cotonou,6.352268,2.402957,3787.7942730786003,21238.37353,9.0,100.0,109.0,570.0,10,11.555829644203186,292.59314740509717,1.4736567275750334,1.555829644203186,-0.0005979503434340194,1.3129920219228075,-0.0005722868794771037,1.3222708665938203,-0.0013455652324761357,0.04273149292789402,1,-1.0,-1.0,0,0,1,3,1,31.0,63.0,180.0,9.4,1011.0,cotonou/COTO,64.38956825449732,62.4,66.8,0.23855282062738847
6.3829342314958,2.374141369000903,COTO,cotonou,6.352268,2.402957,4654.556307335255,21238.37353,9.0,100.0,109.0,570.0,10,12.65223479270935,316.96051338193786,1.1858342037577208,2.6522347927093506,-0.00022537535072391867,1.1213148360825267,-0.00020235045681021282,1.1178319873700648,0.0011298443312426347,0.038820560265944805,1,-1.0,-1.0,0,0,1,14,1,32.1,54.0,211.0,13.0,1008.6,cotonou/COTO,217.8231826505345,70.5,64.4,0.849408842923073
6.359899552396813,2.3623927057017395,COTO,cotonou,6.352268,2.402957,4566.685876669936,21238.37353,9.0,100.0,109.0,570.0,10,12.490509986877441,280.72140507871643,1.2106730402196695,2.4905099868774414,-0.00026502863773852903,0.8732821788605772,-0.0002848861251944677,0.8797165160536448,-0.0011373505241292709,0.04056211942220272,1,-1.0,-1.0,0,0,1,14,1,33.0,48.0,210.0,9.4,1011.2,cotonou/COTO,243.7480135303034,68.1,61.2,0.057231940153260386
6.383838380718495,2.3681245734966105,COTO,cotonou,6.352268,2.402957,5200.06535421798,21238.37353,9.0,100.0,109.0,570.0,10,14.104864120483398,312.36603553079846,1.0454651969083353,4.104864120483398,7.622082114676405e-05,1.1192949241769057,6.078081302953112e-05,1.11856590513262,-0.001232941050348477,0.04123708007740216,1,-1.0,-1.0,0,0,0,6,1,30.7,45.0,199.0,11.1,1008.8,cotonou/COTO,319.62025483378403,58.1,68.0,0.8009638536416762
6.362887661674509,2.3656924920564224,COTO,cotonou,6.352268,2.402957,4286.925838277696,21238.37353,9.0,100.0,109.0,570.0,10,11.55591082572937,286.0019903507383,1.3021391080097198,1.5559108257293701,-0.0005015400308709668,1.167768051219973,-0.0005019534252685535,1.1894840651241205,-0.0003929452855495235,0.007741533360497159,1,-1.0,-1.0,0,0,4,4,1,30.1,50.0,198.0,11.1,1009.1,cotonou/COTO,383.9926241478955,66.1,63.0,0.9277954301722804
6.367968334422194,2.390864149375427,COTO,cotonou,6.352268,2.402957,2191.9638914778907,21238.37353,9.0,100.0,109.0,570.0,10,12.8202965259552,322.5670360635704,2.512431246559012,2.8202965259552,-0.00039941212078472513,0.5834864539395027,-0.0006029784795388587,0.6168278297947435,-0.006749486550883303,0.2344048085251637,0,2082.146061243527,-1.0,6,0,2,8,1,33.0,67.0,200.0,18.4,1012.0,cotonou/COTO,281.07558431847417,86.3,70.8,0.7721083991043806
6.372657185191477,2.4030411154830866,COTO,cotonou,6.352268,2.402957,2254.8166406903133,21238.37353,9.0,100.0,109.0,570.0,10,12.356528997421265,0.23491159353869762,2.454246559608411,2.3565289974212646,-0.0005923080862614146,0.7855106690964663,-0.0006324480370399329,0.8099677442169094,-0.0018540203727022472,0.05956936892043041,1,-1.0,-1.0,0,0,1,2,1,32.0,75.0,200.0,20.5,1010.0,cotonou/COTO,331.4609434005665,75.5,86.5,0.6981207839786372
6.35644350380014,2.403616270067644,COTO,cotonou,6.352268,2.402957,467.48571139776,21238.37353,9.0,100.0,109.0,570.0,10,14.800467491149902,8.9180884199871,11.392683549115986,4.800467491149902,0.002186622362008144,0.5068934687951715,0.0017312328020731608,0.4869561145059301,-0.0027837912241617836,0.1291175623500798,1,-1.0,-1.0,0,0,2,11,1,31.4,69.0,240.0,16.6,1010.7,cotonou/COTO,264.0610446469,65.4,68.1,0.8379802186553831
6.358236878106569,2.397026962459711,COTO,cotonou,6.352268,2.402957,930.687288973129,21238.37353,9.0,100.0,109.0,570.0,10,14.851216793060303,315.3639383951731,5.776418457888409,4.851216793060303,0.0011919014155864715,0.45813172939086466,0.0010391042233361901,0.45149467127767196,-0.0026739310944018982,0.08843599375894125,1,-1.0,-1.0,0,0,2,5,1,31.0,71.0,210.0,20.5,1010.0,cotonou/COTO,391.6664531205258,58.3,68.1,0.04015129954706642
6.367815582042545,2.3912400316062197,COTO,cotonou,6.352268,2.402957,2153.318071220086,21238.37353,9.0,100.0,109.0,570.0,10,12.957743644714355,323.16810762865657,2.5538128258365536,2.9577436447143555,-0.0003507307527599818,0.5472716918264435,-0.0004974155071014101,0.5766111337551111,-0.004226046958066064,0.11318686049948107,1,-1.0,-1.0,0,0,4,11,1,32.0,63.0,210.0,16.6,1010.0,cotonou/COTO,256.496478923207,70.8,61.2,0.20178211071905539
6.3581924496283415,2.397512242036053,COTO,cotonou,6.352268,2.402957,890.0257360172317,21238.37353,9.0,100.0,109.0,570.0,10,14.876619338989258,317.59222045430863,6.036793985123843,4.876619338989258,0.0012995865609910751,0.42588376832950753,0.0012174295882383984,0.4241908506420587,-9.950002034505209e-06,0.0004477500915527344,1,-1.0,-1.0,0,0,4,4,1,31.0,71.0,210.0,20.5,1010.0,cotonou/COTO,382.2656929414359,58.3,62.4,0.12492367930564308
6.372264197910091,2.4034650771314774,COTO,cotonou,6.352268,2.402957,2212.052133567388,21238.37353,9.0,100.0,109.0,570.0,10,12.618533372879028,1.44650878722274,2.494860135724239,2.6185333728790283,-0.0004823914032113574,0.7313349373497231,-0.0005036067544368275,0.7680828954754995,-0.00018770429823133675,0.02443431088933923,1,-1.0,-1.0,0,0,0,0,1,32.0,75.0,200.0,20.5,1010.0,cotonou/COTO,331.4609434005665,75.5,86.5,0.5045309901929865
6.356573840804261,2.3768863057251584,COTO,cotonou,6.352268,2.402957,2923.5042413089154,21238.37353,9.0,100.0,109.0,570.0,10,13.981553316116333,279.43669699514703,1.8615468818342091,3.981553316116333,9.338839524457242e-05,0.5566755394699119,0.00011261073748270669,0.5554357672337974,0.001394142707188924,0.06423882042925817,1,-1.0,-1.0,0,0,1,10,1,33.0,63.0,210.0,13.0,1009.0,cotonou/COTO,247.88812658137354,62.4,59.2,0.7451881283288445
6.381155029611441,2.3632721992893253,COTO,cotonou,6.352268,2.402957,5429.806058577321,21238.37353,9.0,100.0,109.0,570.0,10,12.79792308807373,306.2223246660672,1.0150263726927728,2.7979230880737305,-0.00016825821413127043,1.1142232704692325,-0.0001936182437811896,1.108600650674054,-0.002401764714083824,0.0545793724013971,0,-1.0,4951.02556443423,0,17,3,12,1,31.8,31.0,20.0,11.2,1010.9,cotonou/COTO,277.57990849483264,78.2,70.4,0.6300118445763987
6.354883845739191,2.3735323303350357,COTO,cotonou,6.352268,2.402957,3268.3811756912723,21238.37353,9.0,100.0,109.0,570.0,10,14.717916488647461,275.11308343525616,1.6523372094667086,4.717916488647461,0.00030880080682769376,0.4096399003345068,0.00031884604388171127,0.4071383062215519,0.00043812327914767796,0.022923035653145327,1,-1.0,-1.0,0,0,0,10,1,33.0,63.0,210.0,13.0,1009.0,cotonou/COTO,377.7671008703886,74.7,61.8,0.851131099761935
6.372654988232192,2.3552699399890615,COTO,cotonou,6.352268,2.402957,5737.542954883286,21238.37353,9.0,100.0,109.0,570.0,10,13.328940153121948,293.2783553973737,0.9552939379125127,3.3289401531219482,-6.563390294710794e-05,1.362549382337153,-8.327702067298922e-05,1.3590114559066357,-0.0015734861318489723,0.05470982305096129,0,-1.0,5289.117754000624,0,3,1,4,1,31.0,63.0,210.0,16.6,1009.0,cotonou/COTO,309.1504439589486,58.6,65.2,0.15521299244109088
6.361387167886161,2.404366924218387,COTO,cotonou,6.352268,2.402957,1020.4630012100142,21238.37353,9.0,100.0,109.0,570.0,10,15.198512077331543,8.735690141106545,5.251899160979496,5.198512077331543,0.0014204958506992885,0.43631826469741086,0.001486722215923114,0.4457626873651761,0.0024419390681213655,0.06478724265329461,1,-1.0,-1.0,0,0,2,4,1,31.0,75.0,210.0,18.4,1008.0,cotonou/COTO,273.96095269222405,66.4,64.4,0.7346210919351616
6.355583647503542,2.3749736363923963,COTO,cotonou,6.352268,2.402957,3117.7222718508538,21238.37353,9.0,100.0,109.0,570.0,10,14.392991542816162,276.8001887466844,1.7381020376194716,4.392991542816162,0.00021987182971758718,0.46633744768298646,0.0002511401213612651,0.4621580533572453,0.0012513941912216788,0.026888564395058403,1,-1.0,-1.0,0,0,2,13,1,29.6,72.0,220.0,14.8,1010.1,cotonou/COTO,275.910366967215,56.3,53.0,0.1930414908689041
6.348448303500527,2.37990999825885,COTO,cotonou,6.352268,2.402957,2584.6934873039927,21238.37353,9.0,100.0,109.0,570.0,10,10.270606219768524,260.5338453742991,2.187504556311616,0.27060621976852417,-0.0013166226874822857,0.9442408154730704,-0.0013016610660336234,1.0077295952333347,0.0,0.0,1,-1.0,-1.0,0,0,0,0,1,32.0,71.0,200.0,18.4,1008.0,cotonou/COTO,310.65923598055264,55.9,66.5,0.27075875131780025
6.383301156228605,2.3732382760386113,COTO,cotonou,6.352268,2.402957,4752.769505185063,21238.37353,9.0,100.0,109.0,570.0,10,12.860729694366455,316.41821117931624,1.1588239904426592,2.860729694366455,-0.00013561963523495122,1.125772474910743,-0.00018150924895861132,1.1189247497893966,0.0007274091243743896,0.049007697255431984,1,-1.0,-1.0,0,0,0,10,1,34.0,32.0,222.0,5.4,1009.0,cotonou/COTO,268.94546398849457,53.4,64.4,0.7099046972813039
6.352826518755488,2.374600689416155,COTO,cotonou,6.352268,2.402957,3137.964642222104,21238.37353,9.0,100.0,109.0,570.0,10,14.128990173339844,271.1369158295739,1.7317126911518927,4.128990173339844,0.0001191594189549822,0.36180724947863246,0.00011585085562827804,0.3613930737828904,-0.0013052622477213542,0.06180106479935602,1,-1.0,-1.0,0,0,2,0,1,29.6,72.0,220.0,14.8,1010.1,cotonou/COTO,267.64813860748006,56.3,78.1,0.9802047848986818
6.359337522205112,2.3964801234613837,COTO,cotonou,6.352268,2.402957,1060.5342499280725,21238.37353,9.0,100.0,109.0,570.0,10,14.55801773071289,317.6813133439483,5.088841784549603,4.558017730712891,0.0007879873116811117,0.402847837038665,0.0005683570577387225,0.3938028665842309,-0.0026062925656636553,0.12247352829525512,1,-1.0,-1.0,0,0,7,5,1,33.0,63.0,200.0,16.6,1009.0,cotonou/COTO,391.6664531205258,68.1,58.3,0.6115436059770696
6.355001924259771,2.375100569829905,COTO,cotonou,6.352268,2.402957,3096.8369623746626,21238.37353,9.0,100.0,109.0,570.0,10,14.489458084106445,275.6412107063502,1.748033567733329,4.489458084106445,0.0002507905929516523,0.43816590501347313,0.00029237242541047773,0.4361224707087311,0.0022952830133833764,0.07270831536870842,1,-1.0,-1.0,0,0,2,3,1,29.6,72.0,220.0,14.8,1010.1,cotonou/COTO,267.64813860748006,56.3,78.1,0.054500314991295595
6.365174171694434,2.3678659914953335,COTO,cotonou,6.352268,2.402957,4136.476300095853,21238.37353,9.0,100.0,109.0,570.0,10,11.480810403823853,290.30984751616603,1.3505222217836472,1.4808104038238525,-0.000538006364215799,1.2987784279982293,-0.0005330709782585127,1.316369873140219,-0.00020695737428953526,0.00811874836597942,1,-1.0,-1.0,0,0,2,0,1,30.0,55.0,310.0,7.6,1013.0,cotonou/COTO,211.07519039432174,62.5,58.0,0.6163089699275328
6.363565124608676,2.370075055717054,COTO,cotonou,6.352268,2.402957,3846.5737608534437,21238.37353,9.0,100.0,109.0,570.0,10,11.655951976776123,289.0716973920454,1.4496570906291821,1.655951976776123,-0.0005736892951217035,1.1376412418677382,-0.0005381532298941652,1.1515056740412322,-0.001420289025190844,0.04949473311701938,0,-1.0,3615.316821323176,0,2,2,5,1,30.0,55.0,310.0,7.6,1013.0,cotonou/COTO,265.7076628552334,59.4,62.4,0.042350551580167095
6.359019939459157,2.4129831082501667,COTO,cotonou,6.352268,2.402957,1337.1809709683394,21238.37353,9.0,100.0,109.0,570.0,10,15.092339992523193,55.87786601657524,4.017177366939178,5.092339992523193,0.0009855788387331112,0.4371137728971454,0.0009438915455594974,0.42987779438170814,-0.0011034210522969563,0.05740844205062708,1,-1.0,-1.0,0,0,3,5,1,32.0,67.0,210.0,18.4,1012.0,cotonou/COTO,276.1246316430909,68.1,65.5,0.8841457113668172
6.355991739795071,2.377718528261734,COTO,cotonou,6.352268,2.402957,2822.5901883354513,21238.37353,9.0,100.0,109.0,570.0,10,13.812283515930176,278.44552269544533,1.9314841857896157,3.812283515930176,3.694459011680199e-05,0.5380856215262014,6.809583917671998e-05,0.5394686341490548,0.0008634307486474445,0.028113876688614474,1,-1.0,-1.0,0,0,2,12,1,31.5,70.0,236.0,9.3,1011.4,cotonou/COTO,247.88812658137354,59.2,62.4,0.7095782851006207
6.354586378562233,2.374875502065759,COTO,cotonou,6.352268,2.402957,3117.506474624251,21238.37353,9.0,100.0,109.0,570.0,10,14.514088153839111,274.7501616438244,1.7359987215490646,4.514088153839111,0.00026199010227850736,0.4158699373672385,0.0002744014158188922,0.41205393149252556,0.0015776210361056857,0.058497091767023036,1,-1.0,-1.0,0,0,3,1,1,29.6,72.0,220.0,14.8,1010.1,cotonou/COTO,384.84357926308275,56.3,74.7,0.17312784642250323
6.373915973917205,2.3623847476718867,COTO,cotonou,6.352268,2.402957,5087.334340089263,21238.37353,9.0,100.0,109.0,570.0,10,12.742464780807495,298.2324146652342,1.083965027039353,2.742464780807495,-0.00017450261407100554,1.3201608669569591,-0.00016286460928214606,1.3128540396049884,0.002525019645690918,0.11772961068151312,1,-1.0,-1.0,0,0,1,8,1,31.0,75.0,200.0,18.4,1008.0,cotonou/COTO,349.29744130181854,76.5,63.4,0.09172100582419807
6.36149296726335,2.406101921548507,COTO,cotonou,6.352268,2.402957,1077.8762870843345,21238.37353,9.0,100.0,109.0,570.0,10,14.956156730651855,18.71713198170238,4.986383663280288,4.9561567306518555,0.0011573041590107467,0.4436208771856365,0.0010894849538365522,0.4383791339473974,9.0346171876404e-06,0.006353580524162649,1,-1.0,-1.0,0,0,4,12,1,31.6,70.0,230.0,16.6,1013.0,cotonou/COTO,240.45018714908818,70.5,64.4,0.18353322888031898
6.371267163035807,2.404624525799817,COTO,cotonou,6.352268,2.402957,2109.16219241938,21238.37353,9.0,100.0,109.0,570.0,10,13.320211410522461,4.985080785261289,2.5973783607800436,3.320211410522461,-0.00018158686552808878,0.5607461505864824,-0.0002693561583219499,0.577251211174674,-0.0028755216665073955,0.09369355260465123,1,-1.0,-1.0,0,0,2,1,1,31.0,75.0,200.0,16.6,1010.0,cotonou/COTO,338.55000000000837,80.8,75.5,0.9800271795541925
6.37935071967877,2.362374536289385,COTO,cotonou,6.352268,2.402957,5397.203144951817,21238.37353,9.0,100.0,109.0,570.0,10,11.763978838920593,303.8832356379686,1.032129203883555,1.7639788389205933,-0.0003640416824616729,1.1674243611794821,-0.0003736471518492087,1.170078759503022,-0.002462756633758545,0.09104426302413193,0,4780.688958053513,4791.50499642015,5,11,1,1,1,31.8,31.0,20.0,11.2,1010.9,cotonou/COTO,233.1422818794881,78.2,78.1,0.4585606424584898
6.365042295437782,2.408017519722284,COTO,cotonou,6.352268,2.402957,1519.5889790763936,21238.37353,9.0,100.0,109.0,570.0,10,14.827629089355469,21.48985344030666,3.5462140539247042,4.827629089355469,0.0007043428978352794,0.4270886152326084,0.000561390490309967,0.41928353563160026,-0.00292252623494506,0.10974217360091727,1,-1.0,-1.0,0,0,3,2,1,32.0,63.0,180.0,14.8,1011.0,cotonou/COTO,335.1905947367722,56.6,58.8,0.784080948341408
6.357644405972624,2.4101826789905236,COTO,cotonou,6.352268,2.402957,996.3065863486116,21238.37353,9.0,100.0,109.0,570.0,10,14.863385677337646,53.17851479457454,5.397601109143614,4.8633856773376465,0.0011337198463140749,0.3924697029967851,0.0012358475146966583,0.390510966108616,0.0025062698337670573,0.07360726396231512,1,-1.0,-1.0,0,0,0,7,1,32.0,67.0,210.0,18.4,1012.0,cotonou/COTO,366.4815913522073,68.1,54.0,0.6364083421077769
6.373987929587407,2.356150826113405,COTO,cotonou,6.352268,2.402957,5708.4877900655065,21238.37353,9.0,100.0,109.0,570.0,10,13.502008199691772,295.03123011447326,0.9584187147759563,3.5020081996917725,-3.577368837792632e-05,1.3504810941463667,-5.73013959911971e-05,1.3469694926227969,-0.0023993104632960955,0.07790313880623485,0,-1.0,5308.09285489057,0,12,1,8,1,31.0,63.0,210.0,16.6,1009.0,cotonou/COTO,356.3532216776974,58.6,72.1,0.5724131499586373
6.384055703818683,2.367416378774205,COTO,cotonou,6.352268,2.402957,5274.382459665803,21238.37353,9.0,100.0,109.0,570.0,10,14.138047695159912,311.9878479103305,1.0303772259962949,4.138047695159912,8.135744971120374e-05,1.117168114163887,-2.941329740881237e-06,1.1141726054470487,-0.0050143286335750025,0.09069103336751784,1,-1.0,-1.0,0,0,2,6,1,33.0,28.0,70.0,11.2,1010.0,cotonou/COTO,379.59078834977134,68.0,55.8,0.1451302546650497
6.365488920489072,2.3711947767322545,COTO,cotonou,6.352268,2.402957,3806.163357417909,21238.37353,9.0,100.0,109.0,570.0,10,11.555829644203186,292.72683634982184,1.4665477646243619,1.555829644203186,-0.0005665152383063371,1.3154026164440868,-0.0005771925529832209,1.3337910563394721,-0.0013074633826248763,0.036244339917288586,1,-1.0,-1.0,0,0,1,3,1,30.0,55.0,310.0,7.6,1013.0,cotonou/COTO,257.5295687877015,62.5,62.4,0.9460244535580951
6.381088697124014,2.3759083093279254,COTO,cotonou,6.352268,2.402957,4371.959455526007,21238.37353,9.0,100.0,109.0,570.0,10,12.317586183547974,316.9949758443017,1.2668442098032076,2.3175861835479736,-0.00031056484646285786,1.1500844743562562,-0.0003030082663974246,1.1448332502945042,0.0011833376354641384,0.04363588425192237,1,-1.0,-1.0,0,0,2,1,1,32.1,54.0,211.0,13.0,1008.6,cotonou/COTO,333.1849486397105,70.5,81.4,0.30134263251471793
6.353881375066742,2.374134258593072,COTO,cotonou,6.352268,2.402957,3193.9469286685385,21238.37353,9.0,100.0,109.0,570.0,10,14.34113359451294,273.2251815322382,1.6975756239276554,4.3411335945129395,0.0001975520748958409,0.3844364703034909,0.00022029431952613572,0.3808636889712051,0.0018017649650573732,0.07995070130400422,1,-1.0,-1.0,0,0,5,10,1,29.6,72.0,220.0,14.8,1010.1,cotonou/COTO,313.5332494330497,61.8,78.1,0.5780172158075422
6.381179327833768,2.3626555563702865,COTO,cotonou,6.352268,2.402957,5486.685097215252,21238.37353,9.0,100.0,109.0,570.0,10,12.504918098449707,305.825071493858,1.0075648439233384,2.504918098449707,-0.00022470376068033614,1.1170517773464381,-0.00023926657599371832,1.1134948400448739,-0.0030729982588026256,0.11384636495474143,0,5090.8521042297825,4980.898495067153,1,14,7,9,1,29.5,80.0,200.0,7.6,1009.5,cotonou/COTO,398.98903293196753,78.1,70.4,0.6997759445890661
6.362566897294463,2.360984769946574,COTO,cotonou,6.352268,2.402957,4781.413109487317,21238.37353,9.0,100.0,109.0,570.0,10,11.65629756450653,283.8708629088864,1.1663106293120467,1.6562975645065308,-0.0004272278894980748,1.223491161750839,-0.00042338225658882726,1.2295737561437314,6.425513161553276e-05,0.0028851469946894015,1,-1.0,-1.0,0,0,0,7,1,29.0,75.0,200.0,13.0,1010.0,cotonou/COTO,234.36776676836976,61.2,67.2,0.6492331552453089
6.369741782875294,2.3902975251798284,COTO,cotonou,6.352268,2.402957,2386.6055363438168,21238.37353,9.0,100.0,109.0,570.0,10,11.931247353553772,324.2459202848229,2.32906781386184,1.931247353553772,-0.0007501734404389516,0.7351256028045936,-0.0007449640975735051,0.7861163875224372,-0.0012135138114293417,0.054943717378954864,1,-1.0,-1.0,0,0,0,3,1,32.0,63.0,210.0,16.6,1010.0,cotonou/COTO,259.09644632842327,62.3,86.3,0.9405944096955184
6.359158433268627,2.404093826858568,COTO,cotonou,6.352268,2.402957,772.3093974498502,21238.37353,9.0,100.0,109.0,570.0,10,14.54060173034668,9.311986265800499,6.973083014214415,4.54060173034668,0.0010687311490376792,0.4157192986918299,0.0011331708658309212,0.4059567714686866,0.001313924789428711,0.049434028438645666,1,-1.0,-1.0,0,0,4,4,1,31.0,75.0,210.0,18.4,1008.0,cotonou/COTO,329.0564998598276,66.4,68.1,0.148438989920058
6.364762362052902,2.37266219702404,COTO,cotonou,6.352268,2.402957,3625.4222750939066,21238.37353,9.0,100.0,109.0,570.0,10,11.695218205451965,292.53908690465266,1.5374250964344658,1.6952182054519653,-0.0005546718542007278,1.2544182332090572,-0.0005483157912567056,1.273675216006352,-0.000205687681833903,0.007903449910771762,1,-1.0,-1.0,0,0,2,5,1,31.0,63.0,180.0,9.4,1011.0,cotonou/COTO,344.695661852635,60.5,62.4,0.5083527384469421
6.3836655740765185,2.3754436369048335,COTO,cotonou,6.352268,2.402957,4617.582785619724,21238.37353,9.0,100.0,109.0,570.0,10,12.938712358474731,318.94947793346586,1.1917734503262831,2.9387123584747314,-0.00016518593957534267,1.080139722427982,-0.0001695393494907129,1.0732509580619318,8.980434290816732e-05,0.0364479418304803,1,-1.0,-1.0,0,0,3,8,1,31.0,59.0,170.0,13.0,1007.0,cotonou/COTO,342.02592664884946,70.2,70.5,0.40403439074076597
6.362251145915624,2.3596436878302725,COTO,cotonou,6.352268,2.402957,4917.690448264761,21238.37353,9.0,100.0,109.0,570.0,10,11.670767664909363,283.05921069009526,1.1338302676506904,1.6707676649093628,-0.00041415212367385923,1.2052003891001923,-0.0004106762179409166,1.2173876465845461,-0.0002010729577806261,0.00749469643879844,1,-1.0,-1.0,0,0,1,2,1,34.0,44.0,220.0,14.8,1010.0,cotonou/COTO,326.8907597349128,65.7,61.2,0.4741687294826181
6.352084181845696,2.373770872299364,COTO,cotonou,6.352268,2.402957,3229.234397918158,21238.37353,9.0,100.0,109.0,570.0,10,13.900843620300293,269.6385337944533,1.6868412931180419,3.900843620300293,4.4302440798862516e-05,0.35259233886995733,4.6786756226510695e-05,0.35571903290371304,-0.0016977389653523762,0.07840664421782943,1,-1.0,-1.0,0,0,0,5,1,33.0,63.0,210.0,13.0,1009.0,cotonou/COTO,135.44729233169025,74.7,78.1,0.11921752619774462
6.365203151726353,2.3691367765020703,COTO,cotonou,6.352268,2.402957,4005.949359138615,21238.37353,9.0,100.0,109.0,570.0,10,11.519261956214905,291.0503682174751,1.3939599193835328,1.5192619562149048,-0.0005442113129060661,1.306703551822097,-0.0005435275388698952,1.3248436945435245,-0.0003042846918106079,0.015513550685320808,1,-1.0,-1.0,0,0,0,3,1,30.0,55.0,310.0,7.6,1013.0,cotonou/COTO,248.21595536951256,62.5,59.4,0.13409460987276534
6.368861068152979,2.3918329938778093,COTO,cotonou,6.352268,2.402957,2209.5102052503075,21238.37353,9.0,100.0,109.0,570.0,10,12.777398109436035,326.32612369182505,2.493614931413081,2.777398109436035,-0.00042028076568679205,0.5293180052679685,-0.00048717636811105826,0.5729288500761773,-0.002082751194636027,0.10947003692408222,1,-1.0,-1.0,0,0,4,4,1,32.0,63.0,210.0,16.6,1010.0,cotonou/COTO,256.496478923207,61.2,70.8,0.27807554578125737
6.378214989053593,2.374677893874715,COTO,cotonou,6.352268,2.402957,4245.302544969425,21238.37353,9.0,100.0,109.0,570.0,10,11.771234154701233,312.71549065739293,1.3119970029085735,1.771234154701233,-0.0004544031172291214,1.1582923268096916,-0.0004472202903905632,1.1607732373331658,0.00011442040526386442,0.00837883335516269,1,-1.0,-1.0,0,0,2,3,1,31.0,63.0,200.0,16.6,1007.0,cotonou/COTO,74.10445128334986,81.4,85.6,0.3047046037608313
6.383147941898138,2.3754285112892313,COTO,cotonou,6.352268,2.402957,4575.808558413648,21238.37353,9.0,100.0,109.0,570.0,10,12.828181266784668,318.46159557000163,1.2040338039516965,2.828181266784668,-0.00019552357771462607,1.0956862124672624,-0.00018430002274051795,1.0887497311452863,0.0005386789639790853,0.030671531707260235,1,-1.0,-1.0,0,0,2,11,1,32.1,54.0,211.0,13.0,1008.6,cotonou/COTO,342.02592664884946,70.5,70.2,0.42790321368135
6.380430289139935,2.369242791369826,COTO,cotonou,6.352268,2.402957,4859.308173741746,21238.37353,9.0,100.0,109.0,570.0,10,12.624218702316284,310.04916379880405,1.1362114645984567,2.624218702316284,-0.00022152108461741103,1.1294003588616635,-0.00019804355574817186,1.1230967390579545,0.002009325557284885,0.0767112386032594,1,-1.0,-1.0,0,0,2,3,1,30.7,45.0,199.0,11.1,1008.8,cotonou/COTO,260.0268288079785,58.1,66.5,0.6109875470366283
6.386447724717107,2.3737425303494946,COTO,cotonou,6.352268,2.402957,4973.378300275549,21238.37353,9.0,100.0,109.0,570.0,10,13.21903944015503,319.6552141320782,1.1033076792384808,3.2190394401550293,-0.0001043696434094829,1.0229637439262376,-7.445447974734842e-05,1.017345868208115,0.00033270517985026037,0.046128434112199836,0,-1.0,4704.277670801722,0,4,5,9,1,31.8,57.0,210.0,13.0,1008.6,cotonou/COTO,358.8872214220909,62.5,66.1,0.634629117418263
6.356628913139376,2.3919611104178826,COTO,cotonou,6.352268,2.402957,1308.6867934158477,21238.37353,9.0,100.0,109.0,570.0,10,15.66183853149414,291.75490620657956,4.0795417229275905,5.661838531494141,0.00148094477075519,0.6927686972380113,0.0012416400567478911,0.6839592462042188,-0.0015030883112003188,0.05114530030119725,1,-1.0,-1.0,0,0,3,4,1,32.6,66.0,210.0,11.2,1010.9,cotonou/COTO,267.5192114597196,57.1,58.2,0.41181089658557024
6.348127161919394,2.3826583130901313,COTO,cotonou,6.352268,2.402957,2292.076894052727,21238.37353,9.0,100.0,109.0,570.0,10,11.094428181648254,258.4019913482622,2.4458900766055507,1.0944281816482544,-0.0014932948554867928,0.6453571248000579,-0.0011023473639025466,0.7681300318828062,-0.014605837066968282,0.6793422890091267,1,-1.0,-1.0,0,0,1,5,1,32.0,71.0,200.0,18.4,1008.0,cotonou/COTO,377.3020461115892,63.1,55.9,0.4087831094286971
6.385395624372941,2.3834153200626242,COTO,cotonou,6.352268,2.402957,4253.908313919135,21238.37353,9.0,100.0,109.0,570.0,10,14.904884815216064,329.6201103744694,1.2671580003198195,4.9048848152160645,0.00029039413805286886,0.9857741553544336,0.0002542105576745571,0.9940459355749807,0.00018543685921939881,0.04539917977253874,1,-1.0,-1.0,0,0,0,8,1,33.0,41.0,50.0,9.4,1007.0,cotonou/COTO,266.4578062283396,64.8,75.6,0.21762852669696198
6.383313116433571,2.3684393067523546,COTO,cotonou,6.352268,2.402957,5135.298514488226,21238.37353,9.0,100.0,109.0,570.0,10,14.13258695602417,312.1463951630126,1.0583385095898208,4.13258695602417,8.247975231141089e-05,1.1153813439177538,8.44639217886971e-05,1.115580815789648,0.0006146553474605327,0.0362323175063555,1,-1.0,-1.0,0,0,3,4,1,30.7,45.0,199.0,11.1,1008.8,cotonou/COTO,319.62025483378403,58.1,68.0,0.5883062484090082
6.35464051522538,2.405536763459087,COTO,cotonou,6.352268,2.402957,387.69404852127343,21238.37353,9.0,100.0,109.0,570.0,10,15.163139820098877,47.220313013983514,13.606114795895065,5.163139820098877,0.0037360660095180124,0.5534339219836151,0.003279206487867567,0.5700598433603485,0.0003317250145806207,0.012869756724606728,1,-1.0,-1.0,0,0,6,10,1,31.4,69.0,240.0,16.6,1010.7,cotonou/COTO,245.31000000003797,65.4,71.6,0.3170409113172379
6.363193966581771,2.358699428389008,COTO,cotonou,6.352268,2.402957,5043.504550498927,21238.37353,9.0,100.0,109.0,570.0,10,11.69238817691803,283.95237715319365,1.1053075844984566,1.6923881769180298,-0.0003973576444140553,1.2743130753022425,-0.0003743224691968493,1.277621728934475,0.0012915296761318528,0.03554275665342401,1,-1.0,-1.0,0,0,1,2,1,34.0,44.0,220.0,14.8,1010.0,cotonou/COTO,275.55065323816524,65.7,67.2,0.0360598342773637
6.364075112151458,2.3658482800198706,COTO,cotonou,6.352268,2.402957,4308.311567252482,21238.37353,9.0,100.0,109.0,570.0,10,11.526305079460144,287.754283566499,1.2960712411816275,1.526305079460144,-0.000504788508017858,1.2526273877775433,-0.0004896037382622288,1.269279438935445,0.00035439232985178627,0.017721650407273377,1,-1.0,-1.0,0,0,1,1,1,33.0,39.0,280.0,7.6,1012.0,cotonou/COTO,383.9926241478955,63.0,66.1,0.4184000441568604
6.3644235240234295,2.369536384671408,COTO,cotonou,6.352268,2.402957,3934.400199200094,21238.37353,9.0,100.0,109.0,570.0,10,11.560539245605469,290.1026826625125,1.4186988022231433,1.5605392456054688,-0.0005420333809322779,1.2332773797326182,-0.0005408943737200564,1.2441169381324784,-0.0005423969341209084,0.018415108979972797,1,-1.0,-1.0,0,0,2,5,1,30.0,55.0,310.0,7.6,1013.0,cotonou/COTO,248.21595536951256,59.4,62.5,0.4741326750901703
6.362840645230988,2.376574567249654,COTO,cotonou,6.352268,2.402957,3144.398328262564,21238.37353,9.0,100.0,109.0,570.0,10,12.34165358543396,291.9620042257832,1.7607094653992397,2.34165358543396,-0.00044029186309834734,1.0433788016407717,-0.0004241987923595393,1.0625686066309916,-0.0007961193720499674,0.03158927028333426,1,-1.0,-1.0,0,0,3,5,1,31.7,62.0,220.0,11.2,1010.7,cotonou/COTO,398.79289324162653,65.7,60.5,0.22559286820421098
6.367503626922802,2.387753202643182,COTO,cotonou,6.352268,2.402957,2380.8350410288317,21238.37353,9.0,100.0,109.0,570.0,10,12.220486640930176,315.2376035456702,2.3277574542898978,2.220486640930176,-0.0007900868434649155,0.7959019653831981,-0.000659112653907426,0.816863178092346,-0.00454166937665122,0.16448289256659213,1,-1.0,-1.0,0,0,9,6,1,32.0,63.0,210.0,16.6,1010.0,cotonou/COTO,280.00176285154186,62.3,67.2,0.5724579331221157
6.353913624461469,2.3735751342149354,COTO,cotonou,6.352268,2.402957,3255.911202213993,21238.37353,9.0,100.0,109.0,570.0,10,14.427353858947754,273.2270745257635,1.6637709164409171,4.427353858947754,0.00022029431952613572,0.3808636889712051,0.00023524446172399206,0.37747033988770345,0.0009183883666992188,0.04305679689188254,1,-1.0,-1.0,0,0,3,12,1,33.0,63.0,210.0,13.0,1009.0,cotonou/COTO,377.7671008703886,74.7,61.8,0.5657719004319209
6.36668389880039,2.359063226783253,COTO,cotonou,6.352268,2.402957,5111.3429263041135,21238.37353,9.0,100.0,109.0,570.0,10,11.575137734413147,288.2891078696375,1.0919552189159478,1.575137734413147,-0.00041261932875823827,1.4092565777495858,-0.0004122141739917113,1.4117839492927466,0.0005064539285143901,0.017815299327578603,1,-1.0,-1.0,0,0,3,2,1,29.3,51.0,130.0,11.2,1009.3,cotonou/COTO,350.56675056255096,78.8,78.69999999999999,0.7020021811103714
6.384309266237606,2.372896241398122,COTO,cotonou,6.352268,2.402957,4859.7029580240205,21238.37353,9.0,100.0,109.0,570.0,10,12.7609703540802,317.0052020015598,1.134507521492536,2.7609703540802,-0.00019489494374209628,1.0993616834201316,-0.0002093888785949895,1.0930446541734917,-0.0011204317049150392,0.027621639357353674,1,-1.0,-1.0,0,0,2,13,1,34.0,32.0,222.0,5.4,1009.0,cotonou/COTO,267.5261198461977,64.4,62.5,0.64794848220121
6.3697070705448695,2.3909886691593925,COTO,cotonou,6.352268,2.402957,2339.381908831589,21238.37353,9.0,100.0,109.0,570.0,10,12.054167032241821,325.70397793033584,2.3730245236107943,2.0541670322418213,-0.0007090656598511057,0.6480268314372016,-0.000698228250446547,0.7015205636080113,-0.0016782143514058078,0.05781311063100052,1,-1.0,-1.0,0,0,4,7,1,32.0,63.0,210.0,16.6,1010.0,cotonou/COTO,203.52690731203887,61.2,86.3,0.6524330565210316
6.350992516630746,2.414392274564206,COTO,cotonou,6.352268,2.402957,1273.0453105561755,21238.37353,9.0,100.0,109.0,570.0,10,15.741765022277832,96.40277922321741,4.1897768310965855,5.741765022277832,0.0015350512469286585,0.6466990057061783,0.0013068338676735206,0.6637257079421198,-0.003046548366546631,0.1574377254018022,1,-1.0,-1.0,0,0,0,13,1,29.8,77.0,200.0,11.2,1012.0,cotonou/COTO,285.3045504368927,58.1,75.1,0.3162141518240431
6.380544507167127,2.3651477116549864,COTO,cotonou,6.352268,2.402957,5222.732287230917,21238.37353,9.0,100.0,109.0,570.0,10,13.265506267547607,306.96401838385833,1.0501338999402159,3.2655062675476074,-8.409241267613001e-05,1.118388583423859,-7.624918341102444e-05,1.1152886488492746,0.00015786036840625947,0.02243421995678342,0,5055.269929323713,-1.0,2,0,0,3,1,31.8,31.0,20.0,11.2,1010.9,cotonou/COTO,344.11074176779897,70.4,66.5,0.7874322219859539
6.363116279139847,2.4070895502657956,COTO,cotonou,6.352268,2.402957,1283.8632686818491,21238.37353,9.0,100.0,109.0,570.0,10,15.086074352264404,20.736328074802373,4.183704759366914,5.086074352264404,0.0010694379835530538,0.44185424996549505,0.0010142363442314994,0.43884633254663374,-9.014341566297743e-05,0.004536625640792714,1,-1.0,-1.0,0,0,2,8,1,31.6,70.0,230.0,16.6,1013.0,cotonou/COTO,373.8657305772486,70.5,58.8,0.5491443835996794
6.368728522208408,2.389676330198119,COTO,cotonou,6.352268,2.402957,2339.365260371984,21238.37353,9.0,100.0,109.0,570.0,10,12.03823733329773,321.27624423772204,2.373430873810926,2.0382373332977295,-0.0007153782318644821,0.7194235552621698,-0.0007413640121618906,0.7726163687958854,-0.0023795538478427465,0.08905732962116379,1,-1.0,-1.0,0,0,2,2,1,32.0,63.0,210.0,16.6,1010.0,cotonou/COTO,259.09644632842327,62.3,86.3,0.4314181951798901
6.355028704024395,2.3939084470836423,COTO,cotonou,6.352268,2.402957,1046.651044429602,21238.37353,9.0,100.0,109.0,570.0,10,15.55881404876709,287.0661764425648,5.1016330145258815,5.55881404876709,0.0017777131614292354,0.610808972783477,0.0016586032250276459,0.6195543737253356,0.0010436233326394126,0.039059607933164854,1,-1.0,-1.0,0,0,3,10,1,32.6,66.0,210.0,11.2,1010.9,cotonou/COTO,279.6517178563703,57.1,62.9,0.6260124809410571
6.36402459257502,2.368988520023472,COTO,cotonou,6.352268,2.402957,3976.7818663803637,21238.37353,9.0,100.0,109.0,570.0,10,11.562682628631592,289.20229810398723,1.4035545539822332,1.5626826286315918,-0.0005400817870626365,1.1966542137289782,-0.0005614959097470087,1.2200354718434319,-0.0011748013654427668,0.01696457622061763,1,-1.0,-1.0,0,0,5,2,1,30.0,55.0,310.0,7.6,1013.0,cotonou/COTO,358.990200005476,59.4,58.0,0.3606573344502543
6.361561464092081,2.3839029306402924,COTO,cotonou,6.352268,2.402957,2345.3120751877996,21238.37353,9.0,100.0,109.0,570.0,10,13.165624380111694,296.1409726404121,2.3399240962666097,3.1656243801116943,-0.00022842491729350027,0.8653326923627275,-0.00021562939755831125,0.8703614558096637,-0.00015775518224344417,0.016448564176529776,1,-1.0,-1.0,0,0,1,14,1,31.7,62.0,220.0,11.2,1010.7,cotonou/COTO,318.97004498850305,54.4,75.2,0.5127392446067582
6.363867781763899,2.4166896755810465,COTO,cotonou,6.352268,2.402957,1988.4822463650178,21238.37353,9.0,100.0,109.0,570.0,10,14.97658109664917,49.63761810061135,2.7071580074384887,4.97658109664917,0.0006316366480357613,0.40346235029497496,0.0005834889178182566,0.40047539553256967,-0.0013366434309217666,0.051958193760819116,1,-1.0,-1.0,0,0,9,2,1,33.0,63.0,248.0,13.0,1011.0,cotonou/COTO,374.3070762089054,61.6,65.7,0.7367056884822203
6.385182633071863,2.375374354684653,COTO,cotonou,6.352268,2.402957,4749.943534322503,21238.37353,9.0,100.0,109.0,570.0,10,13.256292819976807,320.2128497467419,1.1547437428004437,3.2562928199768066,-8.131760529610237e-05,1.0267131351012457,-8.304384259281449e-05,1.0237001131912133,0.0012726111370203813,0.040444609756425,1,-1.0,-1.0,0,0,1,4,1,31.0,59.0,170.0,13.0,1007.0,cotonou/COTO,285.70158014965295,66.1,70.2,0.8864028867237077
6.360065512116412,2.362571311086786,COTO,cotonou,6.352268,2.402957,4550.708183533608,21238.37353,9.0,100.0,109.0,570.0,10,12.364523649215698,280.99616235393944,1.2165080025274724,2.3645236492156982,-0.0002944008300178929,0.9129752838739291,-0.00027079248861033736,0.9245420760901621,0.0010156276389092541,0.01696189859944925,1,-1.0,-1.0,0,0,1,14,1,33.0,48.0,210.0,9.4,1011.2,cotonou/COTO,363.6499594390807,60.2,68.1,0.9210571972951916
6.355452275306113,2.391482298198612,COTO,cotonou,6.352268,2.402957,1317.496128033189,21238.37353,9.0,100.0,109.0,570.0,10,15.86599588394165,285.6013840875115,4.0435211358078424,5.86599588394165,0.001633828410327684,0.654588129374676,0.0014596442744828414,0.6635862620748721,-0.0018464943825513456,0.05578085133479982,1,-1.0,-1.0,0,0,4,3,1,32.6,66.0,210.0,11.2,1010.9,cotonou/COTO,249.61182844569544,57.1,68.3,0.5036329251830992
6.371892425843953,2.405879648936758,COTO,cotonou,6.352268,2.402957,2194.181708904097,21238.37353,9.0,100.0,109.0,570.0,10,13.448237657546997,8.419171544627261,2.4935290687290714,3.448237657546997,-0.0001165557552028347,0.5065341966828364,-0.0002168801214929186,0.5242454771275104,-0.0038368082376878192,0.12299458697469874,1,-1.0,-1.0,0,0,0,7,1,31.0,75.0,200.0,16.6,1010.0,cotonou/COTO,338.55000000000837,80.8,75.5,0.5202751147405691
6.36695992872592,2.3575024030225245,COTO,cotonou,6.352268,2.402957,5284.994534194886,21238.37353,9.0,100.0,109.0,570.0,10,11.678287386894226,288.0182550215433,1.0549666964171425,1.678287386894226,-0.0003820534928819329,1.4139794577938674,-0.00037540242263888086,1.4152044832707387,0.0003682863590444894,0.011312325169087636,1,-1.0,-1.0,0,0,3,2,1,30.0,49.0,140.0,14.8,1008.0,cotonou/COTO,350.56675056255096,78.69999999999999,78.8,0.7998704107638365
6.379801075216385,2.3712429369386023,COTO,cotonou,6.352268,2.402957,4645.688483265963,21238.37353,9.0,100.0,109.0,570.0,10,12.019302129745483,311.14067963788693,1.1958997590679858,2.0193021297454834,-0.0003615145137317695,1.1454493697561303,-0.00033320601072534125,1.142821703141653,0.0016156421767340766,0.06661777905121877,1,-1.0,-1.0,0,0,0,7,1,30.0,70.0,210.0,16.6,1007.0,cotonou/COTO,333.8960444509769,78.2,66.5,0.31445069174420126
6.372823048799644,2.357531943533926,COTO,cotonou,6.352268,2.402957,5515.919908545191,21238.37353,9.0,100.0,109.0,570.0,10,13.75718355178833,294.4827208204604,0.9892219739800744,3.75718355178833,9.092774944028958e-06,1.3813486113935916,-2.3157290565792283e-06,1.374955580786366,-0.0007012653980750207,0.023324920238343753,0,5261.679111157337,5239.571215732305,1,4,0,14,1,32.0,71.0,220.0,18.4,1009.0,cotonou/COTO,286.930169205042,72.1,65.2,0.8373823623450686
6.360824411549568,2.4043211716706967,COTO,cotonou,6.352268,2.402957,958.197210749605,21238.37353,9.0,100.0,109.0,570.0,10,14.917680263519287,9.003729716623184,5.607714781674497,4.917680263519287,0.0012549690205247844,0.40726579067944213,0.0013587112520255294,0.4208181779323717,0.001088110605875651,0.0488589926917699,1,-1.0,-1.0,0,0,2,3,1,31.6,70.0,230.0,16.6,1013.0,cotonou/COTO,273.96095269222405,64.4,66.4,0.4941416465174234
6.384914634268973,2.3751162098855874,COTO,cotonou,6.352268,2.402957,4745.757839872851,21238.37353,9.0,100.0,109.0,570.0,10,13.307938575744629,319.7192880464523,1.1551386667480015,3.307938575744629,0.000123950323907665,1.0421151707424705,-7.274784717113854e-05,1.0391508377436594,0.0023729705422978497,0.09156878866753061,1,-1.0,-1.0,0,0,2,4,1,31.0,59.0,170.0,13.0,1007.0,cotonou/COTO,348.5682791075882,70.2,62.5,0.11585672433526839
6.379688618404151,2.3692079265061783,COTO,cotonou,6.352268,2.402957,4810.148391693305,21238.37353,9.0,100.0,109.0,570.0,10,12.433120965957642,309.26876112996536,1.1500958037577493,2.4331209659576416,-0.00026374129775148,1.1375059044757512,-0.00023463740188533891,1.1346470453330713,0.003666421351624588,0.11686075600613798,1,-1.0,-1.0,0,0,4,3,1,30.7,55.0,293.0,13.0,1011.4,cotonou/COTO,260.0268288079785,66.5,58.1,0.0720591470729437
6.370052789572434,2.4030207324916875,COTO,cotonou,6.352268,2.402957,1966.795300586219,21238.37353,9.0,100.0,109.0,570.0,10,13.092123746871948,0.2040531692759373,2.791732904086543,3.0921237468719482,-0.0003506945708389048,0.5539846354619605,-0.00036134228986852313,0.5930457904410106,-0.002962938944498698,0.13529406186793871,1,-1.0,-1.0,0,0,1,8,1,32.0,75.0,200.0,20.5,1010.0,cotonou/COTO,257.31179082972295,75.5,86.2,0.8419932110394631
6.348717772833237,2.378043923129832,COTO,cotonou,6.352268,2.402957,2784.227181059263,21238.37353,9.0,100.0,109.0,570.0,10,10.30681025981903,261.8416729007332,2.0301276667111283,0.30681025981903076,-0.0012187029298488384,1.1866637176341217,-0.001193046026062547,1.2667680827442682,0.0,0.0,1,-1.0,-1.0,0,0,0,0,1,33.0,63.0,200.0,11.2,1008.0,cotonou/COTO,310.65923598055264,66.5,55.9,0.0555679169068779
6.348932090130242,2.3884365293829233,COTO,cotonou,6.352268,2.402957,1648.3704423582653,21238.37353,9.0,100.0,109.0,570.0,10,13.493959665298462,256.9851010096503,3.3159913031532815,3.493959665298462,-0.00012823174349034484,0.3856537101423195,-0.00010548934601900866,0.38958889878885405,0.0005664454566107856,0.02188821855005787,1,-1.0,-1.0,0,0,0,6,1,31.0,75.0,200.0,18.4,1008.0,cotonou/COTO,288.65336045167965,69.3,65.2,0.2806114361336559
6.357286204576509,2.3750216730850533,COTO,cotonou,6.352268,2.402957,3140.1917325764603,21238.37353,9.0,100.0,109.0,570.0,10,13.798307418823242,280.24697597654153,1.736513370352226,3.798307418823242,2.898920150030229e-05,0.5928508517259211,7.458565019744227e-06,0.5975771581792436,-0.0007485999001397027,0.030504802551468785,1,-1.0,-1.0,0,0,1,3,1,32.4,63.0,230.0,7.6,1010.7,cotonou/COTO,241.82719946273568,53.0,59.2,0.3341300405015458
6.363727382056624,2.370243162834297,COTO,cotonou,6.352268,2.402957,3834.8792582917727,21238.37353,9.0,100.0,109.0,570.0,10,11.691056847572327,289.4172978516346,1.453551785636109,1.6910568475723267,-0.000524982965240876,1.1409634673068305,-0.0005387351146111122,1.1678585144648697,-0.0009459151162041559,0.0359972993707899,1,-1.0,-1.0,0,0,2,6,1,30.0,55.0,310.0,7.6,1013.0,cotonou/COTO,213.77228304903036,59.4,66.8,0.1729944451915938
6.383713053315099,2.3819244943540494,COTO,cotonou,6.352268,2.402957,4184.189162129623,21238.37353,9.0,100.0,109.0,570.0,10,14.601166725158691,326.3876516961279,1.2924218181585145,4.601166725158691,0.0002128988788241432,1.006266985374906,0.00018942089344442412,1.0093920450416753,-0.0005622320669789275,0.01985952052924171,1,-1.0,-1.0,0,0,6,6,1,33.0,41.0,50.0,9.4,1007.0,cotonou/COTO,150.4694972410793,75.6,71.8,0.31389336980198923
6.376425739321527,2.361897599730606,COTO,cotonou,6.352268,2.402957,5270.065707660307,21238.37353,9.0,100.0,109.0,570.0,10,12.884373664855957,300.6281993980047,1.044846415442823,2.884373664855957,-0.00014757560757745124,1.2341989685337287,-0.00014516173230574823,1.227416165614441,0.001277838812934028,0.04711654557620703,0,-1.0,4720.880503655626,0,3,3,10,1,31.0,75.0,200.0,18.4,1008.0,cotonou/COTO,386.1779175456935,76.5,76.1,0.7426925667250857
6.380163917368624,2.3656500156663793,COTO,cotonou,6.352268,2.402957,5153.021982787098,21238.37353,9.0,100.0,109.0,570.0,10,13.29633092880249,306.9591152520351,1.0639942935058853,3.2963309288024902,-7.813943407498142e-05,1.1274282032394836,-7.984734129631655e-05,1.1211614134164212,0.00013329188028971355,0.0049748711339258345,1,-1.0,-1.0,0,0,0,3,1,30.7,55.0,293.0,13.0,1011.4,cotonou/COTO,267.2888297328458,66.5,55.8,0.014682843560070769
6.347711348197364,2.3859503381729437,COTO,cotonou,6.352268,2.402957,1947.9415113061834,21238.37353,9.0,100.0,109.0,570.0,10,12.857412338256836,254.91340662440868,2.8255971849031334,2.857412338256836,-0.00043977804029567315,0.43678970623312147,-0.0004094747761588784,0.45710862200901686,-0.0005919297536214192,0.028997578268130434,1,-1.0,-1.0,0,0,1,3,1,31.0,75.0,200.0,18.4,1008.0,cotonou/COTO,288.9775799261479,69.3,72.8,0.8271734245206864
6.3823883572884865,2.364731828080784,COTO,cotonou,6.352268,2.402957,5383.379070909948,21238.37353,9.0,100.0,109.0,570.0,10,13.742341995239258,308.41170534976595,1.0137298855064485,3.742341995239258,6.5464002114754774e-06,1.0976744358783526,-0.0005272890191262516,1.0929032002946042,-0.025282780356689558,0.09896192638725705,1,-1.0,-1.0,0,0,4,2,1,31.8,31.0,20.0,11.2,1010.9,cotonou/COTO,196.14362722252218,70.4,55.8,0.8565480235745582
6.352284086642821,2.374006203263068,COTO,cotonou,6.352268,2.402957,3203.13313383231,21238.37353,9.0,100.0,109.0,570.0,10,13.967224597930908,270.033634904164,1.6993924225326575,3.967224597930908,7.205227481509837e-05,0.35696673965007814,4.0243956816469284e-05,0.3599297373718404,-0.002318758640826432,0.061108623757869095,1,-1.0,-1.0,0,0,0,3,1,33.0,63.0,210.0,13.0,1009.0,cotonou/COTO,135.44729233169025,74.7,78.1,0.3722615731915482
6.378935356114787,2.374738281932277,COTO,cotonou,6.352268,2.402957,4294.687743899487,21238.37353,9.0,100.0,109.0,570.0,10,11.834668755531311,313.55943954099934,1.2960695005761578,1.834668755531311,-0.0004334080274458285,1.1708623806724832,-0.0004227895846312074,1.1708990752062336,0.0007138888041178385,0.026720610101962358,1,-1.0,-1.0,0,0,2,9,1,31.0,63.0,200.0,16.6,1007.0,cotonou/COTO,389.1226866940447,81.4,70.5,0.1536128990606348
6.36563890764058,2.3665291175716576,COTO,cotonou,6.352268,2.402957,4293.035709044456,21238.37353,9.0,100.0,109.0,570.0,10,11.468141078948975,290.27240084574635,1.3014573237552869,1.4681410789489746,-0.0005182523970250729,1.344933851367415,-0.0005183397686477996,1.3519852855074594,-0.00014485347997785183,0.00548970959557172,1,-1.0,-1.0,0,0,2,4,1,30.1,50.0,198.0,11.1,1009.1,cotonou/COTO,167.19783760562936,58.0,66.1,0.6008404079450809
6.3494932289518164,2.3805719672555865,COTO,cotonou,6.352268,2.402957,2495.636338010191,21238.37353,9.0,100.0,109.0,570.0,10,12.82511305809021,262.8919090903164,2.206927984729571,2.82511305809021,-0.00034995173651074604,0.5149708493142363,-0.00030354993382034073,0.5262187224542244,0.0010215976790928958,0.03737017320434711,1,-1.0,-1.0,0,0,0,2,1,32.0,71.0,200.0,18.4,1008.0,cotonou/COTO,145.83304872345087,75.4,55.9,0.11967255586489434
6.378423145150059,2.3614013709699884,COTO,cotonou,6.352268,2.402957,5431.7914975696585,21238.37353,9.0,100.0,109.0,570.0,10,12.283880472183228,302.3485871329644,1.0200759655863199,2.2838804721832275,-0.0002620634007594392,1.190695474071729,-0.00028959134956891257,1.188273744176403,-0.0013249146029259459,0.07333252810531357,0,-1.0,5039.91876427806,0,5,2,12,1,29.5,80.0,200.0,7.6,1009.5,cotonou/COTO,203.75681976320604,78.1,76.1,0.3649193610782525
6.374844410119489,2.3571499539931677,COTO,cotonou,6.352268,2.402957,5649.610494849102,21238.37353,9.0,100.0,109.0,570.0,10,13.651931285858154,296.3800129948187,0.9668849445416091,3.6519312858581543,-3.092390230858009e-05,1.3162453609255984,-2.3228789456705007e-05,1.3130020712907757,-0.001319183365081331,0.05038606520274212,0,-1.0,5253.345229679325,0,5,0,2,1,32.0,71.0,220.0,18.4,1009.0,cotonou/COTO,286.930169205042,65.2,72.1,0.9584291809009724
6.355140658489429,2.3751263262227926,COTO,cotonou,6.352268,2.402957,3095.5373586213445,21238.37353,9.0,100.0,109.0,570.0,10,14.489458084106445,275.93085444816734,1.7487669915003532,4.489458084106445,0.0002507905929516524,0.4397304238642344,0.00026830408308241104,0.43761468294279016,0.0013158427344428167,0.04938122591728774,1,-1.0,-1.0,0,0,3,4,1,32.4,63.0,230.0,7.6,1010.7,cotonou/COTO,275.910366967215,53.0,56.3,0.9954644725836371
6.353374806233565,2.3743438732826627,COTO,cotonou,6.352268,2.402957,3168.1346066731753,21238.37353,9.0,100.0,109.0,570.0,10,14.161951065063477,272.2304534271721,1.7146360240822347,4.161951065063477,0.0001436635050376021,0.36953454170446176,0.00013947523670432003,0.3680596299166696,-0.00015731255213419598,0.007276183562333408,1,-1.0,-1.0,0,0,8,7,1,29.6,72.0,220.0,14.8,1010.1,cotonou/COTO,313.5332494330497,61.8,78.1,0.7721048913545856
6.355860759548314,2.3748781211769643,COTO,cotonou,6.352268,2.402957,3131.95609555362,21238.37353,9.0,100.0,109.0,570.0,10,14.353875637054443,277.3376452082883,1.7309226158483668,4.353875637054443,0.0002228795620907248,0.48729442045420734,0.00021376869760198386,0.48328105588631504,0.0008478403091430664,0.039820340696601196,1,-1.0,-1.0,0,0,2,11,1,29.6,72.0,220.0,14.8,1010.1,cotonou/COTO,275.910366967215,56.3,53.0,0.3109615099207662
6.377311233495083,2.362567004852502,COTO,cotonou,6.352268,2.402957,5257.278073868311,21238.37353,9.0,100.0,109.0,570.0,10,12.646011114120483,301.96149404182796,1.0499841946621047,2.6460111141204834,-0.0002009432424198498,1.2119018175052658,-0.00020792470813471055,1.2091375183710347,-0.0002298461066351997,0.017806965351334133,1,-1.0,-1.0,0,0,1,4,1,30.7,55.0,293.0,13.0,1011.4,cotonou/COTO,333.1849486396399,64.2,76.1,0.6876650491660925
6.384413839585181,2.372805457942535,COTO,cotonou,6.352268,2.402957,4875.008712826942,21238.37353,9.0,100.0,109.0,570.0,10,12.74325680732727,317.0121527775449,1.1311546124422511,2.7432568073272705,-0.00020160955716814926,1.0957599942455036,-0.00020275732483526667,1.0895552353191396,-0.0006191194057464599,0.030093862348870952,1,-1.0,-1.0,0,0,2,11,1,34.0,32.0,222.0,5.4,1009.0,cotonou/COTO,267.5261198461977,64.4,62.5,0.7054063654840127
6.372522474091598,2.3565356785043967,COTO,cotonou,6.352268,2.402957,5603.164566438924,21238.37353,9.0,100.0,109.0,570.0,10,13.493072748184204,293.7051183834714,0.9765220917531636,3.493072748184204,-4.3266406298058134e-05,1.3759940589684312,-3.3442604169566673e-05,1.3689782901817786,-0.0005072834826791713,0.043717877475055546,0,5423.503979138277,5412.275192431986,2,1,1,10,1,32.0,71.0,220.0,18.4,1009.0,cotonou/COTO,309.1504439589486,65.2,58.6,0.38784169516364975
6.362450345880871,2.384376240160211,COTO,cotonou,6.352268,2.402957,2343.9598840767303,21238.37353,9.0,100.0,109.0,570.0,10,13.466344833374023,298.87317575654964,2.3339338726384327,3.4663448333740234,-0.00010153865009420524,0.8632427360727885,-0.00019127129081445262,0.8696856340943169,-0.0023850861028982084,0.11227948996887162,1,-1.0,-1.0,0,0,4,9,1,33.0,63.0,210.0,18.4,1008.0,cotonou/COTO,350.04620409299224,75.2,62.4,0.6408886345861594
6.371035671536077,2.3900799160137227,COTO,cotonou,6.352268,2.402957,2517.4159705485445,21238.37353,9.0,100.0,109.0,570.0,10,11.910059690475464,325.7103953045605,2.2086489522580504,1.9100596904754639,-0.0007154861894869243,0.7966902172493171,-0.0007014630268605834,0.8343794042731605,-0.0006633583251283102,0.018748837246111028,1,-1.0,-1.0,0,0,2,10,1,33.0,67.0,200.0,18.4,1012.0,cotonou/COTO,370.2078816016378,84.9,62.3,0.010727644975676243
6.378727767641075,2.3741098993130105,COTO,cotonou,6.352268,2.402957,4329.943678412669,21238.37353,9.0,100.0,109.0,570.0,10,11.795477747917175,312.70649958883035,1.2860383316546267,1.7954777479171753,-0.0004394284336046241,1.1614757316562283,-0.0004317090180990718,1.1620750828765234,0.00037452879707903516,0.016433725574848866,1,-1.0,-1.0,0,0,3,2,1,31.0,63.0,200.0,16.6,1007.0,cotonou/COTO,319.0936288927952,81.4,78.2,0.20905765860224146
6.381153922190786,2.364394537189849,COTO,cotonou,6.352268,2.402957,5329.825412669333,21238.37353,9.0,100.0,109.0,570.0,10,13.353661060333252,307.0080888245518,1.0280905961085656,3.353661060333252,-6.616673665993225e-05,1.108753457877888,-8.338831089161063e-05,1.1026519348219974,-0.00021466016769409175,0.03601085501740042,0,5062.800091393314,5041.438065691233,1,5,3,12,1,30.7,55.0,293.0,13.0,1011.4,cotonou/COTO,344.11074176779897,66.5,70.4,0.5250883029672612
6.384405645982884,2.3754652623826167,COTO,cotonou,6.352268,2.402957,4677.878299131762,21238.37353,9.0,100.0,109.0,570.0,10,13.08376669883728,319.6317119664725,1.1746405185633155,3.0837666988372803,-0.00013362934421789897,1.054353144699063,-0.0001165022385501786,1.047774094391728,0.0006197873315327711,0.028442138845597053,0,4434.141153285217,4424.766647675735,1,2,3,7,1,31.0,59.0,170.0,13.0,1007.0,cotonou/COTO,342.02592664884946,70.2,70.5,0.16375130425829587
6.355832360790882,2.377946390431786,COTO,cotonou,6.352268,2.402957,2795.1120662374174,21238.37353,9.0,100.0,109.0,570.0,10,13.812283515930176,278.1616747890984,1.9504575803848294,3.812283515930176,3.7337617671236104e-05,0.5247601662062811,4.8230572750693895e-05,0.5270492192066497,-0.0007536225848727756,0.03645900014373429,1,-1.0,-1.0,0,0,5,10,1,33.0,63.0,210.0,13.0,1009.0,cotonou/COTO,247.88812658137354,62.4,59.2,0.16590686787653364
6.363451411003018,2.4160577303500146,COTO,cotonou,6.352268,2.402957,1905.3804772783892,21238.37353,9.0,100.0,109.0,570.0,10,15.098490238189697,49.338982965179184,2.82138445445975,5.098490238189697,0.0007247389604647954,0.41430507441091463,0.0006619269197637384,0.40845830141762285,-0.0018306970596313477,0.0803047530142975,1,-1.0,-1.0,0,0,6,5,1,33.0,63.0,248.0,13.0,1011.0,cotonou/COTO,306.3941828756752,57.9,65.7,0.8363042905502379
6.373996078431091,2.362658698322791,COTO,cotonou,6.352268,2.402957,5064.8071312006805,21238.37353,9.0,100.0,109.0,570.0,10,12.661763191223145,298.48309202245446,1.089697729249763,2.6617631912231445,-0.00020149587001973447,1.313144521496733,-0.0001855424505460564,1.3061410110245633,0.001912856101989746,0.07199171544861595,1,-1.0,-1.0,0,0,0,6,1,31.0,75.0,200.0,18.4,1008.0,cotonou/COTO,386.1779175456935,76.1,76.5,0.9891330026836055
6.363238843362917,2.3597111958184893,COTO,cotonou,6.352268,2.402957,4936.113211057692,21238.37353,9.0,100.0,109.0,570.0,10,11.669187426567078,284.32169499617436,1.1296179741011652,1.6691874265670776,-0.0004116775772788308,1.267233943417396,-0.00039938226669372444,1.2756698379342906,0.0003609120845794678,0.018994039627107728,1,-1.0,-1.0,0,0,1,0,1,33.0,48.0,210.0,9.4,1011.2,cotonou/COTO,275.55065323816524,67.2,65.7,0.5559694280284484
6.37454123711644,2.357207246529177,COTO,cotonou,6.352268,2.402957,5629.175319673581,21238.37353,9.0,100.0,109.0,570.0,10,13.733470916748047,296.1012636285184,0.9695645828709556,3.733470916748047,4.694943732403665e-06,1.329982669622976,-1.60252002247593e-05,1.3235816560103815,-0.0012680649757385255,0.061476905956261194,0,5313.309770673861,5324.590683138136,1,2,1,5,1,32.0,71.0,220.0,18.4,1009.0,cotonou/COTO,286.930169205042,65.2,72.1,0.8390697308817134
6.38728715912781,2.374528610878161,COTO,cotonou,6.352268,2.402957,4989.011095356944,21238.37353,9.0,100.0,109.0,570.0,10,13.484379053115845,321.1055504243624,1.096805229569507,3.4843790531158447,-4.443360897833237e-05,0.9814541779588307,-2.9352721133876547e-05,0.979456666380552,0.002149524297343296,0.08960218552313373,0,-1.0,4889.030913085261,0,2,5,9,1,31.8,57.0,210.0,13.0,1008.6,cotonou/COTO,358.8872214220909,62.5,66.1,0.9903216643262726
6.38201407465514,2.3751818540438037,COTO,cotonou,6.352268,2.402957,4501.591626129472,21238.37353,9.0,100.0,109.0,570.0,10,12.519683361053467,317.1407778096604,1.2278032355771584,2.519683361053467,-0.00026209891237170493,1.1366917991681174,-0.00024935346612642073,1.133267293866215,0.0014133561023900946,0.0619971208380569,1,-1.0,-1.0,0,0,1,1,1,32.1,54.0,211.0,13.0,1008.6,cotonou/COTO,217.8231826505345,70.5,64.4,0.1415958885687747
6.362097526314244,2.3598128245631056,COTO,cotonou,6.352268,2.402957,4895.657297970554,21238.37353,9.0,100.0,109.0,570.0,10,11.725147366523743,282.91375308545275,1.1382956108414501,1.7251473665237427,-0.0004028138348726722,1.1954977914179767,-0.0004156495104143999,1.2020525834594724,-0.0009896609529901578,0.029004287550603195,1,-1.0,-1.0,0,0,1,3,1,29.0,75.0,200.0,13.0,1010.0,cotonou/COTO,326.8907597349128,61.2,65.7,0.4482456132543511
6.363226313191534,2.383690689922465,COTO,cotonou,6.352268,2.402957,2452.013618534429,21238.37353,9.0,100.0,109.0,570.0,10,12.910440921783447,299.78360893427504,2.2441598457229435,2.9104409217834473,-0.00033397147459662276,0.8921470759318715,-0.0003971324080512637,0.912660940577594,-0.0029355764389038083,0.11901074227064287,1,-1.0,-1.0,0,0,4,10,1,31.9,70.0,220.0,18.4,1008.0,cotonou/COTO,160.52457568861385,62.4,54.4,0.3925727158419199
6.350080874418306,2.413136502509984,COTO,cotonou,6.352268,2.402957,1151.9467324362276,21238.37353,9.0,100.0,109.0,570.0,10,14.821142673492432,102.19806846815362,4.6738936122194845,4.821142673492432,0.0009522660165770439,0.2906763224952123,0.000654088190900601,0.29071523264887345,8.719762166341152e-05,0.14198838615187848,1,-1.0,-1.0,0,0,0,3,1,30.0,75.0,180.0,20.5,1011.0,cotonou/COTO,285.3045504368927,75.1,58.1,0.08004928364618502
6.370666294785111,2.3905940198440425,COTO,cotonou,6.352268,2.402957,2451.663589200983,21238.37353,9.0,100.0,109.0,570.0,10,11.982509016990662,326.2646607446697,2.2661322589447463,1.9825090169906616,-0.0007010091126449709,0.7362313629974804,-0.0006944731587455387,0.7802348943667207,-0.00028433269924587674,0.012794971466064453,1,-1.0,-1.0,0,0,2,1,1,32.0,63.0,210.0,16.6,1010.0,cotonou/COTO,292.9664112146319,61.2,84.9,0.7553301727947445
6.382236160449836,2.364000437717268,COTO,cotonou,6.352268,2.402957,5436.903028981339,21238.37353,9.0,100.0,109.0,570.0,10,13.399433612823486,307.74367453085796,1.0073647678109863,3.3994336128234863,-5.6329271295568424e-05,1.0916284255542612,-9.028198570086868e-05,1.0885385228812605,-0.002945443828117846,0.1025091935192455,0,-1.0,5240.782278436922,0,1,3,4,1,31.8,31.0,20.0,11.2,1010.9,cotonou/COTO,196.14362722252218,70.4,55.8,0.433779027322593
6.368559850988766,2.3907096307621183,COTO,cotonou,6.352268,2.402957,2254.3681084269556,21238.37353,9.0,100.0,109.0,570.0,10,12.388789892196655,323.2364997782134,2.453915841150874,2.3887898921966553,-0.001181568438044787,0.6203176839969593,-0.0007214367070002566,0.655117881064956,-0.005948467891138368,0.2136386278647372,1,-1.0,-1.0,0,0,3,1,1,32.0,63.0,210.0,16.6,1010.0,cotonou/COTO,281.07558431847417,70.8,86.3,0.4693269341904013
6.379715649322014,2.3655048068369724,COTO,cotonou,6.352268,2.402957,5136.450910616978,21238.37353,9.0,100.0,109.0,570.0,10,13.3091139793396,306.4078289995669,1.0672835866289585,3.3091139793395996,-7.710803386776949e-05,1.1406303738988717,-8.556763977041858e-05,1.1374047599096992,-0.0007299922323556942,0.021751333467900744,0,-1.0,5002.635556232167,0,1,1,12,1,30.7,55.0,293.0,13.0,1011.4,cotonou/COTO,325.9584504197963,66.5,64.2,0.15067297381324019
6.365126337429016,2.3710847953521,COTO,cotonou,6.352268,2.402957,3802.2250877155025,21238.37353,9.0,100.0,109.0,570.0,10,11.567285895347595,292.0955467013183,1.467893600344081,1.5672858953475952,-0.0005616025036088439,1.2896062211078876,-0.000567777797541261,1.309772333787878,-0.0006399393081665039,0.024951631420201886,1,-1.0,-1.0,0,0,1,2,1,31.0,63.0,180.0,9.4,1011.0,cotonou/COTO,265.7076628552334,62.4,59.4,0.18092665223086812
6.369819125593748,2.390535355552562,COTO,cotonou,6.352268,2.402957,2378.2340577029613,21238.37353,9.0,100.0,109.0,570.0,10,11.991061210632324,324.8787708143144,2.3358185249050005,1.9910612106323242,-0.0007149709264437356,0.716975718381202,-0.0007368652908890335,0.7456480125848824,-0.0019903341929117836,0.0734152227674921,1,-1.0,-1.0,0,0,0,4,1,32.0,63.0,210.0,16.6,1010.0,cotonou/COTO,203.52690731203887,61.2,86.3,0.907103622156215
6.356925896471606,2.376326236913154,COTO,cotonou,6.352268,2.402957,2991.117259237607,21238.37353,9.0,100.0,109.0,570.0,10,13.96133041381836,279.9826298432554,1.8198829503645566,3.9613304138183594,7.105017598673094e-05,0.5773534268851775,8.422806372050367e-05,0.5774836180442581,-0.0008899370829264323,0.03519981416555662,1,-1.0,-1.0,0,0,1,9,1,31.5,70.0,236.0,9.3,1011.4,cotonou/COTO,241.82719946273568,59.2,53.0,0.04464908897427888
6.365609711370967,2.3683270568965127,COTO,cotonou,6.352268,2.402957,4105.695354925443,21238.37353,9.0,100.0,109.0,570.0,10,11.46805214881897,291.19074765807625,1.360821418253929,1.4680521488189697,-0.0005447540840093236,1.3377242352613614,-0.0005442770528188509,1.3538386898426056,-0.0003410669441809796,0.006498428332675222,1,-1.0,-1.0,0,0,3,5,1,30.0,55.0,310.0,7.6,1013.0,cotonou/COTO,327.63056038773834,62.5,66.1,0.23285228494370624
6.365130188478551,2.367697389167779,COTO,cotonou,6.352268,2.402957,4152.321148758707,21238.37353,9.0,100.0,109.0,570.0,10,11.478045463562012,290.15727855905607,1.345408790644532,1.4780454635620117,-0.0005356816549196907,1.3041984644978455,-0.0005292933319759143,1.3213463487282557,-0.00015532374382019044,0.007308360997208965,1,-1.0,-1.0,0,0,2,3,1,30.1,50.0,198.0,11.1,1009.1,cotonou/COTO,211.07519039432174,58.0,62.5,0.29205933031452835
6.348163528884736,2.3823168676933175,COTO,cotonou,6.352268,2.402957,2328.317907569341,21238.37353,9.0,100.0,109.0,570.0,10,11.046527743339539,258.6864486594353,2.4090408409576183,1.0465277433395386,-0.0011515386156292398,0.7138562113320168,-0.0011998979711807768,0.8322805771131511,-0.006434006421321627,0.2355343445773659,1,-1.0,-1.0,0,0,2,3,1,32.0,71.0,200.0,18.4,1008.0,cotonou/COTO,377.3020461115892,55.9,63.1,0.4901975424015864
6.363601051162111,2.38613804913652,COTO,cotonou,6.352268,2.402957,2243.5406072970727,21238.37353,9.0,100.0,109.0,570.0,10,12.911285638809204,304.1380567606643,2.452425060039704,2.911285638809204,-0.00035672947112380427,0.9062562771799004,-0.0004342570252288013,0.9192960538441686,-0.002547348364336109,0.05106265600716573,1,-1.0,-1.0,0,0,6,10,1,31.9,70.0,220.0,18.4,1008.0,cotonou/COTO,376.3702126895599,62.4,66.2,0.5864451730147959
6.350704867863534,2.4139960431497696,COTO,cotonou,6.352268,2.402957,1233.540139771013,21238.37353,9.0,100.0,109.0,570.0,10,15.357537269592285,98.10802469948914,4.3412019332423295,5.357537269592285,0.0013099570122976152,0.5014460385868952,0.001197300763836729,0.5169701151726118,-0.003631594541277232,0.10687685097409563,1,-1.0,-1.0,0,0,0,10,1,30.0,75.0,180.0,20.5,1011.0,cotonou/COTO,285.3045504368927,75.1,58.1,0.4932899758506666
6.379895512712832,2.3719293363030207,COTO,cotonou,6.352268,2.402957,4595.538133441131,21238.37353,9.0,100.0,109.0,570.0,10,11.954633474349976,311.8601555270293,1.2097524736999414,1.9546334743499756,-0.0003792982596855659,1.157189234032336,-0.00032624640288037417,1.155194536331796,0.002692174499489315,0.0850847542399474,1,-1.0,-1.0,0,0,0,2,1,30.0,70.0,210.0,16.6,1007.0,cotonou/COTO,333.8960444509769,78.2,66.5,0.08411533455688203
6.379019564855672,2.362900638677186,COTO,cotonou,6.352268,2.402957,5328.4600984405315,21238.37353,9.0,100.0,109.0,570.0,10,12.079209804534912,303.9029730222096,1.042053393486953,2.079209804534912,-0.0003388194799383814,1.1649910629191984,-0.0003367528429737797,1.1652106188909777,-0.0034799526135126753,0.18681698145944386,0,4783.867984171058,4794.54626092144,4,4,2,3,1,31.8,31.0,20.0,11.2,1010.9,cotonou/COTO,316.153254609243,78.2,76.1,0.24366745405571355
6.3626853593684185,2.365325279143392,COTO,cotonou,6.352268,2.402957,4319.9950509418095,21238.37353,9.0,100.0,109.0,570.0,10,11.583837389945984,285.5665588935653,1.2918045313712583,1.5838373899459839,-0.00049150655891412,1.1614598979506905,-0.0004854247001409362,1.1825053543301467,-6.632453963409221e-05,0.009170027169042258,1,-1.0,-1.0,0,0,3,8,1,33.0,48.0,210.0,9.4,1011.2,cotonou/COTO,239.71117558433022,60.2,63.0,0.8435883847625412
6.354324077853398,2.411394836926469,COTO,cotonou,6.352268,2.402957,960.8561254114078,21238.37353,9.0,100.0,109.0,570.0,10,15.401227474212646,76.22353868315605,5.563733958950132,5.4012274742126465,0.001711349535470057,0.5713815193017987,0.0014564625424971361,0.5679515267678894,-0.0037805276415008287,0.1143818089936978,1,-1.0,-1.0,0,0,1,4,1,32.0,71.0,220.0,16.6,1011.0,cotonou/COTO,387.43452466200705,58.7,70.9,0.6375887004784591
6.365113493550922,2.3713135085094983,COTO,cotonou,6.352268,2.402957,3778.2343105003415,21238.37353,9.0,100.0,109.0,570.0,10,11.567285895347595,292.21965862514213,1.4772102151651965,1.5672858953475952,-0.0005669789528096011,1.2874035878119257,-0.0005677819872895877,1.307280599146919,-0.000790519184536404,0.02994916217867338,1,-1.0,-1.0,0,0,1,2,1,31.0,63.0,180.0,9.4,1011.0,cotonou/COTO,64.38956825449732,62.4,66.8,0.6491490501342744
6.361327144303135,2.378603492282828,COTO,cotonou,6.352268,2.402957,2874.6816289828307,21238.37353,9.0,100.0,109.0,570.0,10,12.977566719055176,290.5215404521355,1.9131285068038952,2.977566719055176,-0.0002532724705007341,0.9137295050121411,-0.00025969817351523635,0.926931585232371,-0.00037875461214089486,0.02345102510913898,1,-1.0,-1.0,0,0,7,9,1,31.7,62.0,220.0,11.2,1010.7,cotonou/COTO,289.18429314187705,65.7,65.8,0.6702032553513549
6.386750451124933,2.3740260156720776,COTO,cotonou,6.352268,2.402957,4978.646924521064,21238.37353,9.0,100.0,109.0,570.0,10,13.452208042144775,320.1793464614044,1.0994580137824068,3.4522080421447754,-4.980040173417691e-05,1.0100692927114685,-3.7877221572157015e-05,1.0051027760792166,0.0013721369292394798,0.041061638700570974,1,-1.0,-1.0,0,0,6,7,1,31.8,57.0,210.0,13.0,1008.6,cotonou/COTO,358.8872214220909,62.5,66.1,0.7629030190395291
6.3613250547938085,2.3606633235098475,COTO,cotonou,6.352268,2.402957,4785.349787525745,21238.37353,9.0,100.0,109.0,570.0,10,11.977882146835327,282.1620436873526,1.1615026284348142,1.9778821468353271,-0.00036023110151290884,1.1090723501866442,-0.00037819510134159284,1.122978491751621,-0.0009805987278620402,0.05290451165061278,1,-1.0,-1.0,0,0,0,0,1,29.0,75.0,200.0,13.0,1010.0,cotonou/COTO,326.8907597349128,61.2,65.7,0.058108481721447336
6.361976211524509,2.36089998251548,COTO,cotonou,6.352268,2.402957,4775.418291480716,21238.37353,9.0,100.0,109.0,570.0,10,11.743977189064026,283.0781604307052,1.1667228020642517,1.7439771890640259,-0.00040896130104859675,1.1812086800285315,-0.00040523421557609157,1.1874219396837422,1.2910039921306343e-05,0.0020810581241968826,1,-1.0,-1.0,0,0,0,4,1,29.0,75.0,200.0,13.0,1010.0,cotonou/COTO,234.36776676836976,61.2,67.2,0.3666083849326124
6.355355631556722,2.3765666744019835,COTO,cotonou,6.352268,2.402957,2939.7296053185873,21238.37353,9.0,100.0,109.0,570.0,10,14.178149700164795,276.7155166662236,1.8474518400753375,4.178149700164795,0.0001606485006070179,0.47386726128418255,0.00017873009045918793,0.4713901679987031,0.0010087384117974175,0.04000466909154357,1,-1.0,-1.0,0,0,3,5,1,33.0,63.0,210.0,13.0,1009.0,cotonou/COTO,350.5649932608698,62.4,56.3,0.5395274352616787
6.382872445968555,2.375420461083497,COTO,cotonou,6.352268,2.402957,4553.71275006131,21238.37353,9.0,100.0,109.0,570.0,10,12.7691969871521,318.1982706824501,1.2106161809680798,2.7691969871520996,-0.00020691278635500096,1.1040786641861526,-0.00019735924810530044,1.0971388420461712,0.00010929839082678117,0.02332528011115787,1,-1.0,-1.0,0,0,2,6,1,32.1,54.0,211.0,13.0,1008.6,cotonou/COTO,342.02592664884946,70.5,70.2,0.338456483297326
6.365991135211301,2.41731965746493,COTO,cotonou,6.352268,2.402957,2197.3385506273116,21238.37353,9.0,100.0,109.0,570.0,10,14.483123302459717,46.126971907489065,2.463016867877238,4.483123302459717,0.00034960894971280477,0.41145649222517894,0.00026847216582084774,0.4160394611970749,-0.002827807988776494,0.10459086720726168,1,-1.0,-1.0,0,0,7,9,1,33.0,63.0,248.0,13.0,1011.0,cotonou/COTO,337.6225164292086,57.9,61.6,0.8444788732871865
6.360443804790371,2.4053106138694074,COTO,cotonou,6.352268,2.402957,940.8974034911387,21238.37353,9.0,100.0,109.0,570.0,10,14.78027057647705,15.966002306377618,5.718430318856456,4.780270576477051,0.001117999106645584,0.44300448226771183,0.0011718411071627748,0.43878583964105033,0.0013346195220947264,0.06487089201125,1,-1.0,-1.0,0,0,4,2,1,31.0,75.0,210.0,18.4,1008.0,cotonou/COTO,320.01321175851473,66.4,70.5,0.48257250858729395
6.353383881991511,2.374340117796616,COTO,cotonou,6.352268,2.402957,3168.588707359682,21238.37353,9.0,100.0,109.0,570.0,10,14.161951065063477,272.24841703022173,1.7143904407072161,4.161951065063477,0.00014362779441575926,0.3697036310574987,0.00013947523670432003,0.36821714634052527,-0.00015731255213419598,0.007276183562333408,1,-1.0,-1.0,0,0,8,7,1,29.6,72.0,220.0,14.8,1010.1,cotonou/COTO,313.5332494330497,61.8,78.1,0.7686275894593791
6.372398741102959,2.4068960023610857,COTO,cotonou,6.352268,2.402957,2268.472280197237,21238.37353,9.0,100.0,109.0,570.0,10,13.540399074554443,11.004505261421855,2.409642505452354,3.5403990745544434,-7.306682436089768e-05,0.4671411786899372,-0.00014576473806658362,0.49270686394448976,-0.001990582545598348,0.09529459579045138,1,-1.0,-1.0,0,0,1,0,1,32.0,75.0,200.0,20.5,1010.0,cotonou/COTO,338.55000000000837,75.5,80.8,0.852015516881169
6.362000194317829,2.3844680186342293,COTO,cotonou,6.352268,2.402957,2311.4651454784266,21238.37353,9.0,100.0,109.0,570.0,10,13.322573900222778,297.90827374638724,2.3702650835389565,3.3225739002227783,-0.00016428099738226987,0.8647675865499805,-0.00012344922211568468,0.8660877732057318,0.002142262321852072,0.06287770844160981,1,-1.0,-1.0,0,0,5,8,1,31.9,70.0,220.0,18.4,1008.0,cotonou/COTO,350.04620409299224,62.4,75.2,0.5047914829034981
6.382610946259083,2.3652377761049665,COTO,cotonou,6.352268,2.402957,5354.906440298329,21238.37353,9.0,100.0,109.0,570.0,10,13.98300290107727,308.9900382907602,1.0165446838945829,3.9830029010772705,5.139878342271523e-05,1.0966490563331495,2.4850460705836227e-05,1.093101957570428,-0.0010259826978047688,0.06031463131084836,0,-1.0,5215.399859689354,0,3,3,3,1,33.0,28.0,70.0,11.2,1010.0,cotonou/COTO,379.59078834977134,68.0,55.8,0.9095522438713499
6.378994590836477,2.3652347376587533,COTO,cotonou,6.352268,2.402957,5114.092322679642,21238.37353,9.0,100.0,109.0,570.0,10,13.325892210006714,305.48735414740435,1.071760708101316,3.325892210006714,-7.428834777594078e-05,1.1542481411803505,-9.518891630374859e-05,1.1476026844111529,-0.000981740156809489,0.05177575584604004,1,-1.0,-1.0,0,0,1,12,1,30.7,55.0,293.0,13.0,1011.4,cotonou/COTO,325.9584504197963,64.2,66.5,0.5871239405369806
6.38021897060325,2.371750287237653,COTO,cotonou,6.352268,2.402957,4634.136185989651,21238.37353,9.0,100.0,109.0,570.0,10,12.122717142105103,312.027829587652,1.1976020633178204,2.1227171421051025,-0.000314695737904815,1.1549648456783799,-0.0003086278393010425,1.1509804718397816,0.0018831511338551839,0.09952950787800051,1,-1.0,-1.0,0,0,0,0,1,30.7,45.0,199.0,11.1,1008.8,cotonou/COTO,383.9027712846491,58.1,78.2,0.8502742988337217
6.361811804166954,2.4051216170389185,COTO,cotonou,6.352268,2.402957,1082.2602549068379,21238.37353,9.0,100.0,109.0,570.0,10,15.063660621643066,12.702840333324446,4.960637537759546,5.063660621643066,0.0012222244932844834,0.42909198750114697,0.0012532801655521417,0.4316593242829948,0.0013995444327074972,0.037658590851957,1,-1.0,-1.0,0,0,3,11,1,31.6,70.0,230.0,16.6,1013.0,cotonou/COTO,240.45018714908818,64.4,70.5,0.3405907955915243
6.383619408479266,2.38168850936775,COTO,cotonou,6.352268,2.402957,4190.1924657684895,21238.37353,9.0,100.0,109.0,570.0,10,14.49460506439209,326.0131449000746,1.292027148480821,4.49460506439209,0.00019016855660020028,1.0066637755067314,0.00018927698404016627,1.0097878073879094,0.00041331715053982205,0.015429838173312848,1,-1.0,-1.0,0,0,7,7,1,31.8,56.0,180.0,11.2,1007.4,cotonou/COTO,150.4694972410793,71.8,75.6,0.4988169585314852
6.362860112889606,2.407000133744485,COTO,cotonou,6.352268,2.402957,1253.8688540102262,21238.37353,9.0,100.0,109.0,570.0,10,15.084323406219482,20.774732492702924,4.28349662726665,5.084323406219482,0.0010886054086245202,0.44295030727409057,0.0010447597864902379,0.44052936900791284,-0.00020617379082573783,0.008318325956047885,1,-1.0,-1.0,0,0,3,7,1,32.0,63.0,180.0,14.8,1011.0,cotonou/COTO,373.8657305772486,58.8,70.5,0.5314110410045777
6.379637738843742,2.3635567023323554,COTO,cotonou,6.352268,2.402957,5306.932695409413,21238.37353,9.0,100.0,109.0,570.0,10,12.526562452316284,304.95450080495715,1.0414513159351864,2.526562452316284,-0.0002273172365029817,1.1420780030711348,-0.00028663792084460116,1.137871417735426,-0.005508062902006942,0.11278139770946176,0,-1.0,4796.446183626544,0,14,0,15,1,31.8,31.0,20.0,11.2,1010.9,cotonou/COTO,267.89890817251177,78.2,66.5,0.10497971589607058
6.355233623651742,2.3744843449391433,COTO,cotonou,6.352268,2.402957,3167.2474643409673,21238.37353,9.0,100.0,109.0,570.0,10,14.617239475250244,275.98436993006385,1.706887140940099,4.617239475250244,0.0002862415223751428,0.43650702935584773,0.00026987077277383685,0.4324571043392929,0.00024352868398030595,0.024081634550418243,1,-1.0,-1.0,0,0,3,9,1,29.6,72.0,220.0,14.8,1010.1,cotonou/COTO,182.1212014017086,56.3,61.8,0.39855250670154063
6.37247191622488,2.4002884701065823,COTO,cotonou,6.352268,2.402957,2253.731157436424,21238.37353,9.0,100.0,109.0,570.0,10,11.954299449920654,352.5218970104936,2.4656340594885555,1.9542994499206543,-0.0008489232408340847,0.9109914525635118,-0.0007668334283302149,0.9318827487970878,-0.0007302764030292279,0.023022746673068837,1,-1.0,-1.0,0,0,0,3,1,32.0,75.0,200.0,20.5,1010.0,cotonou/COTO,270.87866527279124,86.5,87.4,0.9173376725516761
6.365671298819594,2.366497626147617,COTO,cotonou,6.352268,2.402957,4297.540907690126,21238.37353,9.0,100.0,109.0,570.0,10,11.468141078948975,290.3013843902454,1.3000934483542843,1.4681410789489746,-0.0005182523970250729,1.3457337667095288,-0.0005174987087162022,1.3527555799320168,-0.00010420224995063925,0.00548970959557172,1,-1.0,-1.0,0,0,2,3,1,30.1,50.0,198.0,11.1,1009.1,cotonou/COTO,167.19783760562936,58.0,66.1,0.6308322403647424
6.368438021063798,2.3893168561874907,COTO,cotonou,6.352268,2.402957,2339.9066284880373,21238.37353,9.0,100.0,109.0,570.0,10,12.063481569290161,320.02586708192626,2.372265297232915,2.063481569290161,-0.0007047768822055712,0.7385932576301512,-0.0007414493595984948,0.788899198149144,-0.0035466899750692914,0.11684620196137936,1,-1.0,-1.0,0,0,5,4,1,32.0,63.0,210.0,16.6,1010.0,cotonou/COTO,370.2078816016378,62.3,84.9,0.17750658243696749
6.362998027290268,2.383376461093663,COTO,cotonou,6.352268,2.402957,2470.070104897412,21238.37353,9.0,100.0,109.0,570.0,10,13.125631093978882,298.8727871955959,2.222787349804267,3.125631093978882,-0.00023347804824032449,0.8815546169208256,-0.0003279574333675323,0.8934845726670992,-0.003117121590508355,0.13200464067216613,1,-1.0,-1.0,0,0,3,7,1,31.7,62.0,220.0,11.2,1010.7,cotonou/COTO,160.52457568861385,54.4,62.4,0.33885563560960497
6.3584945723969595,2.380104984779661,COTO,cotonou,6.352268,2.402957,2620.4340689771734,21238.37353,9.0,100.0,109.0,570.0,10,13.41658616065979,285.332683254534,2.089004774514481,3.41658616065979,-0.00011000199751420463,0.7163713203116637,-0.00010503126158799956,0.722583103780085,3.0996485785398926e-05,0.008079562080222095,1,-1.0,-1.0,0,0,4,3,1,31.9,70.0,220.0,18.4,1008.0,cotonou/COTO,331.6838992172874,70.7,65.8,0.19160300966269983
6.3734534392489754,2.359511594892993,COTO,cotonou,6.352268,2.402957,5347.296333329205,21238.37353,9.0,100.0,109.0,570.0,10,13.777858972549438,296.13756387645964,1.020188497332453,3.7778589725494385,1.3196934534850734e-05,1.3533955196812113,3.697161234089797e-05,1.3509537673298242,0.0023269361396644913,0.0790621255917378,1,-1.0,-1.0,0,0,1,8,1,31.5,72.0,200.0,11.2,1008.3,cotonou/COTO,246.89454307456222,63.4,65.2,0.02482313179857254
6.363289794810733,2.4164073585214143,COTO,cotonou,6.352268,2.402957,1923.5957227420936,21238.37353,9.0,100.0,109.0,570.0,10,15.126235008239746,50.493217783621105,2.7938858351133486,5.126235008239746,0.0007278172175089519,0.40426392647552145,0.0006677534845140246,0.40089123856286046,-0.0016191058688693576,0.06309051857998357,1,-1.0,-1.0,0,0,4,2,1,33.0,63.0,248.0,13.0,1011.0,cotonou/COTO,374.3070762089054,61.6,65.7,0.9274604585040267
6.378840279035126,2.3757360362473596,COTO,cotonou,6.352268,2.402957,4207.771683933303,21238.37353,9.0,100.0,109.0,570.0,10,11.845074772834778,314.4877489723686,1.3226901771118749,1.8450747728347778,-0.00041243132757378325,1.1750442902920688,-0.00042608845188264266,1.175147584847949,0.0008681494346119385,0.029713441456862527,1,-1.0,-1.0,0,0,1,8,1,31.0,63.0,200.0,16.6,1007.0,cotonou/COTO,296.22029927065233,81.4,81.4,0.4482073282568715
6.383538554307272,2.372292707420189,COTO,cotonou,6.352268,2.402957,4844.439323775048,21238.37353,9.0,100.0,109.0,570.0,10,12.892058372497559,315.7397860621285,1.136531353066477,2.8920583724975586,-0.00018012256156972741,1.1243565833393303,-0.00016832807199741764,1.1175746355021678,-0.000365746021270752,0.023753482044723138,1,-1.0,-1.0,0,0,4,10,1,34.0,32.0,222.0,5.4,1009.0,cotonou/COTO,268.94546398849457,53.4,64.4,0.30753507242078615
6.372749324843345,2.4010154720032486,COTO,cotonou,6.352268,2.402957,2275.1501594737806,21238.37353,9.0,100.0,109.0,570.0,10,11.966975569725037,354.6180911315856,2.442131377614652,1.9669755697250366,-0.0007648986232100191,0.8743100955092722,-0.0007478372663514227,0.9181739987746845,-0.0003001014391581218,0.011033629577234926,1,-1.0,-1.0,0,0,1,7,1,32.0,75.0,200.0,20.5,1010.0,cotonou/COTO,270.87866527279124,86.5,87.4,0.5984771915577366
6.379537115827726,2.3692008045901924,COTO,cotonou,6.352268,2.402957,4800.217260755754,21238.37353,9.0,100.0,109.0,570.0,10,12.293725728988647,309.1073718099516,1.1541377453571766,2.2937257289886475,-0.0002938359524931882,1.1404330219365835,-0.0002582701635949406,1.1354731094766102,0.0023902522193060983,0.09545424837539278,1,-1.0,-1.0,0,0,3,5,1,30.7,55.0,293.0,13.0,1011.4,cotonou/COTO,260.0268288079785,66.5,58.1,0.0073144562930156365
6.363197131820558,2.36176559371904,COTO,cotonou,6.352268,2.402957,4714.935119959576,21238.37353,9.0,100.0,109.0,570.0,10,11.629999995231628,284.94978359341957,1.183069759603534,1.6299999952316284,-0.00043818384786195385,1.2491006336866748,-0.0004320263597221732,1.2550797051055866,0.00021745769436498047,0.006110732746196557,1,-1.0,-1.0,0,0,2,8,1,33.0,48.0,210.0,9.4,1011.2,cotonou/COTO,272.838812854726,67.2,60.2,0.27802210660081383
6.34769878661372,2.3850804895292343,COTO,cotonou,6.352268,2.402957,2041.4017938816164,21238.37353,9.0,100.0,109.0,570.0,10,11.202352404594421,255.57840496520834,2.7427778300763626,1.2023524045944214,-0.0012099705456535595,0.6635245973170084,-0.0018086285270383338,0.7725151896245489,-0.019137622296781228,0.4816841732475755,1,-1.0,-1.0,0,0,2,6,1,32.0,71.0,200.0,18.4,1008.0,cotonou/COTO,170.17425892305585,63.1,72.8,0.7030334656988926
6.360596136382448,2.3954797146750377,COTO,cotonou,6.352268,2.402957,1237.9919322441715,21238.37353,9.0,100.0,109.0,570.0,10,13.788563013076782,318.2574145684777,4.3978444502048255,3.7885630130767822,6.473934839642237e-05,0.4087355956721486,-5.5104094264942036e-05,0.4241628112595667,-0.0023212859012271356,0.08104304869783367,1,-1.0,-1.0,0,0,3,2,1,32.6,66.0,210.0,11.2,1010.9,cotonou/COTO,204.60464730791253,56.5,68.1,0.633769773069263
6.369450020186554,2.3921125202519375,COTO,cotonou,6.352268,2.402957,2247.228672289859,21238.37353,9.0,100.0,109.0,570.0,10,12.700530290603638,327.9018965960284,2.453768768120786,2.7005302906036377,-0.0004536709087890733,0.5326173423294134,-0.0005241045188078117,0.5813649358742249,-0.00345405207739936,0.12898130410215608,1,-1.0,-1.0,0,0,2,4,1,33.0,67.0,200.0,18.4,1012.0,cotonou/COTO,292.9664112146319,84.9,61.2,0.9818059475425355
6.362003452386815,2.3609038926871024,COTO,cotonou,6.352268,2.402957,4775.674863666409,21238.37353,9.0,100.0,109.0,570.0,10,11.743977189064026,283.1147619748328,1.1666601374377956,1.7439771890640259,-0.0004089613010485967,1.1838083139668933,-0.000405244148645425,1.1899911140202242,1.2376965200405833e-05,0.0020810581241968826,1,-1.0,-1.0,0,0,0,5,1,33.0,48.0,210.0,9.4,1011.2,cotonou/COTO,234.36776676836976,67.2,61.2,0.620357709658044
6.3833424861011565,2.366340891739839,COTO,cotonou,6.352268,2.402957,5312.31918560941,21238.37353,9.0,100.0,109.0,570.0,10,14.203169822692871,310.4968559291682,1.0223184414540494,4.203169822692871,9.291730123512753e-05,1.110223190408269,5.363811447741492e-05,1.1085895155000356,-0.0023647669235222196,0.07915263602364143,1,-1.0,-1.0,0,0,2,7,1,34.0,32.0,222.0,5.4,1009.0,cotonou/COTO,379.59078834977134,55.8,68.0,0.4775058736277328
6.363018269951622,2.362940281128537,COTO,cotonou,6.352268,2.402957,4584.263361492604,21238.37353,9.0,100.0,109.0,570.0,10,11.62326443195343,285.1281747225145,1.2168666218839521,1.6232644319534302,-0.00045500943867031164,1.2257798318212125,-0.00044881536114600403,1.2401053027409756,-0.00020077361000908744,0.007472991106345643,1,-1.0,-1.0,0,0,3,11,1,33.0,48.0,210.0,9.4,1011.2,cotonou/COTO,272.838812854726,67.2,60.2,0.7614325631840076
6.369225689022648,2.392039793774039,COTO,cotonou,6.352268,2.402957,2230.6385074667355,21238.37353,9.0,100.0,109.0,570.0,10,12.683168888092041,327.3883623417989,2.4724410001273736,2.683168888092041,-0.00045503224266899955,0.5389438893191638,-0.0005347851376867626,0.5616648937566554,-0.004728201463698061,0.15037110733411937,1,-1.0,-1.0,0,0,2,2,1,32.0,63.0,210.0,16.6,1010.0,cotonou/COTO,256.496478923207,70.8,61.2,0.9033278719640531
6.362696950475359,2.3843259615535675,COTO,cotonou,6.352268,2.402957,2362.0351422685058,21238.37353,9.0,100.0,109.0,570.0,10,13.23507809638977,299.3903651131118,2.3216938245719194,3.2350780963897705,-0.00022726811625443287,0.8703786618138941,-0.00022390742360809708,0.8779442477638558,-0.00259402592976888,0.09534187198820657,1,-1.0,-1.0,0,0,4,10,1,33.0,63.0,210.0,18.4,1008.0,cotonou/COTO,350.04620409299224,75.2,62.4,0.7206959467183516
6.355466888542781,2.373539798908925,COTO,cotonou,6.352268,2.402957,3273.8945476478925,21238.37353,9.0,100.0,109.0,570.0,10,14.677647590637207,276.24576166889955,1.6502602986438646,4.677647590637207,0.00038430378092836235,0.43808256586484184,0.0003098776370214415,0.4363979658100314,0.0010167862879533307,0.03138641432459088,1,-1.0,-1.0,0,0,0,15,1,32.4,63.0,230.0,7.6,1010.7,cotonou/COTO,248.80347304650218,53.0,61.8,0.9632112235493796
6.362895295604872,2.3832350539502363,COTO,cotonou,6.352268,2.402957,2478.39587551086,21238.37353,9.0,100.0,109.0,570.0,10,13.036900520324707,298.4672298159693,2.217375920575702,3.036900520324707,-0.00029441743224342947,0.8764008176958347,-0.0003714410931456322,0.8964936473749877,-0.004568874835968018,0.213267986115432,1,-1.0,-1.0,0,0,3,7,1,31.9,70.0,220.0,18.4,1008.0,cotonou/COTO,160.52457568861385,62.4,54.4,0.7820051707381772
6.3849446720575305,2.3727582434838577,COTO,cotonou,6.352268,2.402957,4921.524106004624,21238.37353,9.0,100.0,109.0,570.0,10,12.74147367477417,317.4352720447956,1.1204870842731796,2.74147367477417,-0.00019622965564755556,1.0856658067220288,-0.00020114243287304396,1.079610108306949,-0.0002658062607190788,0.021248063417735157,0,-1.0,4724.268630814057,0,3,0,5,1,31.0,59.0,170.0,13.0,1007.0,cotonou/COTO,348.5682791075882,70.2,62.5,0.8668014382619265
6.346085499412238,2.4019883536694335,COTO,cotonou,6.352268,2.402957,692.0581957849117,21238.37353,9.0,100.0,109.0,570.0,10,12.279792308807373,188.8507601265669,7.955973418400045,2.279792308807373,-0.001982221007347107,0.4445976374239717,-0.002247360865275065,0.5057468334679708,-0.005294299125671386,0.19923850849352634,1,-1.0,-1.0,0,0,2,4,1,31.0,71.0,180.0,18.4,1010.0,cotonou/COTO,393.11085268658167,69.1,75.8,0.11410407118363719
6.359076785823952,2.3958595453149703,COTO,cotonou,6.352268,2.402957,1087.9328641461975,21238.37353,9.0,100.0,109.0,570.0,10,14.45345163345337,313.9876914706257,4.966797447121113,4.453451633453369,0.0006724866660865578,0.4496076742341689,0.0005709323966712282,0.44584164845158286,-0.004260391659206814,0.15715707902703874,1,-1.0,-1.0,0,0,3,10,1,31.0,71.0,210.0,20.5,1010.0,cotonou/COTO,237.15585761266473,58.3,56.5,0.7324135029937877
6.36853542171395,2.3916482988825387,COTO,cotonou,6.352268,2.402957,2191.297429757128,21238.37353,9.0,100.0,109.0,570.0,10,12.740995645523071,325.3601952212639,2.5152638857083,2.7409956455230713,-0.0004351332380964949,0.5442581835546889,-0.0005690367957210198,0.5728686801802381,-0.0034926333533119515,0.11696676346903613,1,-1.0,-1.0,0,0,3,11,1,32.0,63.0,210.0,16.6,1010.0,cotonou/COTO,256.496478923207,61.2,70.8,0.4400886995273686
6.363939793935666,2.3664896557036172,COTO,cotonou,6.352268,2.402957,4236.159034332965,21238.37353,9.0,100.0,109.0,570.0,10,11.516358852386475,287.85277611780305,1.3182733541337792,1.5163588523864746,-0.0005142330004015998,1.2384467990193722,-0.0005080024301744452,1.2480957773687373,0.0001962335353962578,0.00590672486971978,1,-1.0,-1.0,0,0,2,6,1,33.0,39.0,280.0,7.6,1012.0,cotonou/COTO,309.4591612797848,63.0,58.0,0.5531038024112752
6.3718136798196126,2.3896852998190945,COTO,cotonou,6.352268,2.402957,2613.0890385585417,21238.37353,9.0,100.0,109.0,570.0,10,11.94255816936493,325.9881657643591,2.1271478058581508,1.9425581693649292,-0.0006683459336107428,0.8591388551100801,-0.0006506174514896772,0.87329601476776,0.0006350972848325299,0.01743727494048138,1,-1.0,-1.0,0,0,0,15,1,33.0,67.0,190.0,20.5,1010.0,cotonou/COTO,271.69843466620387,73.3,84.9,0.6541024094823568
6.351567575150066,2.4071918500815106,COTO,cotonou,6.352268,2.402957,474.90597635053297,21238.37353,9.0,100.0,109.0,570.0,10,14.090419292449951,99.44817167843206,11.301624491136275,4.090419292449951,0.0008142080998376459,0.14744124456768504,0.0007746692057009096,0.15529932761406093,0.0007741451263427734,0.028889230720783917,1,-1.0,-1.0,0,0,0,1,1,31.4,69.0,240.0,16.6,1010.7,cotonou/COTO,286.83997943094687,71.6,75.4,0.9698151167055694
6.348334448109315,2.3807121260847612,COTO,cotonou,6.352268,2.402957,2499.3415169270347,21238.37353,9.0,100.0,109.0,570.0,10,12.225592136383057,259.9126628626276,2.217382705967344,2.2255921363830566,-0.0005576361840871813,0.6711868755623585,-0.001367311527709728,0.8146123124360894,-0.022447240446126494,0.8581828133720554,1,-1.0,-1.0,0,0,0,0,1,32.0,71.0,200.0,18.4,1008.0,cotonou/COTO,377.3020461115892,63.1,55.9,0.9845780814316246
6.356531067845776,2.376947457689243,COTO,cotonou,6.352268,2.402957,2916.0605875562737,21238.37353,9.0,100.0,109.0,570.0,10,13.981553316116333,279.36620539371273,1.8662953852489368,3.981553316116333,9.338839524457244e-05,0.5563454043013341,0.0001317168025258983,0.5550760435966621,0.002451820176849653,0.0779873598686946,1,-1.0,-1.0,0,0,1,9,1,31.5,70.0,236.0,9.3,1011.4,cotonou/COTO,247.88812658137354,59.2,62.4,0.28822824548790527
6.355568074216417,2.4110309215725105,COTO,cotonou,6.352268,2.402957,964.9729954183106,21238.37353,9.0,100.0,109.0,570.0,10,15.853063106536865,67.6442083144978,5.513566237664641,5.853063106536865,0.002035322511175665,0.6552057331213621,0.001985211232129265,0.6581987678288185,-0.0010190645853678387,0.062151273290241574,1,-1.0,-1.0,0,0,8,3,1,31.5,68.0,230.0,13.0,1012.0,cotonou/COTO,387.43452466200705,70.9,58.7,0.7337534974379162
6.366892540990541,2.400424978599316,COTO,cotonou,6.352268,2.402957,1641.380247118502,21238.37353,9.0,100.0,109.0,570.0,10,13.437885522842407,350.236881201954,3.332032276025594,3.4378855228424072,-0.000163094491669626,0.5637544304623059,-0.00018008312983819617,0.5785863273302934,-0.00043151378631591804,0.02400582364611937,1,-1.0,-1.0,0,0,3,6,1,32.0,63.0,210.0,14.8,1011.0,cotonou/COTO,311.79147214124436,68.2,66.0,0.7499835379352686
6.354315741775914,2.374942893854891,COTO,cotonou,6.352268,2.402957,3107.752229021919,21238.37353,9.0,100.0,109.0,570.0,10,14.432661533355713,274.2079953119038,1.7429439460678569,4.432661533355713,0.00026097145673310444,0.4109443087882915,0.0002531668675020806,0.4070880216901266,0.0020410776138305663,0.09955195794639933,1,-1.0,-1.0,0,0,4,3,1,29.6,72.0,220.0,14.8,1010.1,cotonou/COTO,267.64813860748006,56.3,78.1,0.3464928613130488
6.377564900482188,2.361838101221772,COTO,cotonou,6.352268,2.402957,5340.63478369728,21238.37353,9.0,100.0,109.0,570.0,10,12.682459592819214,301.7609940224552,1.0332087066514124,2.682459592819214,-0.00019145216171167383,1.2059959921099483,-0.00019939674271477592,1.2002762145405426,4.058414035373259e-06,0.02266105067546577,1,-1.0,-1.0,0,0,2,12,1,31.0,75.0,200.0,18.4,1008.0,cotonou/COTO,316.153254609243,76.1,78.2,0.12386977486422102
6.365034222717108,2.3671170056917004,COTO,cotonou,6.352268,2.402957,4209.135559663209,21238.37353,9.0,100.0,109.0,570.0,10,11.478070855140686,289.71993464888635,1.3272548178472678,1.478070855140686,-0.0005269229168246199,1.306764990650391,-0.0005215802105268632,1.3151131771616928,-3.306734244402612e-05,0.004290448121972783,1,-1.0,-1.0,0,0,3,4,1,30.1,50.0,198.0,11.1,1009.1,cotonou/COTO,167.19783760562936,58.0,66.1,0.04094696028571976
6.379090154880564,2.3636039070716612,COTO,cotonou,6.352268,2.402957,5268.314538473118,21238.37353,9.0,100.0,109.0,570.0,10,12.667784214019775,304.444709260108,1.0475483839545312,2.6677842140197754,-0.0001892236236940769,1.152142879912956,-0.0002648842022213596,1.14932468350719,-0.004181907574335734,0.19405167230851797,0,-1.0,4772.100543867433,0,5,0,12,1,30.7,55.0,293.0,13.0,1011.4,cotonou/COTO,284.78369054431397,64.2,78.2,0.7773431275291786
6.365480206005164,2.3701838965989848,COTO,cotonou,6.352268,2.402957,3909.3012315749656,21238.37353,9.0,100.0,109.0,570.0,10,11.50452196598053,292.0811268187103,1.4286240394965903,1.5045219659805298,-0.0005613828062849745,1.327904608939067,-0.0005629269511808894,1.3370738491194425,-0.0003120119880607472,0.013338592131416912,1,-1.0,-1.0,0,0,0,3,1,31.0,63.0,180.0,9.4,1011.0,cotonou/COTO,257.5295687877015,62.4,62.5,0.4896997418169059
6.365461902494918,2.369033402208467,COTO,cotonou,6.352268,2.402957,4026.9132878492123,21238.37353,9.0,100.0,109.0,570.0,10,11.49600875377655,291.3741504317519,1.387036525669798,1.4960087537765503,-0.0005459216494619111,1.3302194416437119,-0.000548102107702517,1.33901146130213,-0.0003099415037367079,0.013324421119194251,1,-1.0,-1.0,0,0,0,3,1,33.0,49.0,210.0,16.6,1009.0,cotonou/COTO,263.8369831922563,66.8,62.5,0.9855401694949262
6.372040778597161,2.3602501842415102,COTO,cotonou,6.352268,2.402957,5206.450847744475,21238.37353,9.0,100.0,109.0,570.0,10,13.202847957611084,294.98119443060466,1.054106411713635,3.202847957611084,-9.657921005482881e-05,1.4083467779902001,-5.8202219731879945e-05,1.400588407206565,0.0020915329456329345,0.1027440991326872,1,-1.0,-1.0,0,0,0,9,1,32.0,71.0,220.0,18.4,1009.0,cotonou/COTO,331.14855306943616,73.3,63.4,0.46497345619365305
6.385776938109194,2.383689083770703,COTO,cotonou,6.352268,2.402957,4275.094232382189,21238.37353,9.0,100.0,109.0,570.0,10,14.842063426971436,330.2548581701765,1.261721965396447,4.8420634269714355,0.00028103317634773446,0.9722336324101861,0.0002498747836584332,0.9787064983204229,0.00015416542689005542,0.023223805555893054,0,-1.0,4206.555647494298,0,1,1,2,1,33.0,41.0,50.0,9.4,1007.0,cotonou/COTO,266.4578062283396,75.6,64.8,0.9779169790738402
6.365688103201536,2.4160382649664944,COTO,cotonou,6.352268,2.402957,2072.9767741008122,21238.37353,9.0,100.0,109.0,570.0,10,14.776133060455322,44.09002118571135,2.602497382097368,4.776133060455322,0.0005091150601704915,0.40449423840102394,0.00043927705343900145,0.40332482821222376,-0.00225780275132921,0.08770615436205541,1,-1.0,-1.0,0,0,3,5,1,33.0,63.0,248.0,13.0,1011.0,cotonou/COTO,337.6225164292086,57.9,61.6,0.4115760021940599
6.363006337604293,2.363018647625861,COTO,cotonou,6.352268,2.402957,4575.547514030097,21238.37353,9.0,100.0,109.0,570.0,10,11.62326443195343,285.140438193686,1.2191839020892632,1.6232644319534302,-0.00045766669367055797,1.2261336327540258,-0.00044881536114600403,1.2404590158698507,-0.0001440197229385376,0.008217085477137516,1,-1.0,-1.0,0,0,3,13,1,33.0,48.0,210.0,9.4,1011.2,cotonou/COTO,272.838812854726,67.2,60.2,0.7936821505599726
6.379554775901648,2.3694527614314893,COTO,cotonou,6.352268,2.402957,4779.793769420566,21238.37353,9.0,100.0,109.0,570.0,10,12.23667573928833,309.33580467329284,1.159751479386009,2.23667573928833,-0.00030631576975186667,1.1400032647377,-0.00026374129775148,1.1367981384083143,0.003582758373684353,0.1371595716460617,1,-1.0,-1.0,0,0,3,3,1,30.7,55.0,293.0,13.0,1011.4,cotonou/COTO,333.8960444509769,66.5,78.2,0.08481927231183206
6.354970796728962,2.411205647524065,COTO,cotonou,6.352268,2.402957,960.3320150525055,21238.37353,9.0,100.0,109.0,570.0,10,15.769377708435059,71.75264893738807,5.544992484934842,5.769377708435059,0.002148316708602649,0.6776211582618269,0.001758681632695303,0.6892699018201676,-0.003723739743563202,0.09729163461437373,1,-1.0,-1.0,0,0,7,4,1,31.5,68.0,230.0,13.0,1012.0,cotonou/COTO,387.43452466200705,70.9,58.7,0.5554617101377639
6.36735668173633,2.387192974119755,COTO,cotonou,6.352268,2.402957,2413.7626496474345,21238.37353,9.0,100.0,109.0,570.0,10,12.277894258499146,313.9236098576389,2.2946768086478553,2.2778942584991455,-0.0005881058335794833,0.8309702874524311,-0.0006354000673715369,0.8695832935556679,-0.002137202024459839,0.10550609836540596,1,-1.0,-1.0,0,0,6,9,1,32.0,63.0,210.0,16.6,1010.0,cotonou/COTO,280.00176285154186,62.3,67.2,0.8020597869857242
6.357783801901295,2.380154885434473,COTO,cotonou,6.352268,2.402957,2595.5202521035762,21238.37353,9.0,100.0,109.0,570.0,10,13.423266649246216,283.68074184271904,2.1088913696491693,3.423266649246216,-0.00011560904002822586,0.6617844535038071,-9.826077950581183e-05,0.6764758474039501,-0.0011916359265645344,0.06027572991191475,1,-1.0,-1.0,0,0,6,9,1,33.0,63.0,210.0,13.0,1009.0,cotonou/COTO,346.04950975268054,62.4,70.7,0.9247016672198887
6.365181610262133,2.3669737122451484,COTO,cotonou,6.352268,2.402957,4229.549382013367,21238.37353,9.0,100.0,109.0,570.0,10,11.478070855140686,289.85661760444145,1.3208511280333501,1.478070855140686,-0.0005269313769444012,1.3042762996580286,-0.000516987299519285,1.32073562410196,0.0001228633355951459,0.003134334188019427,1,-1.0,-1.0,0,0,1,7,1,30.1,50.0,198.0,11.1,1009.1,cotonou/COTO,167.19783760562936,66.1,58.0,0.8225830906174316
6.36539642825287,2.3690377101417455,COTO,cotonou,6.352268,2.402957,4023.8511094803125,21238.37353,9.0,100.0,109.0,570.0,10,11.49600875377655,291.2800547319287,1.3880916571858597,1.4960087537765503,-0.0005459216494619111,1.3232619481562762,-0.0005496394223891843,1.332007369789059,-0.00037963310286562,0.01090011377718147,1,-1.0,-1.0,0,0,0,6,1,30.0,55.0,310.0,7.6,1013.0,cotonou/COTO,248.21595536951256,62.5,59.4,0.036970727201174225
6.35535952675598,2.39122012896357,COTO,cotonou,6.352268,2.402957,1342.821761595193,21238.37353,9.0,100.0,109.0,570.0,10,15.788703918457031,284.8445329070031,3.9707882651057025,5.788703918457031,0.001522441804065698,0.6526987518092187,0.0014280973596775782,0.6590797757327764,-0.0016154130299886067,0.05995978985454049,1,-1.0,-1.0,0,0,5,9,1,31.0,71.0,240.0,9.4,1011.0,cotonou/COTO,249.61182844569544,68.3,57.1,0.3727023413067342
6.373427892634624,2.359465037978988,COTO,cotonou,6.352268,2.402957,5350.69103952011,21238.37353,9.0,100.0,109.0,570.0,10,13.777858972549438,296.08599576953407,1.0195413829818292,3.7778589725494385,1.3196934534850695e-05,1.354529053313714,3.616149999891591e-05,1.3520585161793006,0.0022783293991455677,0.07716280749914109,1,-1.0,-1.0,0,0,1,8,1,31.5,72.0,200.0,11.2,1008.3,cotonou/COTO,246.89454307456222,63.4,65.2,0.04869847231385127
6.350806287083555,2.3915341148449922,COTO,cotonou,6.352268,2.402957,1274.1319521265202,21238.37353,9.0,100.0,109.0,570.0,10,14.022199630737305,262.66394292832024,4.263122884756863,4.022199630737305,0.0002701936313044097,0.33018047265916195,0.0002858414473357024,0.32735225221544345,-0.0008009711901346842,0.06767177189385443,1,-1.0,-1.0,0,0,1,7,1,31.0,66.0,250.0,7.6,1013.0,cotonou/COTO,253.66596638093372,73.7,65.2,0.109282291114558
6.378272909521164,2.3649644352024723,COTO,cotonou,6.352268,2.402957,5093.042001048251,21238.37353,9.0,100.0,109.0,570.0,10,13.26243543624878,304.55804319660837,1.0769030443373915,3.2624354362487793,-8.222770634397246e-05,1.170743029102931,-0.00015129447609134113,1.1639254019282375,-0.0030496124040781986,0.044954966275870416,0,-1.0,4776.640594169502,0,3,2,3,1,30.7,55.0,293.0,13.0,1011.4,cotonou/COTO,325.9584504197963,66.5,64.2,0.6753056286674841
6.38402683524464,2.375454193237668,COTO,cotonou,6.352268,2.402957,4646.933144972299,21238.37353,9.0,100.0,109.0,570.0,10,13.00629448890686,319.2847309677613,1.1834153563260903,3.0062944889068604,-0.00015051926147033199,1.064351552812358,-0.00013930746388972907,1.0576168816141092,0.0005423310392798519,0.04267411358122374,1,-1.0,-1.0,0,0,3,5,1,32.1,54.0,211.0,13.0,1008.6,cotonou/COTO,342.02592664884946,70.5,70.2,0.7132581963116982
6.370608400851334,2.402650802238963,COTO,cotonou,6.352268,2.402957,2028.5094759766248,21238.37353,9.0,100.0,109.0,570.0,10,12.875862836837769,359.04942611209265,2.7130218670415105,2.8758628368377686,-0.0004551719101425692,0.5666124844809208,-0.0004660562106541224,0.6137276975929251,-0.003155422210693359,0.1523015075326438,1,-1.0,-1.0,0,0,0,6,1,32.0,75.0,200.0,20.5,1010.0,cotonou/COTO,383.81129230388444,86.5,86.2,0.7737206827516263
6.358535157308144,2.396878766780447,COTO,cotonou,6.352268,2.402957,965.711146313703,21238.37353,9.0,100.0,109.0,570.0,10,14.775221347808838,316.0535788954207,5.572730093758629,4.775221347808838,0.0010790201148601496,0.4399867953179298,0.0010282878782234943,0.43516588155940544,-0.001059685813056098,0.03930467462184732,1,-1.0,-1.0,0,0,3,3,1,33.0,63.0,200.0,16.6,1009.0,cotonou/COTO,391.6664531205258,68.1,58.3,0.8654565480556629
6.363611760202793,2.3866566726781353,COTO,cotonou,6.352268,2.402957,2196.8583002321107,21238.37353,9.0,100.0,109.0,570.0,10,12.873753309249878,305.00172769447545,2.505449388562221,2.873753309249878,-0.0003753324886700055,0.8947974579525704,-0.00042775571010480117,0.9033464127162019,-0.0017621022947885395,0.054013529584459506,1,-1.0,-1.0,0,0,4,10,1,31.9,70.0,220.0,18.4,1008.0,cotonou/COTO,376.3702126895599,62.4,66.2,0.7394314684765099
6.383247485760657,2.3734520482414507,COTO,cotonou,6.352268,2.402957,4732.139579340113,21238.37353,9.0,100.0,109.0,570.0,10,12.79052996635437,316.57520964679435,1.1647241500556023,2.79052996635437,-0.00018500993142447884,1.1246379028320828,-0.00019202438044179949,1.1177288926106494,0.0008912049147131854,0.05904802401386707,1,-1.0,-1.0,0,0,0,14,1,34.0,32.0,222.0,5.4,1009.0,cotonou/COTO,268.94546398849457,53.4,64.4,0.8008715921066321
6.352143746048845,2.37373197665344,COTO,cotonou,6.352268,2.402957,3233.5028627377965,21238.37353,9.0,100.0,109.0,570.0,10,13.900843620300293,269.7565130316057,1.684615820819948,3.900843620300293,5.1778247564714786e-05,0.3597662519798526,3.4498925706980086e-05,0.36313439004756365,-0.001742276507239831,0.05129012524605908,1,-1.0,-1.0,0,0,0,8,1,33.0,63.0,210.0,13.0,1009.0,cotonou/COTO,384.84357926308275,74.7,56.3,0.048963709823279244
6.352594717231152,2.3743718823100894,COTO,cotonou,6.352268,2.402957,3162.8791303644175,21238.37353,9.0,100.0,109.0,570.0,10,14.055699825286865,270.6604673671297,1.7194063958965333,4.055699825286865,7.129854701880109e-05,0.34765585400463195,8.572185481036153e-05,0.3490697147198948,-0.0019986629486083984,0.0922908934417125,1,-1.0,-1.0,0,0,2,0,1,33.0,63.0,210.0,13.0,1009.0,cotonou/COTO,135.44729233169025,78.1,74.7,0.23453515044129858
6.37801198542504,2.3747381605769413,COTO,cotonou,6.352268,2.402957,4225.232157376002,21238.37353,9.0,100.0,109.0,570.0,10,11.771234154701233,312.552142856157,1.3182269608911694,1.771234154701233,-0.00045700899237459283,1.1555810971466245,-0.0004455497999918306,1.1585807247330895,0.0003814024060880591,0.0074807552058830514,1,-1.0,-1.0,0,0,0,1,1,31.0,63.0,200.0,16.6,1007.0,cotonou/COTO,74.10445128334986,81.4,85.6,0.6218977733752458
6.350174230790016,2.4132650993663805,COTO,cotonou,6.352268,2.402957,1163.7633475908947,21238.37353,9.0,100.0,109.0,570.0,10,14.77070665359497,101.55008669539302,4.629109895102967,4.770706653594971,0.0008969040626567807,0.3014558342687405,0.0008662807263009917,0.32032713389483064,-0.0005402882893880208,0.021329718257819996,1,-1.0,-1.0,0,0,0,7,1,29.8,77.0,200.0,11.2,1012.0,cotonou/COTO,285.3045504368927,58.1,75.1,0.8581253046248232
6.345741755048727,2.3988858404397875,COTO,cotonou,6.352268,2.402957,850.7522178664476,21238.37353,9.0,100.0,109.0,570.0,10,11.668986797332764,211.7986191842165,6.5265950259820915,1.6689867973327637,-0.0023425340652465823,0.7131467699300614,-0.0022884043314123667,0.767347224283643,-0.0022521654764811197,0.09868496570697283,1,-1.0,-1.0,0,0,0,4,1,31.0,71.0,180.0,18.4,1010.0,cotonou/COTO,393.11085268658167,75.8,69.1,0.0045001249396591225
6.383993959771033,2.3746771782262983,COTO,cotonou,6.352268,2.402957,4700.959360899568,21238.37353,9.0,100.0,109.0,570.0,10,12.94213056564331,318.4645417388639,1.1706003561590412,2.9421305656433105,-0.0001623908425592314,1.0818254507520106,-0.00016222744867736694,1.0751041190917219,-9.960068596733939e-05,0.018339890087785044,1,-1.0,-1.0,0,0,5,10,1,31.0,59.0,170.0,13.0,1007.0,cotonou/COTO,262.7208442434569,70.2,64.4,0.5146293421163498
6.369217801924735,2.3899762906272244,COTO,cotonou,6.352268,2.402957,2361.3809505925756,21238.37353,9.0,100.0,109.0,570.0,10,11.952411532402039,322.7252994745924,2.3534067333831254,1.9524115324020386,-0.0007531566619129248,0.720351723432307,-0.0007563520360876013,0.7749224936168955,-0.0016626278559366862,0.06278516363755952,1,-1.0,-1.0,0,0,0,0,1,32.0,63.0,210.0,16.6,1010.0,cotonou/COTO,259.09644632842327,62.3,86.3,0.6772873993643972
6.356553855106538,2.4107729607289126,COTO,cotonou,6.352268,2.402957,986.1284240214037,21238.37353,9.0,100.0,109.0,570.0,10,15.447038173675537,61.11245356007794,5.419370589746014,5.447038173675537,0.00177489925081834,0.49962777075420134,0.001703972816467285,0.5140703822997562,0.001708862516615126,0.06279446305454876,1,-1.0,-1.0,0,0,2,11,1,32.0,71.0,220.0,16.6,1011.0,cotonou/COTO,352.045035329285,58.7,68.1,0.029607289128613212
6.379909254443346,2.3647168144397495,COTO,cotonou,6.352268,2.402957,5219.545285021598,21238.37353,9.0,100.0,109.0,570.0,10,13.204535245895386,306.0311695006343,1.0514440208760485,3.2045352458953857,-9.664999747973801e-05,1.137447582709039,-0.0001423091025004107,1.1310223517050872,-0.0030488377885513813,0.08279818850449142,0,5073.105136744439,4958.045020240957,2,4,0,9,1,30.7,55.0,293.0,13.0,1011.4,cotonou/COTO,267.89890817251177,66.5,78.2,0.4013555575533879
6.383848369095898,2.371650361141335,COTO,cotonou,6.352268,2.402957,4918.737903760492,21238.37353,9.0,100.0,109.0,570.0,10,12.917994022369385,315.4284217283823,1.119066211842192,2.9179940223693848,-0.0001622577180896913,1.1183630285178559,-0.00018148205392942953,1.1116696285575731,-0.002223957129392681,0.05338147422680975,0,-1.0,4632.879388311486,0,2,2,11,1,31.8,57.0,210.0,13.0,1008.6,cotonou/COTO,161.07626082067793,62.5,53.4,0.8956348813836968
6.386521870741254,2.374855400087764,COTO,cotonou,6.352268,2.402957,4900.5896457872,21238.37353,9.0,100.0,109.0,570.0,10,13.491118431091309,320.8102353818605,1.1165111809849324,3.4911184310913086,-4.387662662723197e-05,0.9955211480037561,-4.097115674613871e-05,0.9927703366815527,0.00022474882657385972,0.05372371700180013,0,-1.0,4517.57762938299,0,3,4,8,1,31.0,59.0,170.0,13.0,1007.0,cotonou/COTO,285.70158014965295,70.2,66.1,0.6716128088558587
6.381616566191447,2.363822756655699,COTO,cotonou,6.352268,2.402957,5411.128285070324,21238.37353,9.0,100.0,109.0,570.0,10,13.202183723449707,307.04038179199387,1.0142500661369618,3.202183723449707,-0.00013733771440345506,1.0981044596899057,-0.00011609132582129121,1.0951011313118493,-0.0020395751129950322,0.08675714710985935,0,5064.122062380443,5042.434173462325,2,4,4,11,1,31.8,31.0,20.0,11.2,1010.9,cotonou/COTO,344.11074176779897,70.4,66.5,0.2376583633605973
6.383216859133517,2.373574035654635,COTO,cotonou,6.352268,2.402957,4720.383319595368,21238.37353,9.0,100.0,109.0,570.0,10,12.705065965652466,316.66541164836633,1.1686610559682078,2.705065965652466,-0.000211376681106503,1.1240833706979967,-0.00018394518089254823,1.1205196179481434,0.0013446808440100478,0.05290790044443404,1,-1.0,-1.0,0,0,0,16,1,34.0,32.0,222.0,5.4,1009.0,cotonou/COTO,268.94546398849457,53.4,64.4,0.8527811296319127
6.371726204528972,2.360401039463802,COTO,cotonou,6.352268,2.402957,5176.752895734328,21238.37353,9.0,100.0,109.0,570.0,10,13.158800601959229,294.70816045804247,1.0606395689389105,3.1588006019592285,-9.63559076531237e-05,1.4155917800312254,-8.717527843656995e-05,1.4075496730457655,0.0015292306741078695,0.07350692522237248,1,-1.0,-1.0,0,0,0,15,1,32.0,71.0,220.0,18.4,1009.0,cotonou/COTO,331.14855306943616,73.3,63.4,0.3480314234095143
6.3655026587301995,2.4152540997734135,COTO,cotonou,6.352268,2.402957,1998.2932368688785,21238.37353,9.0,100.0,109.0,570.0,10,14.759378433227539,42.72001049412239,2.700100265532148,4.759378433227539,0.0005235756214578354,0.4081711771952645,0.0003116859611810006,0.4043917590126498,-0.0045012876498472625,0.1035851931252461,1,-1.0,-1.0,0,0,3,11,1,33.0,63.0,248.0,13.0,1011.0,cotonou/COTO,337.6225164292086,61.6,57.9,0.8533446711440594
6.3535602429294205,2.3742671408567917,COTO,cotonou,6.352268,2.402957,3177.473669666663,21238.37353,9.0,100.0,109.0,570.0,10,14.161951065063477,272.59646231365446,1.7095994514013626,4.161951065063477,0.00014317633009361025,0.3858984119396463,0.00013465900044936946,0.3844480157301274,-0.0001797423339542626,0.00436457744870168,1,-1.0,-1.0,0,0,5,11,1,33.0,63.0,210.0,13.0,1009.0,cotonou/COTO,313.5332494330497,78.1,61.8,0.29894365111890553
6.388484737299258,2.3759195429820488,COTO,cotonou,6.352268,2.402957,4998.9186799020845,21238.37353,9.0,100.0,109.0,570.0,10,12.73922872543335,323.42843788717346,1.1031694502862168,2.7392287254333496,-0.00019316620931415977,0.9735691732905057,-0.0002923473568827913,0.9754529206312862,-0.006779877344767253,0.31361411875564277,0,-1.0,4538.0965170253385,0,5,4,7,1,31.0,59.0,170.0,13.0,1007.0,cotonou/COTO,339.277088085809,66.1,64.0,0.590320250883149
6.388510089265182,2.375949099042825,COTO,cotonou,6.352268,2.402957,4999.2099999987795,21238.37353,9.0,100.0,109.0,570.0,10,12.469382524490356,323.4775975394667,1.1061967298138036,2.4693825244903564,-0.0002865039828555822,0.9747187872998091,-0.00029234735688279137,0.9755341235052107,-0.006779877344767253,0.31448567184288534,0,4728.711663325498,4538.360981962819,1,5,4,7,1,33.0,41.0,50.0,9.4,1007.0,cotonou/COTO,339.277088085809,64.0,66.1,0.3969400677478341
6.348449930020302,2.3798987346094087,COTO,cotonou,6.352268,2.402957,2585.893581071474,21238.37353,9.0,100.0,109.0,570.0,10,10.270606219768524,260.54234372716815,2.1864903374622586,0.27060621976852417,-0.0013166226874822857,0.9442408154730704,-0.0013016610660336234,1.0077295952333347,0.0,0.0,1,-1.0,-1.0,0,0,0,0,1,32.0,71.0,200.0,18.4,1008.0,cotonou/COTO,310.65923598055264,55.9,66.5,0.274825050755067
6.355165081828371,2.3906704979681956,COTO,cotonou,6.352268,2.402957,1396.6257877001008,21238.37353,9.0,100.0,109.0,570.0,10,15.708624839782715,283.34740069818326,3.8215485849277018,5.708624839782715,0.0013799960210834764,0.6530042635285226,0.0010921402628399465,0.6506391923947464,-0.00420791633666309,0.12711360121310758,1,-1.0,-1.0,0,0,2,13,1,32.6,66.0,210.0,11.2,1010.9,cotonou/COTO,249.61182844569544,57.1,68.3,0.8865575621718692
6.3486649625272245,2.3784096344989725,COTO,cotonou,6.352268,2.402957,2745.016555206591,21238.37353,9.0,100.0,109.0,570.0,10,10.30681025981903,261.6003459066883,2.059101821871288,0.30681025981903076,-0.0012319497008254562,1.145492491478563,-0.0012057380050632125,1.2311829191330612,0.0,0.0,1,-1.0,-1.0,0,0,0,0,1,33.0,63.0,200.0,11.2,1008.0,cotonou/COTO,310.65923598055264,66.5,55.9,0.18759368193949133
6.384120515369648,2.367955521155029,COTO,cotonou,6.352268,2.402957,5234.8843886094055,21238.37353,9.0,100.0,109.0,570.0,10,14.031977653503418,312.48176204077384,1.0393104524691203,4.031977653503418,4.3967064357488774e-05,1.117570951699033,3.517711229917017e-05,1.1146301575587956,-0.0017590185006459555,0.09529823104705483,0,-1.0,4815.254377498431,0,1,0,3,1,33.0,28.0,70.0,11.2,1010.0,cotonou/COTO,319.62025483378403,68.0,58.1,0.0848115912357631
6.359796023841458,2.3796058618242437,COTO,cotonou,6.352268,2.402957,2714.383068348634,21238.37353,9.0,100.0,109.0,570.0,10,13.363626956939697,287.9731881652529,2.017878350768673,3.3636269569396973,-0.00014108326066472856,0.7943474978681185,-0.00013520657802568113,0.8039647078279637,-0.0011574168999989828,0.05188801813708917,1,-1.0,-1.0,0,0,2,1,1,32.0,63.0,220.0,13.0,1010.0,cotonou/COTO,331.6838992172874,65.8,70.7,0.34192693854566036
6.355203413821613,2.3746725754191793,COTO,cotonou,6.352268,2.402957,3146.187916076043,21238.37353,9.0,100.0,109.0,570.0,10,14.552149295806885,275.96297936246793,1.7194899581101781,4.552149295806885,0.00026830408308241104,0.43902872984303654,0.00023483238956075917,0.43508574088089197,-0.001014954346883976,0.040496117370941255,1,-1.0,-1.0,0,0,3,10,1,29.6,72.0,220.0,14.8,1010.1,cotonou/COTO,182.1212014017086,61.8,56.3,0.7176391476415676
6.365378310331467,2.3713180743160596,COTO,cotonou,6.352268,2.402957,3788.874834385806,21238.37353,9.0,100.0,109.0,570.0,10,11.555829644203186,292.63485684061277,1.4732366359551698,1.555829644203186,-0.0005918821150875107,1.3128900462417208,-0.0005718130403366442,1.3221742099119997,-0.00132534809581653,0.04273149292789402,1,-1.0,-1.0,0,0,1,3,1,33.0,49.0,210.0,16.6,1009.0,cotonou/COTO,64.38956825449732,66.8,62.4,0.8074316059762817
6.364990603182368,2.3671623121990772,COTO,cotonou,6.352268,2.402957,4202.796437889412,21238.37353,9.0,100.0,109.0,570.0,10,11.478070855140686,289.6806990114175,1.3292560124397466,1.478070855140686,-0.0005269315789495517,1.3002209085294933,-0.000521093009110281,1.3087036326878863,-1.0006475392471676e-05,0.004287422468066371,1,-1.0,-1.0,0,0,3,3,1,30.0,55.0,310.0,7.6,1013.0,cotonou/COTO,211.07519039432174,62.5,58.0,0.9987433700667648
6.35465809225154,2.405494578596303,COTO,cotonou,6.352268,2.402957,385.6006621239037,21238.37353,9.0,100.0,109.0,570.0,10,15.163139820098877,46.538014306017146,13.677213741157535,5.163139820098877,0.0037384422416138928,0.5602217145249949,0.0032792064878675664,0.5749740202107313,0.0003317250145806207,0.012869756724606728,1,-1.0,-1.0,0,0,6,8,1,31.4,69.0,240.0,16.6,1010.7,cotonou/COTO,245.31000000003797,65.4,71.6,0.2963620570111649
6.3563778343025525,2.3771665337705703,COTO,cotonou,6.352268,2.402957,2889.429991846651,21238.37353,9.0,100.0,109.0,570.0,10,13.87752652168274,279.1106884381785,1.8855444323967276,3.8775265216827393,5.860312288159763e-05,0.5513052584551064,0.00011305389983398974,0.5499180601897963,0.002240550060829984,0.07935453807910656,1,-1.0,-1.0,0,0,2,9,1,31.5,70.0,236.0,9.3,1011.4,cotonou/COTO,247.88812658137354,59.2,62.4,0.4079419511312822
6.351841630684536,2.407163058254932,COTO,cotonou,6.352268,2.402957,467.7435097508543,21238.37353,9.0,100.0,109.0,570.0,10,14.115270614624023,95.82359379773106,11.467206614046509,4.115270614624023,0.0009162883017986853,0.13931577405198028,0.0008301615715026855,0.1488959003667403,0.000789010524749756,0.04027317297328596,1,-1.0,-1.0,0,0,3,2,1,31.5,68.0,230.0,13.0,1012.0,cotonou/COTO,286.83997943094687,75.4,71.6,0.1368212780296263
6.384242907526564,2.37189734861419,COTO,cotonou,6.352268,2.402957,4930.7284433232,21238.37353,9.0,100.0,109.0,570.0,10,12.841807842254639,316.0108194877299,1.1172305156276443,2.8418078422546387,-0.00017478456400861635,1.1066536510168041,-0.0001797743654193074,1.1034421460454544,-0.0003327399706278952,0.019809619119255654,0,-1.0,4426.7862577330525,0,9,3,8,1,31.8,57.0,210.0,13.0,1008.6,cotonou/COTO,161.07626082067793,62.5,53.4,0.5748719296230336
6.377771548776152,2.37480954020708,COTO,cotonou,6.352268,2.402957,4201.505707523105,21238.37353,9.0,100.0,109.0,570.0,10,11.761256575584412,312.3566495442201,1.32580450223143,1.7612565755844116,-0.00045998460012124776,1.1532632711167394,-0.0004540333404386814,1.154858178556145,0.0001423268151694496,0.004658379040901708,1,-1.0,-1.0,0,0,0,0,1,31.0,63.0,200.0,16.6,1007.0,cotonou/COTO,74.10445128334986,81.4,85.6,0.9975800372629172
6.372675369917225,2.3599458634969444,COTO,cotonou,6.352268,2.402957,5266.711233482925,21238.37353,9.0,100.0,109.0,570.0,10,13.502374172210693,295.5225463147056,1.0387908385463032,3.5023741722106934,-2.1266461628665906e-05,1.3852097158661842,-1.4924645870365948e-05,1.3783814222563364,0.0024344325065612793,0.1184556399885002,1,-1.0,-1.0,0,0,0,6,1,32.0,71.0,220.0,18.4,1009.0,cotonou/COTO,331.14855306943616,73.3,63.4,0.7008810101206585
6.354343287369552,2.3894747023033753,COTO,cotonou,6.352268,2.402957,1509.2377238686706,21238.37353,9.0,100.0,109.0,570.0,10,15.29807424545288,278.8046541296629,3.552682635252171,5.298074245452881,0.0010399234061147654,0.581044418493044,0.0008502262922379033,0.5750392595204531,-0.003999745157124664,0.12969146634974357,1,-1.0,-1.0,0,0,3,11,1,31.0,71.0,240.0,9.4,1011.0,cotonou/COTO,330.80979731559944,66.6,68.3,0.5952128404133717
6.388090814494915,2.3754602962955786,COTO,cotonou,6.352268,2.402957,4994.867221138528,21238.37353,9.0,100.0,109.0,570.0,10,12.970557451248169,322.66383126336336,1.101411463428818,2.970557451248169,-0.00014442043685267153,0.9646062256958545,-0.00022010158975213713,0.9612672934606737,-0.003992243607838949,0.2041580293926607,1,-1.0,-1.0,0,0,5,9,1,31.0,59.0,170.0,13.0,1007.0,cotonou/COTO,339.277088085809,66.1,64.0,0.392369092921794
6.376998791884148,2.361718089289303,COTO,cotonou,6.352268,2.402957,5319.495340957893,21238.37353,9.0,100.0,109.0,570.0,10,12.82224726676941,301.10968267941394,1.0358085906316485,2.822247266769409,-0.00016568242833855452,1.2238301930066966,-0.00016054820550770034,1.2205057719890886,0.0006072747559713213,0.03238315477494592,0,-1.0,4807.800398340701,0,4,3,10,1,31.0,75.0,200.0,18.4,1008.0,cotonou/COTO,386.1779175456935,76.5,76.1,0.9152987602855548
6.362074758213422,2.364299779275998,COTO,cotonou,6.352268,2.402957,4412.372279150999,21238.37353,9.0,100.0,109.0,570.0,10,11.722682118415833,284.3213875184771,1.2629661912333232,1.7226821184158325,-0.0004469165125408688,1.151543313503585,-0.000455028270984607,1.160160939179505,-0.00037799207383813223,0.017866656160751282,1,-1.0,-1.0,0,0,1,1,1,33.0,39.0,280.0,7.6,1012.0,cotonou/COTO,255.36031896131075,61.3,60.2,0.49691659613034944
6.383470077541238,2.3712663307759128,COTO,cotonou,6.352268,2.402957,4919.316055350491,21238.37353,9.0,100.0,109.0,570.0,10,13.455688953399658,314.7339376270573,1.1126745117015862,3.455688953399658,-4.8989633634798596e-05,1.1261597393082632,-3.2693014056121786e-05,1.1203284560457594,0.0023128782130726546,0.057743928219704824,1,-1.0,-1.0,0,0,2,7,1,34.0,32.0,222.0,5.4,1009.0,cotonou/COTO,324.8945539710613,53.4,58.1,0.1343669133130615
6.364992903256507,2.4172392398744655,COTO,cotonou,6.352268,2.402957,2115.9452644734665,21238.37353,9.0,100.0,109.0,570.0,10,14.792495250701904,48.123780063213815,2.549276765940454,4.792495250701904,0.0005096262049786922,0.39590884010407695,0.0001891758031973163,0.39319311670201224,-0.005748951011026626,0.07437266343316001,1,-1.0,-1.0,0,0,4,4,1,33.0,63.0,248.0,13.0,1011.0,cotonou/COTO,374.3070762089054,61.6,65.7,0.3653784631991335
6.384867384997317,2.372288281664987,COTO,cotonou,6.352268,2.402957,4950.742220858883,21238.37353,9.0,100.0,109.0,570.0,10,12.690542936325073,316.92654648392266,1.1144651115650621,2.6905429363250732,-0.00020542833310948044,1.0933797872290485,-0.00021364584318890134,1.0874178144882174,-0.0007412990715758378,0.023470638903129212,1,-1.0,-1.0,0,0,0,3,1,31.8,57.0,210.0,13.0,1008.6,cotonou/COTO,161.07626082067793,62.5,53.4,0.0671666688477669
6.351788847470403,2.395294575092864,COTO,cotonou,6.352268,2.402957,849.4298140670048,21238.37353,9.0,100.0,109.0,570.0,10,14.619765281677246,266.4001754735562,6.340134728837474,4.619765281677246,0.0010491653420459266,0.311465664838124,0.001005006679034734,0.31011582155534123,0.00044974798761974544,0.018473079542233414,1,-1.0,-1.0,0,0,1,14,1,30.0,79.0,220.0,18.4,1011.0,cotonou/COTO,392.28725444494233,70.0,62.9,0.20197903768878156
6.35282611551841,2.37457091771652,COTO,cotonou,6.352268,2.402957,3141.257085538026,21238.37353,9.0,100.0,109.0,570.0,10,14.128990173339844,271.13490840011866,1.7298987359200064,4.128990173339844,0.00012468544876250348,0.36180724947863246,5.977277694691406e-05,0.3619639996097566,-0.0032244399288470123,0.06305519591265604,1,-1.0,-1.0,0,0,2,0,1,33.0,63.0,210.0,13.0,1009.0,cotonou/COTO,313.5332494330497,78.1,61.8,0.017668780999912204
6.3685089073678345,2.39163326089519,COTO,cotonou,6.352268,2.402957,2189.8423338791213,21238.37353,9.0,100.0,109.0,570.0,10,12.740995645523071,325.2808370991541,2.5169330675204002,2.7409956455230713,-0.0004437108443551448,0.5244720559095135,-0.0005736715065218657,0.5694803505896364,-0.005636775659465912,0.17369375274811302,1,-1.0,-1.0,0,0,3,12,1,32.0,63.0,210.0,16.6,1010.0,cotonou/COTO,256.496478923207,61.2,70.8,0.4532799165001634
6.363020640774791,2.3834075878900065,COTO,cotonou,6.352268,2.402957,2468.2539898926343,21238.37353,9.0,100.0,109.0,570.0,10,12.957213163375854,298.9624210069577,2.228324809775004,2.9572131633758545,-0.0005075259941231428,0.8823893252297903,-0.0003279574333675323,0.8914470776589433,-0.003117121590508355,0.13200464067216613,1,-1.0,-1.0,0,0,3,8,1,31.9,70.0,220.0,18.4,1008.0,cotonou/COTO,160.52457568861385,62.4,54.4,0.6345402649517972
6.377345670753762,2.3636001226128633,COTO,cotonou,6.352268,2.402957,5162.517891503002,21238.37353,9.0,100.0,109.0,570.0,10,12.657920360565186,302.6676695097579,1.0691205332615779,2.6579203605651855,-0.00020213315482314157,1.20548084282861,-0.00021370834127457087,1.202685338450897,-0.0007387385324572809,0.024216042700571223,0,4748.688802003763,-1.0,2,0,0,9,1,30.7,55.0,293.0,13.0,1011.4,cotonou/COTO,333.1849486396399,64.2,76.1,0.34329246237890776
6.361768979673951,2.3845151594839518,COTO,cotonou,6.352268,2.402957,2295.0330111525086,21238.37353,9.0,100.0,109.0,570.0,10,13.265883207321167,297.40204435286967,2.3886291389041925,3.265883207321167,-0.000190955942327326,0.857642224911727,-0.00015182917631125151,0.8636132430103526,0.0016278644402821858,0.07176735455953608,1,-1.0,-1.0,0,0,4,12,1,33.0,63.0,210.0,18.4,1008.0,cotonou/COTO,350.04620409299224,75.2,62.4,0.4203817715052771
6.379544882343565,2.36905560082587,COTO,cotonou,6.352268,2.402957,4813.265072941036,21238.37353,9.0,100.0,109.0,570.0,10,12.358831644058228,308.9950401973338,1.1502352580597537,2.3588316440582275,-0.0002577844671089523,1.1389752182149662,-0.00024865395208565494,1.1334748039039082,0.002149967352549235,0.10781566301264461,1,-1.0,-1.0,0,0,4,4,1,30.7,55.0,293.0,13.0,1011.4,cotonou/COTO,398.73109698140775,66.5,66.5,0.9592092728445759
6.372766485136797,2.402923200763751,COTO,cotonou,6.352268,2.402957,2266.8877772308156,21238.37353,9.0,100.0,109.0,570.0,10,12.29613995552063,359.9061108408064,2.4427171609426663,2.29613995552063,-0.0006416513781533962,0.7873035556625543,-0.000620070991353092,0.8307999841670213,-0.00130727489789327,0.06102309872644946,1,-1.0,-1.0,0,0,1,4,1,32.0,75.0,200.0,20.5,1010.0,cotonou/COTO,331.4609434005665,75.5,86.5,0.7519631215749155
6.386011944071332,2.375052996672359,COTO,cotonou,6.352268,2.402957,4843.168064900343,21238.37353,9.0,100.0,109.0,570.0,10,13.483956813812256,320.58716639030195,1.129830043422848,3.483956813812256,1.7336305844718033e-06,1.0070051618406135,-4.387662662723197e-05,1.0019224456759184,0.00152474045753479,0.08133654771630267,0,-1.0,4522.878393273667,0,2,4,5,1,31.0,59.0,170.0,13.0,1007.0,cotonou/COTO,285.70158014965295,66.1,70.2,0.5408566369449512
6.352883458347851,2.3740782750864144,COTO,cotonou,6.352268,2.402957,3195.881561910432,21238.37353,9.0,100.0,109.0,570.0,10,14.017902374267578,271.23003096069806,1.7023383880502012,4.017902374267578,7.730850797808754e-05,0.3657787622587774,8.333195969234548e-05,0.3671168294078487,-0.0012458602587381998,0.05864421998339119,1,-1.0,-1.0,0,0,3,1,1,33.0,63.0,210.0,13.0,1009.0,cotonou/COTO,384.84357926308275,74.7,56.3,0.28454087511182524
6.365430258143289,2.3713189699679877,COTO,cotonou,6.352268,2.402957,3790.9851801929285,21238.37353,9.0,100.0,109.0,570.0,10,11.555829644203186,292.71602633348516,1.4724168834173748,1.555829644203186,-0.0005839343518839408,1.3155669299161428,-0.0005709499132003382,1.3249318935439007,-0.0012885213380008085,0.04433963282158206,1,-1.0,-1.0,0,0,1,3,1,33.0,49.0,210.0,16.6,1009.0,cotonou/COTO,64.38956825449732,66.8,62.4,0.8969967987729952
6.374421031487018,2.3565916276023433,COTO,cotonou,6.352268,2.402957,5684.756842867824,21238.37353,9.0,100.0,109.0,570.0,10,13.593454122543335,295.67869851045833,0.9614974614412372,3.593454122543335,-3.282269231724756e-05,1.3388765958810658,-3.090438743432363e-05,1.3323076943560346,-0.001612744728724162,0.07399014137061737,0,-1.0,5308.810999551915,0,4,2,13,1,32.0,71.0,220.0,18.4,1009.0,cotonou/COTO,356.3532216776974,72.1,58.6,0.23509711688065948
6.361854178606423,2.3600807528474737,COTO,cotonou,6.352268,2.402957,4860.819283887696,21238.37353,9.0,100.0,109.0,570.0,10,11.797435998916626,282.6806342652677,1.1455999835008306,1.797435998916626,-0.0003929793446304409,1.1685440352033023,-0.000407427983456663,1.1816427529244107,-0.0011799625766625399,0.04305628519582077,1,-1.0,-1.0,0,0,1,4,1,29.0,75.0,200.0,13.0,1010.0,cotonou/COTO,326.8907597349128,61.2,65.7,0.32534273051667706
6.354179013146981,2.415240903611029,COTO,cotonou,6.352268,2.402957,1375.4284054310842,21238.37353,9.0,100.0,109.0,570.0,10,15.435822486877441,81.10289875348565,3.891577579689556,5.435822486877441,0.0012609541425485696,0.5286985728630975,0.001260590984276853,0.5385150390476776,0.0015798929084977356,0.034093902676849926,1,-1.0,-1.0,0,0,0,11,1,29.8,77.0,200.0,11.2,1012.0,cotonou/COTO,331.6003083532061,58.1,69.85,0.9090648144229485
6.3808379838333,2.3708297856986684,COTO,cotonou,6.352268,2.402957,4755.702360341238,21238.37353,9.0,100.0,109.0,570.0,10,12.405969619750977,311.82380338162886,1.1635861475254823,2.4059696197509766,-0.0002727509044751181,1.145780134421768,-0.00023604224187246759,1.1395569644261792,0.0023147682348887127,0.1057018474215516,1,-1.0,-1.0,0,0,3,9,1,30.7,45.0,199.0,11.1,1008.8,cotonou/COTO,383.9027712846491,58.1,78.2,0.5295420552850724
6.3701717952812045,2.390297849025837,COTO,cotonou,6.352268,2.402957,2425.248806899236,21238.37353,9.0,100.0,109.0,570.0,10,11.916408777236938,324.9045308063647,2.29234695960981,1.9164087772369385,-0.0007368652908890335,0.7448259504710532,-0.0007237695489790328,0.7929779527163957,-0.00012892800108266805,0.01696559898981091,1,-1.0,-1.0,0,0,0,1,1,33.0,67.0,200.0,18.4,1012.0,cotonou/COTO,137.85914006689853,84.9,86.3,0.7423179494179767
6.350852024639187,2.4141987491718604,COTO,cotonou,6.352268,2.402957,1253.6135593985002,21238.37353,9.0,100.0,109.0,570.0,10,15.415804386138916,97.2222397528393,4.2692997864579185,5.415804386138916,0.0012578665416585508,0.6028812714997919,0.0009547751376081681,0.6113034532800221,-0.009661203818911853,0.257269408197785,1,-1.0,-1.0,0,0,0,11,1,30.0,75.0,180.0,20.5,1011.0,cotonou/COTO,285.3045504368927,75.1,58.1,0.5907447941637661
6.36548306878418,2.370515978964902,COTO,cotonou,6.352268,2.402957,3875.3663108066594,21238.37353,9.0,100.0,109.0,570.0,10,11.50969135761261,292.2894629430023,1.4410522557731942,1.5096913576126099,-0.000563410276021713,1.3293772774434724,-0.0005669085907294108,1.3385872676525072,-0.0005296436708285266,0.01845902853983807,1,-1.0,-1.0,0,0,0,2,1,30.0,55.0,310.0,7.6,1013.0,cotonou/COTO,257.5295687877015,62.5,62.4,0.6534392090094951
6.385656544567975,2.373001637074248,COTO,cotonou,6.352268,2.402957,4961.585602729625,21238.37353,9.0,100.0,109.0,570.0,10,12.849995136260986,318.2802628308969,1.1101894550762257,2.8499951362609863,-0.00017208761000728993,1.0565888128533303,-0.00016826983697400125,1.0534799244148019,0.00032162136501736113,0.011963977806056757,0,4643.407768486442,4693.1230550869395,3,6,1,2,1,31.8,57.0,210.0,13.0,1008.6,cotonou/COTO,358.8872214220909,62.5,66.1,0.29938329151482557
6.359874124593393,2.395436550926779,COTO,cotonou,6.352268,2.402957,1183.1526822727753,21238.37353,9.0,100.0,109.0,570.0,10,14.013197898864746,315.5015515776358,4.590020714904058,4.013197898864746,0.000218955702573967,0.427480925645285,4.4020395430307566e-05,0.44912350521433936,-0.003409181038538615,0.16180510918596674,1,-1.0,-1.0,0,0,4,7,1,32.6,66.0,210.0,11.2,1010.9,cotonou/COTO,204.60464730791253,56.5,68.1,0.24137206162666291
6.348611003061133,2.378783303801657,COTO,cotonou,6.352268,2.402957,2705.0038056545886,21238.37353,9.0,100.0,109.0,570.0,10,10.710995376110077,261.3465505818746,2.080983633273818,0.7109953761100769,-0.0010974344534751697,1.0401552157625886,-0.001085505818111309,1.0794266957302228,0.0,0.0,1,-1.0,-1.0,0,0,0,0,1,33.0,63.0,200.0,11.2,1008.0,cotonou/COTO,310.65923598055264,66.5,55.9,0.32249234716866526
6.377295544156408,2.36209632469225,COTO,cotonou,6.352268,2.402957,5300.706529456247,21238.37353,9.0,100.0,109.0,570.0,10,12.728916883468628,301.6481273571118,1.040487782935489,2.728916883468628,-0.00017952055244650476,1.2120699510830895,-0.00019078805237953008,1.2060822184805216,-4.713270399305555e-05,0.01958105497463551,1,-1.0,-1.0,0,0,2,10,1,31.0,75.0,200.0,18.4,1008.0,cotonou/COTO,333.1849486396399,76.1,64.2,0.15544156408342247
6.384795406669308,2.372243222061274,COTO,cotonou,6.352268,2.402957,4948.371104678317,21238.37353,9.0,100.0,109.0,570.0,10,12.690542936325073,316.82138887096664,1.1149989962011104,2.6905429363250732,-0.00020627976033317082,1.095992685262212,-0.00020915138983203024,1.0899985048368606,-0.0007618533240424263,0.028235727673000154,1,-1.0,-1.0,0,0,1,5,1,34.0,32.0,222.0,5.4,1009.0,cotonou/COTO,161.07626082067793,53.4,62.5,0.8743143652908074
6.362950759893263,2.3833113989119026,COTO,cotonou,6.352268,2.402957,2473.8855468273687,21238.37353,9.0,100.0,109.0,570.0,10,13.125631093978882,298.6858530654327,2.2193626041394063,3.125631093978882,-0.00023347804824032457,0.8805730939648665,-0.0003714410931456323,0.9041802633596889,-0.0033438583215077717,0.17422309128436228,1,-1.0,-1.0,0,0,3,7,1,31.7,62.0,220.0,11.2,1010.7,cotonou/COTO,160.52457568861385,54.4,62.4,0.2832469332501141
6.3741246105902105,2.358494419228427,COTO,cotonou,6.352268,2.402957,5481.003058665341,21238.37353,9.0,100.0,109.0,570.0,10,13.85966157913208,296.32039826467377,0.9944516367935459,3.85966157913208,2.4300312591361058e-05,1.3351585775416883,2.6947399517437363e-05,1.3297376109418024,-0.0004111687342325847,0.015626260837113517,1,-1.0,-1.0,0,0,3,9,1,32.0,71.0,220.0,18.4,1009.0,cotonou/COTO,315.24390842648114,72.1,63.4,0.5614893944143846
6.370404318160452,2.3898944559596327,COTO,cotonou,6.352268,2.402957,2472.1101553165245,21238.37353,9.0,100.0,109.0,570.0,10,11.877168416976929,324.40534309399436,2.24984632068013,1.8771684169769287,-0.0007348686815744424,0.8049375926386622,-0.0007258416157142789,0.8466799058061472,-0.00015237033367156982,0.00968083857437656,1,-1.0,-1.0,0,0,1,0,1,32.0,63.0,210.0,16.6,1010.0,cotonou/COTO,370.2078816016378,62.3,84.9,0.7919744251413741
6.346045691402656,2.4016290608650026,COTO,cotonou,6.352268,2.402957,703.6225618788138,21238.37353,9.0,100.0,109.0,570.0,10,12.205300092697144,191.97541725986463,7.832800502347154,2.2053000926971436,-0.00247409299766281,0.427986321717663,-0.00233151179093581,0.5316075418211477,-0.0059065580368041996,0.2846191310667607,1,-1.0,-1.0,0,0,2,2,1,31.0,71.0,180.0,18.4,1010.0,cotonou/COTO,393.11085268658167,75.8,69.1,0.7838241093757136
6.356338865589012,2.377222246853209,COTO,cotonou,6.352268,2.402957,2882.666737373254,21238.37353,9.0,100.0,109.0,570.0,10,13.871841192245483,279.0449548227192,1.890077932595996,3.8718411922454834,5.664940142549594e-05,0.5490600374809472,0.00011919260955235781,0.547619162383435,0.0024410812449633407,0.0803846694344829,1,-1.0,-1.0,0,0,2,9,1,31.5,70.0,236.0,9.3,1011.4,cotonou/COTO,247.88812658137354,59.2,62.4,0.4383862585841929
6.356385377774946,2.3738957684199553,COTO,cotonou,6.352268,2.402957,3247.418800499229,21238.37353,9.0,100.0,109.0,570.0,10,14.110381603240967,278.1147550925558,1.6737071678175344,4.110381603240967,0.00012336090799500819,0.5141971040818245,0.00021414359603461955,0.5108049265566683,0.0021359709281229535,0.11154318199260528,1,-1.0,-1.0,0,0,3,12,1,29.6,72.0,220.0,14.8,1010.1,cotonou/COTO,248.80347304650218,61.8,53.0,0.47625730858672566
6.377773390880682,2.3748089933322976,COTO,cotonou,6.352268,2.402957,4201.687300900678,21238.37353,9.0,100.0,109.0,570.0,10,11.761256575584412,312.3581557389969,1.325747222530731,1.7612565755844116,-0.00045998460012124776,1.1532632711167394,-0.0004540434220703212,1.154858178556145,0.0001418496179384978,0.004658379040901708,1,-1.0,-1.0,0,0,0,0,1,31.0,63.0,200.0,16.6,1007.0,cotonou/COTO,74.10445128334986,81.4,85.6,0.9947017489350248
6.357088733463352,2.375736654701656,COTO,cotonou,6.352268,2.402957,3058.481727461124,21238.37353,9.0,100.0,109.0,570.0,10,13.979772567749023,280.10528909110093,1.7794801105238889,3.9797725677490234,8.960456463007515e-05,0.5849690852915971,9.812292380210681e-05,0.5837978186463806,0.0005378405253092447,0.021122575239147574,1,-1.0,-1.0,0,0,4,7,1,32.4,63.0,230.0,7.6,1010.7,cotonou/COTO,241.82719946273568,53.0,59.2,0.6745974769790241
6.380287747804783,2.3716480123317485,COTO,cotonou,6.352268,2.402957,4647.640174943084,21238.37353,9.0,100.0,109.0,570.0,10,12.122717142105103,312.00463395875494,1.1941233698563238,2.1227171421051025,-0.0003378655596248266,1.1547473998000342,-0.0002944088554149235,1.1506174994217064,0.0031615428661252998,0.10158714580707492,1,-1.0,-1.0,0,0,0,2,1,30.7,45.0,199.0,11.1,1008.8,cotonou/COTO,383.9027712846491,58.1,78.2,0.8146384431178827
6.3647706521759835,2.3711842946202926,COTO,cotonou,6.352268,2.402957,3777.444643751514,21238.37353,9.0,100.0,109.0,570.0,10,11.598401188850403,291.6022827954602,1.4770472469710132,1.5984011888504028,-0.0005586872362081643,1.2535699729385386,-0.0005601117606450869,1.2745526470059394,-0.0007143016729980184,0.0202619567780989,1,-1.0,-1.0,0,0,3,11,1,30.0,55.0,310.0,7.6,1013.0,cotonou/COTO,213.77228304903036,59.4,66.8,0.9025539692192319
6.3697704767702215,2.391712435062632,COTO,cotonou,6.352268,2.402957,2300.90122099631,21238.37353,9.0,100.0,109.0,570.0,10,12.352752447128296,327.44237596911506,2.405242827434706,2.352752447128296,-0.0006151941109047209,0.5869315142306023,-0.0006363241984371395,0.640728417525038,-0.003219392564561632,0.1208593398913514,1,-1.0,-1.0,0,0,7,6,1,33.0,67.0,200.0,18.4,1012.0,cotonou/COTO,292.9664112146319,84.9,61.2,0.7875898362293392
6.385354430427888,2.3753077832091933,COTO,cotonou,6.352268,2.402957,4769.2386798497255,21238.37353,9.0,100.0,109.0,570.0,10,13.256292819976807,320.29159597658844,1.1500731960710555,3.2562928199768066,-9.334791282418818e-05,1.0264056522439122,-8.314105047695879e-05,1.020410989303508,0.0012397130330403646,0.045842250020841954,0,-1.0,4501.626088595633,0,1,1,6,1,31.0,59.0,170.0,13.0,1007.0,cotonou/COTO,285.70158014965295,70.2,66.1,0.18517934495356758
6.368290036825187,2.391509125363539,COTO,cotonou,6.352268,2.402957,2177.9930251742526,21238.37353,9.0,100.0,109.0,570.0,10,12.785276651382446,324.62168275665107,2.529445999929437,2.7852766513824463,-0.00046759198606100916,0.5308125590968568,-0.0007461475494139622,0.5805840202998149,-0.008252119451698965,0.22059618303697223,1,-1.0,-1.0,0,0,3,12,1,32.0,63.0,210.0,16.6,1010.0,cotonou/COTO,256.496478923207,61.2,70.8,0.5621707337375722
6.350280966595541,2.4128456891280763,COTO,cotonou,6.352268,2.402957,1115.9410550285768,21238.37353,9.0,100.0,109.0,570.0,10,14.50105619430542,101.4294872760479,4.8403130910252115,4.50105619430542,0.0006965480352702894,0.2753920665069883,0.0009016236769923019,0.30164850778989166,0.0014108950298021066,0.1246872281853708,1,-1.0,-1.0,0,0,0,4,1,30.0,75.0,180.0,20.5,1011.0,cotonou/COTO,374.95826287725737,75.1,70.9,0.10189415731454488
6.379731717502796,2.3679713443280366,COTO,cotonou,6.352268,2.402957,4920.047398141106,21238.37353,9.0,100.0,109.0,570.0,10,12.748273372650146,308.3060800642322,1.1207441478797047,2.7482733726501465,-0.00019394454747325815,1.1387031366447091,-0.000157286505253055,1.1321574851810507,0.0028163752495395625,0.07481557917981863,1,-1.0,-1.0,0,0,3,9,1,30.7,55.0,293.0,13.0,1011.4,cotonou/COTO,398.73109698140775,66.5,66.5,0.6529221265639984
6.3660687445997315,2.417647834307436,COTO,cotonou,6.352268,2.402957,2229.6041017724983,21238.37353,9.0,100.0,109.0,570.0,10,14.414307117462158,46.61205046282333,2.429181695034774,4.414307117462158,0.0003114626422585054,0.4136537751857309,0.0002624887810552318,0.4177466802821139,-0.0021661899961789755,0.08015887098574857,1,-1.0,-1.0,0,0,7,8,1,33.0,63.0,248.0,13.0,1011.0,cotonou/COTO,337.6225164292086,57.9,61.6,0.955349428187811
6.352922058448385,2.415152326266497,COTO,cotonou,6.352268,2.402957,1351.2343222892753,21238.37353,9.0,100.0,109.0,570.0,10,15.479061603546143,86.91045545131652,3.9592123787259954,5.479061603546143,0.0012841088184411976,0.5958863699119917,0.001300324277674898,0.6042705043565212,0.0006878005133734809,0.03082281484234919,1,-1.0,-1.0,0,0,1,10,1,32.0,67.0,210.0,18.4,1012.0,cotonou/COTO,331.6003083532061,69.85,58.1,0.5127320643001113
6.37258779343274,2.3636055953867685,COTO,cotonou,6.352268,2.402957,4899.482961690779,21238.37353,9.0,100.0,109.0,570.0,10,12.272756338119507,297.45711502917,1.1310056617935405,2.272756338119507,-0.00029151119836946804,1.3655840333593938,-0.00025684914585645714,1.362440422615236,0.0023872936319814957,0.07753722753620604,1,-1.0,-1.0,0,0,1,0,1,31.5,72.0,230.0,14.8,1010.2,cotonou/COTO,325.1163282580652,78.0,76.5,0.4329724928677672
6.3594782065859725,2.4041895336612944,COTO,cotonou,6.352268,2.402957,808.9384329093544,21238.37353,9.0,100.0,109.0,570.0,10,14.658854961395264,9.641974001389599,6.6519789480479865,4.658854961395264,0.0011788375694006172,0.4114444101310778,0.0011875884286288556,0.40455371370598536,0.0016146077050103083,0.06101104312210701,1,-1.0,-1.0,0,0,4,8,1,31.0,75.0,210.0,18.4,1008.0,cotonou/COTO,329.0564998598276,66.4,68.1,0.03584275141816318
6.353244755350197,2.4117105790318827,COTO,cotonou,6.352268,2.402957,974.5050667739048,21238.37353,9.0,100.0,109.0,570.0,10,15.035852909088135,83.59357548735517,5.507571942878374,5.035852909088135,0.0013422843181725703,0.48456755566932186,0.0012742485318865094,0.4890450608423238,-0.00023278792699178062,0.012615834149890358,1,-1.0,-1.0,0,0,3,5,1,32.0,71.0,220.0,16.6,1011.0,cotonou/COTO,387.43452466200705,58.7,70.9,0.9597745223292203
6.383190771583637,2.3736779436922943,COTO,cotonou,6.352268,2.402957,4710.3786957246575,21238.37353,9.0,100.0,109.0,570.0,10,12.705065965652466,316.7425985738984,1.1711425467600296,2.705065965652466,-0.00021275489995129442,1.1266498904687734,-0.0001795779073008693,1.1197611804749723,0.0015761463443690314,0.05290790044443404,1,-1.0,-1.0,0,0,0,16,1,34.0,32.0,222.0,5.4,1009.0,cotonou/COTO,268.94546398849457,64.4,53.4,0.10300268413015878
6.37947105456953,2.377039343959516,COTO,cotonou,6.352268,2.402957,4156.010552293679,21238.37353,9.0,100.0,109.0,570.0,10,11.950038433074951,316.5645417510894,1.3377114260254015,1.9500384330749512,-0.00042133165492142416,1.173536983792244,-0.0004013940797629931,1.1718385862481808,0.0007817844549814861,0.03686130688476193,1,-1.0,-1.0,0,0,0,5,1,31.0,63.0,200.0,16.6,1007.0,cotonou/COTO,333.1849486397105,81.4,70.5,0.041079093304846936
6.348438426644602,2.3799783954861313,COTO,cotonou,6.352268,2.402957,2577.407264206627,21238.37353,9.0,100.0,109.0,570.0,10,10.270606219768524,260.4820703028626,2.193682507577326,0.27060621976852417,-0.0013319322536158008,0.8743466379295498,-0.0013016610660336234,1.0087766616662746,0.0,0.0,1,-1.0,-1.0,0,0,0,0,1,32.0,71.0,200.0,18.4,1008.0,cotonou/COTO,310.65923598055264,55.9,66.5,0.24606661150493847
6.36584523061166,2.3660805113047365,COTO,cotonou,6.352268,2.402957,4347.492352407844,21238.37353,9.0,100.0,109.0,570.0,10,11.458176136016846,290.3297216101329,1.2852920473674927,1.4581761360168457,-0.0005175061937945479,1.3551226654376098,-0.0005084866569155739,1.36826034503216,-9.790129131740993e-05,0.005404020509346453,1,-1.0,-1.0,0,0,2,1,1,30.1,50.0,198.0,11.1,1009.1,cotonou/COTO,383.9926241478955,66.1,63.0,0.06553043391838242
6.345917495958541,2.4004720148052896,COTO,cotonou,6.352268,2.402957,754.1898587216352,21238.37353,9.0,100.0,109.0,570.0,10,11.939920902252197,201.2514520409799,7.333342782372067,1.9399209022521973,-0.002265475040827042,0.5807667793434754,-0.0026095429960814646,0.6464811487177495,-0.005735891309249505,0.19215860743624835,1,-1.0,-1.0,0,0,3,9,1,31.0,71.0,180.0,18.4,1010.0,cotonou/COTO,393.11085268658167,75.8,69.1,0.45511784241176234
6.356768789665561,2.3918580055557976,COTO,cotonou,6.352268,2.402957,1325.0307826253093,21238.37353,9.0,100.0,109.0,570.0,10,15.567371845245361,292.1970619918675,4.033452826561875,5.567371845245361,0.001378059563813386,0.6873890355018258,0.0010893363297921545,0.6806006530420868,-0.004339441561588383,0.13145435357037608,1,-1.0,-1.0,0,0,3,8,1,32.6,66.0,210.0,11.2,1010.9,cotonou/COTO,267.5192114597196,58.2,57.1,0.5160878012571124
6.359017407667282,2.395935117514368,COTO,cotonou,6.352268,2.402957,1077.353544002649,21238.37353,9.0,100.0,109.0,570.0,10,14.45345163345337,314.04339630189907,5.015322498282338,4.453451633453369,0.0006613500557777761,0.4552683521758065,0.0005709323966712282,0.44584164845158286,-0.004260391659206814,0.15715707902703874,1,-1.0,-1.0,0,0,3,11,1,32.6,66.0,210.0,11.2,1010.9,cotonou/COTO,237.15585761266473,56.5,58.3,0.3125699490285839
6.366039423710455,2.3662572757946414,COTO,cotonou,6.352268,2.402957,4336.638323782953,21238.37353,9.0,100.0,109.0,570.0,10,11.458176136016846,290.6870189183163,1.2885078791651658,1.4581761360168457,-0.0005169661607400745,1.3777102927883609,-0.0005119353465212176,1.3903260474774448,-7.328490416208903e-05,0.004399447824038665,1,-1.0,-1.0,0,0,2,2,1,30.1,50.0,198.0,11.1,1009.1,cotonou/COTO,327.63056038773834,66.1,62.5,0.05096048257488606
6.361965227753274,2.4046498967585936,COTO,cotonou,6.352268,2.402957,1088.6298123698448,21238.37353,9.0,100.0,109.0,570.0,10,15.228944301605225,9.842845378713946,4.923121604571802,5.228944301605225,0.001608155213754256,0.4309068151238941,0.001359436774666066,0.4385766462988918,0.0021908888710102403,0.07837958712132863,1,-1.0,-1.0,0,0,4,8,1,31.6,70.0,230.0,16.6,1013.0,cotonou/COTO,240.45018714908818,64.4,70.5,0.1116003682492267
6.3635435852882765,2.366236756566985,COTO,cotonou,6.352268,2.402957,4249.7570576525695,21238.37353,9.0,100.0,109.0,570.0,10,11.522944688796997,287.1714855268075,1.3139679883536715,1.522944688796997,-0.0005138779234576859,1.2146842758894978,-0.0005059581111978602,1.2351018747467981,-0.00012827118237813314,0.006606290337738569,1,-1.0,-1.0,0,0,3,3,1,33.0,39.0,280.0,7.6,1012.0,cotonou/COTO,309.4591612797848,63.0,58.0,0.3845043779899281
6.367558294704525,2.390971261791471,COTO,cotonou,6.352268,2.402957,2148.8901394569384,21238.37353,9.0,100.0,109.0,570.0,10,12.859212160110474,322.0801271579446,2.5616900380144383,2.8592121601104736,-0.00042596769023017626,0.5670560467814673,-0.0008019563428234327,0.5982999235556388,-0.008694178077173079,0.14362296839321803,0,-1.0,2084.294243481279,0,4,3,12,1,32.0,63.0,210.0,16.6,1010.0,cotonou/COTO,281.07558431847417,70.8,86.3,0.06052845082653613
6.371718892089938,2.3897368819789637,COTO,cotonou,6.352268,2.402957,2601.2115854141252,21238.37353,9.0,100.0,109.0,570.0,10,11.94255816936493,325.9624620657903,2.1368516416830388,1.9425581693649292,-0.0006705709532386233,0.8435386823233767,-0.0006624490580755228,0.8737368391663529,0.00028409295611911346,0.011824292201743166,1,-1.0,-1.0,0,0,1,16,1,33.0,67.0,190.0,20.5,1010.0,cotonou/COTO,271.69843466620387,73.3,84.9,0.6981897256099134
6.387721970877634,2.3750302876563376,COTO,cotonou,6.352268,2.402957,4991.884281507245,21238.37353,9.0,100.0,109.0,570.0,10,13.331702947616577,321.9467780406544,1.0979258351540175,3.331702947616577,-4.148799717311203e-05,0.9652115386110944,-0.00010058292035285304,0.9595279567555164,-5.028049151102696e-05,0.05171257303077881,0,4931.861624815774,-1.0,1,0,6,2,1,31.0,59.0,170.0,13.0,1007.0,cotonou/COTO,339.277088085809,66.1,64.0,0.20702054152481197
6.3782533145100535,2.3755047646082024,COTO,cotonou,6.352268,2.402957,4181.249770886518,21238.37353,9.0,100.0,109.0,570.0,10,11.784626007080078,313.60599596126025,1.3319049535583514,1.7846260070800781,-0.0004512991047050759,1.1693542682154048,-0.00044993857884889074,1.170408221350407,0.000326011086263868,0.012549174154211855,1,-1.0,-1.0,0,0,1,5,1,31.0,63.0,200.0,16.6,1007.0,cotonou/COTO,310.99815111988335,85.6,81.4,0.3020715687836385
6.367591297857501,2.3902769260544487,COTO,cotonou,6.352268,2.402957,2199.9382225375693,21238.37353,9.0,100.0,109.0,570.0,10,12.681814193725586,320.566475240694,2.5069355784637453,2.681814193725586,-0.0004617915497169838,0.6294491452891485,-0.0005721739080546288,0.6527929118871484,-0.004620606237810489,0.15003204856193628,1,-1.0,-1.0,0,0,5,10,1,32.0,63.0,210.0,16.6,1010.0,cotonou/COTO,212.6801711490812,70.8,62.3,0.3941257771780975
6.385007611215515,2.383136746513703,COTO,cotonou,6.352268,2.402957,4232.895084898491,21238.37353,9.0,100.0,109.0,570.0,10,14.907049179077148,328.9676850010127,1.2734171649369461,4.907049179077148,0.0002817036960046616,0.9839521622349687,0.0002678455037143218,0.9883110365001376,0.0005348954096136312,0.04271214634809232,1,-1.0,-1.0,0,0,2,9,1,33.0,41.0,50.0,9.4,1007.0,cotonou/COTO,266.4578062283396,64.8,75.6,0.4166096330691479
6.37124337123658,2.404566363050192,COTO,cotonou,6.352268,2.402957,2105.9873738038527,21238.37353,9.0,100.0,109.0,570.0,10,13.214202880859375,4.818039277729724,2.60416672200266,3.214202880859375,-0.00023135612828071133,0.5697690785611288,-0.00027651837949949586,0.5829756396543426,-0.0019060866929420568,0.05562626290903651,1,-1.0,-1.0,0,0,2,1,1,32.0,75.0,200.0,20.5,1010.0,cotonou/COTO,331.4609434005665,75.5,86.5,0.0016607076748005323
6.357552583480262,2.391280260630528,COTO,cotonou,6.352268,2.402957,1417.9489490016417,21238.37353,9.0,100.0,109.0,570.0,10,14.597801685333252,294.48382119547756,3.8089363252148125,4.597801685333252,0.00023541778106810846,0.67186206030745,0.0005650498723681409,0.6682235280415902,-0.005481996320052733,0.19067348155075675,1,-1.0,-1.0,0,0,2,10,1,32.6,66.0,210.0,11.2,1010.9,cotonou/COTO,267.5192114597196,58.2,57.1,0.11207037099869754
6.3821229861422415,2.3650733200966565,COTO,cotonou,6.352268,2.402957,5335.540648536518,21238.37353,9.0,100.0,109.0,570.0,10,13.861927032470703,308.4151502672083,1.0215333017494523,3.861927032470703,2.939078675037794e-05,1.101761935029217,3.71988890079506e-05,1.097997027733878,0.00059471295778661,0.04735321973642457,1,-1.0,-1.0,0,0,2,1,1,30.7,55.0,293.0,13.0,1011.4,cotonou/COTO,267.2888297328458,66.5,55.8,0.8627645637408781
6.359626152844963,2.4108686682924874,COTO,cotonou,6.352268,2.402957,1195.1459189941156,21238.37353,9.0,100.0,109.0,570.0,10,14.950099468231201,46.89935959934212,4.499517676976101,4.950099468231201,0.001035923361778259,0.3977139113857272,0.0010220669564746673,0.39339149011890184,0.0004966259002685547,0.02234816551208496,1,-1.0,-1.0,0,0,2,3,1,32.0,67.0,210.0,18.4,1012.0,cotonou/COTO,366.4815913522073,68.1,54.0,0.001233062511908134
6.3806200916953,2.3762359521480017,COTO,cotonou,6.352268,2.402957,4309.378011075922,21238.37353,9.0,100.0,109.0,570.0,10,12.203507423400879,316.874727833753,1.286751369874011,2.203507423400879,-0.00034644363120098394,1.1605601842651838,-0.000331143919191404,1.1560947136677453,0.0010001023610432943,0.04482808105198308,1,-1.0,-1.0,0,0,2,0,1,31.0,63.0,200.0,16.6,1007.0,cotonou/COTO,333.1849486397105,81.4,70.5,0.5081673558128751
6.36476553703037,2.3726563404777647,COTO,cotonou,6.352268,2.402957,3626.1551422588936,21238.37353,9.0,100.0,109.0,570.0,10,11.695218205451965,292.54032016676945,1.5371145229131884,1.6952182054519653,-0.0005546014851983799,1.2544182332090572,-0.0005483157912567056,1.273675216006352,-0.000205687681833903,0.007903449910771762,1,-1.0,-1.0,0,0,2,4,1,31.0,63.0,180.0,9.4,1011.0,cotonou/COTO,344.695661852635,62.4,60.5,0.4895020065072081
6.355293216138895,2.3761692537823533,COTO,cotonou,6.352268,2.402957,2982.6251464169995,21238.37353,9.0,100.0,109.0,570.0,10,14.243181705474854,276.4842417540195,1.8196521657923517,4.2431817054748535,0.00017873009045918782,0.4656703277073086,0.0002142631150538625,0.46156054020593484,0.0015373905499776203,0.071677725654203,1,-1.0,-1.0,0,0,4,1,1,29.6,72.0,220.0,14.8,1010.1,cotonou/COTO,350.5649932608698,56.3,62.4,0.3330941610106378
6.365239830328315,2.3713156867297984,COTO,cotonou,6.352268,2.402957,3783.2860583460383,21238.37353,9.0,100.0,109.0,570.0,10,11.555829644203186,292.4180330122266,1.475411981100884,1.555829644203186,-0.0005646093936729932,1.3057921612398757,-0.0005705534246091717,1.3152229933345316,-0.0009087671768386567,0.025360209052807673,1,-1.0,-1.0,0,0,1,1,1,31.0,63.0,180.0,9.4,1011.0,cotonou/COTO,64.38956825449732,62.4,66.8,0.43132702014644964
6.371685420290821,2.4040894726911834,COTO,cotonou,6.352268,2.402957,2150.9842696806295,21238.37353,9.0,100.0,109.0,570.0,10,12.93700361251831,3.3172802601400804,2.5571313717611224,2.9370036125183105,-0.00037740594497522327,0.6245938593165062,-0.0003752110240695713,0.6583683109033751,-0.0017414437399970162,0.06415342910722507,1,-1.0,-1.0,0,0,4,2,1,32.0,75.0,200.0,20.5,1010.0,cotonou/COTO,331.4609434005665,86.5,75.5,0.7805811375265843
6.355928032415821,2.4109256203679093,COTO,cotonou,6.352268,2.402957,970.1199888143503,21238.37353,9.0,100.0,109.0,570.0,10,15.62917423248291,65.1957920363962,5.497594633597149,5.62917423248291,0.0019415987862481008,0.6113715853574883,0.001967097568038327,0.6238465576640231,-0.0008095786254308056,0.05559933023863077,1,-1.0,-1.0,0,0,6,7,1,31.5,68.0,230.0,13.0,1012.0,cotonou/COTO,387.43452466200705,70.9,58.7,0.8412037062149564
6.370754978262467,2.3901628975921563,COTO,cotonou,6.352268,2.402957,2486.6485113201593,21238.37353,9.0,100.0,109.0,570.0,10,11.890429615974426,325.48055732392044,2.236400752753358,1.8904296159744263,-0.000732744422040052,0.7806584646736663,-0.000688563821421472,0.820341638438476,0.00013196792700401433,0.012987672108157586,1,-1.0,-1.0,0,0,2,5,1,33.0,67.0,200.0,18.4,1012.0,cotonou/COTO,137.85914006689853,84.9,86.3,0.26034854341525004
6.3542935325007095,2.373558373566145,COTO,cotonou,6.352268,2.402957,3260.3783323878124,21238.37353,9.0,100.0,109.0,570.0,10,14.5574369430542,273.96729110538547,1.6592085419109122,4.557436943054199,0.00026165177571578924,0.4031662187176821,0.000268085797627767,0.39977608545414817,0.0005724959903293186,0.02367787300876701,1,-1.0,-1.0,0,0,1,10,1,29.6,72.0,220.0,14.8,1010.1,cotonou/COTO,377.7671008703886,61.8,74.7,0.32249044096772983
6.37089809917723,2.404123831550428,COTO,cotonou,6.352268,2.402957,2064.3043625859086,21238.37353,9.0,100.0,109.0,570.0,10,13.178877353668213,3.5617655325966098,2.6576545620014618,3.178877353668213,-0.00026715201366689194,0.567384848774767,-0.0002756750079947459,0.5963776465040718,-0.0016741381751166449,0.06163100758789485,1,-1.0,-1.0,0,0,2,11,1,32.0,75.0,200.0,20.5,1010.0,cotonou/COTO,257.31179082972295,75.5,86.2,0.24248285302833272
6.3628959656137525,2.4070126483746117,COTO,cotonou,6.352268,2.402957,1258.0668018182553,21238.37353,9.0,100.0,109.0,570.0,10,15.084323406219482,20.769247254971333,4.269256286447292,5.084323406219482,0.0010917388490956994,0.44295030727409057,0.0010447597864902379,0.44052936900791284,-0.00020617379082573783,0.008318325956047885,1,-1.0,-1.0,0,0,3,7,1,31.6,70.0,230.0,16.6,1013.0,cotonou/COTO,373.8657305772486,70.5,58.8,0.47986340055106513
6.35383646978906,2.388817510275925,COTO,cotonou,6.352268,2.402957,1573.9853774681687,21238.37353,9.0,100.0,109.0,570.0,10,15.009062767028809,276.36942003817796,3.417373887185839,5.009062767028809,0.0008189127880072444,0.5246841450247453,0.0005485160423047615,0.5151765773559808,-0.005145045121510823,0.23740675330134645,1,-1.0,-1.0,0,0,6,3,1,31.0,71.0,240.0,9.4,1011.0,cotonou/COTO,330.80979731559944,68.3,66.6,0.6832583576588129
6.384315093107154,2.3826395540256486,COTO,cotonou,6.352268,2.402957,4196.782685731375,21238.37353,9.0,100.0,109.0,570.0,10,14.6817045211792,327.7871171102482,1.2874459128391544,4.681704521179199,0.00022859537017875243,0.9871101057784143,0.00025190815247851616,0.9934343779743833,0.0002110193117513784,0.03134378843095466,1,-1.0,-1.0,0,0,5,8,1,33.0,41.0,50.0,9.4,1007.0,cotonou/COTO,266.4578062283396,75.6,64.8,0.22825287546342055
6.358482129298426,2.3738536626037026,COTO,cotonou,6.352268,2.402957,3292.505612526508,21238.37353,9.0,100.0,109.0,570.0,10,13.090520858764648,282.1267164086838,1.6685331824204719,3.0905208587646484,-0.0001868092652523156,0.7520781553423075,-0.0002338292614572636,0.7650675143338798,-0.0018799527018196025,0.026534335186378957,0,-1.0,3147.3450444391665,0,5,0,1,1,32.4,63.0,230.0,7.6,1010.7,cotonou/COTO,370.9625978450856,53.0,62.1,0.33073574205486667
6.373582334612144,2.3593908346207417,COTO,cotonou,6.352268,2.402957,5365.555693507601,21238.37353,9.0,100.0,109.0,570.0,10,13.865481615066528,296.2121922544069,1.0157820757000022,3.8654816150665283,3.3833463139841995e-05,1.3522075482448144,3.561789159616713e-05,1.3468727993498277,0.001361529032389323,0.050091647853764604,1,-1.0,-1.0,0,0,1,7,1,32.0,71.0,220.0,18.4,1009.0,cotonou/COTO,315.24390842648114,72.1,63.4,0.9303846175891505
6.369763347113205,2.3903107454663868,COTO,cotonou,6.352268,2.402957,2387.6793989985395,21238.37353,9.0,100.0,109.0,570.0,10,11.931247353553772,324.3077934445902,2.328021464641888,1.931247353553772,-0.000748791983246867,0.7346251397566995,-0.0007449640975735052,0.7857932808365256,-0.0012135138114293417,0.054943717378954864,1,-1.0,-1.0,0,0,0,3,1,33.0,67.0,200.0,18.4,1012.0,cotonou/COTO,259.09644632842327,86.3,62.3,0.048569289846958075
6.352843093423614,2.4151467616171,COTO,cotonou,6.352268,2.402957,1350.180128341154,21238.37353,9.0,100.0,109.0,570.0,10,15.479061603546143,87.28154269918656,3.9622938108549843,5.479061603546143,0.001312648274809843,0.6169056076263231,0.001300324277674898,0.6286326770435526,0.0006878005133734809,0.03082281484234919,1,-1.0,-1.0,0,0,0,6,1,29.8,77.0,200.0,11.2,1012.0,cotonou/COTO,331.6003083532061,58.1,69.85,0.4607696052395662
6.347864623216639,2.384466894098437,COTO,cotonou,6.352268,2.402957,2102.9224279044547,21238.37353,9.0,100.0,109.0,570.0,10,11.678248047828674,256.5259935751993,2.6497172434356173,1.6782480478286743,-0.0009524616836941857,0.5854913978146635,-0.0011467422048250836,0.6752273454240271,-0.018621048662397596,0.6858494190924841,1,-1.0,-1.0,0,0,1,2,1,31.0,75.0,200.0,18.4,1008.0,cotonou/COTO,170.17425892305585,72.8,63.1,0.7115580415967778
6.351876666809702,2.4071593774168796,COTO,cotonou,6.352268,2.402957,466.96331330381787,21238.37353,9.0,100.0,109.0,570.0,10,14.115270614624023,95.35258694081796,11.4858570980871,4.115270614624023,0.0009236565600674923,0.14075515895080107,0.0008301615715026855,0.149810714814789,0.000789010524749756,0.04027317297328596,1,-1.0,-1.0,0,0,3,2,1,31.5,68.0,230.0,13.0,1012.0,cotonou/COTO,286.83997943094687,75.4,71.6,0.15045401155747407
6.3634136142781825,2.3841798456326035,COTO,cotonou,6.352268,2.402957,2415.616864471913,21238.37353,9.0,100.0,109.0,570.0,10,12.849953889846802,300.84864752405053,2.2793702719752305,2.8499538898468018,-0.0003526903474281845,0.9054574029339266,-0.0006261568936980552,0.9272588792412018,-0.007504610192824735,0.16265323496936904,1,-1.0,-1.0,0,0,4,11,1,31.9,70.0,220.0,18.4,1008.0,cotonou/COTO,350.04620409299224,62.4,75.2,0.047374020005481854
6.382255672544646,2.3754024384834476,COTO,cotonou,6.352268,2.402957,4504.599974624366,21238.37353,9.0,100.0,109.0,570.0,10,12.62464451789856,317.59935796758896,1.2256490804214113,2.6246445178985596,-0.00023892867907256745,1.1253829139401583,-0.00022393751772454103,1.1218115656640888,0.0015335696535109511,0.06519965128558765,1,-1.0,-1.0,0,0,2,3,1,32.1,54.0,211.0,13.0,1008.6,cotonou/COTO,342.02592664884946,70.5,70.2,0.13820537163853075
6.385104824335526,2.3754045055699837,COTO,cotonou,6.352268,2.402957,4741.207546231765,21238.37353,9.0,100.0,109.0,570.0,10,13.232219696044922,320.1769734918977,1.1571616531046756,3.232219696044922,-9.99807665125217e-05,1.0322160717939752,-6.513258585996227e-05,1.026160209815412,0.002474964581772063,0.06278469194953543,1,-1.0,-1.0,0,0,1,6,1,31.0,59.0,170.0,13.0,1007.0,cotonou/COTO,285.70158014965295,66.1,70.2,0.9188231935306829
6.35145601772945,2.4150307396538118,COTO,cotonou,6.352268,2.402957,1338.8611137353705,21238.37353,9.0,100.0,109.0,570.0,10,15.807615280151367,93.8704828134774,3.9816915969648643,5.807615280151367,0.0015560176637437612,0.7031761258840588,0.0013987387325746796,0.715305937862887,-0.003326265017191569,0.17150663258879542,1,-1.0,-1.0,0,0,1,13,1,29.8,77.0,200.0,11.2,1012.0,cotonou/COTO,285.3045504368927,58.1,75.1,0.009259781821123414
6.379146859457934,2.362993619082317,COTO,cotonou,6.352268,2.402957,5327.747981703857,21238.37353,9.0,100.0,109.0,570.0,10,12.071680784225464,304.0907768446531,1.0422735875294051,2.071680784225464,-0.00034488709324507024,1.1598750189800147,-0.00033142167109030267,1.1598121074783538,-0.00467011034488678,0.22143230226047694,0,-1.0,4783.228648904464,0,4,2,3,1,31.8,31.0,20.0,11.2,1010.9,cotonou/COTO,316.153254609243,78.2,76.1,0.18832197481135182
6.362674638906293,2.398648954253328,COTO,cotonou,6.352268,2.402957,1245.6473236331979,21238.37353,9.0,100.0,109.0,570.0,10,14.75169563293457,337.63674035172005,4.326875351402794,4.75169563293457,0.000829130316537524,0.3955209734044037,-3.562189134782372e-06,0.38631551822729665,-0.010922338552197897,0.24278854373623926,1,-1.0,-1.0,0,0,3,13,1,32.0,71.0,210.0,22.3,1008.0,cotonou/COTO,392.99957175554596,56.6,68.1,0.03128351290164455
6.374701083697985,2.356876658519283,COTO,cotonou,6.352268,2.402957,5669.7978444718465,21238.37353,9.0,100.0,109.0,570.0,10,13.615647792816162,296.1001756296873,0.9638095517037819,3.615647792816162,-1.7162740302082497e-05,1.326730457236264,-2.324938982153024e-05,1.320328041669063,-0.0013287703196207684,0.0488299137503558,0,5306.203593924553,5215.30503128773,2,3,2,9,1,32.0,71.0,220.0,18.4,1009.0,cotonou/COTO,356.3532216776974,72.1,58.6,0.11062946756220327
6.363237126893634,2.3837055746653553,COTO,cotonou,6.352268,2.402957,2451.1736820416622,21238.37353,9.0,100.0,109.0,570.0,10,12.910440921783447,299.82708045135587,2.244928058732247,2.9104409217834473,-0.0003353985251693529,0.8948540907497305,-0.0003971324080512637,0.9150599824378989,-0.0029355764389038083,0.11901074227064287,1,-1.0,-1.0,0,0,3,10,1,31.7,62.0,220.0,11.2,1010.7,cotonou/COTO,160.52457568861385,54.4,62.4,0.6201492866282963
6.379667399734331,2.368344598263064,COTO,cotonou,6.352268,2.402957,4883.208796759489,21238.37353,9.0,100.0,109.0,570.0,10,12.591618061065674,308.5398633083884,1.131034142774592,2.591618061065674,-0.00022442503627804897,1.1401644453453954,-0.00014057084333543641,1.133891041675768,0.00516856932666113,0.09608945293578686,1,-1.0,-1.0,0,0,4,10,1,30.7,55.0,293.0,13.0,1011.4,cotonou/COTO,398.73109698140775,66.5,66.5,0.24163890873908578
6.38123996349834,2.364288198958462,COTO,cotonou,6.352268,2.402957,5344.945780214671,21238.37353,9.0,100.0,109.0,570.0,10,13.272240400314331,307.0141688664274,1.0260553612858834,3.272240400314331,-8.095922416814876e-05,1.105626231318619,-8.338831089161059e-05,1.1026190236414304,-0.0010774056116739908,0.04024741969749223,0,5066.45161130569,5045.0289829280755,1,5,3,13,1,30.7,55.0,293.0,13.0,1011.4,cotonou/COTO,344.11074176779897,66.5,70.4,0.5692120504306768
6.379375097691383,2.362473998580843,COTO,cotonou,6.352268,2.402957,5389.5510537931805,21238.37353,9.0,100.0,109.0,570.0,10,11.917314410209656,303.97221475066425,1.0319647389323918,1.9173144102096558,-0.0003277201389554674,1.1647673144232384,-0.00037457259973064225,1.168336293923274,-0.0034154645388123407,0.15368311654450648,0,4968.323616723172,4784.711656974707,2,13,1,2,1,29.5,80.0,200.0,7.6,1009.5,cotonou/COTO,233.1422818794881,78.1,78.2,0.5901953827661262
6.379868268486566,2.3717313172926078,COTO,cotonou,6.352268,2.402957,4609.93115175702,21238.37353,9.0,100.0,109.0,570.0,10,11.971119046211243,311.65100153254957,1.2057717256167693,1.9711190462112427,-0.0003757299540878891,1.1537935439628888,-0.00035010163600628194,1.151343376524542,0.0013830264409383137,0.06413635846036261,1,-1.0,-1.0,0,0,0,2,1,30.7,55.0,293.0,13.0,1011.4,cotonou/COTO,333.8960444509769,66.5,78.2,0.849435333089779
6.359615206854115,2.410864879295655,COTO,cotonou,6.352268,2.402957,1194.0148652657433,21238.37353,9.0,100.0,109.0,570.0,10,14.950099468231201,46.92822078571152,4.503762405105835,4.950099468231201,0.001035923361778259,0.3977139113857272,0.0010220669564746673,0.39339149011890184,0.0004966259002685547,0.02234816551208496,1,-1.0,-1.0,0,0,2,3,1,32.0,67.0,210.0,18.4,1012.0,cotonou/COTO,366.4815913522073,68.1,54.0,0.004741392911873921
6.369125272613278,2.3919828411836503,COTO,cotonou,6.352268,2.402957,2224.7434046768,21238.37353,9.0,100.0,109.0,570.0,10,12.777398109436035,327.09786474741514,2.4765620545649623,2.777398109436035,-0.00041315258873833544,0.5345686151656274,-0.0005558745632318182,0.5602421973433789,-0.005262466910839471,0.15445974631497364,1,-1.0,-1.0,0,0,4,2,1,32.0,63.0,210.0,16.6,1010.0,cotonou/COTO,256.496478923207,70.8,61.2,0.8533694593423667
6.373072457422477,2.3588172822185327,COTO,cotonou,6.352268,2.402957,5398.36415847296,21238.37353,9.0,100.0,109.0,570.0,10,13.865037441253662,295.37523868803135,1.0096146721889092,3.865037441253662,2.991812704900035e-05,1.3775262239902433,4.5176445255177396e-05,1.3719087142462907,0.0012818290072442746,0.026155414105944873,1,-1.0,-1.0,0,0,0,4,1,32.0,71.0,220.0,18.4,1009.0,cotonou/COTO,246.89454307456222,65.2,63.4,0.619119086426974
6.384408750062796,2.3754653530862506,COTO,cotonou,6.352268,2.402957,4678.132577640379,21238.37353,9.0,100.0,109.0,570.0,10,13.08376669883728,319.634536131982,1.1745766892136063,3.0837666988372803,-0.00013359374863916308,1.0536754445976808,-0.00011653646561806984,1.0470995452207963,0.0006179847059571657,0.028442138845597053,0,4425.007167627773,4443.757197999077,2,1,3,7,1,31.0,59.0,170.0,13.0,1007.0,cotonou/COTO,342.02592664884946,70.2,70.5,0.1627434861049576
6.369002956994695,2.400194765366916,COTO,cotonou,6.352268,2.402957,1875.7473976840986,21238.37353,9.0,100.0,109.0,570.0,10,12.92800784111023,350.6842265477448,2.93201203279302,2.9280078411102295,-0.00041216063121008497,0.6429550885678953,-0.0008375377074418562,0.6795905660593425,-0.00871531392161986,0.13618018770143947,1,-1.0,-1.0,0,0,1,13,1,32.0,75.0,200.0,20.5,1010.0,cotonou/COTO,382.96286934899615,86.2,68.2,0.772937388135284
6.37389063594006,2.3622205786949686,COTO,cotonou,6.352268,2.402957,5102.0543039989625,21238.37353,9.0,100.0,109.0,570.0,10,12.742464780807495,298.1082138239342,1.0808384167440237,2.742464780807495,-0.00018801689147949217,1.3202472950460722,-0.00012942808043445302,1.3163081073467786,0.004397486867191239,0.1265551848641748,1,-1.0,-1.0,0,0,1,10,1,31.5,72.0,200.0,11.2,1008.3,cotonou/COTO,349.29744130181854,63.4,76.5,0.8554915417905857
6.347773240247653,2.386153116074548,COTO,cotonou,6.352268,2.402957,1924.4991048713116,21238.37353,9.0,100.0,109.0,570.0,10,12.937220811843872,254.93757978035023,2.857588975303525,2.937220811843872,-0.0005900262750806599,0.4321972847023813,-0.000412201210642134,0.44545538075270175,-0.003455600286775875,0.13561885138333837,1,-1.0,-1.0,0,0,2,4,1,31.0,75.0,200.0,18.4,1008.0,cotonou/COTO,288.9775799261479,72.8,69.3,0.2542634837541573
6.369698399424997,2.3902709282907013,COTO,cotonou,6.352268,2.402957,2384.453592840467,21238.37353,9.0,100.0,109.0,570.0,10,11.931247353553772,324.1212713411287,2.3311674543974124,1.931247353553772,-0.0007535966760385456,0.733965519204095,-0.0007449640975735051,0.7850632454926569,-0.0016995181639989218,0.07498174641833373,1,-1.0,-1.0,0,0,0,2,1,32.0,63.0,210.0,16.6,1010.0,cotonou/COTO,259.09644632842327,62.3,86.3,0.9187936809026809
6.365718120201209,2.416165193993684,COTO,cotonou,6.352268,2.402957,2085.172319060349,21238.37353,9.0,100.0,109.0,570.0,10,14.776133060455322,44.302557432396725,2.5872969030528483,4.776133060455322,0.0005091150601704915,0.4056104563226788,0.0004331759832523488,0.4022304134181083,-0.0016933520634969073,0.07912259557955065,1,-1.0,-1.0,0,0,1,4,1,33.0,63.0,248.0,13.0,1011.0,cotonou/COTO,337.6225164292086,57.9,61.6,0.4544574302986578
6.37376964373808,2.3614366500529766,COTO,cotonou,6.352268,2.402957,5172.666878779992,21238.37353,9.0,100.0,109.0,570.0,10,13.089266777038574,297.5248738558673,1.062247139413936,3.089266777038574,-0.00011902209191882765,1.331882437067266,-6.665597643171034e-05,1.3244744494290202,0.0033277531464894613,0.15583317760300572,1,-1.0,-1.0,0,0,0,11,1,31.5,72.0,200.0,11.2,1008.3,cotonou/COTO,349.29744130181854,63.4,76.5,0.6034244543333215
6.379896842992614,2.372220371726586,COTO,cotonou,6.352268,2.402957,4571.633854191911,21238.37353,9.0,100.0,109.0,570.0,10,11.947649955749512,312.13000632388326,1.2161636488738266,1.9476499557495117,-0.00038329879702565973,1.1571683092162315,-0.0003443541065339119,1.1541452202722668,0.001324931780497233,0.07090422819355092,1,-1.0,-1.0,0,0,0,2,1,31.0,63.0,200.0,16.6,1007.0,cotonou/COTO,377.7671008703648,85.6,78.2,0.9846495336176436
6.374031698360256,2.357303537317747,COTO,cotonou,6.352268,2.402957,5595.130810130331,21238.37353,9.0,100.0,109.0,570.0,10,13.831717252731323,295.62817593002535,0.9744571443282168,3.8317172527313232,2.223276624492565e-05,1.3493438988956297,-9.442934396333133e-05,1.3429028346261982,-0.005736866944695991,0.07378861899916195,0,-1.0,5314.813635274102,0,1,1,4,1,32.0,71.0,220.0,18.4,1009.0,cotonou/COTO,286.930169205042,72.1,65.2,0.36153607863919934
6.362291476934637,2.3833163131775237,COTO,cotonou,6.352268,2.402957,2439.426510766033,21238.37353,9.0,100.0,109.0,570.0,10,13.277169942855835,297.1815911195966,2.247127256022077,3.277169942855835,-0.0001747241834314857,0.8684211331640576,-0.0002928775366222052,0.8785228606485364,-0.004212012249040629,0.14203116659872503,1,-1.0,-1.0,0,0,2,5,1,33.0,63.0,210.0,18.4,1008.0,cotonou/COTO,318.97004498850305,75.2,54.4,0.8131593458201128
6.381124802646514,2.3626195697466996,COTO,cotonou,6.352268,2.402957,5486.411900181232,21238.37353,9.0,100.0,109.0,570.0,10,12.504918098449707,305.74950845141245,1.0076150054828765,2.504918098449707,-0.00022157303574077663,1.1192427914563081,-0.00023926657599371832,1.1156676712520637,-0.002114669481913249,0.08226434656794707,0,-1.0,4991.645295956471,0,14,5,11,1,31.8,31.0,20.0,11.2,1010.9,cotonou/COTO,398.98903293196753,70.4,78.1,0.31839911782845964
6.355182204484217,2.374804725906031,COTO,cotonou,6.352268,2.402957,3131.4029540389274,21238.37353,9.0,100.0,109.0,570.0,10,14.552149295806885,275.94778991049736,1.7276036452323411,4.552149295806885,0.00026830408308241104,0.4390343385173461,0.00029199955248015693,0.4351841800768043,0.0012904326121012369,0.06030126030440641,1,-1.0,-1.0,0,0,4,10,1,29.6,72.0,220.0,14.8,1010.1,cotonou/COTO,182.1212014017086,61.8,56.3,0.799213522241491
6.352138062312004,2.3886529284784603,COTO,cotonou,6.352268,2.402957,1582.6760768892984,21238.37353,9.0,100.0,109.0,570.0,10,14.709218978881836,269.4771178680762,3.4094693344460607,4.709218978881836,0.000601556646044961,0.3288875265263607,0.0004543385752718217,0.3239090764403143,-0.004235921247885255,0.09083476369159715,1,-1.0,-1.0,0,0,5,11,1,31.8,66.0,200.0,14.8,1010.6,cotonou/COTO,351.49863683938656,65.2,66.6,0.6007339188626425
6.364895891230125,2.4151402064289336,COTO,cotonou,6.352268,2.402957,1940.9104150594624,21238.37353,9.0,100.0,109.0,570.0,10,14.956801414489746,43.795888478304846,2.7739907829664134,4.956801414489746,0.0006302140639764368,0.41862635782184926,0.0006041036909492455,0.412498379468252,-0.0008762889438205295,0.03244631875394708,1,-1.0,-1.0,0,0,2,4,1,33.0,63.0,248.0,13.0,1011.0,cotonou/COTO,306.3941828756752,57.9,65.7,0.21635569522540143
6.3622806593701915,2.3844108364390872,COTO,cotonou,6.352268,2.402957,2331.634035782714,21238.37353,9.0,100.0,109.0,570.0,10,13.466344833374023,298.5126337451275,2.3462581264625664,3.4663448333740234,-0.0001028404276595157,0.8575612071093214,-0.00031001517023026746,0.8630109213328042,-0.005593220086993061,0.08189901409452233,1,-1.0,-1.0,0,0,5,6,1,31.9,70.0,220.0,18.4,1008.0,cotonou/COTO,350.04620409299224,62.4,75.2,0.4140260937892364
6.363047525184714,2.362748145408496,COTO,cotonou,6.352268,2.402957,4605.633386532107,21238.37353,9.0,100.0,109.0,570.0,10,11.620000004768372,285.09830406222056,1.2112626693155748,1.6200000047683716,-0.00045253115672260673,1.2319289896700452,-0.00044570188237051683,1.245788220313789,-0.0001413583755493164,0.006763461451289668,1,-1.0,-1.0,0,0,4,10,1,33.0,48.0,210.0,9.4,1011.2,cotonou/COTO,272.838812854726,60.2,67.2,0.3176356343635617
6.352963554723739,2.3746321785322633,COTO,cotonou,6.352268,2.402957,3134.816169979428,21238.37353,9.0,100.0,109.0,570.0,10,14.128990173339844,271.4169477750421,1.7334508870296077,4.128990173339844,0.00011139862436698869,0.3658395861155607,0.00011585085562827804,0.3655445197105057,-0.0013052622477213542,0.06180106479935602,1,-1.0,-1.0,0,0,5,0,1,33.0,63.0,210.0,13.0,1009.0,cotonou/COTO,267.64813860748006,78.1,56.3,0.07810839308036388
6.356847192456924,2.3763815131465713,COTO,cotonou,6.352268,2.402957,2983.6036760439624,21238.37353,9.0,100.0,109.0,570.0,10,14.04482364654541,279.83730159392456,1.8228611096766738,4.04482364654541,0.00011261073748270665,0.5679717902743256,8.422806372050361e-05,0.5676887869158552,0.00011091430981953953,0.06294936650076066,1,-1.0,-1.0,0,0,1,8,1,31.5,70.0,236.0,9.3,1011.4,cotonou/COTO,243.1128071492526,59.2,56.3,0.029834770099697483
6.355339858991555,2.391164534749463,COTO,cotonou,6.352268,2.402957,1348.2212728243085,21238.37353,9.0,100.0,109.0,570.0,10,15.788703918457031,284.68769273377455,3.9549361636190836,5.788703918457031,0.0015373808855470479,0.6529669410606886,0.0013464425929395445,0.6577157545059374,-0.0028946710422178,0.07925181617740792,1,-1.0,-1.0,0,0,4,9,1,31.0,71.0,240.0,9.4,1011.0,cotonou/COTO,249.61182844569544,68.3,57.1,0.3464786554071809
6.363508741563204,2.3699655623372418,COTO,cotonou,6.352268,2.402957,3856.0188514312963,21238.37353,9.0,100.0,109.0,570.0,10,11.691865801811218,288.92484610313045,1.4455744545028186,1.6918658018112183,-0.0005207042977483391,1.1281642878271794,-0.0005331579358826462,1.1555025447617437,-0.0010361591974894207,0.047817003153768516,0,-1.0,3608.7390854076457,0,5,2,6,1,30.0,55.0,310.0,7.6,1013.0,cotonou/COTO,358.990200005476,59.4,58.0,0.01903414781748658
6.364158938981824,2.373596563544226,COTO,cotonou,6.352268,2.402957,3504.487056149965,21238.37353,9.0,100.0,109.0,570.0,10,11.785430431365967,292.17278125060324,1.5889790418632066,1.7854304313659668,-0.0005552572248250981,1.1889881019534239,-0.0005481555842777338,1.21189453883621,-0.0014479709740151756,0.05084735821610309,1,-1.0,-1.0,0,0,4,4,1,31.0,63.0,180.0,9.4,1011.0,cotonou/COTO,320.12677113920535,60.5,66.8,0.16548775758177503
6.356263071029209,2.3788161223590474,COTO,cotonou,6.352268,2.402957,2707.243589492145,21238.37353,9.0,100.0,109.0,570.0,10,13.797107696533203,279.45508245909946,2.014032683469244,3.797107696533203,-0.00015027541648488237,0.5392936553150961,2.05319655528599e-05,0.543621268888256,-0.0026185518834867107,0.09498368308287129,1,-1.0,-1.0,0,0,5,8,1,31.9,70.0,220.0,18.4,1008.0,cotonou/COTO,346.04950975268054,70.7,62.4,0.7251833208508688
6.363569217765883,2.3750016225716717,COTO,cotonou,6.352268,2.402957,3335.9224044741154,21238.37353,9.0,100.0,109.0,570.0,10,11.977343320846558,292.1361193706821,1.6659326666173493,1.9773433208465576,-0.0007556971505147122,1.1281310346292717,-0.0005078970494677664,1.1391704319794451,-0.0017845206332714875,0.07603421546517557,1,-1.0,-1.0,0,0,4,9,1,31.7,62.0,220.0,11.2,1010.7,cotonou/COTO,398.79289324162653,65.7,60.5,0.7080912356835879
6.352573478505302,2.3743468797594054,COTO,cotonou,6.352268,2.402957,3165.619374427417,21238.37353,9.0,100.0,109.0,570.0,10,14.055699825286865,270.61710198026645,1.7179189243846853,4.055699825286865,8.321227380728158e-05,0.35227753770939213,8.572185481036153e-05,0.35352996949443916,-0.0019986629486083984,0.0922908934417125,1,-1.0,-1.0,0,0,2,0,1,33.0,63.0,210.0,13.0,1009.0,cotonou/COTO,135.44729233169025,74.7,78.1,0.7385803864573827
6.368884890147616,2.3894481239808623,COTO,cotonou,6.352268,2.402957,2368.6957682313905,21238.37353,9.0,100.0,109.0,570.0,10,11.927717804908752,321.0640528445401,2.346743572934805,1.9277178049087524,-0.0007529350282380575,0.7537276086599843,-0.0007750546701319518,0.8052022366187881,-0.0019136540483424282,0.05118851999964397,1,-1.0,-1.0,0,0,1,2,1,32.0,63.0,210.0,16.6,1010.0,cotonou/COTO,370.2078816016378,62.3,84.9,0.31715317112997876
6.361439859334624,2.3608229941628647,COTO,cotonou,6.352268,2.402957,4770.759230483786,21238.37353,9.0,100.0,109.0,570.0,10,11.897932171821594,282.35671478476047,1.1660136939110903,1.8979321718215942,-0.0003792577069760369,1.1218201794300098,-0.0003771877672414742,1.1339966386972646,-0.00014175170556249736,0.004011448503568004,0,-1.0,4197.120846056878,0,3,0,0,1,33.0,48.0,210.0,9.4,1011.2,cotonou/COTO,234.36776676836976,67.2,61.2,0.8900194571176955
6.365145578282144,2.3713140616945196,COTO,cotonou,6.352268,2.402957,3779.513007711236,21238.37353,9.0,100.0,109.0,570.0,10,11.567285895347595,292.2700889702646,1.4767106619023784,1.5672858953475952,-0.0005665709400288275,1.289841223534065,-0.0005677819872895877,1.3096017711753432,-0.000790519184536404,0.02994916217867338,1,-1.0,-1.0,0,0,1,2,1,31.0,63.0,180.0,9.4,1011.0,cotonou/COTO,64.38956825449732,62.4,66.8,0.5938305480284476
6.356859503503337,2.4107826026341748,COTO,cotonou,6.352268,2.402957,1003.7322297189723,21238.37353,9.0,100.0,109.0,570.0,10,15.396547317504883,59.44385246304819,5.3277322792953195,5.396547317504883,0.0018731855887027854,0.4650657630544089,0.0016041135346447984,0.4771203134688775,0.0008089065551757813,0.0825091505134256,1,-1.0,-1.0,0,0,2,7,1,32.0,71.0,220.0,16.6,1011.0,cotonou/COTO,352.045035329285,58.7,68.1,0.12602634174662652
6.3540217183888625,2.415229819081094,COTO,cotonou,6.352268,2.402957,1371.6493973382005,21238.37353,9.0,100.0,109.0,570.0,10,15.435822486877441,81.81754863240974,3.9022661197359767,5.435822486877441,0.0012696237285040718,0.5277967649814386,0.0013150304974836743,0.5395282880161125,0.002450925119806878,0.044570286358501,1,-1.0,-1.0,0,0,0,5,1,32.0,67.0,210.0,18.4,1012.0,cotonou/COTO,331.6003083532061,69.85,58.1,0.14371866145553414
6.35870839101248,2.4039591311128903,COTO,cotonou,6.352268,2.402957,720.8077824792866,21238.37353,9.0,100.0,109.0,570.0,10,14.504591941833496,8.79079597326313,7.468686564962803,4.504591941833496,0.0010634673436482748,0.4137882447293947,0.0010885853033799392,0.40733557246965446,0.0009103986952039931,0.03505107378956422,1,-1.0,-1.0,0,0,4,3,1,31.4,69.0,240.0,16.6,1010.7,cotonou/COTO,329.0564998598276,68.1,66.4,0.6930954269297015
6.352774027538597,2.3883224981472053,COTO,cotonou,6.352268,2.402957,1620.1355986749493,21238.37353,9.0,100.0,109.0,570.0,10,14.794211864471436,271.9934022163434,3.3278221839686726,4.7942118644714355,0.0006699866287441687,0.3898478155798435,0.0004389888643570327,0.38326928657423553,-0.005317376402899136,0.14240838590856472,1,-1.0,-1.0,0,0,3,9,1,31.0,71.0,240.0,9.4,1011.0,cotonou/COTO,351.49863683938656,66.6,65.2,0.17294393644207806
6.37849604394348,2.3639603736339114,COTO,cotonou,6.352268,2.402957,5198.830285780995,21238.37353,9.0,100.0,109.0,570.0,10,12.824092626571655,304.0901093738267,1.059823996626412,2.8240926265716553,-0.0001691377025911177,1.167420070026954,-0.00019372154417492086,1.1647156195243769,-0.0028901921378241646,0.1081605200678851,0,-1.0,4792.508880679875,0,3,0,7,1,30.7,55.0,293.0,13.0,1011.4,cotonou/COTO,284.78369054431397,64.2,78.2,0.5072927015820433
6.348343290209629,2.380637215298323,COTO,cotonou,6.352268,2.402957,2507.3341653319053,21238.37353,9.0,100.0,109.0,570.0,10,12.225592136383057,259.9679780109424,2.210321359997188,2.2255921363830566,-0.000578073471572741,0.6688086183066525,-0.0013387231517207714,0.8913987016425382,-0.01656260813275973,0.891638040317706,1,-1.0,-1.0,0,0,0,0,1,33.0,63.0,200.0,11.2,1008.0,cotonou/COTO,310.65923598055264,66.5,55.9,0.9917744759287107
6.380118979086983,2.3656558721671246,COTO,cotonou,6.352268,2.402957,5149.529211475721,21238.37353,9.0,100.0,109.0,570.0,10,13.29633092880249,306.91906472467,1.064715802871137,3.2963309288024902,-7.716434304849287e-05,1.1276369718625305,-7.984734129631647e-05,1.1213704226941252,-5.365610122680664e-05,0.0059653179519400835,1,-1.0,-1.0,0,0,0,5,1,30.7,55.0,293.0,13.0,1011.4,cotonou/COTO,325.9584504197963,66.5,64.2,0.004007604733339498
6.37350437230879,2.359519711081389,COTO,cotonou,6.352268,2.402957,5348.959567965578,21238.37353,9.0,100.0,109.0,570.0,10,13.777858972549438,296.1962516361909,1.0198713413747076,3.7778589725494385,1.3196934534850773e-05,1.3524202916907282,3.650423181465429e-05,1.3499779325247871,0.002298893308089868,0.0790621255917378,1,-1.0,-1.0,0,0,1,6,1,31.5,72.0,200.0,11.2,1008.3,cotonou/COTO,315.24390842648114,63.4,72.1,0.016579801897556923
6.377379308458193,2.3646092537457917,COTO,cotonou,6.352268,2.402957,5070.738506227556,21238.37353,9.0,100.0,109.0,570.0,10,12.877948999404907,303.38272024826665,1.0859815200344725,2.8779489994049072,-0.00016408574371496959,1.2021911873410833,-0.0001673716085928458,1.1954941395388237,-0.0012558327780829534,0.04627538944009241,1,-1.0,-1.0,0,0,0,2,1,31.0,75.0,200.0,18.4,1008.0,cotonou/COTO,333.1849486396399,76.1,64.2,0.9930845819305065
6.371963026506611,2.389604027435937,COTO,cotonou,6.352268,2.402957,2631.8041044875336,21238.37353,9.0,100.0,109.0,570.0,10,11.938252449035645,326.02819332712744,2.112128768040961,1.9382524490356445,-0.0006706873974055849,0.8567178871232577,-0.0006464418216987892,0.884099989344329,0.00021155940161810983,0.010705391252620917,1,-1.0,-1.0,0,0,0,14,1,33.0,67.0,190.0,20.5,1010.0,cotonou/COTO,271.69843466620387,73.3,84.9,0.5846388341341655
6.387562550851282,2.374844431143203,COTO,cotonou,6.352268,2.402957,4990.838022789321,21238.37353,9.0,100.0,109.0,570.0,10,13.514975547790527,321.6365767961585,1.0960527101150586,3.5149755477905273,-3.832652421292668e-05,0.9684225182346053,-7.650720241658693e-05,0.9654276966823969,-0.0006431767787628417,0.06968884701945154,1,-1.0,-1.0,0,0,6,4,1,31.0,59.0,170.0,13.0,1007.0,cotonou/COTO,339.277088085809,66.1,64.0,0.12690997551851313
6.378508589888236,2.3748757175226123,COTO,cotonou,6.352268,2.402957,4251.293750751207,21238.37353,9.0,100.0,109.0,570.0,10,11.782423734664917,313.2376234409162,1.3099979683895966,1.782423734664917,-0.00045177951050744564,1.167472626838094,-0.0004237000855643448,1.1690190958360258,0.001046199313508104,0.015712316561074968,1,-1.0,-1.0,0,0,1,9,1,31.0,63.0,200.0,16.6,1007.0,cotonou/COTO,296.22029927065233,81.4,81.4,0.8973021997540936
6.362974259288953,2.36322932412931,COTO,cotonou,6.352268,2.402957,4552.117307655677,21238.37353,9.0,100.0,109.0,570.0,10,11.63806962966919,285.173639501294,1.2252709935445913,1.6380696296691895,-0.0004536316389681236,1.2184858916458081,-0.0004510231606371991,1.2334407075347713,-0.00015575488408406578,0.0057231932827087805,1,-1.0,-1.0,0,0,3,9,1,33.0,48.0,210.0,9.4,1011.2,cotonou/COTO,272.838812854726,67.2,60.2,0.8803803001276922
6.360410201260531,2.4052681870663686,COTO,cotonou,6.352268,2.402957,936.033757863948,21238.37353,9.0,100.0,109.0,570.0,10,14.78027057647705,15.754050050670969,5.747944920287098,4.780270576477051,0.001117999106645584,0.44300448226771183,0.001236372634949019,0.44199627936427377,0.002098725799387396,0.06847731962210178,1,-1.0,-1.0,0,0,3,3,1,31.6,70.0,230.0,16.6,1013.0,cotonou/COTO,320.01321175851473,70.5,66.4,0.5362004131113752
6.34820384513075,2.381938342939071,COTO,cotonou,6.352268,2.402957,2368.558634316672,21238.37353,9.0,100.0,109.0,570.0,10,10.995618462562561,258.99162278362473,2.3693887387129857,0.995618462562561,-0.0011457862775458925,0.7386795344203737,-0.0011560078713772164,0.8547640468371129,-0.0016515048520987115,0.047141798755690634,1,-1.0,-1.0,0,0,2,3,1,32.0,71.0,200.0,18.4,1008.0,cotonou/COTO,377.3020461115892,63.1,55.9,0.6217920298607565
6.372637672856605,2.400722866796622,COTO,cotonou,6.352268,2.402957,2266.160540786333,21238.37353,9.0,100.0,109.0,570.0,10,11.964209914207458,353.77922457604245,2.451877051755527,1.9642099142074585,-0.0007643778596008033,0.8843000522444416,-0.000755130582385593,0.9276867807027542,-0.00036812921365102127,0.016787097990712697,1,-1.0,-1.0,0,0,1,7,1,31.7,72.0,200.0,14.8,1010.3,cotonou/COTO,270.87866527279124,87.4,86.5,0.27318719150087634
6.350036284741522,2.413075080968454,COTO,cotonou,6.352268,2.402957,1146.3549214162456,21238.37353,9.0,100.0,109.0,570.0,10,14.821142673492432,102.51224372210379,4.696590679565746,4.821142673492432,0.0009522660165770441,0.28840268998537094,0.0006707070924904419,0.27655011526962553,0.00011981945311556056,0.13593260171047988,1,-1.0,-1.0,0,0,0,3,1,30.0,75.0,180.0,20.5,1011.0,cotonou/COTO,285.3045504368927,75.1,58.1,0.05051969637200515
6.371880613132084,2.3603269922154695,COTO,cotonou,6.352268,2.402957,5191.315524043406,21238.37353,9.0,100.0,109.0,570.0,10,13.202847957611084,294.84257108578385,1.0571789712840145,3.202847957611084,-9.686109443795863e-05,1.4146076985236675,-7.21749849577885e-05,1.4065933313275245,0.0024140011004102004,0.0698202878858823,1,-1.0,-1.0,0,0,0,10,1,31.5,72.0,200.0,11.2,1008.3,cotonou/COTO,331.14855306943616,63.4,73.3,0.5945676088908644
6.362224395177584,2.3654860944360103,COTO,cotonou,6.352268,2.402957,4289.484000597457,21238.37353,9.0,100.0,109.0,570.0,10,11.632645606994629,284.9702533138956,1.3003383668240862,1.632645606994629,-0.0004848552495868292,1.1229286847381703,-0.00047612875357441514,1.1444353382355812,-0.0008555809656778972,0.03382780243845238,1,-1.0,-1.0,0,0,4,2,1,33.0,39.0,280.0,7.6,1012.0,cotonou/COTO,169.65942414145263,63.0,61.3,0.294755193202763
6.385717309488015,2.375167167573394,COTO,cotonou,6.352268,2.402957,4810.024164877793,21238.37353,9.0,100.0,109.0,570.0,10,13.305420160293579,320.45584594152206,1.1397390422473799,3.305420160293579,-8.460091009145525e-05,1.0130961801062168,-4.403619018932485e-05,1.0105665008269582,0.002629808108892941,0.08472882239094028,0,4520.844355366102,4491.926374414932,1,3,2,10,1,31.0,59.0,170.0,13.0,1007.0,cotonou/COTO,285.70158014965295,66.1,70.2,0.6636210466603519
6.3609991056993485,2.3646475125562536,COTO,cotonou,6.352268,2.402957,4347.135078934643,21238.37353,9.0,100.0,109.0,570.0,10,11.995909094810486,282.91785420307383,1.2783138046900033,1.9959090948104858,-0.0003935327105558694,1.0663488202257612,-0.00040493819718998855,1.083451354713229,-0.0008813209003872342,0.038538185644729134,0,-1.0,4007.379030681234,0,1,1,0,1,33.0,48.0,210.0,9.4,1011.2,cotonou/COTO,326.35698935364053,68.1,61.3,0.8362451768426012
6.361382167564423,2.4064425892795365,COTO,cotonou,6.352268,2.402957,1079.1743211000394,21238.37353,9.0,100.0,109.0,570.0,10,14.928407192230225,20.810854801425478,4.981878388424309,4.928407192230225,0.0011307979015527572,0.45580429888975416,0.0011152015476740644,0.44893855606311034,0.0005135073024052805,0.013229919478681176,1,-1.0,-1.0,0,0,2,11,1,31.6,70.0,230.0,16.6,1013.0,cotonou/COTO,240.45018714908818,70.5,64.4,0.018160543914364058
6.371196658175135,2.398557101323564,COTO,cotonou,6.352268,2.402957,2149.1386525123194,21238.37353,9.0,100.0,109.0,570.0,10,12.051716089248657,346.99225583773097,2.5828786070166707,2.0517160892486572,-0.000779240266088159,0.8647676109077234,-0.0007946088127451392,0.908133529931152,-0.001809844665220297,0.0627821598520027,1,-1.0,-1.0,0,0,1,0,1,31.7,72.0,200.0,14.8,1010.3,cotonou/COTO,364.58895828051044,87.4,86.5,0.5957137746857274
6.371567253160326,2.389819401768566,COTO,cotonou,6.352268,2.402957,2582.2114523660416,21238.37353,9.0,100.0,109.0,570.0,10,11.912684082984924,325.9208500463252,2.153221972390678,1.9126840829849243,-0.0006874740808859639,0.8475037235982913,-0.0006706426475591501,0.862308071454393,5.364834583668011e-05,0.011421134272893355,1,-1.0,-1.0,0,0,1,13,1,33.0,67.0,200.0,18.4,1012.0,cotonou/COTO,271.69843466620387,84.9,73.3,0.23128053968685225
6.370884583626572,2.361287606912274,COTO,cotonou,6.352268,2.402957,5049.046082227097,21238.37353,9.0,100.0,109.0,570.0,10,12.86355996131897,294.2079797046312,1.0908093678178916,2.8635599613189697,-0.00016635729246120717,1.4414181495339764,-0.00013871232750985442,1.4372771884174331,0.0028241249782990038,0.08554912633126495,1,-1.0,-1.0,0,0,1,12,1,31.5,72.0,230.0,14.8,1010.2,cotonou/COTO,394.064070171349,78.0,73.3,0.8738884979038014
6.379453167746719,2.362792524406614,COTO,cotonou,6.352268,2.402957,5365.132960321192,21238.37353,9.0,100.0,109.0,570.0,10,12.10880970954895,304.2588613617789,1.0346160873431234,2.10880970954895,-0.0002956233979893199,1.155343810126134,-0.00039348942074106077,1.1560353087572115,-0.005570410052801493,0.13151033042748142,0,-1.0,4795.289178964431,0,11,2,8,1,31.8,31.0,20.0,11.2,1010.9,cotonou/COTO,233.1422818794881,78.2,78.1,0.2536645065618285
6.365477784597336,2.369903013290894,COTO,cotonou,6.352268,2.402957,3938.043546951216,21238.37353,9.0,100.0,109.0,570.0,10,11.503898859024048,291.90771074350806,1.4182103781557969,1.5038988590240479,-0.0005568844673338151,1.3307774749198265,-0.0005586437351502977,1.3398318903182718,-0.0002946559459214233,0.01326346472640974,1,-1.0,-1.0,0,0,0,2,1,31.0,63.0,180.0,9.4,1011.0,cotonou/COTO,257.5295687877015,62.4,62.5,0.6107701332354183
6.361988980571848,2.3643779883021385,COTO,cotonou,6.352268,2.402957,4401.659192339075,21238.37353,9.0,100.0,109.0,570.0,10,11.722682118415833,284.2288384136024,1.2660390933958205,1.7226821184158325,-0.0004482227143191552,1.14002249425393,-0.0004396213247738695,1.1570533949854773,0.0003872195879618327,0.014601579039764851,1,-1.0,-1.0,0,0,1,2,1,33.0,48.0,210.0,9.4,1011.2,cotonou/COTO,255.36031896131075,60.2,61.3,0.5535408400896115
6.363587731655004,2.385493004435201,COTO,cotonou,6.352268,2.402957,2302.2779908660877,21238.37353,9.0,100.0,109.0,570.0,10,12.860806941986084,303.1128200729444,2.3911845687662097,2.860806941986084,-0.0003850288915400496,0.9123009833763004,-0.0003730794326630896,0.9258764226749752,-0.0016344104328832887,0.058476177565697125,1,-1.0,-1.0,0,0,8,7,1,31.9,70.0,220.0,18.4,1008.0,cotonou/COTO,376.3702126895599,62.4,66.2,0.3961665000592489
6.355213818601464,2.374607745637032,COTO,cotonou,6.352268,2.402957,3153.4411341621135,21238.37353,9.0,100.0,109.0,570.0,10,14.617239475250244,275.9703788797394,1.714355748820105,4.617239475250244,0.0002862415223751428,0.43707335887609067,0.0002533859529539328,0.4350909456812571,-0.00035321058586078167,0.040496117370941255,1,-1.0,-1.0,0,0,3,9,1,29.6,72.0,220.0,14.8,1010.1,cotonou/COTO,182.1212014017086,61.8,56.3,0.6776207635997941
6.381257308904146,2.3627070238767365,COTO,cotonou,6.352268,2.402957,5487.092332554253,21238.37353,9.0,100.0,109.0,570.0,10,12.504918098449707,305.9331250261482,1.0074900809325187,2.504918098449707,-0.0002241677727324273,1.1116601881276613,-0.000272751689697165,1.107555481625104,-0.005137913603848504,0.10093911404747266,0,5080.23378284582,4970.272012654353,2,13,7,7,1,29.5,80.0,200.0,7.6,1009.5,cotonou/COTO,398.98903293196753,78.1,70.4,0.7257696347154339
6.359478476566791,2.3964100923386513,COTO,cotonou,6.352268,2.402957,1077.271463322755,21238.37353,9.0,100.0,109.0,570.0,10,14.42842721939087,317.93756217288006,5.017023454939278,4.428427219390869,0.0006561381628911816,0.4000076696727671,0.00042377356940169806,0.39198765793981544,-0.003882611852092653,0.10155171045132595,1,-1.0,-1.0,0,0,6,5,1,33.0,63.0,200.0,16.6,1009.0,cotonou/COTO,391.6664531205258,68.1,58.3,0.5669377953193868
6.3837333029258465,2.3681875350889667,COTO,cotonou,6.352268,2.402957,5187.102869222083,21238.37353,9.0,100.0,109.0,570.0,10,14.15497875213623,312.3225367787862,1.0475238433992375,4.1549787521362305,8.695498058656738e-05,1.1199402142964796,8.017508188883459e-05,1.1192409018898963,-0.00010160870022243923,0.011050647531768239,1,-1.0,-1.0,0,0,0,4,1,30.7,45.0,199.0,11.1,1008.8,cotonou/COTO,319.62025483378403,58.1,68.0,0.7584222371847541
6.35953290449582,2.404205904514594,COTO,cotonou,6.352268,2.402957,815.2064859530916,21238.37353,9.0,100.0,109.0,570.0,10,14.658854961395264,9.69544930147714,6.601285596818086,4.658854961395264,0.0011331708658309208,0.4062825243994843,0.0011875884286288556,0.40455371370598536,0.0016146077050103083,0.06101104312210701,1,-1.0,-1.0,0,0,6,7,1,31.4,69.0,240.0,16.6,1010.7,cotonou/COTO,329.0564998598276,68.1,66.4,0.9834170759929376
6.379024371642134,2.3732826863801795,COTO,cotonou,6.352268,2.402957,4419.72960619769,21238.37353,9.0,100.0,109.0,570.0,10,11.813566088676453,312.21788909332497,1.2596868498710656,1.8135660886764526,-0.00042644714986955805,1.1571814121518087,-0.00041668352567566353,1.1574767767763143,0.0005764092821925074,0.022210597150815838,1,-1.0,-1.0,0,0,2,6,1,30.0,70.0,210.0,16.6,1007.0,cotonou/COTO,377.7671008703648,78.2,85.6,0.4192723879008051
6.359643917556042,2.3963278953914604,COTO,cotonou,6.352268,2.402957,1096.9428764068182,21238.37353,9.0,100.0,109.0,570.0,10,14.42842721939087,318.2283261457956,4.927500443509018,4.428427219390869,0.0006499421489131344,0.3885266321561311,0.00047450778830764647,0.383336377628351,-0.0023113568623860676,0.11420380114552094,1,-1.0,-1.0,0,0,4,2,1,33.0,63.0,200.0,16.6,1009.0,cotonou/COTO,391.6664531205258,68.1,58.3,0.5145830518855309
6.3568840385562355,2.3764428198766323,COTO,cotonou,6.352268,2.402957,2977.61508896226,21238.37353,9.0,100.0,109.0,570.0,10,14.04482364654541,279.93734350179284,1.8265247717542739,4.04482364654541,0.0001126107374827067,0.5764701222050646,8.520658633475971e-05,0.5773670138084119,0.00015275331986583783,0.03741445716550495,1,-1.0,-1.0,0,0,0,8,1,31.5,70.0,236.0,9.3,1011.4,cotonou/COTO,247.88812658137354,59.2,62.4,0.012469877941213237
6.383501228027516,2.3735977251189704,COTO,cotonou,6.352268,2.402957,4741.437829568462,21238.37353,9.0,100.0,109.0,570.0,10,12.741835117340088,316.94998163834174,1.163028870721214,2.741835117340088,-0.00020361947610911436,1.1150610884370167,-0.00019500789791864777,1.1082873613015658,0.00032353785275214303,0.03618333285726112,1,-1.0,-1.0,0,0,1,15,1,31.8,57.0,210.0,13.0,1008.6,cotonou/COTO,267.5261198461977,62.5,64.4,0.7960285563103784
6.352826991272308,2.4070595378818975,COTO,cotonou,6.352268,2.402957,458.09702821513434,21238.37353,9.0,100.0,109.0,570.0,10,14.381078243255615,82.19337178145804,11.67020469770668,4.381078243255615,0.001404347519079844,0.24476862583463121,0.0014270309399775248,0.2541659628801654,0.0016787152969372561,0.057413713988607354,1,-1.0,-1.0,0,0,1,5,1,31.5,68.0,230.0,13.0,1012.0,cotonou/COTO,286.83997943094687,75.4,71.6,0.5202300670459938
6.357005370252956,2.3794695994534574,COTO,cotonou,6.352268,2.402957,2650.9311050448955,21238.37353,9.0,100.0,109.0,570.0,10,13.641677856445312,281.4734018975228,2.0601345119927075,3.6416778564453125,-2.4462014101864208e-05,0.5980659224838795,-3.0411730755816407e-05,0.610766289614024,-0.0008816540241241456,0.05245765031718766,1,-1.0,-1.0,0,0,2,13,1,31.9,70.0,220.0,18.4,1008.0,cotonou/COTO,346.04950975268054,70.7,62.4,0.4079614303605652
6.383007706447984,2.3740582857857415,COTO,cotonou,6.352268,2.402957,4666.772521436409,21238.37353,9.0,100.0,109.0,570.0,10,12.70855164527893,316.9466286215834,1.1820397980609842,2.7085516452789307,-0.00020157806463237083,1.1219051431602243,-0.00020361947610911436,1.1151651391334314,0.0007466693719228108,0.040334415819403335,1,-1.0,-1.0,0,0,1,14,1,34.0,32.0,222.0,5.4,1009.0,cotonou/COTO,217.8231826505345,64.4,70.5,0.0940719630893958
6.361720892579072,2.4066024813719404,COTO,cotonou,6.352268,2.402957,1120.4858310746006,21238.37353,9.0,100.0,109.0,570.0,10,14.95804738998413,20.970425198419207,4.7975692348515055,4.958047389984131,0.0011561139241736376,0.44891513862746074,0.0010940088828404744,0.44484948504894095,0.0007616241772969563,0.042285587878815596,1,-1.0,-1.0,0,0,1,15,1,32.0,63.0,180.0,14.8,1011.0,cotonou/COTO,373.8657305772486,58.8,70.5,0.8896564216753973
6.38420585890525,2.3718741555748313,COTO,cotonou,6.352268,2.402957,4929.580853547065,21238.37353,9.0,100.0,109.0,570.0,10,12.841807842254639,315.95625474813323,1.1174905371731445,2.8418078422546387,-0.0001747845640086165,1.108921297666001,-0.00017964449387821143,1.1057054778374709,-0.0007383940587355314,0.03168804603271772,0,-1.0,4435.634876237739,0,6,4,9,1,34.0,32.0,222.0,5.4,1009.0,cotonou/COTO,161.07626082067793,53.4,62.5,0.39500724004055643
6.362979301786704,2.376275216010162,COTO,cotonou,6.352268,2.402957,3180.845474771946,21238.37353,9.0,100.0,109.0,570.0,10,12.345313310623169,291.99675544378636,1.7404813129684407,2.345313310623169,-0.00042819109707922017,1.05456059020042,-0.00046596321058862007,1.0773214470218175,-0.0016042550404866535,0.0731178576453717,1,-1.0,-1.0,0,0,3,8,1,31.0,63.0,180.0,9.4,1011.0,cotonou/COTO,398.79289324162653,60.5,65.7,0.6825815982092204
6.37252995551604,2.4004405730765197,COTO,cotonou,6.352268,2.402957,2257.957745939933,21238.37353,9.0,100.0,109.0,570.0,10,11.957129120826721,352.9637252499055,2.4609527385969523,1.9571291208267212,-0.0007674834707327056,0.9007828123467229,-0.000765702653634103,0.9219898947885216,-0.0004001212485901162,0.012098759688018927,1,-1.0,-1.0,0,0,0,4,1,31.7,72.0,200.0,14.8,1010.3,cotonou/COTO,270.87866527279124,87.4,86.5,0.14937415636815077
6.356849199052104,2.40340268281489,COTO,cotonou,6.352268,2.402957,509.0191476608198,21238.37353,9.0,100.0,109.0,570.0,10,14.618048667907715,5.522592651429875,10.504443033271311,4.618048667907715,0.0017762852847023496,0.4610574016384219,0.0013673069821218456,0.4413503092828316,-0.0028902142517442087,0.084753939758688,1,-1.0,-1.0,0,0,0,7,1,31.0,75.0,210.0,18.4,1008.0,cotonou/COTO,329.0564998598276,66.4,68.1,0.9615496295410325
6.363735171719405,2.37025018987275,COTO,cotonou,6.352268,2.402957,3834.430263779873,21238.37353,9.0,100.0,109.0,570.0,10,11.691056847572327,289.4333685041774,1.4537219169703672,1.6910568475723267,-0.000524982965240876,1.141462750397157,-0.0005387351146111122,1.168332461453393,-0.0009459151162041559,0.0359972993707899,1,-1.0,-1.0,0,0,1,6,1,30.0,55.0,310.0,7.6,1013.0,cotonou/COTO,213.77228304903036,59.4,66.8,0.1784417618218309
6.3689735099324025,2.4001044977367103,COTO,cotonou,6.352268,2.402957,1874.1903604023857,21238.37353,9.0,100.0,109.0,570.0,10,12.847063302993774,350.36875917514595,2.9369116908967223,2.8470633029937744,-0.0004907310458407931,0.6459277263878473,-0.0010091721671399141,0.6813432237104436,-0.011504373891713302,0.13604193222955413,1,-1.0,-1.0,0,0,1,15,1,32.0,63.0,210.0,14.8,1011.0,cotonou/COTO,382.96286934899615,68.2,86.2,0.19954199289949037
6.361013986176175,2.361029729137052,COTO,cotonou,6.352268,2.402957,4738.576663817138,21238.37353,9.0,100.0,109.0,570.0,10,12.084460496902466,281.85602956452425,1.1716761620070053,2.084460496902466,-0.0003427042655191814,1.067059082593655,-0.00036023110151290895,1.0800283470472074,-0.001369855138990614,0.057769162072679583,1,-1.0,-1.0,0,0,1,0,1,33.0,48.0,210.0,9.4,1011.2,cotonou/COTO,243.7480135303034,68.1,61.2,0.8589828605577138
6.35506997357822,2.404757125771096,COTO,cotonou,6.352268,2.402957,368.3519298915497,21238.37353,9.0,100.0,109.0,570.0,10,15.363141536712646,32.558259302473004,14.26276821673691,5.3631415367126465,0.00424653872465476,0.652000215344617,0.0040234945237074765,0.6640834467990839,0.001312573362459161,0.04311655353121564,1,-1.0,-1.0,0,0,5,9,1,31.4,69.0,240.0,16.6,1010.7,cotonou/COTO,264.0610446469,68.1,65.4,0.9125827441419312
6.35381780072558,2.41521544904442,COTO,cotonou,6.352268,2.402957,1367.0658646276809,21238.37353,9.0,100.0,109.0,570.0,10,15.412944793701172,82.7497575393997,3.916263477093213,5.412944793701172,0.0012538647064322813,0.5338317909845285,0.0012026030156347487,0.5434896352476338,0.00015934308369954428,0.020627347815810694,1,-1.0,-1.0,0,0,1,8,1,32.0,67.0,210.0,18.4,1012.0,cotonou/COTO,331.6003083532061,69.85,58.1,0.2121474075233014
6.356234032087211,2.374749461280578,COTO,cotonou,6.352268,2.402957,3151.5546360470416,21238.37353,9.0,100.0,109.0,570.0,10,14.288313865661621,278.0538141085635,1.7213558813082481,4.288313865661621,0.0001828057960894123,0.5145410156639164,0.00014529717341440576,0.512918483576397,-0.0006787383418433898,0.04146981556348778,1,-1.0,-1.0,0,0,3,10,1,29.6,72.0,220.0,14.8,1010.1,cotonou/COTO,275.910366967215,56.3,53.0,0.4698008881748279
6.371861659707217,2.3994097518028177,COTO,cotonou,6.352268,2.402957,2202.0771266981137,21238.37353,9.0,100.0,109.0,570.0,10,12.024290084838867,349.80034757940365,2.5215788728500335,2.024290084838867,-0.0007579735807470374,0.8940225725249994,-0.0007543496918260005,0.9340245473903496,-0.0005953828493754069,0.02690204985347574,1,-1.0,-1.0,0,0,0,1,1,31.7,72.0,200.0,14.8,1010.3,cotonou/COTO,364.58895828051044,86.5,87.4,0.7334949045628298
6.387022943131794,2.374281188271722,COTO,cotonou,6.352268,2.402957,4983.745734110915,21238.37353,9.0,100.0,109.0,570.0,10,13.554470300674438,320.650095476861,1.0971582177999804,3.5544703006744385,-3.044334000456115e-05,0.9921125049070526,-3.396742747860525e-05,0.9897883375163377,0.0017657667441001227,0.07572677611598923,0,-1.0,4524.322279663816,0,3,5,11,1,31.8,57.0,210.0,13.0,1008.6,cotonou/COTO,358.8872214220909,62.5,66.1,0.8783657338108016
6.378167406275176,2.3746920200120574,COTO,cotonou,6.352268,2.402957,4240.5950908320965,21238.37353,9.0,100.0,109.0,570.0,10,11.771234154701233,312.67734226059565,1.3134529314378924,1.771234154701233,-0.0004544031172291214,1.1574626950702729,-0.0004488497584840979,1.1587442785237145,0.0002239626580235168,0.008599258722688966,1,-1.0,-1.0,0,0,1,2,1,31.0,63.0,200.0,16.6,1007.0,cotonou/COTO,74.10445128334986,81.4,85.6,0.3790526950373052
6.359046569045153,2.3735910025235425,COTO,cotonou,6.352268,2.402957,3334.4060991540127,21238.37353,9.0,100.0,109.0,570.0,10,12.983688354492188,283.0772039607379,1.6494120597757607,2.9836883544921875,-0.00021526877369199482,0.8111226661760346,-0.00021977006007654117,0.8172007312815132,-0.0002201649310349049,0.00782601065388596,1,-1.0,-1.0,0,0,0,0,1,32.4,63.0,230.0,7.6,1010.7,cotonou/COTO,370.9625978450856,53.0,62.1,0.5170194868494292
6.363340458948941,2.383847808200308,COTO,cotonou,6.352268,2.402957,2443.218479192217,21238.37353,9.0,100.0,109.0,570.0,10,12.839801549911499,300.24395928661295,2.2538841056691927,2.839801549911499,-0.000428114960606954,0.9034780000650456,-0.00039713240805126375,0.9238039326514261,-0.002689578135808309,0.13643142299548716,1,-1.0,-1.0,0,0,4,10,1,31.7,62.0,220.0,11.2,1010.7,cotonou/COTO,160.52457568861385,54.4,62.4,0.7417164105197349
6.348447545609339,2.379915246655328,COTO,cotonou,6.352268,2.402957,2584.134312250956,21238.37353,9.0,100.0,109.0,570.0,10,10.270606219768524,260.5298827982457,2.187977445538113,0.27060621976852417,-0.0013166226874822857,0.9436578565428511,-0.0013016610660336234,1.0071628017962775,0.0,0.0,1,-1.0,-1.0,0,0,0,0,1,33.0,63.0,200.0,11.2,1008.0,cotonou/COTO,310.65923598055264,66.5,55.9,0.7311359766527954
6.365600223921985,2.3683727547757756,COTO,cotonou,6.352268,2.402957,4100.600205479927,21238.37353,9.0,100.0,109.0,570.0,10,11.46805214881897,291.20250900577446,1.3625116528745742,1.4680521488189697,-0.0005447540840093236,1.3377242352613614,-0.0005411545037672781,1.3537458062182934,-0.00019638883812477664,0.003615440840429333,1,-1.0,-1.0,0,0,3,5,1,30.1,50.0,198.0,11.1,1009.1,cotonou/COTO,327.63056038773834,66.1,62.5,0.7829601300260849
6.354550721707551,2.411328535142269,COTO,cotonou,6.352268,2.402957,960.0143297937416,21238.37353,9.0,100.0,109.0,570.0,10,15.500744342803955,74.65729376543476,5.562698390033447,5.500744342803955,0.0018665211383544413,0.6061558764969042,0.0016698652622746486,0.6130121034443253,-0.002964607874552409,0.10892872206351932,1,-1.0,-1.0,0,0,4,4,1,32.0,71.0,220.0,16.6,1011.0,cotonou/COTO,387.43452466200705,58.7,70.9,0.5699338186415264
6.358248091927782,2.396914246637368,COTO,cotonou,6.352268,2.402957,940.3920954138989,21238.37353,9.0,100.0,109.0,570.0,10,14.851216793060303,314.8783084076793,5.717203015851288,4.851216793060303,0.0011919014155864715,0.4624849219032106,0.0010210062943252862,0.45017480453001274,-0.0018995046615600587,0.0901629605729074,1,-1.0,-1.0,0,0,1,7,1,31.0,71.0,210.0,20.5,1010.0,cotonou/COTO,237.15585761266473,58.3,56.5,0.10461509680477521
6.357735297500655,2.380112184979209,COTO,cotonou,6.352268,2.402957,2598.859510817052,21238.37353,9.0,100.0,109.0,570.0,10,13.491674423217773,283.5404944087728,2.1046779929413786,3.4916744232177734,-9.909486916983982e-05,0.6550003331034144,-9.826077950581183e-05,0.6714139461212699,-0.0011916359265645344,0.06707385322796466,1,-1.0,-1.0,0,0,5,9,1,33.0,63.0,210.0,13.0,1009.0,cotonou/COTO,346.04950975268054,62.4,70.7,0.90397329087804
6.354814095467404,2.3750574091712333,COTO,cotonou,6.352268,2.402957,3099.6342008858087,21238.37353,9.0,100.0,109.0,570.0,10,14.496220588684082,275.24791470231514,1.7463321603855622,4.496220588684082,0.00025295806236756154,0.4239064471322322,0.0002903689723581878,0.4219669681336803,0.0022251621565532297,0.07293349593182116,1,-1.0,-1.0,0,0,2,3,1,33.0,63.0,210.0,13.0,1009.0,cotonou/COTO,267.64813860748006,78.1,56.3,0.8655725393210282
6.356641564717848,2.3767894816924526,COTO,cotonou,6.352268,2.402957,2935.2989139336496,21238.37353,9.0,100.0,109.0,570.0,10,13.951419591903687,279.5475766127562,1.8546595923459042,3.9514195919036865,8.072952630514511e-05,0.5592733104645977,0.00011261073748270665,0.5585163381410214,0.0007030036714341906,0.04059167526042227,1,-1.0,-1.0,0,0,0,10,1,33.0,63.0,210.0,13.0,1009.0,cotonou/COTO,247.88812658137354,62.4,59.2,0.798097435818333
6.356772176029235,2.376602748333204,COTO,cotonou,6.352268,2.402957,2958.076232191415,21238.37353,9.0,100.0,109.0,570.0,10,14.04482364654541,279.7589160392121,1.8385811858282923,4.04482364654541,0.00013760310238319557,0.5651262335302211,0.00013475221375821051,0.5629580399170334,0.0016898055871327718,0.08333527653243981,1,-1.0,-1.0,0,0,0,10,1,31.5,70.0,236.0,9.3,1011.4,cotonou/COTO,247.88812658137354,59.2,62.4,0.09986247716072949
6.383493827313405,2.374238859892647,COTO,cotonou,6.352268,2.402957,4692.525506060291,21238.37353,9.0,100.0,109.0,570.0,10,12.755687713623047,317.57372970083793,1.1749791974300035,2.755687713623047,-0.0002019753122025994,1.1056164978407739,-0.00018515671824009412,1.0988029928536946,0.0006862839063008627,0.03435646467291304,1,-1.0,-1.0,0,0,1,15,1,34.0,32.0,222.0,5.4,1009.0,cotonou/COTO,262.7208442434569,64.4,70.2,0.2043973670814292
6.377934095766331,2.3747612840693706,COTO,cotonou,6.352268,2.402957,4217.54059474756,21238.37353,9.0,100.0,109.0,570.0,10,11.761256575584412,312.4890544721272,1.320765645935459,1.7612565755844116,-0.00045998460012124776,1.1552200207750225,-0.00045122841855029124,1.158216346989414,9.35127337773641e-05,0.005206854772907426,1,-1.0,-1.0,0,0,0,1,1,31.0,63.0,200.0,16.6,1007.0,cotonou/COTO,74.10445128334986,81.4,85.6,0.7436003651076519
6.368702381164491,2.3994800821229565,COTO,cotonou,6.352268,2.402957,1857.7088488411634,21238.37353,9.0,100.0,109.0,570.0,10,12.779965877532959,348.1260699202373,2.9649855156541025,2.779965877532959,-0.0005085092018800673,0.6401499863795463,-0.0005826511148386787,0.6823401852462995,-0.004057191560053489,0.12068385354295225,1,-1.0,-1.0,0,0,0,16,1,32.0,63.0,210.0,14.8,1011.0,cotonou/COTO,311.79147214124436,68.2,66.0,0.023140094581946435
6.371003518827863,2.390070471155685,COTO,cotonou,6.352268,2.402957,2515.077533525572,21238.37353,9.0,100.0,109.0,570.0,10,11.910059690475464,325.6450832883431,2.2107004454423045,1.9100596904754639,-0.000717515115658618,0.7999223985806396,-0.0006854697545168473,0.8383513185565388,-0.0002048845179412073,0.024571187875683072,1,-1.0,-1.0,0,0,2,11,1,32.0,63.0,210.0,16.6,1010.0,cotonou/COTO,370.2078816016378,62.3,84.9,0.9792246337072796
6.360344231105694,2.3618488540433957,COTO,cotonou,6.352268,2.402957,4635.05656088706,21238.37353,9.0,100.0,109.0,570.0,10,12.326525211334229,281.1842397171936,1.1948460719587553,2.3265252113342285,-0.0002940221891336708,0.9588141245875439,-0.00029779928251942746,0.9702579046268556,0.00015580256779988602,0.013609144382257474,1,-1.0,-1.0,0,0,1,7,1,33.0,48.0,210.0,9.4,1011.2,cotonou/COTO,243.7480135303034,68.1,61.2,0.3771446803556807
6.358243895083553,2.41256108820889,COTO,cotonou,6.352268,2.402957,1251.338323427574,21238.37353,9.0,100.0,109.0,570.0,10,15.205400466918945,57.949958685793035,4.2866138143085255,5.205400466918945,0.0011892135181124249,0.4473919771258189,0.0009803772614185365,0.4416894049036001,-0.002270122752768747,0.0444970819422923,1,-1.0,-1.0,0,0,1,8,1,32.0,71.0,220.0,16.6,1011.0,cotonou/COTO,390.090387602657,58.7,65.5,0.7193125336908236
6.365478700238058,2.4151527895780758,COTO,cotonou,6.352268,2.402957,1988.7314308451143,21238.37353,9.0,100.0,109.0,570.0,10,14.759378433227539,42.535564250211564,2.713062977060799,4.759378433227539,0.0005554722318526228,0.4049234961149846,0.0004654189658973587,0.4028151895556493,-0.0026209974132859015,0.0858594194836632,1,-1.0,-1.0,0,0,4,11,1,33.0,63.0,248.0,13.0,1011.0,cotonou/COTO,337.6225164292086,61.6,57.9,0.8875710884880433
6.364075891131106,2.3688913585198907,COTO,cotonou,6.352268,2.402957,3988.7959558281086,21238.37353,9.0,100.0,109.0,570.0,10,11.562682628631592,289.22897027370067,1.3993287887525008,1.5626826286315918,-0.0005376845757965546,1.1988897952625797,-0.0005415612070928705,1.2221549935308336,-0.0006693402011541345,0.016715788094754862,1,-1.0,-1.0,0,0,4,1,1,30.0,55.0,310.0,7.6,1013.0,cotonou/COTO,358.990200005476,59.4,58.0,0.39462988815008226
6.378082091474919,2.3642087451150484,COTO,cotonou,6.352268,2.402957,5150.536248187401,21238.37353,9.0,100.0,109.0,570.0,10,12.958010196685791,303.8373735133825,1.0682699327601528,2.958010196685791,-0.00014515140259912775,1.1831981470216564,-0.0002676791367788125,1.1770381774302079,-0.007203376184154467,0.11719594014504212,0,4789.276190699306,4799.597906627538,1,1,1,7,1,30.7,55.0,293.0,13.0,1011.4,cotonou/COTO,284.78369054431397,64.2,78.2,0.31913248859966603
6.382299146806403,2.364303122152994,COTO,cotonou,6.352268,2.402957,5414.6633952863585,21238.37353,9.0,100.0,109.0,570.0,10,13.538169622421265,308.018547317204,1.010033865229113,3.5381696224212646,-5.4565358526484106e-05,1.097136574080786,-5.537681892269947e-05,1.0916031437034162,-0.0016172269980112713,0.09625603271145872,1,-1.0,-1.0,0,0,2,3,1,31.8,31.0,20.0,11.2,1010.9,cotonou/COTO,196.14362722252218,70.4,55.8,0.6087411288982467
6.381241629608919,2.3642802522541593,COTO,cotonou,6.352268,2.402957,5345.7599698996955,21238.37353,9.0,100.0,109.0,570.0,10,13.272240400314331,307.0100938611455,1.025899120612874,3.272240400314331,-8.09592241681488e-05,1.1056289637108276,-8.338831089161063e-05,1.102622056959945,-0.0010774056116739908,0.04024741969749223,0,5067.223378281675,5045.797486618751,1,5,3,13,1,31.8,31.0,20.0,11.2,1010.9,cotonou/COTO,367.6178566119935,78.2,55.8,0.5809893737480507
6.364615527166885,2.372933047861084,COTO,cotonou,6.352268,2.402957,3591.5308047339067,21238.37353,9.0,100.0,109.0,570.0,10,11.715519309043884,292.4815016038534,1.5516023157686258,1.7155193090438843,-0.0005530944410192129,1.2396539782559435,-0.0005496648165697609,1.2598016186931205,-0.0002178470293680827,0.009979858392807971,1,-1.0,-1.0,0,0,2,2,1,31.0,63.0,180.0,9.4,1011.0,cotonou/COTO,344.695661852635,60.5,62.4,0.40913997762479715
6.363587875767089,2.3854999835776085,COTO,cotonou,6.352268,2.402957,2301.638648830464,21238.37353,9.0,100.0,109.0,570.0,10,12.860806941986084,303.12363333051456,2.3918480132805646,2.860806941986084,-0.0003870504979431207,0.9104354790979938,-0.00037342605861196196,0.9238656020492453,-0.0016435382495369269,0.058476177565697125,1,-1.0,-1.0,0,0,8,7,1,33.0,63.0,200.0,16.6,1009.0,cotonou/COTO,376.3702126895599,66.2,62.4,0.6017747558677085
6.345765201265869,2.399097457579126,COTO,cotonou,6.352268,2.402957,836.3604665117886,21238.37353,9.0,100.0,109.0,570.0,10,11.66923987865448,210.5357167326918,6.637891047072779,1.66923987865448,-0.0024581483768529844,0.6765885750336257,-0.0023744348684946693,0.742406611978425,-0.0031003912289937333,0.1139475657877186,1,-1.0,-1.0,0,0,0,4,1,31.0,71.0,180.0,18.4,1010.0,cotonou/COTO,393.11085268658167,69.1,75.8,0.9353813695664948
6.383962399656795,2.3746495188003376,COTO,cotonou,6.352268,2.402957,4700.393572496264,21238.37353,9.0,100.0,109.0,570.0,10,12.94213056564331,318.4084301327072,1.1707412226142924,2.9421305656433105,-0.00016239084255923134,1.083316174890695,-0.00019594619930308238,1.076612366757702,-0.0018866944691302587,0.02401245465683863,1,-1.0,-1.0,0,0,4,9,1,34.0,32.0,222.0,5.4,1009.0,cotonou/COTO,262.7208442434569,64.4,70.2,0.4676402566265965
6.359932168503544,2.4046646373284966,COTO,cotonou,6.352268,2.402957,868.3666123991787,21238.37353,9.0,100.0,109.0,570.0,10,14.727898120880127,12.485905018974393,6.195911178943884,4.727898120880127,0.001176916642083352,0.4369015111961052,0.0012513871790787983,0.4292626005148827,0.0020730611303271056,0.05362828381073975,1,-1.0,-1.0,0,0,4,6,1,31.0,75.0,210.0,18.4,1008.0,cotonou/COTO,320.01321175851473,66.4,70.5,0.19674218075063132
6.357077338000054,2.379532955675261,COTO,cotonou,6.352268,2.402957,2645.648261138115,21238.37353,9.0,100.0,109.0,570.0,10,13.641677856445312,281.6735793974115,2.06424464380169,3.6416778564453125,-2.4462014101864245e-05,0.6062959931724602,-2.6305204867247606e-05,0.6133397899818164,-0.0010422056785898569,0.058164608056449275,1,-1.0,-1.0,0,0,2,13,1,31.9,70.0,220.0,18.4,1008.0,cotonou/COTO,346.04950975268054,70.7,62.4,0.3772059828830039
6.372040037174664,2.403706905708121,COTO,cotonou,6.352268,2.402957,2188.121846950775,21238.37353,9.0,100.0,109.0,570.0,10,12.68538522720337,2.1586439234549744,2.5203628854255666,2.685385227203369,-0.00046804883770984956,0.6953186311950134,-0.0005296956667088676,0.7359288847253476,-0.002285857917823417,0.06230069106201125,1,-1.0,-1.0,0,0,0,3,1,32.0,75.0,200.0,20.5,1010.0,cotonou/COTO,331.4609434005665,75.5,86.5,0.3941069825931186
6.370650452182316,2.3899667578285553,COTO,cotonou,6.352268,2.402957,2489.6177574073686,21238.37353,9.0,100.0,109.0,570.0,10,11.890429615974426,324.91980710264164,2.233736209722256,1.8904296159744263,-0.0007293131213557544,0.7930480939607736,-0.0007206444179310518,0.8347657223019485,-8.689165115356446e-05,0.008613313971828062,1,-1.0,-1.0,0,0,2,2,1,33.0,67.0,200.0,18.4,1012.0,cotonou/COTO,370.2078816016378,84.9,62.3,0.13110869302621986
6.351653535391919,2.3953227325196007,COTO,cotonou,6.352268,2.402957,847.3891668508085,21238.37353,9.0,100.0,109.0,570.0,10,14.603753089904785,265.37043595112436,6.356347388343189,4.603753089904785,0.001030760523916661,0.30476914300825997,0.001047677040766632,0.30728618200705077,0.0008764516049387243,0.030096030525343525,1,-1.0,-1.0,0,0,1,11,1,30.0,79.0,220.0,18.4,1011.0,cotonou/COTO,392.28725444494233,70.0,62.9,0.1628715005545549
6.355426239453944,2.3932345003007356,COTO,cotonou,6.352268,2.402957,1130.9793799592785,21238.37353,9.0,100.0,109.0,570.0,10,15.577566146850586,288.1003061299043,4.7220900070328184,5.577566146850586,0.0016408550111871017,0.6398781201082742,0.0016001331015262257,0.6474026773455523,0.0005509445453130522,0.020475867199010882,1,-1.0,-1.0,0,0,0,10,1,31.0,71.0,240.0,9.4,1011.0,cotonou/COTO,279.6517178563703,62.9,57.1,0.6845620733936773
6.383688387044545,2.3668624884005047,COTO,cotonou,6.352268,2.402957,5293.473525141177,21238.37353,9.0,100.0,109.0,570.0,10,14.20649766921997,311.2173604284235,1.0259212827575839,4.206497669219971,8.69618580648196e-05,1.1103571733134843,6.214471280685805e-05,1.108033868781579,-0.0018612702687581379,0.09481616823432279,0,5091.918420977484,5070.702094223411,3,2,3,2,1,33.0,28.0,70.0,11.2,1010.0,cotonou/COTO,379.59078834977134,68.0,55.8,0.3394777542089027
6.357385737638978,2.374283467697403,COTO,cotonou,6.352268,2.402957,3222.528206105642,21238.37353,9.0,100.0,109.0,570.0,10,13.732593774795532,280.18260795215303,1.6933384677305388,3.7325937747955322,7.901957005630323e-06,0.5976125541140221,-0.0009384925244466744,0.6055527963213416,-0.026008061036561708,0.10066021573516257,1,-1.0,-1.0,0,0,5,12,1,29.6,72.0,220.0,14.8,1010.1,cotonou/COTO,248.80347304650218,61.8,53.0,0.9548983918558076
6.36169232155581,2.3602589590951184,COTO,cotonou,6.352268,2.402957,4837.692135148398,21238.37353,9.0,100.0,109.0,570.0,10,11.808642387390137,282.52372022220084,1.1509425165483342,1.8086423873901367,-0.0003906067997339822,1.1564044404082614,-0.00039493984858462,1.1628307410972585,-0.00039438718386428676,0.012850837253729553,1,-1.0,-1.0,0,0,0,1,1,29.0,75.0,200.0,13.0,1010.0,cotonou/COTO,326.8907597349128,61.2,65.7,0.24359674535860742
6.358235999369243,2.380204150779538,COTO,cotonou,6.352268,2.402957,2602.451769016723,21238.37353,9.0,100.0,109.0,570.0,10,13.403367519378662,284.7855797709011,2.103716991398541,3.403367519378662,-0.0001175272506540839,0.6897524047804222,-0.00011294923918077555,0.7040987750758706,-6.579822964138456e-05,0.0029799146936044037,1,-1.0,-1.0,0,0,5,9,1,31.9,70.0,220.0,18.4,1008.0,cotonou/COTO,331.6838992172874,70.7,65.8,0.09892450510482231
6.3486414018252,2.3785727923604894,COTO,cotonou,6.352268,2.402957,2727.539021115796,21238.37353,9.0,100.0,109.0,570.0,10,10.710995376110077,261.49044472420417,2.063805256388915,0.7109953761100769,-0.0010974344534751695,1.0375566280450252,-0.0010738337125402197,1.1135423934258055,0.0,0.0,1,-1.0,-1.0,0,0,0,0,1,32.0,71.0,200.0,18.4,1008.0,cotonou/COTO,310.65923598055264,55.9,66.5,0.7535045630002579
6.383498727056567,2.3713011414773346,COTO,cotonou,6.352268,2.402957,4918.795835075505,21238.37353,9.0,100.0,109.0,570.0,10,13.455688953399658,314.79171233977894,1.1127921604751605,3.455688953399658,-4.848295215759609e-05,1.1262180305423426,-0.00011076159393589922,1.1197517140481488,-0.0020069165402750292,0.04801526505340011,1,-1.0,-1.0,0,0,2,9,1,30.7,45.0,199.0,11.1,1008.8,cotonou/COTO,324.8945539710613,58.1,53.4,0.88103605191787
6.358205429885551,2.401276528734927,COTO,cotonou,6.352268,2.402957,682.4241599410169,21238.37353,9.0,100.0,109.0,570.0,10,14.514167308807373,344.2892900712332,7.882837280924536,4.514167308807373,0.0011618354768007913,0.3434559487842387,0.0010716404011290664,0.3378139650465721,-0.00021215487648928183,0.007787467712532912,1,-1.0,-1.0,0,0,3,1,1,31.0,75.0,210.0,18.4,1008.0,cotonou/COTO,392.92902527041525,62.4,68.1,0.27811335687148786
6.380006726257997,2.366375391879825,COTO,cotonou,6.352268,2.402957,5078.447073695498,21238.37353,9.0,100.0,109.0,570.0,10,13.18675422668457,307.3447357701839,1.0808507622598822,3.1867542266845703,-0.00010200729557112141,1.1299270822909422,-8.160517944562562e-05,1.126781677225596,0.0015014949008582306,0.049597060476190814,1,-1.0,-1.0,0,0,1,7,1,30.7,55.0,293.0,13.0,1011.4,cotonou/COTO,398.73109698140775,66.5,66.5,0.20208810164547797
6.368239674608393,2.3893766346845426,COTO,cotonou,6.352268,2.402957,2318.896030222665,21238.37353,9.0,100.0,109.0,570.0,10,12.246715068817139,319.8014494189807,2.3892150730514703,2.2467150688171387,-0.0006240497287522014,0.7285252860682955,-0.000731999909178295,0.76021437853565,-0.0052642993093776685,0.1799341544217191,1,-1.0,-1.0,0,0,6,5,1,32.0,63.0,210.0,16.6,1010.0,cotonou/COTO,259.09644632842327,62.3,86.3,0.18576613487108717
6.355976038226581,2.375746604131237,COTO,cotonou,6.352268,2.402957,3038.3617181219665,21238.37353,9.0,100.0,109.0,570.0,10,14.272206783294678,277.8089409328279,1.785746969025869,4.272206783294678,0.00023697251251681036,0.5116518665978878,0.00018976022395805997,0.509840004650565,0.0012585197161025373,0.04371876711719143,1,-1.0,-1.0,0,0,6,7,1,31.5,70.0,236.0,9.3,1011.4,cotonou/COTO,243.1128071492526,59.2,56.3,0.5220123013665123
6.364488425022878,2.372593461597016,COTO,cotonou,6.352268,2.402957,3621.0401236428875,21238.37353,9.0,100.0,109.0,570.0,10,11.708569645881653,292.0477309001941,1.5390736727554941,1.7085696458816528,-0.0005515160872104856,1.2274702966794624,-0.0005428077082646895,1.2479874092289271,-0.0001276479827033149,0.004700129804713158,1,-1.0,-1.0,0,0,1,12,1,33.0,49.0,210.0,16.6,1009.0,cotonou/COTO,320.12677113920535,66.8,60.5,0.46841664124677096
6.383839658702675,2.3670905964564146,COTO,cotonou,6.352268,2.402957,5285.495757334683,21238.37353,9.0,100.0,109.0,570.0,10,14.134912014007568,311.5340108558882,1.02824519808712,4.134912014007568,8.058767983244409e-05,1.1115260710452421,3.572659476446245e-05,1.110258518557963,-0.0035422208987183346,0.09860165247977483,0,-1.0,5084.244415873041,0,1,3,5,1,33.0,28.0,70.0,11.2,1010.0,cotonou/COTO,379.59078834977134,68.0,55.8,0.2594398398545342
6.374848360486774,2.3570265535620942,COTO,cotonou,6.352268,2.402957,5662.053645882798,21238.37353,9.0,100.0,109.0,570.0,10,13.651931285858154,296.32270071741465,0.964760482343805,3.6519312858581543,-9.710784521893475e-06,1.3171948465829855,-3.272350705778341e-05,1.3108269050669066,-0.0014716171911329228,0.042596336592520476,0,5298.9560172891115,5253.568813714901,2,4,0,6,1,32.0,71.0,220.0,18.4,1009.0,cotonou/COTO,356.3532216776974,72.1,58.6,0.04517311698942639
6.388341832232751,2.375752940090443,COTO,cotonou,6.352268,2.402957,4997.3456861631685,21238.37353,9.0,100.0,109.0,570.0,10,12.73922872543335,323.15121810291214,1.1035166044986704,2.7392287254333496,-0.0002309902143287438,0.9677536712359728,-0.00025541617790387697,0.9664250651853732,-0.004444005091985066,0.23852814885752413,0,-1.0,4506.6243662794095,0,1,5,10,1,33.0,41.0,50.0,9.4,1007.0,cotonou/COTO,339.277088085809,64.0,66.1,0.4814913403262807
6.355034431016944,2.3751080394677233,COTO,cotonou,6.352268,2.402957,3096.367491851201,21238.37353,9.0,100.0,109.0,570.0,10,14.489458084106445,275.7093474339054,1.7482984397089418,4.489458084106445,0.0002507905929516523,0.43863756220574074,0.0002928191231857767,0.43659382380883244,0.0021738691380606165,0.06860401115020638,1,-1.0,-1.0,0,0,2,3,1,33.0,63.0,210.0,13.0,1009.0,cotonou/COTO,267.64813860748006,78.1,56.3,0.9593323476356084
6.361891908601317,2.377980637942547,COTO,cotonou,6.352268,2.402957,2961.2396610122964,21238.37353,9.0,100.0,109.0,570.0,10,12.88352918624878,291.1929241186575,1.8590644493863397,2.8835291862487793,-0.0002801124736729956,0.9596765447369688,-0.0003017438913729324,0.9741788720395066,-0.0012037965986463758,0.04551035947967028,1,-1.0,-1.0,0,0,5,2,1,32.0,63.0,220.0,13.0,1010.0,cotonou/COTO,289.18429314187705,65.8,65.7,0.6525192007526632
6.380997148751958,2.36413749594957,COTO,cotonou,6.352268,2.402957,5342.288889198963,21238.37353,9.0,100.0,109.0,570.0,10,13.18923807144165,306.67582580393093,1.0274554520535453,3.1892380714416504,-9.641589621147843e-05,1.1133862816894404,-0.00012581308671541467,1.110302381374706,-0.0017959700623066662,0.047942254939214286,0,-1.0,5053.227165735291,0,6,1,13,1,31.8,31.0,20.0,11.2,1010.9,cotonou/COTO,367.6178566119935,78.2,55.8,0.4955065566286184
6.384813848748943,2.372254767102997,COTO,cotonou,6.352268,2.402957,4948.977034967467,21238.37353,9.0,100.0,109.0,570.0,10,12.690542936325073,316.84834189161353,1.1148625152413256,2.6905429363250732,-0.0002056011128405109,1.097281834689185,-0.0002091513898320303,1.091272401939724,-0.0004911078347100153,0.01943414656916262,1,-1.0,-1.0,0,0,1,5,1,31.8,57.0,210.0,13.0,1008.6,cotonou/COTO,161.07626082067793,62.5,53.4,0.11069207402961612
6.378074199799011,2.364890009379266,COTO,cotonou,6.352268,2.402957,5087.48136177697,21238.37353,9.0,100.0,109.0,570.0,10,13.154963493347168,304.3008029995086,1.0792897583963992,3.154963493347168,-0.00011638049443428665,1.1760505496243374,-0.00012353709501813548,1.1692384653738277,-0.0010092556476593018,0.05721931459832238,0,-1.0,4791.816112294941,0,4,3,4,1,30.7,55.0,293.0,13.0,1011.4,cotonou/COTO,325.9584504197963,64.2,66.5,0.25243629054958727
6.379809142680674,2.371301573630268,COTO,cotonou,6.352268,2.402957,4641.376024735262,21238.37353,9.0,100.0,109.0,570.0,10,12.019302129745483,311.20153793184915,1.1970105866045464,2.0193021297454834,-0.00035993217952819947,1.1457867264194264,-0.00033320601072534125,1.1431521945922845,0.0016156421767340766,0.06661777905121877,1,-1.0,-1.0,0,0,0,6,1,30.0,70.0,210.0,16.6,1007.0,cotonou/COTO,333.8960444509769,78.2,66.5,0.2947739495745427
6.380383929143468,2.371504986195983,COTO,cotonou,6.352268,2.402957,4666.526066581835,21238.37353,9.0,100.0,109.0,570.0,10,12.158825397491455,311.9724210959457,1.188848877964965,2.158825397491455,-0.00032301148951860024,1.1536517053377207,-0.00029912578405710214,1.1489598613152145,0.0021112362543741865,0.10164247280769628,1,-1.0,-1.0,0,0,0,3,1,30.7,45.0,199.0,11.1,1008.8,cotonou/COTO,383.9027712846491,58.1,78.2,0.7648035526072343
6.348295615887015,2.3810767175052456,COTO,cotonou,6.352268,2.402957,2460.391668569353,21238.37353,9.0,100.0,109.0,570.0,10,10.890208840370178,259.64903360908477,2.2834983818563748,0.8902088403701782,-0.0011539127258117143,0.6835586827903027,-0.0011338840723280359,0.8120804066704274,-0.01621799559131321,0.6204668334747457,1,-1.0,-1.0,0,0,0,1,1,32.0,71.0,200.0,18.4,1008.0,cotonou/COTO,377.3020461115892,63.1,55.9,0.8767107972646193
6.3838208209267835,2.3821960687354937,COTO,cotonou,6.352268,2.402957,4177.503539366702,21238.37353,9.0,100.0,109.0,570.0,10,14.598869323730469,326.8199114390764,1.2945209836324765,4.598869323730469,0.0001956880609968103,0.9972779863001059,0.00021039096130791272,0.999387382943006,-0.00021846654165228832,0.011933463765715914,1,-1.0,-1.0,0,0,6,7,1,31.8,56.0,180.0,11.2,1007.4,cotonou/COTO,150.4694972410793,71.8,75.6,0.9016418535664384
6.364918641579379,2.371274353485059,COTO,cotonou,6.352268,2.402957,3774.2091197031755,21238.37353,9.0,100.0,109.0,570.0,10,11.598401188850403,291.8902402469987,1.4783129166657956,1.5984011888504028,-0.0005596318462947886,1.2690010438560342,-0.0005621920650204022,1.2896418376978784,-0.0008030613263448079,0.03160220153265911,1,-1.0,-1.0,0,0,1,5,1,30.0,55.0,310.0,7.6,1013.0,cotonou/COTO,263.8369831922563,62.5,66.8,0.9845686082507541
6.355093224987671,2.3904673826318183,COTO,cotonou,6.352268,2.402957,1416.7350660181874,21238.37353,9.0,100.0,109.0,570.0,10,15.708624839782715,282.8229985030983,3.767462482640799,5.708624839782715,0.0013900231983926565,0.6578646462885406,0.0011484635541744827,0.6513678710794705,-0.004205023552792532,0.14110770391711122,1,-1.0,-1.0,0,0,2,14,1,32.6,66.0,210.0,11.2,1010.9,cotonou/COTO,249.61182844569544,57.1,68.3,0.9823666831045325
6.3540999507371465,2.406834118230847,COTO,cotonou,6.352268,2.402957,474.3996237653016,21238.37353,9.0,100.0,109.0,570.0,10,14.690194606781006,64.57229981027865,11.24370915642305,4.690194606781006,0.0020570006817757828,0.4012862491388312,0.0019287617118270309,0.39943443193646944,0.0008422798580593533,0.034097879473418295,1,-1.0,-1.0,0,0,2,9,1,31.4,69.0,240.0,16.6,1010.7,cotonou/COTO,245.31000000003797,65.4,71.6,0.9529991327679814
6.379301050745117,2.376931162870148,COTO,cotonou,6.352268,2.402957,4150.716635218676,21238.37353,9.0,100.0,109.0,570.0,10,11.906943082809448,316.2659849996133,1.3400115076672232,1.9069430828094482,-0.0004316662712920484,1.1769247966579555,-0.00041892460414341513,1.176215356759509,0.0008634805679321288,0.032355187982010564,1,-1.0,-1.0,0,0,0,5,1,31.0,63.0,200.0,16.6,1007.0,cotonou/COTO,296.22029927065233,81.4,81.4,0.07182214050288438
6.365138817018802,2.367015316787276,COTO,cotonou,6.352268,2.402957,4223.619884510883,21238.37353,9.0,100.0,109.0,570.0,10,11.478070855140686,289.8170687865535,1.3227047993528864,1.478070855140686,-0.0005269305243324259,1.305096656169971,-0.0005153319014025162,1.3216021226011572,0.00020177064582779978,0.003134334188019427,1,-1.0,-1.0,0,0,1,7,1,30.1,50.0,198.0,11.1,1009.1,cotonou/COTO,167.19783760562936,58.0,66.1,0.1377935359278052
6.36547608933053,2.3697063623414243,COTO,cotonou,6.352268,2.402957,3958.1875138875307,21238.37353,9.0,100.0,109.0,570.0,10,11.503898859024048,291.78779627549557,1.4109957618056919,1.5038988590240479,-0.0005563365088568792,1.3242923291083655,-0.0005550602064687446,1.341826539227844,-0.0003138828325679077,0.013286450948813056,1,-1.0,-1.0,0,0,0,1,1,30.0,55.0,310.0,7.6,1013.0,cotonou/COTO,257.5295687877015,62.5,62.4,0.3044665264760329
6.384927884069837,2.374076100517762,COTO,cotonou,6.352268,2.402957,4822.3389696458435,21238.37353,9.0,100.0,109.0,570.0,10,13.01436185836792,318.69144140693743,1.1402860490730031,3.01436185836792,-0.00015450333741204864,1.0626411296043443,-0.00019047975754328742,1.05616048628879,-0.00397614305264709,0.06132000538046788,0,-1.0,4648.38686252435,0,1,4,4,1,31.8,57.0,210.0,13.0,1008.6,cotonou/COTO,348.5682791075882,62.5,70.2,0.5528982540644615
6.371436865114072,2.404357618423735,COTO,cotonou,6.352268,2.402957,2125.501124664069,21238.37353,9.0,100.0,109.0,570.0,10,13.14224362373352,4.153302991107296,2.58222673680598,3.1422436237335205,-0.00027228066569683497,0.5854432046193209,-0.00030865277329536337,0.6162049707203984,-0.002035122447543674,0.07786435225845018,1,-1.0,-1.0,0,0,4,0,1,32.0,75.0,200.0,20.5,1010.0,cotonou/COTO,331.4609434005665,75.5,86.5,0.0969778887054793
6.370047426289499,2.403013733597644,COTO,cotonou,6.352268,2.402957,1966.199565437615,21238.37353,9.0,100.0,109.0,570.0,10,13.092123746871948,0.18169967214299731,2.7925774272895754,3.0921237468719482,-0.0003540237925048617,0.5539846354619605,-0.00036134228986852313,0.5930457904410106,-0.002962938944498698,0.13529406186793871,1,-1.0,-1.0,0,0,1,9,1,32.0,75.0,200.0,20.5,1010.0,cotonou/COTO,257.31179082972295,75.5,86.2,0.8457969578021425
6.361328466158867,2.384090161122339,COTO,cotonou,6.352268,2.402957,2315.4438063811053,21238.37353,9.0,100.0,109.0,570.0,10,13.130881309509277,295.79102742333595,2.370932197411901,3.1308813095092773,-0.0002462009079435951,0.8621944999786821,-0.00025417392111590415,0.8695096284434604,-0.00010329083563520667,0.020796675987641337,1,-1.0,-1.0,0,0,2,13,1,31.7,62.0,220.0,11.2,1010.7,cotonou/COTO,318.97004498850305,54.4,75.2,0.6167561790773091
6.371133226698274,2.3624379955240116,COTO,cotonou,6.352268,2.402957,4944.640825561876,21238.37353,9.0,100.0,109.0,570.0,10,12.492380857467651,295.10412925002083,1.1181352689862358,2.4923808574676514,-0.0002393242390896967,1.441284952417549,-0.00020359931611795164,1.433959839610543,0.003245139905574979,0.09618579080432618,1,-1.0,-1.0,0,0,0,12,1,31.5,72.0,230.0,14.8,1010.2,cotonou/COTO,394.064070171349,78.0,73.3,0.542364402302205
6.362406911034052,2.365562466319213,COTO,cotonou,6.352268,2.402957,4286.552463022691,21238.37353,9.0,100.0,109.0,570.0,10,11.644261956214905,285.26165985730034,1.3010721630477342,1.6442619562149048,-0.0004808227221171061,1.1393603143619115,-0.00048524293209194636,1.1615971776246437,-0.000534191963528682,0.026175257259546683,1,-1.0,-1.0,0,0,3,6,1,33.0,39.0,280.0,7.6,1012.0,cotonou/COTO,169.65942414145263,63.0,61.3,0.16531132336729115
6.374577714452632,2.3577454108027927,COTO,cotonou,6.352268,2.402957,5577.480425880249,21238.37353,9.0,100.0,109.0,570.0,10,13.767815589904785,296.40737584164754,0.9781965460636822,3.767815589904785,1.0020997738665764e-05,1.3246799916961125,-2.4251058592019196e-06,1.3186215424276162,-0.0011428144243028429,0.045457696251066396,0,-1.0,4962.728074330321,0,1,1,3,1,32.0,71.0,220.0,18.4,1009.0,cotonou/COTO,315.24390842648114,72.1,63.4,0.25325547440019736
6.372381975646024,2.406862348171799,COTO,cotonou,6.352268,2.402957,2265.9398343540697,21238.37353,9.0,100.0,109.0,570.0,10,13.540399074554443,10.921629151493903,2.4123323756972206,3.5403990745544434,-7.306682436089775e-05,0.46799423281946934,-0.0001457647380665837,0.49341081217645005,-0.0016492803891499839,0.08389450980326026,1,-1.0,-1.0,0,0,1,1,1,31.0,75.0,200.0,16.6,1010.0,cotonou/COTO,338.55000000000837,80.8,75.5,0.16031202498225805
6.3646982644156465,2.371118993773555,COTO,cotonou,6.352268,2.402957,3781.2516992230203,21238.37353,9.0,100.0,109.0,570.0,10,11.598401188850403,291.44858709397204,1.4755607779433104,1.5984011888504028,-0.0005578509819390814,1.2454214466973772,-0.0005589623170908743,1.2669585660664693,-0.001050340516054173,0.03379055962023538,1,-1.0,-1.0,0,0,3,9,1,30.0,55.0,310.0,7.6,1013.0,cotonou/COTO,213.77228304903036,59.4,66.8,0.8519331577947986
6.372084017444076,2.403659459013534,COTO,cotonou,6.352268,2.402957,2192.7897145935995,21238.37353,9.0,100.0,109.0,570.0,10,12.68538522720337,2.017698728207449,2.5150045977607602,2.685385227203369,-0.00046018297607834283,0.7139785742508101,-0.0005199583684815148,0.7362121003026018,-0.0020424254621395914,0.06230069106201125,1,-1.0,-1.0,0,0,0,1,1,32.0,75.0,200.0,20.5,1010.0,cotonou/COTO,331.4609434005665,86.5,75.5,0.5842278600612182
6.373319013214598,2.3631070364445925,COTO,cotonou,6.352268,2.402957,4985.801561240616,21238.37353,9.0,100.0,109.0,570.0,10,12.477025032043457,297.9942343483585,1.1090831165075903,2.477025032043457,-0.0002455022758590485,1.3362562397208801,-0.0002063205884795847,1.3326828382878584,0.0030284690896853566,0.0914196526627108,1,-1.0,-1.0,0,0,0,2,1,31.5,72.0,230.0,14.8,1010.2,cotonou/COTO,325.1163282580652,78.0,76.5,0.7351294275196334
6.386611362443532,2.373895767372969,COTO,cotonou,6.352268,2.402957,4976.174411162926,21238.37353,9.0,100.0,109.0,570.0,10,13.452208042144775,319.93867785840683,1.1000041676401848,3.4522080421447754,-4.43292921979512e-05,1.0135643305332107,-4.0833486451043055e-05,1.0086650119120169,0.0022154808044433593,0.08175317754187006,0,-1.0,4716.894782525178,0,1,4,10,1,31.0,59.0,170.0,13.0,1007.0,cotonou/COTO,358.8872214220909,66.1,62.5,0.29603286291002573
6.364429408517997,2.3682217825420726,COTO,cotonou,6.352268,2.402957,4071.612187039821,21238.37353,9.0,100.0,109.0,570.0,10,11.511430621147156,289.40849572538355,1.3715983449791431,1.5114306211471558,-0.000540200316987192,1.2379257384070992,-0.000532734595635087,1.2587462805298781,-0.00030482477611965605,0.011205545124242213,1,-1.0,-1.0,0,0,2,5,1,30.1,50.0,198.0,11.1,1009.1,cotonou/COTO,358.990200005476,58.0,59.4,0.37125263708827716
6.347818058014229,2.384639185347351,COTO,cotonou,6.352268,2.402957,2085.5918927268062,21238.37353,9.0,100.0,109.0,570.0,10,11.678248047828674,256.26555919179793,2.6717036899106503,1.6782480478286743,-0.0015606040056346075,0.5293774140470947,-0.0009392330491984331,0.6279743351240392,-0.009133794903755188,0.5707150132026861,1,-1.0,-1.0,0,0,1,4,1,32.0,71.0,200.0,18.4,1008.0,cotonou/COTO,170.17425892305585,63.1,72.8,0.4048549644265338
6.368162437279643,2.3997619805367325,COTO,cotonou,6.352268,2.402957,1792.9252812616874,21238.37353,9.0,100.0,109.0,570.0,10,13.196271181106567,348.7024910728341,3.058651723245457,3.1962711811065674,-0.00030245236753908785,0.6030203606428116,-0.000553992796543981,0.638457126276243,-0.006859772514446645,0.18793160392019267,1,-1.0,-1.0,0,0,1,15,1,32.0,63.0,210.0,14.8,1011.0,cotonou/COTO,311.79147214124436,66.0,68.2,0.7600149717440349
6.365485447059754,2.3707918589314048,COTO,cotonou,6.352268,2.402957,3847.2138418575696,21238.37353,9.0,100.0,109.0,570.0,10,11.526708602905273,292.4653276044868,1.4513395688815334,1.5267086029052734,-0.000563380576535405,1.325772629081052,-0.0005696518766803505,1.335216805906243,-0.0007831169906584726,0.027561234249178543,1,-1.0,-1.0,0,0,0,3,1,30.0,55.0,310.0,7.6,1013.0,cotonou/COTO,257.5295687877015,62.5,62.4,0.7723529876745681
6.3744246936401145,2.3572292704932067,COTO,cotonou,6.352268,2.402957,5621.355126347125,21238.37353,9.0,100.0,109.0,570.0,10,13.733470916748047,295.99356686757494,0.9709131424080427,3.733470916748047,4.694943732403665e-06,1.3341118497593014,-1.0509518632126974e-05,1.3308986608585631,-0.0017965694478582865,0.05908836737468783,0,-1.0,5305.928385790573,0,3,1,7,1,32.0,71.0,220.0,18.4,1009.0,cotonou/COTO,286.930169205042,72.1,65.2,0.2068135275140317
6.370947260475375,2.3607745851251924,COTO,cotonou,6.352268,2.402957,5103.726884279077,21238.37353,9.0,100.0,109.0,570.0,10,13.014468908309937,294.0183985512197,1.0774317840429064,3.0144689083099365,-0.0001349946444029929,1.435318104777986,-0.00012040984601102585,1.4311691037072238,0.001508823570624199,0.04655601993960309,1,-1.0,-1.0,0,0,1,1,1,31.5,72.0,200.0,11.2,1008.3,cotonou/COTO,331.14855306943616,63.4,73.3,0.941538856738099
6.34802343592148,2.3836321849594406,COTO,cotonou,6.352268,2.402957,2189.036206463899,21238.37353,9.0,100.0,109.0,570.0,10,11.169460654258728,257.53905886254375,2.558911386278793,1.169460654258728,-0.0012058149937956557,0.5704032330560044,-0.0011342114441634935,0.7085232252741522,-0.019044735944209138,0.7379482944156849,1,-1.0,-1.0,0,0,2,4,1,32.0,71.0,200.0,18.4,1008.0,cotonou/COTO,377.3020461115892,63.1,55.9,0.1206553374436864
6.363239017234688,2.384215443088073,COTO,cotonou,6.352268,2.402957,2402.4222278030797,21238.37353,9.0,100.0,109.0,570.0,10,13.028967142105103,300.49942048489976,2.2876132638273776,3.0289671421051025,-0.0002790223423836162,0.8999681691470242,-0.00035251621308365487,0.9110099858692561,-0.002317916022406684,0.09968190797362991,1,-1.0,-1.0,0,0,4,11,1,33.0,63.0,210.0,18.4,1008.0,cotonou/COTO,350.04620409299224,75.2,62.4,0.8961220824236303
6.379713145405396,2.3724440405480594,COTO,cotonou,6.352268,2.402957,4539.649775239024,21238.37353,9.0,100.0,109.0,570.0,10,11.946753025054932,312.14802079044705,1.2247408380387088,1.9467530250549316,-0.0003860171949654295,1.154859817463851,-0.0003647379249936656,1.1540462571116659,0.0016302233900372769,0.050168797703423085,1,-1.0,-1.0,0,0,0,6,1,30.0,70.0,210.0,16.6,1007.0,cotonou/COTO,377.7671008703648,78.2,85.6,0.1003956456498093
6.362117430823021,2.383456171660072,COTO,cotonou,6.352268,2.402957,2416.9178907956693,21238.37353,9.0,100.0,109.0,570.0,10,13.293471097946167,296.9408722944949,2.2676470392957278,3.293471097946167,-0.00019271844081013122,0.8679841031866291,-0.00023071354172794683,0.8789929965666724,-0.002296435832977295,0.11385718696153646,1,-1.0,-1.0,0,0,1,6,1,31.7,62.0,220.0,11.2,1010.7,cotonou/COTO,318.97004498850305,54.4,75.2,0.2645398111513111
6.367480619873408,2.3907244500770863,COTO,cotonou,6.352268,2.402957,2159.148414920298,21238.37353,9.0,100.0,109.0,570.0,10,12.859212160110474,321.37034188013706,2.5495353549698354,2.8592121601104736,-0.00039422627862025227,0.5842769409866113,-0.000636693153153646,0.6199130281029958,-0.007026608516586594,0.16126344302515003,1,-1.0,-1.0,0,0,3,13,1,32.0,63.0,210.0,16.6,1010.0,cotonou/COTO,212.6801711490812,62.3,70.8,0.846478536067957
6.366420758075051,2.409214605696755,COTO,cotonou,6.352268,2.402957,1711.4149303086772,21238.37353,9.0,100.0,109.0,570.0,10,14.433566093444824,23.721627108045823,3.1627357493384376,4.433566093444824,0.0004175716433031805,0.403784893356943,0.00039015988172110856,0.4030759994846518,-0.000974167717827691,0.035912934101716004,1,-1.0,-1.0,0,0,4,6,1,32.0,63.0,180.0,14.8,1011.0,cotonou/COTO,335.1905947367722,56.6,58.8,0.17949207234608744
6.357914351530352,2.412230215851038,COTO,cotonou,6.352268,2.402957,1201.0619931233566,21238.37353,9.0,100.0,109.0,570.0,10,15.256978988647461,58.505645551297505,4.46289420195528,5.256978988647461,0.0012601524833741227,0.4594778503088402,0.0011860710054205162,0.4564909982870542,-0.0010248862994450766,0.03539471202506975,1,-1.0,-1.0,0,0,1,7,1,32.0,67.0,210.0,18.4,1012.0,cotonou/COTO,390.090387602657,65.5,58.7,0.4135679313099698
6.377324985929994,2.362979577899832,COTO,cotonou,6.352268,2.402957,5219.341614188967,21238.37353,9.0,100.0,109.0,570.0,10,12.623597383499146,302.24043946634646,1.0578601770741478,2.6235973834991455,-0.00020751686556115984,1.2126223936950382,-0.00021124536340886896,1.2069206766253084,-0.0003358152177598741,0.015563626800571887,1,-1.0,-1.0,0,0,0,1,1,31.0,75.0,200.0,18.4,1008.0,cotonou/COTO,333.1849486396399,76.1,64.2,0.4498592999441262
6.378638533848558,2.3613582932302886,COTO,cotonou,6.352268,2.402957,5448.537181898149,21238.37353,9.0,100.0,109.0,570.0,10,12.036874294281006,302.53444658845984,1.0195381450638088,2.036874294281006,-0.0003058822600396125,1.188545621816069,-0.0003330310185750326,1.1881423905476431,-0.0030643085638682047,0.14300725148650423,0,-1.0,5033.6185187475885,0,9,4,12,1,29.5,80.0,200.0,7.6,1009.5,cotonou/COTO,203.75681976320604,78.1,76.1,0.24525897302320965
6.3596320429600475,2.3733185542661164,COTO,cotonou,6.352268,2.402957,3378.801590275471,21238.37353,9.0,100.0,109.0,570.0,10,12.967681884765625,284.0378397857694,1.6280226893798944,2.967681884765625,-0.0002180854127822021,0.8483624295144334,-0.00021604157876277315,0.8582595524451859,1.0514259338378912e-05,0.0026842484938912844,1,-1.0,-1.0,0,0,3,2,1,32.4,63.0,230.0,7.6,1010.7,cotonou/COTO,370.9625978450856,53.0,62.1,0.7102452013359866
6.356986225903347,2.3761078027637446,COTO,cotonou,6.352268,2.402957,3016.073504538792,21238.37353,9.0,100.0,109.0,570.0,10,13.96133041381836,280.02871274138715,1.8048344835999968,3.9613304138183594,8.394025733368623e-05,0.5793782058396286,8.827868402968715e-05,0.5789983821248058,0.0006298700968424479,0.027929091077260177,1,-1.0,-1.0,0,0,4,6,1,32.4,63.0,230.0,7.6,1010.7,cotonou/COTO,241.82719946273568,53.0,59.2,0.8513346494022038
6.380374578477282,2.365357726087052,COTO,cotonou,6.352268,2.402957,5192.871093153622,21238.37353,9.0,100.0,109.0,570.0,10,13.290188312530518,306.95140607939675,1.0558990098572332,3.2901883125305176,-7.984734129631655e-05,1.1212344744878777,-8.409241267613001e-05,1.1180975905581723,-0.0002522468566894531,0.011866727987876236,0,-1.0,5047.179318997007,0,1,0,1,1,31.8,31.0,20.0,11.2,1010.9,cotonou/COTO,344.11074176779897,70.4,66.5,0.8745751398555718
6.379044250740093,2.376265087857116,COTO,cotonou,6.352268,2.402957,4182.018615085689,21238.37353,9.0,100.0,109.0,570.0,10,11.847950458526611,315.2690249288943,1.330793068465424,1.8479504585266113,-0.00044569756683790864,1.181086524862201,0.0002381127326169064,1.1802379800359883,0.024146284095544118,0.04242497037609401,1,-1.0,-1.0,0,0,0,6,1,31.0,63.0,200.0,16.6,1007.0,cotonou/COTO,296.22029927065233,81.4,81.4,0.33932214573656094
6.365788510236572,2.367465842360508,COTO,cotonou,6.352268,2.402957,4201.748945901069,21238.37353,9.0,100.0,109.0,570.0,10,11.450000047683716,290.97442802286577,1.3299698480148996,1.4500000476837158,-0.0005335677036438709,1.3617816109490997,-0.0005279748854539966,1.3689373108255918,-3.0209251678356874e-06,0.0034882557980707263,1,-1.0,-1.0,0,0,1,0,1,30.0,55.0,310.0,7.6,1013.0,cotonou/COTO,327.63056038773834,62.5,66.1,0.5308503942878144
6.348665412389064,2.380635159359614,COTO,cotonou,6.352268,2.402957,2501.637652253563,21238.37353,9.0,100.0,109.0,570.0,10,12.273452281951904,260.77752345317117,2.21425498505344,2.2734522819519043,-0.0005688647429148356,0.6509128272858605,-0.0013319322536158008,0.8403451797317081,-0.016252144674460095,0.9881574521673424,1,-1.0,-1.0,0,0,0,3,1,32.0,71.0,200.0,18.4,1008.0,cotonou/COTO,145.83304872345087,55.9,75.4,0.2484064038656515
6.362365045072752,2.397959307299993,COTO,cotonou,6.352268,2.402957,1246.0196641087257,21238.37353,9.0,100.0,109.0,570.0,10,14.715895175933838,333.8066810242865,4.3272241312219295,4.715895175933838,0.0008007172554258318,0.34428117780680867,-3.1011796700119917e-05,0.33530085910901125,-0.009458830419956408,0.17894413450171062,1,-1.0,-1.0,0,0,4,10,1,32.0,71.0,210.0,22.3,1008.0,cotonou/COTO,392.99957175554596,56.6,68.1,0.24479650155014543
6.371419059452862,2.363760448401904,COTO,cotonou,6.352268,2.402957,4826.170175058757,21238.37353,9.0,100.0,109.0,570.0,10,12.110810279846191,296.18172481212196,1.1501036703789478,2.1108102798461914,-0.00032718409272039327,1.4141294503660877,-0.0002941598025869332,1.4097001489140644,0.0025418343461389853,0.06959945893625209,1,-1.0,-1.0,0,0,2,1,1,31.5,72.0,230.0,14.8,1010.2,cotonou/COTO,394.064070171349,78.0,73.3,0.16125406285192412
6.362575642584209,2.3830879657805464,COTO,cotonou,6.352268,2.402957,2476.2660157045493,21238.37353,9.0,100.0,109.0,570.0,10,13.126152515411377,297.56517371463957,2.217219183880119,3.126152515411377,-0.00023326864204253534,0.8784849584449191,-0.0006176767705064227,0.8999378375118702,-0.009543785612916026,0.17892056207494875,1,-1.0,-1.0,0,0,2,4,1,33.0,63.0,210.0,18.4,1008.0,cotonou/COTO,318.97004498850305,75.2,54.4,0.9400190108075147
6.352691511174599,2.3744858296106033,COTO,cotonou,6.352268,2.402957,3150.4134228017047,21238.37353,9.0,100.0,109.0,570.0,10,14.1347074508667,270.8590561340696,1.7247701287186037,4.134707450866699,0.00013513268803222458,0.3428927236406073,7.429123326851376e-05,0.34385065389613123,-0.0031011500514072227,0.0894033589750026,1,-1.0,-1.0,0,0,3,0,1,33.0,63.0,210.0,13.0,1009.0,cotonou/COTO,135.44729233169025,74.7,78.1,0.8879888286055799
6.358387849609052,2.412705623196186,COTO,cotonou,6.352268,2.402957,1273.3351621078364,21238.37353,9.0,100.0,109.0,570.0,10,15.15639877319336,57.721016628554935,4.215024592522707,5.156398773193359,0.0010731732648469607,0.44497209398681575,0.0010216841705533223,0.43844934950074294,-0.0009927950214555841,0.0474439180505316,1,-1.0,-1.0,0,0,2,9,1,32.0,71.0,220.0,16.6,1011.0,cotonou/COTO,390.090387602657,58.7,65.5,0.7773587133276922
6.365510925557009,2.366653544597352,COTO,cotonou,6.352268,2.402957,4275.245727971884,21238.37353,9.0,100.0,109.0,570.0,10,11.465250253677368,290.1572843314731,1.306909743495132,1.4652502536773682,-0.0005251025726929075,1.337059821946889,-0.0005134747220181872,1.3514013137799954,4.4025977452596035e-05,0.002801767886852676,1,-1.0,-1.0,0,0,2,3,1,30.1,50.0,198.0,11.1,1009.1,cotonou/COTO,167.19783760562936,66.1,58.0,0.517661521287729
6.384930375683379,2.373880508854707,COTO,cotonou,6.352268,2.402957,4836.910416250911,21238.37353,9.0,100.0,109.0,570.0,10,13.01436185836792,318.5017817942217,1.136851780378467,3.01436185836792,-0.00012933037343844088,1.0647474284026122,-0.0001473657180953729,1.0615255480375982,-0.001633613575977062,0.07908428210282571,0,4681.819100298978,4633.353064063999,3,6,5,8,1,31.8,57.0,210.0,13.0,1008.6,cotonou/COTO,348.5682791075882,62.5,70.2,0.4906079155118719
6.38605980022781,2.3733792620777368,COTO,cotonou,6.352268,2.402957,4967.238102186242,21238.37353,9.0,100.0,109.0,570.0,10,13.061101198196411,318.98193087486817,1.1064922811149318,3.061101198196411,-0.00011849531525628184,1.0404061114631662,-0.00012474192513359925,1.03424542258409,-0.000334093968073527,0.038098447544692354,1,-1.0,-1.0,0,0,3,8,1,31.0,59.0,170.0,13.0,1007.0,cotonou/COTO,358.8872214220909,66.1,62.5,0.529745666182498
6.370184662777597,2.3911953301079687,COTO,cotonou,6.352268,2.402957,2370.4813445059867,21238.37353,9.0,100.0,109.0,570.0,10,12.113633632659912,326.87927103028835,2.3404916767460673,2.113633632659912,-0.0006727108765037545,0.6508187343598077,-0.000695114367357709,0.7006856072820704,-0.002011550693146802,0.05160729869642178,1,-1.0,-1.0,0,0,3,0,1,33.0,67.0,200.0,18.4,1012.0,cotonou/COTO,292.9664112146319,84.9,61.2,0.5365680135770893
6.368474679557509,2.3907318796257933,COTO,cotonou,6.352268,2.402957,2245.3640535750283,21238.37353,9.0,100.0,109.0,570.0,10,12.57583475112915,323.142405466617,2.458980011057702,2.5758347511291504,-0.0005027363035413954,0.599900754543615,-0.0006335604242432169,0.6560948580297973,-0.0036929766337076824,0.13651011592923193,1,-1.0,-1.0,0,0,3,0,1,32.0,63.0,210.0,16.6,1010.0,cotonou/COTO,281.07558431847417,70.8,86.3,0.43456308469769034
6.3637421921174555,2.3698856100704497,COTO,cotonou,6.352268,2.402957,3872.7745688873256,21238.37353,9.0,100.0,109.0,570.0,10,11.630157232284546,289.2458949338587,1.4402351254876604,1.630157232284546,-0.0005325215902083958,1.1615458809262182,-0.0005407007649634156,1.1746550624731857,-0.0008212727665006311,0.024070660964100474,1,-1.0,-1.0,0,0,2,2,1,30.0,55.0,310.0,7.6,1013.0,cotonou/COTO,248.21595536951256,59.4,62.5,0.13175483289206746
6.367662584344266,2.39115325679227,COTO,cotonou,6.352268,2.402957,2145.662317142772,21238.37353,9.0,100.0,109.0,570.0,10,12.976723670959473,322.6922532787083,2.5624069266359983,2.9767236709594727,-0.00033808692737861913,0.5529010519246819,-0.0006969473668015771,0.5814889917678372,-0.007397562791846227,0.12042482054079483,0,2081.163449893991,-1.0,6,0,4,12,1,32.0,63.0,210.0,16.6,1010.0,cotonou/COTO,256.496478923207,70.8,61.2,0.12566385286853599
6.365489044994317,2.371209219340762,COTO,cotonou,6.352268,2.402957,3804.6933755921536,21238.37353,9.0,100.0,109.0,570.0,10,11.555829644203186,292.73631466925514,1.4671141326154153,1.555829644203186,-0.000567213791427511,1.316753163268004,-0.0005664421298399143,1.3348181737401852,-0.0008451951874627007,0.031079356664763743,1,-1.0,-1.0,0,0,1,3,1,30.0,55.0,310.0,7.6,1013.0,cotonou/COTO,257.5295687877015,62.5,62.4,0.9522497158456833
6.3557921162900435,2.404157313245429,COTO,cotonou,6.352268,2.402957,411.73028037060334,21238.37353,9.0,100.0,109.0,570.0,10,15.267451763153076,18.70127860452311,12.825103264684286,5.267451763153076,0.0037153817358471096,0.6321723311433883,0.0028878971934318542,0.6175769329544535,-0.0019363297356499566,0.07152702303004191,1,-1.0,-1.0,0,0,2,14,1,31.4,69.0,240.0,16.6,1010.7,cotonou/COTO,264.0610446469,65.4,68.1,0.48203075958635055
6.354388091116172,2.3947536920220682,COTO,cotonou,6.352268,2.402957,937.4103092268053,21238.37353,9.0,100.0,109.0,570.0,10,15.211978912353516,284.57684387358563,5.713436788843673,5.211978912353516,0.001567695289850235,0.5414744804246592,0.0016767054958648948,0.5534043986432177,0.002076841572779632,0.08712321950636971,1,-1.0,-1.0,0,0,1,15,1,30.0,79.0,220.0,18.4,1011.0,cotonou/COTO,392.28725444494233,70.0,62.9,0.953205524905189
6.353984024003123,2.3948377753519514,COTO,cotonou,6.352268,2.402957,918.1402622976041,21238.37353,9.0,100.0,109.0,570.0,10,15.086692810058594,282.006074165323,5.840270373895622,5.086692810058594,0.0014956129439426368,0.4936960929376685,0.0014587207274003463,0.49973449673180903,0.0006702542304992676,0.037331657432734436,1,-1.0,-1.0,0,0,0,12,1,31.0,71.0,240.0,9.4,1011.0,cotonou/COTO,392.28725444494233,62.9,70.0,0.16357687771010998
6.365802649931224,2.367397736164605,COTO,cotonou,6.352268,2.402957,4209.3474823920305,21238.37353,9.0,100.0,109.0,570.0,10,11.450000047683716,290.9577422102856,1.3275699025193748,1.4500000476837158,-0.000533567703643871,1.36086603625346,-0.0005284747807341782,1.3680422724602899,-2.6682635096425512e-05,0.0034882557980707263,1,-1.0,-1.0,0,0,0,0,1,30.0,55.0,310.0,7.6,1013.0,cotonou/COTO,327.63056038773834,62.5,66.1,0.5544165520399336
6.34865691309866,2.378465376791784,COTO,cotonou,6.352268,2.402957,2739.0443024433225,21238.37353,9.0,100.0,109.0,570.0,10,11.464200496673584,261.56295619874606,2.039408186679438,1.464200496673584,-0.0008126054121100384,0.9069785927137302,-0.0008038677195067046,0.9319847231876377,0.0,0.0,1,-1.0,-1.0,0,0,0,0,1,33.0,63.0,200.0,11.2,1008.0,cotonou/COTO,310.65923598055264,66.5,55.9,0.20771725335153923
6.362352882321117,2.397932213722211,COTO,cotonou,6.352268,2.402957,1246.1488770765775,21238.37353,9.0,100.0,109.0,570.0,10,14.590077877044678,333.6563328171194,4.332529038177431,4.590077877044678,0.0006101328509974193,0.34103383830307454,-1.7312873742456143e-05,0.3341365203973296,-0.009308142267422107,0.17355205460134923,1,-1.0,-1.0,0,0,4,10,1,32.0,71.0,210.0,22.3,1008.0,cotonou/COTO,392.99957175554596,56.6,68.1,0.25318460612660154
6.36121469957508,2.395516693996336,COTO,cotonou,6.352268,2.402957,1287.0709811126662,21238.37353,9.0,100.0,109.0,570.0,10,13.665865182876587,320.4262454317105,4.23619749970424,3.665865182876587,-3.390769218778344e-05,0.3957651186146804,-4.5006716692889046e-05,0.41454322225681367,-0.00044744279649522567,0.016658526516369287,1,-1.0,-1.0,0,0,3,9,1,33.0,63.0,200.0,16.6,1009.0,cotonou/COTO,204.60464730791253,68.1,56.5,0.030054578761178785
6.363430428531543,2.4164760508998957,COTO,cotonou,6.352268,2.402957,1939.3432924581664,21238.37353,9.0,100.0,109.0,570.0,10,15.0607328414917,50.279753418070015,2.7731655075906665,5.060732841491699,0.0006738411433119811,0.40602814892779093,0.000566278089980793,0.39994062441004086,-0.00274710388895514,0.08900941293122827,1,-1.0,-1.0,0,0,6,2,1,33.0,63.0,248.0,13.0,1011.0,cotonou/COTO,374.3070762089054,65.7,61.6,0.11895331074021132
6.382410065426747,2.3648361477451987,COTO,cotonou,6.352268,2.402957,5375.804968952941,21238.37353,9.0,100.0,109.0,570.0,10,13.81790828704834,308.50806048119085,1.0143527161765176,3.81790828704834,0.00011246201842071624,1.096246268631943,-5.072613202383471e-06,1.0936783267880879,-0.0020275543118039416,0.07007545868657546,1,-1.0,-1.0,0,0,1,0,1,31.8,31.0,20.0,11.2,1010.9,cotonou/COTO,196.14362722252218,70.4,55.8,0.9168484076291957
6.35708648913506,2.375744780717887,COTO,cotonou,6.352268,2.402957,3057.5531734658834,21238.37353,9.0,100.0,109.0,570.0,10,13.979772567749023,280.1036352517804,1.780020176531604,3.9797725677490234,8.979287194810959e-05,0.5849690852915971,9.812292380210681e-05,0.5837978186463806,0.0005378405253092447,0.021122575239147574,1,-1.0,-1.0,0,0,4,7,1,31.5,70.0,236.0,9.3,1011.4,cotonou/COTO,241.82719946273568,59.2,53.0,0.3215329914823317
6.38348879623503,2.3724908963520006,COTO,cotonou,6.352268,2.402957,4825.170101238077,21238.37353,9.0,100.0,109.0,570.0,10,12.922706842422485,315.8798541236017,1.1407050846820677,2.9227068424224854,-0.00016237776225151235,1.1244731434581914,-0.00018956085389636222,1.1176931896084072,-0.0015851998208711849,0.03015848623479414,0,-1.0,4438.382918774103,0,2,3,8,1,34.0,32.0,222.0,5.4,1009.0,cotonou/COTO,268.94546398849457,64.4,53.4,0.6081292119145916
6.356304781911054,2.3772709758615402,COTO,cotonou,6.352268,2.402957,2876.7543946615906,21238.37353,9.0,100.0,109.0,570.0,10,13.871841192245483,278.9872078673695,1.893959618934536,3.8718411922454834,5.9186495177167986e-05,0.5480139499835797,0.00013855269966742812,0.5487392404020269,0.003073510855388971,0.07658923880559018,1,-1.0,-1.0,0,0,1,10,1,31.5,70.0,236.0,9.3,1011.4,cotonou/COTO,247.88812658137354,59.2,62.4,0.465014131989273
6.36458945300969,2.36064950363023,COTO,cotonou,6.352268,2.402957,4875.164735085994,21238.37353,9.0,100.0,109.0,570.0,10,11.707997918128967,286.3349478214926,1.1432805948128624,1.7079979181289673,-0.0004087921300548718,1.3160081037254532,-0.0004050853998974117,1.3232956137547092,-5.344549814860017e-06,0.007284132893743273,1,-1.0,-1.0,0,0,0,0,1,33.0,48.0,210.0,9.4,1011.2,cotonou/COTO,377.7002335187451,67.2,78.69999999999999,0.4004512452452783
6.356483405695433,2.4103112483695193,COTO,cotonou,6.352268,2.402957,937.7547362297239,21238.37353,9.0,100.0,109.0,570.0,10,15.204526901245117,60.02597351408701,5.71180298237017,5.204526901245117,0.0015599327782789864,0.45373477856508754,0.001711788546678864,0.4659606124826604,0.001219900271639433,0.0706853652582135,1,-1.0,-1.0,0,0,2,10,1,32.0,71.0,220.0,16.6,1011.0,cotonou/COTO,108.9214896151932,54.0,58.7,0.5318860913460681
6.348585283017446,2.3806412761055387,COTO,cotonou,6.352268,2.402957,2502.3966128328793,21238.37353,9.0,100.0,109.0,570.0,10,12.225592136383057,260.5734735660079,2.214678271715318,2.2255921363830566,-0.0005878568641723149,0.6601696082932296,-0.0013319322536158008,0.8725909848649802,-0.01625214467446009,0.8735295713472415,1,-1.0,-1.0,0,0,0,3,1,32.0,71.0,200.0,18.4,1008.0,cotonou/COTO,145.83304872345087,55.9,75.4,0.18723894461534152
6.379951994475857,2.3721472931887515,COTO,cotonou,6.352268,2.402957,4581.724315124434,21238.37353,9.0,100.0,109.0,570.0,10,12.027376174926758,312.11916393816375,1.212489506564491,2.027376174926758,-0.0003574407960477594,1.1565194489479647,-0.0003335497504088472,1.153889918497598,0.002314834877184878,0.06960531065913701,1,-1.0,-1.0,0,0,0,2,1,30.7,45.0,199.0,11.1,1008.8,cotonou/COTO,383.9027712846491,58.1,78.2,0.9886038985195765
6.35256051329227,2.3739270874330054,COTO,cotonou,6.352268,2.402957,3212.0480974976085,21238.37353,9.0,100.0,109.0,570.0,10,13.984730243682861,270.5824805270495,1.6943665645343078,3.9847302436828613,8.572185481036153e-05,0.3564386530289758,6.522807022856123e-05,0.3579853730706847,-0.0015045844615797785,0.049364534945933694,1,-1.0,-1.0,0,0,0,8,1,29.6,72.0,220.0,14.8,1010.1,cotonou/COTO,384.84357926308275,56.3,74.7,0.818307868703863
6.37333470741121,2.363096335855993,COTO,cotonou,6.352268,2.402957,4987.658901807703,21238.37353,9.0,100.0,109.0,570.0,10,12.477025032043457,298.00555801391783,1.1086702112032003,2.477025032043457,-0.0002455022758590485,1.3362273273238714,-0.00020803072868589884,1.332652280361483,0.0029327012381317667,0.0914196526627108,1,-1.0,-1.0,0,0,1,1,1,31.5,72.0,230.0,14.8,1010.2,cotonou/COTO,325.1163282580652,78.0,76.5,0.7416146327315153
6.356220011900178,2.3773921704864645,COTO,cotonou,6.352268,2.402957,2862.06232170542,21238.37353,9.0,100.0,109.0,570.0,10,13.871841192245483,278.842549499268,1.9036749108439248,3.8718411922454834,7.747395974093926e-05,0.5444448161183032,8.269605182466053e-05,0.546162566129935,0.0013571480909983316,0.06369633550984942,1,-1.0,-1.0,0,0,2,12,1,33.0,63.0,210.0,13.0,1009.0,cotonou/COTO,247.88812658137354,62.4,59.2,0.46875929701395247
6.358386527170733,2.380146421479325,COTO,cotonou,6.352268,2.402957,2612.8915196151693,21238.37353,9.0,100.0,109.0,570.0,10,13.41658616065979,285.10499545337814,2.0950296711094305,3.41658616065979,-0.00011000199751420458,0.7087206228506332,-0.00011294923918077565,0.7155566162542059,-0.00020390351613362628,0.007804751512710098,1,-1.0,-1.0,0,0,5,7,1,31.9,70.0,220.0,18.4,1008.0,cotonou/COTO,331.6838992172874,70.7,65.8,0.15287712212633597
6.362777434020467,2.3830728209458196,COTO,cotonou,6.352268,2.402957,2488.098600193065,21238.37353,9.0,100.0,109.0,570.0,10,13.036900520324707,298.00527518541696,2.208737501747516,3.036900520324707,-0.00027758036591759184,0.8784658086137985,-0.00041121344941725635,0.8968895097417613,-0.006519710355728784,0.17900327595491258,1,-1.0,-1.0,0,0,1,2,1,31.9,70.0,220.0,18.4,1008.0,cotonou/COTO,160.52457568861385,62.4,54.4,0.9206658582735678
6.380662456229555,2.375127131958116,COTO,cotonou,6.352268,2.402957,4397.788284018211,21238.37353,9.0,100.0,109.0,570.0,10,12.167311668395996,315.754041169213,1.2613631359285333,2.167311668395996,-0.0003514038191725598,1.1692220580237869,-0.00033553484035551674,1.164894411846639,0.0005877951780954997,0.029341549106350874,1,-1.0,-1.0,0,0,0,9,1,32.1,54.0,211.0,13.0,1008.6,cotonou/COTO,389.1226866940447,70.5,81.4,0.34138706738172764
6.379550565080716,2.369022622318473,COTO,cotonou,6.352268,2.402957,4816.502487735563,21238.37353,9.0,100.0,109.0,570.0,10,12.358831644058228,308.97363652546545,1.1494623342983938,2.3588316440582275,-0.0002653718683987508,1.1388353082798037,-0.00024865395208565494,1.1333381541131144,0.002149967352549235,0.10781566301264461,1,-1.0,-1.0,0,0,4,6,1,30.7,55.0,293.0,13.0,1011.4,cotonou/COTO,398.73109698140775,66.5,66.5,0.05010668969693377
6.371935079463926,2.4038201359477847,COTO,cotonou,6.352268,2.402957,2177.036722141573,21238.37353,9.0,100.0,109.0,570.0,10,12.749588251113892,2.497442902753278,2.531493085375712,2.7495882511138916,-0.00045992916041954286,0.6762837886702363,-0.00044834168752034496,0.7129864741666004,-0.001530913511912028,0.07030812910780053,1,-1.0,-1.0,0,0,1,3,1,32.0,75.0,200.0,20.5,1010.0,cotonou/COTO,331.4609434005665,75.5,86.5,0.34240367681062867
6.353837481950878,2.415216835976404,COTO,cotonou,6.352268,2.402957,1367.4926222743345,21238.37353,9.0,100.0,109.0,570.0,10,15.412944793701172,82.65951299946892,3.9150451179091323,5.412944793701172,0.0012528738465612665,0.5330478944924502,0.0012026030156347485,0.5427969182433043,0.00015934308369954428,0.020627347815810694,1,-1.0,-1.0,0,0,1,7,1,29.8,77.0,200.0,11.2,1012.0,cotonou/COTO,331.6003083532061,58.1,69.85,0.7944570304958843
6.35438069756676,2.406160325839776,COTO,cotonou,6.352268,2.402957,424.497965158378,21238.37353,9.0,100.0,109.0,570.0,10,14.866046905517578,56.43124707229822,12.503218774004468,4.866046905517578,0.002575678825378418,0.47267012060036023,0.0022063655252475382,0.4697820586458605,-0.002535445109887207,0.07337008381229539,1,-1.0,-1.0,0,0,3,6,1,31.4,69.0,240.0,16.6,1010.7,cotonou/COTO,245.31000000003797,65.4,71.6,0.6227087449882082
6.365800905671525,2.366371619486018,COTO,cotonou,6.352268,2.402957,4315.578395583511,21238.37353,9.0,100.0,109.0,570.0,10,11.458163380622864,290.41674935435276,1.2947938033452322,1.4581633806228638,-0.000521127529302581,1.3533615933629843,-0.0005134252652730028,1.366996105825551,-0.00011058118608262804,0.00431130219725617,1,-1.0,-1.0,0,0,2,1,1,30.1,50.0,198.0,11.1,1009.1,cotonou/COTO,167.19783760562936,58.0,66.1,0.7508385847448596
6.362781398060048,2.35905987486318,COTO,cotonou,6.352268,2.402957,4993.978575678054,21238.37353,9.0,100.0,109.0,570.0,10,11.654451370239258,283.55139515449525,1.1167013951314926,1.6544513702392578,-0.0004094158059215776,1.249315072076285,-0.00040360030808157235,1.2591721239258742,5.953808625539144e-05,0.0033905071705137456,1,-1.0,-1.0,0,0,2,0,1,29.0,75.0,200.0,13.0,1010.0,cotonou/COTO,326.8907597349128,61.2,65.7,0.7936353838623774
6.378732171008842,2.3741028307489636,COTO,cotonou,6.352268,2.402957,4330.849198702198,21238.37353,9.0,100.0,109.0,570.0,10,11.795477747917175,312.7042555551987,1.2857695292145108,1.7954777479171753,-0.00043942843360462417,1.1613242011165081,-0.000431655939782834,1.1619277239534034,0.00038759971018775434,0.016753125189686212,1,-1.0,-1.0,0,0,3,1,1,31.0,63.0,200.0,16.6,1007.0,cotonou/COTO,319.0936288927952,81.4,78.2,0.2119546110805426
6.355717557355401,2.3781105234684503,COTO,cotonou,6.352268,2.402957,2775.3617751160177,21238.37353,9.0,100.0,109.0,570.0,10,13.912274599075317,277.9537321958488,1.9622649383914494,3.9122745990753174,7.357819533262631e-05,0.5176451856242529,7.658623812491436e-05,0.521184616451271,-0.0006208399931589763,0.03260150102653346,1,-1.0,-1.0,0,0,3,10,1,31.5,70.0,236.0,9.3,1011.4,cotonou/COTO,247.88812658137354,59.2,62.4,0.9237833160931802
6.369228648875125,2.4008866058975786,COTO,cotonou,6.352268,2.402957,1889.578379651012,21238.37353,9.0,100.0,109.0,570.0,10,13.102049112319946,353.0828529211248,2.9053241824388714,3.1020491123199463,-0.00032310217077524266,0.5635474015065024,-0.00041561676905705377,0.6007453220353476,-0.003993556234571669,0.15135281259483885,1,-1.0,-1.0,0,0,3,13,1,32.0,63.0,210.0,14.8,1011.0,cotonou/COTO,382.96286934899615,68.2,86.2,0.4379896029203726
6.365373048879678,2.408304752974457,COTO,cotonou,6.352268,2.402957,1565.3844534628797,21238.37353,9.0,100.0,109.0,570.0,10,14.669935703277588,22.07509318806325,3.448473492961066,4.669935703277588,0.0006056253265284894,0.42190816134564635,0.0005609151233152229,0.41905226481357066,-0.0025500412953745476,0.10576564285133642,1,-1.0,-1.0,0,0,4,10,1,32.0,63.0,180.0,14.8,1011.0,cotonou/COTO,335.1905947367722,56.6,58.8,0.6390136492641646
6.365471385263552,2.3689933276472246,COTO,cotonou,6.352268,2.402957,4031.425808048212,21238.37353,9.0,100.0,109.0,570.0,10,11.49600875377655,291.36516810828937,1.3854845711888364,1.4960087537765503,-0.0005459216494619111,1.3297545874000027,-0.0005441013623908198,1.346695677988403,-0.00023245612780253093,0.013049950830591463,1,-1.0,-1.0,0,0,1,3,1,30.0,55.0,310.0,7.6,1013.0,cotonou/COTO,327.63056038773834,62.5,66.1,0.002308772586742003
6.369846803311838,2.3903619095680617,COTO,cotonou,6.352268,2.402957,2391.8616703771777,21238.37353,9.0,100.0,109.0,570.0,10,11.931247353553772,324.54671655280737,2.3239552875942913,1.931247353553772,-0.0007505122312260673,0.7296787706179827,-0.0007449640975735051,0.7812859695204919,-0.0012964606285095215,0.04826662268986353,1,-1.0,-1.0,0,0,0,4,1,32.0,63.0,210.0,16.6,1010.0,cotonou/COTO,259.09644632842327,62.3,86.3,0.993368498411178
6.361766174844209,2.3601776458785984,COTO,cotonou,6.352268,2.402957,4848.240298048382,21238.37353,9.0,100.0,109.0,570.0,10,11.797435998916626,282.59550405945134,1.1485715009499335,1.797435998916626,-0.000394778549447055,1.161730999540721,-0.00039194655127641634,1.1738908089208546,-0.00027180016040802,0.014088351836219733,1,-1.0,-1.0,0,0,0,2,1,29.0,75.0,200.0,13.0,1010.0,cotonou/COTO,326.8907597349128,61.2,65.7,0.2808963859641551
6.377516538834388,2.364548076699367,COTO,cotonou,6.352268,2.402957,5084.7204277367855,21238.37353,9.0,100.0,109.0,570.0,10,12.945258140563965,303.48430693479116,1.0822378255191571,2.945258140563965,-0.00014935946932025988,1.195495591611114,-0.0001527095949927042,1.188726761432142,-0.0003532509009043376,0.016578105267844225,1,-1.0,-1.0,0,0,1,1,1,30.7,55.0,293.0,13.0,1011.4,cotonou/COTO,284.78369054431397,64.2,78.2,0.06206310654015523
6.365484923004859,2.3666788248563866,COTO,cotonou,6.352268,2.402957,4271.633375405566,21238.37353,9.0,100.0,109.0,570.0,10,11.474552869796753,290.1337783164611,1.3078898501720884,1.474552869796753,-0.000520381949720405,1.3372972930405527,-0.0005134747220181872,1.3517772346021024,4.4025977452596035e-05,0.002801767886852676,1,-1.0,-1.0,0,0,2,3,1,30.1,50.0,198.0,11.1,1009.1,cotonou/COTO,167.19783760562936,58.0,66.1,0.45826204153651395
6.369543876359904,2.3904525792365963,COTO,cotonou,6.352268,2.402957,2358.8174374953687,21238.37353,9.0,100.0,109.0,570.0,10,12.020001411437988,324.2712554936678,2.354322497070425,2.0200014114379883,-0.0007118101361431652,0.7060516067448519,-0.0007307588808821062,0.760219935895953,-0.001225621501604716,0.05727430660249585,1,-1.0,-1.0,0,0,1,4,1,33.0,67.0,200.0,18.4,1012.0,cotonou/COTO,281.07558431847417,86.3,70.8,0.12903005718204175
6.361490873729728,2.3960120152738087,COTO,cotonou,6.352268,2.402957,1276.987609814348,21238.37353,9.0,100.0,109.0,570.0,10,13.841092824935913,323.1896607025117,4.261705622389075,3.841092824935913,0.00010395456654156826,0.34807788231099207,1.3504911352086948e-05,0.367552493998056,-0.001288588841756185,0.06815317786845168,1,-1.0,-1.0,0,0,5,10,1,33.0,63.0,200.0,16.6,1009.0,cotonou/COTO,392.99957175554596,68.1,56.6,0.1523267101575757
6.379670764046658,2.37029579721717,COTO,cotonou,6.352268,2.402957,4716.059685755303,21238.37353,9.0,100.0,109.0,570.0,10,12.15084958076477,310.1730633798679,1.1764625707621013,2.1508495807647705,-0.0003282999690574936,1.1400134394565051,-0.0002903530831334399,1.1377862101893164,0.003288338456008575,0.0991179262472993,1,-1.0,-1.0,0,0,1,10,1,30.0,70.0,210.0,16.6,1007.0,cotonou/COTO,333.8960444509769,78.2,66.5,0.6322828130302102
6.363602495082589,2.3862079761425767,COTO,cotonou,6.352268,2.402957,2237.2172825959374,21238.37353,9.0,100.0,109.0,570.0,10,12.911285638809204,304.2524113576677,2.459348154225615,2.911285638809204,-0.0003616437913484451,0.9036893866286091,-0.0005048114152436963,0.9167351081740769,-0.0032686832810388095,0.05066279275842519,1,-1.0,-1.0,0,0,5,9,1,33.0,63.0,200.0,16.6,1009.0,cotonou/COTO,376.3702126895599,66.2,62.4,0.39292739157023326
6.387125571782366,2.3743772939148426,COTO,cotonou,6.352268,2.402957,4985.753410932989,21238.37353,9.0,100.0,109.0,570.0,10,13.484379053115845,320.82712613740705,1.0975217053623525,3.4843790531158447,-6.336002891531085e-05,0.9869649575860654,-2.8370275618849495e-05,0.9848730087196509,0.0007207167281930052,0.030558407926277627,0,-1.0,4516.153390263949,0,3,4,11,1,31.8,57.0,210.0,13.0,1008.6,cotonou/COTO,358.8872214220909,62.5,66.1,0.9218524501549951
6.369277033521265,2.3988308364004602,COTO,cotonou,6.352268,2.402957,1935.5983088744938,21238.37353,9.0,100.0,109.0,570.0,10,12.537744283676147,346.4452835174942,2.8530255308890573,2.5377442836761475,-0.0005996139232928936,0.685068391473772,-0.0008989676467090593,0.7341152127223128,-0.006589984156468338,0.1097266296653638,1,-1.0,-1.0,0,0,1,14,1,32.0,63.0,210.0,14.8,1011.0,cotonou/COTO,280.5468730889592,68.2,86.5,0.31915649460807005
6.384403948749651,2.3827033478202626,COTO,cotonou,6.352268,2.402957,4201.315206473705,21238.37353,9.0,100.0,109.0,570.0,10,14.834311485290527,327.93973776311395,1.283977296156144,4.834311485290527,0.00026848585795496445,0.9868458062427612,0.00024778097185276283,0.9930600025396602,1.5666095465723118e-05,0.04762123995637225,1,-1.0,-1.0,0,0,5,4,1,33.0,41.0,50.0,9.4,1007.0,cotonou/COTO,266.4578062283396,64.8,75.6,0.7261801283839011
6.362136908980133,2.362261198555677,COTO,cotonou,6.352268,2.402957,4632.946706159225,21238.37353,9.0,100.0,109.0,570.0,10,11.777903079986572,283.71474680399234,1.2021719051115147,1.7779030799865723,-0.0004148577105614446,1.1824629158200108,-0.00042461240367524947,1.197140705950514,-0.0006021946668624878,0.035290059577218424,1,-1.0,-1.0,0,0,1,7,1,33.0,48.0,210.0,9.4,1011.2,cotonou/COTO,358.1586621876183,60.2,61.2,0.4610994301549076
6.378797887992597,2.362738718185897,COTO,cotonou,6.352268,2.402957,5329.836145288895,21238.37353,9.0,100.0,109.0,570.0,10,12.079209804534912,303.5760314646735,1.0417844174455286,2.079209804534912,-0.0003103790787978887,1.1740706355358719,-0.00034279072726214367,1.175240807628315,-0.0037516574064890545,0.17566668334679705,0,-1.0,5041.448217587892,0,1,1,0,1,31.0,75.0,200.0,18.4,1008.0,cotonou/COTO,316.153254609243,76.1,78.2,0.6599513011292788
6.364276606240136,2.3696116892638504,COTO,cotonou,6.352268,2.402957,3921.0389415785567,21238.37353,9.0,100.0,109.0,570.0,10,11.576481699943542,289.9202202718259,1.4232983336797136,1.5764816999435425,-0.0005449315580264822,1.2114866005164373,-0.0005389592701331117,1.2339503143981563,-0.0004566073417663574,0.01699298577069458,1,-1.0,-1.0,0,0,2,4,1,30.0,55.0,310.0,7.6,1013.0,cotonou/COTO,248.21595536951256,62.5,59.4,0.5996953567159904
6.370289906444947,2.3910639349838836,COTO,cotonou,6.352268,2.402957,2388.196825239192,21238.37353,9.0,100.0,109.0,570.0,10,12.121613025665283,326.74140980930684,2.3229580419478477,2.121613025665283,-0.0006581578544874907,0.675967793855734,-0.000672082009354258,0.7236115502538111,-0.0014772574106852213,0.06482313885957638,1,-1.0,-1.0,0,0,1,0,1,33.0,67.0,200.0,18.4,1012.0,cotonou/COTO,292.9664112146319,84.9,61.2,0.4727839727589982
11.139789616857403,2.922783829602523,KAND,kandi,11.123456,2.954658,3922.7486828395304,7079.457844,327.0,100.0,427.0,538.0,10,294.3006896972656,297.57962517717266,1.9374711048567141,284.3006896972656,-0.009929946239364664,14.15835146992008,-0.00956257985050517,14.121328356687762,0.009666612413194444,0.35995672168050746,1,-1.0,-1.0,0,0,0,0,0,30.2,23.0,100.0,18.4,1012.1,kandi/KAND,262.99505261506863,84.6,83.8,0.19230067903513304
11.124294336407042,2.92196368723275,KAND,kandi,11.123456,2.954658,3572.785022158106,7079.457844,327.0,100.0,427.0,538.0,10,304.0447082519531,271.5001024900866,1.971022615628749,294.0447082519531,-0.008133519490559895,11.081370902827613,-0.007831508143340495,11.056208251803968,0.011794034290648639,0.3401009683086815,1,-1.0,-1.0,0,0,0,0,0,31.5,32.0,75.0,15.1,1011.5,kandi/KAND,346.276348393292,81.6,82.1,0.22079792120893404
11.13969222448539,2.9238783343546646,KAND,kandi,11.123456,2.954658,3811.933374551791,7079.457844,327.0,100.0,427.0,538.0,10,293.1659240722656,298.26601531656974,2.010785224434454,283.1659240722656,-0.010458191235860188,14.222293643869834,-0.010291011062858277,14.219534412921444,0.011627081480253827,0.35381256325558946,1,-1.0,-1.0,0,0,0,0,0,30.2,23.0,100.0,18.4,1012.1,kandi/KAND,262.99505261506863,84.6,83.8,0.6560738790950633
11.11157746626938,2.9336744878218255,KAND,kandi,11.123456,2.954658,2642.1987494491823,7079.457844,327.0,100.0,427.0,538.0,10,322.5906066894531,240.0207117117767,2.262928443565651,312.5906066894531,-0.004020513755998362,3.6904153380603635,-0.0038534486223717654,3.7132559531993903,0.006580107952110915,0.16828312812357488,1,-1.0,-1.0,0,0,0,0,0,31.0,43.0,40.0,3.6,1008.2,kandi/KAND,289.5291964551508,90.3,88.6,0.2890835816381917
11.112442428664993,2.9220240375655995,KAND,kandi,11.123456,2.954658,3767.471959047267,7079.457844,327.0,100.0,427.0,538.0,10,310.765869140625,251.02284825623252,1.7671301599851665,300.765869140625,-0.005968124147445437,8.022338329198632,-0.005755559603373209,8.020935921666391,0.007280222574869792,0.32602450907852126,1,-1.0,-1.0,0,0,0,0,0,33.2,27.0,75.0,15.8,1010.6,kandi/KAND,172.33978820923755,85.3,87.9,0.7347251307805799
11.137750867115132,2.914285461261579,KAND,kandi,11.123456,2.954658,4685.159795027227,7079.457844,327.0,100.0,427.0,538.0,10,297.235595703125,289.8464801455825,1.5865099023858507,287.235595703125,-0.007662374249436042,12.787697721744234,-0.0077973377855518194,12.775415984063327,-0.016795179578993055,0.6370925100682924,0,-1.0,4300.206785816573,0,3,0,0,0,30.4,39.0,60.0,7.6,1009.9,kandi/KAND,365.3384196878242,86.4,78.5,0.5664206508096447
11.127793019239352,2.9202247997162716,KAND,kandi,11.123456,2.954658,3791.987523576333,7079.457844,327.0,100.0,427.0,538.0,10,304.64764404296875,277.318208646914,1.8480657689341793,294.64764404296875,-0.007277453406040938,11.3758749871531,-0.00718799364351179,11.308622592878006,0.012349955240885417,0.6414272471021725,0,-1.0,3533.615628182354,0,12,0,6,0,25.9,36.0,63.0,14.4,1011.3,kandi/KAND,376.9557385158805,74.6,82.1,0.5509087684904029
11.138402036020487,2.9250131333006872,KAND,kandi,11.123456,2.954658,3635.9830014366285,7079.457844,327.0,100.0,427.0,538.0,10,291.2854919433594,297.1985649104446,2.1375953814178614,281.2854919433594,-0.011654023410088019,14.121854230039306,-0.011418988777551438,14.146059346547508,-0.004197759172143549,0.13512461362144945,1,-1.0,-1.0,0,0,1,0,0,32.0,21.0,67.0,18.4,1011.9,kandi/KAND,168.81490751722686,83.8,85.4,0.8285469248387858
11.130333147565212,2.9218405401315293,KAND,kandi,11.123456,2.954658,3664.8192623743225,7079.457844,327.0,100.0,427.0,538.0,10,299.96014404296875,282.0588351665191,1.9853459704920657,289.96014404296875,-0.009042068936314361,12.274314490340007,-0.008935858613701275,12.25638913663247,0.002525160047743056,0.09508798994880105,1,-1.0,-1.0,0,0,0,1,0,26.8,36.0,58.0,15.8,1010.5,kandi/KAND,296.59233233508934,85.7,86.6,0.7105327717426778
11.111768339585206,2.932709236468855,KAND,kandi,11.123456,2.954658,2724.102216377031,7079.457844,327.0,100.0,427.0,538.0,10,322.1593017578125,241.51424202731,2.2040165419530378,312.1593017578125,-0.00405623793059443,4.046559818820284,-0.004935099686022845,4.104037533376314,-0.025533120648652655,0.5816734002644198,1,-1.0,-1.0,0,0,1,0,0,31.0,43.0,40.0,3.6,1008.2,kandi/KAND,333.563772763011,88.7,81.5,0.026577764997291697
11.119192009007362,2.918279551680111,KAND,kandi,11.123456,2.954658,4001.968915205406,7079.457844,327.0,100.0,427.0,538.0,10,307.2963562011719,263.1915051902043,1.7132739995867718,297.2963562011719,-0.006379714789614716,9.855285649305145,-0.006314782535328585,9.815719078675954,0.00559234619140625,0.26263346202740634,1,-1.0,-1.0,0,0,0,0,0,35.2,25.0,75.0,18.4,1008.5,kandi/KAND,329.7372658647473,86.1,87.2,0.049459137146015686
11.135724519512122,2.907001870142947,KAND,kandi,11.123456,2.954658,5379.910846917087,7079.457844,327.0,100.0,427.0,538.0,10,301.3603515625,284.7060870410471,1.3378127545596736,291.3603515625,-0.005789695862015239,11.296525543438685,-0.005942287267417079,11.273854594727931,-0.0006332735326012172,0.024465030873493755,1,-1.0,-1.0,0,0,0,0,0,28.4,37.0,100.0,3.6,1009.9,kandi/KAND,348.3702771476682,79.6,81.9,0.6015584524560157
11.115486620146825,2.9353229871057915,KAND,kandi,11.123456,2.954658,2288.7956193519276,7079.457844,327.0,100.0,427.0,538.0,10,318.7918701171875,247.2165761221137,2.7067755989406224,308.7918701171875,-0.006291562034970238,4.5434369570995825,-0.0065876575368615286,4.604357734927238,-0.011770496783052508,0.3870477525427061,1,-1.0,-1.0,0,0,1,3,0,36.2,24.0,60.0,11.2,1006.9,kandi/KAND,271.9160182852466,88.7,89.9,0.4861920756222755
11.111226371599605,2.932263047308295,KAND,kandi,11.123456,2.954658,2795.617407101102,7079.457844,327.0,100.0,427.0,538.0,10,321.1256408691406,240.90480900062795,2.1688433757478798,311.1256408691406,-0.004326148066960329,3.9862432950571347,-0.003971560204307269,3.998671198852754,0.0018787836344364977,0.31281969325174686,1,-1.0,-1.0,0,0,0,0,0,31.0,43.0,40.0,3.6,1008.2,kandi/KAND,333.563772763011,88.7,81.5,0.2601846553429914
11.111602876967392,2.920935580970553,KAND,kandi,11.123456,2.954658,3910.33830950752,7079.457844,327.0,100.0,427.0,538.0,10,313.5231018066406,250.29505639335548,1.6622406069588256,303.5231018066406,-0.0050387472293455795,7.805350360491843,-0.00484952280631552,7.788004084667982,0.019584049907533835,0.6561043019143467,1,-1.0,-1.0,0,0,0,0,0,36.4,21.0,100.0,14.8,1008.9,kandi/KAND,259.1606293612586,87.9,82.3,0.41865608731480164
11.113220884278707,2.9381960148907114,KAND,kandi,11.123456,2.954658,2125.070250786517,7079.457844,327.0,100.0,427.0,538.0,10,326.6602478027344,237.6418013849363,2.7033353852197326,316.6602478027344,-0.0031702307589111557,3.400634894424925,-0.003146933638341895,3.3987631735446984,-0.006591457790798612,0.24250894842846185,1,-1.0,-1.0,0,0,0,0,0,30.3,45.0,32.0,11.2,1007.8,kandi/KAND,251.1567510887154,90.3,90.0,0.7579103187328605
11.111588989963675,2.932664636316562,KAND,kandi,11.123456,2.954658,2737.8487653218635,7079.457844,327.0,100.0,427.0,538.0,10,322.1728210449219,241.19609033461558,2.1926786511869016,312.1728210449219,-0.004040781656901042,4.0059296866845555,-0.004385544686356565,4.046662886465974,-0.008496915658997973,0.4008942768388754,1,-1.0,-1.0,0,0,0,0,0,33.4,23.0,80.0,18.4,1011.3,kandi/KAND,165.92922165772438,88.6,88.7,0.82661148465793
11.112733880480146,2.932272957605358,KAND,kandi,11.123456,2.954658,2717.865246104565,7079.457844,327.0,100.0,427.0,538.0,10,317.49835205078125,243.98295572779867,2.3071750304737457,307.49835205078125,-0.005724006997501229,4.76171011441737,-0.005852965214773745,4.890897824156699,-0.0045735677083333336,0.2356627614146465,1,-1.0,-1.0,0,0,0,0,0,28.3,38.0,34.0,17.3,1009.3,kandi/KAND,259.74237178418406,87.3,88.7,0.5612230678900442
11.113096138869434,2.932077760123751,KAND,kandi,11.123456,2.954658,2719.9421953278684,7079.457844,327.0,100.0,427.0,538.0,10,316.2120666503906,244.94242307858835,2.332466506243472,306.2120666503906,-0.006268612369076236,4.929118163984407,-0.0062132257714493724,5.071313430511319,-0.005308278401692708,0.23663227198162876,1,-1.0,-1.0,0,0,0,0,0,28.3,38.0,34.0,17.3,1009.3,kandi/KAND,259.74237178418406,87.3,88.7,0.385369480857103
11.133189868891035,2.923606149558419,KAND,kandi,11.123456,2.954658,3558.889656693476,7079.457844,327.0,100.0,427.0,538.0,10,296.13824462890625,287.720559138296,2.1058393403669413,286.13824462890625,-0.010384778150065816,13.125170330191054,-0.010276781823024276,13.126748540085616,0.0012420654296875,0.0856159227669228,1,-1.0,-1.0,0,0,1,7,0,33.0,34.0,28.0,16.2,1007.9,kandi/KAND,138.00206411489975,82.4,84.7,0.270696761495107
11.110298626488872,2.932360166088321,KAND,kandi,11.123456,2.954658,2837.583533822332,7079.457844,327.0,100.0,427.0,538.0,10,322.40203857421875,238.9812162085185,2.1110601592960627,312.40203857421875,-0.0038327508223684214,3.6217421105323484,-0.004019196500483248,3.7059565479040164,-0.015389506022135416,0.6791569014419621,1,-1.0,-1.0,0,0,0,0,0,31.0,43.0,40.0,3.6,1008.2,kandi/KAND,336.60591917685895,88.7,86.1,0.5219184707692535
11.118651176847148,2.9244478923926676,KAND,kandi,11.123456,2.954658,3342.757373438544,7079.457844,327.0,100.0,427.0,538.0,10,303.0980529785156,260.795880434252,2.1227416334264895,293.0980529785156,-0.00894288347187767,9.80169051816701,-0.00874964842322277,9.86600748571874,0.003754425048828125,0.19673969618592307,1,-1.0,-1.0,0,0,0,1,0,33.2,27.0,75.0,15.8,1010.6,kandi/KAND,116.63871176489182,88.5,78.9,0.314749618564381
11.113320495961098,2.935116142705571,KAND,kandi,11.123456,2.954658,2411.3156936744376,7079.457844,327.0,100.0,427.0,538.0,10,322.4516906738281,242.14198053001166,2.482639479962374,312.4516906738281,-0.00456450865652925,3.867504091540684,-0.00479288982100276,3.9404853532914634,-0.013418324788411458,0.654311875527219,1,-1.0,-1.0,0,0,0,0,0,31.0,43.0,40.0,3.6,1008.2,kandi/KAND,302.0118058950443,90.3,89.9,0.5640951370472229
11.115432767432122,2.9309801141413154,KAND,kandi,11.123456,2.954658,2734.6680600162776,7079.457844,327.0,100.0,427.0,538.0,10,312.0989685058594,250.95085095127365,2.405949856371219,302.0989685058594,-0.0076907282290251365,6.372129059133836,-0.00803119651615545,6.466264881325682,-0.015340450833284244,0.5137930437507432,1,-1.0,-1.0,0,0,0,1,0,28.3,38.0,34.0,17.3,1009.3,kandi/KAND,275.9081341679291,87.3,87.4,0.6766523825096377
11.124415374646448,2.9230164756479424,KAND,kandi,11.123456,2.954658,3458.200941599177,7079.457844,327.0,100.0,427.0,538.0,10,303.2340087890625,271.77296717195463,2.049691080236079,293.2340087890625,-0.008506073015904177,11.193312292645173,-0.008450259000810617,11.176292871724518,0.009159245756580418,0.29158921676733374,1,-1.0,-1.0,0,0,0,0,0,31.5,32.0,75.0,15.1,1011.5,kandi/KAND,306.15079813714885,84.4,80.5,0.06607921091939484
11.129596498714726,2.91974093936922,KAND,kandi,11.123456,2.954658,3874.3683113324596,7079.457844,327.0,100.0,427.0,538.0,10,302.2245178222656,280.16451666309,1.844594479955508,292.2245178222656,-0.007974579639923879,11.831768991688344,-0.007687275776741476,11.800540810481294,0.013585122028469399,0.4084998029032737,1,-1.0,-1.0,0,0,0,4,0,25.9,36.0,63.0,14.4,1011.3,kandi/KAND,376.9557385158805,74.6,82.1,0.0010674650227472382
11.11120876270401,2.9372844192718364,KAND,kandi,11.123456,2.954658,2331.858578942006,7079.457844,327.0,100.0,427.0,538.0,10,328.70465087890625,234.30760131075357,2.4137726382139992,318.70465087890625,-0.0020133405094948575,3.159955368727808,-0.0014570363362630212,3.123826310611191,0.01016811794704861,0.5150559445077388,1,-1.0,-1.0,0,0,0,0,0,30.3,45.0,32.0,11.2,1007.8,kandi/KAND,367.7244494531442,90.3,82.3,0.21227713884074295
11.108960659020974,2.931873245119913,KAND,kandi,11.123456,2.954658,2960.843090371411,7079.457844,327.0,100.0,427.0,538.0,10,324.0216979980469,237.04483070157116,1.991947752150357,314.0216979980469,-0.003132552329940026,3.3213053190800887,-0.003224932478599423,3.376405208139728,-0.005198499891493056,0.2339324951171875,1,-1.0,-1.0,0,0,0,0,0,33.4,23.0,80.0,18.4,1011.3,kandi/KAND,144.11587076282325,81.5,86.1,0.894511497718781
11.138957507469641,2.921360563855157,KAND,kandi,11.123456,2.954658,4021.285577822664,7079.457844,327.0,100.0,427.0,538.0,10,296.99029541015625,295.38626763590423,1.8517495173180896,286.99029541015625,-0.009037614561650172,13.908594305907055,-0.008647254607859924,13.855970225982723,0.015697491088648697,0.38020340782125694,1,-1.0,-1.0,0,0,0,0,0,30.2,23.0,100.0,18.4,1012.1,kandi/KAND,224.00284038368383,84.6,85.2,0.6462907632285592
11.126884029954354,2.9204686748902953,KAND,kandi,11.123456,2.954658,3754.082474849294,7079.457844,327.0,100.0,427.0,538.0,10,306.4747619628906,275.83789427822535,1.8388557947804245,296.4747619628906,-0.007103337686528605,11.277331321476549,-0.0069543491509541765,11.238425525337771,0.005714846988946816,0.2828457775999165,0,-1.0,3641.234304262642,0,4,0,0,0,34.3,13.0,100.0,18.4,1008.8,kandi/KAND,376.9557385158805,82.1,74.6,0.17196035193702286
11.108963267534708,2.9318683862998896,KAND,kandi,11.123456,2.954658,2961.1331022782642,7079.457844,327.0,100.0,427.0,538.0,10,324.0216979980469,237.05511382916177,1.9917528189157299,314.0216979980469,-0.003132552329940026,3.3215525095803544,-0.003423932392213981,3.379871410782233,-0.011898163649849849,0.2924688369558716,1,-1.0,-1.0,0,0,0,0,0,33.4,23.0,80.0,18.4,1011.3,kandi/KAND,144.11587076282325,81.5,86.1,0.8902639618236188
11.140247703965374,2.9301830872071357,KAND,kandi,11.123456,2.954658,3255.488888648704,7079.457844,327.0,100.0,427.0,538.0,10,292.4587707519531,304.9649140606722,2.3665448323572007,282.4587707519531,-0.012692357803623587,13.955272376134445,-0.012546142181184772,13.999451185418694,-0.010126728486861802,0.17176816025518787,1,-1.0,-1.0,0,0,0,3,0,34.2,16.0,100.0,18.4,1010.2,kandi/KAND,284.3355512418123,79.7,85.3,0.46995594028734
11.1402471517419,2.9301987948970973,KAND,kandi,11.123456,2.954658,3254.044978945025,7079.457844,327.0,100.0,427.0,538.0,10,292.4587707519531,304.98130368294176,2.3675937389982704,282.4587707519531,-0.01273424067712778,13.96420890504455,-0.012256610858905781,14.009647063189686,-0.0020922342936197913,0.19277760521461965,1,-1.0,-1.0,0,0,0,3,0,34.2,16.0,100.0,18.4,1010.2,kandi/KAND,284.3355512418123,79.7,85.3,0.47609175667866066
11.13395374146523,2.929233921491143,KAND,kandi,11.123456,2.954658,3010.30606711852,7079.457844,327.0,100.0,427.0,538.0,10,295.1640930175781,292.8247127396816,2.5076577507725863,285.1640930175781,-0.01235855101939056,13.31563579388858,-0.012500543272305474,13.34810150422286,0.004887398967308311,0.20611198177337384,1,-1.0,-1.0,0,0,2,9,0,25.1,38.0,70.0,13.7,1012.7,kandi/KAND,265.70070718742903,85.1,84.2,0.9355419438426551
11.125661127376711,2.9283297745246575,KAND,kandi,11.123456,2.954658,2886.4574639131915,7079.457844,327.0,100.0,427.0,538.0,10,297.8869934082031,274.8814325402604,2.561167995943135,287.8869934082031,-0.012178139178613618,11.293682888400387,-0.012151902386931337,11.363057958696752,-0.007541232638888889,0.27837893721882034,1,-1.0,-1.0,0,0,2,6,0,35.3,21.0,79.0,20.2,1008.9,kandi/KAND,192.4369964429442,81.1,87.2,0.05948669218334002
11.110739097801734,2.932328348051046,KAND,kandi,11.123456,2.954658,2815.9133038626796,7079.457844,327.0,100.0,427.0,538.0,10,322.44989013671875,239.87133850435396,2.1263189289748117,312.44989013671875,-0.003837935213026841,3.720831964700915,-0.004336962330407662,3.8092314440601545,-0.015168970788322966,0.3517676797798209,1,-1.0,-1.0,0,0,0,0,0,33.4,23.0,80.0,18.4,1011.3,kandi/KAND,165.92922165772438,88.6,88.7,0.21517827462871852
11.135740126315705,2.9165306185127653,KAND,kandi,11.123456,2.954658,4381.067700620136,7079.457844,327.0,100.0,427.0,538.0,10,300.51983642578125,288.1818911272703,1.653653347819185,290.51983642578125,-0.007489490783214267,12.80157028960165,-0.007387309031443553,12.737781328734417,0.0008165147569444445,0.031063584599170198,1,-1.0,-1.0,0,0,0,0,0,30.4,39.0,60.0,7.6,1009.9,kandi/KAND,371.02901908073824,86.4,85.4,0.5857713251547224
11.137295041045054,2.9287659408008797,KAND,kandi,11.123456,2.954658,3216.116433762313,7079.457844,327.0,100.0,427.0,538.0,10,293.3324279785156,298.5812199354792,2.379945715926474,283.3324279785156,-0.012343503222053433,13.803310722831808,-0.01226401725080422,13.832529885798564,-0.0020806638885950083,0.06100400892870583,1,-1.0,-1.0,0,0,3,1,0,25.1,38.0,70.0,13.7,1012.7,kandi/KAND,179.61775663907892,83.4,85.1,0.1954865095820041
11.118646106757797,2.924451127168246,KAND,kandi,11.123456,2.954658,3342.4977472344326,7079.457844,327.0,100.0,427.0,538.0,10,303.0980529785156,260.78536146779817,2.1229063650604982,293.0980529785156,-0.008940880736785882,9.799111325031962,-0.008749648423222772,9.863634743006422,0.003754425048828125,0.19673969618592307,1,-1.0,-1.0,0,0,0,1,0,33.2,27.0,75.0,15.8,1010.6,kandi/KAND,116.63871176489182,78.9,88.5,0.6795270092089578
11.133943604310812,2.906977940863238,KAND,kandi,11.123456,2.954658,5336.192575246169,7079.457844,327.0,100.0,427.0,538.0,10,303.2290344238281,282.63988677337227,1.3287156590956573,293.2290344238281,-0.005607878063576703,10.898026328838604,-0.005498956750940394,10.845413996808112,0.011232503255208333,0.4136672233463195,1,-1.0,-1.0,0,0,0,0,0,28.4,37.0,100.0,3.6,1009.9,kandi/KAND,362.3516751720424,79.6,86.9,0.2140922893367202
11.112019177036174,2.934120272974396,KAND,kandi,11.123456,2.954658,2575.7128531224153,7079.457844,327.0,100.0,427.0,538.0,10,322.14801025390625,240.42622028339622,2.3311066351384793,312.14801025390625,-0.00440942780167434,3.6931030023803757,-0.004397539387830441,3.7548427156935427,-0.015065587885040173,0.4053358627408085,1,-1.0,-1.0,0,0,0,0,0,31.0,43.0,40.0,3.6,1008.2,kandi/KAND,169.22313139762375,90.3,88.7,0.09915697059881434
11.113299201834575,2.9382092623893508,KAND,kandi,11.123456,2.954658,2119.24006626361,7079.457844,327.0,100.0,427.0,538.0,10,326.6602478027344,237.8196574000204,2.710761380774369,316.6602478027344,-0.0032377709594260578,3.39308271459498,-0.0033185706291024544,3.4001617702733666,-0.013268025716145833,0.6058503977284484,0,-1.0,1898.3974140678029,0,2,0,0,0,33.3,38.0,28.0,15.5,1007.0,kandi/KAND,251.1567510887154,90.0,90.3,0.20698515964083974
11.111116374454836,2.9330808321106003,KAND,kandi,11.123456,2.954658,2723.856328868508,7079.457844,327.0,100.0,427.0,538.0,10,323.37518310546875,239.76757748813907,2.1786768796980924,313.37518310546875,-0.0035763770070567804,3.631087598853787,-0.003820046045446909,3.676734029604943,-0.0013332790798611105,0.2932582151390726,1,-1.0,-1.0,0,0,0,0,0,33.4,23.0,80.0,18.4,1011.3,kandi/KAND,289.5291964551508,88.6,90.3,0.42273403427206224
11.126960564891405,2.928069887021719,KAND,kandi,11.123456,2.954658,2930.272543231351,7079.457844,327.0,100.0,427.0,538.0,10,297.00677490234375,277.6535269088415,2.5400992166608414,287.00677490234375,-0.01232945382887126,11.905144104026235,-0.012039927164713542,11.99865044988468,0.0035725911458333332,0.13713260643842834,1,-1.0,-1.0,0,0,0,2,0,35.7,22.0,60.0,14.8,1008.1,kandi/KAND,192.4369964429442,87.2,81.1,0.17613829917307988
11.13480260959564,2.930427514502178,KAND,kandi,11.123456,2.954658,2929.428794678824,7079.457844,327.0,100.0,427.0,538.0,10,293.5776062011719,295.51529584922565,2.60776459466138,283.5776062011719,-0.01351965041387649,13.272487287859697,-0.013116632042617822,13.381511374666578,0.0035760507411951577,0.0736113352529744,1,-1.0,-1.0,0,0,1,2,0,25.1,38.0,70.0,13.7,1012.7,kandi/KAND,302.509112755308,84.5,85.1,0.1346920249233473
11.13306412938923,2.923709622690113,KAND,kandi,11.123456,2.954658,3543.922319374254,7079.457844,327.0,100.0,427.0,538.0,10,295.9800720214844,287.56066159637396,2.1172787893996006,285.9800720214844,-0.010460870139071253,13.09638133583669,-0.010272250757120497,13.094547845776189,-0.00024143002440321867,0.14890274197953418,1,-1.0,-1.0,0,0,2,3,0,30.0,38.0,28.0,18.0,1008.6,kandi/KAND,138.00206411489975,84.7,82.4,0.8602818862189409
11.120403772418316,2.9171338990783315,KAND,kandi,11.123456,2.954658,4113.103021032575,7079.457844,327.0,100.0,427.0,538.0,10,310.38818359375,265.26478557307917,1.623974794269116,300.38818359375,-0.005540385223241244,9.987083343895014,-0.005296139065310251,9.951421344542085,0.02047390407986111,0.7592902639338497,1,-1.0,-1.0,0,0,0,0,0,35.3,25.0,76.0,17.3,1007.6,kandi/KAND,262.5331864737047,77.7,86.1,0.32039720359730783
11.126173289767081,2.9282273420465836,KAND,kandi,11.123456,2.954658,2902.922988289707,7079.457844,327.0,100.0,427.0,538.0,10,297.2658386230469,275.98401040874904,2.5588956825993114,287.2658386230469,-0.012424100808062834,11.592978908788721,-0.012098159823560719,11.709603858238523,-0.0013548205099689445,0.11789456755381078,1,-1.0,-1.0,0,0,0,3,0,35.3,21.0,79.0,20.2,1008.9,kandi/KAND,192.4369964429442,81.1,87.2,0.3607586865182536
11.112884074233826,2.9229820687226034,KAND,kandi,11.123456,2.954658,3652.657010679174,7079.457844,327.0,100.0,427.0,538.0,10,310.0433654785156,251.2180125360856,1.8339616374080998,300.0433654785156,-0.006349112184146298,8.041955027322574,-0.006205486994917675,8.061493150245102,0.003379991319444444,0.13098902715939523,1,-1.0,-1.0,0,0,0,0,0,33.2,27.0,75.0,15.8,1010.6,kandi/KAND,172.33978820923755,85.3,87.9,0.055270409501227635
11.109809350962767,2.9194776956862407,KAND,kandi,11.123456,2.954658,4129.074652639305,7079.457844,327.0,100.0,427.0,538.0,10,317.2057800292969,248.43334044280124,1.5231653437366464,307.2057800292969,-0.0038936227991961054,7.2404312672621,-0.0037348066057477677,7.194807058480138,0.006263224283854167,0.2850411734202887,1,-1.0,-1.0,0,0,0,0,0,26.1,45.0,70.0,11.9,1012.3,kandi/KAND,305.7478243151074,82.3,89.2,0.35736962350205415
11.125808918746682,2.928829300990952,KAND,kandi,11.123456,2.954658,2833.541555195583,7079.457844,327.0,100.0,427.0,538.0,10,297.9679260253906,275.3067171548423,2.6072987801891787,287.9679260253906,-0.012714016288858652,11.280832876538039,-0.012316967941231743,11.421789753779189,-0.010912322998046875,0.5568723127485443,1,-1.0,-1.0,0,0,2,10,0,35.3,21.0,79.0,20.2,1008.9,kandi/KAND,226.3883029222813,81.1,83.3,0.26480717732157966
11.119446335096628,2.930496065664648,KAND,kandi,11.123456,2.954658,2676.516993056174,7079.457844,327.0,100.0,427.0,538.0,10,307.36962890625,260.4029754942575,2.559205275049523,297.36962890625,-0.009613240559895835,8.533077295376964,-0.009797580377845606,8.59693089538449,-0.012324225779893068,0.38308543515826415,1,-1.0,-1.0,0,0,1,4,0,31.0,31.0,80.0,11.2,1011.0,kandi/KAND,351.7491748390901,85.1,88.4,0.6104850673417885
11.111961914553492,2.9218266356559983,KAND,kandi,11.123456,2.954658,3805.3153585658206,7079.457844,327.0,100.0,427.0,538.0,10,311.17181396484375,250.3672480824286,1.7434606994582644,301.17181396484375,-0.00580282742894057,7.856278519012056,-0.005544760060864827,7.850157342843169,0.00963473849826389,0.3556151883444651,1,-1.0,-1.0,0,0,0,0,0,36.4,21.0,100.0,14.8,1008.9,kandi/KAND,191.92410374935423,87.9,85.9,0.20539029767240669
11.1312913847249,2.9205588979304453,KAND,kandi,11.123456,2.954658,3824.5013056607636,7079.457844,327.0,100.0,427.0,538.0,10,299.60137939453125,283.18359605791545,1.9078840874435539,289.60137939453125,-0.008782291412353517,12.355858102950446,-0.008556017753405448,12.31370375664265,0.005002848307291666,0.2481760142417742,1,-1.0,-1.0,0,0,3,6,0,30.7,25.0,24.0,16.6,1009.0,kandi/KAND,296.59233233508934,86.6,85.7,0.8883654530628405
11.107453589832597,2.9312646446438175,KAND,kandi,11.123456,2.954658,3108.7639582444017,7079.457844,327.0,100.0,427.0,538.0,10,326.6319885253906,235.12052574966583,1.8491808018455018,316.6319885253906,-0.0018394227516061001,3.021538647867119,-0.0032417847930390855,3.0331463100687985,-0.02276566493545764,0.6995008814215986,1,-1.0,-1.0,0,0,0,0,0,31.4,32.0,75.0,16.2,1012.0,kandi/KAND,383.69036938137486,86.3,88.1,0.9296666209195551
11.139367648598927,2.9057058884977365,KAND,kandi,11.123456,2.954658,5629.683894707477,7079.457844,327.0,100.0,427.0,538.0,10,296.75689697265625,288.3335977544217,1.3253051707312398,286.75689697265625,-0.006483773305906471,11.990382177635402,-0.006581961648506031,11.965815677513147,-0.010532633463541666,0.507864174414457,1,-1.0,-1.0,0,0,0,0,0,28.4,37.0,100.0,3.6,1009.9,kandi/KAND,242.2242803683185,83.6,83.3,0.0998310571767902
11.139462117654256,2.9247318871529524,KAND,kandi,11.123456,2.954658,3717.7605018240497,7079.457844,327.0,100.0,427.0,538.0,10,291.42852783203125,298.59812264222853,2.0884166333278418,281.42852783203125,-0.01124825715808701,14.195017900309518,-0.010913371100941946,14.219872846465108,0.011339544945333976,0.3645351344346981,1,-1.0,-1.0,0,0,0,0,0,32.0,21.0,67.0,18.4,1011.9,kandi/KAND,168.81490751722686,83.8,85.4,0.10740295628857721
11.122985759693314,2.9249591457925765,KAND,kandi,11.123456,2.954658,3244.7766477994796,7079.457844,327.0,100.0,427.0,538.0,10,301.2922668457031,269.07837711436184,2.218618765214592,291.2922668457031,-0.009796058584790709,10.899909821946226,-0.009632272431344693,10.912617368047531,0.005270724826388889,0.19741319855510545,1,-1.0,-1.0,0,0,0,0,0,31.0,31.0,80.0,11.2,1011.0,kandi/KAND,340.76806176995353,82.0,81.6,0.11532643811098797
11.1235291236494,2.9243945748300186,KAND,kandi,11.123456,2.954658,3306.0413415762196,7079.457844,327.0,100.0,427.0,538.0,10,301.62237548828125,270.1440098311044,2.171832442863375,291.62237548828125,-0.009520421300206456,11.015105735018663,-0.009316907610212052,11.016265270855941,0.0067691379123263895,0.26267292623519867,1,-1.0,-1.0,0,0,0,0,0,31.5,32.0,75.0,15.1,1011.5,kandi/KAND,323.36645280546554,84.4,82.0,0.619569256310312
11.137158089238397,2.9072555771058544,KAND,kandi,11.123456,2.954658,5395.466871548366,7079.457844,327.0,100.0,427.0,538.0,10,299.60931396484375,286.41955100489315,1.3525414916771117,289.60931396484375,-0.0062404376942169415,11.69022152710405,-0.006221153622581846,11.647052630198127,-0.002108086480034722,0.08479148309929509,1,-1.0,-1.0,0,0,0,0,0,28.4,37.0,100.0,3.6,1009.9,kandi/KAND,325.21295177169327,81.9,83.6,0.12196896420962289
11.123845761430218,2.922429402833092,KAND,kandi,11.123456,2.954658,3520.9724685099022,7079.457844,327.0,100.0,427.0,538.0,10,303.6345520019531,270.70925527969126,2.006669836398167,293.6345520019531,-0.008297283413664876,11.043480751167351,-0.008237191655068334,11.027140596383544,0.007335348420136682,0.23816925525615787,1,-1.0,-1.0,0,0,0,0,0,31.5,32.0,75.0,15.1,1011.5,kandi/KAND,113.91424559135775,84.4,81.6,0.8523823179302663
11.114175090638588,2.9363885902536264,KAND,kandi,11.123456,2.954658,2244.3736783499257,7079.457844,327.0,100.0,427.0,538.0,10,322.7170715332031,242.63022713564533,2.6602866853287943,312.7170715332031,-0.0047864665959231004,3.807720118524717,-0.004686099626285173,3.8522425764144614,-0.008854505750868056,0.33740686539188597,1,-1.0,-1.0,0,0,0,0,0,33.3,38.0,28.0,15.5,1007.0,kandi/KAND,285.99656928073153,90.0,89.9,0.7542715149378925
11.126004665501917,2.9210344396260526,KAND,kandi,11.123456,2.954658,3683.8865872010615,7079.457844,327.0,100.0,427.0,538.0,10,305.4545593261719,274.4206600212212,1.88972034186035,295.4545593261719,-0.007525043249262007,11.237057136347904,-0.007364794921874999,11.17287182246748,0.006204901801215278,0.22980433500335182,1,-1.0,-1.0,0,0,0,1,0,31.5,32.0,75.0,15.1,1011.5,kandi/KAND,320.7976815689198,84.4,82.1,0.8198088582380241
11.110733916813148,2.936359699627267,KAND,kandi,11.123456,2.954658,2444.6503735046153,7079.457844,327.0,100.0,427.0,538.0,10,330.76531982421875,234.6820446788621,2.2543082532143472,320.76531982421875,-0.0010406742251016258,3.062794121262391,-0.0003765045650421626,3.0409446094543426,0.01847076416015625,0.8796028835905152,1,-1.0,-1.0,0,0,2,6,0,30.3,45.0,32.0,11.2,1007.8,kandi/KAND,367.7244494531442,90.3,82.3,0.5260605268860209
11.13738411866439,2.919145879742284,KAND,kandi,11.123456,2.954658,4174.05758212735,7079.457844,327.0,100.0,427.0,538.0,10,298.92486572265625,291.79131097606665,1.7574896583825717,288.92486572265625,-0.00819059826078869,13.486535967361672,-0.00801921946097048,13.450392944548044,0.011518655277963885,0.51771236986427,1,-1.0,-1.0,0,0,0,2,0,30.4,39.0,60.0,7.6,1009.9,kandi/KAND,239.88586973826605,85.4,79.8,0.9966772115191534
11.107540353617072,2.9312900988699515,KAND,kandi,11.123456,2.954658,3101.019387450061,7079.457844,327.0,100.0,427.0,538.0,10,325.29180908203125,235.23730288497336,1.878531255551004,315.29180908203125,-0.0025748619666466346,3.0708064205783376,-0.0026812615052111267,3.086915697021702,-0.009655309908951944,0.389108803048942,1,-1.0,-1.0,0,0,0,0,0,31.0,43.0,40.0,3.6,1008.2,kandi/KAND,383.69036938137486,88.1,86.3,0.04417510294416127
11.123223184745303,2.92411403732245,KAND,kandi,11.123456,2.954658,3336.778994280116,7079.457844,327.0,100.0,427.0,538.0,10,301.8729553222656,269.5578682910988,2.1475482606058156,291.8729553222656,-0.009360840207054502,10.952667137948257,-0.00918498081443584,10.953420303337795,0.0065043131510416664,0.2445866357665239,1,-1.0,-1.0,0,0,0,1,0,31.0,31.0,80.0,11.2,1011.0,kandi/KAND,340.76806176995353,82.0,81.6,0.40126496418611335
11.122988011805313,2.9239070524633513,KAND,kandi,11.123456,2.954658,3359.6912131829195,7079.457844,327.0,100.0,427.0,538.0,10,302.1314697265625,269.1143786999068,2.128513534108303,292.1314697265625,-0.009279496289423145,10.93267709739016,-0.009052031221445541,10.938770476000212,0.005446031358506944,0.2025530727223218,1,-1.0,-1.0,0,0,0,0,0,31.5,32.0,75.0,15.1,1011.5,kandi/KAND,306.15079813714885,80.5,84.4,0.3239366689376362
11.140285378094884,2.929111467523296,KAND,kandi,11.123456,2.954658,3354.603773463301,7079.457844,327.0,100.0,427.0,538.0,10,292.995849609375,303.8801019073561,2.2875405835964044,282.995849609375,-0.011994285756637671,14.001495171168822,-0.011773437694463103,14.032279307426581,0.001817606000159096,0.04099520887584852,1,-1.0,-1.0,0,0,0,4,0,34.2,16.0,100.0,18.4,1010.2,kandi/KAND,284.3355512418123,85.3,79.7,0.948645498712641
11.13067872999239,2.9200745793559286,KAND,kandi,11.123456,2.954658,3861.4655994584714,7079.457844,327.0,100.0,427.0,538.0,10,300.6873779296875,282.0194628012049,1.8735374744518898,290.6873779296875,-0.008433591857437016,12.1513200289495,-0.007992874986585932,12.10350257428494,0.013622242122206042,0.2326022753311726,1,-1.0,-1.0,0,0,1,3,0,25.9,36.0,63.0,14.4,1011.3,kandi/KAND,217.3248474057293,74.6,85.7,0.5768609584975929
11.135991399794515,2.9149172277201263,KAND,kandi,11.123456,2.954658,4557.328739444317,7079.457844,327.0,100.0,427.0,538.0,10,299.3919982910156,287.82514995067754,1.6038979081878975,289.3919982910156,-0.007447342195739271,12.54425638491222,-0.007471106062719832,12.496575630802335,-0.008151584201388888,0.33346643916441077,1,-1.0,-1.0,0,0,0,0,0,30.4,39.0,60.0,7.6,1009.9,kandi/KAND,198.68689941707686,82.8,86.4,0.8061909654447252
11.137209438334722,2.9186679344219466,KAND,kandi,11.123456,2.954658,4215.61473711019,7079.457844,327.0,100.0,427.0,538.0,10,299.3694763183594,291.28295024534395,1.734137894245698,289.3694763183594,-0.008027400023548317,13.417167040193714,-0.007756487083879662,13.346917053815801,0.00941009521484375,0.42924846397035094,1,-1.0,-1.0,0,0,0,2,0,26.8,36.0,58.0,15.8,1010.5,kandi/KAND,335.4422938451181,79.8,82.8,0.17034119365851885
11.112874063409386,2.9230482487791454,KAND,kandi,11.123456,2.954658,3646.163922343274,7079.457844,327.0,100.0,427.0,538.0,10,310.0433654785156,251.16487713071308,1.83722531986128,300.0433654785156,-0.006330922194626501,8.032889106737175,-0.006205486994917675,8.052692784811695,0.0037178039550781255,0.17372638489596232,1,-1.0,-1.0,0,0,0,0,0,36.4,21.0,100.0,14.8,1008.9,kandi/KAND,246.3349853351433,85.9,85.3,0.9786341439004389
11.115026898166878,2.9311563468485926,KAND,kandi,11.123456,2.954658,2731.4640817326563,7079.457844,327.0,100.0,427.0,538.0,10,312.0661315917969,249.9238196611645,2.4094562648830116,302.0661315917969,-0.007702625661656477,6.147536972102337,-0.007688351429491489,6.22948749125421,-0.006833902994791666,0.2511643469549625,0,-1.0,2605.5649356808503,0,4,1,1,0,28.3,38.0,34.0,17.3,1009.3,kandi/KAND,275.9081341679291,87.3,87.4,0.4986395468763152
11.109447901710807,2.919283522285646,KAND,kandi,11.123456,2.954658,4163.541882520683,7079.457844,327.0,100.0,427.0,538.0,10,317.59295654296875,248.0260599372472,1.5052375588063303,307.59295654296875,-0.003747943034853761,7.125520725435369,-0.003555517756917218,7.0813189285252145,0.01079356527298102,0.2635371776973088,1,-1.0,-1.0,0,0,0,0,0,31.5,29.0,60.0,14.8,1011.4,kandi/KAND,305.7478243151074,89.2,82.3,0.4936720762706458
11.110029032261485,2.9348828456576865,KAND,kandi,11.123456,2.954658,2621.6235956841215,7079.457844,327.0,100.0,427.0,538.0,10,329.97186279296875,235.32000991990674,2.119589740488211,319.97186279296875,-0.0012702710700757574,2.9798218489728736,-0.001970508716724537,2.9684873075765976,-0.02682647705078125,1.2259102365086225,1,-1.0,-1.0,0,0,0,9,0,33.4,23.0,80.0,18.4,1011.3,kandi/KAND,309.17405911533984,88.6,82.3,0.9708847285457378
11.123930369633156,2.9238261430196966,KAND,kandi,11.123456,2.954658,3368.534380850246,7079.457844,327.0,100.0,427.0,538.0,10,302.7064514160156,270.9013145995219,2.113164252867955,292.7064514160156,-0.009032131858983222,11.104693013244535,-0.008890341596993787,11.09583093413771,0.006949530707465277,0.255353059460111,1,-1.0,-1.0,0,0,0,0,0,31.5,32.0,75.0,15.1,1011.5,kandi/KAND,323.36645280546554,84.4,82.0,0.38073236121714504
11.129707331756629,2.9208212680667898,KAND,kandi,11.123456,2.954658,3760.4716038755028,7079.457844,327.0,100.0,427.0,538.0,10,300.9717102050781,280.66658977293383,1.9194899521914626,290.9717102050781,-0.008559171484891702,12.029121117368378,-0.008429197472605152,12.006676482982916,-0.0009149380156318927,0.12110462639785814,1,-1.0,-1.0,0,0,0,5,0,25.9,36.0,63.0,14.4,1011.3,kandi/KAND,303.403835341593,74.6,86.6,0.39752502455499295
11.138213236162395,2.906404055026839,KAND,kandi,11.123456,2.954658,5518.187405910146,7079.457844,327.0,100.0,427.0,538.0,10,298.30926513671875,287.3162673573403,1.3359639884351926,288.30926513671875,-0.006353427146110566,11.811570539129814,-0.006406241249439964,11.776708839518175,-0.012059190538194445,0.4710031825241435,1,-1.0,-1.0,0,0,0,1,0,28.4,37.0,100.0,3.6,1009.9,kandi/KAND,325.21295177169327,81.9,83.6,0.5847527028049366
11.1078416924781,2.931417706006628,KAND,kandi,11.123456,2.954658,3070.680615043931,7079.457844,327.0,100.0,427.0,538.0,10,324.40509033203125,235.6024587018939,1.9136049033134017,314.40509033203125,-0.003187580822190096,3.1527379668670594,-0.0028073685926878773,3.1636913384419696,-0.0029590469770686117,0.25687505465861366,1,-1.0,-1.0,0,0,0,0,0,31.0,43.0,40.0,3.6,1008.2,kandi/KAND,152.93749306281921,88.1,86.1,0.12805261054778694
11.133238242201354,2.9235663423551346,KAND,kandi,11.123456,2.954658,3564.6550094076715,7079.457844,327.0,100.0,427.0,538.0,10,296.13824462890625,287.7817147112947,2.1024364858673095,286.13824462890625,-0.010403654625283346,13.145813742615895,-0.010276781823024276,13.147013383482003,0.0004509819878472223,0.059142575788480554,1,-1.0,-1.0,0,0,1,7,0,33.0,34.0,28.0,16.2,1007.9,kandi/KAND,138.00206411489975,82.4,84.7,0.3210856264118549
11.113223431287564,2.931758196660569,KAND,kandi,11.123456,2.954658,2745.8074194970395,7079.457844,327.0,100.0,427.0,538.0,10,315.4358215332031,245.5182541154622,2.3266899542989523,305.4358215332031,-0.006627160059756348,5.172351200125317,-0.0062323820506427294,5.2984603912453565,-5.823771158854161e-05,0.13630941557728707,1,-1.0,-1.0,0,0,0,0,0,28.3,38.0,34.0,17.3,1009.3,kandi/KAND,387.96207043984134,87.3,88.6,0.19320832244513053
11.13658047791059,2.9073560598250716,KAND,kandi,11.123456,2.954658,5367.304616065927,7079.457844,327.0,100.0,427.0,538.0,10,300.5560607910156,285.7944253174234,1.349534782316175,290.5560607910156,-0.0061022937852799105,11.55766027667178,-0.006097198542529925,11.51087596919385,-0.0037607828776041667,0.2617075497584628,1,-1.0,-1.0,0,0,0,0,0,28.4,37.0,100.0,3.6,1009.9,kandi/KAND,348.3702771476682,81.9,79.6,0.1032834791070496
11.131977240933036,2.925751502472118,KAND,kandi,11.123456,2.954658,3295.4307987179486,7079.457844,327.0,100.0,427.0,538.0,10,297.43597412109375,286.7248804820374,2.251496349501053,287.43597412109375,-0.010873324475191576,13.018412894404289,-0.010663968040829613,13.016172020538336,0.000988091362847222,0.038391025342977024,1,-1.0,-1.0,0,0,1,3,0,33.0,34.0,28.0,16.2,1007.9,kandi/KAND,276.00636025271393,82.4,84.8,0.8661446063310201
11.13112664663165,2.923018509614067,KAND,kandi,11.123456,2.954658,3558.9357556752016,7079.457844,327.0,100.0,427.0,538.0,10,298.7541198730469,283.8819407022181,2.0637544987460035,288.7541198730469,-0.009667140316179325,12.598420134688524,-0.00950333356200499,12.575616422789672,0.0007006327311197916,0.05912260317632,1,-1.0,-1.0,0,0,1,2,0,33.0,34.0,28.0,16.2,1007.9,kandi/KAND,371.69589343971694,82.4,86.6,0.589331166127476
11.13253545992932,2.924619840325107,KAND,kandi,11.123456,2.954658,3431.630202695594,7079.457844,327.0,100.0,427.0,538.0,10,296.9739685058594,287.12466700294266,2.1699251371946904,286.9739685058594,-0.010536640554234599,13.040455863994577,-0.010376254785434472,13.038258435726526,-0.0040954589843750005,0.19324315421913457,1,-1.0,-1.0,0,0,3,5,0,33.0,34.0,28.0,16.2,1007.9,kandi/KAND,276.00636025271393,82.4,84.8,0.3586727915279112
11.130705788264324,2.9200829717611274,KAND,kandi,11.123456,2.954658,3861.189008844802,7079.457844,327.0,100.0,427.0,538.0,10,300.6873779296875,282.06600422207106,1.8736715869041543,290.6873779296875,-0.008393462468017343,12.159626254084667,-0.00817842914162752,12.112932786330997,0.008794246818202497,0.2408311639941263,1,-1.0,-1.0,0,0,2,3,0,26.8,36.0,58.0,15.8,1010.5,kandi/KAND,217.3248474057293,85.7,74.6,0.4086693773667128
11.110257341457892,2.9333979718171515,KAND,kandi,11.123456,2.954658,2743.3026039902425,7079.457844,327.0,100.0,427.0,538.0,10,324.4277038574219,237.680831227108,2.141296134131599,314.4277038574219,-0.0032518885514817497,3.3143599153547654,-0.003319327712904477,3.360881415913487,-0.004300181070963542,0.2448832344529823,1,-1.0,-1.0,0,0,0,0,0,33.4,23.0,80.0,18.4,1011.3,kandi/KAND,309.17405911533984,88.6,82.3,0.43151900368735463
11.111453038691431,2.933514287315218,KAND,kandi,11.123456,2.954658,2664.2292209177704,7079.457844,327.0,100.0,427.0,538.0,10,322.5906066894531,239.95087206875536,2.2442355351506795,312.5906066894531,-0.004020513755998362,3.660760195868318,-0.0034229158587585685,3.695547093289236,0.015446793712274807,0.2944184306496225,1,-1.0,-1.0,0,0,0,0,0,33.4,23.0,80.0,18.4,1011.3,kandi/KAND,289.5291964551508,88.6,90.3,0.6331491821447094
11.137796990336895,2.9288595199791065,KAND,kandi,11.123456,2.954658,3233.9980913759937,7079.457844,327.0,100.0,427.0,538.0,10,293.17034912109375,299.53586322382404,2.3696679530171387,283.17034912109375,-0.012409427377931112,13.779408072415503,-0.012259679271004825,13.836974414087647,-0.005136468560975529,0.10874654397657514,1,-1.0,-1.0,0,0,3,5,0,34.2,16.0,100.0,18.4,1010.2,kandi/KAND,298.9384769478677,79.7,83.4,0.9267693914889933
11.103595136206664,2.925429667771794,KAND,kandi,11.123456,2.954658,3875.8378520153115,7079.457844,327.0,100.0,427.0,538.0,10,321.14483642578125,235.30046984176835,1.5644479984075563,311.14483642578125,-0.0031232158954326923,3.7967687570220936,-0.003122101274717409,3.8400416482237727,-0.0046080550333199135,0.17879371992674617,1,-1.0,-1.0,0,0,0,0,0,31.5,29.0,60.0,14.8,1011.4,kandi/KAND,185.52613185200588,82.2,83.6,0.9327796196569825
11.139172293474388,2.923406602943709,KAND,kandi,11.123456,2.954658,3831.027066744692,7079.457844,327.0,100.0,427.0,538.0,10,293.7654724121094,297.1400248653747,1.9918159151926311,283.7654724121094,-0.010286573346882592,14.170827890113976,-0.00954913218528265,14.148576081594667,0.026985250703724064,0.3978658760741152,1,-1.0,-1.0,0,0,0,1,0,30.2,23.0,100.0,18.4,1012.1,kandi/KAND,357.7042813554138,84.6,85.4,0.3914919795306634
11.138121103919039,2.920276839067876,KAND,kandi,11.123456,2.954658,4091.1228634563627,7079.457844,327.0,100.0,427.0,538.0,10,297.5892028808594,293.4989768842146,1.8117815592420219,287.5892028808594,-0.008694933220707877,13.669533391813,-0.008408339272189435,13.637681850089946,0.014882314160709523,0.4895846399309261,1,-1.0,-1.0,0,0,0,0,0,30.2,23.0,100.0,18.4,1012.1,kandi/KAND,222.29118403569404,85.2,79.8,0.32926245959776956
11.13908891277525,2.921506569750278,KAND,kandi,11.123456,2.954658,4013.105642897674,7079.457844,327.0,100.0,427.0,538.0,10,296.6318054199219,295.6722360320457,1.860634153187498,286.6318054199219,-0.009078909718539573,13.948526846521226,-0.00855098940768894,13.89357634097893,0.025582482463413884,0.5746844279848463,1,-1.0,-1.0,0,0,0,0,0,30.2,23.0,100.0,18.4,1012.1,kandi/KAND,224.00284038368383,85.2,84.6,0.45104650018525505
11.125326115096751,2.9219262487299855,KAND,kandi,11.123456,2.954658,3581.643791556414,7079.457844,327.0,100.0,427.0,538.0,10,304.2915344238281,273.3356514927402,1.962207501751405,294.2915344238281,-0.0079011337581691,11.208170512894359,-0.007833370354657615,11.15701799399061,0.00822906494140625,0.38425861026998703,1,-1.0,-1.0,0,0,1,0,0,34.3,13.0,100.0,18.4,1008.8,kandi/KAND,320.7976815689198,82.1,84.4,0.5679342304284926
11.13765909178779,2.914300145313954,KAND,kandi,11.123456,2.954658,4680.232951882896,7079.457844,327.0,100.0,427.0,538.0,10,297.0458679199219,289.73556379260856,1.5905000292397948,287.0458679199219,-0.007762282958762663,12.789548733711406,-0.007797337785551821,12.75725912932362,-0.016795179578993055,0.6217832271059575,0,-1.0,4314.4432021365365,0,2,0,0,0,30.4,39.0,60.0,7.6,1009.9,kandi/KAND,365.3384196878242,78.5,86.4,0.46181791144974826
11.139691661783939,2.9238846580471676,KAND,kandi,11.123456,2.954658,3811.2947442404675,7079.457844,327.0,100.0,427.0,538.0,10,293.1659240722656,298.27009668457674,2.0111218801023205,283.1659240722656,-0.010539107836745254,14.222512701755694,-0.010288228114941362,14.219534412921444,0.011746748240681093,0.35381256325558946,1,-1.0,-1.0,0,0,0,0,0,30.2,23.0,100.0,18.4,1012.1,kandi/KAND,262.99505261506863,84.6,83.8,0.6587534098167009
11.133227881025451,2.9113972367283223,KAND,kandi,11.123456,2.954658,4847.848747588933,7079.457844,327.0,100.0,427.0,538.0,10,302.2140197753906,282.96846555932655,1.4744955838363722,292.2140197753906,-0.006401514123987267,11.335319070720539,-0.00665525273902657,11.288042866137102,-0.01278794937691231,0.21460892970619067,1,-1.0,-1.0,0,0,0,0,0,27.9,27.0,25.0,15.8,1009.5,kandi/KAND,389.6874709302928,86.9,83.5,0.5543990233797637
11.12345403433582,2.923292334041187,KAND,kandi,11.123456,2.954658,3426.4426747168413,7079.457844,327.0,100.0,427.0,538.0,10,302.79351806640625,269.9993661566301,2.0760284816427292,292.79351806640625,-0.008849814594655796,11.003884804708369,-0.00870161385371767,10.99499551595902,0.004890611436631945,0.1851997747536928,1,-1.0,-1.0,0,0,0,0,0,31.5,32.0,75.0,15.1,1011.5,kandi/KAND,340.76806176995353,81.6,82.0,0.3207155466940761
11.113177794540128,2.9320337611943965,KAND,kandi,11.123456,2.954658,2720.514729826955,7079.457844,327.0,100.0,427.0,538.0,10,315.822021484375,245.15849589400864,2.340177131149008,305.822021484375,-0.006489234577278614,5.013562782863775,-0.006213225771449373,5.1500022035270145,-0.0024620903862847226,0.13854001615623124,1,-1.0,-1.0,0,0,0,0,0,28.3,38.0,34.0,17.3,1009.3,kandi/KAND,259.74237178418406,87.3,88.7,0.3457308057626326
11.100990396656986,2.9243355897973013,KAND,kandi,11.123456,2.954658,4141.10864793084,7079.457844,327.0,100.0,427.0,538.0,10,324.2652893066406,232.94840207637407,1.421131075678815,314.2652893066406,-0.0021870080390847305,3.6337084502804315,-0.002317860921223959,3.6846823247778797,-0.003974066840277778,0.2814645395984718,1,-1.0,-1.0,0,0,0,0,0,31.5,29.0,60.0,14.8,1011.4,kandi/KAND,226.45360253270923,83.5,82.2,0.3785927875597309
11.111793098555733,2.9377074708959463,KAND,kandi,11.123456,2.954658,2256.8359361791686,7079.457844,327.0,100.0,427.0,538.0,10,328.6671142578125,234.96293056641179,2.4948637125045665,318.6671142578125,-0.002043098315858005,3.1450999148879144,-0.00211877581436555,3.135728823937478,-0.006738208684167166,0.24593512817262922,1,-1.0,-1.0,0,0,0,2,0,30.3,45.0,32.0,11.2,1007.8,kandi/KAND,389.4186282137673,90.3,89.9,0.09463976824938869
11.134180319670284,2.9291455255098,KAND,kandi,11.123456,2.954658,3028.944204837732,7079.457844,327.0,100.0,427.0,538.0,10,294.8992004394531,293.19332997484247,2.497248022733568,284.8992004394531,-0.01268065207431224,13.340021332189592,-0.012378285232099514,13.40183783977784,0.0024868435329861113,0.10161416952833915,1,-1.0,-1.0,0,0,3,13,0,25.1,38.0,70.0,13.7,1012.7,kandi/KAND,265.70070718742903,84.2,85.1,0.16606263241397312
11.12704956648963,2.9286053053253873,KAND,kandi,11.123456,2.954658,2873.6521927324693,7079.457844,327.0,100.0,427.0,538.0,10,296.8506164550781,278.0045054880035,2.593187153916328,286.8506164550781,-0.01266372905540114,11.834233869766488,-0.012395004999069942,11.947213043826181,0.0004791259765624999,0.019445318190913673,1,-1.0,-1.0,0,0,0,3,0,35.3,21.0,79.0,20.2,1008.9,kandi/KAND,253.12137819628967,83.3,87.2,0.7231138021453861
11.123543682475358,2.9243739498265775,KAND,kandi,11.123456,2.954658,3308.2986949015153,7079.457844,327.0,100.0,427.0,538.0,10,301.62237548828125,270.17198740738763,2.1703519528483093,291.62237548828125,-0.009520421300206456,11.015105735018663,-0.009316907610212052,11.016265270855941,0.0067691379123263895,0.26267292623519867,1,-1.0,-1.0,0,0,0,1,0,31.0,31.0,80.0,11.2,1011.0,kandi/KAND,323.36645280546554,82.0,84.4,0.38909671152208003
11.118234193850617,2.9247139323617155,KAND,kandi,11.123456,2.954658,3321.778870135144,7079.457844,327.0,100.0,427.0,538.0,10,303.2355651855469,259.92535991249537,2.1337667147993176,293.2355651855469,-0.009034277136521395,9.613777409759647,-0.008839069917841998,9.693902519455733,0.0015279134114583334,0.0658597530153904,1,-1.0,-1.0,0,0,0,0,0,33.2,27.0,75.0,15.8,1010.6,kandi/KAND,116.63871176489182,78.9,88.5,0.21453897256014365
11.112989105165784,2.932135433624262,KAND,kandi,11.123456,2.954658,2719.249840996792,7079.457844,327.0,100.0,427.0,538.0,10,316.8483581542969,244.6590762614681,2.3196748756748096,306.8483581542969,-0.005883651535058947,4.906384719936942,-0.006524003334245949,5.059071928522177,-0.012533856736713098,0.20531536857279034,1,-1.0,-1.0,0,0,0,0,0,31.0,43.0,40.0,3.6,1008.2,kandi/KAND,259.74237178418406,88.7,87.3,0.5626724105748573
11.110800915150344,2.935501529454232,KAND,kandi,11.123456,2.954658,2517.7588556395417,7079.457844,327.0,100.0,427.0,538.0,10,331.0318603515625,236.05142717278738,2.1828574961923595,321.0318603515625,-0.0008794178476061286,3.110366681131482,-0.0015006468826067412,3.074630941985556,-0.010450862761462685,0.4231573526049779,1,-1.0,-1.0,0,0,0,2,0,31.0,43.0,40.0,3.6,1008.2,kandi/KAND,256.65974849969416,90.3,85.8,0.7555395424734273
11.135671886021846,2.9290172198806412,KAND,kandi,11.123456,2.954658,3109.896451002106,7079.457844,327.0,100.0,427.0,538.0,10,293.9646301269531,295.9016379273601,2.4495094574863985,283.9646301269531,-0.012615624452248599,13.584284898172061,-0.012271664912600797,13.64680616037653,0.002812201837563277,0.04394253361710826,1,-1.0,-1.0,0,0,3,10,0,25.1,38.0,70.0,13.7,1012.7,kandi/KAND,302.509112755308,85.1,84.5,0.2574223623453714
11.111029815177115,2.9223610392984543,KAND,kandi,11.123456,2.954658,3786.542696266617,7079.457844,327.0,100.0,427.0,538.0,10,312.9884033203125,248.5926806457701,1.724636649139972,302.9884033203125,-0.005337788739542323,7.42329958916362,-0.005231485015821349,7.422946081131284,0.009111817818879403,0.28510339986933864,1,-1.0,-1.0,0,0,0,0,0,36.4,21.0,100.0,14.8,1008.9,kandi/KAND,191.92410374935423,87.9,85.9,0.8267898819237445
11.11215447993625,2.921526290087746,KAND,kandi,11.123456,2.954658,3829.2484170930857,7079.457844,327.0,100.0,427.0,538.0,10,311.5120544433594,250.8340580687235,1.7274843500234724,301.5120544433594,-0.005619141125707333,7.958387876091892,-0.0051067019906524125,7.946880146697667,0.020596058594812235,0.4727627976969655,1,-1.0,-1.0,0,0,0,0,0,26.1,45.0,70.0,11.9,1012.3,kandi/KAND,259.1606293612586,82.3,87.9,0.9275048596250496
11.13928648261425,2.921726091793611,KAND,kandi,11.123456,2.954658,4000.9945893753197,7079.457844,327.0,100.0,427.0,538.0,10,296.2303466796875,296.10434934123884,1.8720052631360555,286.2303466796875,-0.009227619835393346,13.977627432137641,-0.008927196148555597,13.948848083204473,0.01433147116656063,0.4849324433958286,1,-1.0,-1.0,0,0,0,0,0,30.2,23.0,100.0,18.4,1012.1,kandi/KAND,224.00284038368383,85.2,84.6,0.5973945290738407
11.135813994821108,2.915682404295558,KAND,kandi,11.123456,2.954658,4471.739776706434,7079.457844,327.0,100.0,427.0,538.0,10,300.18963623046875,287.91187102717083,1.6243682072298165,290.18963623046875,-0.007413020520059016,12.634356090619109,-0.007367313881846716,12.576907461598974,-0.0059668646918402775,0.2207293584516773,1,-1.0,-1.0,0,0,0,0,0,30.4,39.0,60.0,7.6,1009.9,kandi/KAND,371.02901908073824,85.4,86.4,0.6689476589915796
11.138422692170547,2.9207416723362574,KAND,kandi,11.123456,2.954658,4058.0508761246997,7079.457844,327.0,100.0,427.0,538.0,10,297.3453674316406,294.2187776178588,1.8299763322803169,287.3453674316406,-0.008818630143707873,13.767930141479804,-0.008588826043172439,13.739800282285344,0.012161302752416945,0.3611449507899732,1,-1.0,-1.0,0,0,0,0,0,30.2,23.0,100.0,18.4,1012.1,kandi/KAND,222.29118403569404,85.2,79.8,0.05257599032305538
11.127167383814736,2.9280285232370526,KAND,kandi,11.123456,2.954658,2937.8599629065957,7079.457844,327.0,100.0,427.0,538.0,10,297.00677490234375,278.0868149947438,2.53354762683392,287.00677490234375,-0.012348083798445474,11.953572707526236,-0.012043060302734374,12.043649079429908,0.0034681532118055556,0.13268263051678725,1,-1.0,-1.0,0,0,0,3,0,35.3,21.0,79.0,20.2,1008.9,kandi/KAND,192.4369964429442,81.1,87.2,0.9455198910219065
11.125633151715036,2.9215227148888094,KAND,kandi,11.123456,2.954658,3627.7480908884677,7079.457844,327.0,100.0,427.0,538.0,10,304.6504821777344,273.8341839247196,1.9316266627178615,294.6504821777344,-0.007889768954816958,11.238284976659736,-0.007387573325094179,11.177968781630161,0.01848570081089561,0.4817323841384182,1,-1.0,-1.0,0,0,1,0,0,34.3,13.0,100.0,18.4,1008.8,kandi/KAND,320.7976815689198,82.1,84.4,0.3924847342649438
11.109371261069944,2.9308867625750024,KAND,kandi,11.123456,2.954658,3028.382499537631,7079.457844,327.0,100.0,427.0,538.0,10,321.43841552734375,238.8769743197505,1.996374447541062,311.43841552734375,-0.003952806943845719,3.8079006231952395,-0.0034192046785316735,3.8722396572794304,0.0050695998738847945,0.4783827052111368,1,-1.0,-1.0,0,0,0,0,0,31.0,43.0,40.0,3.6,1008.2,kandi/KAND,209.350490283057,88.1,81.5,0.9239004005454299
11.111025221240597,2.9324415623613875,KAND,kandi,11.123456,2.954658,2789.468329609071,7079.457844,327.0,100.0,427.0,538.0,10,322.20013427734375,240.30900207855646,2.15158106700831,312.20013427734375,-0.0039933151681309995,3.8130419909421343,-0.004187038076408201,3.877862144362076,-0.012057990692162457,0.45525661818539304,1,-1.0,-1.0,0,0,0,0,0,31.0,43.0,40.0,3.6,1008.2,kandi/KAND,165.92922165772438,88.7,88.6,0.5789775247502426
11.123716500845044,2.9223580911371094,KAND,kandi,11.123456,2.954658,3528.617149668379,7079.457844,327.0,100.0,427.0,538.0,10,303.6345520019531,270.4740467036697,2.002325967459668,293.6345520019531,-0.008355932479096238,11.043414328309021,-0.007786136014468708,11.009436645566325,0.01697388261932417,0.3429735335448748,1,-1.0,-1.0,0,0,0,0,0,31.5,32.0,75.0,15.1,1011.5,kandi/KAND,340.76806176995353,81.6,82.0,0.0046187988433276095
11.109486330433208,2.930894088771156,KAND,kandi,11.123456,2.954658,3021.1656899885484,7079.457844,327.0,100.0,427.0,538.0,10,320.7805480957031,239.0767654897119,2.013600425452596,310.7805480957031,-0.004393125318113257,3.786136367176363,-0.003957310154985841,3.8533537198578314,-0.013405354817708335,0.4932527424613544,1,-1.0,-1.0,0,0,0,0,0,33.4,23.0,80.0,18.4,1011.3,kandi/KAND,144.11587076282325,81.5,86.1,0.038541999323435716
11.111249371791496,2.922235160172876,KAND,kandi,11.123456,2.954658,3790.639581590168,7079.457844,327.0,100.0,427.0,538.0,10,312.36962890625,249.0121946189957,1.7321181218997128,302.36962890625,-0.005500196722235892,7.53723390079202,-0.005238011688467352,7.533495252725762,0.008833346452649977,0.341748260293456,1,-1.0,-1.0,0,0,0,0,0,36.4,21.0,100.0,14.8,1008.9,kandi/KAND,191.92410374935423,87.9,85.9,0.680418805669922
11.127754448914631,2.920235147852172,KAND,kandi,11.123456,2.954658,3790.3288446602883,7079.457844,327.0,100.0,427.0,538.0,10,304.64764404296875,277.2560056043574,1.8488739364646098,294.64764404296875,-0.0072053520242017985,11.365489173046385,-0.007234775455882362,11.331818461511554,0.012113298539470666,0.5077947523495727,0,-1.0,3532.069965464998,0,12,0,6,0,25.9,36.0,63.0,14.4,1011.3,kandi/KAND,376.9557385158805,74.6,82.1,0.5626680138319331
11.137343037586145,2.9191170997778646,KAND,kandi,11.123456,2.954658,4175.305913969043,7079.457844,327.0,100.0,427.0,538.0,10,299.2157287597656,291.7170853206304,1.7529768994513906,289.2157287597656,-0.007619565780231368,13.475619523725268,-0.007984469838879085,13.44264684594128,0.0069578364094885345,0.23112028611884708,1,-1.0,-1.0,0,0,0,1,0,26.8,36.0,58.0,15.8,1010.5,kandi/KAND,239.88586973826605,79.8,85.4,0.026532437206074344
11.11725574670819,2.9175716708395534,KAND,kandi,11.123456,2.954658,4109.062720046758,7079.457844,327.0,100.0,427.0,538.0,10,308.3686828613281,260.3341815205865,1.6537071128941718,298.3686828613281,-0.006072012063947403,9.619028798320134,-0.0057425050648076265,9.575853715971,0.011313004262871643,0.3230526614672727,1,-1.0,-1.0,0,0,0,1,0,35.2,25.0,75.0,18.4,1008.5,kandi/KAND,329.7372658647473,86.1,87.2,0.7434599612223853
11.112048218005604,2.9217771550101204,KAND,kandi,11.123456,2.954658,3807.23534693324,7079.457844,327.0,100.0,427.0,538.0,10,311.17181396484375,250.5306603165762,1.7425820146446174,301.17181396484375,-0.005807069999596621,7.887448673826689,-0.00530197461477107,7.878834643938177,0.02007451268029534,0.5455065008633228,1,-1.0,-1.0,0,0,0,0,0,36.4,21.0,100.0,14.8,1008.9,kandi/KAND,191.92410374935423,85.9,87.9,0.8521453370691817
11.126416090279854,2.9281787819440295,KAND,kandi,11.123456,2.954658,2911.0965187371958,7079.457844,327.0,100.0,427.0,538.0,10,297.0646667480469,276.50224134497944,2.5556721170553502,287.0646667480469,-0.012460777971547229,11.711452030084624,-0.0121395193074464,11.82314891647733,0.001530397902011888,0.055090083923220685,1,-1.0,-1.0,0,0,0,0,0,35.7,22.0,60.0,14.8,1008.1,kandi/KAND,192.4369964429442,87.2,81.1,0.4964174824393083
11.1236724724998,2.92419149729195,KAND,kandi,11.123456,2.954658,3328.301329175546,7079.457844,327.0,100.0,427.0,538.0,10,301.7134704589844,270.41782766162044,2.155754843008645,291.7134704589844,-0.00949306545314846,11.095813252934072,-0.0090323569148691,11.084418631903379,0.011024644639756944,0.4066702838395062,1,-1.0,-1.0,0,0,0,2,0,31.0,31.0,80.0,11.2,1011.0,kandi/KAND,323.36645280546554,82.0,84.4,0.46575744035725497
11.110781767183996,2.922513010209859,KAND,kandi,11.123456,2.954658,3781.166670678766,7079.457844,327.0,100.0,427.0,538.0,10,312.9627685546875,248.11167961678768,1.7274753256165476,302.9627685546875,-0.0053864181725198235,7.3021293056638665,-0.005201655838728865,7.304575211791432,0.006182937035415598,0.25339072784837624,1,-1.0,-1.0,0,0,0,0,0,36.4,21.0,100.0,14.8,1008.9,kandi/KAND,246.3349853351433,85.9,85.3,0.0054731088346274825
11.139541977111866,2.9220099745687405,KAND,kandi,11.123456,2.954658,3985.669854113351,7079.457844,327.0,100.0,427.0,538.0,10,295.7827453613281,296.66695262608687,1.8856254202632345,285.7827453613281,-0.009409181217203166,14.028187880559601,-0.00900466558783294,13.986218323752382,0.011930415843524722,0.23990716592858077,1,-1.0,-1.0,0,0,0,0,0,30.2,23.0,100.0,18.4,1012.1,kandi/KAND,224.00284038368383,85.2,84.6,0.7866497124935993
11.125741246883194,2.921380646953516,KAND,kandi,11.123456,2.954658,3644.0429568762133,7079.457844,327.0,100.0,427.0,538.0,10,305.1628723144531,274.00668827618705,1.9149482683306958,295.1628723144531,-0.0075010119732559916,11.235192283926992,-0.007438938592069892,11.172177015088254,0.010425059000651042,0.5107614417303467,1,-1.0,-1.0,0,0,1,0,0,34.3,13.0,100.0,18.4,1008.8,kandi/KAND,320.7976815689198,82.1,84.4,0.33071606674610543
11.109880822385488,2.934603038882042,KAND,kandi,11.123456,2.954658,2656.103359378649,7079.457844,327.0,100.0,427.0,538.0,10,329.390869140625,235.40237182934854,2.1046152746256475,319.390869140625,-0.0014735989802785582,2.9777032707308875,-0.0022484412560096153,2.988334325562458,-0.023206075032552086,1.1434484668006646,1,-1.0,-1.0,0,0,0,7,0,31.0,43.0,40.0,3.6,1008.2,kandi/KAND,352.26948019734937,86.1,82.3,0.8787636197825396
11.111710409118663,2.9219708321053,KAND,kandi,11.123456,2.954658,3799.895228265409,7079.457844,327.0,100.0,427.0,538.0,10,311.38201904296875,249.89012941183728,1.7427794268897774,301.38201904296875,-0.005759411909448819,7.774605979451979,-0.005399087910812338,7.7663581231085415,0.009756724039713541,0.5200549757075851,1,-1.0,-1.0,0,0,0,0,0,36.4,21.0,100.0,14.8,1008.9,kandi/KAND,191.92410374935423,87.9,85.9,0.37306058755805305
11.117356663612325,2.9307786663612325,KAND,kandi,11.123456,2.954658,2694.4843335345627,7079.457844,327.0,100.0,427.0,538.0,10,309.8133544921875,255.41140753279228,2.4902990026471707,299.8133544921875,-0.00874024269222098,7.389335854232335,-0.008940692979078646,7.508876194960075,-0.01635450982195346,0.34709070406542514,1,-1.0,-1.0,0,0,1,3,0,28.3,38.0,34.0,17.3,1009.3,kandi/KAND,234.26260072818872,87.4,88.4,0.5650779106307056
11.136327742003813,2.9354111797083218,KAND,kandi,11.123456,2.954658,2539.2534414634574,7079.457844,327.0,100.0,427.0,538.0,10,293.1767272949219,304.2798752059226,3.016800773010642,283.1767272949219,-0.01574456906786152,12.358817965933113,-0.015537492890924327,12.613957375072184,-0.007252248128255208,0.3238311292327199,1,-1.0,-1.0,0,0,0,3,0,33.4,16.0,49.0,20.9,1010.0,kandi/KAND,305.11071367616483,83.2,87.6,0.2703417881993275
11.127137952882435,2.9283552648720574,KAND,kandi,11.123456,2.954658,2902.062306009448,7079.457844,327.0,100.0,427.0,538.0,10,296.8840637207031,278.1218320383404,2.567175932975912,286.8840637207031,-0.012517786376909567,11.90626705530154,-0.012234774131087745,12.00781635573638,0.0015275865951114612,0.06908544437064644,1,-1.0,-1.0,0,0,0,3,0,35.7,22.0,60.0,14.8,1008.1,kandi/KAND,253.12137819628967,87.2,83.3,0.16058831258491868
11.119672803918842,2.924294760130628,KAND,kandi,11.123456,2.954658,3343.251550195684,7079.457844,327.0,100.0,427.0,538.0,10,303.0740661621094,262.76609142667786,2.1228386670540655,293.0740661621094,-0.00900336674281529,9.969388603575872,-0.008722539533648576,10.012917772405766,0.004160817464192708,0.20736145227837766,1,-1.0,-1.0,0,0,0,6,0,31.5,32.0,75.0,15.1,1011.5,kandi/KAND,366.5034435036539,80.5,88.5,0.774907903381328
11.110768194398915,2.93642645214116,KAND,kandi,11.123456,2.954658,2436.504964460891,7079.457844,327.0,100.0,427.0,538.0,10,330.76531982421875,234.6561746134305,2.2618367514822837,320.76531982421875,-0.0010406742251016263,3.0846549930667417,-0.0003252536820407954,3.074358730668822,0.026171128164926893,0.8370398544219332,1,-1.0,-1.0,0,0,2,6,0,30.3,45.0,32.0,11.2,1007.8,kandi/KAND,367.7244494531442,82.3,90.3,0.4965904788462816
11.12647202947038,2.928167594105924,KAND,kandi,11.123456,2.954658,2913.0128458227105,7079.457844,327.0,100.0,427.0,538.0,10,297.0646667480469,276.62122044166745,2.553993093686263,287.0646667480469,-0.012333575397932612,11.800089550261072,-0.012144701559704095,11.851928361614872,0.001359383577507921,0.055090083923220685,1,-1.0,-1.0,0,0,0,2,0,35.3,21.0,79.0,20.2,1008.9,kandi/KAND,192.4369964429442,81.1,87.2,0.5364879237522507
11.110031347150219,2.9348677901199354,KAND,kandi,11.123456,2.954658,2622.834095626909,7079.457844,327.0,100.0,427.0,538.0,10,329.97186279296875,235.34503317243627,2.1186123913610846,319.97186279296875,-0.0012702710700757576,2.982910643969894,-0.001970508716724537,2.971241524538151,-0.02682647705078125,1.2259102365086225,1,-1.0,-1.0,0,0,0,9,0,33.4,23.0,80.0,18.4,1011.3,kandi/KAND,309.17405911533984,88.6,82.3,0.9654159534817355
11.139627648218434,2.9246040485928444,KAND,kandi,11.123456,2.954658,3738.771248879575,7079.457844,327.0,100.0,427.0,538.0,10,291.42852783203125,298.7434689672691,2.0766906777109604,281.42852783203125,-0.011172493489583334,14.206769320281067,-0.010853628724265915,14.226291036892942,0.0077130635579427086,0.3504517476408843,1,-1.0,-1.0,0,0,0,0,0,30.2,23.0,100.0,18.4,1012.1,kandi/KAND,262.99505261506863,84.6,83.8,0.9635799122221537
11.113391965319874,2.9317308404118467,KAND,kandi,11.123456,2.954658,2740.9052350889724,7079.457844,327.0,100.0,427.0,538.0,10,314.9555969238281,245.9006936437712,2.3408686392365086,304.9555969238281,-0.006949406531316492,5.278981932157985,-0.006509765657021653,5.339857001575449,-0.006599081396317009,0.2142702232674557,1,-1.0,-1.0,0,0,0,0,0,33.4,23.0,80.0,18.4,1011.3,kandi/KAND,387.96207043984134,88.6,87.3,0.8556421217024035
11.122766177866776,2.9251273994506564,KAND,kandi,11.123456,2.954658,3226.882859620733,7079.457844,327.0,100.0,427.0,538.0,10,301.06451416015625,268.6390779803421,2.2349468913563877,291.06451416015625,-0.009957056869695216,10.809755095825224,-0.009632272431344695,10.84344887540649,0.006512705485026042,0.2983682955396957,1,-1.0,-1.0,0,0,0,0,0,31.0,31.0,80.0,11.2,1011.0,kandi/KAND,125.68023710985162,82.0,80.5,0.18760929276503358
11.120268950856996,2.9172840800580295,KAND,kandi,11.123456,2.954658,4098.009413565544,7079.457844,327.0,100.0,427.0,538.0,10,309.3978271484375,265.0366876722396,1.6437881660763607,299.3978271484375,-0.0058217886300562655,9.99205419664283,-0.005522291151453837,9.925005720853479,0.015206146240234376,0.7429718048602497,1,-1.0,-1.0,0,0,0,0,0,35.2,25.0,75.0,18.4,1008.5,kandi/KAND,262.5331864737047,86.1,77.7,0.5942726943015799
11.13583567905836,2.9180610971934273,KAND,kandi,11.123456,2.954658,4225.854793798479,7079.457844,327.0,100.0,427.0,538.0,10,299.6365661621094,289.02542357669694,1.7263202876103863,289.6365661621094,-0.0079598910255797,13.113742745965194,-0.0076878290149193194,13.04751337429736,0.008717376308811019,0.21311781115023598,1,-1.0,-1.0,0,0,0,0,0,26.8,36.0,58.0,15.8,1010.5,kandi/KAND,239.88586973826605,79.8,85.4,0.8781474246555374
11.111150987539748,2.933584944051997,KAND,kandi,11.123456,2.954658,2674.3900993869793,7079.457844,327.0,100.0,427.0,538.0,10,322.8974914550781,239.24563119960217,2.2291529404474275,312.8974914550781,-0.003862180356626157,3.571982981541305,-0.0037030230511675825,3.58684240285654,-0.005386691623263888,0.28707921214754434,1,-1.0,-1.0,0,0,0,0,0,31.0,43.0,40.0,3.6,1008.2,kandi/KAND,316.71466585051456,88.7,82.3,0.3744639364489377
11.135798957913705,2.91803537164576,KAND,kandi,11.123456,2.954658,4227.2000411132285,7079.457844,327.0,100.0,427.0,538.0,10,299.6365661621094,288.96066704796624,1.725771242583477,289.6365661621094,-0.007961074948805961,13.11921761858387,-0.00769557808755585,13.053100015739979,0.008348003846469653,0.21311781115023598,1,-1.0,-1.0,0,0,0,0,0,30.4,39.0,60.0,7.6,1009.9,kandi/KAND,239.88586973826605,85.4,79.8,0.10110616593558497
11.112219416421386,2.932550168821486,KAND,kandi,11.123456,2.954658,2716.2167525365244,7079.457844,327.0,100.0,427.0,538.0,10,320.8040771484375,242.61870885679565,2.238952679371049,310.8040771484375,-0.004043431393954629,4.429802941936951,-0.004836347026209677,4.4937531830242525,0.0030743916829427086,0.5231527071853881,1,-1.0,-1.0,0,0,1,0,0,28.3,38.0,34.0,17.3,1009.3,kandi/KAND,259.74237178418406,87.3,88.7,0.8109629022399218
11.111141078121552,2.9342727375512774,KAND,kandi,11.123456,2.954658,2610.564049216775,7079.457844,327.0,100.0,427.0,538.0,10,325.0936584472656,238.38292561586724,2.235470999041367,315.0936584472656,-0.003159441392435538,3.4286299268039784,-0.0036882292810200548,3.4309004533030842,-0.027830418974081065,0.7681636752879435,1,-1.0,-1.0,0,0,0,0,0,31.0,43.0,40.0,3.6,1008.2,kandi/KAND,382.98217256152554,88.7,85.8,0.48176355136217164
11.111942845252761,2.931966059901001,KAND,kandi,11.123456,2.954658,2786.9553858216814,7079.457844,327.0,100.0,427.0,538.0,10,319.6178283691406,242.65999705726892,2.206530939177065,309.6178283691406,-0.004925450253501575,4.494633871197266,-0.004995256390487939,4.573637232886912,-0.008256361219618055,0.32688927161876097,1,-1.0,-1.0,0,0,0,0,0,28.3,38.0,34.0,17.3,1009.3,kandi/KAND,387.96207043984134,87.3,88.6,0.5643926803591786
11.111797622395358,2.932799336115212,KAND,kandi,11.123456,2.954658,2713.901724031354,7079.457844,327.0,100.0,427.0,538.0,10,322.1593017578125,241.475667367887,2.212292360076204,312.1593017578125,-0.003940432021838314,4.0376348271392875,-0.004267210601478494,4.083232557800388,0.0026135762532552087,0.3703879066340175,1,-1.0,-1.0,0,0,1,0,0,30.3,45.0,32.0,11.2,1007.8,kandi/KAND,316.71466585051456,82.3,88.7,0.9821442963178444
11.111795120564796,2.9319900384010764,KAND,kandi,11.123456,2.954658,2792.1373060332703,7079.457844,327.0,100.0,427.0,538.0,10,319.6178283691406,242.33597202491103,2.2024398808149326,309.6178283691406,-0.004860833350648271,4.401163467867523,-0.004770929523572907,4.446289710509687,-0.007220249800294855,0.46333214589967203,1,-1.0,-1.0,0,0,0,0,0,28.3,38.0,34.0,17.3,1009.3,kandi/KAND,387.96207043984134,87.3,88.6,0.6072114304940721
11.110237108801309,2.935501794315631,KAND,kandi,11.123456,2.954658,2552.9378595930884,7079.457844,327.0,100.0,427.0,538.0,10,332.0610656738281,234.88489982169173,2.1297403426805332,322.0610656738281,-0.0004900436992793119,3.0040239219006173,-0.0012704654788858122,2.983641715198019,-0.01879811585817467,0.6458554966828328,1,-1.0,-1.0,0,0,0,14,0,30.3,45.0,32.0,11.2,1007.8,kandi/KAND,112.37245272427367,85.8,82.3,0.4249793856661014
11.109467177742017,2.932073863072126,KAND,kandi,11.123456,2.954658,2912.288061509529,7079.457844,327.0,100.0,427.0,538.0,10,323.0545959472656,237.73987668988474,2.0441336018045595,313.0545959472656,-0.003493463425409226,3.5002011403525413,-0.003320268710904591,3.5092162830557334,0.004550937770183221,0.3249935115218952,1,-1.0,-1.0,0,0,0,0,0,31.0,43.0,40.0,3.6,1008.2,kandi/KAND,173.06789013672005,86.1,88.6,0.3699843678471978
11.13474129102262,2.928926671215391,KAND,kandi,11.123456,2.954658,3075.612499653977,7079.457844,327.0,100.0,427.0,538.0,10,294.7292175292969,294.08652684514607,2.4625633028036695,284.7292175292969,-0.012438094988018384,13.428942576619145,-0.012179032583085317,13.482736163333092,0.003580474853515625,0.18246207866340428,1,-1.0,-1.0,0,0,2,14,0,25.1,38.0,70.0,13.7,1012.7,kandi/KAND,265.70070718742903,84.2,85.1,0.4176192926540456
11.11932071697449,2.9242830238991497,KAND,kandi,11.123456,2.954658,3349.6215385111755,7079.457844,327.0,100.0,427.0,538.0,10,303.1171875,262.10376125063726,2.118068750396479,293.1171875,-0.008990533011300223,9.932876395151565,-0.008706147489491958,9.980528549853146,0.0048828125,0.23300899623624524,1,-1.0,-1.0,0,0,0,4,0,33.2,27.0,75.0,15.8,1010.6,kandi/KAND,366.5034435036539,88.5,80.5,0.11839908317866876
11.108748040438243,2.918907551267579,KAND,kandi,11.123456,2.954658,4230.8579058443465,7079.457844,327.0,100.0,427.0,538.0,10,318.00958251953125,247.2564846402417,1.4756605514831782,308.00958251953125,-0.0036160175078129887,7.002370683458356,-0.003216302730621303,6.956967358095394,0.024673171728405385,0.675985281730152,1,-1.0,-1.0,0,0,0,0,0,26.1,45.0,70.0,11.9,1012.3,kandi/KAND,305.7478243151074,82.3,89.2,0.7947505584175718
11.11128441821976,2.937431751581077,KAND,kandi,11.123456,2.954658,2313.897545528392,7079.457844,327.0,100.0,427.0,538.0,10,328.9133605957031,234.24457579392185,2.4273278125420505,318.9133605957031,-0.0018854777018229173,3.164599569629749,-0.001329893624148051,3.148053785295626,0.010898928617920784,0.42311896838284846,1,-1.0,-1.0,0,0,0,0,0,30.3,45.0,32.0,11.2,1007.8,kandi/KAND,367.7244494531442,82.3,90.3,0.8377168581870411
11.123484190820866,2.9231849927950595,KAND,kandi,11.123456,2.954658,3438.170059074191,7079.457844,327.0,100.0,427.0,538.0,10,302.79351806640625,270.05533916117594,2.0689534420710265,292.79351806640625,-0.008849814594655796,11.003884804708369,-0.008301927641174147,10.985597313398378,0.013183376830942561,0.23894923992836317,1,-1.0,-1.0,0,0,0,0,0,31.5,32.0,75.0,15.1,1011.5,kandi/KAND,340.76806176995353,81.6,82.0,0.28439713457340887
11.120430001342912,2.9171046820484015,KAND,kandi,11.123456,2.954658,4116.046858100672,7079.457844,327.0,100.0,427.0,538.0,10,310.38818359375,265.308966649888,1.6228139328712226,300.38818359375,-0.005540385223241244,9.990208810872927,-0.005296139065310251,9.954525615491457,0.02047390407986111,0.7592902639338497,1,-1.0,-1.0,0,0,0,1,0,35.3,25.0,76.0,17.3,1007.6,kandi/KAND,262.5331864737047,77.7,86.1,0.3037966184099441
11.114176517895556,2.9315255909137714,KAND,kandi,11.123456,2.954658,2727.5769613646044,7079.457844,327.0,100.0,427.0,538.0,10,314.1882019042969,247.7664960538394,2.368387091121095,304.1882019042969,-0.007009954766912774,5.502769518140319,-0.007278698991462286,5.662926588490053,-0.013004374138976699,0.34844039835066554,1,-1.0,-1.0,0,0,0,1,0,28.3,38.0,34.0,17.3,1009.3,kandi/KAND,275.9081341679291,87.4,87.3,0.8743342563348132
11.111583477431717,2.9379190457649766,KAND,kandi,11.123456,2.954658,2251.357566245306,7079.457844,327.0,100.0,427.0,538.0,10,329.192626953125,234.1407038967793,2.4875782501826498,319.192626953125,-0.001812610291598136,3.1927553779080022,-0.0019665253200791834,3.179699203869392,-0.007537273796962933,0.19365976987744957,1,-1.0,-1.0,0,0,0,1,0,30.3,45.0,32.0,11.2,1007.8,kandi/KAND,251.1567510887154,90.3,90.0,0.023970355527955456
11.110742395914007,2.936376211913218,KAND,kandi,11.123456,2.954658,2442.635432133803,7079.457844,327.0,100.0,427.0,538.0,10,330.76531982421875,234.67566135351476,2.2561659216964296,320.76531982421875,-0.0010406742251016258,3.062794121262391,-0.0003765045650421626,3.0409446094543426,0.01847076416015625,0.8796028835905152,1,-1.0,-1.0,0,0,2,7,0,30.3,45.0,32.0,11.2,1007.8,kandi/KAND,367.7244494531442,90.3,82.3,0.5204574437672277
11.13061188114349,2.9214677339705815,KAND,kandi,11.123456,2.954658,3711.119559750607,7079.457844,327.0,100.0,427.0,538.0,10,299.6279602050781,282.3959950726708,1.9657185995005877,289.6279602050781,-0.009058445756153393,12.29816150619956,-0.008790038747869038,12.264953968226278,0.005234130510507341,0.07657017065750166,1,-1.0,-1.0,0,0,0,0,0,30.7,25.0,24.0,16.6,1009.0,kandi/KAND,296.59233233508934,86.6,85.7,0.46367571468150104
11.119205817155873,2.9305725216987955,KAND,kandi,11.123456,2.954658,2672.8327800435695,7079.457844,327.0,100.0,427.0,538.0,10,307.5628662109375,259.80724653338405,2.5585941306771383,297.5628662109375,-0.009541671187789353,8.431469206795148,-0.009575248935454719,8.49508639978047,-0.008325397721813912,0.34935879743058934,1,-1.0,-1.0,0,0,1,4,0,31.0,31.0,80.0,11.2,1011.0,kandi/KAND,351.7491748390901,85.1,88.4,0.6901267695784598
11.134453835930433,2.9064760700401795,KAND,kandi,11.123456,2.954658,5402.14367826099,7079.457844,327.0,100.0,427.0,538.0,10,303.1526794433594,283.10050325508814,1.3133093861977716,293.1526794433594,-0.005587546106906663,10.947799986702984,-0.0054369748293698495,10.894595712967977,0.004145304361979167,0.21870220502505883,1,-1.0,-1.0,0,0,0,0,0,28.4,37.0,100.0,3.6,1009.9,kandi/KAND,348.3702771476682,79.6,81.9,0.16339170014945448
11.10909956205214,2.9316145135593565,KAND,kandi,11.123456,2.954658,2976.4174690504638,7079.457844,327.0,100.0,427.0,538.0,10,323.75543212890625,237.5896321409924,1.9866524840001694,313.75543212890625,-0.0031899820963541665,3.481735120867569,-0.003290761899000082,3.5102736032786486,-0.0049638564373430385,0.21278749273325984,1,-1.0,-1.0,0,0,0,0,0,33.4,23.0,80.0,18.4,1011.3,kandi/KAND,144.11587076282325,81.5,86.1,0.6683307407951538
11.125914129967402,2.9290318885542534,KAND,kandi,11.123456,2.954658,2812.605637835947,7079.457844,327.0,100.0,427.0,538.0,10,298.5749206542969,275.5859544247919,2.6143401131062873,288.5749206542969,-0.01232285736300421,11.338839332118082,-0.012444214007404983,11.474961035947285,-0.012098650862827584,0.299011954921632,1,-1.0,-1.0,0,0,1,7,0,35.3,21.0,79.0,20.2,1008.9,kandi/KAND,226.3883029222813,81.1,83.3,0.37673400787487643
11.131036732778801,2.9229785479016894,KAND,kandi,11.123456,2.954658,3560.820680571514,7079.457844,327.0,100.0,427.0,538.0,10,298.9724426269531,283.7087845414593,2.0591545883028606,288.9724426269531,-0.009605478649002954,12.56763169557956,-0.009503333562004996,12.54569156496376,-0.00035400390625,0.05927142218938079,1,-1.0,-1.0,0,0,1,3,0,33.0,34.0,28.0,16.2,1007.9,kandi/KAND,371.69589343971694,82.4,86.6,0.618714778169642
11.110097831912716,2.934935214158158,KAND,kandi,11.123456,2.954658,2612.5993642087337,7079.457844,327.0,100.0,427.0,538.0,10,329.97186279296875,235.38660687666993,2.1269043451445677,319.97186279296875,-0.0012702710700757574,2.9866717553722917,-0.002196660143382181,2.9815639568450556,-0.041820958819643594,1.157020575060723,1,-1.0,-1.0,0,0,0,9,0,30.3,45.0,32.0,11.2,1007.8,kandi/KAND,237.3936713820402,82.3,90.3,0.04009500987277592
11.123489558358589,2.9235941217078896,KAND,kandi,11.123456,2.954658,3393.4766564320653,7079.457844,327.0,100.0,427.0,538.0,10,302.6036071777344,270.06607825369076,2.0993803871526593,292.6036071777344,-0.008982974046852155,11.009722924879087,-0.008849814594655796,11.003884804708369,0.004382663302951389,0.16300492216016385,1,-1.0,-1.0,0,0,0,0,0,31.5,32.0,75.0,15.1,1011.5,kandi/KAND,306.15079813714885,84.4,80.5,0.4617271971845094
11.135990183802065,2.9348065978544424,KAND,kandi,11.123456,2.954658,2573.8994497743233,7079.457844,327.0,100.0,427.0,538.0,10,292.7457275390625,302.7633185488553,2.9858348282954883,282.7457275390625,-0.015738026035512657,12.475200082835556,-0.015349000872987689,12.716750313470264,-0.0002241346571180556,0.029331110779118204,1,-1.0,-1.0,0,0,5,6,0,33.4,16.0,49.0,20.9,1010.0,kandi/KAND,305.11071367616483,83.2,87.6,0.5222508939823721
11.112008158346894,2.9379908809976247,KAND,kandi,11.123456,2.954658,2217.833897521765,7079.457844,327.0,100.0,427.0,538.0,10,329.0374450683594,235.01002847968323,2.5291321241368268,319.0374450683594,-0.001931501508833052,3.1677953910054115,-0.0027367314392185123,3.149685810873296,-0.021686825908987028,0.5159580365231753,1,-1.0,-1.0,0,0,0,2,0,30.3,45.0,32.0,11.2,1007.8,kandi/KAND,251.1567510887154,90.3,90.0,0.2143264028549866
11.111070190856486,2.9225867930097986,KAND,kandi,11.123456,2.954658,3761.944284642175,7079.457844,327.0,100.0,427.0,538.0,10,312.7945556640625,248.51934203374475,1.7388563954889833,302.7945556640625,-0.00543143459098049,7.407692503000136,-0.005308024088541667,7.409840373074638,0.0076721191406249984,0.3639718016421763,1,-1.0,-1.0,0,0,0,0,0,36.4,21.0,100.0,14.8,1008.9,kandi/KAND,246.3349853351433,85.9,85.3,0.1396236541791207
11.135316305945512,2.914261478427909,KAND,kandi,11.123456,2.954658,4603.788253793371,7079.457844,327.0,100.0,427.0,538.0,10,299.5340881347656,286.66236876300195,1.5859533627268898,289.5340881347656,-0.007356337976429687,12.29300762677233,-0.007139326568342681,12.240965167095842,-0.000970204671223958,0.18293594997226337,1,-1.0,-1.0,0,0,0,0,0,30.4,39.0,60.0,7.6,1009.9,kandi/KAND,396.79356169185417,86.4,83.5,0.1884743030123014
11.129692918091077,2.920676063732332,KAND,kandi,11.123456,2.954658,3775.7729046388017,7079.457844,327.0,100.0,427.0,538.0,10,301.08746337890625,280.5981488790251,1.909962459265139,291.08746337890625,-0.008549585189807564,12.019184649405352,-0.008264893334405075,11.974817274421188,0.001825542818855614,0.13669968433787283,1,-1.0,-1.0,0,0,0,5,0,25.9,36.0,63.0,14.4,1011.3,kandi/KAND,303.403835341593,74.6,86.6,0.34414107806334804
11.109450546563869,2.930960742581942,KAND,kandi,11.123456,2.954658,3016.941791354715,7079.457844,327.0,100.0,427.0,538.0,10,322.45245361328125,238.9410204240009,1.984704223094941,312.45245361328125,-0.0035439472643602962,3.786206307964096,-0.003957310154985841,3.8810147496868392,-0.015034230550130208,0.7183273514687923,1,-1.0,-1.0,0,0,0,0,0,33.4,23.0,80.0,18.4,1011.3,kandi/KAND,144.11587076282325,81.5,86.1,0.09681014930497145
11.135744057356549,2.914490970454783,KAND,kandi,11.123456,2.954658,4593.538628661621,7079.457844,327.0,100.0,427.0,538.0,10,299.2793273925781,287.3207145975551,1.5926655213153613,289.2793273925781,-0.0073692751137209135,12.422062602641791,-0.00729509270701419,12.39941701540597,-0.0022630580915665387,0.2902263047397829,1,-1.0,-1.0,0,0,0,0,0,30.7,25.0,24.0,16.6,1009.0,kandi/KAND,396.79356169185417,83.5,86.4,0.9473197957296045
11.115672563599174,2.9352523448335015,KAND,kandi,11.123456,2.954658,2288.100224574468,7079.457844,327.0,100.0,427.0,538.0,10,318.0743103027344,247.76884872006113,2.725524896959805,308.0743103027344,-0.0066021939892789505,4.643906342075447,-0.006815276801973776,4.7233194491289145,-0.017688597675970977,0.6244977159753365,1,-1.0,-1.0,0,0,2,1,0,36.2,24.0,60.0,11.2,1006.9,kandi/KAND,271.9160182852466,88.7,89.9,0.4049940614958173
11.126645183102095,2.929749284645389,KAND,kandi,11.123456,2.954658,2743.8312665734875,7079.457844,327.0,100.0,427.0,538.0,10,297.6352844238281,277.4367463053418,2.6993523905466326,287.6352844238281,-0.013272591222727418,11.485988879281422,-0.012752484260721406,11.624858345504766,-0.011944325764973958,0.5718778600386721,1,-1.0,-1.0,0,0,3,4,0,35.7,22.0,60.0,14.8,1008.1,kandi/KAND,253.12137819628967,87.2,83.3,0.808969602506749
11.118066805770574,2.9248207278905585,KAND,kandi,11.123456,2.954658,3313.5724671391777,7079.457844,327.0,100.0,427.0,538.0,10,303.2234191894531,259.57285959382887,2.1392560313762936,293.2234191894531,-0.009039627395950637,9.560668402964481,-0.008753521674502213,9.634246402174687,0.002903238932291667,0.1775771225105046,1,-1.0,-1.0,0,0,1,1,0,33.2,27.0,75.0,15.8,1010.6,kandi/KAND,116.63871176489182,88.5,78.9,0.9744171231088467
11.122350322694258,2.924215658493438,KAND,kandi,11.123456,2.954658,3327.831526714933,7079.457844,327.0,100.0,427.0,538.0,10,301.6587829589844,267.88306127766975,2.1569991215347843,291.6587829589844,-0.009509488125821133,10.759955339679776,-0.009074257386259112,10.778180707010241,0.010054032439622116,0.23759691801850183,1,-1.0,-1.0,0,0,0,0,0,31.5,32.0,75.0,15.1,1011.5,kandi/KAND,280.0326934020449,80.5,81.6,0.08073528000273911
11.134990158542989,2.9066979966384783,KAND,kandi,11.123456,2.954658,5392.249442365956,7079.457844,327.0,100.0,427.0,538.0,10,302.0453186035156,283.7765887426278,1.3274784229553138,292.0453186035156,-0.005790127814499224,11.127964076285107,-0.005739182692307692,11.07941510187223,-0.00031941731770833334,0.0232291835882766,1,-1.0,-1.0,0,0,0,0,0,28.4,37.0,100.0,3.6,1009.9,kandi/KAND,348.3702771476682,81.9,79.6,0.651669467934994
11.12070682635705,2.9167963200073355,KAND,kandi,11.123456,2.954658,4147.262755219478,7079.457844,327.0,100.0,427.0,538.0,10,311.2359313964844,265.77143062916036,1.598902959929845,301.2359313964844,-0.005297229501555006,10.003610816606415,-0.005232667468843006,9.969127266000374,0.009892442491319445,0.37215072408706223,1,-1.0,-1.0,0,0,0,0,0,35.2,25.0,75.0,18.4,1008.5,kandi/KAND,262.5331864737047,86.1,77.7,0.871409086741214
11.109305837750908,2.933079904055626,KAND,kandi,11.123456,2.954658,2829.618948859098,7079.457844,327.0,100.0,427.0,538.0,10,326.0939636230469,236.24711109765605,2.042339002650237,316.0939636230469,-0.0025373385245339914,3.0517201729718275,-0.0029634392456419317,3.075409589047087,-0.02566637313484735,0.7952581232754736,1,-1.0,-1.0,0,0,0,0,0,30.3,45.0,32.0,11.2,1007.8,kandi/KAND,352.26948019734937,82.3,86.1,0.6342344339667283
11.135635824248062,2.9069651686543714,KAND,kandi,11.123456,2.954658,5381.326603796038,7079.457844,327.0,100.0,427.0,538.0,10,301.3603515625,284.5936052143274,1.337460921322211,291.3603515625,-0.005919449417679397,11.270077013317943,-0.005903161823420234,11.246654063184753,0.001727294921875,0.088053386702041,1,-1.0,-1.0,0,0,0,0,0,28.4,37.0,100.0,3.6,1009.9,kandi/KAND,348.3702771476682,81.9,79.6,0.4290261213574127
11.109630500614198,2.919381615862612,KAND,kandi,11.123456,2.954658,4146.10359248159,7079.457844,327.0,100.0,427.0,538.0,10,317.6213684082031,248.23096251121927,1.51117322076552,307.6213684082031,-0.0037659496426296463,7.167876348266442,-0.0037338386214379833,7.1460328931271935,0.004860846429248254,0.18267242786968071,1,-1.0,-1.0,0,0,0,0,0,26.1,45.0,70.0,11.9,1012.3,kandi/KAND,305.7478243151074,82.3,89.2,0.4310763576379383
11.136304511790934,2.9163770792287513,KAND,kandi,11.123456,2.954658,4416.704306626641,7079.457844,327.0,100.0,427.0,538.0,10,300.4687805175781,288.88802959408207,1.6409797856047483,290.4687805175781,-0.00740013466225014,12.872995944927395,-0.007402398890978662,12.841574451287464,-0.0024462472406555605,0.08327511600828275,1,-1.0,-1.0,0,0,0,0,0,30.4,39.0,60.0,7.6,1009.9,kandi/KAND,193.28666844877344,82.8,85.4,0.03589888600735891
11.122923601254726,2.923432651905294,KAND,kandi,11.123456,2.954658,3411.6255049493493,7079.457844,327.0,100.0,427.0,538.0,10,302.367431640625,269.0075042882718,2.092183332832759,292.367431640625,-0.009052031221445541,10.908005098685736,-0.008639425490043968,10.903519924339406,0.009919400799897147,0.16548769452793424,1,-1.0,-1.0,0,0,0,0,0,31.5,32.0,75.0,15.1,1011.5,kandi/KAND,280.0326934020449,81.6,80.5,0.5346007512892753
11.112029410514731,2.9342805249152377,KAND,kandi,11.123456,2.954658,2559.918741504261,7079.457844,327.0,100.0,427.0,538.0,10,322.14801025390625,240.25525606964868,2.3454730153062555,312.14801025390625,-0.005181720823081757,3.648623063607137,-0.004219797806637659,3.669282673066532,-0.019276263128603227,0.6309317976831842,1,-1.0,-1.0,0,0,0,0,0,30.3,45.0,32.0,11.2,1007.8,kandi/KAND,256.65974849969416,85.8,90.3,0.9935429967868474
11.111972280342595,2.9343373067326657,KAND,kandi,11.123456,2.954658,2557.659274379226,7079.457844,327.0,100.0,427.0,538.0,10,323.07177734375,240.0629046294837,2.3268832290340073,313.07177734375,-0.00397426398225533,3.6104393051988914,-0.004234680040980165,3.6493353271938527,-0.01970784792453586,0.6309317976831842,1,-1.0,-1.0,0,0,0,0,0,30.3,45.0,32.0,11.2,1007.8,kandi/KAND,256.65974849969416,85.8,90.3,0.9587075259719341
11.135949909719681,2.9284551473290925,KAND,kandi,11.123456,2.954658,3178.5596682208447,7079.457844,327.0,100.0,427.0,538.0,10,294.0771179199219,295.92016431218804,2.3946334287635658,284.0771179199219,-0.01233938880072281,13.642979220670135,-0.01215061615217502,13.698431871851287,-0.00032297900434240766,0.045197566070191056,1,-1.0,-1.0,0,0,2,12,0,25.1,38.0,70.0,13.7,1012.7,kandi/KAND,265.70070718742903,85.1,84.2,0.04039922884216318
11.118304764783757,2.9246689072910903,KAND,kandi,11.123456,2.954658,3325.275784921701,7079.457844,327.0,100.0,427.0,538.0,10,303.2355651855469,260.073453381969,2.13152488146433,293.2355651855469,-0.009022460146310888,9.64116526081389,-0.008839069917841998,9.719731937754226,0.0033721923828125,0.12434460771628375,1,-1.0,-1.0,0,0,0,0,0,33.2,27.0,75.0,15.8,1010.6,kandi/KAND,116.63871176489182,88.5,78.9,0.7057970036294882
11.111398476240623,2.933707541681428,KAND,kandi,11.123456,2.954658,2648.980486867454,7079.457844,327.0,100.0,427.0,538.0,10,322.5906066894531,239.60901732141883,2.257141049780816,312.5906066894531,-0.004510895117763181,3.628097909899777,-0.003906002701339224,3.6480098959377454,-0.0031250408926072593,0.11571533847962302,1,-1.0,-1.0,0,0,0,0,0,31.0,43.0,40.0,3.6,1008.2,kandi/KAND,382.98217256152554,88.7,85.8,0.3017648666969308
11.130166853190577,2.9225919347513676,KAND,kandi,11.123456,2.954658,3580.707147593338,7079.457844,327.0,100.0,427.0,538.0,10,299.967041015625,282.043373292467,2.031833603478555,289.967041015625,-0.009266204833984375,12.318647077451446,-0.009220954963482469,12.303838314830084,0.0014357924928389417,0.10563850538862131,1,-1.0,-1.0,0,0,3,7,0,33.0,34.0,28.0,16.2,1007.9,kandi/KAND,371.69589343971694,82.4,86.6,0.9029891534061367
11.133846689844118,2.92306564064911,KAND,kandi,11.123456,2.954658,3637.5082428874452,7079.457844,327.0,100.0,427.0,538.0,10,295.1402893066406,288.53429649501555,2.0760635472390225,285.1402893066406,-0.010954930278901417,13.271236307188213,-0.010239072141481443,13.271052133385094,-0.00039413445004476386,0.15286240336844753,1,-1.0,-1.0,0,0,2,6,0,30.0,38.0,28.0,18.0,1008.6,kandi/KAND,138.00206411489975,84.7,82.4,0.045114745709278536
11.138566569962284,2.9209261888469835,KAND,kandi,11.123456,2.954658,4046.204151375848,7079.457844,327.0,100.0,427.0,538.0,10,297.13006591796875,294.5423471675262,1.8383762086113167,287.13006591796875,-0.008909433156757846,13.827171850165463,-0.008497113383574747,13.772396603521953,0.01979460969348934,0.48723233684210315,1,-1.0,-1.0,0,0,0,0,0,30.2,23.0,100.0,18.4,1012.1,kandi/KAND,224.00284038368383,84.6,85.2,0.9358741020110806
11.13985280975079,2.9289588718466923,KAND,kandi,11.123456,2.954658,3342.2795475519974,7079.457844,327.0,100.0,427.0,538.0,10,292.9733581542969,303.03697074291836,2.2963515307854463,282.9733581542969,-0.012009529840378534,13.945583539368029,-0.011864841751187865,13.986005251543215,-0.0024696350097656253,0.11969528131862413,1,-1.0,-1.0,0,0,2,0,0,25.1,38.0,70.0,13.7,1012.7,kandi/KAND,298.9384769478677,83.4,79.7,0.8374757437877769
11.135654076270853,2.9175187104070988,KAND,kandi,11.123456,2.954658,4275.570073876046,7079.457844,327.0,100.0,427.0,538.0,10,300.1227111816406,288.51086374026016,1.6997500476201959,290.1227111816406,-0.007739549472337558,12.974911069189357,-0.00756506908899066,12.90901091924201,0.0042689005533854164,0.1947533385329749,1,-1.0,-1.0,0,0,1,0,0,30.4,39.0,60.0,7.6,1009.9,kandi/KAND,371.02901908073824,85.4,86.4,0.11750438225260151
11.134654270009616,2.9309146870649667,KAND,kandi,11.123456,2.954658,2874.323663466413,7079.457844,327.0,100.0,427.0,538.0,10,293.5463562011719,295.67486534147787,2.6583099633309177,283.5463562011719,-0.013801582285953134,13.16453189369754,-0.013519650413876488,13.294137872180992,0.0014967176649305556,0.05900154611851293,1,-1.0,-1.0,0,0,2,6,0,25.1,38.0,70.0,13.7,1012.7,kandi/KAND,334.3661974542558,84.5,87.6,0.05982433731729919
11.126979003029355,2.928066199394129,KAND,kandi,11.123456,2.954658,2930.9422348806584,7079.457844,327.0,100.0,427.0,538.0,10,297.00677490234375,277.69224629566884,2.5395195887333863,287.00677490234375,-0.012331673277519066,11.907849334538046,-0.012039927164713542,12.001224958534102,0.0035725911458333332,0.13713260643842834,1,-1.0,-1.0,0,0,0,2,0,35.3,21.0,79.0,20.2,1008.9,kandi/KAND,192.4369964429442,81.1,87.2,0.8347076643269359
11.13393460613678,2.929515848622913,KAND,kandi,11.123456,2.954658,2981.092089003538,7079.457844,327.0,100.0,427.0,538.0,10,294.8526611328125,293.0163479216945,2.5381742802459426,284.8526611328125,-0.012549391202046536,13.297401349104597,-0.012594074907705902,13.331197994113476,0.009185987981366531,0.3292334448682129,1,-1.0,-1.0,0,0,2,9,0,25.1,38.0,70.0,13.7,1012.7,kandi/KAND,183.82149629455927,84.2,84.5,0.15575767097457938
11.10866206212535,2.9310746837257695,KAND,kandi,11.123456,2.954658,3052.1323305017627,7079.457844,327.0,100.0,427.0,538.0,10,323.4591369628906,237.41151905689674,1.942963020147835,313.4591369628906,-0.0032093678044057055,3.489813762460313,-0.00312960698054387,3.516275565562629,0.0022972954644097225,0.3491926113316242,1,-1.0,-1.0,0,0,0,0,0,31.0,43.0,40.0,3.6,1008.2,kandi/KAND,209.350490283057,88.1,81.5,0.5348981529758705
11.138388161895087,2.920688451361236,KAND,kandi,11.123456,2.954658,4061.8050222138163,7079.457844,327.0,100.0,427.0,538.0,10,297.3453674316406,294.13577587066226,1.8282861148063718,287.3453674316406,-0.008818630143707873,13.75864462403777,-0.008546241354827143,13.70029735468725,0.007767486572265625,0.37147458682316775,1,-1.0,-1.0,0,0,0,0,0,26.8,36.0,58.0,15.8,1010.5,kandi/KAND,222.29118403569404,79.8,85.2,0.9157448578787095
11.112795966527262,2.9381241395969546,KAND,kandi,11.123456,2.954658,2157.0511153576704,7079.457844,327.0,100.0,427.0,538.0,10,326.90478515625,236.69381312970222,2.6568319137467706,316.90478515625,-0.003029776527729835,3.281123161240993,-0.002841378976632883,3.2675176689250027,-0.008194986979166667,0.3220554492780032,1,-1.0,-1.0,0,0,2,0,0,30.3,45.0,32.0,11.2,1007.8,kandi/KAND,251.1567510887154,90.3,90.0,0.5674481135493233
11.111109700032305,2.9336351049631446,KAND,kandi,11.123456,2.954658,2672.0060924612753,7079.457844,327.0,100.0,427.0,538.0,10,323.39361572265625,239.10108087851555,2.2205174807144665,313.39361572265625,-0.0036784306278935183,3.503837039533891,-0.0037030230511675825,3.530414145141913,-0.005386691623263888,0.19803924402418008,1,-1.0,-1.0,0,0,0,0,0,31.0,43.0,40.0,3.6,1008.2,kandi/KAND,316.71466585051456,88.7,82.3,0.3972333014728241
11.117104533715194,2.9307534533715196,KAND,kandi,11.123456,2.954658,2704.2633703957067,7079.457844,327.0,100.0,427.0,538.0,10,310.0231628417969,254.8508002399459,2.476868034607164,300.0231628417969,-0.00853561010116186,7.271958245712258,-0.008758046145470925,7.344653568158949,-0.014872196052254184,0.4446123046417982,1,-1.0,-1.0,0,0,1,1,0,28.3,38.0,34.0,17.3,1009.3,kandi/KAND,234.26260072818872,87.4,88.4,0.4450160548539922
11.114454538320912,2.935715088061488,KAND,kandi,11.123456,2.954658,2296.475021637696,7079.457844,327.0,100.0,427.0,538.0,10,321.37237548828125,244.16187791119864,2.6334946271317925,311.37237548828125,-0.005174460142721862,4.024826150819773,-0.005136507573510021,4.085668472334413,-0.005470530192057292,0.24677579310918393,1,-1.0,-1.0,0,0,0,0,0,33.3,38.0,28.0,15.5,1007.0,kandi/KAND,271.9160182852466,89.9,88.7,0.06311717070387102
11.135675308391189,2.9179487471215118,KAND,kandi,11.123456,2.954658,4231.769085178272,7079.457844,327.0,100.0,427.0,538.0,10,299.9050598144531,288.74291522870146,1.7202770806827812,289.9050598144531,-0.007845145212092869,13.045553722036075,-0.00773275109348642,13.012406110959995,0.006576090563779225,0.2343329246573008,1,-1.0,-1.0,0,0,1,0,0,26.8,36.0,58.0,15.8,1010.5,kandi/KAND,239.88586973826605,79.8,85.4,0.9687523213615988
11.135979102863264,2.907107214977903,KAND,kandi,11.123456,2.954658,5375.961184442284,7079.457844,327.0,100.0,427.0,538.0,10,300.9072265625,285.0292612357505,1.3436219320967588,290.9072265625,-0.006003361454716434,11.327752838389433,-0.006007442475053144,11.304178593197904,-0.00020130797403973845,0.15308356153182787,1,-1.0,-1.0,0,0,0,1,0,28.4,37.0,100.0,3.6,1009.9,kandi/KAND,348.3702771476682,81.9,79.6,0.3106541850810828
11.13452915412585,2.9065072361900075,KAND,kandi,11.123456,2.954658,5400.7093738979975,7079.457844,327.0,100.0,427.0,538.0,10,303.26641845703125,283.19530090033396,1.3124520325140066,293.26641845703125,-0.005566474066840279,10.97392651610465,-0.005381809111724276,10.921561037617096,0.007492024565810648,0.1998499896959161,1,-1.0,-1.0,0,0,0,0,0,28.4,37.0,100.0,3.6,1009.9,kandi/KAND,348.3702771476682,79.6,81.9,0.18936349167285382
11.122418791219214,2.9246431635176933,KAND,kandi,11.123456,2.954658,3280.888047025422,7079.457844,327.0,100.0,427.0,538.0,10,301.3970642089844,267.98588092101994,2.19239588521189,291.3970642089844,-0.009675246729995264,10.75777665672141,-0.009393375863409544,10.769016239426882,0.009054522307319,0.3054290426311864,1,-1.0,-1.0,0,0,0,0,0,31.5,32.0,75.0,15.1,1011.5,kandi/KAND,125.68023710985162,80.5,82.0,0.2860473018403953
11.110590064094255,2.9198971009632153,KAND,kandi,11.123456,2.954658,4055.351465629678,7079.457844,327.0,100.0,427.0,538.0,10,316.3317565917969,249.33663755038282,1.5631813909486112,306.3317565917969,-0.004165103388767617,7.515576551893171,-0.004008970237416363,7.490747138694069,0.010310533311631944,0.3893363791762073,1,-1.0,-1.0,0,0,0,0,0,31.5,29.0,60.0,14.8,1011.4,kandi/KAND,305.7478243151074,89.2,82.3,0.9643731948914789
11.130158515323673,2.9225882290327436,KAND,kandi,11.123456,2.954658,3580.9121482360806,7079.457844,327.0,100.0,427.0,538.0,10,299.967041015625,282.02750068920585,2.0317173822231704,289.967041015625,-0.009266204833984376,12.31512111217358,-0.009220691321566197,12.300358322884776,0.001446426050128607,0.10563850538862131,1,-1.0,-1.0,0,0,3,5,0,30.7,25.0,24.0,16.6,1009.0,kandi/KAND,371.69589343971694,86.6,82.4,0.094286053488007
11.107847307491339,2.9314207751317456,KAND,kandi,11.123456,2.954658,3070.0540351282375,7079.457844,327.0,100.0,427.0,538.0,10,324.40509033203125,235.60853693787564,1.9139951683239373,314.40509033203125,-0.003218738861425385,3.1527379668670594,-0.002812423722735507,3.1636913384419696,-0.00313429148538644,0.25687505465861366,1,-1.0,-1.0,0,0,0,0,0,31.0,43.0,40.0,3.6,1008.2,kandi/KAND,152.93749306281921,86.1,88.1,0.8673030405011813
11.105339045867069,2.930644292724016,KAND,kandi,11.123456,2.954658,3301.244879652565,7079.457844,327.0,100.0,427.0,538.0,10,326.5520324707031,232.44697112525074,1.7428181452316944,316.5520324707031,-0.0020530868291468263,2.9490196810256055,-0.001703343528468166,2.967162173017581,0.0033966267601051353,0.4068189079678059,1,-1.0,-1.0,0,0,0,0,0,31.0,43.0,40.0,3.6,1008.2,kandi/KAND,383.69036938137486,88.1,86.3,0.7078438944014478
11.110368048478385,2.9326779571997754,KAND,kandi,11.123456,2.954658,2803.8645129971765,7079.457844,327.0,100.0,427.0,538.0,10,323.47625732421875,238.75132782669118,2.1145031826504117,313.47625732421875,-0.003492596132535461,3.5932282384567,-0.0037874963548448354,3.6727679103994206,-0.010987091064453124,0.5905880597965387,1,-1.0,-1.0,0,0,0,0,0,30.3,45.0,32.0,11.2,1007.8,kandi/KAND,309.17405911533984,82.3,88.6,0.8300191791590281
11.126277820695643,2.920675435657154,KAND,kandi,11.123456,2.954658,3725.3990116934024,7079.457844,327.0,100.0,427.0,538.0,10,305.7439270019531,274.84055345665524,1.864232360438478,295.7439270019531,-0.007355053710937501,11.245592547894038,-0.007052670162748814,11.208440478534584,0.012399913711424834,0.3806307650634137,1,-1.0,-1.0,0,0,0,3,0,31.5,32.0,75.0,15.1,1011.5,kandi/KAND,320.7976815689198,84.4,82.1,0.9758975403678963
11.118183971403328,2.9247459748632876,KAND,kandi,11.123456,2.954658,3319.3036343220606,7079.457844,327.0,100.0,427.0,538.0,10,303.2355651855469,259.8197793175268,2.1353564121831403,293.2355651855469,-0.009033540788312743,9.606862976131781,-0.008839069917841998,9.68828392228987,0.0004865010579427083,0.05897986540071115,1,-1.0,-1.0,0,0,1,0,0,33.2,27.0,75.0,15.8,1010.6,kandi/KAND,116.63871176489182,88.5,78.9,0.8421546555168719
11.111947147056096,2.934362286767417,KAND,kandi,11.123456,2.954658,2556.674347843637,7079.457844,327.0,100.0,427.0,538.0,10,323.8207092285156,239.97817845304013,2.3110223639051557,313.8207092285156,-0.0024337125103415457,3.570554191639664,-0.004241988154373571,3.622394598682971,-0.019919783212944655,0.6309317976831842,1,-1.0,-1.0,0,0,0,0,0,30.3,45.0,32.0,11.2,1007.8,kandi/KAND,256.65974849969416,85.8,90.3,0.9433823512778529
11.125990010982589,2.9208388922342206,KAND,kandi,11.123456,2.954658,3705.063267116178,7079.457844,327.0,100.0,427.0,538.0,10,305.4545593261719,274.37008144410953,1.8789272100835337,295.4545593261719,-0.0074921556698378695,11.197206591251337,-0.007231309678819444,11.130239221244663,0.007017262776692708,0.3239651270544504,1,-1.0,-1.0,0,0,0,2,0,34.3,13.0,100.0,18.4,1008.8,kandi/KAND,346.276348393292,82.1,81.6,0.12693525679091977
11.137345602071418,2.9071042509599074,KAND,kandi,11.123456,2.954658,5417.178583908439,7079.457844,327.0,100.0,427.0,538.0,10,299.50079345703125,286.581880831863,1.3482697437691087,289.50079345703125,-0.006229205333505986,11.704424830448664,-0.006187219393926457,11.660822317177594,-9.587605794270825e-05,0.05628907713932903,1,-1.0,-1.0,0,0,0,0,0,28.4,37.0,100.0,3.6,1009.9,kandi/KAND,325.21295177169327,83.6,81.9,0.79578856516697
11.133902764867994,2.907761097237296,KAND,kandi,11.123456,2.954658,5251.724281808473,7079.457844,327.0,100.0,427.0,538.0,10,301.7884521484375,282.7955254172023,1.3657865433533831,291.7884521484375,-0.006006467532810417,11.008021524730188,-0.005754266056011403,10.959210727959775,0.013534123550361932,0.4246015799651553,1,-1.0,-1.0,0,0,0,0,0,27.9,27.0,25.0,15.8,1009.5,kandi/KAND,362.3516751720424,86.9,79.6,0.5456756940810478
11.127817334448137,2.9202182761236704,KAND,kandi,11.123456,2.954658,3793.035441764171,7079.457844,327.0,100.0,427.0,538.0,10,304.64764404296875,277.3573941146974,1.8475555497735032,294.64764404296875,-0.007312307877031427,11.354273394491745,-0.00718799364351179,11.287137312958581,0.012349955240885417,0.6414272471021725,0,-1.0,3534.592145130941,0,12,0,5,0,25.9,36.0,63.0,14.4,1011.3,kandi/KAND,376.9557385158805,74.6,82.1,0.5434955950798607
11.134912224486802,2.930548961779246,KAND,kandi,11.123456,2.954658,2922.6832425934085,7079.457844,327.0,100.0,427.0,538.0,10,293.5776062011719,295.84282273093424,2.6137749773244137,283.5776062011719,-0.013468182237477616,13.310390316525867,-0.013229797363281249,13.420529234868782,0.0012720743815104166,0.06863662518075951,1,-1.0,-1.0,0,0,1,4,0,25.1,38.0,70.0,13.7,1012.7,kandi/KAND,392.63572965291604,83.4,84.5,0.8989215763205136
11.135329134825799,2.9335776671504488,KAND,kandi,11.123456,2.954658,2651.004059305452,7079.457844,327.0,100.0,427.0,538.0,10,292.2830810546875,299.8590691346424,2.909115460364297,282.2830810546875,-0.015371646952539793,12.677669754555277,-0.015201393870182602,12.799090042528778,-0.0038971085316933662,0.15990350914898904,1,-1.0,-1.0,0,0,2,2,0,25.1,38.0,70.0,13.7,1012.7,kandi/KAND,334.3661974542558,84.5,87.6,0.9718038186467113
11.11189198395216,2.9332056941322047,KAND,kandi,11.123456,2.954658,2669.9079624428846,7079.457844,327.0,100.0,427.0,538.0,10,322.0314025878906,241.2191335306103,2.2514490443967405,312.0314025878906,-0.004218748257461521,3.9393038623706107,-0.004023810098468937,3.978634065211861,0.011707040945400558,0.3334262457619876,1,-1.0,-1.0,0,0,0,1,0,31.0,43.0,40.0,3.6,1008.2,kandi/KAND,169.22313139762375,90.3,88.7,0.704838323043181
11.136112834123578,2.9154203127976808,KAND,kandi,11.123456,2.954658,4509.160276810523,7079.457844,327.0,100.0,427.0,538.0,10,299.6427307128906,288.2021336493677,1.6178388315302743,289.6427307128906,-0.00743546306955367,12.65473613383886,-0.007486243710302671,12.628273908191868,-0.011128101460890832,0.341452786663494,1,-1.0,-1.0,0,0,0,0,0,30.4,39.0,60.0,7.6,1009.9,kandi/KAND,198.68689941707686,86.4,82.8,0.4829383894717839
11.110707380306932,2.936308022169237,KAND,kandi,11.123456,2.954658,2450.956602956305,7079.457844,327.0,100.0,427.0,538.0,10,330.76531982421875,234.70195442133087,2.2485139545072874,320.76531982421875,-0.001040674225101626,3.0650373450396637,-0.001183870008197891,3.039498412979466,-0.004703264743429835,0.5722711197386678,1,-1.0,-1.0,0,0,2,6,0,30.3,45.0,32.0,11.2,1007.8,kandi/KAND,367.7244494531442,82.3,90.3,0.45640385790184534
11.117617892665653,2.9177040682863677,KAND,kandi,11.123456,2.954658,4088.2815904969398,7079.457844,327.0,100.0,427.0,538.0,10,308.162109375,260.85706656087393,1.66500097479545,298.162109375,-0.006183029031707585,9.67441824943643,-0.006028796496522955,9.65456408576095,-0.0006007347601948232,0.09924332594066523,1,-1.0,-1.0,0,0,0,1,0,35.2,25.0,75.0,18.4,1008.5,kandi/KAND,329.7372658647473,87.2,86.1,0.3863414572231818
11.111121393096584,2.937183185950559,KAND,kandi,11.123456,2.954658,2346.475309115465,7079.457844,327.0,100.0,427.0,538.0,10,328.70465087890625,234.27235255699028,2.398754316156571,318.70465087890625,-0.0019496740671149791,3.1545090397853524,-0.001294598500196338,3.1291455571215274,0.014499793575493488,0.608618698453089,1,-1.0,-1.0,0,0,0,0,0,30.3,45.0,32.0,11.2,1007.8,kandi/KAND,255.95069251708895,90.3,85.8,0.36159902957266266
11.111300374062635,2.920611631982047,KAND,kandi,11.123456,2.954658,3954.9494810344436,7079.457844,327.0,100.0,427.0,538.0,10,314.3352966308594,250.0088800365287,1.6317444072180856,304.3352966308594,-0.004795475198764994,7.722702264098328,-0.004358177333550963,7.685324083994798,0.01633565451371671,0.3510629783278027,1,-1.0,-1.0,0,0,0,0,0,26.1,45.0,70.0,11.9,1012.3,kandi/KAND,259.1606293612586,82.3,87.9,0.3915068416844314
11.122363762477612,2.924197301904452,KAND,kandi,11.123456,2.954658,3329.7811343115036,7079.457844,327.0,100.0,427.0,538.0,10,301.6587829589844,267.91006839687213,2.1557373770148356,291.6587829589844,-0.009509488125821133,10.766393266550796,-0.009090598492503071,10.784357751487937,0.009438517437766296,0.23759691801850183,1,-1.0,-1.0,0,0,0,0,0,31.5,32.0,75.0,15.1,1011.5,kandi/KAND,280.0326934020449,80.5,81.6,0.08975323525119527
11.124504205346053,2.9228754308867675,KAND,kandi,11.123456,2.954658,3473.9152331980713,7079.457844,327.0,100.0,427.0,538.0,10,303.32891845703125,271.928167611959,2.0388637605037867,293.32891845703125,-0.008592972547376985,11.206783772747704,-0.008219158429007868,11.171807933166534,0.013119555242877926,0.3123613918140918,1,-1.0,-1.0,0,0,0,0,0,31.5,32.0,75.0,15.1,1011.5,kandi/KAND,113.91424559135775,84.4,81.6,0.07743608526043821
11.133578863336066,2.9102774360230277,KAND,kandi,11.123456,2.954658,4975.7612568609275,7079.457844,327.0,100.0,427.0,538.0,10,301.0855712890625,283.0910222139986,1.4495924555569653,291.0855712890625,-0.006491023803678638,11.270126011188566,-0.00638221913604795,11.226297556171456,-0.0028117151950741684,0.12502097232351886,1,-1.0,-1.0,0,0,0,0,0,30.7,25.0,24.0,16.6,1009.0,kandi/KAND,389.6874709302928,83.5,86.9,0.7798698438723117
11.110521166819133,2.9324182702478274,KAND,kandi,11.123456,2.954658,2819.5645077953886,7079.457844,327.0,100.0,427.0,538.0,10,322.40203857421875,239.34558359568808,2.124539013966959,312.40203857421875,-0.0038910202042640226,3.641792949603856,-0.00434345887431028,3.7229617338595538,-0.027600845653276185,0.7630170902804512,1,-1.0,-1.0,0,0,0,0,0,31.0,43.0,40.0,3.6,1008.2,kandi/KAND,336.60591917685895,88.7,86.1,0.4460728929202261
11.135889898501679,2.9148108206531465,KAND,kandi,11.123456,2.954658,4565.00828232779,7079.457844,327.0,100.0,427.0,538.0,10,299.3919982910156,287.6455854762641,1.6012011364585277,289.3919982910156,-0.007392893273845996,12.48836250268946,-0.007429477972385687,12.46565762465648,-0.006014675564236111,0.23903091337305205,1,-1.0,-1.0,0,0,0,0,0,30.4,39.0,60.0,7.6,1009.9,kandi/KAND,371.02901908073824,85.4,86.4,0.9306844885446205
11.11095452395771,2.934682373966985,KAND,kandi,11.123456,2.954658,2583.482474579986,7079.457844,327.0,100.0,427.0,538.0,10,327.942138671875,237.47199007158343,2.1958029630681066,317.942138671875,-0.002062543964020594,3.239217321277939,-0.0022070104425603696,3.229684274690725,-0.013130357530381944,0.4829133079935099,1,-1.0,-1.0,0,0,0,0,0,31.0,43.0,40.0,3.6,1008.2,kandi/KAND,382.98217256152554,88.7,85.8,0.6122210085939525
11.135397135816127,2.933744422357243,KAND,kandi,11.123456,2.954658,2638.952562290282,7079.457844,327.0,100.0,427.0,538.0,10,292.46490478515625,300.19795849372775,2.9184403231305462,282.46490478515625,-0.015477452133641099,12.595179222047328,-0.015193483897071482,12.840278447062012,-0.001799254325338882,0.10025217527622687,1,-1.0,-1.0,0,0,3,3,0,33.4,16.0,49.0,20.9,1010.0,kandi/KAND,305.11071367616483,87.6,83.2,0.03517598218441975
11.1117212842837,2.934379163675533,KAND,kandi,11.123456,2.954658,2567.615907557862,7079.457844,327.0,100.0,427.0,538.0,10,323.8207092285156,239.472599380263,2.3011848538324364,313.8207092285156,-0.003683980305989584,3.4861331524521724,-0.004820969022527307,3.530483373971695,-0.035583260634272626,0.5797015741727027,1,-1.0,-1.0,0,0,0,0,0,31.0,43.0,40.0,3.6,1008.2,kandi/KAND,237.3936713820402,90.3,82.3,0.15752334131747947
11.110632576366106,2.936313697783956,KAND,kandi,11.123456,2.954658,2455.2208776426887,7079.457844,327.0,100.0,427.0,538.0,10,330.76531982421875,234.53534196049327,2.2446126903437524,320.76531982421875,-0.0010406742251016263,3.099783001574236,-0.0009418533429044066,3.070717823916676,0.002073201884787735,0.6800955343729621,1,-1.0,-1.0,0,0,2,6,0,30.3,45.0,32.0,11.2,1007.8,kandi/KAND,255.95069251708895,85.8,90.3,0.20581979301300757
11.139824904565122,2.9223872629824403,KAND,kandi,11.123456,2.954658,3963.0325655251336,7079.457844,327.0,100.0,427.0,538.0,10,295.4350280761719,297.340396843765,1.9014101064832105,285.4350280761719,-0.009496328406465382,14.115925658344205,-0.009415014466243004,14.09757950525502,0.005125257703993055,0.1944333380815309,1,-1.0,-1.0,0,0,0,0,0,32.0,21.0,67.0,18.4,1011.9,kandi/KAND,262.99505261506863,83.8,84.6,0.9757360243896606
11.111025015341218,2.92031675157635,KAND,kandi,11.123456,2.954658,3995.6407702719703,7079.457844,327.0,100.0,427.0,538.0,10,315.0556640625,249.75395510959754,1.6048140917408873,305.0556640625,-0.0045447050635494405,7.649985105410779,-0.004278181672228027,7.625670227987668,0.0184827334953985,0.614165827211974,1,-1.0,-1.0,0,0,0,0,0,26.1,45.0,70.0,11.9,1012.3,kandi/KAND,259.1606293612586,82.3,87.9,0.21870422615163487
11.114044141149884,2.936989023585916,KAND,kandi,11.123456,2.954658,2193.089914008408,7079.457844,327.0,100.0,427.0,538.0,10,324.1788635253906,241.50563306218714,2.68429774440716,314.1788635253906,-0.00412005175341357,3.6251388605233155,-0.004091224344912572,3.650247910141155,-0.006735835944862902,0.491057186719193,1,-1.0,-1.0,0,0,0,0,0,33.3,38.0,28.0,15.5,1007.0,kandi/KAND,285.99656928073153,90.0,89.9,0.5157556762880513
11.111738733012245,2.93296040443465,KAND,kandi,11.123456,2.954658,2701.551791437436,7079.457844,327.0,100.0,427.0,538.0,10,321.85443115234375,241.17571603112737,2.2288516514398182,311.85443115234375,-0.004201812185210623,3.98718615982406,-0.004440946071270544,4.009527617865144,-0.010700392518095285,0.2831159136760947,1,-1.0,-1.0,0,0,0,0,0,30.3,45.0,32.0,11.2,1007.8,kandi/KAND,382.98217256152554,85.8,88.7,0.9361769316401961
11.113843017023623,2.931675316069795,KAND,kandi,11.123456,2.954658,2726.605281699077,7079.457844,327.0,100.0,427.0,538.0,10,314.48480224609375,246.91503055889558,2.3630081346788585,304.48480224609375,-0.006932617708708395,5.376361428333909,-0.006908282755096327,5.53839586850291,-0.010221015082465278,0.37954299639574274,1,-1.0,-1.0,0,0,0,0,0,31.0,43.0,40.0,3.6,1008.2,kandi/KAND,259.74237178418406,88.7,87.3,0.9771927299143573
11.123287085531445,2.924737462163787,KAND,kandi,11.123456,2.954658,3268.6285653197256,7079.457844,327.0,100.0,427.0,538.0,10,301.4334716796875,269.6732373472449,2.1999734797735964,291.4334716796875,-0.009746720891002649,10.982171121538205,-0.009526268211570946,11.003972642052736,0.004165310329861112,0.15425015901216538,1,-1.0,-1.0,0,0,0,0,0,31.0,31.0,80.0,11.2,1011.0,kandi/KAND,323.36645280546554,82.0,84.4,0.23636043538354456
11.1229725176415,2.925183100007875,KAND,kandi,11.123456,2.954658,3220.338693632699,7079.457844,327.0,100.0,427.0,538.0,10,301.06451416015625,269.04510569211544,2.239483987625581,291.06451416015625,-0.009957056869695214,10.872034169158358,-0.009718128219310281,10.886592983657534,0.008774937827733302,0.28820241133391344,1,-1.0,-1.0,0,0,0,0,0,31.0,31.0,80.0,11.2,1011.0,kandi/KAND,323.36645280546554,82.0,84.4,0.04911764375004013
11.111356429929232,2.9376012603165993,KAND,kandi,11.123456,2.954658,2294.2061707512753,7079.457844,327.0,100.0,427.0,538.0,10,328.9133605957031,234.13703474919356,2.4481365415489154,318.9133605957031,-0.002061980210920288,3.179699203869392,-0.0016239343313225213,3.146756753000054,0.0023668924967447913,0.2110226535226826,1,-1.0,-1.0,0,0,0,0,0,30.3,45.0,32.0,11.2,1007.8,kandi/KAND,255.95069251708895,90.3,85.8,0.1536018325377585
11.121098747994319,2.9299707953395546,KAND,kandi,11.123456,2.954658,2709.4621296599184,7079.457844,327.0,100.0,427.0,538.0,10,305.36041259765625,264.4442851340901,2.5705317115658044,295.36041259765625,-0.010243577223557692,9.125385047363979,-0.010345698711021036,9.183110688761902,-0.013048530002561752,0.41158190921967547,1,-1.0,-1.0,0,0,0,6,0,31.0,31.0,80.0,11.2,1011.0,kandi/KAND,351.7491748390901,85.1,88.4,0.06332847870255809
11.117860239093707,2.9308290239093706,KAND,kandi,11.123456,2.954658,2675.7245541010448,7079.457844,327.0,100.0,427.0,538.0,10,309.3708801269531,256.54320158810583,2.5171931097542255,299.3708801269531,-0.008872036404079861,7.665037488568333,-0.008793314574936267,7.725603976493256,-0.00122320432428205,0.20945481244360445,1,-1.0,-1.0,0,0,0,4,0,35.5,22.0,100.0,11.2,1009.7,kandi/KAND,234.26260072818872,88.4,87.4,0.1951242410923364
11.135030741588881,2.932400223566935,KAND,kandi,11.123456,2.954658,2747.936044287241,7079.457844,327.0,100.0,427.0,538.0,10,292.4020080566406,297.92566399131226,2.8041912850122506,282.4020080566406,-0.014827308101930484,12.96446031682818,-0.014064589667260012,13.143016163127585,0.011214930905327295,0.22576329710971582,1,-1.0,-1.0,0,0,0,5,0,25.1,38.0,70.0,13.7,1012.7,kandi/KAND,334.3661974542558,84.5,87.6,0.5685697147037354
11.100451969726853,2.924085294035186,KAND,kandi,11.123456,2.954658,4198.840883909354,7079.457844,327.0,100.0,427.0,538.0,10,324.4131774902344,232.52149878581434,1.3995821701108433,314.4131774902344,-0.002118081727964961,3.5781375986919692,-0.0021096171347747945,3.6177232118614295,0.0008992513020833333,0.05507007321895482,1,-1.0,-1.0,0,0,0,0,0,31.5,29.0,60.0,14.8,1011.4,kandi/KAND,226.45360253270923,82.2,83.5,0.9124487962956418
11.12637643965675,2.9310893886687914,KAND,kandi,11.123456,2.954658,2594.8526972826107,7079.457844,327.0,100.0,427.0,538.0,10,299.1214599609375,277.19978758478726,2.8213461635804613,289.1214599609375,-0.01329493469145725,11.14340824801524,-0.012710087417975422,11.278558539839056,-0.008555009421697906,0.5325112911463384,1,-1.0,-1.0,0,0,3,2,0,35.3,21.0,79.0,20.2,1008.9,kandi/KAND,193.7196474289899,83.3,79.8,0.53721888369434
11.11009217028773,2.931701345797111,KAND,kandi,11.123456,2.954658,2911.1334357219266,7079.457844,327.0,100.0,427.0,538.0,10,321.3992919921875,239.3230392930047,2.077480559207379,311.3992919921875,-0.004098389655688372,3.767636451100237,-0.0037908483434606483,3.8184806419107935,0.004856024848090278,0.28782647660748273,1,-1.0,-1.0,0,0,0,0,0,33.4,23.0,80.0,18.4,1011.3,kandi/KAND,182.88071112067146,81.5,88.6,0.6259895566990807
11.13109250823949,2.920202916994066,KAND,kandi,11.123456,2.954658,3857.511396497674,7079.457844,327.0,100.0,427.0,538.0,10,300.2640686035156,282.73185410063513,1.8817372773099645,290.2640686035156,-0.008495239347673465,12.257980706146283,-0.008366141671139471,12.214194095057453,0.005646514892578124,0.2579739710858814,1,-1.0,-1.0,0,0,3,7,0,26.8,36.0,58.0,15.8,1010.5,kandi/KAND,217.3248474057293,85.7,74.6,0.2018672516095411
11.111127986508675,2.9320983268275773,KAND,kandi,11.123456,2.954658,2816.6317444341526,7079.457844,327.0,100.0,427.0,538.0,10,321.1256408691406,240.88816597189904,2.152677341016421,311.1256408691406,-0.004326148066960329,3.9862432950571347,-0.004712531712575436,4.0323544721579765,-0.01524837537099033,0.41325971957388474,1,-1.0,-1.0,0,0,0,0,0,28.3,38.0,34.0,17.3,1009.3,kandi/KAND,387.96207043984134,87.3,88.6,0.8005836206738501
11.139058149695504,2.924839062325683,KAND,kandi,11.123456,2.954658,3686.3412396209496,7079.457844,327.0,100.0,427.0,538.0,10,291.0938720703125,298.07216255270464,2.1113949898094106,281.0938720703125,-0.011444236636522736,14.174796500764804,-0.01100836042156764,14.211765530521737,0.010679684583119043,0.22825814822708368,1,-1.0,-1.0,0,0,0,0,0,30.2,23.0,100.0,18.4,1012.1,kandi/KAND,168.81490751722686,85.4,83.8,0.6177889085055832
11.123607523918205,2.922745991753111,KAND,kandi,11.123456,2.954658,3486.1654776120063,7079.457844,327.0,100.0,427.0,538.0,10,303.4854736328125,270.2803354703017,2.0291355069898196,293.4854736328125,-0.00815950343858564,10.975642169389962,-0.008378312358352636,10.96349541816288,0.0045303313093101845,0.15974095244826192,1,-1.0,-1.0,0,0,0,0,0,31.0,31.0,80.0,11.2,1011.0,kandi/KAND,340.76806176995353,82.0,81.6,0.8641368291927248
11.137335773693426,2.9190052259928265,KAND,kandi,11.123456,2.954658,4186.377486850115,7079.457844,327.0,100.0,427.0,538.0,10,299.2157287597656,291.64499529075556,1.7483437410243732,289.2157287597656,-0.00812134515671503,13.477880055169676,-0.007944986406066609,13.412108309483363,0.004623921712239583,0.2062780041539683,1,-1.0,-1.0,0,0,0,3,0,30.4,39.0,60.0,7.6,1009.9,kandi/KAND,335.4422938451181,82.8,79.8,0.9488431070057841
11.13091335875879,2.921064507660119,KAND,kandi,11.123456,2.954658,3761.337090017922,7079.457844,327.0,100.0,427.0,538.0,10,299.55621337890625,282.75129861167113,1.9405861660675736,289.55621337890625,-0.008865820493377956,12.318660329982723,-0.008807138454857456,12.30125649727715,0.004711333514332853,0.159079799730118,1,-1.0,-1.0,0,0,2,1,0,26.8,36.0,58.0,15.8,1010.5,kandi/KAND,296.59233233508934,85.7,86.6,0.3479007757565923
11.13895347974654,2.905806665467705,KAND,kandi,11.123456,2.954658,5605.050581153648,7079.457844,327.0,100.0,427.0,538.0,10,296.69146728515625,287.92177183131724,1.3317960592086646,286.69146728515625,-0.006558774758062867,11.886070500202658,-0.006713629226060087,11.860061983705071,-0.02158670656296603,0.5109959793728589,1,-1.0,-1.0,0,0,0,0,0,28.4,37.0,100.0,3.6,1009.9,kandi/KAND,325.21295177169327,83.6,81.9,0.09057905853543935
11.110801486332667,2.9326754136533086,KAND,kandi,11.123456,2.954658,2779.6507167633613,7079.457844,327.0,100.0,427.0,538.0,10,323.30029296875,239.60326532853986,2.136527924843749,313.30029296875,-0.003453018019537762,3.6998578337825276,-0.004876020437902785,3.773325361277503,-0.03288719112935782,0.5698234994813487,1,-1.0,-1.0,0,0,0,0,0,33.4,23.0,80.0,18.4,1011.3,kandi/KAND,289.5291964551508,88.6,90.3,0.22592895791678247
11.140329289543395,2.906011024566654,KAND,kandi,11.123456,2.954658,5632.373462948742,7079.457844,327.0,100.0,427.0,538.0,10,297.8123779296875,289.4733390995872,1.3139412627293665,287.8123779296875,-0.006296631292248449,12.219781805653682,-0.006599760526280002,12.181787690862153,-0.023395939016830635,0.364587072831515,1,-1.0,-1.0,0,0,0,0,0,26.0,22.0,47.0,14.0,1010.5,kandi/KAND,242.2242803683185,83.3,83.6,0.4378415656758372
11.13571612223627,2.9179773398717375,KAND,kandi,11.123456,2.954658,4230.254264444394,7079.457844,327.0,100.0,427.0,538.0,10,299.9050598144531,288.8147387370454,1.720892728009687,289.9050598144531,-0.007896686166691045,13.089300859420533,-0.007735003847064392,13.024281681248363,0.006468709309895834,0.23840684492608505,1,-1.0,-1.0,0,0,0,0,0,26.8,36.0,58.0,15.8,1010.5,kandi/KAND,239.88586973826605,79.8,85.4,0.9456936518244733
11.134307352142102,2.9301914507575586,KAND,kandi,11.123456,2.954658,2929.88544273279,7079.457844,327.0,100.0,427.0,538.0,10,293.8235778808594,294.3261788087323,2.602558515779876,283.8235778808594,-0.013435986577248087,13.229469189673475,-0.012912568294606432,13.335474832009329,0.007321646720125681,0.1279184234552348,1,-1.0,-1.0,0,0,1,4,0,25.1,38.0,70.0,13.7,1012.7,kandi/KAND,183.82149629455927,84.5,84.2,0.37830982237341526
11.13493779430446,2.930208193855704,KAND,kandi,11.123456,2.954658,2957.484963866096,7079.457844,327.0,100.0,427.0,538.0,10,293.720458984375,295.57847371620346,2.58029782066281,283.720458984375,-0.013334989708280726,13.344524170681337,-0.012834768789717415,13.445131211895275,0.007153523199609299,0.10143198540494008,1,-1.0,-1.0,0,0,1,1,0,25.1,38.0,70.0,13.7,1012.7,kandi/KAND,302.509112755308,85.1,84.5,0.77077321366537
11.123798000842847,2.9240136654726334,KAND,kandi,11.123456,2.954658,3347.854890329544,7079.457844,327.0,100.0,427.0,538.0,10,302.291748046875,270.65461070447986,2.133292697928909,292.291748046875,-0.009236199515206473,11.105313751046737,-0.008936608743946455,11.091360507248458,0.008739217122395834,0.4068810490592176,1,-1.0,-1.0,0,0,0,4,0,31.0,31.0,80.0,11.2,1011.0,kandi/KAND,323.36645280546554,82.0,84.4,0.540476692170755
11.10981181008022,2.934420225221845,KAND,kandi,11.123456,2.954658,2676.8974228906945,7079.457844,327.0,100.0,427.0,538.0,10,328.0050048828125,235.50953247406815,2.117904028486661,318.0050048828125,-0.001970508716724537,2.985842908884152,-0.0022484412560096153,2.9939585362328893,-0.024485948350694443,0.900393837180376,1,-1.0,-1.0,0,0,0,3,0,30.3,45.0,32.0,11.2,1007.8,kandi/KAND,352.26948019734937,82.3,86.1,0.18280877043097654
11.113229287714955,2.932006014872038,KAND,kandi,11.123456,2.954658,2720.8954965940725,7079.457844,327.0,100.0,427.0,538.0,10,315.822021484375,245.29471052432916,2.339850006777137,305.822021484375,-0.006484995365531235,5.029586138303461,-0.005802733727462029,5.174250310420701,0.010263162977322932,0.28383154739767774,1,-1.0,-1.0,0,0,0,0,0,28.3,38.0,34.0,17.3,1009.3,kandi/KAND,259.74237178418406,87.3,88.7,0.3207341189534516
11.128462469382875,2.9200451911411798,KAND,kandi,11.123456,2.954658,3821.473984228317,7079.457844,327.0,100.0,427.0,538.0,10,303.5806579589844,278.3890692809631,1.8497967978312309,293.5806579589844,-0.007746020952860514,11.513187897522888,-0.007479957023438109,11.480163662386255,0.011166549055529417,0.3848646088508052,1,-1.0,-1.0,0,0,0,5,0,34.3,13.0,100.0,18.4,1008.8,kandi/KAND,376.9557385158805,82.1,74.6,0.6531918850228187
11.123804476943564,2.92339763404376,KAND,kandi,11.123456,2.954658,3415.1550106085847,7079.457844,327.0,100.0,427.0,538.0,10,302.7621765136719,270.65392489746574,2.0834091925374203,292.7621765136719,-0.008936608743946455,11.091360507248458,-0.00853611636097913,11.071643219314128,0.009527966312105647,0.17786497695845202,1,-1.0,-1.0,0,0,0,0,0,31.5,32.0,75.0,15.1,1011.5,kandi/KAND,306.15079813714885,80.5,84.4,0.6728533946848935
11.129717385131638,2.9209225465113207,KAND,kandi,11.123456,2.954658,3749.8022748191297,7079.457844,327.0,100.0,427.0,538.0,10,300.9717102050781,280.7146570030128,1.9249473824681609,290.9717102050781,-0.008632768658321693,12.05924099844808,-0.008410417208370208,12.016265839849954,-0.0001199068296860014,0.12110462639785814,1,-1.0,-1.0,0,0,0,6,0,25.9,36.0,63.0,14.4,1011.3,kandi/KAND,303.403835341593,74.6,86.6,0.43475974680904617
11.109152149308123,2.9326727832291803,KAND,kandi,11.123456,2.954658,2876.0939290898796,7079.457844,327.0,100.0,427.0,538.0,10,324.8572082519531,236.45565145216756,2.033971214935294,314.8572082519531,-0.0029201922322482734,3.1196835852099207,-0.0032860109469389576,3.1698086811266775,-0.010071295751047626,0.2456759029272687,1,-1.0,-1.0,0,0,0,0,0,31.0,43.0,40.0,3.6,1008.2,kandi/KAND,352.26948019734937,86.1,82.3,0.22864560266211464
11.111477336211735,2.934462718601798,KAND,kandi,11.123456,2.954658,2573.5341755511117,7079.457844,327.0,100.0,427.0,538.0,10,324.8199157714844,238.84959264737398,2.2736881276615657,314.8199157714844,-0.0034405628957782162,3.4509452236093043,-0.0031180757464784564,3.4567368199412405,-0.009344482421875,0.4188602434500738,1,-1.0,-1.0,0,0,0,0,0,30.3,45.0,32.0,11.2,1007.8,kandi/KAND,237.3936713820402,82.3,90.3,0.7219067795126763
11.110674733527842,2.932302880172887,KAND,kandi,11.123456,2.954658,2821.884409903596,7079.457844,327.0,100.0,427.0,538.0,10,321.59185791015625,239.77402184024118,2.1392212370818657,311.59185791015625,-0.004117024739583334,3.7541715970019216,-0.004302924325397392,3.7898824505861235,-0.01685481973216096,0.4486161276093096,1,-1.0,-1.0,0,0,0,0,0,33.4,23.0,80.0,18.4,1011.3,kandi/KAND,165.92922165772438,88.6,88.7,0.16887304161271477
11.132736209257107,2.9237338707809366,KAND,kandi,11.123456,2.954658,3530.6808917871263,7079.457844,327.0,100.0,427.0,538.0,10,296.3090515136719,287.009054467448,2.119880795646304,286.3090515136719,-0.010533449550523431,13.022166460295361,-0.01006218331915574,13.019771151191167,0.0033754330757841677,0.1858406006992578,1,-1.0,-1.0,0,0,1,2,0,30.7,25.0,24.0,16.6,1009.0,kandi/KAND,371.69589343971694,86.6,82.4,0.9366696918651266
11.132036693936941,2.925630975018749,KAND,kandi,11.123456,2.954658,3309.9288742814583,7079.457844,327.0,100.0,427.0,538.0,10,297.43597412109375,286.76902538623824,2.2416444788992895,287.43597412109375,-0.010777598887950452,13.013918381976533,-0.010658411092359533,13.011660456559401,0.0011955507723968018,0.04313972645306185,1,-1.0,-1.0,0,0,0,2,0,33.0,34.0,28.0,16.2,1007.9,kandi/KAND,276.00636025271393,84.8,82.4,0.1879035790364767
11.135571966057078,2.914398642106813,KAND,kandi,11.123456,2.954658,4597.58997679787,7079.457844,327.0,100.0,427.0,538.0,10,299.2793273925781,287.05550575095197,1.591262803019076,289.2793273925781,-0.0073692751137209135,12.36287253810547,-0.007189734716030895,12.337020622117164,-0.0012154494775685337,0.34492877974084774,1,-1.0,-1.0,0,0,0,0,0,30.4,39.0,60.0,7.6,1009.9,kandi/KAND,396.79356169185417,86.4,83.5,0.10731236283252044
11.10905696233528,2.93176947973492,KAND,kandi,11.123456,2.954658,2964.642091328024,7079.457844,327.0,100.0,427.0,538.0,10,324.0216979980469,237.33733857444344,1.9893972497121888,314.0216979980469,-0.0031325523299400248,3.4169769027969363,-0.003371988184373465,3.4698349278869673,-0.010149375319219158,0.24707155206146952,1,-1.0,-1.0,0,0,0,0,0,31.0,43.0,40.0,3.6,1008.2,kandi/KAND,320.7240494333438,88.1,88.6,0.4976477023653788
11.110220078811517,2.933640320043596,KAND,kandi,11.123456,2.954658,2723.1386796509423,7079.457844,327.0,100.0,427.0,538.0,10,324.8664855957031,237.30990730221222,2.147917691271787,314.8664855957031,-0.0031904014879166696,3.2038771233203454,-0.0022562749792154006,3.2334415341654634,0.016310019372621182,0.4628879095226224,1,-1.0,-1.0,0,0,0,0,0,33.4,23.0,80.0,18.4,1011.3,kandi/KAND,309.17405911533984,88.6,82.3,0.519549598109694
11.139726720512103,2.923490664721123,KAND,kandi,11.123456,2.954658,3851.1204733085515,7079.457844,327.0,100.0,427.0,538.0,10,293.3924255371094,298.01839110886954,1.9869752477961338,283.3924255371094,-0.010318592475674257,14.206366791330984,-0.010098436515239263,14.197373589109551,0.005459691652999962,0.21252048142052213,1,-1.0,-1.0,0,0,0,0,0,32.0,21.0,67.0,18.4,1011.9,kandi/KAND,262.99505261506863,83.8,84.6,0.5081929147782448
11.123252580736427,2.9240094030352095,KAND,kandi,11.123456,2.954658,3348.1855009706674,7079.457844,327.0,100.0,427.0,538.0,10,301.8729553222656,269.61540108138854,2.140238867424353,291.8729553222656,-0.009360840207054502,10.969343494081793,-0.009021692108689692,10.967155013706552,0.0072357177734375,0.3405126390709143,1,-1.0,-1.0,0,0,0,1,0,31.0,31.0,80.0,11.2,1011.0,kandi/KAND,340.76806176995353,82.0,81.6,0.4366674893388395
11.140276052061711,2.928979325936068,KAND,kandi,11.123456,2.954658,3366.051364787829,7079.457844,327.0,100.0,427.0,538.0,10,292.995849609375,303.7287792198286,2.2797691180956607,282.995849609375,-0.011896616167726772,14.010698551487884,-0.011842264663027461,14.027774394351667,-0.0007978188052865451,0.0552535537526108,1,-1.0,-1.0,0,0,0,2,0,25.1,38.0,70.0,13.7,1012.7,kandi/KAND,298.9384769478677,83.4,79.7,0.9948148928296083
11.112881860103224,2.936869359488885,KAND,kandi,11.123456,2.954658,2268.1544722119793,7079.457844,327.0,100.0,427.0,538.0,10,325.3195495605469,238.7941457823013,2.5668281017653505,315.3195495605469,-0.003511328446237665,3.5011186034507618,-0.0032348893646501078,3.5001771653862006,0.002914174397786458,0.22656655916326654,1,-1.0,-1.0,0,0,0,0,0,30.3,45.0,32.0,11.2,1007.8,kandi/KAND,389.4186282137673,90.3,89.9,0.48628061267058187
11.11292420117437,2.933017779958462,KAND,kandi,11.123456,2.954658,2635.518648207148,7079.457844,327.0,100.0,427.0,538.0,10,318.01898193359375,243.6213198180887,2.3678819666970146,308.01898193359375,-0.005846041055083766,4.5172015093081805,-0.005626565804729554,4.652799560190977,-0.004971493998657462,0.3791123467522558,1,-1.0,-1.0,0,0,0,0,0,31.0,43.0,40.0,3.6,1008.2,kandi/KAND,356.0124926179925,90.3,87.3,0.477946580739831
11.132466057331014,2.9247605383198536,KAND,kandi,11.123456,2.954658,3414.688052281699,7079.457844,327.0,100.0,427.0,538.0,10,297.1269836425781,287.07669892734543,2.178117203328883,287.1269836425781,-0.010606855441993994,13.027718998700221,-0.010469695343368352,13.028737306555014,-0.005614895290798612,0.20958608319007152,1,-1.0,-1.0,0,0,2,3,0,33.0,34.0,28.0,16.2,1007.9,kandi/KAND,276.00636025271393,82.4,84.8,0.4217660627145613
11.114463030978266,2.93571186159341,KAND,kandi,11.123456,2.954658,2296.3855168268906,7079.457844,327.0,100.0,427.0,538.0,10,321.37237548828125,244.18691267500623,2.6335971267256717,311.37237548828125,-0.005174460142721863,4.031533776560009,-0.005136507573510022,4.091541336633403,-0.005470530192057292,0.24677579310918393,1,-1.0,-1.0,0,0,0,0,0,33.3,38.0,28.0,15.5,1007.0,kandi/KAND,271.9160182852466,89.9,88.7,0.0668257547014629
11.11191547910746,2.933374635486964,KAND,kandi,11.123456,2.954658,2652.471077208604,7079.457844,327.0,100.0,427.0,538.0,10,322.0314025878906,241.07689982794,2.2662342987505615,312.0314025878906,-0.0036829900597278365,3.9147294641580213,-0.004201812185210624,3.9618957922100195,0.005996195475260417,0.3868377866472564,1,-1.0,-1.0,0,0,0,0,0,31.0,43.0,40.0,3.6,1008.2,kandi/KAND,169.22313139762375,90.3,88.7,0.592956631149616
11.126447567412388,2.930554384245946,KAND,kandi,11.123456,2.954658,2653.8218250857567,7079.457844,327.0,100.0,427.0,538.0,10,299.0450134277344,277.21136708945403,2.7603991640856114,289.0450134277344,-0.012813844597278488,11.278558539839056,-0.012647870521405678,11.402232040260719,-0.0027064005533854168,0.13225991970765158,1,-1.0,-1.0,0,0,1,7,0,35.3,21.0,79.0,20.2,1008.9,kandi/KAND,193.7196474289899,83.3,79.8,0.22796777222318243
11.110286602780459,2.9332076624774297,KAND,kandi,11.123456,2.954658,2759.2158655970948,7079.457844,327.0,100.0,427.0,538.0,10,324.0484619140625,237.9683176905806,2.136822147826407,314.0484619140625,-0.00336120163185009,3.372350797916252,-0.0038422820065839333,3.4207330661450146,-0.01731465282956048,0.49570080399251687,1,-1.0,-1.0,0,0,0,0,0,30.3,45.0,32.0,11.2,1007.8,kandi/KAND,309.17405911533984,82.3,88.6,0.6376089802290499
11.132813375135045,2.9127197079024727,KAND,kandi,11.123456,2.954658,4696.815287510936,7079.457844,327.0,100.0,427.0,538.0,10,303.1681213378906,282.81513754171215,1.51025754804216,293.1681213378906,-0.006402814666683253,11.434190227500089,-0.0064958040569313424,11.382741118419709,-0.016289265950520833,0.7304130137695932,1,-1.0,-1.0,0,0,0,0,0,30.7,25.0,24.0,16.6,1009.0,kandi/KAND,389.6874709302928,83.5,86.9,0.050833461948477154
11.111581743858517,2.9378701683966812,KAND,kandi,11.123456,2.954658,2255.808348111475,7079.457844,327.0,100.0,427.0,538.0,10,329.192626953125,234.21601902317227,2.4826763261355986,319.192626953125,-0.001812610291598136,3.192727631857128,-0.0019348019514802525,3.1793782544772857,-0.006723040669590373,0.19365976987744957,1,-1.0,-1.0,0,0,0,1,0,33.3,38.0,28.0,15.5,1007.0,kandi/KAND,389.4186282137673,89.9,90.3,0.9813871012530017
11.112574853301359,2.922311297161408,KAND,kandi,11.123456,2.954658,3733.040957757652,7079.457844,327.0,100.0,427.0,538.0,10,310.35040283203125,251.08010561957485,1.7897889727249885,300.35040283203125,-0.006126660156250001,8.042500418197628,-0.0058760275052288395,8.045871756268987,0.0058062235514322914,0.29302917276996615,1,-1.0,-1.0,0,0,0,0,0,36.4,21.0,100.0,14.8,1008.9,kandi/KAND,172.33978820923755,87.9,85.3,0.4690050790126722
11.112115133057387,2.921738790380432,KAND,kandi,11.123456,2.954658,3808.745082949036,7079.457844,327.0,100.0,427.0,538.0,10,311.17181396484375,250.65724979843478,1.7418917038766744,301.17181396484375,-0.0058099859255404075,7.901559059561382,-0.005479357131964773,7.898212407227807,0.012447064440966153,0.3302311926798503,1,-1.0,-1.0,0,0,0,0,0,36.4,21.0,100.0,14.8,1008.9,kandi/KAND,191.92410374935423,85.9,87.9,0.8967553715906984
11.135992351567005,2.91707614226544,KAND,kandi,11.123456,2.954658,4333.299178664916,7079.457844,327.0,100.0,427.0,538.0,10,300.4173278808594,288.78004002268773,1.6732264926876559,290.4173278808594,-0.00752430513356222,12.952578277877878,-0.007453188387985402,12.886989398546435,0.001256561279296875,0.06894650066529832,1,-1.0,-1.0,0,0,0,0,0,30.4,39.0,60.0,7.6,1009.9,kandi/KAND,193.28666844877344,82.8,85.4,0.4755611732329348
11.1396326694719,2.9245476192681648,KAND,kandi,11.123456,2.954658,3744.4507004573793,7079.457844,327.0,100.0,427.0,538.0,10,291.42852783203125,298.7056764530209,2.073543577744052,281.42852783203125,-0.011172493489583333,14.214246289955026,-0.010532726535620714,14.229763236413492,0.0196351387246954,0.41668615757379845,1,-1.0,-1.0,0,0,0,0,0,32.0,21.0,67.0,18.4,1011.9,kandi/KAND,262.99505261506863,83.8,84.6,0.060330818574221734
11.134741561975892,2.9312591364454064,KAND,kandi,11.123456,2.954658,2844.6396852942166,7079.457844,327.0,100.0,427.0,538.0,10,293.3797302246094,296.17896942988597,2.6893579099931126,283.3797302246094,-0.014014116656460521,13.127723684330677,-0.013657174028199874,13.267808986575021,0.0024762672939332227,0.04687838989159704,0,-1.0,2747.728112849323,0,6,2,7,0,33.4,16.0,49.0,20.9,1010.0,kandi/KAND,334.3661974542558,87.6,84.5,0.8222135460938069
11.126767380365452,2.9294035950187842,KAND,kandi,11.123456,2.954658,2783.031837465551,7079.457844,327.0,100.0,427.0,538.0,10,297.3633728027344,277.6138975846088,2.666971444961228,287.3633728027344,-0.012925532388939972,11.584338251317497,-0.012872762271358196,11.719381793345473,-0.011080871991446967,0.22647025163875492,1,-1.0,-1.0,0,0,3,7,0,35.7,22.0,60.0,14.8,1008.1,kandi/KAND,253.12137819628967,87.2,83.3,0.6481837296671343
11.12390576917993,2.9224700519136984,KAND,kandi,11.123456,2.954658,3516.619510206357,7079.457844,327.0,100.0,427.0,538.0,10,303.7261962890625,270.81898512264837,2.00766039396659,293.7261962890625,-0.008035740538716854,11.037367735618279,-0.008196812690291919,11.020400873686075,0.00865187754289967,0.2710045246153118,1,-1.0,-1.0,0,0,0,0,0,31.5,32.0,75.0,15.1,1011.5,kandi/KAND,113.91424559135775,84.4,81.6,0.7817570475739452
11.11300797008117,2.9321252685484946,KAND,kandi,11.123456,2.954658,2719.36708132099,7079.457844,327.0,100.0,427.0,538.0,10,316.8483581542969,244.7090260905917,2.3195749765580747,306.8483581542969,-0.005886119446643407,4.904852421098794,-0.006517951608539855,5.057111682479231,-0.012393154114046416,0.20531536857279034,1,-1.0,-1.0,0,0,0,0,0,28.3,38.0,34.0,17.3,1009.3,kandi/KAND,259.74237178418406,87.3,88.7,0.4281698635088733
11.140486908428032,2.906061038251203,KAND,kandi,11.123456,2.954658,5633.024617723877,7079.457844,327.0,100.0,427.0,538.0,10,297.8492126464844,289.6600098166149,1.313414965736926,287.8492126464844,-0.006293581472575861,12.245669626896794,-0.00656743620995126,12.204683988255383,-0.02224933995489924,0.3847508010090238,1,-1.0,-1.0,0,0,0,0,0,28.4,37.0,100.0,3.6,1009.9,kandi/KAND,242.2242803683185,83.6,83.3,0.6379367442466449
11.112363451147532,2.9218527171046467,KAND,kandi,11.123456,2.954658,3788.008224109875,7079.457844,327.0,100.0,427.0,538.0,10,310.9377136230469,250.989196202217,1.7549590813624438,300.9377136230469,-0.005876027505228839,8.02462971876813,-0.005670567158942496,8.02001704754472,0.00871701541116184,0.284059469100594,1,-1.0,-1.0,0,0,0,0,0,33.2,27.0,75.0,15.8,1010.6,kandi/KAND,172.33978820923755,85.3,87.9,0.8562290037966075
11.129770387669575,2.9214564980046114,KAND,kandi,11.123456,2.954658,3693.5962736613205,7079.457844,327.0,100.0,427.0,538.0,10,300.6125793457031,280.97265968802566,1.959781460060162,290.6125793457031,-0.008793763191469253,12.118707088361148,-0.008616318908749178,12.096446959212571,0.006230920577291123,0.20223795882736417,1,-1.0,-1.0,0,0,0,6,0,25.9,36.0,63.0,14.4,1011.3,kandi/KAND,303.403835341593,74.6,86.6,0.6310654428718875
11.135720825354102,2.9167522467959963,KAND,kandi,11.123456,2.954658,4357.392455145627,7079.457844,327.0,100.0,427.0,538.0,10,300.4522399902344,288.25429431444104,1.6635212819928626,290.4522399902344,-0.007505282746058078,12.81381958850173,-0.007438745554112436,12.781404490541107,0.0015560875316503679,0.06817156118870561,1,-1.0,-1.0,0,0,0,0,0,30.4,39.0,60.0,7.6,1009.9,kandi/KAND,371.02901908073824,85.4,86.4,0.3476736348359033
11.136566453832788,2.9285651122744225,KAND,kandi,11.123456,2.954658,3198.0865130979187,7079.457844,327.0,100.0,427.0,538.0,10,293.65185546875,297.1188049749327,2.3876348346216743,283.65185546875,-0.012341006813314506,13.748697637653917,-0.01216027496057913,13.806830451975637,-0.0001294453938802083,0.025459470579642884,1,-1.0,-1.0,0,0,2,3,0,25.1,38.0,70.0,13.7,1012.7,kandi/KAND,179.61775663907892,83.4,85.1,0.6625295943661998
11.127010609183346,2.92871551349448,KAND,kandi,11.123456,2.954658,2861.133941350428,7079.457844,327.0,100.0,427.0,538.0,10,296.8409423828125,277.95205263936816,2.6047108030975608,286.8409423828125,-0.012668206956651476,11.838266526565484,-0.012522777423593508,11.896763848208924,-0.0020592374991414138,0.09270760402605774,1,-1.0,-1.0,0,0,0,3,0,35.3,21.0,79.0,20.2,1008.9,kandi/KAND,253.12137819628967,83.3,87.2,0.6718541886140673
11.11283526196939,2.923038322829379,KAND,kandi,11.123456,2.954658,3648.5708576632073,7079.457844,327.0,100.0,427.0,538.0,10,310.0433654785156,251.10621296177624,1.8360141456507464,300.0433654785156,-0.006339274416888476,8.016276633857473,-0.006205486994917675,8.036975508924558,0.0037178039550781255,0.17372638489596232,1,-1.0,-1.0,0,0,0,0,0,36.4,21.0,100.0,14.8,1008.9,kandi/KAND,246.3349853351433,85.9,85.3,0.960586962506625
11.131004991703918,2.9229644407572968,KAND,kandi,11.123456,2.954658,3561.4937636469585,7079.457844,327.0,100.0,427.0,538.0,10,298.9724426269531,283.6477008002175,2.0587657656892357,288.9724426269531,-0.009607109478216802,12.559131645068144,-0.009503333562004994,12.537469230404572,-0.00035400390625,0.05927142218938079,1,-1.0,-1.0,0,0,1,3,0,30.7,25.0,24.0,16.6,1009.0,kandi/KAND,371.69589343971694,86.6,82.4,0.3709123215416692
11.140044170076429,2.9059205539665593,KAND,kandi,11.123456,2.954658,5631.346009704195,7079.457844,327.0,100.0,427.0,538.0,10,297.0281066894531,289.1355527787396,1.3221562067022503,287.0281066894531,-0.006486104184784283,12.15181347294451,-0.006433308919270833,12.116048497425822,-0.00967441134982639,0.3572449604581843,1,-1.0,-1.0,0,0,0,0,0,28.4,37.0,100.0,3.6,1009.9,kandi/KAND,242.2242803683185,83.6,83.3,0.4250817675141312
11.136251091643699,2.915993093952465,KAND,kandi,11.123456,2.954658,4454.559371019912,7079.457844,327.0,100.0,427.0,538.0,10,300.2435607910156,288.64122418467974,1.6299366856911413,290.2435607910156,-0.007459927563837351,12.79094062051652,-0.007392226465490479,12.731699431007867,-0.005251566569010416,0.2781760377881523,1,-1.0,-1.0,0,0,0,1,0,30.4,39.0,60.0,7.6,1009.9,kandi/KAND,198.68689941707686,86.4,82.8,0.8121229611870592
11.13792871907693,2.9199803193112324,KAND,kandi,11.123456,2.954658,4112.549699972186,7079.457844,327.0,100.0,427.0,538.0,10,297.8267822265625,293.04586028526575,1.799041548171901,287.8267822265625,-0.00857454014285175,13.613907416078113,-0.008250537153361487,13.580176051577723,0.01215395846543154,0.408404107658192,1,-1.0,-1.0,0,0,0,0,0,30.2,23.0,100.0,18.4,1012.1,kandi/KAND,222.29118403569404,85.2,79.8,0.5057623147427412
11.118277501569452,2.9246863015367786,KAND,kandi,11.123456,2.954658,3323.9222447557527,7079.457844,327.0,100.0,427.0,538.0,10,303.2355651855469,260.01627813081575,2.1323920622994534,293.2355651855469,-0.009034784473952538,9.627790811789938,-0.008839069917842,9.70703894127577,0.0015279134114583334,0.0658597530153904,1,-1.0,-1.0,0,0,0,0,0,33.2,27.0,75.0,15.8,1010.6,kandi/KAND,116.63871176489182,88.5,78.9,0.736573093115733
11.140283804313936,2.9059965917534605,KAND,kandi,11.123456,2.954658,5632.196561835646,7079.457844,327.0,100.0,427.0,538.0,10,297.8123779296875,289.4194614193904,1.3139825177141318,287.8123779296875,-0.006296631292248449,12.213816439806823,-0.006411100688733554,12.177736983710576,-0.01144748263888889,0.42967211000830724,1,-1.0,-1.0,0,0,0,0,0,26.0,22.0,47.0,14.0,1010.5,kandi/KAND,242.2242803683185,83.3,83.6,0.45970946445359206
11.11610651612525,2.935087480773377,KAND,kandi,11.123456,2.954658,2287.2974160362205,7079.457844,327.0,100.0,427.0,538.0,10,316.6918029785156,249.0588532470543,2.7610319080130052,306.6918029785156,-0.008145837860478728,4.955873716905451,-0.007089792416586564,5.008410014173832,-0.006074308234896494,0.20529134471610416,1,-1.0,-1.0,0,0,2,0,0,36.2,24.0,60.0,11.2,1006.9,kandi/KAND,271.9160182852466,88.7,89.9,0.21549514181270046
11.138524550351113,2.9249806294986844,KAND,kandi,11.123456,2.954658,3645.321840094577,7079.457844,327.0,100.0,427.0,538.0,10,291.2854919433594,297.36352961187873,2.132124201774464,281.2854919433594,-0.01152102282504542,14.12750146579033,-0.011322169150075606,14.174896777023116,-0.0031689961751302084,0.15730667797882036,1,-1.0,-1.0,0,0,1,0,0,32.0,21.0,67.0,18.4,1011.9,kandi/KAND,168.81490751722686,83.8,85.4,0.7452038427810108
11.134707054825197,2.9311229730940194,KAND,kandi,11.123456,2.954658,2856.347701161152,7079.457844,327.0,100.0,427.0,538.0,10,293.4019775390625,295.97844677223094,2.6779051743460767,283.4019775390625,-0.013862291971842447,13.186524025176508,-0.013691423029424398,13.252648598886138,0.0013688829210069444,0.05323627881602285,0,-1.0,2759.037258436223,0,3,2,6,0,25.1,38.0,70.0,13.7,1012.7,kandi/KAND,334.3661974542558,84.5,87.6,0.13115516918470993
11.13575602536115,2.928880714099393,KAND,kandi,11.123456,2.954658,3127.371293190166,7079.457844,327.0,100.0,427.0,538.0,10,294.0332946777344,295.9366655080494,2.4345831278120644,284.0332946777344,-0.012473677377852183,13.616011180984705,-0.012337962349985812,13.646468636828079,0.0014003113117860158,0.04343094940478659,1,-1.0,-1.0,0,0,2,12,0,25.1,38.0,70.0,13.7,1012.7,kandi/KAND,302.509112755308,85.1,84.5,0.19858366353130807
11.139326213726758,2.9217702374741763,KAND,kandi,11.123456,2.954658,3998.586435099848,7079.457844,327.0,100.0,427.0,538.0,10,296.2303466796875,296.19155766721866,1.873131878024757,286.2303466796875,-0.009227619835393346,13.991248902509756,-0.008913089779198547,13.96318594563086,0.014966257787627913,0.47213757168335135,1,-1.0,-1.0,0,0,0,0,0,30.2,23.0,100.0,18.4,1012.1,kandi/KAND,224.00284038368383,85.2,84.6,0.6268249827842086
11.140222745717983,2.9308930106884916,KAND,kandi,11.123456,2.954658,3190.500257489585,7079.457844,327.0,100.0,427.0,538.0,10,292.43768310546875,305.7203753093172,2.4150715055342142,282.43768310546875,-0.012472353816336436,13.891741406184591,-0.01263527480375004,13.921645312050583,0.0036390860146512855,0.1775984001616048,1,-1.0,-1.0,0,0,0,4,0,34.2,16.0,100.0,18.4,1010.2,kandi/KAND,284.3355512418123,79.7,85.3,0.7472698001920698
11.136574594871917,2.9073536254642414,KAND,kandi,11.123456,2.954658,5367.384707303081,7079.457844,327.0,100.0,427.0,538.0,10,300.5560607910156,285.7869285778095,1.3495146522257506,290.5560607910156,-0.0061022937852799105,11.555409450335514,-0.006097198542529925,11.508669222509692,-0.0037607828776041667,0.2617075497584628,1,-1.0,-1.0,0,0,0,0,0,28.4,37.0,100.0,3.6,1009.9,kandi/KAND,348.3702771476682,79.6,81.9,0.894687886867815
11.130306138395866,2.92187666489553,KAND,kandi,11.123456,2.954658,3660.3395368877564,7079.457844,327.0,100.0,427.0,538.0,10,299.96014404296875,282.0257109445538,1.9877737984111192,289.96014404296875,-0.009115085845768062,12.284702391844851,-0.008935858613701275,12.250849351025844,0.002525160047743056,0.09508798994880105,1,-1.0,-1.0,0,0,0,2,0,30.7,25.0,24.0,16.6,1009.0,kandi/KAND,296.59233233508934,86.6,85.7,0.2725864974158917
11.12298193833799,2.9249727478102505,KAND,kandi,11.123456,2.954658,3243.2977563237746,7079.457844,327.0,100.0,427.0,538.0,10,301.2922668457031,269.07043740831,2.219629407950965,291.2922668457031,-0.009796058584790709,10.896430486498208,-0.009632272431344693,10.90919951844626,0.005270724826388889,0.19741319855510545,1,-1.0,-1.0,0,0,0,0,0,31.0,31.0,80.0,11.2,1011.0,kandi/KAND,340.76806176995353,82.0,81.6,0.11072425860055435
11.116069786383711,2.9307035138070727,KAND,kandi,11.123456,2.954658,2741.444855461741,7079.457844,327.0,100.0,427.0,538.0,10,311.07452392578125,252.55733947950264,2.421382215681426,301.07452392578125,-0.00806190380151721,6.761894858440132,-0.008169414980191712,6.91166603886218,-0.007100931803385417,0.36728923453531703,1,-1.0,-1.0,0,0,0,4,0,28.3,38.0,34.0,17.3,1009.3,kandi/KAND,275.9081341679291,87.3,87.4,0.9560466595226291
11.102380900017314,2.924962653852813,KAND,kandi,11.123456,2.954658,3994.843158253812,7079.457844,327.0,100.0,427.0,538.0,10,322.0052185058594,234.12568319869487,1.5055342624915973,312.0052185058594,-0.002815960177141635,3.736369044228303,-0.002627294572233815,3.757306600581994,0.012558216146179668,0.4418664422776323,0,-1.0,3490.4842024021277,0,5,0,0,0,31.5,29.0,60.0,14.8,1011.4,kandi/KAND,185.52613185200588,82.2,83.6,0.15442308802214244
11.11709149088049,2.9175116203219,KAND,kandi,11.123456,2.954658,4118.598890228353,7079.457844,327.0,100.0,427.0,538.0,10,308.5914001464844,260.09877543208734,1.6467844897232469,298.5914001464844,-0.005974390886831975,9.561057652397187,-0.0057920155050477495,9.538394330612128,0.007466693057787593,0.24334563172780932,1,-1.0,-1.0,0,0,0,2,0,35.2,25.0,75.0,18.4,1008.5,kandi/KAND,329.7372658647473,87.2,86.1,0.19766698225463952
11.112578959489083,2.933506716831677,KAND,kandi,11.123456,2.954658,2605.1316333990876,7079.457844,327.0,100.0,427.0,538.0,10,320.06024169921875,242.34364985430938,2.3506523109096737,310.06024169921875,-0.0050824278615900385,4.154769043287108,-0.005483849568413201,4.249245710797438,-0.015297129210147186,0.27433648531629706,1,-1.0,-1.0,0,0,0,0,0,31.0,43.0,40.0,3.6,1008.2,kandi/KAND,356.0124926179925,90.3,87.3,0.29132945355846573
11.11509701228718,2.931125902559514,KAND,kandi,11.123456,2.954658,2731.9554313763397,7079.457844,327.0,100.0,427.0,538.0,10,312.0661315917969,250.1013961331363,2.409023428178787,302.0661315917969,-0.007702625661656477,6.188558417279915,-0.0076459687955174604,6.273909258040133,-0.005520041341596803,0.322184207775258,1,-1.0,-1.0,0,0,1,0,0,28.3,38.0,34.0,17.3,1009.3,kandi/KAND,275.9081341679291,87.3,87.4,0.5293913540262875
11.129215667856592,2.91984311350189,KAND,kandi,11.123456,2.954658,3856.199223828331,7079.457844,327.0,100.0,427.0,538.0,10,302.63665771484375,279.57376141158437,1.8471622988701266,292.63665771484375,-0.007929901990471576,11.768869763279916,-0.007093703661465907,11.711255922808082,0.025884330086991546,0.32324363500726216,1,-1.0,-1.0,0,0,0,1,0,34.3,13.0,100.0,18.4,1008.8,kandi/KAND,376.9557385158805,82.1,74.6,0.882825566034078
11.118993151011356,2.9306401241818207,KAND,kandi,11.123456,2.954658,2669.8135748528607,7079.457844,327.0,100.0,427.0,538.0,10,307.7659912109375,259.2792051371366,2.5571332190278424,297.7659912109375,-0.009579951484413237,8.26116091744897,-0.009587997045272436,8.38488279490482,-0.011707221137152777,0.4451515935490768,1,-1.0,-1.0,0,0,1,3,0,31.0,31.0,80.0,11.2,1011.0,kandi/KAND,351.7491748390901,85.1,88.4,0.7605460227298669
11.113498677999683,2.936394542834777,KAND,kandi,11.123456,2.954658,2279.0022844806804,7079.457844,327.0,100.0,427.0,538.0,10,324.3220520019531,240.94373964302417,2.5796539992266556,314.3220520019531,-0.003936927943853852,3.627450611868771,-0.003516119161807658,3.635875310623277,0.013055456914528668,0.2938770102159961,1,-1.0,-1.0,0,0,0,0,0,30.3,45.0,32.0,11.2,1007.8,kandi/KAND,389.4186282137673,90.3,89.9,0.7081575538426351
11.109672917928107,2.931088245572284,KAND,kandi,11.123456,2.954658,2992.3901190555125,7079.457844,327.0,100.0,427.0,538.0,10,322.30377197265625,239.2090058057821,2.003818304187181,312.30377197265625,-0.0036410184918194938,3.8211756243065023,-0.0035224469723718283,3.893690011701117,0.005334798273559237,0.5919512244100645,1,-1.0,-1.0,0,0,0,0,0,33.4,23.0,80.0,18.4,1011.3,kandi/KAND,182.88071112067146,81.5,88.6,0.17518056785600367
11.134323853894779,2.9302213601842872,KAND,kandi,11.123456,2.954658,2927.6542145510475,7079.457844,327.0,100.0,427.0,538.0,10,293.8235778808594,294.3852126766412,2.604539251275197,283.8235778808594,-0.013404055340300721,13.234333269001027,-0.013143442789713543,13.342400855079791,0.0015497843424479166,0.08361421673221772,1,-1.0,-1.0,0,0,1,6,0,25.1,38.0,70.0,13.7,1012.7,kandi/KAND,183.82149629455927,84.5,84.2,0.35768263152597424
11.110984660859712,2.934631465386222,KAND,kandi,11.123456,2.954658,2586.402156699535,7079.457844,327.0,100.0,427.0,538.0,10,327.942138671875,237.60067245155645,2.193326634436933,317.942138671875,-0.0020625439640205943,3.250672662483202,-0.0022749968234779525,3.2441938504405816,-0.007202939591117154,0.3582918745385825,1,-1.0,-1.0,0,0,0,0,0,30.3,45.0,32.0,11.2,1007.8,kandi/KAND,237.3936713820402,82.3,90.3,0.47840492608667795
11.134138759876274,2.9291617394204676,KAND,kandi,11.123456,2.954658,3025.516273112323,7079.457844,327.0,100.0,427.0,538.0,10,294.8992004394531,293.12605885351536,2.500073834724055,284.8992004394531,-0.012678310002621767,13.346037043772826,-0.012378285232099514,13.40748327712101,0.0024868435329861113,0.10161416952833915,1,-1.0,-1.0,0,0,3,12,0,25.1,38.0,70.0,13.7,1012.7,kandi/KAND,265.70070718742903,84.2,85.1,0.14742595348558585
11.101634155051066,2.924634850456171,KAND,kandi,11.123456,2.954658,4072.3924993707615,7079.457844,327.0,100.0,427.0,538.0,10,323.4586486816406,233.47472655510876,1.4564422757116302,313.4586486816406,-0.0023793701948143326,3.681479938884911,-0.0019115793532794093,3.732714174148524,0.025668017066855547,0.36061529940521597,1,-1.0,-1.0,0,0,0,0,0,31.5,29.0,60.0,14.8,1011.4,kandi/KAND,226.45360253270923,82.2,83.5,0.2734297021266725
11.120422833537754,2.9171126664389573,KAND,kandi,11.123456,2.954658,4115.242130514408,7079.457844,327.0,100.0,427.0,538.0,10,310.38818359375,265.2968991743259,1.6231311012375231,300.38818359375,-0.005540385223241244,9.990244475308968,-0.005296139065310251,9.954564077597972,0.02047390407986111,0.7592902639338497,1,-1.0,-1.0,0,0,0,1,0,35.3,25.0,76.0,17.3,1007.6,kandi/KAND,262.5331864737047,77.7,86.1,0.30833320395284425
11.11418018973219,2.931523996563654,KAND,kandi,11.123456,2.954658,2727.585502182393,7079.457844,327.0,100.0,427.0,538.0,10,314.1882019042969,247.77582063926812,2.368379683496835,304.1882019042969,-0.007009954766912774,5.505195677829804,-0.0072785511457338905,5.666229109370547,-0.012999790921396475,0.33425875527655846,1,-1.0,-1.0,0,0,0,1,0,28.3,38.0,34.0,17.3,1009.3,kandi/KAND,275.9081341679291,87.3,87.4,0.12727619832903925
11.111065166828247,2.9324573681694504,KAND,kandi,11.123456,2.954658,2785.789360588875,7079.457844,327.0,100.0,427.0,538.0,10,322.20013427734375,240.37076728796802,2.154419812117583,312.20013427734375,-0.0040089931437072256,3.8408422583610924,-0.004157672012061404,3.9026820634788795,-0.011128065321180556,0.4424197882026788,1,-1.0,-1.0,0,0,0,0,0,31.0,43.0,40.0,3.6,1008.2,kandi/KAND,165.92922165772438,88.7,88.6,0.5502396919082576
11.111408190321029,2.933686211462914,KAND,kandi,11.123456,2.954658,2650.453554861529,7079.457844,327.0,100.0,427.0,538.0,10,322.5906066894531,239.65459533330244,2.2558878732700194,312.5906066894531,-0.004406454660735014,3.6237573135587193,-0.0039038059919813263,3.6437467335113265,-0.003059139611870356,0.11571533847962302,1,-1.0,-1.0,0,0,0,0,0,30.3,45.0,32.0,11.2,1007.8,kandi/KAND,382.98217256152554,85.8,88.7,0.7050281965241929
11.113760626481767,2.931833220874469,KAND,kandi,11.123456,2.954658,2714.317722095488,7079.457844,327.0,100.0,427.0,538.0,10,315.02874755859375,246.5944377001715,2.362230737953533,305.02874755859375,-0.006702062585851648,5.34397922926063,-0.006726402364751344,5.504057380516427,-0.006415812174479167,0.33082220731222545,1,-1.0,-1.0,0,0,0,0,0,28.3,38.0,34.0,17.3,1009.3,kandi/KAND,356.0124926179925,87.3,90.3,0.06993163147686121
11.112972477777099,2.9367996034377732,KAND,kandi,11.123456,2.954658,2269.5485851643903,7079.457844,327.0,100.0,427.0,538.0,10,325.2083435058594,239.1111321232686,2.5680553032147357,315.2083435058594,-0.0035294391494268633,3.5091106077642036,-0.002808032228604038,3.5056322643315827,0.01123788855068481,0.2248076886955261,1,-1.0,-1.0,0,0,0,0,0,33.3,38.0,28.0,15.5,1007.0,kandi/KAND,389.4186282137673,89.9,90.3,0.48112310176314976
11.126665519491597,2.9296917540698257,KAND,kandi,11.123456,2.954658,2750.3533121422875,7079.457844,327.0,100.0,427.0,538.0,10,297.6352844238281,277.4665785918808,2.6929607200405523,287.6352844238281,-0.01304176570700001,11.494088664107165,-0.01275248426072141,11.632488709612009,-0.009097290039062499,0.3342560640264332,1,-1.0,-1.0,0,0,3,8,0,35.7,22.0,60.0,14.8,1008.1,kandi/KAND,253.12137819628967,87.2,83.3,0.782211195267795
11.127146592377036,2.920398231313478,KAND,kandi,11.123456,2.954658,3764.7754306947268,7079.457844,327.0,100.0,427.0,538.0,10,306.3651428222656,276.2685431355404,1.8353031037212089,296.3651428222656,-0.007132337459180721,11.324863158266615,-0.00680073102315267,11.246332713060005,0.011580403645833333,0.5359768000893351,0,-1.0,3553.525506727888,0,16,0,2,0,25.9,36.0,63.0,14.4,1011.3,kandi/KAND,376.9557385158805,74.6,82.1,0.7479901289524469
11.131124186689929,2.920212742395807,KAND,kandi,11.123456,2.954658,3857.232983103645,7079.457844,327.0,100.0,427.0,538.0,10,300.2640686035156,282.78645054565925,1.8818730026277106,290.2640686035156,-0.008472952449824342,12.268677105785684,-0.008366141671139471,12.224602493105008,0.005646514892578124,0.2696311747487658,1,-1.0,-1.0,0,0,3,8,0,25.9,36.0,63.0,14.4,1011.3,kandi/KAND,217.3248474057293,74.6,85.7,0.8150730962187541
11.1281297707232,2.9201344517571903,KAND,kandi,11.123456,2.954658,3806.6558707289687,7079.457844,327.0,100.0,427.0,538.0,10,303.9739990234375,277.85896280990124,1.8510782774288512,293.9739990234375,-0.0076911107761476385,11.463075334599331,-0.007142031618543376,11.398991274046285,0.02178905696079453,0.5384091387863177,1,-1.0,-1.0,0,0,0,5,0,25.9,36.0,63.0,14.4,1011.3,kandi/KAND,376.9557385158805,74.6,82.1,0.44824063317060703
11.114720924280755,2.9356138846618967,KAND,kandi,11.123456,2.954658,2293.8749136152446,7079.457844,327.0,100.0,427.0,538.0,10,320.0150451660156,244.9480700586954,2.6703058505459896,310.0150451660156,-0.006184478217095169,4.194585793646114,-0.005415801358122362,4.251651662011048,-0.0022260030110677082,0.11945998835135145,1,-1.0,-1.0,0,0,0,2,0,36.2,24.0,60.0,11.2,1006.9,kandi/KAND,271.9160182852466,88.7,89.9,0.8205570826398607
11.139660766388126,2.9057988970270014,KAND,kandi,11.123456,2.954658,5630.269984563327,7079.457844,327.0,100.0,427.0,538.0,10,296.732421875,288.6811304646593,1.325416195375453,286.732421875,-0.006526502589830259,12.074790549723618,-0.006824922942707753,12.04477248351677,-0.029276437521664672,0.47433524906992736,1,-1.0,-1.0,0,0,0,0,0,28.4,37.0,100.0,3.6,1009.9,kandi/KAND,242.2242803683185,83.6,83.3,0.24075307121426948
11.126774216026677,2.929384257292952,KAND,kandi,11.123456,2.954658,2785.2254638997165,7079.457844,327.0,100.0,427.0,538.0,10,297.3633728027344,277.62366003016075,2.664873983811536,287.3633728027344,-0.012913402809093156,11.589674140797763,-0.012839492522817318,11.724417385313359,-0.010027329954319167,0.22647025163875492,1,-1.0,-1.0,0,0,3,7,0,35.3,21.0,79.0,20.2,1008.9,kandi/KAND,253.12137819628967,83.3,87.2,0.36081056141751533
11.135787811525722,2.928829144937289,KAND,kandi,11.123456,2.954658,3133.973238322438,7079.457844,327.0,100.0,427.0,538.0,10,293.9864501953125,295.9497965596893,2.430315529561968,283.9864501953125,-0.012508747684992832,13.624616642515893,-0.012226872429298092,13.682159874699936,0.0009373982747395834,0.046032412175711246,1,-1.0,-1.0,0,0,2,13,0,25.1,38.0,70.0,13.7,1012.7,kandi/KAND,302.509112755308,85.1,84.5,0.1763555764178013
11.109542155687777,2.919334156268504,KAND,kandi,11.123456,2.954658,4154.534003626281,7079.457844,327.0,100.0,427.0,538.0,10,317.6213684082031,248.13161101656868,1.508108154470626,307.6213684082031,-0.0036679421995585945,7.135371050861212,-0.0036614456357121753,7.091350511283519,0.004361216227213542,0.2347564116271167,1,-1.0,-1.0,0,0,0,0,0,26.1,45.0,70.0,11.9,1012.3,kandi/KAND,305.7478243151074,82.3,89.2,0.4674845394285718
11.11067964727879,2.932459648697728,KAND,kandi,11.123456,2.954658,2806.802243451113,7079.457844,327.0,100.0,427.0,538.0,10,322.44989013671875,239.60792627234264,2.1332147304036426,312.44989013671875,-0.003856556128102837,3.7366760076671897,-0.00398098627726237,3.7988416172752295,-0.00672760009765625,0.3340299705702491,1,-1.0,-1.0,0,0,0,0,0,31.0,43.0,40.0,3.6,1008.2,kandi/KAND,336.60591917685895,88.7,86.1,0.39206002241544324
11.111131390674622,2.9223028026798836,KAND,kandi,11.123456,2.954658,3788.4130715721317,7079.457844,327.0,100.0,427.0,538.0,10,312.36962890625,248.78687366064952,1.73313549431739,302.36962890625,-0.005500196722235892,7.482621989092129,-0.005236808688312219,7.4758643508535645,0.008884674459268932,0.3474101406987935,1,-1.0,-1.0,0,0,0,0,0,36.4,21.0,100.0,14.8,1008.9,kandi/KAND,191.92410374935423,85.9,87.9,0.2409271164143122
11.13469983594323,2.9065778631489234,KAND,kandi,11.123456,2.954658,5397.51317011167,7079.457844,327.0,100.0,427.0,538.0,10,302.4129333496094,283.41030730761065,1.3222840840661598,292.4129333496094,-0.0057324542233496145,11.029311158404976,-0.005649600892410013,10.979598211006923,-0.0018692445041242085,0.08363100217849205,1,-1.0,-1.0,0,0,0,0,0,28.4,37.0,100.0,3.6,1009.9,kandi/KAND,348.3702771476682,81.9,79.6,0.7517807092307816
11.1111018754887,2.932160552665267,KAND,kandi,11.123456,2.954658,2812.0882379655004,7079.457844,327.0,100.0,427.0,538.0,10,321.47601318359375,240.76920808220336,2.1490234537556763,311.47601318359375,-0.004257123432507772,3.9614557564757216,-0.005023114949692184,4.015659735491341,-0.03309482161931653,0.44071032143170896,1,-1.0,-1.0,0,0,0,0,0,31.0,43.0,40.0,3.6,1008.2,kandi/KAND,333.563772763011,88.7,81.5,0.3138467721116466
11.124338207981632,2.9227629847397414,KAND,kandi,11.123456,2.954658,3485.6308088450423,7079.457844,327.0,100.0,427.0,538.0,10,303.5553283691406,271.6177803889866,2.0282996878858794,293.5553283691406,-0.007925098153846621,11.153989498057095,-0.00831156652919502,11.136406744535158,0.009029446553051415,0.2891036778355743,1,-1.0,-1.0,0,0,0,0,0,31.5,32.0,75.0,15.1,1011.5,kandi/KAND,113.91424559135775,84.4,81.6,0.2728043301458357
11.117995130305214,2.9308425130305213,KAND,kandi,11.123456,2.954658,2670.876262114137,7079.457844,327.0,100.0,427.0,538.0,10,309.3708801269531,256.84905607162824,2.5217565360051286,299.3708801269531,-0.008970623267082483,7.6848857691168915,-0.008950705056662088,7.798901911343759,-0.00024956597222222193,0.2052103029617628,1,-1.0,-1.0,0,0,0,4,0,35.5,22.0,100.0,11.2,1009.7,kandi/KAND,234.26260072818872,88.4,87.4,0.13089033085049506
11.111570743322861,2.9209011691963864,KAND,kandi,11.123456,2.954658,3915.072537265243,7079.457844,327.0,100.0,427.0,538.0,10,313.5231018066406,250.264346939252,1.6602316994244606,303.5231018066406,-0.0050387472293455795,7.79480599309892,-0.00481682110549812,7.761704789207438,0.01456298828125,0.6450433301902874,1,-1.0,-1.0,0,0,0,0,0,36.4,21.0,100.0,14.8,1008.9,kandi/KAND,259.1606293612586,87.9,82.3,0.4388217018019487
11.109605901112163,2.9319443257725033,KAND,kandi,11.123456,2.954658,2916.1949760850644,7079.457844,327.0,100.0,427.0,538.0,10,323.05560302734375,238.14417255185683,2.0413775713736735,313.05560302734375,-0.0034931208811649662,3.538549890147478,-0.0032601932821067284,3.553556347169734,0.008985005696554341,0.2648302580658741,1,-1.0,-1.0,0,0,0,0,0,33.4,23.0,80.0,18.4,1011.3,kandi/KAND,320.7240494333438,88.6,88.1,0.302964628837302
11.135216521563809,2.928741267371967,KAND,kandi,11.123456,2.954658,3115.7113798113205,7079.457844,327.0,100.0,427.0,538.0,10,294.4061584472656,294.8220233734689,2.436838756765395,284.4061584472656,-0.01247410896496895,13.509591654242008,-0.012185032024246931,13.568873639429533,0.001897979262198702,0.12356845568057256,1,-1.0,-1.0,0,0,1,13,0,25.1,38.0,70.0,13.7,1012.7,kandi/KAND,265.70070718742903,85.1,84.2,0.3692728413409686
11.118982711733114,2.9306434426278845,KAND,kandi,11.123456,2.954658,2669.6711443937315,7079.457844,327.0,100.0,427.0,538.0,10,308.20379638671875,259.2532550794709,2.5478920417268975,298.20379638671875,-0.009408832221441949,8.25004025174563,-0.009587997045272438,8.381487806412643,-0.011707221137152777,0.4451515935490768,1,-1.0,-1.0,0,0,1,3,0,35.5,22.0,100.0,11.2,1009.7,kandi/KAND,351.7491748390901,88.4,85.1,0.23599726262055265
11.109078203326067,2.9309644160302004,KAND,kandi,11.123456,2.954658,3037.9566088435104,7079.457844,327.0,100.0,427.0,538.0,10,322.7239990234375,238.26859003567222,1.9658707626466816,312.7239990234375,-0.0034645030701082515,3.6728556274093562,-0.003397084246097241,3.7016275851229334,-0.002828768859928885,0.3029665014726764,1,-1.0,-1.0,0,0,0,0,0,31.0,43.0,40.0,3.6,1008.2,kandi/KAND,209.350490283057,88.1,81.5,0.7631554898199004
11.139634699297057,2.924524807899757,KAND,kandi,11.123456,2.954658,3746.7470583309296,7079.457844,327.0,100.0,427.0,538.0,10,291.42852783203125,298.69043140459905,2.0722738241808347,281.42852783203125,-0.011172493489583333,14.214246289955026,-0.010581090988454847,14.23096867591326,0.017587710221383713,0.44496730812357405,1,-1.0,-1.0,0,0,0,0,0,30.2,23.0,100.0,18.4,1012.1,kandi/KAND,262.99505261506863,84.6,83.8,0.9300033473547173
11.112855739616744,2.9322072956434044,KAND,kandi,11.123456,2.954658,2718.4794918643333,7079.457844,327.0,100.0,427.0,538.0,10,316.8483581542969,244.305850803763,2.320331495177965,306.8483581542969,-0.00614055067129085,4.840323065720708,-0.005852965214773747,4.958887737974818,-0.0020690917968750003,0.15528791300158226,1,-1.0,-1.0,0,0,0,0,0,31.0,43.0,40.0,3.6,1008.2,kandi/KAND,259.74237178418406,88.7,87.3,0.49793185278888763
11.138749762648787,2.924098245664187,KAND,kandi,11.123456,2.954658,3742.499917057279,7079.457844,327.0,100.0,427.0,538.0,10,291.8247985839844,297.02677770249056,2.0685646937589697,281.8247985839844,-0.011009472755942076,14.16767304404659,-0.010611826979269195,14.177077591866123,0.017463514539930555,0.6837638650123455,1,-1.0,-1.0,0,0,0,0,0,30.2,23.0,100.0,18.4,1012.1,kandi/KAND,357.7042813554138,84.6,85.4,0.6429984233408326
11.109267838722443,2.9309141670807555,KAND,kandi,11.123456,2.954658,3031.7224433809474,7079.457844,327.0,100.0,427.0,538.0,10,321.43841552734375,238.66182435810458,1.994176887514042,311.43841552734375,-0.0038846283956290857,3.7661363831710655,-0.0036777894898059405,3.7805613461433807,-0.005460496875698383,0.3775609256369611,1,-1.0,-1.0,0,0,0,0,0,31.0,43.0,40.0,3.6,1008.2,kandi/KAND,209.350490283057,88.1,81.5,0.867172276606706
