Rx_lat,Rx_lon,Tx_id,City,Tx_lat,Tx_lon,Distance,Tx_power,Tx_alt,Tx_antenna_height,Tx_height,Freq,Rx_antenna_height,Rx_height,Azimut_Tx_Rx,Tilt_Tx_Rx,Rx_alt,Slope_Tx_Rx,Roughness_Tx_Rx,Slope_Tx_Rx_50m,Roughness_Tx_Rx_50m,Slope_Local_Rx_50m,Roughness_Local_Rx_50m,LOS,First_building_m,First_tree_m,Fresnel_buildings,Fresnel_trees,Buildings_near_Rx,Trees_near_Rx,Environment,Temp,Rhum,Wdir,Wspd,Pres,stratum,pair_dist,y_a,y_b,lam
6.376579801719929,2.3506113315213977,ABCA,cotonou,6.4302,2.3471,5942.465478051806,21238.37353,17.0,150.0,167.0,570.0,10,14.21655559539795,176.27643411713552,1.4727756513843442,4.216555595397949,-0.0018419129964294947,3.546757185029844,-0.0018434947015185368,3.538064646733178,-0.000884144050142574,0.027699468985782183,1,-1.0,-1.0,0,0,2,7,1,28.4,51.0,15.0,14.8,1011.3,cotonou/ABCA,208.9278317199207,70.6,74.3,0.47875358318541394
6.392044783288596,2.3674331480182897,ABCA,cotonou,6.4302,2.3471,4781.648360415282,21238.37353,17.0,150.0,167.0,570.0,10,13.913839340209961,152.09435760291217,1.8337182734974042,3.913839340209961,-0.0023176607330868495,3.208204407049526,-0.0023243245273951154,3.1975593643188644,0.0007521371046702067,0.043783599055730996,1,-1.0,-1.0,0,0,0,2,1,33.0,44.0,10.0,11.2,1008.0,cotonou/ABCA,307.08506585455837,66.0,65.5,0.5011405863368826
6.376503146240206,2.3503206794941134,ABCA,cotonou,6.4302,2.3471,5948.912121908695,21238.37353,17.0,150.0,167.0,570.0,10,14.20145559310913,176.58875599904343,1.4713256906200805,4.201455593109131,-0.0018606688968663308,3.5514665345586747,-0.0018389772383308911,3.542759424143225,-0.0008065210973984851,0.026874893594740167,1,-1.0,-1.0,0,0,1,5,1,30.0,52.0,20.0,13.0,1011.0,cotonou/ABCA,208.9278317199207,74.3,70.6,0.6809453329047943
6.376803340595179,2.3514589164233874,ABCA,cotonou,6.4302,2.3471,5924.691854737561,21238.37353,17.0,150.0,167.0,570.0,10,14.146467685699463,175.36188123660554,1.4778692581055592,4.146467685699463,-0.0018710468848461006,3.5158418200943617,-0.0018499816258748369,3.498868053441911,-0.0007400234540303548,0.03584812513750514,1,-1.0,-1.0,0,0,0,4,1,30.0,52.0,20.0,13.0,1011.0,cotonou/ABCA,208.9278317199207,74.3,70.6,0.055540426710343205
6.376702236858415,2.3510755647548245,ABCA,cotonou,6.4302,2.3471,5932.540902926715,21238.37353,17.0,150.0,167.0,570.0,10,14.191477298736572,175.77620290993275,1.4754804193884474,4.191477298736572,-0.0018573369195835781,3.539982530594577,-0.00186090282116352,3.5227722977073275,-0.0018738505005959124,0.040104638249331366,1,-1.0,-1.0,0,0,2,2,1,28.4,51.0,15.0,14.8,1011.3,cotonou/ABCA,208.9278317199207,70.6,74.3,0.733826788364981
6.392074128922405,2.367006864074541,ABCA,cotonou,6.4302,2.3471,4756.768693598783,21238.37353,17.0,150.0,167.0,570.0,10,13.756994485855103,152.5754429635757,1.8451899577846758,3.7569944858551025,-0.002396913058602251,3.247242347378499,-0.0023516566116617327,3.23564158788452,0.0019565502802530925,0.08732921800700913,1,-1.0,-1.0,0,0,1,3,1,33.0,44.0,10.0,11.2,1008.0,cotonou/ABCA,307.08506585455837,65.5,66.0,0.6533101179199154
6.376397999119645,2.3499219966619838,ABCA,cotonou,6.4302,2.3471,5958.045432812612,21238.37353,17.0,150.0,167.0,570.0,10,14.2510666847229,177.01604044531382,1.4685944559760737,4.2510666847229,-0.001836132244448766,3.5593962137775645,-0.0018277615061644496,3.5418937364390253,-0.0006656209627787272,0.031915075970302194,1,-1.0,-1.0,0,0,0,11,1,30.0,52.0,20.0,13.0,1011.0,cotonou/ABCA,208.9278317199207,74.3,70.6,0.9000018340749973
6.376648536977561,2.350871952706586,ABCA,cotonou,6.4302,2.3471,5936.83735113475,21238.37353,17.0,150.0,167.0,570.0,10,14.191477298736572,175.99581030009165,1.4744130959026995,4.191477298736572,-0.0018562946200452418,3.548034535495437,-0.0018509021348849302,3.530741332340527,-0.0012071380820232324,0.029332132687776204,1,-1.0,-1.0,0,0,2,4,1,28.4,51.0,15.0,14.8,1011.3,cotonou/ABCA,208.9278317199207,70.6,74.3,0.6219520365858239
6.376354032521438,2.349755289977118,ABCA,cotonou,6.4302,2.3471,5961.963788853792,21238.37353,17.0,150.0,167.0,570.0,10,14.2510666847229,177.19431290312627,1.4676296801814848,4.2510666847229,-0.0018361322444487654,3.5608349829296744,-0.0018277615061644493,3.5432891405789038,-0.0006632486979166666,0.02475564728442176,1,-1.0,-1.0,0,0,0,12,1,30.0,52.0,20.0,13.0,1011.0,cotonou/ABCA,208.9278317199207,74.3,70.6,0.9915989136716398
6.392045518982389,2.3674224610979224,ABCA,cotonou,6.4302,2.3471,4781.020498836284,21238.37353,17.0,150.0,167.0,570.0,10,13.831446170806885,152.10635761424965,1.8349453082500833,3.8314461708068848,-0.002368764604220994,3.2078640904793074,-0.002338749642628607,3.20287262521585,0.0010034764644946041,0.04445871522655222,1,-1.0,-1.0,0,0,0,2,1,33.0,44.0,10.0,11.2,1008.0,cotonou/ABCA,307.08506585455837,66.0,65.5,0.49726851374001724
6.39200309161568,2.368038774424849,ABCA,cotonou,6.4302,2.3471,4817.57185202495,21238.37353,17.0,150.0,167.0,570.0,10,14.021753787994385,151.41941722698715,1.8187717603072748,4.021753787994385,-0.002304207165295368,3.195055965163212,-0.0022416872669719355,3.1859125532904033,0.00249315025949429,0.054238162948750064,1,-1.0,-1.0,0,0,1,2,1,33.0,44.0,10.0,11.2,1008.0,cotonou/ABCA,307.08506585455837,66.0,65.5,0.7205704437858457
6.376809314156753,2.351481566177688,ABCA,cotonou,6.4302,2.3471,5924.237939249235,21238.37353,17.0,150.0,167.0,570.0,10,14.146467685699463,175.337367381097,1.4779824423188652,4.146467685699463,-0.0018715629683233432,3.496799459491469,-0.0018499816258748369,3.4799480285565956,-0.0007400234540303548,0.03584812513750514,1,-1.0,-1.0,0,0,2,3,1,30.0,52.0,20.0,13.0,1011.0,cotonou/ABCA,208.9278317199207,74.3,70.6,0.043095506764814884
6.392090711485078,2.366765980532559,ABCA,cotonou,6.4302,2.3471,4742.860371752992,21238.37353,17.0,150.0,167.0,570.0,10,13.664859056472778,152.8494947978396,1.8517090490706252,3.6648590564727783,-0.002311180735239143,3.234591120806245,-0.0023800613285823334,3.228804608848625,0.0016286622062064993,0.06361058707634512,1,-1.0,-1.0,0,0,1,5,1,33.0,44.0,10.0,11.2,1008.0,cotonou/ABCA,307.08506585455837,66.0,65.5,0.2594132364344296
6.376433048890684,2.3500548937105092,ABCA,cotonou,6.4302,2.3471,5954.9636683548915,21238.37353,17.0,150.0,167.0,570.0,10,14.226481437683105,176.87375576127545,1.4695905297538276,4.2264814376831055,-0.0018402503762812272,3.5572909157894026,-0.0018687870158092805,3.539831576657647,-0.0025224863668447343,0.024177564004119502,1,-1.0,-1.0,0,0,0,9,1,28.4,51.0,15.0,14.8,1011.3,cotonou/ABCA,208.9278317199207,70.6,74.3,0.17301852225784808
6.392036411768857,2.3675547553576477,ABCA,cotonou,6.4302,2.3471,4788.807705862025,21238.37353,17.0,150.0,167.0,570.0,10,13.913839340209961,151.95802845404648,1.8309787022700101,3.913839340209961,-0.0023508953919844887,3.2094175121351673,-0.002309964468449722,3.199341148024541,0.0014975269635518393,0.06682176385154576,1,-1.0,-1.0,0,0,0,0,1,33.0,44.0,10.0,11.2,1008.0,cotonou/ABCA,307.08506585455837,66.0,65.5,0.5452012165391042
6.392054844133134,2.3672870010134277,ABCA,cotonou,6.4302,2.3471,4773.080498328464,21238.37353,17.0,150.0,167.0,570.0,10,13.831446170806885,152.25873233378877,1.8379956405720679,3.8314461708068848,-0.0023711104194323223,3.203101820060027,-0.002331740659246976,3.197747863584708,0.001379625239308768,0.03765594428648572,1,-1.0,-1.0,0,0,0,3,1,33.0,44.0,10.0,11.2,1008.0,cotonou/ABCA,307.08506585455837,66.0,65.5,0.4481887729811034
6.376737456205249,2.3512091047782344,ABCA,cotonou,6.4302,2.3471,5929.771057529722,21238.37353,17.0,150.0,167.0,570.0,10,14.16728162765503,175.6319999536471,1.4764029566016301,4.167281627655029,-0.0018634766958257182,3.5201642761333427,-0.0018443121910095214,3.5031424318817206,-0.000666487216949463,0.0316008355680417,1,-1.0,-1.0,0,0,2,6,1,30.0,52.0,20.0,13.0,1011.0,cotonou/ABCA,208.9278317199207,74.3,70.6,0.19279957239883394
6.376572556882007,2.350583861510941,ABCA,cotonou,6.4302,2.3471,5943.0670988381025,21238.37353,17.0,150.0,167.0,570.0,10,14.21655559539795,176.305981184983,1.4726266269423014,4.216555595397949,-0.0018419129964294947,3.5451432373847678,-0.0018433523568530783,3.536449254752438,-0.0008746544057786602,0.027699468985782183,1,-1.0,-1.0,0,0,2,7,1,28.4,51.0,15.0,14.8,1011.3,cotonou/ABCA,208.9278317199207,70.6,74.3,0.4636601708466571
6.391975068571871,2.3684458460086026,ABCA,cotonou,6.4302,2.3471,4842.091501287944,21238.37353,17.0,150.0,167.0,570.0,10,14.069230079650879,150.971375765081,1.8090066825106328,4.069230079650879,-0.0022929107210763688,3.1899694925845337,-0.0022537042454975407,3.181763341525478,0.0007274111111958821,0.03636567318151088,1,-1.0,-1.0,0,0,0,4,1,33.0,44.0,10.0,11.2,1008.0,cotonou/ABCA,307.08506585455837,65.5,66.0,0.13193985195554037
6.3765666022996745,2.3505612837195975,ABCA,cotonou,6.4302,2.3471,5943.562773789731,21238.37353,17.0,150.0,167.0,570.0,10,14.21655559539795,176.3302616212652,1.4725038684598852,4.216555595397949,-0.0018419129964294947,3.547316873909802,-0.0018432410489512801,3.538613221677452,-0.0008672338789921366,0.027699468985782183,1,-1.0,-1.0,0,0,2,7,1,28.4,51.0,15.0,14.8,1011.3,cotonou/ABCA,208.9278317199207,70.6,74.3,0.451254790987616
6.3768092390300355,2.3514812813222172,ABCA,cotonou,6.4302,2.3471,5924.243641111974,21238.37353,17.0,150.0,167.0,570.0,10,14.146467685699463,175.33767570395878,1.477981020447043,4.146467685699463,-0.0018715562484820055,3.496799459491469,-0.0018499816258748369,3.4799480285565956,-0.0007400234540303548,0.03584812513750514,1,-1.0,-1.0,0,0,2,3,1,28.4,51.0,15.0,14.8,1011.3,cotonou/ABCA,208.9278317199207,70.6,74.3,0.9567479792401894
6.392042926799644,2.367460115963064,ABCA,cotonou,6.4302,2.3471,4783.233678691738,21238.37353,17.0,150.0,167.0,570.0,10,13.913839340209961,152.06409002050577,1.83311093469662,3.913839340209961,-0.002325096844166828,3.209262659058043,-0.002324324527395115,3.198602003269923,0.0007521371046702067,0.043783599055730996,1,-1.0,-1.0,0,0,0,1,1,33.0,44.0,10.0,11.2,1008.0,cotonou/ABCA,307.08506585455837,66.0,65.5,0.5109115808203462
6.376565705739221,2.350557884261212,ABCA,cotonou,6.4302,2.3471,5943.63749947756,21238.37353,17.0,150.0,167.0,570.0,10,14.21655559539795,176.33391708845977,1.4724853637276023,4.216555595397949,-0.0018419129964294947,3.547373022531533,-0.0018432247111622795,3.538669197209185,-0.0010896859528243892,0.03437362083450183,1,-1.0,-1.0,0,0,2,6,1,28.4,51.0,15.0,14.8,1011.3,cotonou/ABCA,208.9278317199207,70.6,74.3,0.44938695670975737
6.3920419725522715,2.367473977661739,ABCA,cotonou,6.4302,2.3471,4784.049065527657,21238.37353,17.0,150.0,167.0,570.0,10,13.913839340209961,152.04854002535023,1.8327987148615772,3.913839340209961,-0.0023281833462192375,3.208241671333291,-0.0023243245273951154,3.197568940825439,0.0009159445762634277,0.04899335225352779,1,-1.0,-1.0,0,0,0,1,1,33.0,44.0,10.0,11.2,1008.0,cotonou/ABCA,307.08506585455837,65.5,66.0,0.48406606458732293
6.376468766227426,2.3501903219456572,ABCA,cotonou,6.4302,2.3471,5951.861525269167,21238.37353,17.0,150.0,167.0,570.0,10,14.226481437683105,176.72860992581036,1.4703561522930215,4.2264814376831055,-0.0018471610791358692,3.5547274000709774,-0.0018352671532781118,3.546000533991536,-0.000505728648445303,0.01865874527445047,1,-1.0,-1.0,0,0,1,10,1,28.4,51.0,15.0,14.8,1011.3,cotonou/ABCA,208.9278317199207,70.6,74.3,0.24742964047090965
6.392030444745765,2.3676414342194176,ABCA,cotonou,6.4302,2.3471,4793.927347606454,21238.37353,17.0,150.0,167.0,570.0,10,13.913839340209961,151.8611029773317,1.8290246500102207,3.913839340209961,-0.0023525340766482835,3.212025072621581,-0.002309964468449722,3.201976541801039,0.0010239786571926543,0.04174891598070742,1,-1.0,-1.0,0,0,0,1,1,33.0,44.0,10.0,11.2,1008.0,cotonou/ABCA,307.08506585455837,66.0,65.5,0.5766066012382446
6.3921099504242065,2.3664865096273218,ABCA,cotonou,6.4302,2.3471,4726.861936750759,21238.37353,17.0,150.0,167.0,570.0,10,13.5597083568573,153.16944134154426,1.8592451422944678,3.5597083568573,-0.002458453128106483,3.241533119469234,-0.0023970338702201843,3.2287734535716606,0.001932777961095174,0.08985377318819687,1,-1.0,-1.0,0,0,1,10,1,33.0,44.0,10.0,11.2,1008.0,cotonou/ABCA,307.08506585455837,66.0,65.5,0.15815566207306286
6.376782077847044,2.3513782951700413,ABCA,cotonou,6.4302,2.3471,5926.316468516364,21238.37353,17.0,150.0,167.0,570.0,10,14.146467685699463,175.44910696281488,1.4774643012625437,4.146467685699463,-0.0018731615097403174,3.518741629463854,-0.0018499816258748369,3.501724137201087,-0.0009499589602152507,0.0465236821812012,1,-1.0,-1.0,0,0,1,5,1,30.0,52.0,20.0,13.0,1011.0,cotonou/ABCA,208.9278317199207,74.3,70.6,0.09983781865864105
6.376585729531745,2.3506338078078657,ABCA,cotonou,6.4302,2.3471,5941.97441601124,21238.37353,17.0,150.0,167.0,570.0,10,14.21655559539795,176.25225389336185,1.4728973122322706,4.216555595397949,-0.0018512173400592482,3.5553418693753445,-0.0018436172455796834,3.5379690460426545,-0.0008923136542190067,0.027699468985782183,1,-1.0,-1.0,0,0,2,7,1,28.4,51.0,15.0,14.8,1011.3,cotonou/ABCA,208.9278317199207,70.6,74.3,0.4911031911349384
6.376414052902154,2.3499828672539995,ABCA,cotonou,6.4302,2.3471,5956.629278589737,21238.37353,17.0,150.0,167.0,570.0,10,14.2510666847229,176.95088838870709,1.4689434528700358,4.2510666847229,-0.001836132244448766,3.558792734624689,-0.0018533825165729175,3.5412949493602732,-0.0019530767358042337,0.03528323385457944,1,-1.0,-1.0,0,0,0,9,1,28.4,51.0,15.0,14.8,1011.3,cotonou/ABCA,208.9278317199207,70.6,74.3,0.13344354615346277
6.376504709676897,2.3503266075249014,ABCA,cotonou,6.4302,2.3471,5948.778851394296,21238.37353,17.0,150.0,167.0,570.0,10,14.20145559310913,176.5823928172573,1.4713586382454138,4.201455593109131,-0.0018610831800563094,3.5510527020320763,-0.0018389959407621487,3.542347391712089,-0.0008077679261489896,0.026874893594740167,1,-1.0,-1.0,0,0,1,5,1,30.0,52.0,20.0,13.0,1011.0,cotonou/ABCA,208.9278317199207,74.3,70.6,0.6776881731312372
6.392022987253544,2.367749764106413,ABCA,cotonou,6.4302,2.3471,4800.345176842812,21238.37353,17.0,150.0,167.0,570.0,10,13.971653699874878,151.74025558532026,1.825891632507163,3.971653699874878,-0.002341184244112804,3.1997049381762652,-0.002309964468449722,3.189849512115409,0.001023978657192654,0.038257860039517935,1,-1.0,-1.0,0,0,0,1,1,33.0,44.0,10.0,11.2,1008.0,cotonou/ABCA,307.08506585455837,66.0,65.5,0.6158565602946742
6.392051500412563,2.3673355729543375,ABCA,cotonou,6.4302,2.3471,4775.9236303758435,21238.37353,17.0,150.0,167.0,570.0,10,13.831446170806885,152.20403757336612,1.8369022220820526,3.8314461708068848,-0.0023711104194323223,3.2029227165034744,-0.002338629106204909,3.197910958825619,0.001009945252566369,0.04321139821444947,1,-1.0,-1.0,0,0,0,2,1,33.0,44.0,10.0,11.2,1008.0,cotonou/ABCA,307.08506585455837,66.0,65.5,0.4657873022962179
6.3767333161809665,2.3511934071861655,ABCA,cotonou,6.4302,2.3471,5930.094677595566,21238.37353,17.0,150.0,167.0,570.0,10,14.16728162765503,175.64895798191765,1.4763224212658912,4.167281627655029,-0.0018633027094640895,3.5365076290655386,-0.0018443121910095212,3.5193784187996977,-0.0006072309282090929,0.022330715098204338,1,-1.0,-1.0,0,0,2,4,1,30.0,52.0,20.0,13.0,1011.0,cotonou/ABCA,208.9278317199207,74.3,70.6,0.2014246229860609
6.39206371731516,2.367158106369247,ABCA,cotonou,6.4302,2.3471,4765.557009246549,21238.37353,17.0,150.0,167.0,570.0,10,13.831446170806885,152.404188078414,1.8408953295031494,3.8314461708068848,-0.002380860905599941,3.212509736444643,-0.0023516566116617336,3.201328343103422,0.0013364791870117186,0.04967125560690946,1,-1.0,-1.0,0,0,1,2,1,33.0,44.0,10.0,11.2,1008.0,cotonou/ABCA,307.08506585455837,66.0,65.5,0.40148781494460417
6.376376752039095,2.3498414348148993,ABCA,cotonou,6.4302,2.3471,5959.93169881484,21238.37353,17.0,150.0,167.0,570.0,10,14.2510666847229,177.10222086650163,1.4681298621925423,4.2510666847229,-0.001836132244448766,3.5600409820477834,-0.00182776150616445,3.5425141836871745,-0.0006656209627787272,0.031915075970302194,1,-1.0,-1.0,0,0,0,11,1,30.0,52.0,20.0,13.0,1011.0,cotonou/ABCA,208.9278317199207,74.3,70.6,0.9442665852203636
6.3765001442762035,2.350309297047271,ABCA,cotonou,6.4302,2.3471,5949.168223800844,21238.37353,17.0,150.0,167.0,570.0,10,14.20145559310913,176.60097317923737,1.4712623803122522,4.201455593109131,-0.0018599159985659762,3.550845409489746,-0.001838941813640986,3.542136487124096,-0.0008041594514048084,0.026874893594740167,1,-1.0,-1.0,0,0,1,6,1,30.0,52.0,20.0,13.0,1011.0,cotonou/ABCA,208.9278317199207,74.3,70.6,0.6871994245763988
6.39210401843107,2.3665726796328803,ABCA,cotonou,6.4302,2.3471,4731.778901487303,21238.37353,17.0,150.0,167.0,570.0,10,13.5597083568573,153.07056287873104,1.857314486453794,3.5597083568573,-0.0024584531281064835,3.2431774348870315,-0.0023970338702201848,3.230745437473663,0.0016367250018649632,0.06021230944966356,1,-1.0,-1.0,0,0,0,6,1,33.0,44.0,10.0,11.2,1008.0,cotonou/ABCA,307.08506585455837,65.5,66.0,0.8106233214202362
6.391978715916417,2.36839286352994,ABCA,cotonou,6.4302,2.3471,4838.883337894701,21238.37353,17.0,150.0,167.0,570.0,10,14.069230079650879,151.0294355068948,1.8102052501613897,4.069230079650879,-0.0022929107210763688,3.1882344277103702,-0.002266796123838643,3.1841064282792324,0.0014304327393360166,0.04562730835912013,1,-1.0,-1.0,0,0,0,4,1,33.0,44.0,10.0,11.2,1008.0,cotonou/ABCA,307.08506585455837,65.5,66.0,0.15113640219554614
6.392134181841524,2.3661345164073517,ABCA,cotonou,6.4302,2.3471,4706.924895275195,21238.37353,17.0,150.0,167.0,570.0,10,13.49488091468811,153.57546365965436,1.8679030370120948,3.4948809146881104,-0.0024860886953109135,3.255363127859046,-0.0024131009144963164,3.2413422022245815,0.002812690305125934,0.05674653027832686,1,-1.0,-1.0,0,0,1,8,1,33.0,44.0,10.0,11.2,1008.0,cotonou/ABCA,307.08506585455837,65.5,66.0,0.9693781132784319
6.392071211825581,2.367049238744199,ABCA,cotonou,6.4302,2.3471,4759.2266576206475,21238.37353,17.0,150.0,167.0,570.0,10,13.756994485855103,152.52739803055874,1.8442376438832078,3.7569944858551025,-0.0023982434599274364,3.2462710298438493,-0.002351656611661733,3.234659421129497,0.0019565502802530925,0.08732921800700913,1,-1.0,-1.0,0,0,1,3,1,33.0,44.0,10.0,11.2,1008.0,cotonou/ABCA,307.08506585455837,66.0,65.5,0.3620430232604973
6.392021328863433,2.3677738544048688,ABCA,cotonou,6.4302,2.3471,4801.77528641281,21238.37353,17.0,150.0,167.0,570.0,10,13.971653699874878,151.713425211068,1.8253481963425389,3.971653699874878,-0.002327354551595684,3.193467779798422,-0.0022906481284730236,3.1888710525411574,0.002067061015934355,0.0552260712443025,1,-1.0,-1.0,0,0,0,1,1,33.0,44.0,10.0,11.2,1008.0,cotonou/ABCA,307.08506585455837,65.5,66.0,0.37541507069969937
6.392021906872324,2.36776545806519,ABCA,cotonou,6.4302,2.3471,4801.2767211607625,21238.37353,17.0,150.0,167.0,570.0,10,13.971653699874878,151.72277476748445,1.8255376125103058,3.971653699874878,-0.00234171348024661,3.1979907270145906,-0.002290157934156037,3.188407465429519,0.0020935315090516594,0.0552260712443025,1,-1.0,-1.0,0,0,0,1,1,33.0,44.0,10.0,11.2,1008.0,cotonou/ABCA,307.08506585455837,65.5,66.0,0.3784572227571035
6.392121097695926,2.3663245808381324,ABCA,cotonou,6.4302,2.3471,4717.660577927508,21238.37353,17.0,150.0,167.0,570.0,10,13.5597083568573,153.3558028862276,1.8628688747158526,3.5597083568573,-0.0024045241731214984,3.245410205550944,-0.002432216423918486,3.238641135535656,0.0015113732255236506,0.05552893632829263,1,-1.0,-1.0,0,0,0,8,1,33.0,44.0,10.0,11.2,1008.0,cotonou/ABCA,307.08506585455837,66.0,65.5,0.09948581091749598
6.391998600056325,2.368104020234443,ABCA,cotonou,6.4302,2.3471,4821.481835413766,21238.37353,17.0,150.0,167.0,570.0,10,14.021753787994385,151.34730115603043,1.8172978157432398,4.021753787994385,-0.002314617349171273,3.1982506162720834,-0.002274760049301179,3.189336208226634,0.0009977261225382486,0.04009658207956761,1,-1.0,-1.0,0,0,0,4,1,33.0,44.0,10.0,11.2,1008.0,cotonou/ABCA,307.08506585455837,66.0,65.5,0.7442102298707417
6.376701416465036,2.351072454096597,ABCA,cotonou,6.4302,2.3471,5932.605876748745,21238.37353,17.0,150.0,167.0,570.0,10,14.191477298736572,175.77956033163605,1.4754642670893638,4.191477298736572,-0.001857317922530388,3.539982530594577,-0.0018608011248882183,3.5227722977073275,-0.0018670707489091165,0.040104638249331366,1,-1.0,-1.0,0,0,2,2,1,30.0,52.0,20.0,13.0,1011.0,cotonou/ABCA,208.9278317199207,74.3,70.6,0.26788236450726666
6.376593620447756,2.350663727531074,ABCA,cotonou,6.4302,2.3471,5941.322393643107,21238.37353,17.0,150.0,167.0,570.0,10,14.21655559539795,176.2200597221506,1.4730588821347104,4.216555595397949,-0.0018512728514366225,3.554110517821892,-0.0018437895859607753,3.5367567664366235,-0.0009038030129584618,0.027699468985782183,1,-1.0,-1.0,0,0,2,7,1,30.0,52.0,20.0,13.0,1011.0,cotonou/ABCA,208.9278317199207,74.3,70.6,0.4924574005087502
6.376383167028761,2.3498657583173843,ABCA,cotonou,6.4302,2.3471,5959.3607517007995,21238.37353,17.0,150.0,167.0,570.0,10,14.2510666847229,177.0762067553145,1.4682704574063528,4.2510666847229,-0.001836132244448766,3.560687984357036,-0.0018277615061644496,3.5431625573911454,-0.0006656209627787272,0.031915075970302194,1,-1.0,-1.0,0,0,0,12,1,30.0,52.0,20.0,13.0,1011.0,cotonou/ABCA,208.9278317199207,74.3,70.6,0.9309020234151788
6.392067460893558,2.3671037259672585,ABCA,cotonou,6.4302,2.3471,4762.392165624661,21238.37353,17.0,150.0,167.0,570.0,10,13.756994485855103,152.46569202758621,1.8430126457462925,3.7569944858551025,-0.002399493432250288,3.2461825600556042,-0.0023516566116617336,3.2345713912476595,0.0013364791870117186,0.0549955068577783,1,-1.0,-1.0,0,0,1,3,1,33.0,44.0,10.0,11.2,1008.0,cotonou/ABCA,307.08506585455837,65.5,66.0,0.6182152292541592
6.376782985828392,2.351381737932652,ABCA,cotonou,6.4302,2.3471,5926.246808435697,21238.37353,17.0,150.0,167.0,570.0,10,14.146467685699463,175.44538315438365,1.4774816604219685,4.146467685699463,-0.0018732563744789195,3.518741629463854,-0.0018499816258748369,3.501724137201087,-0.0009499589602152507,0.0465236821812012,1,-1.0,-1.0,0,0,2,5,1,28.4,51.0,15.0,14.8,1011.3,cotonou/ABCA,208.9278317199207,70.6,74.3,0.9020538091493174
6.35821859665648,2.404997944767726,COTO,cotonou,6.352268,2.402957,695.7285582766265,21238.37353,9.0,100.0,109.0,570.0,10,14.45563268661499,18.82278586195872,7.738669017311697,4.45563268661499,0.0010397795173856946,0.5151401893626675,0.0010092631016674607,0.5058638084799747,-0.00014726268375667376,0.009137090750645819,1,-1.0,-1.0,0,0,2,9,1,31.0,75.0,210.0,18.4,1008.0,cotonou/COTO,384.8115623263995,66.4,64.7,0.4522934696080505
6.363297898686012,2.4164113168499335,COTO,cotonou,6.352268,2.402957,1924.502431802069,21238.37353,9.0,100.0,109.0,570.0,10,15.126235008239746,50.48082200764105,2.7925716093513473,5.126235008239746,0.0007278172175089519,0.4053059253623164,0.0006677534845140246,0.4019255936093295,-0.0016191058688693576,0.06309051857998357,1,-1.0,-1.0,0,0,4,2,1,33.0,63.0,248.0,13.0,1011.0,cotonou/COTO,374.3070762089054,65.7,61.6,0.0752140877927917
6.3652431626254,2.4081919570167942,COTO,cotonou,6.352268,2.402957,1547.3813473931855,21238.37353,9.0,100.0,109.0,570.0,10,14.84517765045166,21.849395516296852,3.4820316570552152,4.84517765045166,0.0007383912483298015,0.42517626170615114,0.0005321021433229801,0.4187191820487069,-0.002779686450958252,0.13583544084608556,1,-1.0,-1.0,0,0,4,8,1,32.0,63.0,180.0,14.8,1011.0,cotonou/COTO,335.1905947367722,56.6,58.8,0.6959813046494113
6.362733023790925,2.36497354857731,COTO,cotonou,6.352268,2.402957,4358.90977894083,21238.37353,9.0,100.0,109.0,570.0,10,11.563383936882019,285.4965486198669,1.2805443525335676,1.563383936882019,-0.0005079380020610248,1.1816110965087865,-0.00047964023631331227,1.1911616929699334,8.822891121777406e-05,0.006546748241883389,1,-1.0,-1.0,0,0,3,9,1,33.0,39.0,280.0,7.6,1012.0,cotonou/COTO,239.71117558433022,63.0,60.2,0.32077169284596485
6.361513284468187,2.360456080737046,COTO,cotonou,6.352268,2.402957,4812.152366073763,21238.37353,9.0,100.0,109.0,570.0,10,11.888189554214478,282.34839268275243,1.1561025726405674,1.8881895542144775,-0.00037859601546948646,1.1330939097283534,-0.0003905021339837759,1.1462984612715357,-0.0008374681075414022,0.04701621965949649,1,-1.0,-1.0,0,0,0,0,1,34.0,44.0,220.0,14.8,1010.0,cotonou/COTO,326.8907597349128,65.7,61.2,0.8468260261678754
6.381956888333321,2.3674724078310483,COTO,cotonou,6.352268,2.402957,5117.85971107577,21238.37353,9.0,100.0,109.0,570.0,10,13.91265606880188,310.09474071156825,1.0644052470452066,3.91265606880188,4.009057206717155e-05,1.1038249058739824,4.6678836074683176e-05,1.1031232051149054,0.002508114452761375,0.16756064355673322,1,-1.0,-1.0,0,0,2,6,1,34.0,32.0,222.0,5.4,1009.0,cotonou/COTO,327.77907193718073,61.3,68.0,0.187290525110122
6.367500015865572,2.390646022804427,COTO,cotonou,6.352268,2.402957,2166.265431599558,21238.37353,9.0,100.0,109.0,570.0,10,12.788623094558716,321.22729201279014,2.5430334917660375,2.788623094558716,-0.00041934627376190607,0.6024283843726391,-0.0005744740999650947,0.6230318732681194,-0.0054918718712689924,0.16126344302515003,1,-1.0,-1.0,0,0,3,12,1,32.0,63.0,210.0,16.6,1010.0,cotonou/COTO,212.6801711490812,70.8,62.3,0.19568666428649184
6.383234940219845,2.3738288980509044,COTO,cotonou,6.352268,2.402957,4702.464708602726,21238.37353,9.0,100.0,109.0,570.0,10,12.70855164527893,316.93117587159975,1.1730705119175748,2.7085516452789307,-0.00021198297002512938,1.1194475805221369,-0.00015234835351831668,1.1126160009281705,0.003019312694844319,0.04422767196109533,1,-1.0,-1.0,0,0,0,16,1,34.0,32.0,222.0,5.4,1009.0,cotonou/COTO,267.5261198461977,64.4,62.5,0.057659461452900906
6.3817984137952735,2.3690472321931693,COTO,cotonou,6.352268,2.402957,4973.933569423766,21238.37353,9.0,100.0,109.0,570.0,10,13.193758010864258,311.22858819391104,1.103475655107879,3.193758010864258,-9.929022327070075e-05,1.1170115493102275,-3.134712340339777e-05,1.1117936659827088,0.0045435587565104164,0.1919813212891292,1,-1.0,-1.0,0,0,6,8,1,34.0,32.0,222.0,5.4,1009.0,cotonou/COTO,218.89526468152152,61.3,58.1,0.8631417672755606
6.353110351518847,2.374453302819788,COTO,cotonou,6.352268,2.402957,3155.0382791195384,21238.37353,9.0,100.0,109.0,570.0,10,14.1331205368042,271.7047618372874,1.72227216690271,4.133120536804199,0.0001340028624864494,0.3638161334882878,0.00010764338582820613,0.36406508101936047,-0.0013039457563653236,0.03937443263162987,1,-1.0,-1.0,0,0,7,2,1,33.0,63.0,210.0,13.0,1009.0,cotonou/COTO,313.5332494330497,78.1,61.8,0.1265714631595738
6.35733184049032,2.3914429732468263,COTO,cotonou,6.352268,2.402957,1391.5645095672041,21238.37353,9.0,100.0,109.0,570.0,10,15.047137260437012,293.8708201311588,3.862519709113087,5.047137260437012,0.0009504580328650509,0.6760929207882066,0.0006059933681877291,0.6679585660130896,-0.005663609504699707,0.2628577689901736,1,-1.0,-1.0,0,0,4,11,1,32.6,66.0,210.0,11.2,1010.9,cotonou/COTO,267.5192114597196,57.1,58.2,0.7741445826390325
6.355522255164239,2.4052772698328018,COTO,cotonou,6.352268,2.402957,442.06010340861536,21238.37353,9.0,100.0,109.0,570.0,10,15.409496784210205,35.321866108197014,11.953827302422553,5.409496784210205,0.003783345222473145,0.6738627850782547,0.0029299895972543866,0.6645998745956265,-0.002313451727924202,0.04596333198524815,1,-1.0,-1.0,0,0,7,9,1,31.4,69.0,240.0,16.6,1010.7,cotonou/COTO,218.02671877540922,65.4,64.7,0.3688284121919616
6.364486848556085,2.416992058040596,COTO,cotonou,6.352268,2.402957,2058.439019273066,21238.37353,9.0,100.0,109.0,570.0,10,14.847536087036133,48.781404794788216,2.6188686978663696,4.847536087036133,0.000541536548983756,0.40237692544002335,0.0004713977095253108,0.3973854076580563,-0.0016576177157351004,0.0514936735580721,1,-1.0,-1.0,0,0,9,6,1,33.0,63.0,248.0,13.0,1011.0,cotonou/COTO,374.3070762089054,61.6,65.7,0.5323932158135021
6.374400955637832,2.356571194849171,COTO,cotonou,6.352268,2.402957,5685.840882916666,21238.37353,9.0,100.0,109.0,570.0,10,13.593454122543335,295.6485687517536,0.9613141805228247,3.593454122543335,-3.4201790677563556e-05,1.3402683597460336,-3.090438743432363e-05,1.3336899425164233,-0.001612744728724162,0.07604725699039618,0,-1.0,5309.823349577487,0,4,2,12,1,32.0,71.0,220.0,18.4,1009.0,cotonou/COTO,356.3532216776974,72.1,58.6,0.2440197165192486
6.367003466540968,2.4113199712809408,COTO,cotonou,6.352268,2.402957,1873.927909656293,21238.37353,9.0,100.0,109.0,570.0,10,14.436379432678223,29.42461224539852,2.888854097699849,4.436379432678223,0.0003654811568507333,0.42533892049377753,0.0003612392376630734,0.42284667051541536,-0.00032009681065877277,0.021733957486775844,1,-1.0,-1.0,0,0,4,2,1,32.0,63.0,180.0,14.8,1011.0,cotonou/COTO,382.5959232662903,56.6,65.5,0.510195708729167
6.357311339440652,2.3977630849997023,COTO,cotonou,6.352268,2.402957,800.8080352391845,21238.37353,9.0,100.0,109.0,570.0,10,15.077823638916016,314.33411472095383,6.689332780812729,5.077823638916016,0.0016574117060432238,0.4694439007553988,0.001517411758159769,0.47442883996064916,-0.0012456681993272569,0.04613043342809634,1,-1.0,-1.0,0,0,2,13,1,31.0,71.0,210.0,20.5,1010.0,cotonou/COTO,230.8079454871386,62.0,58.3,0.4976977614161977
6.357093082213038,2.3979470250531625,COTO,cotonou,6.352268,2.402957,769.4004802544227,21238.37353,9.0,100.0,109.0,570.0,10,15.066211223602295,314.09973693710634,6.960622425930301,5.066211223602295,0.0017425894737243654,0.4590705724991613,0.001700206065695013,0.47531142075801913,0.0006772103425300879,0.029694530048634225,1,-1.0,-1.0,0,0,3,11,1,31.0,71.0,210.0,20.5,1010.0,cotonou/COTO,230.8079454871386,58.3,62.0,0.6395709351959792
6.3561384775370975,2.406110202086962,COTO,cotonou,6.352268,2.402957,552.1944393427483,21238.37353,9.0,100.0,109.0,570.0,10,15.008758068084717,38.99607126619338,9.659963571182344,5.008758068084717,0.0021355493979029693,0.6056887798653791,0.001740129788716634,0.5779442205824497,-0.0030341943105061846,0.14498409896845008,1,-1.0,-1.0,0,0,5,10,1,31.4,69.0,240.0,16.6,1010.7,cotonou/COTO,299.4984878091749,71.6,64.7,0.8280787000389113
6.37124404703257,2.404565633989494,COTO,cotonou,6.352268,2.402957,2106.0550230242634,21238.37353,9.0,100.0,109.0,570.0,10,13.214202880859375,4.815696209030591,2.6040831879377087,3.214202880859375,-0.00023135612828071133,0.5697690785611288,-0.00027634703558544234,0.5829756396543426,-0.0019019744390047725,0.05562626290903651,1,-1.0,-1.0,0,0,2,1,1,32.0,75.0,200.0,20.5,1010.0,cotonou/COTO,331.4609434005665,86.5,75.5,0.9980063878968214
6.368776774315761,2.3995338715788086,COTO,cotonou,6.352268,2.402957,1864.5403647637938,21238.37353,9.0,100.0,109.0,570.0,10,12.779965877532959,348.3559281945125,2.9541413409610477,2.779965877532959,-0.0004904897124679,0.657386333717445,-0.0005670815693683871,0.6814502196736012,-0.003538711838928749,0.11417752801768175,1,-1.0,-1.0,0,0,0,15,1,32.0,63.0,210.0,14.8,1011.0,cotonou/COTO,147.1577031622736,68.2,69.0,0.06451659908350083
6.346890151788157,2.4046789963957997,COTO,cotonou,6.352268,2.402957,624.4971959956872,21238.37353,9.0,100.0,109.0,570.0,10,12.378795385360718,162.34688298471383,8.794976149122691,2.3787953853607178,-0.002199387073662396,0.4058379970883816,-0.0020758981290070907,0.4958139954531771,-0.0038661215040418835,0.1421423955230935,1,-1.0,-1.0,0,0,0,8,1,30.0,75.0,180.0,20.5,1011.0,cotonou/COTO,313.45464504453633,77.3,69.1,0.14589686723882445
6.3768133448848925,2.360590631789078,COTO,cotonou,6.352268,2.402957,5416.559106911178,21238.37353,9.0,100.0,109.0,570.0,10,13.005118131637573,300.2424836425612,1.0153172429372919,3.0051181316375732,-0.0001292584350754543,1.2349743175238048,-0.0001553723938043869,1.2285830047925481,-0.0012026846408843992,0.06629800396157894,1,-1.0,-1.0,0,0,2,10,1,31.5,72.0,200.0,11.2,1008.3,cotonou/COTO,238.48215027541633,77.1,76.1,0.46971009646837125
6.38303131836375,2.365871670548512,COTO,cotonou,6.352268,2.402957,5329.984062220924,21238.37353,9.0,100.0,109.0,570.0,10,14.093215465545654,309.85304287331877,1.020112545671819,4.093215465545654,7.335976054180453e-05,1.1008123846838997,5.5302469818680386e-05,1.0986967171207744,-0.0011201739311218263,0.05266013941673576,0,-1.0,4998.862807854493,0,7,3,12,1,34.0,32.0,222.0,5.4,1009.0,cotonou/COTO,379.59078834977134,55.8,68.0,0.31286685912698886
6.364134149395163,2.3658560254308525,COTO,cotonou,6.352268,2.402957,4309.478266064565,21238.37353,9.0,100.0,109.0,570.0,10,11.526317238807678,287.8409238464169,1.2957203157478254,1.5263172388076782,-0.0005047838173760557,1.2580345128949737,-0.0004896037382622287,1.2744846423198992,0.00035439232985178627,0.017721650407273377,1,-1.0,-1.0,0,0,1,2,1,30.1,50.0,198.0,11.1,1009.1,cotonou/COTO,383.9926241478955,66.1,63.0,0.5643879314393733
6.363290413860342,2.4161599946294827,COTO,cotonou,6.352268,2.402957,1902.545936068508,21238.37353,9.0,100.0,109.0,570.0,10,15.1748628616333,49.96873498990965,2.8232867348490562,5.174862861633301,0.0007645163685083391,0.41048825162498626,0.0006677534845140247,0.4039444174893933,-0.002113640308380127,0.09941916703306383,1,-1.0,-1.0,0,0,4,3,1,33.0,63.0,248.0,13.0,1011.0,cotonou/COTO,306.3941828756752,57.9,65.7,0.9054017766772937
6.369525891411224,2.392191236559179,COTO,cotonou,6.352268,2.402957,2249.7043963392503,21238.37353,9.0,100.0,109.0,570.0,10,12.700530290603638,328.20265661750216,2.45107177316909,2.7005302906036377,-0.00044907229647616557,0.5316164661100539,-0.0005241045188078117,0.5758051599156442,-0.00345405207739936,0.13417772525965582,1,-1.0,-1.0,0,0,4,3,1,32.0,63.0,210.0,16.6,1010.0,cotonou/COTO,247.7688085695969,61.2,82.1,0.05090933231958228
6.368271601421645,2.3899272930741513,COTO,cotonou,6.352268,2.402957,2282.62920446917,21238.37353,9.0,100.0,109.0,570.0,10,12.316614627838135,321.0222472846571,2.425378922807856,2.3166146278381348,-0.0006018947213243096,0.6927587385117752,-0.0007297333448756366,0.7248009265662985,-0.0035244357861092725,0.11905754221390406,1,-1.0,-1.0,0,0,5,5,1,32.0,63.0,210.0,16.6,1010.0,cotonou/COTO,374.8202269089207,61.2,62.3,0.7409023086161722
6.383668254204997,2.37177610613264,COTO,cotonou,6.352268,2.402957,4894.800888258781,21238.37353,9.0,100.0,109.0,570.0,10,13.003366947174072,315.37985462419226,1.1235384300025102,3.0033669471740723,-0.000143013107098215,1.1213802744474097,-0.00013196733465275208,1.1180125092515159,-0.00015136411994487453,0.054204117969255415,0,-1.0,4629.951942401091,0,2,4,11,1,34.0,32.0,222.0,5.4,1009.0,cotonou/COTO,268.94546398849457,64.4,53.4,0.9122952627064931
6.370618101222811,2.353797495031717,COTO,cotonou,6.352268,2.402957,5805.180134889137,21238.37353,9.0,100.0,109.0,570.0,10,12.967595100402832,290.5883675656743,0.9477310857946255,2.967595100402832,-0.00013215154980460077,1.3637658380069415,-0.00012037158012390131,1.3570332751215708,-0.00022820432980855305,0.018901141668344362,0,5549.240329342922,4979.192580626353,2,1,1,5,1,32.0,36.0,40.0,13.0,1009.0,cotonou/COTO,399.9159167874965,61.5,51.6,0.778953398790195
6.353035764051753,2.391994980530828,COTO,cotonou,6.352268,2.402957,1215.8114771095445,21238.37353,9.0,100.0,109.0,570.0,10,14.910414218902588,274.03164887913306,4.425203047912681,4.910414218902588,0.0010150101096227453,0.3760420374295886,0.0017113415608520344,0.39655837453405673,0.008686675454620185,0.17566152924225265,1,-1.0,-1.0,0,0,6,10,1,32.6,66.0,210.0,11.2,1010.9,cotonou/COTO,330.452052195156,57.1,54.4,0.95693011926254
6.382146940842334,2.3635716879367727,COTO,cotonou,6.352268,2.402957,5468.616652649839,21238.37353,9.0,100.0,109.0,570.0,10,13.265422344207764,307.35813134552,1.0029276804151184,3.2654223442077637,-5.486639844529724e-05,1.0921916852023343,-0.0001520011323553941,1.08927073479631,-0.00560123402564799,0.17258626343677902,0,5260.392772088021,5216.556165653955,3,5,1,3,1,31.8,31.0,20.0,11.2,1010.9,cotonou/COTO,196.14362722252218,70.4,55.8,0.1859467842616569
6.382001766942771,2.3651090036705265,COTO,cotonou,6.352268,2.402957,5324.150687656227,21238.37353,9.0,100.0,109.0,570.0,10,13.776901721954346,308.32797511045135,1.024632910843243,3.7769017219543457,1.3091814205441162e-05,1.1005022804664717,6.5464002114755545e-06,1.0964791610646756,-0.0002792219320933024,0.016763180624325625,1,-1.0,-1.0,0,0,3,4,1,30.7,55.0,293.0,13.0,1011.4,cotonou/COTO,267.2888297328458,66.5,55.8,0.8102887198143196
6.35557988518874,2.3982725188387226,COTO,cotonou,6.352268,2.402957,634.6407343174922,21238.37353,9.0,100.0,109.0,570.0,10,15.363644123077393,305.42680491443906,8.392999204161814,5.363644123077393,0.002510079831788034,0.5181512753228461,0.0024342544838233814,0.5485273674885652,0.0018395987875664457,0.08090432453019275,1,-1.0,-1.0,0,0,5,9,1,31.0,71.0,210.0,20.5,1010.0,cotonou/COTO,221.7167693252332,62.1,62.0,0.522784359766335
6.383203795224011,2.3754301433669354,COTO,cotonou,6.352268,2.402957,4580.299937856082,21238.37353,9.0,100.0,109.0,570.0,10,12.828181266784668,318.51466937024526,1.202853491926379,2.828181266784668,-0.00019367025274242517,1.0954766225430026,-0.00014702472057566142,1.0885034736071562,0.0019811957749165123,0.02243437862694551,1,-1.0,-1.0,0,0,2,8,1,31.0,59.0,170.0,13.0,1007.0,cotonou/COTO,342.02592664884946,70.2,70.5,0.5539625896067732
6.3789078008471,2.36371331949174,COTO,cotonou,6.352268,2.402957,5246.96616391059,21238.37353,9.0,100.0,109.0,570.0,10,12.61869478225708,304.3368716840972,1.05234546282271,2.61869478225708,-0.00021556028332644298,1.1577759721344776,-0.00023542321558950535,1.1532250569221074,-0.0043101443184746634,0.15898872968051228,0,-1.0,4784.307824808253,0,5,0,8,1,30.7,55.0,293.0,13.0,1011.4,cotonou/COTO,284.78369054431397,64.2,78.2,0.6944549305000554
6.381535892803887,2.3632630585727066,COTO,cotonou,6.352268,2.402957,5455.505254792778,21238.37353,9.0,100.0,109.0,570.0,10,12.873299360275269,306.5744760430099,1.0094545067763707,2.8732993602752686,-0.00015930094281779695,1.1055341418719349,-0.00017048669034156242,1.1000366183626322,-0.002683067321777344,0.10290566922609895,0,-1.0,5007.257328046277,0,13,3,12,1,31.8,31.0,20.0,11.2,1010.9,cotonou/COTO,277.57990849483264,78.2,70.4,0.7823571215547389
6.354265300359648,2.373975392954628,COTO,cotonou,6.352268,2.402957,3214.1337666385953,21238.37353,9.0,100.0,109.0,570.0,10,14.515971660614014,273.96825781446006,1.6838059296679428,4.515971660614014,0.00024968525509775426,0.4049461957938449,0.0002609334093733356,0.4031662187176821,0.0005883649177685719,0.02107419343285884,1,-1.0,-1.0,0,0,4,12,1,33.0,63.0,210.0,13.0,1009.0,cotonou/COTO,313.5332494330497,78.1,61.8,0.5690805975664035
6.361104877996843,2.395510128575898,COTO,cotonou,6.352268,2.402957,1278.2266960474383,21238.37353,9.0,100.0,109.0,570.0,10,13.665865182876587,320.0534684436503,4.265400720575916,3.665865182876587,-4.286789600480268e-05,0.39775077379717333,-4.500671669288909e-05,0.4184888043386595,-0.0019610603650410973,0.09494427413773328,1,-1.0,-1.0,0,0,3,8,1,32.6,66.0,210.0,11.2,1010.9,cotonou/COTO,204.60464730791253,56.5,68.1,0.9102597808928619
6.36541275062539,2.360368252891947,COTO,cotonou,6.352268,2.402957,4931.114247863078,21238.37353,9.0,100.0,109.0,570.0,10,11.621989488601685,287.25476714444613,1.1313110280081617,1.6219894886016846,-0.0004212125142415363,1.3554525611213466,-0.0004285691915509245,1.3594118127068975,-0.000508155776410819,0.02129107244160761,1,-1.0,-1.0,0,0,0,0,1,30.0,49.0,140.0,14.8,1008.0,cotonou/COTO,377.7002335187451,78.69999999999999,67.2,0.3438662654068386
6.357760418077723,2.3973846162112262,COTO,cotonou,6.352268,2.402957,865.4685869090232,21238.37353,9.0,100.0,109.0,570.0,10,15.027139663696289,314.7628058407001,6.196917210850489,5.027139663696289,0.001517411758159769,0.4743453808450137,0.0010984933677748064,0.46864751694540163,-0.003317215528538102,0.06491685910971684,1,-1.0,-1.0,0,0,3,12,1,31.0,71.0,210.0,20.5,1010.0,cotonou/COTO,230.8079454871386,58.3,62.0,0.21986284419883084
6.369024237953099,2.3919255379435485,COTO,cotonou,6.352268,2.402957,2218.8703523285053,21238.37353,9.0,100.0,109.0,570.0,10,12.777398109436035,326.80401014918607,2.4831089882142434,2.777398109436035,-0.00041890932694240427,0.5260141856933754,-0.0004871763681110583,0.5649455878637913,-0.0020764854219224717,0.09203530231774142,1,-1.0,-1.0,0,0,4,3,1,32.0,63.0,210.0,16.6,1010.0,cotonou/COTO,256.496478923207,70.8,61.2,0.8031034592530749
6.384702334917531,2.375298001388398,COTO,cotonou,6.352268,2.402957,4714.843375401609,21238.37353,9.0,100.0,109.0,570.0,10,13.144234418869019,319.7200325803394,1.1646991986715447,3.1442344188690186,-0.00011872510869794752,1.0452440531465261,-7.396277038452323e-05,1.0421887574002322,0.002521765021935534,0.07299604340620224,0,4421.937273923753,4450.283025679674,3,1,4,7,1,31.0,59.0,170.0,13.0,1007.0,cotonou/COTO,262.7208442434569,70.2,64.4,0.11666577666791167
6.368949363908697,2.3894670631481794,COTO,cotonou,6.352268,2.402957,2372.9128968435084,21238.37353,9.0,100.0,109.0,570.0,10,11.927717804908752,321.21172973806347,2.3425776027360654,1.9277178049087524,-0.0007413640121618906,0.7760770750085845,-0.000762304357049887,0.8036167215981163,-0.0020405054092407227,0.07515014446880819,1,-1.0,-1.0,0,0,1,2,1,32.0,63.0,210.0,16.6,1010.0,cotonou/COTO,370.2078816016378,62.3,84.9,0.3373012214676937
6.353182933040673,2.374423269086618,COTO,cotonou,6.352268,2.402957,3158.6064880074186,21238.37353,9.0,100.0,109.0,570.0,10,14.1331205368042,271.84947551890724,1.7203277233773833,4.133120536804199,0.0001340028624864494,0.36400104520492865,0.0001096797304520293,0.3642496695950372,-0.0012313161314489644,0.03937443263162987,1,-1.0,-1.0,0,0,7,5,1,33.0,63.0,210.0,13.0,1009.0,cotonou/COTO,313.5332494330497,78.1,61.8,0.15438047535360844
6.370215621063585,2.3924598332026465,COTO,cotonou,6.352268,2.402957,2299.6136823389534,21238.37353,9.0,100.0,109.0,570.0,10,12.616134881973267,329.83213559623107,2.400037186465281,2.6161348819732666,-0.00047223227364676334,0.5924689760037011,-0.0005533547341069088,0.6378258859756613,-0.0027208884557088217,0.12690847625401447,1,-1.0,-1.0,0,0,4,5,1,33.0,67.0,190.0,20.5,1010.0,cotonou/COTO,247.7688085695969,82.1,61.2,0.6174898732760741
6.384621255576113,2.3708295089320583,COTO,cotonou,6.352268,2.402957,5043.3761621965305,21238.37353,9.0,100.0,109.0,570.0,10,12.832928895950317,315.3797078010645,1.0923832536121345,2.8329288959503174,-0.00046510520694296754,1.1048671792615652,-0.0001692566235744587,1.101625425388203,-0.0008365446719930345,0.023626916598493634,0,4881.66470208602,4628.990545663348,1,3,4,12,1,34.0,32.0,222.0,5.4,1009.0,cotonou/COTO,265.7725736414513,57.6,53.4,0.5128348237225077
6.361270946333503,2.365087133572175,COTO,cotonou,6.352268,2.402957,4306.573520779644,21238.37353,9.0,100.0,109.0,570.0,10,11.917985320091248,283.45472323930824,1.2913857721262034,1.9179853200912476,-0.00041412178564954687,1.0844766200978542,-0.0004181523233409494,1.102773417171955,-0.0004185018446133121,0.03869488671868846,0,4004.5092457750598,3831.901088629583,4,6,3,1,1,33.0,39.0,280.0,7.6,1012.0,cotonou/COTO,169.65942414145263,63.0,61.3,0.970960047160785
6.361403617092105,2.3608177919270967,COTO,cotonou,6.352268,2.402957,4770.471395137613,21238.37353,9.0,100.0,109.0,570.0,10,11.897932171821594,282.307914334154,1.1660840281110314,1.8979321718215942,-0.000379257706976037,1.1187023535352991,-0.00037721405517790956,1.1311072033472587,-0.00014316249148452372,0.0034509139028256713,0,-1.0,4196.867620171166,0,4,0,0,1,29.0,75.0,200.0,13.0,1010.0,cotonou/COTO,234.36776676836976,61.2,67.2,0.09263975698804872
6.380329631601569,2.365601233987417,COTO,cotonou,6.352268,2.402957,5168.328382282974,21238.37353,9.0,100.0,109.0,570.0,10,13.288208484649658,307.0862686442788,1.0609339283313486,3.288208484649658,-8.06903563482913e-05,1.1224729437192327,-7.842888055681887e-05,1.11937397585542,0.000215562603180581,0.006651225815095168,1,-1.0,-1.0,0,0,0,2,1,30.7,55.0,293.0,13.0,1011.4,cotonou/COTO,267.2888297328458,66.5,55.8,0.08642060673988095
6.370794809184,2.390153680519405,COTO,cotonou,6.352268,2.402957,2490.85102915374,21238.37353,9.0,100.0,109.0,570.0,10,11.910059690475464,325.5188601239157,2.23218050482493,1.9100596904754639,-0.0007216624621326363,0.7812279872627022,-0.0006919531726800182,0.8213805338423338,3.593630801187231e-05,0.012987672108157586,1,-1.0,-1.0,0,0,2,5,1,33.0,67.0,200.0,18.4,1012.0,cotonou/COTO,137.85914006689853,86.3,84.9,0.7725695735536768
6.383930177844827,2.3713973133383046,COTO,cotonou,6.352268,2.402957,4944.894349687762,21238.37353,9.0,100.0,109.0,570.0,10,13.022546529769897,315.27193939487887,1.1119373296293433,3.0225465297698975,-0.0001507300491885192,1.118624348092213,-0.00015097973113526367,1.1119540280056353,-0.0031362930933634438,0.1156323380434725,0,-1.0,4627.786896401171,0,3,3,10,1,34.0,32.0,222.0,5.4,1009.0,cotonou/COTO,265.7725736414513,57.6,53.4,0.8863903541475681
6.372526771901101,2.3564946270136224,COTO,cotonou,6.352268,2.402957,5607.51789219698,21238.37353,9.0,100.0,109.0,570.0,10,13.493072748184204,293.6909568743273,0.9757641277814577,3.493072748184204,-4.02739527180237e-05,1.377944065142612,-6.11858312005339e-05,1.3708548308895059,-0.0022551067856301094,0.06014371710724125,0,5427.717719300885,5337.817632852836,1,3,1,10,1,31.0,63.0,210.0,16.6,1009.0,cotonou/COTO,309.1504439589486,58.6,65.2,0.597338272065813
6.359854527502932,2.376557855858677,COTO,cotonou,6.352268,2.402957,3038.902359225098,21238.37353,9.0,100.0,109.0,570.0,10,13.022193670272827,286.12896074984553,1.80897417385489,3.022193670272827,-0.00024759784105987166,0.8314962728862522,-0.00023127488154523298,0.8384293310533071,-0.0008401362810212063,0.027603868197497848,1,-1.0,-1.0,0,0,1,7,1,31.7,62.0,220.0,11.2,1010.7,cotonou/COTO,353.12133962707986,65.7,63.8,0.8645334957737301
6.381432416111044,2.3673933777701572,COTO,cotonou,6.352268,2.402957,5087.606616244441,21238.37353,9.0,100.0,109.0,570.0,10,13.547499895095825,309.529800214146,1.0748440753634456,3.547499895095825,-2.754644014718139e-05,1.1077297754886568,1.7175147699755252e-05,1.1040716277193092,0.004334827264149984,0.19461086545026804,1,-1.0,-1.0,0,0,5,7,1,34.0,32.0,222.0,5.4,1009.0,cotonou/COTO,327.77907193718073,61.3,68.0,0.007676750357380802
6.357974615749537,2.397204097418629,COTO,cotonou,6.352268,2.402957,896.3250546917158,21238.37353,9.0,100.0,109.0,570.0,10,14.976358413696289,314.94547682982596,5.9883716284030495,4.976358413696289,0.0014104077551099989,0.46542333450887613,0.0011919014155864715,0.4584232392957795,-0.0013904624515109591,0.06257081031799316,1,-1.0,-1.0,0,0,2,8,1,31.0,71.0,210.0,20.5,1010.0,cotonou/COTO,230.8079454871386,62.0,58.3,0.914852672664731
6.352438088579456,2.374187496682144,COTO,cotonou,6.352268,2.402957,3183.1293352831026,21238.37353,9.0,100.0,109.0,570.0,10,14.047277450561523,270.3424193240011,1.7086259690329446,4.047277450561523,0.0001060081048175182,0.35615001698757603,5.916314904742984e-05,0.3582951670130531,-0.0028976035808053837,0.09161951016458855,1,-1.0,-1.0,0,0,1,2,1,33.0,63.0,210.0,13.0,1009.0,cotonou/COTO,135.44729233169025,78.1,74.7,0.4327992665118414
6.371413255227027,2.3642475019898592,COTO,cotonou,6.352268,2.402957,4777.523115936345,21238.37353,9.0,100.0,109.0,570.0,10,11.975784420967102,296.4594982494744,1.163430059069642,1.975784420967102,-0.0003606681277354558,1.4045384255737996,-0.00031725698841036535,1.4022494485801291,0.0036279307626359684,0.1112388885197482,1,-1.0,-1.0,0,0,2,1,1,32.0,71.0,220.0,18.4,1009.0,cotonou/COTO,319.6896352714521,78.0,78.0,0.9493020908106564
6.383015126302466,2.365847253948162,COTO,cotonou,6.352268,2.402957,5330.921596440229,21238.37353,9.0,100.0,109.0,570.0,10,14.093215465545654,309.8196561610075,1.0199331792424626,4.093215465545654,7.323129605386509e-05,1.1006095896375234,5.5302469818680305e-05,1.0982781310815868,-0.0008792347378200955,0.03264496914608931,0,-1.0,4999.742098464984,0,7,3,11,1,33.0,28.0,70.0,11.2,1010.0,cotonou/COTO,379.59078834977134,68.0,55.8,0.6957003690659183
6.384465280948652,2.3680721965371028,COTO,cotonou,6.352268,2.402957,5251.1192185175805,21238.37353,9.0,100.0,109.0,570.0,10,13.8429536819458,312.88450773275343,1.0381597231197806,3.842953681945801,2.528019977836098e-05,1.1117486814714126,-6.967075800491498e-06,1.1073146521254986,-0.0034722487131754556,0.13100973620389586,0,-1.0,4872.2809582638065,0,3,0,10,1,34.0,32.0,222.0,5.4,1009.0,cotonou/COTO,282.2544702923159,57.6,68.0,0.8909024607646366
6.363946773845061,2.3741865015000676,COTO,cotonou,6.352268,2.402957,3435.1836421349803,21238.37353,9.0,100.0,109.0,570.0,10,11.871309161186218,292.2187130237003,1.6195878693236345,1.8713091611862183,-0.0005320818182350933,1.1691753480343694,-0.0007239797749217077,1.191495527742982,-0.006831612871517731,0.06355584189990825,1,-1.0,-1.0,0,0,3,6,1,31.7,62.0,220.0,11.2,1010.7,cotonou/COTO,398.79289324162653,65.7,60.5,0.9581283742124076
6.364823930374265,2.415185915470424,COTO,cotonou,6.352268,2.402957,1938.71851304448,21238.37353,9.0,100.0,109.0,570.0,10,14.956801414489746,44.06669765201485,2.7771221311500915,4.956801414489746,0.0006175088329147228,0.41901594462184555,0.0006041036909492453,0.4128732292635621,-0.000870815912882487,0.0472071782096838,1,-1.0,-1.0,0,0,3,4,1,33.0,63.0,248.0,13.0,1011.0,cotonou/COTO,306.3941828756752,57.9,65.7,0.2472401827189552
6.356174467452617,2.378738120919825,COTO,cotonou,6.352268,2.402957,2714.181753123601,21238.37353,9.0,100.0,109.0,570.0,10,13.797107696533203,279.21980912759074,2.0088885090467943,3.797107696533203,-2.8751598283713183e-05,0.5353980877676889,2.1791543584570607e-05,0.5438925099455835,-0.0019294957319895426,0.09492767341785928,1,-1.0,-1.0,0,0,3,7,1,33.0,63.0,210.0,13.0,1009.0,cotonou/COTO,346.04950975268054,62.4,70.7,0.2369519028277769
6.374109971835483,2.3910276536505544,COTO,cotonou,6.352268,2.402957,2752.529843794977,21238.37353,9.0,100.0,109.0,570.0,10,12.297257661819458,331.50748773636974,2.012105746500297,2.297257661819458,-0.0005107731058977652,0.8307545581400718,-0.0005152521403968758,0.849956867544381,-0.0004808584849039714,0.018010141799630147,1,-1.0,-1.0,0,0,1,5,1,33.0,67.0,190.0,20.5,1010.0,cotonou/COTO,357.773164030067,81.4,84.9,0.012996157310852574
6.3714671884933125,2.3927410022693194,COTO,cotonou,6.352268,2.402957,2405.308642934804,21238.37353,9.0,100.0,109.0,570.0,10,12.387707948684692,332.12938415533984,2.300121703060835,2.3877079486846924,-0.0005429150145730855,0.7140934986277598,-0.0005472206487888244,0.7306982277990539,-0.0005860567092895508,0.02190622898599251,1,-1.0,-1.0,0,0,1,10,1,33.0,67.0,200.0,18.4,1012.0,cotonou/COTO,322.1257484275571,84.9,82.1,0.9236941704945473
6.37065571388712,2.354870058287616,COTO,cotonou,6.352268,2.402957,5695.634383609477,21238.37353,9.0,100.0,109.0,570.0,10,13.126598358154297,291.04708318874714,0.9643565906821672,3.126598358154297,-0.0001032285639553039,1.3772473658701916,-0.00010292948120170166,1.3701530605922692,-0.00047272841135660807,0.0173847631781976,0,5467.352444386652,5159.171826435838,1,6,1,2,1,32.0,71.0,220.0,18.4,1009.0,cotonou/COTO,399.3609701761259,65.2,51.6,0.9042711922059072
6.369498278177573,2.398565889095993,COTO,cotonou,6.352268,2.402957,1966.4198659655426,21238.37353,9.0,100.0,109.0,570.0,10,12.450066328048706,345.78728172772287,2.810928066789334,2.450066328048706,-0.0006708883590982405,0.6959563795447393,-0.0006735685993643366,0.7480067936184756,-0.002965859572092692,0.13362721669275424,1,-1.0,-1.0,0,0,2,12,1,32.0,63.0,210.0,14.8,1011.0,cotonou/COTO,280.5468730889592,68.2,86.5,0.455727270106707
6.348199464315921,2.375993835139976,COTO,cotonou,6.352268,2.402957,3016.970138682078,21238.37353,9.0,100.0,109.0,570.0,10,10.710995376110077,261.3685509129004,1.8659627896255664,0.7109953761100769,-0.0009887775768934698,1.328893511179896,-0.0009695780122935965,1.367109313573521,0.0,0.0,1,-1.0,-1.0,0,0,0,0,1,33.0,63.0,210.0,13.0,1009.0,cotonou/COTO,255.08273363755146,64.3,66.5,0.14200685066799257
6.3820735573728475,2.375114592816857,COTO,cotonou,6.352268,2.402957,4511.478503563382,21238.37353,9.0,100.0,109.0,570.0,10,12.519683361053467,317.12875528762044,1.2251133332863264,2.519683361053467,-0.00026209891237170493,1.1358245098538537,-0.0002470007247195724,1.1324053048159264,0.0015325616670037404,0.0619971208380569,1,-1.0,-1.0,0,0,1,1,1,32.1,54.0,211.0,13.0,1008.6,cotonou/COTO,217.8231826505345,70.5,64.4,0.1873518252675057
6.351072629761727,2.4145026290757556,COTO,cotonou,6.352268,2.402957,1284.238274331828,21238.37353,9.0,100.0,109.0,570.0,10,15.741765022277832,95.94663447602568,4.1533885775463295,5.741765022277832,0.0015693498495128137,0.6519683796982167,0.0012499034647197695,0.6671696196801011,-0.0042992210725180694,0.15511345697586268,1,-1.0,-1.0,0,0,0,12,1,30.0,75.0,180.0,20.5,1011.0,cotonou/COTO,285.3045504368927,75.1,58.1,0.73684090180565
6.364420534815868,2.36589359786214,COTO,cotonou,6.352268,2.402957,4315.2759591270415,21238.37353,9.0,100.0,109.0,570.0,10,11.526329517364502,288.2605205118212,1.2939799088600736,1.526329517364502,-0.0005043577825836794,1.2723638202533754,-0.000485449709561246,1.2884396725944445,0.000682639745291902,0.01541983519956116,1,-1.0,-1.0,0,0,0,0,1,33.0,39.0,280.0,7.6,1012.0,cotonou/COTO,383.9926241478955,63.0,66.1,0.5191063603114798
6.358972316630957,2.4131480626840753,COTO,cotonou,6.352268,2.402957,1349.458864389808,21238.37353,9.0,100.0,109.0,570.0,10,15.092339992523193,56.49764088604735,3.980745591361705,5.092339992523193,0.0010260196523185204,0.4306548393343057,0.0009068202014093459,0.42320419771217127,-0.0012567699399170446,0.03758517038805498,1,-1.0,-1.0,0,0,2,4,1,32.0,67.0,210.0,18.4,1012.0,cotonou/COTO,276.1246316430909,65.5,68.1,0.0468356970396091
6.363091876947045,2.358718034472446,COTO,cotonou,6.352268,2.402957,5038.812542159177,21238.37353,9.0,100.0,109.0,570.0,10,11.69238817691803,283.83264369771473,1.1063365618569814,1.6923881769180298,-0.0003994952256576444,1.2662828330239628,-0.00038323310894810306,1.274306870778201,0.000786593423560804,0.019382023048085208,1,-1.0,-1.0,0,0,3,0,1,29.0,75.0,200.0,13.0,1010.0,cotonou/COTO,326.8907597349128,61.2,65.7,0.9504429025477928
6.372903797039922,2.402775066247572,COTO,cotonou,6.352268,2.402957,2282.1585066443195,21238.37353,9.0,100.0,109.0,570.0,10,12.223414182662964,359.4979909827154,2.428214252974668,2.223414182662964,-0.0006422412343871543,0.8035413356285993,-0.0006689832622191247,0.8277986472683199,-0.0013086103439898305,0.040864692196871055,1,-1.0,-1.0,0,0,1,4,1,32.0,75.0,200.0,20.5,1010.0,cotonou/COTO,331.4609434005665,86.5,75.5,0.18039554683642534
6.3689748647943265,2.40075,COTO,cotonou,6.352268,2.402957,1863.6429911992007,21238.37353,9.0,100.0,109.0,570.0,10,13.255958795547485,352.5206397778621,2.9409660882414483,3.2559587955474854,-0.00023864160769830926,0.5779196295970008,-0.0004919540590871362,0.6028729371298911,-0.007082362613315557,0.20668906170906684,1,-1.0,-1.0,0,0,3,13,1,32.0,63.0,210.0,14.8,1011.0,cotonou/COTO,305.25,66.0,69.0,0.9835871979370723
6.367749554131595,2.3896370202505066,COTO,cotonou,6.352268,2.402957,2258.9838947394182,21238.37353,9.0,100.0,109.0,570.0,10,12.373117923736572,319.4675737272594,2.4493046310482383,2.3731179237365723,-0.0008026331231245102,0.6901320430571838,-0.0006376992299063966,0.7100671472292457,-0.003622047729313548,0.12792033734754635,1,-1.0,-1.0,0,0,7,9,1,32.0,63.0,210.0,16.6,1010.0,cotonou/COTO,212.6801711490812,70.8,62.3,0.7381611556415344
6.374052482841974,2.356216526981387,COTO,cotonou,6.352268,2.402957,5704.90504003626,21238.37353,9.0,100.0,109.0,570.0,10,13.502008199691772,295.1273963131877,0.95902050105415,3.5020081996917725,-3.5773688377926375e-05,1.3498165473401793,-5.893685957957241e-05,1.3463066550160434,-0.0025039801329521144,0.07790313880623485,0,-1.0,5316.194075384491,0,9,1,8,1,31.0,63.0,210.0,16.6,1009.0,cotonou/COTO,356.3532216776974,58.6,72.1,0.6011034853217498
6.36048863081191,2.409454976421972,COTO,cotonou,6.352268,2.402957,1159.0224577607605,21238.37353,9.0,100.0,109.0,570.0,10,14.636973857879639,38.15239795735192,4.654529660457812,4.636973857879639,0.0007948567724635457,0.45536956659586236,0.0009058908587449508,0.4445791598724547,0.001986250147121709,0.052539512674822555,1,-1.0,-1.0,0,0,2,0,1,32.0,67.0,210.0,18.4,1012.0,cotonou/COTO,267.46393794301054,68.1,62.5,0.686904649528271
6.386352770619134,2.3749209263850855,COTO,cotonou,6.352268,2.402957,4881.53951304799,21238.37353,9.0,100.0,109.0,570.0,10,13.376351594924927,320.73684484522477,1.1222137685661602,3.3763515949249268,-7.884595728452655e-05,0.9994024891944051,-6.849173343542842e-05,0.9940926299598088,-0.001288882891337077,0.05984372373445481,0,-1.0,4509.799029088424,0,4,4,8,1,31.0,59.0,170.0,13.0,1007.0,cotonou/COTO,285.70158014965295,70.2,66.1,0.6011544246394009
6.365285336769529,2.3632724900343884,COTO,cotonou,6.352268,2.402957,4620.632259801887,21238.37353,9.0,100.0,109.0,570.0,10,11.56091034412384,288.267728114453,1.2080643830067264,1.5609103441238403,-0.00046466059787955824,1.3401326199535943,-0.00045512805127689973,1.350399889043044,-4.252857632107204e-05,0.007676804855873539,1,-1.0,-1.0,0,0,0,0,1,33.0,48.0,210.0,9.4,1011.2,cotonou/COTO,329.2530191203894,60.2,61.3,0.7984192439081366
6.364274945241937,2.3735612834388604,COTO,cotonou,6.352268,2.402957,3512.9341483187923,21238.37353,9.0,100.0,109.0,570.0,10,11.785430431365967,292.3436551315848,1.585160184028127,1.7854304313659668,-0.0005428138425794699,1.2104475574800726,-0.0005634387183965126,1.222130524280473,-0.0009990580216025198,0.028864681529941646,1,-1.0,-1.0,0,0,4,7,1,31.0,63.0,180.0,9.4,1011.0,cotonou/COTO,344.695661852635,60.5,62.4,0.17901705536248347
6.369012850678425,2.400714253392127,COTO,cotonou,6.352268,2.402957,1868.3287876627855,21238.37353,9.0,100.0,109.0,570.0,10,13.255958795547485,352.4179402235533,2.9336030018163397,3.2559587955474854,-0.0002386416076983093,0.5776052594870635,-0.0004589493303401885,0.6046007769076217,-0.006378261733380674,0.21281893042304614,1,-1.0,-1.0,0,0,3,11,1,32.0,63.0,210.0,14.8,1011.0,cotonou/COTO,147.1577031622736,69.0,68.2,0.02749739067142054
6.370117052672381,2.397395890782354,COTO,cotonou,6.352268,2.402957,2067.559193729156,21238.37353,9.0,100.0,109.0,570.0,10,12.160909652709961,342.7954285642157,2.6816253742056833,2.160909652709961,-0.0007528458437749386,0.7693449444525463,-0.0008122541050834853,0.8275171579746843,-0.0032082917091370046,0.09328694012002343,1,-1.0,-1.0,0,0,1,3,1,31.7,72.0,200.0,14.8,1010.3,cotonou/COTO,256.52289722354817,86.5,73.4,0.12403175831106539
6.360953875918513,2.405954614288179,COTO,cotonou,6.352268,2.402957,1016.1970572429526,21238.37353,9.0,100.0,109.0,570.0,10,14.902323246002197,18.931387161092232,5.2903806588454865,4.902323246002197,0.0011844665292994965,0.4420608168421086,0.0011492590109507242,0.4365333748451182,0.0013959937625461155,0.05132114843736471,1,-1.0,-1.0,0,0,5,5,1,31.6,70.0,230.0,16.6,1013.0,cotonou/COTO,320.01321175851473,70.5,66.4,0.23247155390328322
6.367523973502662,2.390980227329917,COTO,cotonou,6.352268,2.402957,2145.291989302422,21238.37353,9.0,100.0,109.0,570.0,10,12.859212160110474,322.0384832354503,2.565980845975675,2.8592121601104736,-0.0004469146041936376,0.5683913334708769,-0.001121251075205624,0.5996630406017597,-0.014601130626243622,0.14362296839321803,0,-1.0,2085.1034364963416,0,3,3,11,1,32.0,63.0,210.0,16.6,1010.0,cotonou/COTO,281.07558431847417,70.8,86.3,0.04651979700484299
6.355349485749688,2.411094866855315,COTO,cotonou,6.352268,2.402957,962.7064582165186,21238.37353,9.0,100.0,109.0,570.0,10,15.877040386199951,69.14268694882259,5.525052988448533,5.877040386199951,0.002191968638487536,0.6778421980023047,0.0018811232836840335,0.6774529946691328,-0.0026958148439352805,0.08985268966062814,1,-1.0,-1.0,0,0,8,3,1,31.5,68.0,230.0,13.0,1012.0,cotonou/COTO,387.43452466200705,70.9,58.7,0.668503208862143
6.385448309306347,2.369832134403298,COTO,cotonou,6.352268,2.402957,5186.048367408035,21238.37353,9.0,100.0,109.0,570.0,10,13.0038001537323,315.22709622571296,1.0604507808086017,3.0038001537323,-0.00013248765400591134,1.0931981014180496,-0.00015064618002049137,1.0869736641426182,-0.00024127257157564676,0.01930039540157366,0,4998.976482411353,4967.797834911905,1,3,2,11,1,34.0,32.0,222.0,5.4,1009.0,cotonou/COTO,282.2544702923159,57.6,68.0,0.09813765617216452
6.367616766669883,2.3901739434652556,COTO,cotonou,6.352268,2.402957,2209.3846857292992,21238.37353,9.0,100.0,109.0,570.0,10,12.681814193725586,320.38568405618906,2.496230491716273,2.681814193725586,-0.0004617915497169838,0.6368453687480294,-0.0006405372552761795,0.6799024670294335,-0.004907401752580986,0.16896484966675274,1,-1.0,-1.0,0,0,5,9,1,32.0,63.0,210.0,16.6,1010.0,cotonou/COTO,212.6801711490812,62.3,70.8,0.5505072393847638
6.363961946166002,2.4073847359258687,COTO,cotonou,6.352268,2.402957,1382.8858572316894,21238.37353,9.0,100.0,109.0,570.0,10,15.010719776153564,20.621372388487828,3.8881877860541993,5.0107197761535645,0.0009246300298271447,0.4330813094296647,0.000891242590215471,0.4299603096086213,-0.0007534292009141711,0.027700107572093142,1,-1.0,-1.0,0,0,2,9,1,32.0,63.0,180.0,14.8,1011.0,cotonou/COTO,373.8657305772486,58.8,70.5,0.18492258930760685
6.380242144528622,2.3655214008646266,COTO,cotonou,6.352268,2.402957,5169.5989383745655,21238.37353,9.0,100.0,109.0,570.0,10,13.288208484649658,306.94147575538193,1.0606732373001062,3.288208484649658,-8.069035634829122e-05,1.1246098757585348,-8.494790954585305e-05,1.1214720939958251,-0.00016254107818340665,0.009790563707737244,1,-1.0,-1.0,0,0,0,4,1,31.8,31.0,20.0,11.2,1010.9,cotonou/COTO,344.11074176779897,70.4,66.5,0.9424899853222867
6.357480160740526,2.4035915269821992,COTO,cotonou,6.352268,2.402957,580.661396564838,21238.37353,9.0,100.0,109.0,570.0,10,14.52785348892212,6.898744051212589,9.240909629041486,4.527853488922119,0.0013681034247080485,0.43826646946608944,0.001150242126349247,0.4190393630232035,-0.0009109338124593098,0.04156073973971426,1,-1.0,-1.0,0,0,1,3,1,31.0,75.0,210.0,18.4,1008.0,cotonou/COTO,329.0564998598276,66.4,68.1,0.739380020941727
6.3738410480692655,2.35602988442352,COTO,cotonou,6.352268,2.402957,5713.828648493379,21238.37353,9.0,100.0,109.0,570.0,10,13.447505712509155,294.8261373545037,0.9580693981613363,3.4475057125091553,-5.98007673219056e-05,1.353404066142658,-5.4219679099496374e-05,1.3465337689543282,-0.0017211238543192544,0.07761604377337218,0,-1.0,5324.509662423689,0,12,0,4,1,32.0,71.0,220.0,18.4,1009.0,cotonou/COTO,396.8541073241009,65.2,58.3,0.5962700288604047
6.360053661341646,2.4048180305207376,COTO,cotonou,6.352268,2.402957,885.2779981985462,21238.37353,9.0,100.0,109.0,570.0,10,14.768146514892578,13.363570931623883,6.075870147712342,4.768146514892578,0.00122395182962078,0.43133350007687693,0.0011325207849343618,0.4234628973610134,0.0009167114893595378,0.042393850019385955,1,-1.0,-1.0,0,0,4,4,1,31.0,75.0,210.0,18.4,1008.0,cotonou/COTO,320.01321175851473,66.4,70.5,0.2646152746626681
6.360202622454254,2.3794499261555373,COTO,cotonou,6.352268,2.402957,2744.850407251236,21238.37353,9.0,100.0,109.0,570.0,10,13.308424949645996,288.760313109425,1.9966493628191087,3.308424949645996,-0.00014440814654032393,0.8225351473063923,-0.0001981938984377165,0.8379132898677826,-0.0014700551827748617,0.07902298764809809,1,-1.0,-1.0,0,0,2,9,1,31.9,70.0,220.0,18.4,1008.0,cotonou/COTO,331.6838992172874,70.7,65.8,0.8038073312736274
6.366776910067578,2.3585372903451494,COTO,cotonou,6.352268,2.402957,5169.843809180052,21238.37353,9.0,100.0,109.0,570.0,10,11.585511803627014,288.1958089894398,1.0794868890179927,1.5855118036270142,-0.00040582679744714085,1.4114534648152495,-0.0003905273182923626,1.4132347984037352,0.0009837830579977752,0.035280187765780235,1,-1.0,-1.0,0,0,6,2,1,29.3,51.0,130.0,11.2,1009.3,cotonou/COTO,350.56675056255096,78.8,78.69999999999999,0.5328907862216777
6.375854050167728,2.3596494333967293,COTO,cotonou,6.352268,2.402957,5455.413001035324,21238.37353,9.0,100.0,109.0,570.0,10,13.231676816940308,298.72488639469407,1.0057088582794418,3.2316768169403076,-8.874210222868953e-05,1.2636320571840045,-0.00014186360016343042,1.2568024698906204,-0.0037934097772749776,0.06862885212064915,0,-1.0,5149.297642259794,0,2,1,6,1,31.5,72.0,200.0,11.2,1008.3,cotonou/COTO,324.3499013411239,77.1,63.4,0.18696912064101479
6.356598770474415,2.4109093300327795,COTO,cotonou,6.352268,2.402957,1001.7508565184947,21238.37353,9.0,100.0,109.0,570.0,10,15.447038173675537,61.2786735721898,5.335346363714931,5.447038173675537,0.0017059281760571049,0.5069040466923894,0.0017194758962701868,0.5256845998856445,0.0018471678098042807,0.08291500766243654,1,-1.0,-1.0,0,0,2,13,1,32.0,71.0,220.0,16.6,1011.0,cotonou/COTO,390.090387602657,58.7,65.5,0.05595583645766167
6.355608728175997,2.373931522511359,COTO,cotonou,6.352268,2.402957,3232.5659880839,21238.37353,9.0,100.0,109.0,570.0,10,14.471014976501465,276.6074770428984,1.6750064368895616,4.471014976501465,0.0002364267303100725,0.4500929992476161,0.0003113076351572779,0.4460835298101228,0.0029812421690711653,0.07122732677773728,1,-1.0,-1.0,0,0,1,14,1,29.6,72.0,220.0,14.8,1010.1,cotonou/COTO,363.9073676088481,61.8,59.2,0.14485309668696766
6.361992075308975,2.3599289271850687,COTO,cotonou,6.352268,2.402957,4880.550988430051,21238.37353,9.0,100.0,109.0,570.0,10,11.725147366523743,282.8131438777282,1.1418179386589469,1.7251473665237427,-0.00040690454056661163,1.1840546151669236,-0.00040329844060570303,1.1964181128233318,-0.00031035211351182723,0.011620959262445083,1,-1.0,-1.0,0,0,1,5,1,29.0,75.0,200.0,13.0,1010.0,cotonou/COTO,326.8907597349128,61.2,65.7,0.3949875297851375
6.348672617193361,2.383351631991874,COTO,cotonou,6.352268,2.402957,2205.2960855996694,21238.37353,9.0,100.0,109.0,570.0,10,13.014260292053223,259.546465721542,2.492231720374276,3.0142602920532227,-0.0003120410549748051,0.45195394247196896,-0.0003999741453873483,0.4868260482985417,-0.0022900203863779707,0.11365805181340129,1,-1.0,-1.0,0,0,6,5,1,32.0,71.0,200.0,18.4,1008.0,cotonou/COTO,255.0899788310412,63.1,65.8,0.424918523534601
6.352288701261657,2.3740116356624577,COTO,cotonou,6.352268,2.402957,3202.532400040336,21238.37353,9.0,100.0,109.0,570.0,10,13.967224597930908,270.04283142792565,1.699711009057236,3.967224597930908,7.110085760417628e-05,0.35696673965007814,3.898388918997046e-05,0.3599297373718404,-0.0023645410979225563,0.061108623757869095,1,-1.0,-1.0,0,0,0,3,1,33.0,63.0,210.0,13.0,1009.0,cotonou/COTO,135.44729233169025,74.7,78.1,0.37810286285741634
6.3634831880873275,2.3610274202186146,COTO,cotonou,6.352268,2.402957,4801.994894965516,21238.37353,9.0,100.0,109.0,570.0,10,11.649364233016968,285.0655338364595,1.1613957803391095,1.6493642330169678,-0.00042600977248039793,1.2709850842643755,-0.00041722466425640585,1.2756463435829175,0.0004048506418863932,0.016747436616869123,1,-1.0,-1.0,0,0,2,2,1,30.0,49.0,140.0,14.8,1008.0,cotonou/COTO,377.7002335187451,78.69999999999999,67.2,0.943109289649646
6.369586552470917,2.392214859375694,COTO,cotonou,6.352268,2.402957,2254.018955695557,21238.37353,9.0,100.0,109.0,570.0,10,12.700530290603638,328.3488693620711,2.446385728282287,2.7005302906036377,-0.0004414303260937071,0.5486150277739017,-0.0005700935936849219,0.5791638560273048,-0.004634438332578524,0.156738128515868,1,-1.0,-1.0,0,0,3,4,1,32.0,63.0,210.0,16.6,1010.0,cotonou/COTO,247.7688085695969,61.2,82.1,0.08007330332563589
6.358592370357236,2.365877437645744,COTO,cotonou,6.352268,2.402957,4161.669354139437,21238.37353,9.0,100.0,109.0,570.0,10,13.121205806732178,279.74011052236165,1.3197777541848423,3.1212058067321777,-0.0001426806288547466,0.7038685625073938,-0.0001249095790493291,0.709860379772348,0.0004260513517591689,0.015744240659672615,0,-1.0,3527.827929460885,0,1,0,0,1,33.0,39.0,280.0,7.6,1012.0,cotonou/COTO,398.169857472909,55.2,61.3,0.23101176595809492
6.382747133539814,2.374352933612672,COTO,cotonou,6.352268,2.402957,4623.449961057645,21238.37353,9.0,100.0,109.0,570.0,10,12.65223479270935,316.99620104551786,1.1938101373788625,2.6522347927093506,-0.0003627880427086444,1.122339249727708,-0.00020884961392631998,1.1189836681146257,0.0010277333558945643,0.02928136690030701,1,-1.0,-1.0,0,0,1,7,1,34.0,32.0,222.0,5.4,1009.0,cotonou/COTO,217.8231826505345,64.4,70.5,0.2945126616817376
6.374542380268624,2.359600021174503,COTO,cotonou,6.352268,2.402957,5392.43415259128,21238.37353,9.0,100.0,109.0,570.0,10,13.744531631469727,297.3381402736883,1.0120047065438766,3.7445316314697266,1.0518767713697808e-05,1.3153019691155283,1.6558301317818228e-07,1.3092766005939,6.119940016004774e-05,0.016809979288629383,1,-1.0,-1.0,0,0,5,4,1,31.5,72.0,200.0,11.2,1008.3,cotonou/COTO,324.3499013411239,77.1,63.4,0.6361711408823422
6.3828795778392315,2.368699078865562,COTO,cotonou,6.352268,2.402957,5081.89982395857,21238.37353,9.0,100.0,109.0,570.0,10,13.946848392486572,311.9608868219757,1.0715499377701174,3.9468483924865723,4.7030776154761246e-05,1.1182809362334536,7.562438646952312e-05,1.1181672014008985,0.002332033713658651,0.11199387374784274,1,-1.0,-1.0,0,0,3,4,1,33.0,28.0,70.0,11.2,1010.0,cotonou/COTO,319.62025483378403,68.0,58.1,0.5872154497038808
6.364941488358544,2.363308623257238,COTO,cotonou,6.352268,2.402957,4605.1201649102395,21238.37353,9.0,100.0,109.0,570.0,10,11.580819725990295,287.8313186763152,1.2118848728009248,1.5808197259902954,-0.0004680796342727972,1.3261785145424267,-0.00044873738900209084,1.3364742747982379,1.914898554484048e-05,0.0068708973073559765,1,-1.0,-1.0,0,0,0,0,1,33.0,48.0,210.0,9.4,1011.2,cotonou/COTO,329.2530191203894,60.2,61.3,0.6818604605234171
6.380906943346398,2.3632781533596865,COTO,cotonou,6.352268,2.402957,5413.176884689596,21238.37353,9.0,100.0,109.0,570.0,10,12.718438863754272,305.9911329706542,1.0189848936103882,2.7184388637542725,-0.00022510908133689854,1.1165779603002917,-0.00019150449061437167,1.111450518962051,-0.0017791787783304853,0.09499921329541733,0,5076.887338746955,4957.558790186663,3,15,2,8,1,31.8,31.0,20.0,11.2,1010.9,cotonou/COTO,277.57990849483264,70.4,78.2,0.4692226614409801
6.359314227858302,2.3763039607446936,COTO,cotonou,6.352268,2.402957,3050.1036800648153,21238.37353,9.0,100.0,109.0,570.0,10,13.049355268478394,284.89741766115077,1.801825493247558,3.0493552684783936,-0.00021881507642201411,0.7929971377273023,-0.0002226756169245793,0.8079224177001827,-0.0006433063083224826,0.024863215650661963,1,-1.0,-1.0,0,0,0,2,1,32.4,63.0,230.0,7.6,1010.7,cotonou/COTO,320.4806640032702,53.0,63.8,0.9358305399498694
6.35155899475958,2.415056271442789,COTO,cotonou,6.352268,2.402957,1340.9654556366515,21238.37353,9.0,100.0,109.0,570.0,10,15.807615280151367,93.3736381499574,3.9754632833869397,5.807615280151367,0.0015560176637437612,0.7041633547733648,0.0013987387325746796,0.715613393934268,-0.0014266914791531034,0.07911900007681935,1,-1.0,-1.0,0,0,1,11,1,29.8,77.0,200.0,11.2,1012.0,cotonou/COTO,331.6003083532061,58.1,69.85,0.029864013282146273
6.361525379970634,2.4060022645679013,COTO,cotonou,6.352268,2.402957,1077.7718428629291,21238.37353,9.0,100.0,109.0,570.0,10,14.956156730651855,18.104095476168368,4.9868644448775195,4.9561567306518555,0.001156125243089679,0.4414404764267932,0.0011649002829776437,0.437210184999205,0.0008114214600548715,0.01963484400819431,1,-1.0,-1.0,0,0,4,10,1,31.6,70.0,230.0,16.6,1013.0,cotonou/COTO,240.45018714908818,70.5,64.4,0.23191040393144302
6.355725039892214,2.378099825779101,COTO,cotonou,6.352268,2.402957,2776.6479320411026,21238.37353,9.0,100.0,109.0,570.0,10,13.912274599075317,277.96737543375843,1.9613567177368794,3.9122745990753174,7.357819533262627e-05,0.5176265186863465,7.658623812491433e-05,0.5211703975742539,-0.0006208399931589763,0.03260150102653346,1,-1.0,-1.0,0,0,4,10,1,31.5,70.0,236.0,9.3,1011.4,cotonou/COTO,247.88812658137354,59.2,62.4,0.9179375842080059
6.365932211511425,2.3640069125428056,COTO,cotonou,6.352268,2.402957,4566.658203712861,21238.37353,9.0,100.0,109.0,570.0,10,11.493411898612976,289.4444343860347,1.2231848670824288,1.493411898612976,-0.0004822613367068222,1.3711536011276357,-0.00048317418243149586,1.3765537818357552,-0.00015042452292836188,0.0069211118662241096,1,-1.0,-1.0,0,0,0,3,1,30.1,50.0,198.0,11.1,1009.1,cotonou/COTO,322.59013949595317,61.3,66.1,0.274797428553717
6.356715515147833,2.403740153353353,COTO,cotonou,6.352268,2.402957,499.41539352464054,21238.37353,9.0,100.0,109.0,570.0,10,14.641857147216797,9.926534908417125,10.699183018430036,4.641857147216797,0.0016592064958073918,0.5029726471425863,0.0015755481887281986,0.483128407651876,-0.0021283864974975587,0.10303017825191056,1,-1.0,-1.0,0,0,1,5,1,31.4,69.0,240.0,16.6,1010.7,cotonou/COTO,285.8934238489022,68.1,64.7,0.14402854216078664
6.382455502347036,2.3754082776659846,COTO,cotonou,6.352268,2.402957,4520.4577653658525,21238.37353,9.0,100.0,109.0,570.0,10,12.714866161346436,317.79483443778634,1.2202077814840517,2.7148661613464355,-0.000210162786659626,1.1219660031565784,-0.0002053342873234635,1.1150013839565167,0.0013105207019382054,0.048358729305396655,1,-1.0,-1.0,0,0,2,4,1,32.1,54.0,211.0,13.0,1008.6,cotonou/COTO,342.02592664884946,70.5,70.2,0.20308517760908906
6.351618206969635,2.4123277738085855,COTO,cotonou,6.352268,2.402957,1039.275695512271,21238.37353,9.0,100.0,109.0,570.0,10,14.847658157348633,93.9905881573539,5.1765339069710485,4.847658157348633,0.0010863492602393742,0.34031273125481176,0.0013387055010408969,0.4011557623433184,0.0037023146947224935,0.18117881598348984,1,-1.0,-1.0,0,0,0,7,1,31.5,68.0,230.0,13.0,1012.0,cotonou/COTO,374.95826287725737,70.9,75.1,0.47358508900463736
6.376360840785435,2.359601403858624,COTO,cotonou,6.352268,2.402957,5487.07281477901,21238.37353,9.0,100.0,109.0,570.0,10,13.021891832351685,299.2140999463492,1.0020971063114574,3.0218918323516846,-0.0001292243615797261,1.24855338944299,-0.00018765156474025057,1.2420833174352306,-0.005378216591701033,0.12087671629346632,0,5168.184815523316,5146.192539712578,1,2,0,5,1,32.0,71.0,220.0,18.4,1009.0,cotonou/COTO,324.64606281298086,72.1,77.1,0.9729936451275241
6.350341987319749,2.412822055704732,COTO,cotonou,6.352268,2.402957,1112.0653134057911,21238.37353,9.0,100.0,109.0,570.0,10,14.754030227661133,101.11321165437607,4.844161338136847,4.754030227661133,0.0009184550820735465,0.29783457906763855,0.00089256602377633,0.31178144996376667,0.0012931455379944698,0.06830008661011694,1,-1.0,-1.0,0,0,0,6,1,31.5,68.0,230.0,13.0,1012.0,cotonou/COTO,374.95826287725737,70.9,75.1,0.8787341842068072
6.36707827244022,2.4120746307939855,COTO,cotonou,6.352268,2.402957,1923.568969577336,21238.37353,9.0,100.0,109.0,570.0,10,14.47370719909668,31.45947159543323,2.8133144436693422,4.47370719909668,0.0003931875717945589,0.4265550762350849,0.00035796201590335743,0.4259538965669992,-0.0007859177059597439,0.0324867281063839,1,-1.0,-1.0,0,0,6,0,1,32.0,63.0,180.0,14.8,1011.0,cotonou/COTO,382.5959232662903,65.5,56.6,0.26978694052896146
6.368374909732591,2.3972472836704193,COTO,cotonou,6.352268,2.402957,1889.9322170415226,21238.37353,9.0,100.0,109.0,570.0,10,12.748049020767212,340.59261353096286,2.915485488608667,2.748049020767212,-0.0005105298778282397,0.5604798242263135,-0.0005536993955954528,0.6167491628154967,-0.004031491279602051,0.14812646707719584,1,-1.0,-1.0,0,0,1,9,1,32.0,63.0,210.0,14.8,1011.0,cotonou/COTO,322.2748851523748,68.2,73.4,0.7701805348184587
6.361826917803541,2.40440267624419,COTO,cotonou,6.352268,2.402957,1069.1329391470222,21238.37353,9.0,100.0,109.0,570.0,10,15.274956703186035,8.547974406450408,5.010000067503204,5.274956703186035,0.00145181969360069,0.450880266135496,0.0013888989321579192,0.4682187949924061,0.0007652011618814546,0.043851068032866015,1,-1.0,-1.0,0,0,4,5,1,31.6,70.0,230.0,16.6,1013.0,cotonou/COTO,273.96095269222405,64.4,66.4,0.08661877904829673
6.356474104738426,2.37466671283484,COTO,cotonou,6.352268,2.402957,3164.4137991133193,21238.37353,9.0,100.0,109.0,570.0,10,14.18665361404419,278.50967448586056,1.716204066041624,4.1866536140441895,0.0001445316931119954,0.5305289043509245,0.0001270225754490605,0.5286127484227351,-0.0002606391906738282,0.03452517855853134,1,-1.0,-1.0,0,0,4,9,1,29.6,72.0,220.0,14.8,1010.1,cotonou/COTO,275.910366967215,56.3,53.0,0.5719594631602904
6.368975690206053,2.400528451030265,COTO,cotonou,6.352268,2.402957,1867.1030936952877,21238.37353,9.0,100.0,109.0,570.0,10,13.044163703918457,351.7800299888436,2.9420077229459,3.044163703918457,-0.00035070250274012323,0.6112940541913182,-0.00046393828880900503,0.6301325963011891,-0.004305931153215697,0.12824092996198422,1,-1.0,-1.0,0,0,2,13,1,32.0,63.0,210.0,14.8,1011.0,cotonou/COTO,147.1577031622736,68.2,69.0,0.8295777155885417
6.360958092722242,2.3645724675343156,COTO,cotonou,6.352268,2.402957,4354.227905040046,21238.37353,9.0,100.0,109.0,570.0,10,11.995909094810486,282.83490534493717,1.2762321827462342,1.9959090948104858,-0.0003906580683303206,1.0708283307761746,-0.00040791433317938447,1.079120139878387,-0.0010271515638676355,0.029895656169735007,0,-1.0,4074.9988610294613,0,1,1,0,1,33.0,39.0,280.0,7.6,1012.0,cotonou/COTO,326.35698935364053,61.3,68.1,0.19284204096291924
6.373747928884566,2.354899597851255,COTO,cotonou,6.352268,2.402957,5823.485644516514,21238.37353,9.0,100.0,109.0,570.0,10,13.240023612976074,294.21775597289127,0.9420729068925567,3.240023612976074,-7.982355916601979e-05,1.3457360926784587,-7.638387939556927e-05,1.3423221075219736,-6.836520300971135e-05,0.008967943412050233,0,5274.9809846121525,5228.299736960717,3,28,0,0,1,31.0,63.0,210.0,16.6,1009.0,cotonou/COTO,234.58846199256698,58.3,58.6,0.5033512395418425
6.384674401722248,2.372167470996854,COTO,cotonou,6.352268,2.402957,4944.422596853552,21238.37353,9.0,100.0,109.0,570.0,10,12.690542936325073,316.6443732948767,1.1158891849746304,2.6905429363250732,-0.00020774655007886267,1.1018018964364211,-0.00020925204550371757,1.0957467882803829,-0.0007674564897663518,0.028658816192001037,1,-1.0,-1.0,0,0,2,9,1,31.8,57.0,210.0,13.0,1008.6,cotonou/COTO,161.07626082067793,62.5,53.4,0.22406364044897276
6.383078885462808,2.370791011368789,COTO,cotonou,6.352268,2.402957,4926.918958727373,21238.37353,9.0,100.0,109.0,570.0,10,13.470466613769531,313.94625707132695,1.1107861481244887,3.4704666137695312,-4.7782791985405796e-05,1.1262956104831678,-1.4398267515589304e-05,1.124047362156081,0.003420245009136578,0.10425808342883205,1,-1.0,-1.0,0,0,2,8,1,34.0,32.0,222.0,5.4,1009.0,cotonou/COTO,324.8945539710613,53.4,58.1,0.34468523504914694
6.356420743837503,2.403635174517484,COTO,cotonou,6.352268,2.402957,465.3324087293734,21238.37353,9.0,100.0,109.0,570.0,10,14.800467491149902,9.218923002164388,11.444014713219385,4.800467491149902,0.002155913522187909,0.5135488789766546,0.0017312328020731608,0.4929231118871381,-0.0027837912241617836,0.1291175623500798,1,-1.0,-1.0,0,0,2,11,1,31.4,69.0,240.0,16.6,1010.7,cotonou/COTO,264.0610446469,65.4,68.1,0.8255430806025454
6.357113741070059,2.375646109918755,COTO,cotonou,6.352268,2.402957,3068.8283835749594,21238.37353,9.0,100.0,109.0,570.0,10,13.979772567749023,280.12364942581115,1.773484372495756,3.9797725677490234,8.827868402968718e-05,0.5846714236923515,2.3703814449786553e-05,0.5859513999217155,-0.002042021932237858,0.08308849649979433,1,-1.0,-1.0,0,0,5,8,1,31.5,70.0,236.0,9.3,1011.4,cotonou/COTO,241.82719946273568,59.2,53.0,0.3685190863070599
6.373270229449392,2.3566601633162967,COTO,cotonou,6.352268,2.402957,5624.181382583012,21238.37353,9.0,100.0,109.0,570.0,10,13.699040174484253,294.5371070619488,0.9707759927981505,3.699040174484253,1.330553841227342e-05,1.3681446195006428,-3.722872650414185e-05,1.3611210682476316,-0.0017594337463378907,0.0831362595720443,0,5263.512436204943,5240.970627056314,2,8,2,4,1,32.0,71.0,220.0,18.4,1009.0,cotonou/COTO,396.8541073241009,65.2,58.3,0.35842893724652836
6.372595215213073,2.4072903952438875,COTO,cotonou,6.352268,2.402957,2298.5030372031138,21238.37353,9.0,100.0,109.0,570.0,10,13.488353490829468,11.962058403868298,2.379491186280359,3.4883534908294678,-0.00011994816563640413,0.4590253695742232,-0.0002889621228425232,0.4814643020879885,-0.005401222151156111,0.11010321333602001,1,-1.0,-1.0,0,0,1,2,1,31.0,75.0,200.0,16.6,1010.0,cotonou/COTO,338.55000000000837,80.8,75.5,0.0035182256823315106
6.351368261533327,2.391827800821035,COTO,cotonou,6.352268,2.402957,1235.3556014074056,21238.37353,9.0,100.0,109.0,570.0,10,14.315984725952148,265.35017540810696,4.382874645488783,4.315984725952148,0.0005088501012551391,0.28961012026957683,0.00046331912654655634,0.28647120113879104,-0.0011046154424390834,0.04056011264861692,1,-1.0,-1.0,0,0,0,3,1,31.0,71.0,240.0,9.4,1011.0,cotonou/COTO,229.63053738552546,54.4,73.7,0.7484167313947516
6.356690335890119,2.376015945324665,COTO,cotonou,6.352268,2.402957,3020.6145687970047,21238.37353,9.0,100.0,109.0,570.0,10,14.126869201660156,279.37998495305357,1.7989860806416653,4.126869201660156,0.00014060808545474725,0.5530431690371623,0.000126628119582883,0.5512997555970983,-0.00018909242418077254,0.012116291265538865,1,-1.0,-1.0,0,0,3,8,1,29.6,72.0,220.0,14.8,1010.1,cotonou/COTO,363.9073676088481,61.8,59.2,0.8611495961048811
6.3683849506640176,2.39014667870455,COTO,cotonou,6.352268,2.402957,2277.1756286019577,21238.37353,9.0,100.0,109.0,570.0,10,12.230385065078735,321.69398540157687,2.433346172988391,2.2303850650787354,-0.0006560423613343402,0.6620330788341015,-0.0007407756962280415,0.7154014149981673,-0.004410677512363379,0.12523684499145385,1,-1.0,-1.0,0,0,3,6,1,32.0,63.0,210.0,16.6,1010.0,cotonou/COTO,374.8202269089207,62.3,61.2,0.33222623485006575
6.363443512760698,2.416482441876513,COTO,cotonou,6.352268,2.402957,1940.809762206885,21238.37353,9.0,100.0,109.0,570.0,10,15.0607328414917,50.26006990967937,2.7710733797377687,5.060732841491699,0.0006777707942547228,0.40602814892779093,0.0005757472225388267,0.39994062441004086,-0.002911018409326827,0.07043415594254426,1,-1.0,-1.0,0,0,6,3,1,33.0,63.0,248.0,13.0,1011.0,cotonou/COTO,374.3070762089054,65.7,61.6,0.12327153818430037
6.383476059305401,2.3665423116510023,COTO,cotonou,6.352268,2.402957,5304.942575695829,21238.37353,9.0,100.0,109.0,570.0,10,14.203169822692871,310.7744924872993,1.0237396897371267,4.203169822692871,9.193160897390933e-05,1.1085105395821964,7.004777812424985e-05,1.106827877070487,-0.0016333527035183376,0.06028026166887616,1,-1.0,-1.0,0,0,3,2,1,34.0,32.0,222.0,5.4,1009.0,cotonou/COTO,379.59078834977134,55.8,68.0,0.5481795266673698
6.385337190014834,2.369633195026557,COTO,cotonou,6.352268,2.402957,5192.96461097587,21238.37353,9.0,100.0,109.0,570.0,10,13.084409236907959,314.95946780352347,1.0581496582087355,3.084409236907959,-0.0001192686201512129,1.0888658441444012,-0.00012839954858856508,1.085749154738407,-0.0006226443880845868,0.04167173339863621,0,4995.236499535907,5016.04998495064,2,2,2,9,1,33.0,28.0,70.0,11.2,1010.0,cotonou/COTO,282.2544702923159,68.0,57.6,0.8122500119625174
6.369443678873827,2.3904787532737757,COTO,cotonou,6.352268,2.402957,2348.1480736466815,21238.37353,9.0,100.0,109.0,570.0,10,12.020001411437988,324.1701162008464,2.365007796550311,2.0200014114379883,-0.000787803957300137,0.7025544683724592,-0.0007410123664047612,0.7320121293342003,-0.0016640019891163852,0.06738964718423579,1,-1.0,-1.0,0,0,1,3,1,33.0,67.0,200.0,18.4,1012.0,cotonou/COTO,281.07558431847417,86.3,70.8,0.16992699027461278
6.382475335790293,2.3754088572146514,COTO,cotonou,6.352268,2.402957,4522.034540436741,21238.37353,9.0,100.0,109.0,570.0,10,12.714866161346436,317.8141604879747,1.2197824393502785,2.7148661613464355,-0.00021200428724782225,1.1212001802904494,-0.00020533428732346347,1.1142433845211024,0.0013105207019382054,0.048358729305396655,1,-1.0,-1.0,0,0,2,4,1,32.1,54.0,211.0,13.0,1008.6,cotonou/COTO,342.02592664884946,70.5,70.2,0.2095246072379472
6.3828348358645925,2.3704944779860107,COTO,cotonou,6.352268,2.402957,4932.132455981208,21238.37353,9.0,100.0,109.0,570.0,10,13.474348068237305,313.4560674628892,1.1095672150355727,3.4743480682373047,-4.6998659769694e-05,1.1304516348194011,-4.461663449833759e-06,1.125873164266007,0.004006606340408326,0.18519387964545656,0,4783.871961312434,-1.0,3,0,2,11,1,34.0,32.0,222.0,5.4,1009.0,cotonou/COTO,324.8945539710613,53.4,58.1,0.47589469645543214
6.383903303455979,2.3716847509439867,COTO,cotonou,6.352268,2.402957,4920.376901202216,21238.37353,9.0,100.0,109.0,570.0,10,12.917994022369385,315.50968702131195,1.1186935411079402,2.9179940223693848,-0.00016112922979621223,1.116519900135236,-0.0001624448232382656,1.1098491752618826,-0.0011353943083021376,0.04216046433476166,1,-1.0,-1.0,0,0,2,12,1,31.8,57.0,210.0,13.0,1008.6,cotonou/COTO,161.07626082067793,62.5,53.4,0.8509728000173873
6.384010040882977,2.3677817869823663,COTO,cotonou,6.352268,2.402957,5240.928867456691,21238.37353,9.0,100.0,109.0,570.0,10,14.127910614013672,312.24141562275753,1.0370636244436893,4.127910614013672,8.017508188883471e-05,1.1178151835842753,6.117214590816168e-05,1.1156163005478408,-0.0010677231682671442,0.04161039245678491,0,4936.3458270634155,4957.35155398709,2,2,2,3,1,34.0,32.0,222.0,5.4,1009.0,cotonou/COTO,327.77907193718073,61.3,68.0,0.8904249599234499
6.358024433048957,2.376428853803535,COTO,cotonou,6.352268,2.402957,3003.315201447464,21238.37353,9.0,100.0,109.0,570.0,10,13.313671112060547,282.31786749618965,1.8248397324453103,3.313671112060547,-0.0005278252991010788,0.7013252410950601,-0.00012808631652913617,0.7074396059241167,-0.001531542211840078,0.0650250217282432,1,-1.0,-1.0,0,0,3,9,1,32.4,63.0,230.0,7.6,1010.7,cotonou/COTO,281.94874002195616,63.8,59.2,0.5573098232454422
6.354273382939261,2.41524755383129,COTO,cotonou,6.352268,2.402957,1377.796596677826,21238.37353,9.0,100.0,109.0,570.0,10,15.435359001159668,80.6760778456939,3.884928324496604,5.435359001159668,0.0012523054710782545,0.5304180173110952,0.0012518636922190373,0.5395712272434346,0.0008046799874037389,0.0182636496449858,1,-1.0,-1.0,0,0,2,11,1,32.0,67.0,210.0,18.4,1012.0,cotonou/COTO,331.6003083532061,69.85,58.1,0.05926747004663524
6.380024508275364,2.3652092626310983,COTO,cotonou,6.352268,2.402957,5183.018964058294,21238.37353,9.0,100.0,109.0,570.0,10,13.268754005432129,306.49902282544554,1.0581425223949736,3.268754005432129,-8.635188535497984e-05,1.135549886511415,-9.595957256498786e-05,1.1291342371123803,-0.0009959777196248373,0.03972078073398806,1,-1.0,-1.0,0,0,0,4,1,30.7,55.0,293.0,13.0,1011.4,cotonou/COTO,267.89890817251177,66.5,78.2,0.19180313570281426
6.387014580903934,2.374664474899726,COTO,cotonou,6.352268,2.402957,4956.141631574117,21238.37353,9.0,100.0,109.0,570.0,10,13.365596532821655,321.020849853049,1.1054502029399993,3.3655965328216553,-6.855319302723595e-05,0.986835032236048,-4.443360897833245e-05,0.9845649371542174,0.0012935744391547308,0.05880697873640662,1,-1.0,-1.0,0,0,2,11,1,31.0,59.0,170.0,13.0,1007.0,cotonou/COTO,285.70158014965295,70.2,66.1,0.8769087099722144
6.361973524505067,2.4044145954882166,COTO,cotonou,6.352268,2.402957,1085.361269935793,21238.37353,9.0,100.0,109.0,570.0,10,15.322994709014893,8.489135056562134,4.932946152972155,5.322994709014893,0.0016729986594385985,0.45525093824434254,0.0014075123754096013,0.46343534044443685,0.0004066537653133349,0.02189910428155156,1,-1.0,-1.0,0,0,3,7,1,31.0,75.0,210.0,18.4,1008.0,cotonou/COTO,273.96095269222405,66.4,64.4,0.972977441083814
6.3717053119400555,2.3547240274010823,COTO,cotonou,6.352268,2.402957,5753.0775836431,21238.37353,9.0,100.0,109.0,570.0,10,13.228523254394531,292.07449584030394,0.9537146917833397,3.2285232543945312,-8.306739230950675e-05,1.3666431441895506,-8.701932303171333e-05,1.3596387210713008,-0.0003109364482423639,0.03136712336432487,0,-1.0,5165.087690324867,0,7,2,2,1,31.0,63.0,210.0,16.6,1009.0,cotonou/COTO,249.20674248494376,58.6,51.6,0.44604845737427334
6.365648378566003,2.3630196754108246,COTO,cotonou,6.352268,2.402957,4659.81096423212,21238.37353,9.0,100.0,109.0,570.0,10,11.547747254371643,288.6316088004785,1.198071984622806,1.547747254371643,-0.000452849583645632,1.3613475125041854,-0.00046182568802872743,1.3663020531113257,0.00010105019904840593,0.008944016404311519,1,-1.0,-1.0,0,0,0,0,1,33.0,48.0,210.0,9.4,1011.2,cotonou/COTO,370.6602309393415,67.2,61.3,0.9102242503888781
6.373406454019387,2.363047417714055,COTO,cotonou,6.352268,2.402957,4996.152260698823,21238.37353,9.0,100.0,109.0,570.0,10,12.477025032043457,298.05721703249037,1.1067859632412917,2.477025032043457,-0.0002455022758590485,1.3350851154440022,-0.00020978751737455405,1.328170704158664,0.002073293924331665,0.09646268530551123,1,-1.0,-1.0,0,0,1,2,1,31.0,75.0,200.0,18.4,1008.0,cotonou/COTO,325.1163282580652,76.5,78.0,0.2287380085180991
6.3717010719905955,2.390284648828268,COTO,cotonou,6.352268,2.402957,2565.9724944760815,21238.37353,9.0,100.0,109.0,570.0,10,12.051224708557129,327.05397637999494,2.1637467904077297,2.051224708557129,-0.0006246331164721452,0.7966730974879479,-0.0006367787267222549,0.8281474821284289,-0.00038924018541971843,0.023002957599139576,1,-1.0,-1.0,0,0,2,14,1,33.0,67.0,190.0,20.5,1010.0,cotonou/COTO,357.773164030067,81.4,84.9,0.7951064965597577
6.372985461082086,2.4026869656306555,COTO,cotonou,6.352268,2.402957,2291.2955809729788,21238.37353,9.0,100.0,109.0,570.0,10,12.223414182662964,359.25785501796537,2.4185427047377694,2.223414182662964,-0.0006422412343871543,0.7981680500409869,-0.0006558827710051074,0.8435859904802739,-0.0008899688720703125,0.041895438810219635,1,-1.0,-1.0,0,0,1,7,1,32.0,75.0,200.0,20.5,1010.0,cotonou/COTO,331.4609434005665,75.5,86.5,0.8598330453627261
6.362000306918884,2.3653923270086112,COTO,cotonou,6.352268,2.402957,4293.233058710285,21238.37353,9.0,100.0,109.0,570.0,10,11.69914186000824,284.6130145479218,1.298316261408409,1.6991418600082397,-0.0004647799940020949,1.1244480607011111,-0.00046201322775968475,1.1346164487911479,-0.00017333055129926497,0.00791247889160434,1,-1.0,-1.0,0,0,4,2,1,33.0,39.0,280.0,7.6,1012.0,cotonou/COTO,169.65942414145263,61.3,63.0,0.5463169637479037
6.381975596377298,2.3633790321695956,COTO,cotonou,6.352268,2.402957,5474.223670782029,21238.37353,9.0,100.0,109.0,570.0,10,13.076323509216309,307.0647821208375,1.0038792234058236,3.0763235092163086,-0.00011487576045190911,1.0921765572216022,-0.00013858167974798523,1.086481975317992,-0.0022026717662811278,0.10795276510295698,0,5068.3193104234415,5035.408146070043,1,5,3,7,1,31.8,31.0,20.0,11.2,1010.9,cotonou/COTO,344.11074176779897,70.4,66.5,0.0535403193342634
6.3501430027559485,2.4132220832664713,COTO,cotonou,6.352268,2.402957,1159.794392470142,21238.37353,9.0,100.0,109.0,570.0,10,14.77070665359497,101.7653725218047,4.644882063986736,4.770706653594971,0.0008855770876614041,0.2936786052284365,0.0008662807263009917,0.3141740547534437,0.0022621711095174154,0.1148612513524567,1,-1.0,-1.0,0,0,0,6,1,29.8,77.0,200.0,11.2,1012.0,cotonou/COTO,285.3045504368927,58.1,75.1,0.8788061218888528
6.353795196235189,2.415213856110533,COTO,cotonou,6.352268,2.402957,1366.5798542061139,21238.37353,9.0,100.0,109.0,570.0,10,15.412944793701172,82.85347598084911,3.917651920673857,5.412944793701172,0.0012550570725076945,0.5332262683844249,0.0012026030156347487,0.5429666412905312,0.00015934308369954428,0.020627347815810694,1,-1.0,-1.0,0,0,1,9,1,32.0,67.0,210.0,18.4,1012.0,cotonou/COTO,331.6003083532061,69.85,58.1,0.21973280698357567
6.373928817976318,2.3549098853825394,COTO,cotonou,6.352268,2.402957,5830.63544183894,21238.37353,9.0,100.0,109.0,570.0,10,13.260979652404785,294.40261036311534,0.9407120281941155,3.260979652404785,-8.464581802878581e-05,1.3442621014266534,-7.011382016297562e-05,1.3408583365481501,0.0003412786668530727,0.013059282415678986,0,5433.357676262739,5234.718793474639,2,26,0,0,1,31.0,63.0,210.0,16.6,1009.0,cotonou/COTO,234.58846199256698,58.3,58.6,0.41762181217140615
6.3556138145073495,2.398278202430165,COTO,cotonou,6.352268,2.402957,636.3017975362742,21238.37353,9.0,100.0,109.0,570.0,10,15.363644123077393,305.73607602072786,8.371400199921325,5.363644123077393,0.002510079831788034,0.5181512753228461,0.002438783418469081,0.5485273674885652,0.0018743206198501411,0.08090432453019275,1,-1.0,-1.0,0,0,5,9,1,31.0,71.0,210.0,20.5,1010.0,cotonou/COTO,221.7167693252332,62.1,62.0,0.5400073641369745
6.357785212769799,2.3764269701792897,COTO,cotonou,6.352268,2.402957,2998.0239402985303,21238.37353,9.0,100.0,109.0,570.0,10,13.413018465042114,281.819911037373,1.8261615232033324,3.4130184650421143,-0.00010513066070711032,0.6678760709939174,-0.00010312493655138489,0.6790802090240017,-0.0023768855244962173,0.0901071389849213,1,-1.0,-1.0,0,0,2,12,1,32.4,63.0,230.0,7.6,1010.7,cotonou/COTO,281.94874002195616,63.8,59.2,0.6514910355122351
6.35557706122675,2.3738704954767167,COTO,cotonou,6.352268,2.402957,3238.8764425780478,21238.37353,9.0,100.0,109.0,570.0,10,14.471014976501465,276.5317974894275,1.6717447971717627,4.471014976501465,0.00023593449985179546,0.4492310267581706,0.0002939862570746112,0.4452287864960583,0.002346124972706717,0.07122732677773728,1,-1.0,-1.0,0,0,1,14,1,31.5,70.0,236.0,9.3,1011.4,cotonou/COTO,363.9073676088481,59.2,61.8,0.876118392880837
6.370225724766898,2.3976947493532217,COTO,cotonou,6.352268,2.402957,2069.4912336810103,21238.37353,9.0,100.0,109.0,570.0,10,12.198230266571045,343.7630787507776,2.678094507040252,2.198230266571045,-0.0007288701292397319,0.7898637388488383,-0.0007979976674252027,0.8448313380088096,-0.0021219318232159616,0.06847833649929505,1,-1.0,-1.0,0,0,1,1,1,32.0,63.0,210.0,14.8,1011.0,cotonou/COTO,280.5468730889592,68.2,86.5,0.9047683746279813
6.379265707470788,2.365336283161786,COTO,cotonou,6.352268,2.402957,5122.344482920341,21238.37353,9.0,100.0,109.0,570.0,10,13.321366548538208,305.8344132163231,1.070085094079768,3.321366548538208,-7.51705429939731e-05,1.1526745824142117,-8.608780384982482e-05,1.1461411921638858,-0.0006796757380167643,0.030585408210754395,1,-1.0,-1.0,0,0,1,12,1,30.7,55.0,293.0,13.0,1011.4,cotonou/COTO,325.9584504197963,66.5,64.2,0.3142881924407196
6.360176424270608,2.376649375527918,COTO,cotonou,6.352268,2.402957,3039.2225061718837,21238.37353,9.0,100.0,109.0,570.0,10,13.022541999816895,286.83059175316504,1.8087771857246595,3.0225419998168945,-0.0002236762857125476,0.844615365742562,-0.00023638674075180315,0.851798448480089,-0.0007230694123166264,0.02376034197252536,1,-1.0,-1.0,0,0,2,11,1,32.4,63.0,230.0,7.6,1010.7,cotonou/COTO,353.12133962707986,63.8,65.7,0.24066152634251003
6.381732617150387,2.3687664998416516,COTO,cotonou,6.352268,2.402957,4992.650712063597,21238.37353,9.0,100.0,109.0,570.0,10,13.366671323776245,310.93131566548385,1.0973561811968386,3.366671323776245,-7.786982980548234e-06,1.1127314914202844,-1.6691698830508598e-05,1.1079554335226645,0.0041897614796956376,0.2097780053358452,1,-1.0,-1.0,0,0,5,11,1,34.0,32.0,222.0,5.4,1009.0,cotonou/COTO,218.89526468152152,61.3,58.1,0.716927000860213
6.362035556449651,2.3621003308764816,COTO,cotonou,6.352268,2.402957,4647.628701212925,21238.37353,9.0,100.0,109.0,570.0,10,11.775235891342163,283.52767727124126,1.1984081847228074,1.775235891342163,-0.00041551857782376933,1.1734307518359512,-0.00041204245480255965,1.1865186420085236,-0.00012924008899264865,0.005234645010237741,1,-1.0,-1.0,0,0,2,4,1,33.0,48.0,210.0,9.4,1011.2,cotonou/COTO,358.1586621876183,60.2,61.2,0.5200253199701591
6.361043236176393,2.3651271725990632,COTO,cotonou,6.352268,2.402957,4296.506949662745,21238.37353,9.0,100.0,109.0,570.0,10,12.004328966140747,283.1397940561062,1.2932595744742614,2.004328966140747,-0.0003941348305454961,1.069977704864673,-0.0004120963520892827,1.0799068837256731,-0.0011090612255140592,0.04776244304082583,0,4038.199918620896,3986.5385124125264,1,6,1,0,1,33.0,39.0,280.0,7.6,1012.0,cotonou/COTO,398.169857472909,55.2,61.3,0.9455499056538779
6.376644925810863,2.3602155165787404,COTO,cotonou,6.352268,2.402957,5443.265852565979,21238.37353,9.0,100.0,109.0,570.0,10,12.96946382522583,299.8526294440658,1.0107119233393898,2.96946382522583,-0.0001418398299409473,1.2403181281071982,-0.00016571745492409973,1.2340401979095366,-0.0024825255076090496,0.11745585582946166,1,-1.0,-1.0,0,0,2,10,1,31.5,72.0,200.0,11.2,1008.3,cotonou/COTO,238.48215027541633,77.1,76.1,0.2783247850717079
6.362543852245958,2.3593214152039454,COTO,cotonou,6.352268,2.402957,4959.757890701738,21238.37353,9.0,100.0,109.0,570.0,10,11.649999976158142,283.33277837792247,1.124455696503224,1.649999976158142,-0.0004130504935620779,1.2323753953839047,-0.00041149307391838636,1.2380003201116203,-9.09129778544108e-05,0.003436228715446304,1,-1.0,-1.0,0,0,1,0,1,34.0,44.0,220.0,14.8,1010.0,cotonou/COTO,326.8907597349128,65.7,61.2,0.32633724951611853
6.35514702885617,2.4046931235730167,COTO,cotonou,6.352268,2.402957,371.8415748775563,21238.37353,9.0,100.0,109.0,570.0,10,15.363141536712646,30.935005922173616,14.134304086656698,5.3631415367126465,0.00424653872465476,0.652000215344617,0.0037507836023966475,0.6736133791846779,0.0009676376978556315,0.04686972751218647,1,-1.0,-1.0,0,0,3,12,1,31.4,69.0,240.0,16.6,1010.7,cotonou/COTO,264.0610446469,68.1,65.4,0.8704760348795172
6.361167141878938,2.407444611065457,COTO,cotonou,6.352268,2.402957,1102.2912611825307,21238.37353,9.0,100.0,109.0,570.0,10,14.763365745544434,26.618599941821913,4.886425836524244,4.763365745544434,0.0009674489413241092,0.46321039343559783,0.0008509822292173854,0.45272743123579773,-0.00014834812883691376,0.03582661851802794,1,-1.0,-1.0,0,0,6,8,1,31.6,70.0,230.0,16.6,1013.0,cotonou/COTO,264.2872471383624,70.5,62.5,0.41399616543202844
6.362054653506651,2.365415067779379,COTO,cotonou,6.352268,2.402957,4292.3086803945025,21238.37353,9.0,100.0,109.0,570.0,10,11.69914186000824,284.69959700728475,1.298595767048607,1.6991418600082397,-0.000464779994002095,1.1262019551155178,-0.00048180272949605415,1.1371027791668773,-0.0011298231352237812,0.029320310975044606,1,-1.0,-1.0,0,0,3,2,1,33.0,39.0,280.0,7.6,1012.0,cotonou/COTO,169.65942414145263,61.3,63.0,0.58486064301518
6.358289054719785,2.3764309374387387,COTO,cotonou,6.352268,2.402957,3009.4284086876532,21238.37353,9.0,100.0,109.0,570.0,10,13.313671112060547,282.8665854720615,1.8211353400024055,3.313671112060547,-0.00012980868714083932,0.7240442204205704,-0.0001593104794243484,0.7317393289213914,-0.0011688591060105295,0.04391166406377925,1,-1.0,-1.0,0,0,2,3,1,32.4,63.0,230.0,7.6,1010.7,cotonou/COTO,281.94874002195616,63.8,59.2,0.453128063076786
6.3646315712658525,2.3721576608128485,COTO,cotonou,6.352268,2.402957,3671.6820344726248,21238.37353,9.0,100.0,109.0,570.0,10,11.694947600364685,291.9958768317963,1.518068319677187,1.694947600364685,-0.0005498936254101493,1.244098292407409,-0.0005505249341328939,1.2650298956927133,-0.000550389289855957,0.028825435773933296,1,-1.0,-1.0,0,0,3,3,1,33.0,49.0,210.0,16.6,1009.0,cotonou/COTO,320.12677113920535,66.8,60.5,0.30936526016375665
6.367686223889303,2.3911666642954255,COTO,cotonou,6.352268,2.402957,2146.835469852785,21238.37353,9.0,100.0,109.0,570.0,10,12.976723670959473,322.7660016318743,2.5610085469118067,2.9767236709594727,-0.0003380869273786192,0.5522273442215074,-0.0006395347877496712,0.5809040260725337,-0.006335430079385968,0.12042482054079483,0,2082.301337492481,-1.0,5,0,4,12,1,32.0,63.0,210.0,16.6,1010.0,cotonou/COTO,256.496478923207,70.8,61.2,0.13742482054867922
6.366569590866867,2.4005935870976196,COTO,cotonou,6.352268,2.402957,1603.0531053386128,21238.37353,9.0,100.0,109.0,570.0,10,13.417769193649292,350.6732327628725,3.412227783499688,3.417769193649292,-0.00017853224719012223,0.5616500968213595,-0.000150474054472787,0.5753391197892016,0.0004155278205871582,0.019869051405337155,1,-1.0,-1.0,0,0,5,7,1,32.0,63.0,210.0,14.8,1011.0,cotonou/COTO,311.79147214124436,66.0,68.2,0.12031761721555756
6.359186175389767,2.410855999223652,COTO,cotonou,6.352268,2.402957,1161.5096168917469,21238.37353,9.0,100.0,109.0,570.0,10,14.962761878967285,48.611586342010185,4.628640802568094,4.962761878967285,0.0010552734155605842,0.39023080223594925,0.0009814139835099627,0.38870399892846363,-0.0010967896410336048,0.04354277456973272,0,-1.0,1063.7472844078723,0,11,2,9,1,32.0,71.0,220.0,16.6,1011.0,cotonou/COTO,352.045035329285,58.7,68.1,0.8599922365194622
6.360199418834249,2.3780631852945775,COTO,cotonou,6.352268,2.402957,2890.5365981310583,21238.37353,9.0,100.0,109.0,570.0,10,13.159685373306274,287.776225500357,1.8990365255527797,3.1596853733062744,-0.00018807768412062396,0.8247964094182209,-0.00022698582470468697,0.8337233659966424,-0.001711609110186819,0.06320624136572162,1,-1.0,-1.0,0,0,4,6,1,32.4,63.0,230.0,7.6,1010.7,cotonou/COTO,343.13365923494894,63.8,65.8,0.579709033777726
6.359461040127946,2.404287977069745,COTO,cotonou,6.352268,2.402957,808.9788354713418,21238.37353,9.0,100.0,109.0,570.0,10,14.658854961395264,10.42016296567607,6.651649707507835,4.658854961395264,0.0011787212316960239,0.4256649376084525,0.0011627523378394116,0.41662551356353095,0.0013745254940456815,0.05113434579462412,1,-1.0,-1.0,0,0,3,6,1,31.0,75.0,210.0,18.4,1008.0,cotonou/COTO,384.8115623263995,66.4,64.7,0.039521552177498864
6.358250971735382,2.3764306375727196,COTO,cotonou,6.352268,2.402957,3008.5318566873248,21238.37353,9.0,100.0,109.0,570.0,10,13.313671112060547,282.78775673137875,1.8216776784792792,3.313671112060547,-0.0001298086871408393,0.7235992329041683,-0.00016123753882366982,0.7304767893183288,-0.0012343791255874567,0.0407863074244987,1,-1.0,-1.0,0,0,2,3,1,31.5,70.0,236.0,9.3,1011.4,cotonou/COTO,281.94874002195616,59.2,63.8,0.5318786359769881
6.3605082166213345,2.3627179302636576,COTO,cotonou,6.352268,2.402957,4544.343092497134,21238.37353,9.0,100.0,109.0,570.0,10,12.208295345306396,281.6449752560426,1.220180265398145,2.2082953453063965,-0.0003436242579630241,1.0082371185111962,-0.0003200311681408903,1.0197864488636925,-9.269118309020996e-05,0.016552034655362553,0,-1.0,4307.563692888065,0,3,0,5,1,33.0,48.0,210.0,9.4,1011.2,cotonou/COTO,363.6499594390807,60.2,68.1,0.7787084818860127
6.346793000612457,2.404386451282455,COTO,cotonou,6.352268,2.402957,625.7838388460453,21238.37353,9.0,100.0,109.0,570.0,10,12.399997234344482,165.4533234741151,8.775279084353588,2.3999972343444824,-0.0021058396735860073,0.38739844083291003,-0.002387534537647161,0.4809163052110517,-0.0050437967151012175,0.12971407315286562,1,-1.0,-1.0,0,0,0,5,1,30.0,75.0,180.0,20.5,1011.0,cotonou/COTO,313.45464504453633,77.3,69.1,0.2550554916211699
6.369994574602941,2.3903388587695673,COTO,cotonou,6.352268,2.402957,2406.640751453945,21238.37353,9.0,100.0,109.0,570.0,10,11.916408777236938,324.72365352186614,2.310052171772988,1.9164087772369385,-0.0007622854378377979,0.7501654512593904,-0.0007464319134980372,0.7750911350651764,-0.0013365809304467294,0.040931934628435716,1,-1.0,-1.0,0,0,0,1,1,33.0,67.0,200.0,18.4,1012.0,cotonou/COTO,137.85914006689853,86.3,84.9,0.11121868011686054
6.370874962213172,2.3927165958618604,COTO,cotonou,6.352268,2.402957,2349.0002853077153,21238.37353,9.0,100.0,109.0,570.0,10,12.486603498458862,331.3234718932698,2.35278887206014,2.4866034984588623,-0.0005149316184128387,0.6589255914133838,-0.0005539707993856022,0.6785334380818429,-0.0019088153187194106,0.05989813039944786,1,-1.0,-1.0,0,0,2,3,1,33.0,67.0,190.0,20.5,1010.0,cotonou/COTO,247.7688085695969,82.1,61.2,0.3004989359749187
6.369521986047012,2.3921897157202308,COTO,cotonou,6.352268,2.402957,2249.427130612742,21238.37353,9.0,100.0,109.0,570.0,10,12.700530290603638,328.1932240703274,2.4513735252006597,2.7005302906036377,-0.00044954781055014324,0.5316164661100539,-0.0005241045188078117,0.5758051599156442,-0.00345405207739936,0.13417772525965582,1,-1.0,-1.0,0,0,4,3,1,32.0,63.0,210.0,16.6,1010.0,cotonou/COTO,247.7688085695969,61.2,82.1,0.04903175337127175
6.385370607225582,2.372733873715481,COTO,cotonou,6.352268,2.402957,4958.030082847342,21238.37353,9.0,100.0,109.0,570.0,10,12.750702619552612,317.7817427033134,1.1121324067594887,2.7507026195526123,-0.0001920258663744333,1.0725374924340718,-0.000195992540218635,1.0695703034330017,-0.00018227630191379124,0.011004537092284118,0,-1.0,4838.798898490291,0,1,2,1,1,31.0,59.0,170.0,13.0,1007.0,cotonou/COTO,358.8872214220909,66.1,62.5,0.821776599329763
6.34577097319944,2.3991495529795617,COTO,cotonou,6.352268,2.402957,832.8815954227152,21238.37353,9.0,100.0,109.0,570.0,10,11.66923987865448,210.21822330896578,6.665367957249349,1.66923987865448,-0.0024960588098636577,0.6765885750336257,-0.0023744348684946693,0.742406611978425,-0.0031003912289937333,0.1139475657877186,1,-1.0,-1.0,0,0,0,4,1,31.0,71.0,180.0,18.4,1010.0,cotonou/COTO,393.11085268658167,75.8,69.1,0.0794184601026856
6.374780988331611,2.3549583500472955,COTO,cotonou,6.352268,2.402957,5865.121824183684,21238.37353,9.0,100.0,109.0,570.0,10,13.395543575286865,295.26723091381007,0.9338675207363805,3.3955435752868652,-5.6049742982762775e-05,1.3299222527124235,-4.711656859426784e-05,1.3233882721164854,0.00026987592379252114,0.014316900202311113,0,-1.0,5324.449271252923,0,12,0,4,1,31.0,63.0,210.0,16.6,1009.0,cotonou/COTO,234.58846199256698,58.6,58.3,0.9862503941280928
6.381028401854665,2.3641557451389126,COTO,cotonou,6.352268,2.402957,5342.722508351895,21238.37353,9.0,100.0,109.0,570.0,10,13.272240400314331,306.71858225485954,1.0264822432772527,3.272240400314331,-8.095922416814876e-05,1.112228442215549,-0.00010771218365992608,1.1090963151459232,-0.0007099158789773503,0.04835103700992927,0,-1.0,5064.344181263419,0,5,1,13,1,34.0,32.0,222.0,5.4,1009.0,cotonou/COTO,367.6178566119935,55.8,78.2,0.49356578508215143
6.353547188352863,2.3920965648098154,COTO,cotonou,6.352268,2.402957,1209.9016983674867,21238.37353,9.0,100.0,109.0,570.0,10,15.27423906326294,276.75931486151654,4.429605500702273,5.2742390632629395,0.0013544912125113115,0.4462354750673592,0.0013176102925129124,0.456107768419882,0.0020323706510686273,0.06712365790910933,1,-1.0,-1.0,0,0,5,10,1,32.6,66.0,210.0,11.2,1010.9,cotonou/COTO,330.452052195156,57.1,54.4,0.7817848106633243
6.385498651569397,2.3834892883062335,COTO,cotonou,6.352268,2.402957,4259.580533443926,21238.37353,9.0,100.0,109.0,570.0,10,14.89330244064331,329.79224235544933,1.265626872547078,4.8933024406433105,0.00028012713752394934,0.9780003602122069,0.00026734443726363,0.9859571304295576,0.0008158630794949003,0.038518115509923706,1,-1.0,-1.0,0,0,0,6,1,33.0,41.0,50.0,9.4,1007.0,cotonou/COTO,266.4578062283396,75.6,64.8,0.8352059330239952
6.352227194607887,2.39190702280364,COTO,cotonou,6.352268,2.402957,1222.584165788701,21238.37353,9.0,100.0,109.0,570.0,10,14.672889709472656,269.7877231882132,4.4118512960259695,4.672889709472656,0.0007852831507116799,0.32907441321053366,0.0007910811623861624,0.3273221169299799,0.0006066269344753689,0.022963403786284652,1,-1.0,-1.0,0,0,3,9,1,31.0,66.0,250.0,7.6,1013.0,cotonou/COTO,229.63053738552546,73.7,54.4,0.6685410717897738
6.387841119726207,2.3751691948566833,COTO,cotonou,6.352268,2.402957,4992.762057270694,21238.37353,9.0,100.0,109.0,570.0,10,13.331702947616577,322.17851515504896,1.0977328564308355,3.331702947616577,7.967993558598984e-06,0.9625257382519099,-0.00010058292035285309,0.9567721956385711,-5.028049151102704e-05,0.04242903998519915,1,-1.0,-1.0,0,0,4,8,1,33.0,41.0,50.0,9.4,1007.0,cotonou/COTO,339.277088085809,64.0,66.1,0.7331056652227577
6.371523705217703,2.3929749989377465,COTO,cotonou,6.352268,2.402957,2398.798703877786,21238.37353,9.0,100.0,109.0,570.0,10,12.363491773605347,332.7430506081423,2.3069345887114605,2.3634917736053467,-0.0005608336467654775,0.7276537544461796,-0.0005301675436401787,0.7574330707280619,5.3465979782650924e-05,0.014462057621065533,1,-1.0,-1.0,0,0,1,6,1,33.0,67.0,190.0,20.5,1010.0,cotonou/COTO,361.2210155846181,82.1,76.9,0.008620079164663008
6.358789255384612,2.413108647543421,COTO,cotonou,6.352268,2.402957,1334.7716690918896,21238.37353,9.0,100.0,109.0,570.0,10,15.098717212677002,57.12257442970139,4.024132287950926,5.098717212677002,0.0010309079841331198,0.4348896129449331,0.0009226793938494741,0.42643225976103644,-0.0012369116147359213,0.05678060182567772,1,-1.0,-1.0,0,0,1,4,1,32.0,67.0,210.0,18.4,1012.0,cotonou/COTO,390.090387602657,65.5,58.7,0.0607841191080819
6.36143154479268,2.363023727053524,COTO,cotonou,6.352268,2.402957,4532.927698365081,21238.37353,9.0,100.0,109.0,570.0,10,11.927225828170776,283.00345266311285,1.2268032142128276,1.9272258281707764,-0.00032466719518840645,1.1237259909518122,-0.00038428230104975127,1.1300436930029065,0.0003366158347188413,0.010794914793417577,1,-1.0,-1.0,0,0,0,0,1,33.0,48.0,210.0,9.4,1011.2,cotonou/COTO,363.6499594390807,60.2,68.1,0.48181839463664256
6.3619709283952925,2.406689758024772,COTO,cotonou,6.352268,2.402957,1149.7594765180609,21238.37353,9.0,100.0,109.0,570.0,10,15.01980209350586,20.923585853130703,4.672911612905452,5.019802093505859,0.0012384287695054602,0.4469249456488546,0.0011335856395426759,0.4457915627952591,0.0015910740394901816,0.054887065442103034,1,-1.0,-1.0,0,0,0,16,1,31.6,70.0,230.0,16.6,1013.0,cotonou/COTO,373.8657305772486,70.5,58.8,0.18897119348808245
6.37469704400609,2.355084722243276,COTO,cotonou,6.352268,2.402957,5848.522720246174,21238.37353,9.0,100.0,109.0,570.0,10,13.409627914428711,295.2429182570362,0.9363795823563142,3.409627914428711,-5.0497814126880075e-05,1.3333800163940226,-5.2124188266361096e-05,1.326751534716681,4.670639612066053e-05,0.006024746447821269,0,-1.0,5309.3803452335,0,16,0,1,1,32.0,71.0,220.0,18.4,1009.0,cotonou/COTO,396.8541073241009,65.2,58.3,0.9529350025374037
6.3691746845992725,2.3969869385996843,COTO,cotonou,6.352268,2.402957,1982.9198055024942,21238.37353,9.0,100.0,109.0,570.0,10,12.400272369384766,340.6620814266091,2.789010665156048,2.4002723693847656,-0.0006501089874191664,0.6843732492951006,-0.0007030690417570227,0.7192916263969436,-0.0021080149544609916,0.08230601742514199,1,-1.0,-1.0,0,0,1,4,1,32.0,63.0,210.0,14.8,1011.0,cotonou/COTO,256.52289722354817,73.4,86.5,0.4314549996565802
6.371503593438383,2.4042856307241096,COTO,cotonou,6.352268,2.402957,2132.2970324620887,21238.37353,9.0,100.0,109.0,570.0,10,13.030752897262573,3.9268986386720712,2.576997687750453,3.0307528972625732,-0.00031307339668273937,0.6124475651405845,-0.00034642388470551024,0.6281653793300711,-0.0019053393386250963,0.052903989178821095,1,-1.0,-1.0,0,0,4,0,1,32.0,75.0,200.0,20.5,1010.0,cotonou/COTO,331.4609434005665,86.5,75.5,0.8701510155752024
6.369614745047858,2.390219642692657,COTO,cotonou,6.352268,2.402957,2380.3361751671555,21238.37353,9.0,100.0,109.0,570.0,10,11.958635091781616,323.88027301936376,2.3345372204436274,1.9586350917816162,-0.0007284818092981975,0.7326805667927169,-0.0007542190477728426,0.7617572337099153,-0.0014522002658528064,0.05424907604771666,1,-1.0,-1.0,0,0,0,2,1,32.0,63.0,210.0,16.6,1010.0,cotonou/COTO,259.09644632842327,62.3,86.3,0.8767563054565772
6.369459775999707,2.3904745483102805,COTO,cotonou,6.352268,2.402957,2349.861652292742,21238.37353,9.0,100.0,109.0,570.0,10,12.020001411437988,324.18642670008194,2.3632851290943355,2.0200014114379883,-0.0007687645197902554,0.7039742021036842,-0.0007402730695085505,0.7333224122220012,-0.0016442874052174322,0.06738964718423579,1,-1.0,-1.0,0,0,1,3,1,33.0,67.0,200.0,18.4,1012.0,cotonou/COTO,281.07558431847417,86.3,70.8,0.16335673481342738
6.378633275542868,2.3650994086578745,COTO,cotonou,6.352268,2.402957,5103.386247383555,21238.37353,9.0,100.0,109.0,570.0,10,13.296753406524658,305.0230692496567,1.0743355885945722,3.296753406524658,-7.996842642741363e-05,1.1591464191052867,-9.733124810234087e-05,1.1557451572443325,-0.0009489910102465576,0.046557758414850124,1,-1.0,-1.0,0,0,2,5,1,30.7,55.0,293.0,13.0,1011.4,cotonou/COTO,325.9584504197963,66.5,64.2,0.5442634389569982
6.374855503178282,2.3556652992633786,COTO,cotonou,6.352268,2.402957,5797.942976978689,21238.37353,9.0,100.0,109.0,570.0,10,13.443965673446655,295.6707173170827,0.9442076036677638,3.4439656734466553,-4.5193429665057506e-05,1.326047200069787,-4.329400184826971e-05,1.322776697607774,-0.00030306710137261285,0.013805973871727061,0,-1.0,5309.93976047948,0,8,1,7,1,32.0,71.0,220.0,18.4,1009.0,cotonou/COTO,241.37076977131866,72.1,58.3,0.6749772979821997
6.367663862038479,2.3883640990217017,COTO,cotonou,6.352268,2.402957,2346.397702915404,21238.37353,9.0,100.0,109.0,570.0,10,12.35819959640503,316.7111315885418,2.3585257482423865,2.3581995964050293,-0.0005691104800389286,0.7696493287199125,-0.0006498195727666219,0.7956078990001064,-0.0036178032557169595,0.1401051611544057,1,-1.0,-1.0,0,0,6,9,1,32.0,63.0,210.0,16.6,1010.0,cotonou/COTO,280.00176285154186,62.3,67.2,0.3220905648763016
6.381455766246042,2.3644052900807306,COTO,cotonou,6.352268,2.402957,5348.948974173871,21238.37353,9.0,100.0,109.0,570.0,10,13.453234672546387,307.30248824552024,1.023349499747739,3.4532346725463867,-4.725451797968404e-05,1.104154319387018,-7.5755917090928e-05,1.1011648802848115,-0.0012752084435939722,0.05391490899764579,1,-1.0,-1.0,0,0,6,6,1,34.0,32.0,222.0,5.4,1009.0,cotonou/COTO,367.6178566119935,55.8,78.2,0.3441376762090852
6.369768873543271,2.3907386479385853,COTO,cotonou,6.352268,2.402957,2360.749737517632,21238.37353,9.0,100.0,109.0,570.0,10,12.054167032241821,325.2455003443081,2.3515698148938218,2.0541670322418213,-0.0007062072710386128,0.6812760602197027,-0.0007121283331035096,0.7355164500253004,-0.0013224363327026367,0.049793115172025865,1,-1.0,-1.0,0,0,2,5,1,33.0,67.0,200.0,18.4,1012.0,cotonou/COTO,203.52690731203887,86.3,61.2,0.20710558347481067
6.382073434066874,2.375114732247458,COTO,cotonou,6.352268,2.402957,4511.4580081445665,21238.37353,9.0,100.0,109.0,570.0,10,12.519683361053467,317.12878015547136,1.2251188972432907,2.519683361053467,-0.00026209891237170493,1.1358245098538537,-0.0002470039926300693,1.1324053048159264,0.0015323960928718989,0.0619971208380569,1,-1.0,-1.0,0,0,1,1,1,34.0,32.0,222.0,5.4,1009.0,cotonou/COTO,217.8231826505345,64.4,70.5,0.8127430254817669
6.37242201285868,2.3576318925929205,COTO,cotonou,6.352268,2.402957,5487.686503934185,21238.37353,9.0,100.0,109.0,570.0,10,13.670392274856567,294.1067350415916,0.995216264381147,3.6703922748565674,-4.268520576883294e-06,1.3882956771769206,-1.1229643950591223e-05,1.3815908180120218,0.0006153715981377497,0.02961933415962507,0,-1.0,5223.749678093663,0,3,3,13,1,32.0,71.0,220.0,18.4,1009.0,cotonou/COTO,246.89454307456222,65.2,63.4,0.011226970728278163
6.354202118742159,2.3922266537227577,COTO,cotonou,6.352268,2.402957,1206.3230026559856,21238.37353,9.0,100.0,109.0,570.0,10,15.676355361938477,280.2801027632554,4.423709012006503,5.676355361938477,0.0016011088844237289,0.5450689264440995,0.0016072024789189575,0.5625835425298571,0.0027806379809274164,0.1022293969964869,1,-1.0,-1.0,0,0,7,9,1,31.0,71.0,240.0,9.4,1011.0,cotonou/COTO,330.452052195156,54.4,57.1,0.4425064185476574
6.372828404354073,2.357530931460648,COTO,cotonou,6.352268,2.402957,5516.266004021881,21238.37353,9.0,100.0,109.0,570.0,10,13.75718355178833,294.4878690975907,0.9891599216380468,3.75718355178833,9.092774944028958e-06,1.3816626973582433,-2.21971108238929e-06,1.3752693582536364,-0.0006953122836752451,0.023324920238343753,0,5262.009254337505,5239.899971756256,1,4,0,15,1,32.0,71.0,220.0,18.4,1009.0,cotonou/COTO,286.930169205042,72.1,65.2,0.8352738763491934
6.3613626100492615,2.4065151399698372,COTO,cotonou,6.352268,2.402957,1080.0544216118292,21238.37353,9.0,100.0,109.0,570.0,10,14.932105541229248,21.247410842798956,4.977644509901021,4.932105541229248,0.0011343649140110722,0.4647286593287043,0.001113073350050841,0.4573744563524822,0.00048655013251112066,0.01281309807235173,1,-1.0,-1.0,0,0,2,12,1,32.0,67.0,210.0,18.4,1012.0,cotonou/COTO,264.2872471383624,62.5,70.5,0.984918467881098
6.3590664320812715,2.3657323167098148,COTO,cotonou,6.352268,2.402957,4186.592327136887,21238.37353,9.0,100.0,109.0,570.0,10,13.122670888900757,280.4146666373114,1.3119037717992188,3.122670888900757,-0.00013268843564566746,0.7768161619066736,-0.00016759773934950852,0.7838949838766552,-0.0005279759565989176,0.05258206024357742,1,-1.0,-1.0,0,0,0,0,1,33.0,39.0,280.0,7.6,1012.0,cotonou/COTO,398.169857472909,61.3,55.2,0.6307778188712916
6.356447687035196,2.410773602001644,COTO,cotonou,6.352268,2.402957,980.6020927690968,21238.37353,9.0,100.0,109.0,570.0,10,15.447038173675537,61.71822333998085,5.449728907784974,5.447038173675537,0.0017631023776853464,0.5182636711333702,0.0018295176823933921,0.5409281339977725,0.0021359337700737847,0.09338052569158097,1,-1.0,-1.0,0,0,4,8,1,32.0,71.0,220.0,16.6,1011.0,cotonou/COTO,387.43452466200705,58.7,70.9,0.003675511881770177
6.354182297091415,2.3749122299699423,COTO,cotonou,6.352268,2.402957,3110.096939257295,21238.37353,9.0,100.0,109.0,570.0,10,14.432661533355713,273.93047924224305,1.7416307456340634,4.432661533355713,0.0002530938693036372,0.4099888547400626,0.0002531668675020806,0.4061457188147484,0.0021152602301703557,0.07802561691961712,1,-1.0,-1.0,0,0,5,5,1,33.0,63.0,210.0,13.0,1009.0,cotonou/COTO,267.64813860748006,78.1,56.3,0.5967221665596106
6.358769750688774,2.3967622124742483,COTO,cotonou,6.352268,2.402957,993.3491458183946,21238.37353,9.0,100.0,109.0,570.0,10,14.755845069885254,316.56168332906094,5.419723345884965,4.755845069885254,0.001028287878223494,0.43633818223762133,0.000874841811145334,0.4295672020822487,-0.0016627334667660804,0.05852697931032024,1,-1.0,-1.0,0,0,5,1,1,33.0,63.0,200.0,16.6,1009.0,cotonou/COTO,391.6664531205258,68.1,58.3,0.7912181364639772
6.374496333577168,2.3578799383724367,COTO,cotonou,6.352268,2.402957,5560.151441840826,21238.37353,9.0,100.0,109.0,570.0,10,13.796167135238647,296.39197636334245,0.98095256731659,3.7961671352386475,1.5981308448271927e-05,1.3257022987167029,-3.752417418826988e-07,1.3226236509578002,-0.0016851463721526585,0.05326348687780978,0,-1.0,4958.451686611557,0,2,1,4,1,31.5,72.0,200.0,11.2,1008.3,cotonou/COTO,315.24390842648114,63.4,72.1,0.69138338582867
6.362804809762653,2.3644438176135303,COTO,cotonou,6.352268,2.402957,4417.52997042684,21238.37353,9.0,100.0,109.0,570.0,10,11.590249300003052,285.39343583343486,1.2632089231117185,1.5902493000030518,-0.0004767437238950987,1.194893641094416,-0.00046423534698292526,1.2032092081996653,0.0006413050429565015,0.020640587177114686,1,-1.0,-1.0,0,0,3,2,1,33.0,39.0,280.0,7.6,1012.0,cotonou/COTO,239.71117558433022,63.0,60.2,0.5683095263877985
6.360313695156258,2.3730013497787708,COTO,cotonou,6.352268,2.402957,3431.6393007544257,21238.37353,9.0,100.0,109.0,570.0,10,13.01735258102417,285.1244869005976,1.6021401741039683,3.01735258102417,-0.00021589664631318554,0.8768502491204002,-0.0002013781811097409,0.883863367924115,-0.00017052888870239255,0.01717774328833184,0,3314.7297454181025,-1.0,5,0,3,11,1,32.4,63.0,230.0,7.6,1010.7,cotonou/COTO,370.9625978450856,53.0,62.1,0.9352129228576093
6.3580951512683574,2.376429410639908,COTO,cotonou,6.352268,2.402957,3004.922223589975,21238.37353,9.0,100.0,109.0,570.0,10,13.313671112060547,282.4647291143224,1.8238644736992473,3.313671112060547,-0.00012980868714083932,0.7079148724173553,-0.00012839538030772263,0.7138023029221097,-0.00011774573604525172,0.008419954152174908,1,-1.0,-1.0,0,0,3,8,1,32.4,63.0,230.0,7.6,1010.7,cotonou/COTO,281.94874002195616,63.8,59.2,0.5294680045838009
6.363631017893271,2.3613619991991217,COTO,cotonou,6.352268,2.402957,4770.522470189739,21238.37353,9.0,100.0,109.0,570.0,10,11.660123109817505,285.371783944132,1.168926538059202,1.6601231098175049,-0.0004290745023698209,1.2714146430913222,-0.000420751638903578,1.281726190793867,0.00021555248274010853,0.005062879744326884,1,-1.0,-1.0,0,0,2,0,1,30.1,50.0,198.0,11.1,1009.1,cotonou/COTO,370.6602309393415,61.3,67.2,0.8716984909803036
6.387833704054856,2.375160549450887,COTO,cotonou,6.352268,2.402957,4992.705034706176,21238.37353,9.0,100.0,109.0,570.0,10,13.331702947616577,322.1640948982834,1.0977453907634513,3.331702947616577,8.648353662193084e-06,0.9621688317978511,-0.000100582920352853,0.9564161613532876,-5.028049151102704e-05,0.04242903998519915,1,-1.0,-1.0,0,0,4,8,1,31.0,59.0,170.0,13.0,1007.0,cotonou/COTO,339.277088085809,66.1,64.0,0.26316786676159987
6.357130187194213,2.397915754188525,COTO,cotonou,6.352268,2.402957,774.7390068208646,21238.37353,9.0,100.0,109.0,570.0,10,15.139249801635742,314.1409239803176,6.907800943413421,5.139249801635742,0.0018573843184963748,0.46293518098474296,0.0016750021082250675,0.47531142075801913,0.0005309109044894635,0.027755142897177346,1,-1.0,-1.0,0,0,3,12,1,31.0,71.0,210.0,20.5,1010.0,cotonou/COTO,230.8079454871386,62.0,58.3,0.3837655309512711
6.360192275133004,2.404269778466098,COTO,cotonou,6.352268,2.402957,888.2840035051523,21238.37353,9.0,100.0,109.0,570.0,10,14.815669536590576,9.349624801938432,6.052430852589055,4.815669536590576,0.0012318645583258736,0.40453192235068297,0.0012611341973145802,0.4081365188356744,0.0014790574709574382,0.06876591967543208,1,-1.0,-1.0,0,0,6,6,1,31.0,75.0,210.0,18.4,1008.0,cotonou/COTO,273.96095269222405,66.4,64.4,0.24889233048944504
6.365655605201064,2.3660556333354164,COTO,cotonou,6.352268,2.402957,4342.8827405765305,21238.37353,9.0,100.0,109.0,570.0,10,11.476332783699036,290.0561575227853,1.286416400079651,1.4763327836990356,-0.000512521735028001,1.3446030740596495,-0.0005084866569155739,1.3584507226070266,-9.790129131740994e-05,0.005249763121163805,1,-1.0,-1.0,0,0,2,0,1,30.1,50.0,198.0,11.1,1009.1,cotonou/COTO,383.9926241478955,66.1,63.0,0.12081481018547013
6.3691712513266925,2.3905499180207825,COTO,cotonou,6.352268,2.402957,2319.176854191123,21238.37353,9.0,100.0,109.0,570.0,10,12.078321933746338,323.8904151437637,2.3930790527035914,2.078321933746338,-0.0007823117101518338,0.6769505562733702,-0.0007388330803859748,0.7083159933296506,-0.0031269301049355962,0.11251838336386166,1,-1.0,-1.0,0,0,1,0,1,33.0,67.0,200.0,18.4,1012.0,cotonou/COTO,281.07558431847417,86.3,70.8,0.28112190747253674
6.3741731084607425,2.39465134862607,COTO,cotonou,6.352268,2.402957,2590.875463879945,21238.37353,9.0,100.0,109.0,570.0,10,12.101269483566284,339.3525905761735,2.141863613537368,2.101269483566284,-0.0005940017524848605,1.0590532340976124,-0.0005755202532809364,1.0638966493660127,0.0015688254645095255,0.05540679586011734,1,-1.0,-1.0,0,0,1,4,1,33.0,67.0,190.0,20.5,1010.0,cotonou/COTO,361.2210155846181,82.1,76.9,0.9720394402701097
6.362000538596007,2.404541329092876,COTO,cotonou,6.352268,2.402957,1090.4815587635046,21238.37353,9.0,100.0,109.0,570.0,10,15.322994709014893,9.189929414678545,4.909897301644415,5.322994709014893,0.0015410766865353166,0.4476633736972849,0.001323181747371315,0.45959678446735946,0.0004716833432515463,0.04002896401045757,1,-1.0,-1.0,0,0,3,8,1,31.6,70.0,230.0,16.6,1013.0,cotonou/COTO,240.45018714908818,70.5,64.4,0.9411023820990625
6.370158126111231,2.39030101213955,COTO,cotonou,6.352268,2.402957,2423.8126951092854,21238.37353,9.0,100.0,109.0,570.0,10,11.916408777236938,324.8906787127977,2.2937037275606884,1.9164087772369385,-0.0007368652908890335,0.7456480125848824,-0.000722540019502501,0.7936866321158543,-9.491101889862229e-05,0.01696559898981091,1,-1.0,-1.0,0,0,0,0,1,33.0,67.0,200.0,18.4,1012.0,cotonou/COTO,137.85914006689853,84.9,86.3,0.7536147841070142
6.379612895817887,2.363450554858246,COTO,cotonou,6.352268,2.402957,5315.0199406982865,21238.37353,9.0,100.0,109.0,570.0,10,12.487627029418945,304.8577511419194,1.0402865938575323,2.4876270294189453,-0.0002283453941345215,1.142649285707618,-0.0002534479180305808,1.1412842747078054,-0.003527726067437066,0.1305416161999446,0,5038.085033968516,4793.104154938334,1,15,0,16,1,30.7,55.0,293.0,13.0,1011.4,cotonou/COTO,267.89890817251177,66.5,78.2,0.940189422022992
6.37116974055236,2.3907557101983112,COTO,cotonou,6.352268,2.402957,2488.3106491362773,21238.37353,9.0,100.0,109.0,570.0,10,12.117344856262207,327.3190226186151,2.2296913831674927,2.117344856262207,-0.000637191313370086,0.7327035237348549,-0.0006409360848221124,0.7703933757495889,-0.0001331143909030491,0.01830931388735046,1,-1.0,-1.0,0,0,2,10,1,33.0,67.0,190.0,20.5,1010.0,cotonou/COTO,322.1257484275571,82.1,84.9,0.7680452270692015
6.367116878293285,2.413054622319898,COTO,cotonou,6.352268,2.402957,1986.1087734467453,21238.37353,9.0,100.0,109.0,570.0,10,14.427341938018799,34.05188566587054,2.7261972953994635,4.427341938018799,0.0003583833352843327,0.4229970515417458,0.0002852315708836166,0.4244398062494208,-0.002334783463705352,0.08102177263193608,1,-1.0,-1.0,0,0,6,5,1,33.0,63.0,248.0,13.0,1011.0,cotonou/COTO,281.80230889756126,57.9,65.5,0.9699877363197138
6.354525216081561,2.374846868675126,COTO,cotonou,6.352268,2.402957,3120.1155301998983,21238.37353,9.0,100.0,109.0,570.0,10,14.514088153839111,274.62074815520043,1.734547958245499,4.514088153839111,0.0002594918397274158,0.4131383502351944,0.00027440141581889214,0.4093579853507844,0.0015776210361056857,0.058497091767023036,1,-1.0,-1.0,0,0,5,2,1,29.6,72.0,220.0,14.8,1010.1,cotonou/COTO,384.84357926308275,56.3,74.7,0.19260634345180838
6.368992078194536,2.400610390972679,COTO,cotonou,6.352268,2.402957,1867.6147265402906,21238.37353,9.0,100.0,109.0,570.0,10,13.044163703918457,352.0614581951635,2.9412031755938517,3.044163703918457,-0.0003507025027401232,0.6030837165430121,-0.00046180063207576294,0.622538192657628,-0.004260327809573199,0.12824092996198422,1,-1.0,-1.0,0,0,3,13,1,32.0,63.0,210.0,14.8,1011.0,cotonou/COTO,147.1577031622736,68.2,69.0,0.8926084405223372
6.356620811327161,2.4051718522893744,COTO,cotonou,6.352268,2.402957,540.1532653222606,21238.37353,9.0,100.0,109.0,570.0,10,15.077720165252686,26.825895427952332,9.8640135418325,5.0777201652526855,0.002538239364874906,0.6347572644287782,0.0015028822720205208,0.6045856276740436,-0.005995040270914356,0.1806731053411219,1,-1.0,-1.0,0,0,1,8,1,31.4,69.0,240.0,16.6,1010.7,cotonou/COTO,285.8934238489022,64.7,68.1,0.29889015977654465
6.374435383198353,2.357227250419209,COTO,cotonou,6.352268,2.402957,5622.071585711992,21238.37353,9.0,100.0,109.0,570.0,10,13.733470916748047,296.0034575540505,0.9707894359292163,3.733470916748047,4.694943732403665e-06,1.3339768533717808,-1.60252002247593e-05,1.327544071320353,-0.0016120493412017823,0.07359553902834651,0,-1.0,5306.60464302675,0,3,1,6,1,32.0,71.0,220.0,18.4,1009.0,cotonou/COTO,286.930169205042,65.2,72.1,0.7973949599816171
6.373914907833553,2.354909094284373,COTO,cotonou,6.352268,2.402957,5830.083498595829,21238.37353,9.0,100.0,109.0,570.0,10,13.260979652404785,294.3884116150971,0.9408010708861502,3.260979652404785,-7.624133020384698e-05,1.3446308052742575,-7.0001041689021e-05,1.3412262217964313,0.00034864686048477483,0.013561586083634123,0,5432.84334037487,5234.223261264391,2,26,0,0,1,31.0,63.0,210.0,16.6,1009.0,cotonou/COTO,234.58846199256698,58.6,58.3,0.5757857031059155
6.3675139337502955,2.390589746140108,COTO,cotonou,6.352268,2.402957,2171.3806518679444,21238.37353,9.0,100.0,109.0,570.0,10,12.788623094558716,321.1252199324709,2.537050588861764,2.788623094558716,-0.0004583030069209313,0.6026268690991888,-0.0005430221557617187,0.6421056525988604,-0.00367279847462972,0.18409095253284183,1,-1.0,-1.0,0,0,2,13,1,32.0,63.0,210.0,16.6,1010.0,cotonou/COTO,212.6801711490812,70.8,62.3,0.2259429354256579
6.356639638411687,2.404887231070377,COTO,cotonou,6.352268,2.402957,528.5190632742239,21238.37353,9.0,100.0,109.0,570.0,10,15.024523258209229,23.692827569132703,10.082335291520966,5.0245232582092285,0.002431084071581999,0.6246558011804215,0.001726268529891968,0.5916185799097764,-0.003327786922454834,0.15801469303999985,1,-1.0,-1.0,0,0,1,7,1,31.4,69.0,240.0,16.6,1010.7,cotonou/COTO,285.8934238489022,68.1,64.7,0.5903622841933365
6.377842367930804,2.3648031778068104,COTO,cotonou,6.352268,2.402957,5081.123144053074,21238.37353,9.0,100.0,109.0,570.0,10,13.094216108322144,303.999961990488,1.0813247539477817,3.0942161083221436,-0.00012015202466179344,1.1845153175644476,-0.00012360948146889636,1.181084709548369,-9.817006680109417e-05,0.028167412267668168,1,-1.0,-1.0,0,0,2,3,1,30.7,55.0,293.0,13.0,1011.4,cotonou/COTO,325.9584504197963,66.5,64.2,0.8318662069802071
6.364649377200038,2.372103451635439,COTO,cotonou,6.352268,2.402957,3677.981576626373,21238.37353,9.0,100.0,109.0,570.0,10,11.694947600364685,291.989526596064,1.515469429026151,1.694947600364685,-0.000547224682558259,1.243400413838027,-0.0005505249341328939,1.2643691870389018,-0.000550389289855957,0.028825435773933296,1,-1.0,-1.0,0,0,3,2,1,31.0,63.0,180.0,9.4,1011.0,cotonou/COTO,320.12677113920535,60.5,66.8,0.7104191111535698
6.353366310125293,2.40700287792458,COTO,cotonou,6.352268,2.402957,463.82329766789417,21238.37353,9.0,100.0,109.0,570.0,10,14.56515121459961,74.72258337720882,11.508176471919993,4.565151214599609,0.001907995215522769,0.3215133064447746,0.001578425919568097,0.32335053122083146,0.0004485487937927246,0.02317112711700884,1,-1.0,-1.0,0,0,1,7,1,31.5,68.0,230.0,13.0,1012.0,cotonou/COTO,286.83997943094687,75.4,71.6,0.7300817608145511
6.373941995391806,2.3573204890598163,COTO,cotonou,6.352268,2.402957,5589.176805814338,21238.37353,9.0,100.0,109.0,570.0,10,13.831717252731323,295.5442907570716,0.9754950076307782,3.8317172527313232,2.223276624492565e-05,1.3542079551949797,-9.560279989389636e-06,1.3508856264853646,-0.0022992181359065313,0.07534267322159587,1,-1.0,-1.0,0,0,1,3,1,32.0,71.0,220.0,18.4,1009.0,cotonou/COTO,286.930169205042,72.1,65.2,0.3968522079506337
6.358873555822003,2.410846137407634,COTO,cotonou,6.352268,2.402957,1138.1979894226572,21238.37353,9.0,100.0,109.0,570.0,10,15.010804653167725,49.88624976855692,4.720614155348554,5.010804653167725,0.001152608994527375,0.38868931927765593,0.0012157251437505089,0.3927208146066513,0.003151835335625542,0.11873217301229322,0,-1.0,1069.7692525836196,0,21,2,14,1,32.0,71.0,220.0,16.6,1011.0,cotonou/COTO,352.045035329285,58.7,68.1,0.7613740763413951
6.378975117519183,2.3652274440162757,COTO,cotonou,6.352268,2.402957,5113.506804926818,21238.37353,9.0,100.0,109.0,570.0,10,13.325892210006714,305.46238221249007,1.0718834005206794,3.325892210006714,-7.428834777594074e-05,1.155013620616621,-9.518891630374855e-05,1.1483562746900717,-0.000981740156809489,0.05162379349114031,1,-1.0,-1.0,0,0,1,11,1,30.7,55.0,293.0,13.0,1011.4,cotonou/COTO,325.9584504197963,64.2,66.5,0.5800427342483473
6.356776850401438,2.398213534881807,COTO,cotonou,6.352268,2.402957,723.9194743005648,21238.37353,9.0,100.0,109.0,570.0,10,15.120105743408203,313.72405415320804,7.389038433239866,5.120105743408203,0.0025176142175248523,0.4724778668264637,0.0018613606411681412,0.47963199739520596,0.0004841821948724251,0.03492866141069583,1,-1.0,-1.0,0,0,3,13,1,31.0,71.0,210.0,20.5,1010.0,cotonou/COTO,230.8079454871386,58.3,62.0,0.838458867020145
6.351664291038366,2.3918551045132475,COTO,cotonou,6.352268,2.402957,1230.1338172036656,21238.37353,9.0,100.0,109.0,570.0,10,14.511693954467773,266.86880966763323,4.392344571387875,4.511693954467773,0.0006542296913581166,0.29246717074483386,0.0005559818206323609,0.28532391624876935,-0.0009720663528304197,0.037126638168318835,1,-1.0,-1.0,0,0,1,1,1,31.0,66.0,250.0,7.6,1013.0,cotonou/COTO,229.63053738552546,73.7,54.4,0.39528691182838227
6.355354933746868,2.37372848973105,COTO,cotonou,6.352268,2.402957,3251.8180680007517,21238.37353,9.0,100.0,109.0,570.0,10,14.64737319946289,276.0674765585209,1.6619905745370862,4.647373199462891,0.0002875785215185323,0.43512682880541614,0.00030543560738320103,0.4318699340226885,0.0011893272399902343,0.05342836125558154,1,-1.0,-1.0,0,0,1,14,1,29.6,72.0,220.0,14.8,1010.1,cotonou/COTO,182.1212014017086,61.8,56.3,0.13487020435195207
6.376413587065051,2.3619014064615502,COTO,cotonou,6.352268,2.402957,5269.021536252632,21238.37353,9.0,100.0,109.0,570.0,10,12.816822290420532,300.61789077645653,1.045787743364445,2.8168222904205322,-0.0001685926408478708,1.234642613662535,-0.0001451617323057482,1.227780961821993,0.0015981773535410563,0.07370331727864081,0,-1.0,4719.945143697248,0,3,3,10,1,31.0,75.0,200.0,18.4,1008.0,cotonou/COTO,386.1779175456935,76.5,76.1,0.7390322485094919
6.362996954662049,2.376237104504451,COTO,cotonou,6.352268,2.402957,3185.4857762816,21238.37353,9.0,100.0,109.0,570.0,10,12.345313310623169,292.001122700477,1.737947507459685,2.345313310623169,-0.00042419879235953934,1.0641642600115946,-0.00046596321058862007,1.0776052605671118,-0.0016042550404866535,0.0731178576453717,1,-1.0,-1.0,0,0,3,8,1,31.0,63.0,180.0,9.4,1011.0,cotonou/COTO,398.79289324162653,60.5,65.7,0.6708909522855604
6.371872508443824,2.3896532861026634,COTO,cotonou,6.352268,2.402957,2620.4608703982294,21238.37353,9.0,100.0,109.0,570.0,10,11.94255816936493,326.00400115791734,2.1211692271287874,1.9425581693649292,-0.0006683459336107428,0.857828992574605,-0.0006535690611487872,0.8720474113994287,0.0005475328649456007,0.01743727494048138,1,-1.0,-1.0,0,0,0,16,1,33.0,67.0,190.0,20.5,1010.0,cotonou/COTO,271.69843466620387,73.3,84.9,0.6267402586864976
6.365402927814331,2.411385981310727,COTO,cotonou,6.352268,2.402957,1726.1631842227464,21238.37353,9.0,100.0,109.0,570.0,10,14.88814640045166,32.5282318844545,3.120723897953949,4.88814640045166,0.0006788246933071093,0.44398505904388297,0.0005500201384226481,0.43685460656632796,-0.002129864692687988,0.10678259417787812,1,-1.0,-1.0,0,0,2,4,1,32.0,63.0,180.0,14.8,1011.0,cotonou/COTO,381.8464534337698,67.6,65.5,0.30430228910652035
6.359809990514442,2.404510379085273,COTO,cotonou,6.352268,2.402957,851.576064840283,21238.37353,9.0,100.0,109.0,570.0,10,14.718585968017578,11.568436167285086,6.31771688479754,4.718585968017578,0.0012396528226824531,0.4224230162007698,0.001141026968597084,0.41456695221585455,0.0007490118344624837,0.04023864808681926,1,-1.0,-1.0,0,0,5,6,1,31.6,70.0,230.0,16.6,1013.0,cotonou/COTO,320.01321175851473,70.5,66.4,0.8715136790827641
6.382272570458473,2.3641754080365494,COTO,cotonou,6.352268,2.402957,5424.031959736159,21238.37353,9.0,100.0,109.0,570.0,10,13.538169622421265,307.90229519969705,1.0082896623499293,3.5381696224212646,-3.109057305267491e-05,1.0958404027072153,-0.00013747866332854263,1.0901337436402745,-0.006510400555529715,0.13038081929385914,1,-1.0,-1.0,0,0,3,3,1,34.0,32.0,222.0,5.4,1009.0,cotonou/COTO,196.14362722252218,55.8,70.4,0.4650820597981451
6.3627966539832,2.3766695417316335,COTO,cotonou,6.352268,2.402957,3132.835066717027,21238.37353,9.0,100.0,109.0,570.0,10,12.416964054107666,291.95080987558373,1.7658280835113576,2.416964054107666,-0.0004095325015840076,1.0405008806238225,-0.0004241987923595393,1.061009054550572,-0.0017358779907226563,0.08157255367154577,1,-1.0,-1.0,0,0,4,2,1,31.7,62.0,220.0,11.2,1010.7,cotonou/COTO,398.79289324162653,65.7,60.5,0.19645959152355075
6.3666309675689465,2.4093971560467162,COTO,cotonou,6.352268,2.402957,1740.8685723489868,21238.37353,9.0,100.0,109.0,570.0,10,14.467554569244385,24.018689463695864,3.1082161820728316,4.467554569244385,0.0004296966865237823,0.40362058858211053,0.00033696690804401174,0.40411293156927175,-0.0013337136096479216,0.04691404001041819,1,-1.0,-1.0,0,0,4,1,1,32.0,63.0,180.0,14.8,1011.0,cotonou/COTO,335.1905947367722,56.6,58.8,0.08729492590087706
6.372893413635547,2.3938416508094003,COTO,cotonou,6.352268,2.402957,2493.930583493541,21238.37353,9.0,100.0,109.0,570.0,10,12.144450426101685,336.28820913008246,2.2240501636782093,2.1444504261016846,-0.0006200559555538116,0.9592954051389418,-0.0005875102692742717,0.9677264301207171,0.00045509996740474907,0.024826530519538818,1,-1.0,-1.0,0,0,0,10,1,31.7,72.0,200.0,14.8,1010.3,cotonou/COTO,361.2210155846181,76.9,82.1,0.4933041325284293
6.372925724578068,2.402751410430557,COTO,cotonou,6.352268,2.402957,2284.6078929188775,21238.37353,9.0,100.0,109.0,570.0,10,12.223414182662964,359.43332374292623,2.4256140137831728,2.223414182662964,-0.0006422412343871543,0.798692331666976,-0.0006673089157782756,0.8229938826730364,-0.001265077336527751,0.040864692196871055,1,-1.0,-1.0,0,0,1,7,1,32.0,75.0,200.0,20.5,1010.0,cotonou/COTO,331.4609434005665,75.5,86.5,0.8304061960927864
6.35190060661986,2.3918769006105696,COTO,cotonou,6.352268,2.402957,1226.5820463540554,21238.37353,9.0,100.0,109.0,570.0,10,14.511693954467773,268.08977573869504,4.405013342362354,4.511693954467773,0.0006542296913581166,0.29324200230687403,0.0006332528683566308,0.2875685091631717,0.0001354853312174479,0.006377773047154138,1,-1.0,-1.0,0,0,2,4,1,31.0,71.0,240.0,9.4,1011.0,cotonou/COTO,229.63053738552546,54.4,73.7,0.4899967864758067
6.38180343998521,2.3690686772702305,COTO,cotonou,6.352268,2.402957,4972.509288900975,21238.37353,9.0,100.0,109.0,570.0,10,13.193758010864258,311.25138781885977,1.1037916464944704,3.193758010864258,-9.829464363502455e-05,1.1180283925830539,-3.134712340339777e-05,1.112971333288472,0.0045435587565104164,0.1700517621296419,1,-1.0,-1.0,0,0,7,8,1,34.0,32.0,222.0,5.4,1009.0,cotonou/COTO,218.89526468152152,61.3,58.1,0.8743110782449592
6.367440951565812,2.3875142528446576,COTO,cotonou,6.352268,2.402957,2394.725069677149,21238.37353,9.0,100.0,109.0,570.0,10,12.294059753417969,314.6727901496104,2.3125131488415476,2.2940597534179688,-0.0005887215336163839,0.8028021395888536,-0.0007157016776006682,0.8428933811321281,-0.0038632716246480288,0.07739114881926795,1,-1.0,-1.0,0,0,6,8,1,32.0,63.0,210.0,16.6,1010.0,cotonou/COTO,280.00176285154186,67.2,62.3,0.3296118215810194
6.360111476515514,2.4048910262151186,COTO,cotonou,6.352268,2.402957,893.3974280072651,21238.37353,9.0,100.0,109.0,570.0,10,14.740357398986816,13.769540959705012,6.022821095104718,4.740357398986816,0.001152328766710767,0.43129873862635704,0.0012662352708443798,0.42463547988145695,0.0021631019247529736,0.04846133844821455,1,-1.0,-1.0,0,0,5,5,1,31.6,70.0,230.0,16.6,1013.0,cotonou/COTO,320.01321175851473,70.5,66.4,0.7030857455227609
6.3757976469369835,2.362094351561909,COTO,cotonou,6.352268,2.402957,5216.321703417909,21238.37353,9.0,100.0,109.0,570.0,10,12.81812334060669,300.0899765717871,1.056336535630885,2.8181233406066895,-0.00016715123223136764,1.2638254122573491,-0.00015320592757913284,1.2568445390943126,0.0017035033964908962,0.06936429473022251,1,-1.0,-1.0,0,0,2,7,1,31.0,75.0,200.0,18.4,1008.0,cotonou/COTO,386.1779175456935,76.1,76.5,0.4464918864506905
6.360510342665501,2.3616456960206107,COTO,cotonou,6.352268,2.402957,4660.6717874409915,21238.37353,9.0,100.0,109.0,570.0,10,12.235427856445312,281.35364100134325,1.1894004608849487,2.2354278564453125,-0.00035930633871416256,0.9918805881541273,-0.0003209708014574153,0.9983210379832793,-0.0013388669183883699,0.05841089744621274,0,-1.0,4305.750889800194,0,5,1,2,1,33.0,48.0,210.0,9.4,1011.2,cotonou/COTO,243.7480135303034,68.1,61.2,0.4966493996409461
6.3797650366689265,2.3634180458871,COTO,cotonou,6.352268,2.402957,5327.562945667817,21238.37353,9.0,100.0,109.0,570.0,10,12.526562452316284,304.98484550165216,1.0374193229173716,2.526562452316284,-0.00022105411643839063,1.1383581602391923,-0.00023845531322337963,1.1342527505522781,-0.002034489313761393,0.09004186190335221,0,-1.0,4804.415482065165,0,11,0,14,1,31.8,31.0,20.0,11.2,1010.9,cotonou/COTO,367.6178566119935,78.2,55.8,0.06469813598831065
6.359271951020674,2.3798068503254046,COTO,cotonou,6.352268,2.402957,2675.8801363188027,21238.37353,9.0,100.0,109.0,570.0,10,13.49510145187378,286.93234612344946,2.044077310184784,3.4951014518737793,-7.847777119389286e-05,0.7686927982926257,-0.00011807252929010812,0.7744575704046409,-0.0009205436271140745,0.03874866529197582,1,-1.0,-1.0,0,0,0,2,1,31.9,70.0,220.0,18.4,1008.0,cotonou/COTO,331.6838992172874,70.7,65.8,0.470233340743353
6.357078156265228,2.405649624991298,COTO,cotonou,6.352268,2.402957,609.6860939955426,21238.37353,9.0,100.0,109.0,570.0,10,14.670733451843262,29.088776014473353,8.794940528025297,4.670733451843262,0.0015297492345174152,0.5902463625253798,0.0013546166997967343,0.5781885739160455,-0.0020817544725206163,0.07655280521498867,1,-1.0,-1.0,0,0,1,7,1,31.0,75.0,210.0,18.4,1008.0,cotonou/COTO,384.8115623263995,66.4,64.7,0.8311773205222022
6.352090543071985,2.412144837286406,COTO,cotonou,6.352268,2.402957,1016.7371501601592,21238.37353,9.0,100.0,109.0,570.0,10,14.9476957321167,91.1128172243316,5.285051176889205,4.947695732116699,0.0012271541418525636,0.3758650969632539,0.0013480563958485918,0.41500993647891854,0.0032824251386854384,0.13076662769535624,1,-1.0,-1.0,0,0,1,4,1,31.5,68.0,230.0,13.0,1012.0,cotonou/COTO,374.95826287725737,70.9,75.1,0.3236371200047613
6.3805793397269825,2.376264445394142,COTO,cotonou,6.352268,2.402957,4303.936566963802,21238.37353,9.0,100.0,109.0,570.0,10,12.203507423400879,316.86410515514325,1.2883776547949886,2.203507423400879,-0.00034472802998828056,1.1605399879453044,-0.00033114391919140403,1.1560749085603843,0.0010001023610432943,0.04482808105198308,1,-1.0,-1.0,0,0,2,0,1,32.1,54.0,211.0,13.0,1008.6,cotonou/COTO,333.1849486397105,70.5,81.4,0.5083984849663828
6.365716928914168,2.3632271362835957,COTO,cotonou,6.352268,2.402957,4640.4752524884025,21238.37353,9.0,100.0,109.0,570.0,10,11.53269636631012,288.8112940636856,1.2032483407325256,1.5326963663101196,-0.00046632508286985054,1.3639718704210835,-0.00046374511819989307,1.3739719049141956,6.000200907389468e-07,0.004313919194804132,1,-1.0,-1.0,0,0,1,0,1,30.1,50.0,198.0,11.1,1009.1,cotonou/COTO,329.2530191203894,61.3,60.2,0.05527833418021677
6.356959389093109,2.3762049705249515,COTO,cotonou,6.352268,2.402957,3004.9717875172087,21238.37353,9.0,100.0,109.0,570.0,10,13.96133041381836,280.00830783713565,1.81149791930263,3.9613304138183594,8.394025733368623e-05,0.5780143050561177,9.039318198669857e-05,0.5778573434005743,-0.000680323061875805,0.033722980684007,1,-1.0,-1.0,0,0,3,7,1,32.4,63.0,230.0,7.6,1010.7,cotonou/COTO,241.82719946273568,53.0,59.2,0.8976050118815904
6.385465856241439,2.3752646057064424,COTO,cotonou,6.352268,2.402957,4781.758086470533,21238.37353,9.0,100.0,109.0,570.0,10,13.308149576187134,320.34232934623844,1.1464418192982149,3.308149576187134,-6.185535517240094e-05,1.0215699116319306,-7.551594526188845e-05,1.015744702500564,0.0009836335976918537,0.04682879962546431,0,4503.860321926153,-1.0,2,0,1,8,1,31.0,59.0,170.0,13.0,1007.0,cotonou/COTO,285.70158014965295,70.2,66.1,0.2316067672662656
6.356993848209159,2.4113060008229055,COTO,cotonou,6.352268,2.402957,1061.3283095882034,21238.37353,9.0,100.0,109.0,570.0,10,15.482953071594238,60.336429376491196,5.035510273213516,5.482953071594238,0.0016231611424056289,0.4948449584234744,0.001520674897913347,0.502282711600453,-0.00046335061391194663,0.02554178336816574,1,-1.0,-1.0,0,0,3,8,1,32.0,71.0,220.0,16.6,1011.0,cotonou/COTO,390.090387602657,58.7,65.5,0.215261374660772
6.369128865765689,2.389519791818671,COTO,cotonou,6.352268,2.402957,2384.736547889671,21238.37353,9.0,100.0,109.0,570.0,10,11.875373482704163,321.6200897368466,2.3322313667283665,1.8753734827041626,-0.0007883880026226831,0.7738553851363352,-0.0007642597202363053,0.824124371652488,-0.0017610400915145873,0.07894702499428251,1,-1.0,-1.0,0,0,0,1,1,33.0,67.0,200.0,18.4,1012.0,cotonou/COTO,370.2078816016378,84.9,62.3,0.6066044482221499
6.363064721914435,2.3626352047241115,COTO,cotonou,6.352268,2.402957,4618.195628330274,21238.37353,9.0,100.0,109.0,570.0,10,11.620000004768372,285.08087458558776,1.207968815825926,1.6200000047683716,-0.0004518196196444744,1.2287896802643057,-0.00044570188237051683,1.2427456358723608,-2.3975637223985455e-05,0.0011836903333783898,1,-1.0,-1.0,0,0,4,9,1,33.0,48.0,210.0,9.4,1011.2,cotonou/COTO,272.838812854726,67.2,60.2,0.6358867177414859
6.381756202481087,2.36744216749715,COTO,cotonou,6.352268,2.402957,5106.22514947178,21238.37353,9.0,100.0,109.0,570.0,10,13.802610397338867,309.8793697050245,1.0680643089449287,3.802610397338867,1.8639174121165137e-05,1.1045866874472745,5.077968252585386e-05,1.1040369724008527,0.004920434410758818,0.17320825466327858,0,-1.0,5003.89598815972,0,2,3,6,1,34.0,32.0,222.0,5.4,1009.0,cotonou/COTO,327.77907193718073,61.3,68.0,0.11856249352306814
6.373003585125524,2.358691767284833,COTO,cotonou,6.352268,2.402957,5407.696023568655,21238.37353,9.0,100.0,109.0,570.0,10,13.865037441253662,295.2389608762055,1.0078727764250242,3.865037441253662,2.9106078665998522e-05,1.3778411221936002,2.4970514289376842e-05,1.3749062346794718,0.0012124094610593274,0.05252566724177487,1,-1.0,-1.0,0,0,0,5,1,31.5,72.0,200.0,11.2,1008.3,cotonou/COTO,246.89454307456222,63.4,65.2,0.4452475462395856
6.382939483131551,2.374135430612785,COTO,cotonou,6.352268,2.402957,4655.429454412643,21238.37353,9.0,100.0,109.0,570.0,10,12.65223479270935,316.9595185483853,1.1856118586212923,2.6522347927093506,-0.00022537535072391867,1.1215043320752063,-0.0002027035205835689,1.1180209897026594,0.0011113673271036662,0.038820560265944805,1,-1.0,-1.0,0,0,1,14,1,32.1,54.0,211.0,13.0,1008.6,cotonou/COTO,217.8231826505345,70.5,64.4,0.8534485627313457
6.35545658026577,2.3772094498555125,COTO,cotonou,6.352268,2.402957,2870.4557476524487,21238.37353,9.0,100.0,109.0,570.0,10,14.066983699798584,277.10418721066696,1.8942216210395504,4.066983699798584,0.00012499731447961594,0.4886782596970435,0.00015149789602578095,0.4874212461688754,0.0009490172068277995,0.04022657209906656,1,-1.0,-1.0,0,0,3,7,1,33.0,63.0,210.0,13.0,1009.0,cotonou/COTO,350.5649932608698,62.4,56.3,0.33350966169462926
6.371538058751183,2.4042484489334535,COTO,cotonou,6.352268,2.402957,2135.8202809095,21238.37353,9.0,100.0,109.0,570.0,10,13.030752897262573,3.8105262101057065,2.572752389755183,3.0307528972625732,-0.00031307339668273937,0.6119447973967133,-0.00038601491734272214,0.6331832838755485,-0.002868721132797252,0.09323150591155532,1,-1.0,-1.0,0,0,4,1,1,32.0,75.0,200.0,20.5,1010.0,cotonou/COTO,331.4609434005665,86.5,75.5,0.8531730289741294
6.364001675119151,2.3616665702529454,COTO,cotonou,6.352268,2.402957,4749.057572411092,21238.37353,9.0,100.0,109.0,570.0,10,11.680505156517029,285.9592639016679,1.1739626034974333,1.6805051565170288,-0.00042483989047804226,1.2883707357693284,-0.0004174196807252881,1.2929609199086876,0.00037631544691977756,0.011582553836047305,1,-1.0,-1.0,0,0,0,0,1,30.1,50.0,198.0,11.1,1009.1,cotonou/COTO,370.6602309393415,61.3,67.2,0.7280328995539839
6.383783858833738,2.367747704755769,COTO,cotonou,6.352268,2.402957,5227.018786180542,21238.37353,9.0,100.0,109.0,570.0,10,14.186752796173096,312.0099739135068,1.039178056698669,4.186752796173096,9.138311658586774e-05,1.1180893968311763,5.653363218240186e-05,1.1169509677401568,-0.0020140420461413756,0.06517987653543016,1,-1.0,-1.0,0,0,2,4,1,33.0,28.0,70.0,11.2,1010.0,cotonou/COTO,327.77907193718073,68.0,61.3,0.18703464598026132
6.361480919729124,2.3770202614916136,COTO,cotonou,6.352268,2.402957,3045.128255635157,21238.37353,9.0,100.0,109.0,570.0,10,12.887524604797363,289.6685701445916,1.8078094528205406,2.8875246047973633,-0.0002677996174182767,0.9235286135010949,-0.0002803399528791863,0.9355407076462157,-0.0008571956067273344,0.022778014705781134,1,-1.0,-1.0,0,0,3,18,1,31.7,62.0,220.0,11.2,1010.7,cotonou/COTO,353.12133962707986,65.7,63.8,0.33303276826016626
6.381645862265266,2.3668381280977746,COTO,cotonou,6.352268,2.402957,5150.121403833213,21238.37353,9.0,100.0,109.0,570.0,10,13.791329145431519,309.29937410928096,1.0590883743068416,3.7913291454315186,3.9919763633212e-05,1.1043392873018811,4.388769924412281e-05,1.1018280794706945,0.0037393093109130853,0.13811325077312747,1,-1.0,-1.0,0,0,1,11,1,34.0,32.0,222.0,5.4,1009.0,cotonou/COTO,290.9174264288137,55.8,61.3,0.7710075094500963
6.357149665331406,2.3978993386515195,COTO,cotonou,6.352268,2.402957,777.541607099986,21238.37353,9.0,100.0,109.0,570.0,10,15.139249801635742,314.1623184615609,6.883141500135713,5.139249801635742,0.0018455919188335264,0.46293518098474296,0.001668011024724658,0.47531142075801913,0.0004656607918189746,0.027755142897177346,1,-1.0,-1.0,0,0,3,12,1,31.0,71.0,210.0,20.5,1010.0,cotonou/COTO,230.8079454871386,58.3,62.0,0.6039840682980979
6.371241510888115,2.392551776341596,COTO,cotonou,6.352268,2.402957,2393.3072560378096,21238.37353,9.0,100.0,109.0,570.0,10,12.382416725158691,331.40882805845155,2.311769789621976,2.3824167251586914,-0.000562550135342394,0.6785496468544998,-0.0005614342348729888,0.7138486039188314,-0.0014770762347624067,0.04563048125068761,1,-1.0,-1.0,0,0,1,11,1,33.0,67.0,190.0,20.5,1010.0,cotonou/COTO,340.2779183256066,82.1,86.3,0.15761531212500224
6.371811672833378,2.3547364282227257,COTO,cotonou,6.352268,2.402957,5756.21050819748,21238.37353,9.0,100.0,109.0,570.0,10,13.228523254394531,292.188741594205,0.9531957106338941,3.2285232543945312,-8.306739230950679e-05,1.3675805191617316,-9.961403452025314e-05,1.3605590015424283,-0.0011253944578346025,0.022817023869010303,0,-1.0,5167.9004161772955,0,4,2,0,1,29.5,69.0,210.0,9.4,1009.5,cotonou/COTO,249.20674248494376,51.6,58.6,0.6016470104832597
6.382385344175365,2.37540622758954,COTO,cotonou,6.352268,2.402957,4514.88427211408,21238.37353,9.0,100.0,109.0,570.0,10,12.62464451789856,317.7263621254242,1.2228580658304598,2.6246445178985596,-0.0002449760236395727,1.1242356252086663,-0.00020533428732346347,1.1170782741455942,0.0018057664235432943,0.08221545991247231,1,-1.0,-1.0,0,0,1,4,1,32.1,54.0,211.0,13.0,1008.6,cotonou/COTO,342.02592664884946,70.5,70.2,0.18030655044327426
6.37840049836503,2.365012223023993,COTO,cotonou,6.352268,2.402957,5096.666180067926,21238.37353,9.0,100.0,109.0,570.0,10,13.26243543624878,304.72290816719703,1.076137451469144,3.2624354362487793,-8.716784271539428e-05,1.1690074399619765,-0.000142203223127032,1.162252468414208,-0.003213473705410826,0.07190522402466212,1,-1.0,-1.0,0,0,2,4,1,30.7,55.0,293.0,13.0,1011.4,cotonou/COTO,325.9584504197963,66.5,64.2,0.6289096854434582
6.35686932284752,2.3763976420753106,COTO,cotonou,6.352268,2.402957,2982.26162155788,21238.37353,9.0,100.0,109.0,570.0,10,14.04482364654541,279.8897836423066,1.8236808658420076,4.04482364654541,0.00011261073748270669,0.5731678738295499,8.422806372050365e-05,0.57289605527236,0.00011091430981953953,0.06294936650076066,1,-1.0,-1.0,0,0,1,7,1,31.5,70.0,236.0,9.3,1011.4,cotonou/COTO,243.1128071492526,59.2,56.3,0.017331724565486817
6.364712410233225,2.371911551067738,COTO,cotonou,6.352268,2.402957,3700.2823207261595,21238.37353,9.0,100.0,109.0,570.0,10,11.664621710777283,291.9672205439866,1.5068095132170454,1.6646217107772827,-0.000549024119172045,1.2525958922690563,-0.0005566151658435448,1.26325960152582,-0.0009371825379620997,0.030871708079815298,1,-1.0,-1.0,0,0,4,4,1,31.0,63.0,180.0,9.4,1011.0,cotonou/COTO,320.12677113920535,60.5,66.8,0.7804558146940532
6.379479170564913,2.377033669361117,COTO,cotonou,6.352268,2.402957,4157.093390326417,21238.37353,9.0,100.0,109.0,570.0,10,11.950038433074951,316.56681299949827,1.3373631060484776,1.9500384330749512,-0.00042133165492142416,1.173536983792244,-0.0004013940797629931,1.1718385862481808,0.0007817844549814861,0.03686130688476193,1,-1.0,-1.0,0,0,0,6,1,31.0,63.0,200.0,16.6,1007.0,cotonou/COTO,333.1849486397105,81.4,70.5,0.04437827842019615
6.373073097827329,2.356877829482324,COTO,cotonou,6.352268,2.402957,5593.255438869918,21238.37353,9.0,100.0,109.0,570.0,10,13.641688346862793,294.43513625359276,0.9767298481820769,3.641688346862793,-3.0470266162342727e-05,1.3718544531095862,-1.746350915764167e-05,1.3652321694430598,-0.0009028275807698568,0.046792171686470756,0,5436.3304365769745,5234.56971934319,2,6,0,9,1,31.0,63.0,210.0,16.6,1009.0,cotonou/COTO,396.8541073241009,58.3,65.2,0.7237092386128293
6.368383362198952,2.3996466382093824,COTO,cotonou,6.352268,2.402957,1819.4096319212754,21238.37353,9.0,100.0,109.0,570.0,10,12.936678886413574,348.46168312784,3.0223632377603358,2.936678886413574,-0.0005056782990320583,0.6199594916904508,-0.0004904897124679,0.6585149192277664,-0.004283154010772705,0.21247613806951435,1,-1.0,-1.0,0,0,0,16,1,32.0,63.0,210.0,14.8,1011.0,cotonou/COTO,311.79147214124436,68.2,66.0,0.15126016106342544
6.366985750215836,2.4111412448244574,COTO,cotonou,6.352268,2.402957,1862.5312205914552,21238.37353,9.0,100.0,109.0,570.0,10,14.409856796264648,28.92712744501148,2.907314361258723,4.409856796264648,0.00037188643500918453,0.4256287551566052,0.00036062014599641176,0.42460805182715333,-0.0005604161156548393,0.020773079932268426,1,-1.0,-1.0,0,0,4,4,1,32.0,63.0,180.0,14.8,1011.0,cotonou/COTO,382.5959232662903,65.5,56.6,0.5419111298958526
6.355078266980039,2.3981884914230522,COTO,cotonou,6.352268,2.402957,612.3196484794621,21238.37353,9.0,100.0,109.0,570.0,10,15.376606464385986,300.6674002902252,8.693171881778166,5.376606464385986,0.00286660039758481,0.5148776806578701,0.0026667038599650066,0.5844832640404363,0.0037135283152262373,0.1686373547217074,1,-1.0,-1.0,0,0,3,12,1,31.0,71.0,210.0,20.5,1010.0,cotonou/COTO,221.7167693252332,62.1,62.0,0.26815582743117927
6.368546200168244,2.3982270649623536,COTO,cotonou,6.352268,2.402957,1874.693953991455,21238.37353,9.0,100.0,109.0,570.0,10,13.047422885894775,343.89259479770084,2.930016633418601,3.0474228858947754,-0.00034897806783201833,0.6077130409018431,-0.0005867733099521735,0.6734739190851118,-0.005448144674301148,0.26816419942550446,1,-1.0,-1.0,0,0,0,8,1,32.0,63.0,210.0,14.8,1011.0,cotonou/COTO,322.2748851523748,68.2,73.4,0.4275996635126865
6.385397981043248,2.38341701203105,COTO,cotonou,6.352268,2.402957,4254.037629253299,21238.37353,9.0,100.0,109.0,570.0,10,14.904884815216064,329.6240529570289,1.2671194934823984,4.9048848152160645,0.0002901849935491686,0.9857363883197824,0.0002544205706977148,0.9940083605868473,0.00019551748433096748,0.04539917977253874,1,-1.0,-1.0,0,0,0,8,1,33.0,41.0,50.0,9.4,1007.0,cotonou/COTO,266.4578062283396,75.6,64.8,0.783580022178615
6.362147315502375,2.364233624100776,COTO,cotonou,6.352268,2.402957,4421.443069094865,21238.37353,9.0,100.0,109.0,570.0,10,11.722682118415833,284.39932161748936,1.260375995752711,1.7226821184158325,-0.0004469165125408688,1.1516092071619384,-0.00044718922391412554,1.1605618138818128,1.1347263995781438e-05,0.010143221834734853,1,-1.0,-1.0,0,0,1,0,1,33.0,48.0,210.0,9.4,1011.2,cotonou/COTO,255.36031896131075,60.2,61.3,0.46040264566214684
6.368928776668717,2.396880223837368,COTO,cotonou,6.352268,2.402957,1961.3153215498148,21238.37353,9.0,100.0,109.0,570.0,10,12.462451934814453,340.07524811848106,2.817871099996893,2.462451934814453,-0.0007157978591443583,0.6532565881663055,-0.0006553284093445421,0.710157904410026,-0.0015602886676788332,0.08373545877005055,1,-1.0,-1.0,0,0,2,5,1,32.0,63.0,210.0,14.8,1011.0,cotonou/COTO,256.52289722354817,73.4,86.5,0.3154606927912704
6.36991095071485,2.3897495292724873,COTO,cotonou,6.352268,2.402957,2437.632475859081,21238.37353,9.0,100.0,109.0,570.0,10,11.850809931755066,323.35189753539527,2.2822531364208856,1.850809931755066,-0.0007545453261553756,0.7927277338556417,-0.0007607836326636058,0.8167225958452788,-0.0010563916781281752,0.03337694549057575,1,-1.0,-1.0,0,0,0,0,1,32.0,63.0,210.0,16.6,1010.0,cotonou/COTO,370.2078816016378,62.3,84.9,0.6377970983907727
6.372479591918385,2.3569452771933617,COTO,cotonou,6.352268,2.402957,5559.7472118101305,21238.37353,9.0,100.0,109.0,570.0,10,13.617720365524292,293.84762993233556,0.9828623118844494,3.617720365524292,-1.5998399385841945e-05,1.3791026549446774,-3.9103991408025954e-05,1.375510001542993,-0.0007646870473125784,0.0441843356415775,0,5426.045876055176,5225.493872422748,2,3,0,12,1,31.0,63.0,210.0,16.6,1009.0,cotonou/COTO,309.1504439589486,58.6,65.2,0.7600278676395428
6.363414799885749,2.4164684171059108,COTO,cotonou,6.352268,2.402957,1937.591946269215,21238.37353,9.0,100.0,109.0,570.0,10,15.0607328414917,50.30330382853157,2.775668191922925,5.060732841491699,0.0006682558712904985,0.4052772654473889,0.000549698892339784,0.39920271809389196,-0.003024805449442041,0.08900941293122827,1,-1.0,-1.0,0,0,6,2,1,33.0,63.0,248.0,13.0,1011.0,cotonou/COTO,374.3070762089054,65.7,61.6,0.11379534183157014
6.363281322610903,2.3606689097731004,COTO,cotonou,6.352268,2.402957,4834.654119385974,21238.37353,9.0,100.0,109.0,570.0,10,11.659311890602112,284.68637121901014,1.1534345636144814,1.6593118906021118,-0.0004213332394023,1.2645267949715557,-0.00041365564454427345,1.2693922102197501,0.0005180573596575111,0.016052079556673787,0,4582.748293526183,4592.436979136175,1,2,1,2,1,34.0,44.0,220.0,14.8,1010.0,cotonou/COTO,275.55065323816524,65.7,67.2,0.8302055536694777
6.3626295337664605,2.3630430971990903,COTO,cotonou,6.352268,2.402957,4562.293071877946,21238.37353,9.0,100.0,109.0,570.0,10,11.672189116477966,284.6409902629237,1.2221106762840597,1.6721891164779663,-0.0004433120517689158,1.2041597875041734,-0.0004517234222220953,1.211794430166128,-0.0005789901098823129,0.015588091456990439,1,-1.0,-1.0,0,0,2,9,1,29.0,75.0,200.0,13.0,1010.0,cotonou/COTO,358.1586621876183,61.2,60.2,0.825310329337201
6.36723914318977,2.3867448584109985,COTO,cotonou,6.352268,2.402957,2440.9920822142108,21238.37353,9.0,100.0,109.0,570.0,10,12.157124280929565,312.89823270471487,2.271936743984925,2.1571242809295654,-0.0007122009935202041,0.8562866645054585,-0.0006518532359410846,0.8914977703505448,-0.002348172664642334,0.11076617028068886,1,-1.0,-1.0,0,0,5,10,1,32.0,63.0,210.0,16.6,1010.0,cotonou/COTO,280.00176285154186,67.2,62.3,0.014286234015898791
6.378327224217058,2.362394928993329,COTO,cotonou,6.352268,2.402957,5333.329783875032,21238.37353,9.0,100.0,109.0,570.0,10,12.191673994064331,302.88241532649954,1.0398943382891483,2.191673994064331,-0.00029725769557636413,1.1892465591374892,-0.00031378242704603403,1.1879083281338338,-0.00401611328125,0.14972900466851768,0,-1.0,5087.504964177385,0,5,1,5,1,31.0,75.0,200.0,18.4,1008.0,cotonou/COTO,316.153254609243,76.1,78.2,0.4553148769816452
6.35540188365638,2.373532901615937,COTO,cotonou,6.352268,2.402957,3273.884606760674,21238.37353,9.0,100.0,109.0,570.0,10,14.677647590637207,276.11842301418193,1.6502653067556479,4.677647590637207,0.00029413822925452026,0.4342859872474427,0.0003098856702667261,0.43262711684406413,0.0010170835180288622,0.02742378127079599,1,-1.0,-1.0,0,0,0,16,1,31.5,70.0,236.0,9.3,1011.4,cotonou/COTO,363.9073676088481,59.2,61.8,0.9921300288877061
6.352553512312256,2.3743233752536685,COTO,cotonou,6.352268,2.402957,3168.1970642665474,21238.37353,9.0,100.0,109.0,570.0,10,14.055699825286865,270.5764032835041,1.71652203783658,4.055699825286865,9.09370383098111e-05,0.3555577558879442,8.572185481036153e-05,0.3566598108649485,-0.0019986629486083984,0.0922908934417125,1,-1.0,-1.0,0,0,2,0,1,33.0,63.0,210.0,13.0,1009.0,cotonou/COTO,135.44729233169025,74.7,78.1,0.7133067243745412
6.383621834154597,2.368254326093602,COTO,cotonou,6.352268,2.402957,5173.355266806107,21238.37353,9.0,100.0,109.0,570.0,10,14.15497875213623,312.2761536777625,1.0503068959640427,4.1549787521362305,9.180943974343625e-05,1.1182140765755737,8.017508188883463e-05,1.117567231730421,-3.8969516754150374e-05,0.010037857981302523,1,-1.0,-1.0,0,0,2,4,1,33.0,28.0,70.0,11.2,1010.0,cotonou/COTO,319.62025483378403,68.0,58.1,0.28670682000139225
6.353082532067407,2.3746595180069785,COTO,cotonou,6.352268,2.402957,3132.1426484292374,21238.37353,9.0,100.0,109.0,570.0,10,14.1331205368042,271.66052803797487,1.7348541282590997,4.133120536804199,0.00011531393943677533,0.36432432150132843,0.00012334536911913906,0.3636601186862463,-0.0007065335909525554,0.03453375502872438,1,-1.0,-1.0,0,0,6,0,1,29.6,72.0,220.0,14.8,1010.1,cotonou/COTO,267.64813860748006,56.3,78.1,0.8712629500397592
6.355993750675348,2.392429297182604,COTO,cotonou,6.352268,2.402957,1235.5125563416586,21238.37353,9.0,100.0,109.0,570.0,10,15.681592464447021,289.6007452165011,4.319355685146525,5.6815924644470215,0.001567143674880739,0.6695676342930172,0.0015628889964727313,0.6728695715876094,0.001292212074612031,0.04615678372368744,1,-1.0,-1.0,0,0,2,11,1,32.6,66.0,210.0,11.2,1010.9,cotonou/COTO,267.5192114597196,58.2,57.1,0.9155924353877092
6.369085079788841,2.400594956973643,COTO,cotonou,6.352268,2.402957,1878.0371149458965,21238.37353,9.0,100.0,109.0,570.0,10,13.044163703918457,352.05353945637273,2.9249090439139045,3.044163703918457,-0.0003507025027401232,0.6030837165430121,-0.00044363926618527143,0.6398359204853302,-0.003015573819478353,0.13730690836508647,1,-1.0,-1.0,0,0,3,13,1,32.0,63.0,210.0,14.8,1011.0,cotonou/COTO,390.0382688916548,69.0,86.5,0.04785278591273867
6.366377214033131,2.40069402480198,COTO,cotonou,6.352268,2.402957,1580.2686457284758,21238.37353,9.0,100.0,109.0,570.0,10,13.417769193649292,350.9432047283576,3.4613068349217375,3.417769193649292,-0.00019066884794405922,0.5457726843202476,-0.00016309449166962593,0.5632928295090572,-7.372697194417317e-05,0.010040691213730083,1,-1.0,-1.0,0,0,3,9,1,32.0,63.0,210.0,14.8,1011.0,cotonou/COTO,311.79147214124436,68.2,66.0,0.9569421553693073
6.36099228595802,2.395657978179085,COTO,cotonou,6.352268,2.402957,1258.1711840287896,21238.37353,9.0,100.0,109.0,570.0,10,13.68650221824646,320.25725475334474,4.332200739836733,3.68650221824646,-2.889381844405128e-05,0.3835114302585147,-8.845694666776658e-05,0.4055033737707909,-0.0032370149541220365,0.0997029480041981,1,-1.0,-1.0,0,0,3,8,1,31.0,71.0,210.0,20.5,1010.0,cotonou/COTO,391.6664531205258,58.3,68.1,0.9121158094999183
6.3700775368804825,2.3634834710956363,COTO,cotonou,6.352268,2.402957,4790.85631698854,21238.37353,9.0,100.0,109.0,570.0,10,11.963806509971619,294.41889047684043,1.1603362491814684,1.9638065099716187,-0.0003529852328858896,1.466677566237459,-0.0003327376067393111,1.462946740772209,0.002368177307976617,0.0902167517787705,1,-1.0,-1.0,0,0,0,0,1,32.0,71.0,220.0,18.4,1009.0,cotonou/COTO,319.6896352714521,78.0,78.0,0.41501475219297024
6.357145219174235,2.3755321374725984,COTO,cotonou,6.352268,2.402957,3081.8525837824563,21238.37353,9.0,100.0,109.0,570.0,10,13.979772567749023,280.14658508890807,1.7659942160128814,3.9797725677490234,8.827868402968717e-05,0.5864239485643954,2.8989201500302287e-05,0.5890883220796316,-0.0020162794325086805,0.09977286432543586,1,-1.0,-1.0,0,0,5,6,1,31.5,70.0,236.0,9.3,1011.4,cotonou/COTO,241.82719946273568,59.2,53.0,0.42279167971505793
6.381671278258784,2.368504787237478,COTO,cotonou,6.352268,2.402957,5010.219725659706,21238.37353,9.0,100.0,109.0,570.0,10,13.464126348495483,310.6561728161445,1.0923950203135344,3.4641263484954834,-4.618227342393347e-05,1.113581054554624,8.955787860982778e-06,1.1090372091316991,0.005632318165624807,0.1744558505541232,1,-1.0,-1.0,0,0,3,14,1,30.7,45.0,199.0,11.1,1008.8,cotonou/COTO,218.89526468152152,58.1,61.3,0.41938164714682047
6.354026162473426,2.415230132254839,COTO,cotonou,6.352268,2.402957,1371.7532663678187,21238.37353,9.0,100.0,109.0,570.0,10,15.435822486877441,81.79730342065159,3.9019715533013506,5.435822486877441,0.0012693442930407314,0.5277967649814386,0.0013140597619928785,0.5395282880161125,0.0024353933519541435,0.044570286358501,1,-1.0,-1.0,0,0,0,6,1,32.0,67.0,210.0,18.4,1012.0,cotonou/COTO,331.6003083532061,69.85,58.1,0.142227357910779
6.354814280759636,2.3735353993782513,COTO,cotonou,6.352268,2.402957,3267.3711788284127,21238.37353,9.0,100.0,109.0,570.0,10,14.717916488647461,274.9783587496286,1.6528476901370246,4.717916488647461,0.0003086532141562892,0.4119121055517894,0.00031884604388171127,0.4094438200878901,0.00043812327914767796,0.022923035653145327,1,-1.0,-1.0,0,0,0,8,1,29.6,72.0,220.0,14.8,1010.1,cotonou/COTO,377.7671008703886,61.8,74.7,0.16932918834238475
6.370092933334434,2.391309852927918,COTO,cotonou,6.352268,2.402957,2355.052100416097,21238.37353,9.0,100.0,109.0,570.0,10,12.19890308380127,327.0011174897922,2.3537372992521415,2.1989030838012695,-0.0006363241984371393,0.6450225895556401,-0.0006524190981201675,0.6962256028816911,-0.0009110629558563233,0.04818218612648383,1,-1.0,-1.0,0,0,4,4,1,32.0,63.0,210.0,16.6,1010.0,cotonou/COTO,292.9664112146319,61.2,84.9,0.40783838450570153
6.356103088450684,2.374794595044658,COTO,cotonou,6.352268,2.402957,3144.624358459297,21238.37353,9.0,100.0,109.0,570.0,10,14.288313865661621,277.8036040750994,1.725147200054456,4.288313865661621,0.00018157362604155503,0.5061391379850271,0.00012121060339215066,0.5028568496993627,-0.0025154799332437086,0.04164498118618115,1,-1.0,-1.0,0,0,4,9,1,29.6,72.0,220.0,14.8,1010.1,cotonou/COTO,275.910366967215,56.3,53.0,0.41408019178037314
6.366143451940385,2.414055546592373,COTO,cotonou,6.352268,2.402957,1965.293405791788,21238.37353,9.0,100.0,109.0,570.0,10,14.6177978515625,38.48224625093235,2.7494877959985144,4.6177978515625,0.00042008707082828424,0.4072057584207441,0.00036869738616195384,0.4051077835460104,-0.0019475499788920085,0.10584611884129064,1,-1.0,-1.0,0,0,3,5,1,32.0,63.0,180.0,14.8,1011.0,cotonou/COTO,281.80230889756126,65.5,57.9,0.5799706551499167
6.377887194342077,2.3643256833947537,COTO,cotonou,6.352268,2.402957,5127.833439539728,21238.37353,9.0,100.0,109.0,570.0,10,12.919009923934937,303.7167285143257,1.073434070338223,2.9190099239349365,-0.00015656866873492426,1.1872115538837735,-0.0001734824998300659,1.1807910451112538,-0.002372712559170193,0.08898666759816856,1,-1.0,-1.0,0,0,1,2,1,31.8,31.0,20.0,11.2,1010.9,cotonou/COTO,284.78369054431397,78.2,64.2,0.769457117237656
6.375118801416749,2.3574256935162357,COTO,cotonou,6.352268,2.402957,5635.799363722344,21238.37353,9.0,100.0,109.0,570.0,10,13.625103950500488,296.7954584629717,0.969526607687925,3.6251039505004883,-1.479788731940089e-05,1.3050169312820876,-2.7300600419964645e-05,1.2986597605752326,-0.0008872588475545246,0.03845587606778529,1,-1.0,-1.0,0,0,0,4,1,31.5,72.0,200.0,11.2,1008.3,cotonou/COTO,324.64606281298086,77.1,72.1,0.8835852298285953
6.384934779584821,2.3735348025914997,COTO,cotonou,6.352268,2.402957,4862.794068865825,21238.37353,9.0,100.0,109.0,570.0,10,12.917526006698608,318.1693281113555,1.1319426494236526,2.9175260066986084,-0.00016144487267866697,1.0692825429580062,-0.00017833318175468268,1.066161782444737,-0.000609329545833409,0.032304690064258165,0,-1.0,4687.382659568059,0,5,2,8,1,31.0,59.0,170.0,13.0,1007.0,cotonou/COTO,348.5682791075882,70.2,62.5,0.6194896205415021
6.386691852199643,2.373971141254751,COTO,cotonou,6.352268,2.402957,4977.594508566285,21238.37353,9.0,100.0,109.0,570.0,10,13.452208042144775,320.07798207439515,1.0996904158069953,3.4522080421447754,-4.925861136363988e-05,1.012254176304644,-4.0833486451043055e-05,1.0073286170329332,0.0012065860960218642,0.04467712760352707,1,-1.0,-1.0,0,0,7,12,1,31.8,57.0,210.0,13.0,1008.6,cotonou/COTO,358.8872214220909,62.5,66.1,0.7380729659505976
6.3834152259963854,2.3741699733451465,COTO,cotonou,6.352268,2.402957,4691.303536328971,21238.37353,9.0,100.0,109.0,570.0,10,12.755687713623047,317.4334294288046,1.1752851649153058,2.755687713623047,-0.00020197531220259935,1.1085861697003434,-0.00019450202772888954,1.1051813982098608,0.0004845778147379557,0.018926697346684437,1,-1.0,-1.0,0,0,0,15,1,34.0,32.0,222.0,5.4,1009.0,cotonou/COTO,262.7208442434569,64.4,70.2,0.16023932381186612
6.356221260300358,2.410839840270343,COTO,cotonou,6.352268,2.402957,975.5969185037852,21238.37353,9.0,100.0,109.0,570.0,10,15.505800724029541,63.223961964616876,5.474098788300726,5.505800724029541,0.0018169790807396474,0.5560774472688738,0.001968062529126289,0.5739957365084787,0.001410667429512217,0.06210340687361517,1,-1.0,-1.0,0,0,5,9,1,32.0,71.0,220.0,16.6,1011.0,cotonou/COTO,387.43452466200705,58.7,70.9,0.07126558198268163
6.377960763154783,2.3621272530869715,COTO,cotonou,6.352268,2.402957,5336.587656663226,21238.37353,9.0,100.0,109.0,570.0,10,12.377795696258545,302.34298070116387,1.0372620219588886,2.377795696258545,-0.0002537083489663031,1.196741663473312,-0.00023581067721048987,1.1920109764222488,-0.000724567307366265,0.042854647338439855,0,-1.0,5058.528981165743,0,3,1,11,1,31.8,31.0,20.0,11.2,1010.9,cotonou/COTO,316.153254609243,78.2,76.1,0.7040160196596658
6.362129343048775,2.359777794017006,COTO,cotonou,6.352268,2.402957,4900.218098382511,21238.37353,9.0,100.0,109.0,570.0,10,11.725147366523743,282.94398691365507,1.1372364385882061,1.7251473665237427,-0.0004028138348726722,1.1974487642318459,-0.00041325859855854215,1.2043620398444244,-0.0008581608009179823,0.03328144021047606,1,-1.0,-1.0,0,0,1,3,1,29.0,75.0,200.0,13.0,1010.0,cotonou/COTO,326.8907597349128,61.2,65.7,0.4643146710981402
6.362758962052881,2.364782142092532,COTO,cotonou,6.352268,2.402957,4380.089255186416,21238.37353,9.0,100.0,109.0,570.0,10,11.57414197921753,285.45897270562324,1.2742138014014917,1.5741419792175293,-0.00048713105261397353,1.1786061426354417,-0.00046948241340013147,1.1974615603575367,0.0003605664513508951,0.01279186949439631,1,-1.0,-1.0,0,0,3,7,1,33.0,48.0,210.0,9.4,1011.2,cotonou/COTO,239.71117558433022,60.2,63.0,0.5897860245475427
6.357114664669097,2.376421690272985,COTO,cotonou,6.352268,2.402957,2984.392492572816,21238.37353,9.0,100.0,109.0,570.0,10,13.90418815612793,280.41501857084666,1.8250768791345704,3.9041881561279297,6.573224067687987e-05,0.5964338398993119,-2.211293363882824e-06,0.6013919615767319,-0.0009957691033681232,0.10555869545458911,1,-1.0,-1.0,0,0,1,11,1,31.5,70.0,236.0,9.3,1011.4,cotonou/COTO,281.94874002195616,59.2,63.8,0.08451364925038107
6.381107768555652,2.3632733335546643,COTO,cotonou,6.352268,2.402957,5426.63138733093,21238.37353,9.0,100.0,109.0,570.0,10,12.79792308807373,306.17839228452664,1.015620055965513,2.7979230880737305,-0.0001698350228704983,1.1144319781760352,-0.00020259977073791766,1.1088106979660106,-0.0029496378584442325,0.0545793724013971,0,5089.505990522795,4948.130824119385,1,17,2,11,1,31.8,31.0,20.0,11.2,1010.9,cotonou/COTO,277.57990849483264,70.4,78.2,0.38889257773919594
6.3676091855462245,2.3902045975739616,COTO,cotonou,6.352268,2.402957,2206.5705246333873,21238.37353,9.0,100.0,109.0,570.0,10,12.681814193725586,320.43933784382443,2.4994100374292265,2.681814193725586,-0.0004617915497169837,0.6361532091870991,-0.0005627065374140154,0.6776813942635106,-0.0034286181131998696,0.15742521011940797,1,-1.0,-1.0,0,0,5,9,1,32.0,63.0,210.0,16.6,1010.0,cotonou/COTO,212.6801711490812,70.8,62.3,0.4330120570097753
6.370787747333551,2.3901553146666163,COTO,cotonou,6.352268,2.402957,2490.1058594325295,21238.37353,9.0,100.0,109.0,570.0,10,11.910059690475464,325.51207865497946,2.232847813801946,1.9100596904754639,-0.0007219613946873208,0.7801518818720827,-0.0006914602035937156,0.8204062763036203,4.990376545711235e-05,0.012987672108157586,1,-1.0,-1.0,0,0,2,5,1,33.0,67.0,200.0,18.4,1012.0,cotonou/COTO,137.85914006689853,86.3,84.9,0.7667333335131736
6.371049085785441,2.3515203527157245,COTO,cotonou,6.352268,2.402957,6058.039753542669,21238.37353,9.0,100.0,109.0,570.0,10,13.252984046936035,290.17581396501384,0.9054815452838973,3.252984046936035,-7.207653122890474e-05,1.3376292060698265,-6.328779318498149e-05,1.331103423866023,0.0019750561874853877,0.06215265867590597,0,5438.881381938108,5171.793456932219,6,9,3,7,1,29.5,69.0,210.0,9.4,1009.5,cotonou/COTO,399.9159167874965,51.6,61.5,0.8643071424506172
6.355262462106493,2.406455722117359,COTO,cotonou,6.352268,2.402957,509.41843162856924,21238.37353,9.0,100.0,109.0,570.0,10,15.01555347442627,49.26600109547178,10.45316185555869,5.0155534744262695,0.0025658079222136854,0.5395827696238527,0.002176869124696966,0.5234633981414569,-0.0007527404361300998,0.03387331962585449,1,-1.0,-1.0,0,0,4,6,1,31.4,69.0,240.0,16.6,1010.7,cotonou/COTO,299.4984878091749,64.7,71.6,0.5209314316757797
6.382021523478809,2.3647356448285355,COTO,cotonou,6.352268,2.402957,5358.040797676042,21238.37353,9.0,100.0,109.0,570.0,10,13.713271617889404,308.07316298510915,1.0188335887214128,3.7132716178894043,1.1694941884756817e-06,1.0968866464970755,-9.839138061653017e-05,1.091723381804009,-0.004455287559389896,0.06654909748458164,1,-1.0,-1.0,0,0,6,2,1,31.8,31.0,20.0,11.2,1010.9,cotonou/COTO,367.6178566119935,78.2,55.8,0.8536795380451493
6.354247391960614,2.374927187939886,COTO,cotonou,6.352268,2.402957,3108.9441871305553,21238.37353,9.0,100.0,109.0,570.0,10,14.432661533355713,274.06580074237036,1.7422761195157128,4.432661533355713,0.00025670865122794697,0.41212862115130555,0.00025316686750208057,0.40826191018731683,0.0020410776138305663,0.09955195794639933,1,-1.0,-1.0,0,0,6,5,1,29.6,72.0,220.0,14.8,1010.1,cotonou/COTO,267.64813860748006,56.3,78.1,0.3755778891003959
6.357971478620995,2.3764284368395354,COTO,cotonou,6.352268,2.402957,3002.1246259601958,21238.37353,9.0,100.0,109.0,570.0,10,13.413018465042114,282.2077924329178,1.8236688038129865,3.4130184650421143,-9.702078186639466e-05,0.6913851986696414,-0.00012782696095301125,0.6992858486896495,-0.0015227241222518291,0.0650250217282432,1,-1.0,-1.0,0,0,3,9,1,32.4,63.0,230.0,7.6,1010.7,cotonou/COTO,281.94874002195616,63.8,59.2,0.5781580232304507
6.348841191741731,2.3831840916431877,COTO,cotonou,6.352268,2.402957,2220.2734968458362,21238.37353,9.0,100.0,109.0,570.0,10,12.968969821929932,260.1094149192504,2.47660730343747,2.9689698219299316,-0.00033375754610939665,0.4353500414897332,-0.00039391894089548207,0.47162138413051213,-0.003729918267991808,0.13862715854627525,1,-1.0,-1.0,0,0,6,5,1,32.0,71.0,200.0,18.4,1008.0,cotonou/COTO,255.0899788310412,63.1,65.8,0.5283384918594954
6.370248656206293,2.3911154352818396,COTO,cotonou,6.352268,2.402957,2381.2515965857224,21238.37353,9.0,100.0,109.0,570.0,10,12.121613025665283,326.7952005143529,2.329725795353002,2.121613025665283,-0.0006543362012949609,0.675967793855734,-0.000672082009354258,0.7236115502538111,-0.0014772574106852213,0.06482313885957638,1,-1.0,-1.0,0,0,2,1,1,32.0,63.0,210.0,16.6,1010.0,cotonou/COTO,292.9664112146319,61.2,84.9,0.5022158826020154
6.370877111885327,2.390134635266205,COTO,cotonou,6.352268,2.402957,2499.538223618444,21238.37353,9.0,100.0,109.0,570.0,10,11.910059690475464,325.5975961576671,2.2244303242219723,1.9100596904754639,-0.0007587696497599707,0.8007096535157714,-0.0007131096560714964,0.8209157488305752,-0.0005634973880800107,0.025980940525658924,1,-1.0,-1.0,0,0,2,8,1,33.0,67.0,200.0,18.4,1012.0,cotonou/COTO,137.85914006689853,84.9,86.3,0.1594116650184455
6.360123731569207,2.362590592770509,COTO,cotonou,6.352268,2.402957,4549.838239346825,21238.37353,9.0,100.0,109.0,570.0,10,12.364523649215698,281.081384128483,1.2167405329809968,2.3645236492156982,-0.0002946953522842196,0.9273307363117772,-0.00026935585259759966,0.9386317157506158,0.0007995730152176336,0.018918718880987135,1,-1.0,-1.0,0,0,1,13,1,33.0,48.0,210.0,9.4,1011.2,cotonou/COTO,363.6499594390807,60.2,68.1,0.9023371160107879
6.364617778587915,2.4102079479582197,COTO,cotonou,6.352268,2.402957,1583.9264628034732,21238.37353,9.0,100.0,109.0,570.0,10,15.133718013763428,30.264018396982294,3.391482636070413,5.133718013763428,0.0008976936965355033,0.4571277924155442,0.0006885129100180303,0.4519217077325511,-0.003205997290369044,0.06065305701499304,1,-1.0,-1.0,0,0,2,6,1,32.0,63.0,180.0,14.8,1011.0,cotonou/COTO,343.10493220009766,67.6,58.8,0.1527676510616215
6.381951160928659,2.3692553772573217,COTO,cotonou,6.352268,2.402957,4967.732161366605,21238.37353,9.0,100.0,109.0,570.0,10,13.337520360946655,311.55019392183164,1.1031953440251367,3.3375203609466553,-7.41909785443042e-05,1.118650922744926,-3.1342014433845665e-05,1.113433017605407,0.003465686241785685,0.15599948043761547,1,-1.0,-1.0,0,0,9,7,1,33.0,28.0,70.0,11.2,1010.0,cotonou/COTO,319.62025483378403,68.0,58.1,0.9630927414335189
6.36722625719527,2.40075,COTO,cotonou,6.352268,2.402957,1672.127126099648,21238.37353,9.0,100.0,109.0,570.0,10,13.491542100906372,351.65795412172014,3.269064956030771,3.491542100906372,-0.00012977406255673918,0.5541590960137587,-9.766568944287515e-05,0.5635116899588775,0.0004328359765639941,0.01744364609521032,1,-1.0,-1.0,0,0,3,8,1,32.0,63.0,210.0,14.8,1011.0,cotonou/COTO,305.25,69.0,66.0,0.6522701108107924
6.369546272979029,2.4054661953654657,COTO,cotonou,6.352268,2.402957,1930.8298997189759,21238.37353,9.0,100.0,109.0,570.0,10,14.008097648620605,8.212565718128474,2.8165351912235996,4.0080976486206055,0.00015441344334529,0.4597229335528563,0.00010873642726917175,0.46430664744517786,-0.0009944260120391846,0.04706593881309298,1,-1.0,-1.0,0,0,4,9,1,32.0,75.0,200.0,20.5,1010.0,cotonou/COTO,258.69668668155117,68.0,75.5,0.17780241700426402
6.3670662997104825,2.35690092345527,COTO,cotonou,6.352268,2.402957,5351.942759406409,21238.37353,9.0,100.0,109.0,570.0,10,11.698197603225708,287.9185707479743,1.0415598119157217,1.698197603225708,-0.0003744868487674457,1.4148410991245601,-0.0003509970220632536,1.4159263807896403,0.0009335597356160481,0.05183420848232801,1,-1.0,-1.0,0,0,3,0,1,30.0,49.0,140.0,14.8,1008.0,cotonou/COTO,350.56675056255096,78.69999999999999,78.8,0.9932722008778124
6.383396229892889,2.37285959279951,COTO,cotonou,6.352268,2.402957,4789.400662616412,21238.37353,9.0,100.0,109.0,570.0,10,12.876397848129272,316.1434097528069,1.1497758898986852,2.8763978481292725,-0.0001730403304100037,1.1221862902678583,-0.00017307511082401985,1.1153476193078764,0.0002904037634531657,0.016728974126152596,0,-1.0,4434.2747617811265,0,3,2,8,1,34.0,32.0,222.0,5.4,1009.0,cotonou/COTO,268.94546398849457,64.4,53.4,0.4512371065915224
6.373413701147125,2.3893615553031227,COTO,cotonou,6.352268,2.402957,2780.4566185906715,21238.37353,9.0,100.0,109.0,570.0,10,12.021279335021973,327.4229568887986,1.9975927008866208,2.0212793350219727,-0.0006031018181784902,0.8795857969612118,-0.0006050477529826917,0.9024203411075173,-0.00036662817001342773,0.014111005096045551,1,-1.0,-1.0,0,0,0,2,1,33.0,67.0,190.0,20.5,1010.0,cotonou/COTO,256.9667980498637,73.3,81.4,0.20828080335973642
6.388178451571959,2.375562466154244,COTO,cotonou,6.352268,2.402957,4995.691290722979,21238.37353,9.0,100.0,109.0,570.0,10,12.960497856140137,322.83405176981796,1.1013451549424111,2.9604978561401367,-0.00014900071416310438,0.9632194375030984,-0.0002551005907077526,0.9621800035144863,-0.005953081448872884,0.28739021246074486,1,-1.0,-1.0,0,0,4,9,1,31.0,59.0,170.0,13.0,1007.0,cotonou/COTO,339.277088085809,66.1,64.0,0.4364078251051384
6.3626151204949455,2.3638070960193147,COTO,cotonou,6.352268,2.402957,4480.117119408422,21238.37353,9.0,100.0,109.0,570.0,10,11.668901681900024,284.89418552352,1.2445621150966164,1.6689016819000244,-0.00044583156072701283,1.1905601444545186,-0.0004572398307197193,1.1988506898579085,-5.101931863622413e-06,0.013673135882332937,1,-1.0,-1.0,0,0,0,2,1,33.0,48.0,210.0,9.4,1011.2,cotonou/COTO,255.36031896131075,60.2,61.3,0.18522323826775444
6.366089128052344,2.362157824486641,COTO,cotonou,6.352268,2.402957,4765.732676224438,21238.37353,9.0,100.0,109.0,570.0,10,11.532804489135742,288.82430765854645,1.1716310823539768,1.5328044891357422,-0.0004563146094681168,1.3840534957494952,-0.000450358035401528,1.3923624117878248,-0.0001220756106906467,0.004626585445441291,1,-1.0,-1.0,0,0,0,0,1,30.0,49.0,140.0,14.8,1008.0,cotonou/COTO,364.4114954279447,78.69999999999999,61.3,0.6732374182115035
6.35773935547496,2.3801157573839387,COTO,cotonou,6.352268,2.402957,2598.579552607772,21238.37353,9.0,100.0,109.0,570.0,10,13.491674423217773,283.55221404100826,2.1049045366670773,3.4916744232177734,-9.974961581507638e-05,0.6565731030471053,-9.826077950581181e-05,0.6729245535725712,-0.0011916359265645344,0.06707385322796466,1,-1.0,-1.0,0,0,5,9,1,33.0,63.0,210.0,13.0,1009.0,cotonou/COTO,346.04950975268054,62.4,70.7,0.9057074679313973
6.380779597603568,2.3665379717610726,COTO,cotonou,6.352268,2.402957,5116.346327270738,21238.37353,9.0,100.0,109.0,570.0,10,13.331273078918457,308.2307403398913,1.071228417363527,3.331273078918457,-4.24312310899743e-05,1.1170912453474378,-3.7771245188336385e-05,1.1116471255324105,0.0027448574701944986,0.14742655931019447,1,-1.0,-1.0,0,0,0,9,1,30.7,55.0,293.0,13.0,1011.4,cotonou/COTO,238.87705477918232,66.5,61.3,0.5074981277875596
6.381985322233249,2.363367012009164,COTO,cotonou,6.352268,2.402957,5475.932890212952,21238.37353,9.0,100.0,109.0,570.0,10,13.076323509216309,307.0654352939543,1.003565943653366,3.0763235092163086,-0.00011487576045190911,1.0921765572216022,-0.00013858167974798523,1.086481975317992,-0.0022026717662811278,0.10795276510295698,0,5069.9017941450575,5036.980353923336,1,4,3,8,1,31.8,31.0,20.0,11.2,1010.9,cotonou/COTO,344.11074176779897,70.4,66.5,0.04855270089801089
6.359751294771345,2.3954292078395913,COTO,cotonou,6.352268,2.402957,1174.1108211158087,21238.37353,9.0,100.0,109.0,570.0,10,14.013197898864746,315.0072101628058,4.625215813758325,4.013197898864746,6.536406849137383e-05,0.4311054770667123,-9.224989327281094e-06,0.4406255790597647,-0.005287935108215301,0.14838360782367066,1,-1.0,-1.0,0,0,5,6,1,33.0,63.0,200.0,16.6,1009.0,cotonou/COTO,204.60464730791253,68.1,56.5,0.825383276442467
6.387107447871944,2.3746284889496216,COTO,cotonou,6.352268,2.402957,4966.619596541228,21238.37353,9.0,100.0,109.0,570.0,10,13.499140739440918,321.0600179677512,1.1015786177673599,3.499140739440918,-1.4611256471906764e-05,0.985043397959334,-6.607711632478899e-05,0.9805086049946728,5.0045118570286916e-05,0.09666085254199674,1,-1.0,-1.0,0,0,4,11,1,31.0,59.0,170.0,13.0,1007.0,cotonou/COTO,285.70158014965295,70.2,66.1,0.9156032799767317
6.366011007697851,2.360163879357877,COTO,cotonou,6.352268,2.402957,4972.543550220743,21238.37353,9.0,100.0,109.0,570.0,10,11.536910653114319,287.90999285477454,1.12286774156684,1.5369106531143188,-0.00043575695278719737,1.380517591022098,-0.00043392687562912233,1.388174086220661,-0.00018761422899034287,0.008448992968533527,1,-1.0,-1.0,0,0,0,0,1,30.0,49.0,140.0,14.8,1008.0,cotonou/COTO,377.7002335187451,78.69999999999999,67.2,0.1580721435247474
6.380143095110798,2.3656776988606874,COTO,cotonou,6.352268,2.402957,5149.190205675648,21238.37353,9.0,100.0,109.0,570.0,10,13.29633092880249,306.9589922588126,1.0647858841307787,3.2963309288024902,-7.704889449444898e-05,1.1274282032394836,-7.984734129631655e-05,1.1211614134164212,-5.365610122680664e-05,0.0059653179519400835,1,-1.0,-1.0,0,0,0,3,1,34.0,32.0,222.0,5.4,1009.0,cotonou/COTO,238.87705477918232,61.3,66.5,0.9897694446894946
6.357109472024567,2.397933212256025,COTO,cotonou,6.352268,2.402957,771.7585361615021,21238.37353,9.0,100.0,109.0,570.0,10,15.139249801635742,314.1180001572419,6.934219083842774,5.139249801635742,0.0018732984839993233,0.46293518098474296,0.0016861826583144564,0.47531142075801913,0.0006352627053237604,0.027755142897177346,1,-1.0,-1.0,0,0,3,11,1,31.0,71.0,210.0,20.5,1010.0,cotonou/COTO,230.8079454871386,58.3,62.0,0.6292628776304653
6.372331383617529,2.3923576390393753,COTO,cotonou,6.352268,2.402957,2509.6110246050853,21238.37353,9.0,100.0,109.0,570.0,10,12.39099907875061,332.2993152403737,2.2045472866449356,2.3909990787506104,-0.0005247368528652147,0.7614276696860703,-0.0005066991795048299,0.7834112940720784,6.13689022936978e-05,0.011866840492278069,1,-1.0,-1.0,0,0,2,1,1,33.0,67.0,190.0,20.5,1010.0,cotonou/COTO,363.2414581239478,81.4,82.1,0.6862703330080163
6.373828404164927,2.3909408064794415,COTO,cotonou,6.352268,2.402957,2729.912465465317,21238.37353,9.0,100.0,109.0,570.0,10,12.314165592193604,331.0188794588897,2.028407787594807,2.3141655921936035,-0.0005098084599255725,0.8177708661566597,-0.0005264251064193478,0.8367536177633619,-0.0005153246282437583,0.015465172429147094,1,-1.0,-1.0,0,0,1,4,1,33.0,67.0,190.0,20.5,1010.0,cotonou/COTO,357.773164030067,81.4,84.9,0.1044142321666468
6.355454860742831,2.3924754860379593,COTO,cotonou,6.352268,2.402957,1212.0464693642539,21238.37353,9.0,100.0,109.0,570.0,10,15.735607147216797,287.01076287145884,4.400117473511732,5.735607147216797,0.0016492810675768348,0.6382208058115513,0.0016534090042114255,0.6578053740333274,0.0017859299977620443,0.08114883190650583,1,-1.0,-1.0,0,0,0,13,1,32.6,66.0,210.0,11.2,1010.9,cotonou/COTO,330.452052195156,57.1,54.4,0.12847234834577315
6.363144844597993,2.3621089935861592,COTO,cotonou,6.352268,2.402957,4676.7308756867005,21238.37353,9.0,100.0,109.0,570.0,10,11.626654505729675,285.00090201967583,1.1927724521140841,1.6266545057296753,-0.0004442867200459147,1.2392430564337131,-0.0004381838478619537,1.252047641720344,9.881522920396591e-05,0.0036344503304721705,1,-1.0,-1.0,0,0,2,7,1,33.0,48.0,210.0,9.4,1011.2,cotonou/COTO,272.838812854726,67.2,60.2,0.4193389243454362
6.365934666062558,2.4170808736359577,COTO,cotonou,6.352268,2.402957,2173.9633645505196,21238.37353,9.0,100.0,109.0,570.0,10,14.483123302459717,45.76502887582319,2.4894669131423592,4.483123302459717,0.00034224976894828323,0.41019398480303565,0.0002787697050306531,0.41414427126140696,-0.002679189046223958,0.1203308992493772,1,-1.0,-1.0,0,0,4,10,1,33.0,63.0,248.0,13.0,1011.0,cotonou/COTO,337.6225164292086,57.9,61.6,0.7638086607965444
6.373622637724223,2.3898378408337115,COTO,cotonou,6.352268,2.402957,2771.9643941235663,21238.37353,9.0,100.0,109.0,570.0,10,12.031816244125366,328.59404979506604,2.0034900408515175,2.031816244125366,-0.0006317327957881626,0.8537791389458895,-0.0006021276691503693,0.8780133368977581,-0.0007627238829930623,0.040978476951102794,1,-1.0,-1.0,0,0,1,8,1,33.0,67.0,190.0,20.5,1010.0,cotonou/COTO,256.9667980498637,73.3,81.4,0.43294378948655554
6.357068186374988,2.3764213243021652,COTO,cotonou,6.352268,2.402957,2983.513644339501,21238.37353,9.0,100.0,109.0,570.0,10,13.90418815612793,280.31716979818276,1.8256141249947768,3.9041881561279297,6.573224067687987e-05,0.5919232652596107,8.422806372050365e-05,0.5910089835169393,0.0012084345022837322,0.05652097150930995,1,-1.0,-1.0,0,0,0,10,1,32.4,63.0,230.0,7.6,1010.7,cotonou/COTO,281.94874002195616,63.8,59.2,0.9337848917372333
6.3520244439254965,2.3736584804150516,COTO,cotonou,6.352268,2.402957,3241.717602173394,21238.37353,9.0,100.0,109.0,570.0,10,13.900843620300293,269.52239488087884,1.6803493368687927,3.900843620300293,5.9282014129358605e-05,0.35001249885417685,3.940031581099828e-05,0.35221419121909403,-0.0015625588700924947,0.05129012524605908,1,-1.0,-1.0,0,0,0,6,1,33.0,63.0,210.0,13.0,1009.0,cotonou/COTO,377.7671008703886,74.7,61.8,0.01013056632260334
6.367062576114048,2.4131104584590015,COTO,cotonou,6.352268,2.402957,1984.6368462316723,21238.37353,9.0,100.0,109.0,570.0,10,14.427341938018799,34.29626610391193,2.728216155181682,4.427341938018799,0.0003583833352843328,0.42387872515292035,0.000304024476631015,0.4248568587198064,-0.0014249801635742186,0.05795554164573978,1,-1.0,-1.0,0,0,6,6,1,33.0,63.0,248.0,13.0,1011.0,cotonou/COTO,281.80230889756126,57.9,65.5,0.9393085390099908
6.357451861290128,2.3744218815357434,COTO,cotonou,6.352268,2.402957,3208.7514223985736,21238.37353,9.0,100.0,109.0,570.0,10,13.730933427810669,280.36026988873334,1.700634182539991,3.730933427810669,7.4585650197441865e-06,0.6037287471728374,-8.747172451797223e-05,0.6123303798920042,-0.0034441614765238666,0.11040603214662245,1,-1.0,-1.0,0,0,5,11,1,32.4,63.0,230.0,7.6,1010.7,cotonou/COTO,241.82719946273568,53.0,59.2,0.04851501702061667
6.380467756355379,2.3652425677864297,COTO,cotonou,6.352268,2.402957,5209.245005955057,21238.37353,9.0,100.0,109.0,570.0,10,13.296738862991333,306.95833973669556,1.0525087883030482,3.296738862991333,-7.769123165946909e-05,1.1211681394468511,-5.1362043406736566e-05,1.1149260782465367,0.0012299280021671906,0.02170830485027014,0,5063.093843463333,5052.654474713923,1,1,0,4,1,30.7,55.0,293.0,13.0,1011.4,cotonou/COTO,344.11074176779897,66.5,70.4,0.17320838737364652
6.3700403140234965,2.3979167844409974,COTO,cotonou,6.352268,2.402957,2042.981755879571,21238.37353,9.0,100.0,109.0,570.0,10,12.198230266571045,344.2596168365322,2.7127935491568915,2.198230266571045,-0.0007288701292397319,0.7867871235410325,-0.0007524709474472773,0.8161186144918989,-0.002293512556287977,0.08427668284080163,1,-1.0,-1.0,0,0,1,1,1,32.0,63.0,210.0,14.8,1011.0,cotonou/COTO,280.5468730889592,68.2,86.5,0.7903172984548346
6.356616175827547,2.3919704992611384,COTO,cotonou,6.352268,2.402957,1307.2023783836978,21238.37353,9.0,100.0,109.0,570.0,10,15.66183853149414,291.7140927120949,4.0841586454935515,5.661838531494141,0.00148094477075519,0.6924536497397314,0.0012215787330471949,0.6837178777262559,-0.0017337935337583261,0.05114530030119725,1,-1.0,-1.0,0,0,3,4,1,32.6,66.0,210.0,11.2,1010.9,cotonou/COTO,267.5192114597196,57.1,58.2,0.40524527193128823
6.363465865100894,2.3634636887521094,COTO,cotonou,6.352268,2.402957,4541.604366505282,21238.37353,9.0,100.0,109.0,570.0,10,11.620000004768372,285.92525955694634,1.2283342500066112,1.6200000047683716,-0.0004576735590633595,1.2457475215975007,-0.00045002260249414497,1.2593759992396842,6.572504838307699e-05,0.0037019313547914058,1,-1.0,-1.0,0,0,1,6,1,30.1,50.0,198.0,11.1,1009.1,cotonou/COTO,329.2530191203894,61.3,60.2,0.8183508132564399
6.34599358277841,2.4011587471282207,COTO,cotonou,6.352268,2.402957,721.8358971334281,21238.37353,9.0,100.0,109.0,570.0,10,12.03823709487915,195.89932672139332,7.650552087506468,2.0382370948791504,-0.0022250057856241863,0.5048791094741816,-0.0026052406830710034,0.5765862900842532,-0.006077463642794832,0.19086976835015565,1,-1.0,-1.0,0,0,2,6,1,31.0,71.0,180.0,18.4,1010.0,cotonou/COTO,393.11085268658167,75.8,69.1,0.650212252335374
6.384602157605469,2.3721222450050496,COTO,cotonou,6.352268,2.402957,4942.087748992123,21238.37353,9.0,100.0,109.0,570.0,10,12.77942180633545,316.5385511747455,1.1153862233413792,2.779421806335449,-0.0001824653042219881,1.102087156346531,-0.00022305955589957944,1.0960843952790669,-0.0015360745684693349,0.024345466142307474,1,-1.0,-1.0,0,0,2,8,1,31.8,57.0,210.0,13.0,1008.6,cotonou/COTO,161.07626082067793,62.5,53.4,0.2827986947406861
6.347996718135158,2.3814440640570704,COTO,cotonou,6.352268,2.402957,2426.6297290829893,21238.37353,9.0,100.0,109.0,570.0,10,10.995618462562561,258.70390190090166,2.312749788221766,0.995618462562561,-0.0011157913463105882,0.8795106695449496,-0.0010889048078452728,0.963322937390609,0.0,0.0,1,-1.0,-1.0,0,0,0,0,1,32.0,71.0,200.0,18.4,1008.0,cotonou/COTO,210.16260561769036,65.8,59.0,0.9958530029893279
6.373539937422298,2.357396468518621,COTO,cotonou,6.352268,2.402957,5562.637155740826,21238.37353,9.0,100.0,109.0,570.0,10,13.843920469284058,295.1660943027112,0.9800225848588653,3.8439204692840576,1.8945575672455003e-05,1.3665986574711642,1.3620971787905834e-05,1.3606424118176859,-0.0006458441416422526,0.03569682798326081,0,-1.0,5373.128475084324,0,3,0,1,1,32.0,71.0,220.0,18.4,1009.0,cotonou/COTO,286.930169205042,72.1,65.2,0.5551427471266922
6.352603194333183,2.3736329473088302,COTO,cotonou,6.352268,2.402957,3244.6406432042845,21238.37353,9.0,100.0,109.0,570.0,10,13.944464683532715,270.6605698779833,1.6780667800766331,3.944464683532715,7.262178881817275e-05,0.3505923845779985,6.240942782149459e-05,0.3521164450756828,-0.0007976410863848806,0.025997357648864343,1,-1.0,-1.0,0,0,1,15,1,29.6,72.0,220.0,14.8,1010.1,cotonou/COTO,377.7671008703886,61.8,74.7,0.8196487255344818
6.366505664718277,2.40928834041324,COTO,cotonou,6.352268,2.402957,1723.3060359981123,21238.37353,9.0,100.0,109.0,570.0,10,14.467554569244385,23.842835471639205,3.1398295374269636,4.467554569244385,0.00046368233632717746,0.40559910745284994,0.00038365721702575677,0.4032614107422378,-0.0007306257883707681,0.035720352947721995,1,-1.0,-1.0,0,0,5,3,1,32.0,63.0,180.0,14.8,1011.0,cotonou/COTO,335.1905947367722,56.6,58.8,0.14225231654544612
6.358113729558852,2.37642955692566,COTO,cotonou,6.352268,2.402957,3005.347635395278,21238.37353,9.0,100.0,109.0,570.0,10,13.313671112060547,282.5032844605363,1.8236064770726566,3.313671112060547,-0.0001298086871408393,0.709894971142296,-0.00012847035459026697,0.7157479543205189,-0.00012029486165176133,0.008419954152174908,1,-1.0,-1.0,0,0,3,7,1,32.4,63.0,230.0,7.6,1010.7,cotonou/COTO,281.94874002195616,63.8,59.2,0.5221537169876266
6.374894726914935,2.356273267181489,COTO,cotonou,6.352268,2.402957,5739.204055154703,21238.37353,9.0,100.0,109.0,570.0,10,13.526496887207031,296.00043061182447,0.9530457909533958,3.5264968872070312,-3.1335858835114344e-05,1.3210087869786518,-3.932492867850386e-05,1.3177375483679405,-0.0010496925930129927,0.03197325304402703,0,5543.680069307749,5210.13915227471,1,12,0,5,1,31.0,63.0,210.0,16.6,1009.0,cotonou/COTO,241.37076977131866,58.3,72.1,0.6051922495341845
6.359305247252272,2.3797940808028923,COTO,cotonou,6.352268,2.402957,2678.300032956828,21238.37353,9.0,100.0,109.0,570.0,10,13.49510145187378,286.99936609219753,2.0422320107899155,3.4951014518737793,-7.847777119389289e-05,0.769997131922472,-0.0001299893766903884,0.7762845972630742,-0.001282021331589241,0.051079742158607486,1,-1.0,-1.0,0,0,0,1,1,31.9,70.0,220.0,18.4,1008.0,cotonou/COTO,331.6838992172874,70.7,65.8,0.48216747393240444
6.366329801019738,2.3631644505296467,COTO,cotonou,6.352268,2.402957,4669.176317511687,21238.37353,9.0,100.0,109.0,570.0,10,11.485138893127441,289.5758388750669,1.1964375475362312,1.4851388931274414,-0.00047465631434059034,1.392742439093363,-0.00045758933851280416,1.4015469619145482,0.0004460949137631522,0.008250847483274731,1,-1.0,-1.0,0,0,0,5,1,32.0,71.0,220.0,18.4,1009.0,cotonou/COTO,352.5538937525515,78.0,61.3,0.8576579051460608
6.379212214636323,2.3630413567778357,COTO,cotonou,6.352268,2.402957,5327.4045028814235,21238.37353,9.0,100.0,109.0,570.0,10,12.29250979423523,304.18721450430144,1.0399665592483482,2.2925097942352295,-0.0002648842022213596,1.1563845105327974,-0.00033142167109030267,1.1573110170599097,-0.00467011034488678,0.2195697861121098,0,-1.0,4793.596436460439,0,4,2,7,1,31.8,31.0,20.0,11.2,1010.9,cotonou/COTO,316.153254609243,78.2,76.1,0.15990667985966833
6.354928805517542,2.404901895056276,COTO,cotonou,6.352268,2.402957,364.53912271481653,21238.37353,9.0,100.0,109.0,570.0,10,15.336487770080566,35.99652224702538,14.409698103938961,5.336487770080566,0.004178195733290453,0.6495014723658661,0.004063769380006954,0.6670063350548312,0.001419174272667271,0.04835239415527237,1,-1.0,-1.0,0,0,5,7,1,31.4,69.0,240.0,16.6,1010.7,cotonou/COTO,218.02671877540922,64.7,65.4,0.9886713749751288
6.372662529567297,2.3573311652694433,COTO,cotonou,6.352268,2.402957,5528.902935396124,21238.37353,9.0,100.0,109.0,570.0,10,13.644666910171509,294.219094880629,0.9880651914371168,3.644666910171509,-1.1229643950591186e-05,1.3801282087024571,-1.9720566945064193e-05,1.3767980852817703,-0.0008160178256970632,0.027865643712684903,0,5274.063721940992,5229.743858731404,2,6,0,16,1,32.0,71.0,220.0,18.4,1009.0,cotonou/COTO,396.8541073241009,65.2,58.3,0.10522065304034256
6.368461818639312,2.3916065538551323,COTO,cotonou,6.352268,2.402957,2187.268547959864,21238.37353,9.0,100.0,109.0,570.0,10,12.740995645523071,325.13963622582867,2.519890958298536,2.7409956455230713,-0.0004520533711677961,0.5279481736679753,-0.0005082760916815864,0.5693938528740422,-0.0040018902884589305,0.14913693116847265,1,-1.0,-1.0,0,0,2,12,1,32.0,63.0,210.0,16.6,1010.0,cotonou/COTO,256.496478923207,61.2,70.8,0.4767071446208616
6.369165468049671,2.3905514287543714,COTO,cotonou,6.352268,2.402957,2318.562442635835,21238.37353,9.0,100.0,109.0,570.0,10,12.078321933746338,323.88440152922493,2.393712473362004,2.078321933746338,-0.0007917850835985596,0.6747450648996426,-0.0007392905779375649,0.706284745169248,-0.0031389775404608,0.11251838336386166,1,-1.0,-1.0,0,0,1,0,1,33.0,67.0,200.0,18.4,1012.0,cotonou/COTO,281.07558431847417,86.3,70.8,0.2834824287057296
6.353887846436295,2.4069480861720622,COTO,cotonou,6.352268,2.402957,476.5273163727276,21238.37353,9.0,100.0,109.0,570.0,10,14.592692852020264,67.78595440968229,11.20605765120448,4.592692852020264,0.0018424087904670857,0.3766320771911901,0.0019665657423563357,0.38057796812502903,0.0018499513787460342,0.04466531408549034,1,-1.0,-1.0,0,0,1,9,1,31.5,68.0,230.0,13.0,1012.0,cotonou/COTO,286.83997943094687,75.4,71.6,0.9330141775466774
6.38482055286859,2.372452377180015,COTO,cotonou,6.352268,2.402957,4934.537481837645,21238.37353,9.0,100.0,109.0,570.0,10,12.70334267616272,317.03877656241787,1.1179754602470382,2.7033426761627197,-0.00020275732483526667,1.090816471932082,-0.00020809630433956305,1.084897146654414,-0.0006568988164265951,0.0314817190417204,1,-1.0,-1.0,0,0,0,6,1,31.8,57.0,210.0,13.0,1008.6,cotonou/COTO,267.5261198461977,62.5,64.4,0.07112479747772804
6.352974832538339,2.41515604524599,COTO,cotonou,6.352268,2.402957,1351.9700070887714,21238.37353,9.0,100.0,109.0,570.0,10,15.479061603546143,86.66278070942491,3.957064789241178,5.479061603546143,0.0012841088184411976,0.5927065654014892,0.001300324277674898,0.6012235679928133,0.0006878005133734809,0.03082281484234919,1,-1.0,-1.0,0,0,1,10,1,32.0,67.0,210.0,18.4,1012.0,cotonou/COTO,331.6003083532061,69.85,58.1,0.4950226381412336
6.362943714934301,2.363429926242297,COTO,cotonou,6.352268,2.402957,4529.80893430005,21238.37353,9.0,100.0,109.0,570.0,10,11.637282371520996,285.2055723536886,1.2313133000842433,1.637282371520996,-0.00045687317091235914,1.213174346270963,-0.00045464905506141236,1.2284847808979293,-0.00017706910134152984,0.005777626087727981,1,-1.0,-1.0,0,0,2,7,1,33.0,48.0,210.0,9.4,1011.2,cotonou/COTO,272.838812854726,60.2,67.2,0.037067390001135014
6.355339039986782,2.373827520082361,COTO,cotonou,6.352268,2.402957,3240.737454455027,21238.37353,9.0,100.0,109.0,570.0,10,14.64737319946289,276.05683493776326,1.6676699897851586,4.647373199462891,0.0002904993370457948,0.43626318498903277,0.0002941382292545203,0.43262815589110026,0.0010697205861409506,0.0393119201035222,1,-1.0,-1.0,0,0,1,12,1,29.6,72.0,220.0,14.8,1010.1,cotonou/COTO,182.1212014017086,61.8,56.3,0.196000050840075
6.38442171232787,2.3827161011584708,COTO,cotonou,6.352268,2.402957,4202.224917062012,21238.37353,9.0,100.0,109.0,570.0,10,14.834311485290527,327.9702087899437,1.2836994298175097,4.834311485290527,0.0002665059222679048,0.9905991582098986,0.00024306018587569116,0.9928911370959801,-0.00020778444078233503,0.03786522051781184,1,-1.0,-1.0,0,0,5,5,1,33.0,41.0,50.0,9.4,1007.0,cotonou/COTO,266.4578062283396,64.8,75.6,0.7170706010921811
6.374461760283168,2.355344514687335,COTO,cotonou,6.352268,2.402957,5811.469929961751,21238.37353,9.0,100.0,109.0,570.0,10,13.394733905792236,295.1302879615036,0.9424954829710631,3.3947339057922363,-5.3652496272346027e-05,1.3397162392963597,-3.798171061347736e-05,1.3329947142901655,0.0009880563321978545,0.017362765558892053,0,-1.0,5299.035707680554,0,21,0,1,1,32.0,71.0,220.0,18.4,1009.0,cotonou/COTO,396.8541073241009,65.2,58.3,0.8549001179867631
6.3695440224017394,2.391648273011146,COTO,cotonou,6.352268,2.402957,2283.7562567972,21238.37353,9.0,100.0,109.0,570.0,10,12.488648414611816,326.9541656818275,2.4198750632077233,2.4886484146118164,-0.0005274212205564821,0.5827010375916284,-0.0006307909631321572,0.6182892386147665,-0.004058763715955946,0.16032623474481084,1,-1.0,-1.0,0,0,7,6,1,32.0,63.0,210.0,16.6,1010.0,cotonou/COTO,203.52690731203887,61.2,86.3,0.2818690948616489
6.36867934053784,2.396771977969251,COTO,cotonou,6.352268,2.402957,1939.6179840611528,21238.37353,9.0,100.0,109.0,570.0,10,12.528406143188477,339.4666507855633,2.8473978087123397,2.5284061431884766,-0.0006666887738819456,0.6005674438897363,-0.0006307196261277838,0.6618821650898902,-0.004293318589528402,0.19959428914834698,1,-1.0,-1.0,0,0,1,12,1,32.0,63.0,210.0,14.8,1011.0,cotonou/COTO,256.52289722354817,73.4,86.5,0.19780214049035283
6.373289100595161,2.3548735033513837,COTO,cotonou,6.352268,2.402957,5805.620732525793,21238.37353,9.0,100.0,109.0,570.0,10,13.234651565551758,293.74681832915843,0.9450243078051146,3.234651565551758,-8.507961392670562e-05,1.3502030169613333,-8.105534274561873e-05,1.3433337133217154,-0.00018845200538635253,0.01066378245174396,0,5433.316396973036,5328.605802598823,5,20,0,4,1,31.0,63.0,210.0,16.6,1009.0,cotonou/COTO,234.58846199256698,58.3,58.6,0.7208054051370268
6.366054514318745,2.365873639601902,COTO,cotonou,6.352268,2.402957,4376.986374018091,21238.37353,9.0,100.0,109.0,570.0,10,11.44935655593872,290.5114951702623,1.2767494643427035,1.4493565559387207,-0.0005157983259469338,1.3738872231064072,-0.0005058431513135454,1.3861740462307865,3.1907847203365944e-05,0.0036129830365580476,1,-1.0,-1.0,0,0,3,5,1,30.1,50.0,198.0,11.1,1009.1,cotonou/COTO,322.59013949595317,61.3,66.1,0.9184964144488714
6.368289207047174,2.396757064309832,COTO,cotonou,6.352268,2.402957,1899.9043965668748,21238.37353,9.0,100.0,109.0,570.0,10,12.897931098937988,338.96354225506957,2.8957004731222735,2.8979310989379883,-0.0004213855912288029,0.5563988025442579,-0.0006062034672768852,0.5986980917637484,-0.00738583981685096,0.2513627371958717,1,-1.0,-1.0,0,0,1,10,1,32.0,63.0,210.0,14.8,1011.0,cotonou/COTO,322.2748851523748,68.2,73.4,0.9415859056531299
6.356049117368912,2.3923884856507502,COTO,cotonou,6.352268,2.402957,1241.8186229572211,21238.37353,9.0,100.0,109.0,570.0,10,15.717423915863037,289.7986164149119,4.295860056163735,5.717423915863037,0.0016420446455537648,0.6790464953513058,0.001526659727096557,0.6812469746857925,0.0009613593419392904,0.04232486911947204,1,-1.0,-1.0,0,0,3,12,1,32.6,66.0,210.0,11.2,1010.9,cotonou/COTO,267.5192114597196,58.2,57.1,0.8870529026224938
6.357209118132478,2.3753007791755114,COTO,cotonou,6.352268,2.402957,3108.2925287511184,21238.37353,9.0,100.0,109.0,570.0,10,13.80987286567688,280.1925522494831,1.7541104672000973,3.80987286567688,-1.5343626308731628e-05,0.5899225812175329,5.0115885224732535e-06,0.5945014213861762,-0.0021403690179189047,0.12520947913619662,1,-1.0,-1.0,0,0,5,2,1,32.4,63.0,230.0,7.6,1010.7,cotonou/COTO,241.82719946273568,53.0,59.2,0.4670377026244249
6.369201907710229,2.398920801877874,COTO,cotonou,6.352268,2.402957,1925.192549219392,21238.37353,9.0,100.0,109.0,570.0,10,12.537744283676147,346.6734841113796,2.8684205885918526,2.5377442836761475,-0.0005996139232928937,0.6895275334297125,-0.000629438173891318,0.7155509116312659,-0.0025573412577311197,0.09396281998754631,1,-1.0,-1.0,0,0,1,15,1,32.0,63.0,210.0,14.8,1011.0,cotonou/COTO,280.5468730889592,68.2,86.5,0.2727825371782988
6.373601148033179,2.359359734883928,COTO,cotonou,6.352268,2.402957,5369.560637551388,21238.37353,9.0,100.0,109.0,570.0,10,13.865481615066528,296.21602419681085,1.0150246023759113,3.8654816150665283,3.085339269331454e-05,1.3522075482448144,2.9032317601064737e-05,1.3468120624839932,0.0009641994013514795,0.046661437953191,1,-1.0,-1.0,0,0,1,7,1,32.0,71.0,220.0,18.4,1009.0,cotonou/COTO,315.24390842648114,72.1,63.4,0.9175863719867526
6.359858108570253,2.37733366717306,COTO,cotonou,6.352268,2.402957,2956.610162045727,21238.37353,9.0,100.0,109.0,570.0,10,13.084709882736206,286.598143474692,1.858078801097474,3.084709882736206,-0.00021818605395359868,0.8184722229604641,-0.00021959035703451326,0.8323853176443768,-0.0008692999680836995,0.04058459488443963,1,-1.0,-1.0,0,0,0,7,1,32.0,63.0,220.0,13.0,1010.0,cotonou/COTO,343.13365923494894,65.8,63.8,0.680833152478624
6.355616314423304,2.406316154868896,COTO,cotonou,6.352268,2.402957,524.6321260209278,21238.37353,9.0,100.0,109.0,570.0,10,15.020464897155762,44.91589347563638,10.15591437726268,5.020464897155762,0.0021864336791887103,0.5792796938970601,0.0019689730803171797,0.5555212506443606,-0.002129181226094564,0.11427703402525205,1,-1.0,-1.0,0,0,7,5,1,31.4,69.0,240.0,16.6,1010.7,cotonou/COTO,299.4984878091749,64.7,71.6,0.37995441302609956
6.369518492791126,2.3901606337714445,COTO,cotonou,6.352268,2.402957,2375.6512099044694,21238.37353,9.0,100.0,109.0,570.0,10,11.907715439796448,323.6019379860765,2.3403620264640685,1.9077154397964478,-0.0008602092198343361,0.7420002818083433,-0.0007507610713503488,0.7686922619370178,-0.001358834902445475,0.052205110153948034,1,-1.0,-1.0,0,0,0,1,1,32.0,63.0,210.0,16.6,1010.0,cotonou/COTO,259.09644632842327,62.3,86.3,0.8283883372495532
6.382033261459294,2.3674839161103045,COTO,cotonou,6.352268,2.402957,5122.306259339013,21238.37353,9.0,100.0,109.0,570.0,10,13.91265606880188,310.17644218164384,1.0634814752896056,3.91265606880188,4.009057206717163e-05,1.1049864627377952,6.069931810635577e-05,1.1042782371436586,0.001215164736304399,0.09103663008349085,1,-1.0,-1.0,0,0,2,3,1,33.0,28.0,70.0,11.2,1010.0,cotonou/COTO,327.77907193718073,68.0,61.3,0.7865542947622711
6.381635543948901,2.3637993020939225,COTO,cotonou,6.352268,2.402957,5414.463381532492,21238.37353,9.0,100.0,109.0,570.0,10,13.202183723449707,307.0416857728215,1.0136254583759394,3.202183723449707,-0.0001203550733641938,1.0981044596899057,-0.00011487576045190914,1.0921223113120722,-0.0015030920505523682,0.09453367207945812,0,5067.24328492119,5045.542028882984,1,4,4,11,1,31.8,31.0,20.0,11.2,1010.9,cotonou/COTO,344.11074176779897,70.4,66.5,0.22792618005093823
6.360517780200579,2.395475030338078,COTO,cotonou,6.352268,2.402957,1231.9073728265712,21238.37353,9.0,100.0,109.0,570.0,10,13.844822883605957,317.97036313889765,4.416879053624135,3.844822883605957,0.00010939003929259287,0.40911219001852916,-6.608949571220453e-05,0.42675183276653006,-0.0024787433219712316,0.09237128496183505,1,-1.0,-1.0,0,0,3,3,1,32.6,66.0,210.0,11.2,1010.9,cotonou/COTO,204.60464730791253,56.5,68.1,0.5911848916186105
6.345992996329623,2.401153454051982,COTO,cotonou,6.352268,2.402957,722.0598637170305,21238.37353,9.0,100.0,109.0,570.0,10,12.03823709487915,195.9423358357755,7.648207153235995,2.0382370948791504,-0.0022250057856241863,0.5048791094741816,-0.0026030565078139847,0.5765862900842532,-0.006058534123900672,0.19086976835015565,1,-1.0,-1.0,0,0,2,6,1,31.0,71.0,180.0,18.4,1010.0,cotonou/COTO,393.11085268658167,69.1,75.8,0.3512914625050543
6.384489701981095,2.370937596210128,COTO,cotonou,6.352268,2.402957,5024.627810885083,21238.37353,9.0,100.0,109.0,570.0,10,12.919071674346924,315.35951860873286,1.0954763349501295,2.919071674346924,-0.00015633328566475515,1.1093852046584465,-0.00015646551169601136,1.1029085334501434,-0.00034638047218322755,0.015291425496479214,0,4873.586894726212,4631.9214288720195,2,2,4,13,1,34.0,32.0,222.0,5.4,1009.0,cotonou/COTO,265.7725736414513,53.4,57.6,0.4160551249157809
6.35645736991035,2.4058687580758242,COTO,cotonou,6.352268,2.402957,564.2926581139874,21238.37353,9.0,100.0,109.0,570.0,10,14.900596141815186,34.63519100221123,9.467323695923435,4.9005961418151855,0.0020360915856312534,0.6340662586294492,0.001654486050681463,0.6045606290208336,-0.0031792163848876954,0.11929357316843077,1,-1.0,-1.0,0,0,4,11,1,31.4,69.0,240.0,16.6,1010.7,cotonou/COTO,218.02671877540922,65.4,64.7,0.9321505484037557
6.38534083204509,2.372705991025275,COTO,cotonou,6.352268,2.402957,4957.681465834209,21238.37353,9.0,100.0,109.0,570.0,10,12.750702619552612,317.7297873504156,1.1122105906635884,2.7507026195526123,-0.00019202586637443331,1.0744684447591977,-0.00020625262278166522,1.0715656133112539,-0.0007534208979224731,0.026942713173645712,0,-1.0,4838.458665052624,0,1,1,0,1,31.0,59.0,170.0,13.0,1007.0,cotonou/COTO,358.8872214220909,66.1,62.5,0.8343932012329579
6.34837691702767,2.381674060917973,COTO,cotonou,6.352268,2.402957,2393.7593260958483,21238.37353,9.0,100.0,109.0,570.0,10,12.378462076187134,259.57785667375015,2.311428179585991,2.378462076187134,-0.0005535538991292317,0.58043740708928,-0.0011613975677997287,0.7339795633351103,-0.01698342954307974,0.7365941557039068,1,-1.0,-1.0,0,0,1,2,1,32.0,71.0,200.0,18.4,1008.0,cotonou/COTO,210.16260561769036,59.0,65.8,0.23883767140114553
6.363393962827386,2.3753799875382273,COTO,cotonou,6.352268,2.402957,3289.849484543844,21238.37353,9.0,100.0,109.0,570.0,10,12.145827293395996,292.0960878658878,1.686318149890706,2.145827293395996,-0.0004632136016413947,1.1033564692217974,-0.0006264355801003365,1.1255556833422355,-0.004959189556916683,0.07381697031519072,1,-1.0,-1.0,0,0,4,1,1,31.0,63.0,180.0,9.4,1011.0,cotonou/COTO,398.79289324162653,60.5,65.7,0.4079716374930058
6.373430613183455,2.3594699959885403,COTO,cotonou,6.352268,2.402957,5350.329320861792,21238.37353,9.0,100.0,109.0,570.0,10,13.777858972549438,296.09148434776347,1.0196102963641294,3.7778589725494385,1.3196934534850734e-05,1.3547653768438646,3.627540203856471e-05,1.3522933215089055,0.002285163521524495,0.07716280749914109,1,-1.0,-1.0,0,0,1,8,1,31.5,72.0,200.0,11.2,1008.3,cotonou/COTO,246.89454307456222,63.4,65.2,0.0461559033127501
6.384439498430664,2.3754662515775196,COTO,cotonou,6.352268,2.402957,4680.652022348974,21238.37353,9.0,100.0,109.0,570.0,10,13.08376669883728,319.6624950506383,1.173944629270138,3.0837666988372803,-0.000133274730450043,1.0541653873510088,-0.00011682617385469514,1.0475876044857229,0.000602726738828232,0.028442138845597053,0,4427.390289676785,4446.150418022873,2,1,3,9,1,32.1,54.0,211.0,13.0,1008.6,cotonou/COTO,342.02592664884946,70.5,70.2,0.8472397502157286
6.381415970226486,2.367376030829289,COTO,cotonou,6.352268,2.402957,5087.938678223472,21238.37353,9.0,100.0,109.0,570.0,10,13.547499895095825,309.5002222687821,1.074773942614182,3.547499895095825,-2.7708529778281763e-05,1.1071537716607829,1.7175147699755252e-05,1.1034855379358668,0.0036657989025115968,0.16989696621101463,1,-1.0,-1.0,0,0,5,7,1,34.0,32.0,222.0,5.4,1009.0,cotonou/COTO,290.9174264288137,55.8,61.3,0.9942036636054816
6.370187676741429,2.3977403130380424,COTO,cotonou,6.352268,2.402957,2064.0385521956136,21238.37353,9.0,100.0,109.0,570.0,10,12.198230266571045,343.86393472793304,2.6851590321831065,2.198230266571045,-0.0007288701292397319,0.7915080428174265,-0.0008340838840625377,0.8474167088122305,-0.0029759722836328896,0.05619498700618396,1,-1.0,-1.0,0,0,1,0,1,32.0,63.0,210.0,14.8,1011.0,cotonou/COTO,280.5468730889592,68.2,86.5,0.8812819391534017
6.361789630156147,2.404399644728142,COTO,cotonou,6.352268,2.402957,1065.0056444522581,21238.37353,9.0,100.0,109.0,570.0,10,15.274956703186035,8.56322554553492,5.029316301837259,5.274956703186035,0.00145181969360069,0.450880266135496,0.0013633133289530997,0.4682187949924061,0.0005221379314356708,0.043851068032866015,1,-1.0,-1.0,0,0,4,6,1,31.6,70.0,230.0,16.6,1013.0,cotonou/COTO,273.96095269222405,64.4,66.4,0.1017763592899742
6.379712976320065,2.363878171549368,COTO,cotonou,6.352268,2.402957,5282.532814904103,21238.37353,9.0,100.0,109.0,570.0,10,12.868951559066772,305.24929929098573,1.042548274357513,2.8689515590667725,-0.00015782295198314833,1.1363653521701644,-0.00022709524143474868,1.1341950689936855,-0.0038389380791296144,0.12399736861097163,0,4986.118147935536,4933.186957405434,1,11,0,14,1,30.7,55.0,293.0,13.0,1011.4,cotonou/COTO,267.89890817251177,66.5,78.2,0.7582248726092018
6.374893976998802,2.359613266256804,COTO,cotonou,6.352268,2.402957,5409.005597896527,21238.37353,9.0,100.0,109.0,570.0,10,13.694349527359009,297.71305317641594,1.0094362902660616,3.694349527359009,-2.3281596203096325e-06,1.2953839010613302,-1.4071585436573381e-05,1.2921195793906874,-0.000182506690218634,0.030856477106726947,1,-1.0,-1.0,0,0,2,5,1,31.5,72.0,200.0,11.2,1008.3,cotonou/COTO,324.3499013411239,77.1,63.4,0.5157613017801433
6.386374524860963,2.374912496616377,COTO,cotonou,6.352268,2.402957,4883.989806062257,21238.37353,9.0,100.0,109.0,570.0,10,13.376351594924927,320.7463184789485,1.1216508988628937,3.3763515949249268,-7.51973413358378e-05,0.998615151614658,-6.40952065163213e-05,0.9933269903680646,-0.0010470739107861801,0.057702219839315935,0,-1.0,4512.062726642686,0,4,4,8,1,31.0,59.0,170.0,13.0,1007.0,cotonou/COTO,285.70158014965295,66.1,70.2,0.3897813079323438
6.381995927112749,2.3633539054657815,COTO,cotonou,6.352268,2.402957,5477.796589800599,21238.37353,9.0,100.0,109.0,570.0,10,13.076323509216309,307.06614703691395,1.0032245722491746,3.0763235092163086,-0.00011487576045190911,1.0921765572216022,-0.0002658771561046957,1.0866376267400215,-0.008090087547778986,0.1382622749970715,0,5071.627303582919,5038.694658754458,1,4,3,7,1,30.7,55.0,293.0,13.0,1011.4,cotonou/COTO,344.11074176779897,66.5,70.4,0.9568856988457226
6.36551717830087,2.410232378220925,COTO,cotonou,6.352268,2.402957,1671.7471671857113,21238.37353,9.0,100.0,109.0,570.0,10,14.808816909790039,28.622696712901416,3.224804262246788,4.808816909790039,0.0006558484974361602,0.4425807607236735,0.0005706169139379743,0.4352303630378602,-0.0012105782826741535,0.044494917792089146,1,-1.0,-1.0,0,0,4,11,1,32.0,63.0,180.0,14.8,1011.0,cotonou/COTO,273.522108978383,56.6,67.6,0.5967371359684133
6.366062842003237,2.366000746365201,COTO,cotonou,6.352268,2.402957,4364.128677461836,21238.37353,9.0,100.0,109.0,570.0,10,11.44935655593872,290.5875134433927,1.2805098024570558,1.4493565559387207,-0.0005182097638490501,1.3766727586533067,-0.0005071504159016653,1.3888523621685624,-2.4331609408060705e-05,0.0032181340124107314,1,-1.0,-1.0,0,0,1,2,1,30.1,50.0,198.0,11.1,1009.1,cotonou/COTO,322.59013949595317,61.3,66.1,0.9623263328279335
6.365616368251023,2.4175437706308625,COTO,cotonou,6.352268,2.402957,2187.1536967748566,21238.37353,9.0,100.0,109.0,570.0,10,14.500422954559326,47.36137682854553,2.474019756380072,4.500422954559326,0.00035588331617659357,0.4094453301847943,0.00026119187557861414,0.41073046110602923,-0.003428520655259852,0.07648178327749347,1,-1.0,-1.0,0,0,6,10,1,33.0,63.0,248.0,13.0,1011.0,cotonou/COTO,374.3070762089054,65.7,61.6,0.8403855613936543
6.371676625911383,2.3564645755213864,COTO,cotonou,6.352268,2.402957,5573.694606511061,21238.37353,9.0,100.0,109.0,570.0,10,13.329197406768799,292.7871517139457,0.9833683682861193,3.329197406768799,-6.904353518611249e-05,1.3857436257299187,-7.362667417557656e-05,1.3784303569294025,-0.0006364805660444689,0.015242815985892234,1,-1.0,-1.0,0,0,1,10,1,32.0,71.0,220.0,18.4,1009.0,cotonou/COTO,399.3609701761259,65.2,51.6,0.3780278807306209
6.360846609837855,2.4058191833707006,COTO,cotonou,6.352268,2.402957,1000.1469255983081,21238.37353,9.0,100.0,109.0,570.0,10,14.902323246002197,18.344881639785626,5.3747861903601395,4.902323246002197,0.0013330826958200177,0.44889714945233455,0.0011956117105486133,0.44639629124358726,0.0021781866523979377,0.07469089768192931,1,-1.0,-1.0,0,0,3,3,1,31.6,70.0,230.0,16.6,1013.0,cotonou/COTO,320.01321175851473,70.5,66.4,0.2923967386282076
6.355442634034837,2.404447593588551,COTO,cotonou,6.352268,2.402957,387.8825388651394,21238.37353,9.0,100.0,109.0,570.0,10,15.3875732421875,25.01594463282231,13.568425373604617,5.3875732421875,0.0043133389410797505,0.653264755509729,0.003304135835713071,0.6580004743875348,-0.0019305849909157062,0.05722029702578413,1,-1.0,-1.0,0,0,2,14,1,31.4,69.0,240.0,16.6,1010.7,cotonou/COTO,264.0610446469,68.1,65.4,0.7089431503626232
6.366065191225404,2.363191246458187,COTO,cotonou,6.352268,2.402957,4656.712058816938,21238.37353,9.0,100.0,109.0,570.0,10,11.49447238445282,289.246790382758,1.1995242360615868,1.4944723844528198,-0.00047276048069326283,1.3842801467744008,-0.0004676291390842187,1.3889114530118867,1.892513699001735e-05,0.004136992387493154,1,-1.0,-1.0,0,0,0,2,1,30.1,50.0,198.0,11.1,1009.1,cotonou/COTO,352.5538937525515,61.3,78.0,0.05860481816595253
6.383021783005604,2.370721628813261,COTO,cotonou,6.352268,2.402957,4928.106480593561,21238.37353,9.0,100.0,109.0,570.0,10,13.518585681915283,313.83147566055624,1.1099593119103028,3.518585681915283,-2.3276027555190977e-06,1.1261771240367637,-1.545210440200692e-05,1.1237991936615295,0.003361932701421469,0.10425808342883205,1,-1.0,-1.0,0,0,2,9,1,30.7,45.0,199.0,11.1,1008.8,cotonou/COTO,324.8945539710613,58.1,53.4,0.6246145191419507
6.382659943577844,2.365311660950717,COTO,cotonou,6.352268,2.402957,5351.939426486075,21238.37353,9.0,100.0,109.0,570.0,10,13.98300290107727,309.09021982092986,1.0171081186518334,3.9830029010772705,5.139878342271519e-05,1.0981838915716529,4.196755354795229e-05,1.0953503576789387,-0.0006147126356760662,0.030938756753390088,0,-1.0,5201.784813318129,0,4,3,4,1,34.0,32.0,222.0,5.4,1009.0,cotonou/COTO,379.59078834977134,55.8,68.0,0.11637226340936535
6.36296115505803,2.3633153870513177,COTO,cotonou,6.352268,2.402957,4542.546331509681,21238.37353,9.0,100.0,109.0,570.0,10,11.637282371520996,285.1873010148777,1.2278617296965837,1.637282371520996,-0.0004538835663544504,1.218971211478369,-0.0004510231606371991,1.2339092654408064,-0.00010686715443929037,0.006060892408418937,1,-1.0,-1.0,0,0,3,9,1,33.0,48.0,210.0,9.4,1011.2,cotonou/COTO,272.838812854726,67.2,60.2,0.9157971404599992
6.358785269614211,2.403982140553549,COTO,cotonou,6.352268,2.402957,729.6010330057442,21238.37353,9.0,100.0,109.0,570.0,10,14.504591941833496,8.885037542038049,7.37967109915906,4.504591941833496,0.0010634673436482748,0.41779272521473504,0.0011394509534730505,0.4118092735227407,0.0013512343293442912,0.04645107339011607,1,-1.0,-1.0,0,0,3,3,1,31.4,69.0,240.0,16.6,1010.7,cotonou/COTO,329.0564998598276,68.1,66.4,0.7201653571164277
6.376122678091983,2.3596595529418214,COTO,cotonou,6.352268,2.402957,5468.69685311864,21238.37353,9.0,100.0,109.0,570.0,10,13.130105018615723,299.0048582493597,1.0043302657821294,3.1301050186157227,-0.00011711227947440412,1.254000727377692,-0.0001381706957845267,1.250668699786709,-0.0035669116420355544,0.10747162947097864,1,-1.0,-1.0,0,0,1,8,1,31.5,72.0,200.0,11.2,1008.3,cotonou/COTO,324.3499013411239,77.1,63.4,0.09497325617019492
6.377430684187546,2.3645995894874723,COTO,cotonou,6.352268,2.402957,5074.7461884501345,21238.37353,9.0,100.0,109.0,570.0,10,12.945258140563965,303.4299066538219,1.0843644193904465,2.945258140563965,-0.00014935946932025985,1.195964309831136,-0.00017312905804583455,1.192637079939993,-0.0015840073969033126,0.044769140262156816,1,-1.0,-1.0,0,0,0,1,1,30.7,55.0,293.0,13.0,1011.4,cotonou/COTO,284.78369054431397,64.2,78.2,0.02303826706658396
6.382150884898776,2.3750271532298464,COTO,cotonou,6.352268,2.402957,4524.331738122871,21238.37353,9.0,100.0,109.0,570.0,10,12.602408647537231,317.11320455266974,1.2205867979482712,2.6024086475372314,-0.00023804694705316522,1.1351263730512429,-0.00020691755065890038,1.1285787933421545,0.0026395168391052277,0.04877192673317067,1,-1.0,-1.0,0,0,1,0,1,32.1,54.0,211.0,13.0,1008.6,cotonou/COTO,217.8231826505345,70.5,64.4,0.24683453751952045
6.360128091475613,2.4100491452481894,COTO,cotonou,6.352268,2.402957,1171.0141545728777,21238.37353,9.0,100.0,109.0,570.0,10,14.722177028656006,41.88382168693414,4.602929503391107,4.722177028656006,0.0008459879954655965,0.4254242864681243,0.0008660558762589122,0.4207204913172537,0.0006059805552164713,0.026198166334656665,1,-1.0,-1.0,0,0,2,2,1,32.0,67.0,210.0,18.4,1012.0,cotonou/COTO,267.46393794301054,62.5,68.1,0.6015268195092958
6.36881335277141,2.399716763857049,COTO,cotonou,6.352268,2.402957,1864.5051699779585,21238.37353,9.0,100.0,109.0,570.0,10,12.830135345458984,348.98616548817665,2.952659402722543,2.8301353454589844,-0.00046394502044354795,0.6534512645216874,-0.0005185191854742324,0.6746820175494621,-0.002502714315853447,0.08278714185790727,1,-1.0,-1.0,0,0,0,16,1,32.0,63.0,210.0,14.8,1011.0,cotonou/COTO,147.1577031622736,68.2,69.0,0.20520296696068274
6.354488148126602,2.4059024444961556,COTO,cotonou,6.352268,2.402957,408.0218099853384,21238.37353,9.0,100.0,109.0,570.0,10,15.067376613616943,52.82262883614129,12.964447960763833,5.067376613616943,0.003357046578684962,0.5149360396357102,0.003239541434875147,0.5058735180485843,0.0015178191011389747,0.05403863173924091,1,-1.0,-1.0,0,0,5,6,1,31.4,69.0,240.0,16.6,1010.7,cotonou/COTO,245.31000000003797,65.4,71.6,0.4962963216450088
6.3806010882418045,2.366296705201813,COTO,cotonou,6.352268,2.402957,5125.302851764971,21238.37353,9.0,100.0,109.0,570.0,10,13.320777893066406,307.872475438599,1.0694741535557764,3.3207778930664062,-7.159399687845624e-05,1.1214764256849796,-6.581845770451827e-05,1.1154478357487179,0.0012634383307562934,0.04651259735103154,1,-1.0,-1.0,0,0,0,6,1,30.7,55.0,293.0,13.0,1011.4,cotonou/COTO,238.87705477918232,66.5,61.3,0.3680376889093421
6.348895802707938,2.381987954724555,COTO,cotonou,6.352268,2.402957,2349.8156039865858,21238.37353,9.0,100.0,109.0,570.0,10,12.675903797149658,260.80975036369347,2.3473654695803026,2.675903797149658,-0.000435058074661448,0.5161663087568233,-0.000561288890929071,0.5523040152517229,-0.004307802457042479,0.16384742229756358,1,-1.0,-1.0,0,0,5,0,1,32.0,71.0,200.0,18.4,1008.0,cotonou/COTO,210.16260561769036,59.0,65.8,0.5591374740356694
6.352499490983083,2.3919321375178573,COTO,cotonou,6.352268,2.402957,1220.0654180830763,21238.37353,9.0,100.0,109.0,570.0,10,14.796333312988281,271.21091155144177,4.415160549116495,4.796333312988281,0.0009385487614714974,0.3316608655648615,0.0009281016135400579,0.33852600761334845,0.0025705867343478734,0.09445070348313896,1,-1.0,-1.0,0,0,4,9,1,31.0,66.0,250.0,7.6,1013.0,cotonou/COTO,229.63053738552546,73.7,54.4,0.8007237781957827
6.356076617724457,2.378651979706146,COTO,cotonou,6.352268,2.402957,2721.8961782731444,21238.37353,9.0,100.0,109.0,570.0,10,13.93839693069458,278.9613779758243,2.000229039819502,3.93839693069458,6.211632877572378e-05,0.530067580058145,6.289182696427518e-05,0.5401104688162235,-0.0022144318646432214,0.1265968962536208,1,-1.0,-1.0,0,0,3,8,1,33.0,63.0,210.0,13.0,1009.0,cotonou/COTO,346.04950975268054,62.4,70.7,0.19513577968253026
6.3709229211504805,2.392735272178793,COTO,cotonou,6.352268,2.402957,2352.653655721196,21238.37353,9.0,100.0,109.0,570.0,10,12.486603498458862,331.42947386431376,2.3491393879629543,2.4866034984588623,-0.0005149316184128387,0.6593768226606737,-0.0005450924728142381,0.698453650423368,-0.0013903180758158364,0.06928052326341833,1,-1.0,-1.0,0,0,2,4,1,33.0,67.0,190.0,20.5,1010.0,cotonou/COTO,247.7688085695969,82.1,61.2,0.2774417545765038
6.355368231231626,2.3736456361721743,COTO,cotonou,6.352268,2.402957,3261.088726872961,21238.37353,9.0,100.0,109.0,570.0,10,14.64737319946289,276.0763243134059,1.657268488051948,4.647373199462891,0.0002875785215185323,0.4342951841681295,0.0003335324249726009,0.4309051656542626,0.0018920134421462292,0.02742378127079599,1,-1.0,-1.0,0,0,0,15,1,29.6,72.0,220.0,14.8,1010.1,cotonou/COTO,182.1212014017086,61.8,56.3,0.08372603220626895
6.35670652433273,2.376696609743051,COTO,cotonou,6.352268,2.402957,2946.6222791967157,21238.37353,9.0,100.0,109.0,570.0,10,13.951419591903687,279.6530952069687,1.8475374017823651,3.9514195919036865,8.229904303245669e-05,0.5630930698376044,0.00014014491004130726,0.5611265375724628,0.0023879132543608516,0.07932587510552465,1,-1.0,-1.0,0,0,0,10,1,33.0,63.0,210.0,13.0,1009.0,cotonou/COTO,247.88812658137354,62.4,59.2,0.8488471349447735
6.382051461661995,2.3695426362129623,COTO,cotonou,6.352268,2.402957,4951.293711033642,21238.37353,9.0,100.0,109.0,570.0,10,13.443089008331299,311.88980684416526,1.1056359050356177,3.443089008331299,-5.3375529475880765e-05,1.1260656825217614,-1.3037689193756048e-05,1.1213343875725148,0.0019572920269436307,0.09401992842781655,1,-1.0,-1.0,0,0,8,8,1,34.0,32.0,222.0,5.4,1009.0,cotonou/COTO,324.8945539710613,53.4,58.1,0.8970636225830172
6.369997900013235,2.389775070628888,COTO,cotonou,6.352268,2.402957,2443.6479431404205,21238.37353,9.0,100.0,109.0,570.0,10,11.84336519241333,323.53972312481744,2.2768151696712096,1.84336519241333,-0.0007616353291356408,0.7929567114793323,-0.0007504158549838597,0.838546256155567,-0.0005558212598164876,0.024854786104979286,1,-1.0,-1.0,0,0,1,0,1,33.0,67.0,200.0,18.4,1012.0,cotonou/COTO,370.2078816016378,84.9,62.3,0.335031245863869
6.380277234543283,2.363293266370961,COTO,cotonou,6.352268,2.402957,5371.366086171697,21238.37353,9.0,100.0,109.0,570.0,10,12.66513967514038,305.39785986181215,1.0274833500943057,2.665139675140381,-0.00019369290509087627,1.1321550698687608,-0.00023348828397857867,1.1276083999268087,-0.0013172021969254108,0.06745563404970034,0,-1.0,4940.795658422462,0,15,0,2,1,31.8,31.0,20.0,11.2,1010.9,cotonou/COTO,277.57990849483264,78.2,70.4,0.27889381731305796
6.388073695953449,2.3754403390010053,COTO,cotonou,6.352268,2.402957,4994.711418351692,21238.37353,9.0,100.0,109.0,570.0,10,12.970557451248169,322.6305740971939,1.1014458119000021,2.970557451248169,-0.00014436554685070725,0.9652032789121334,-0.00018989320337419683,0.9608405084540593,-0.0027159392833709718,0.13121989173897666,1,-1.0,-1.0,0,0,5,9,1,31.0,59.0,170.0,13.0,1007.0,cotonou/COTO,339.277088085809,66.1,64.0,0.38376681077802277
6.348480635491271,2.3835424358921116,COTO,cotonou,6.352268,2.402957,2188.4988035411698,21238.37353,9.0,100.0,109.0,570.0,10,12.813481092453003,258.8960699183428,2.516582199660998,2.813481092453003,-0.00041019960608326017,0.46590092638990255,-0.0003782359229193794,0.4930476410611152,-0.0001879930496215821,0.02195133387966764,1,-1.0,-1.0,0,0,4,6,1,32.0,71.0,200.0,18.4,1008.0,cotonou/COTO,255.0899788310412,65.8,63.1,0.6928616617971693
6.3578276101619196,2.4108131422764014,COTO,cotonou,6.352268,2.402957,1064.6712938182936,21238.37353,9.0,100.0,109.0,570.0,10,15.262482643127441,54.54670761960563,5.031553744424874,5.262482643127441,0.0013726718174068707,0.41457228223176484,0.0013612887315582812,0.4213744013882283,0.0013068715731302896,0.075028280718541,1,-1.0,-1.0,0,0,2,13,1,32.0,67.0,210.0,18.4,1012.0,cotonou/COTO,352.045035329285,68.1,58.7,0.5685772359874416
6.352044743740715,2.37372444516312,COTO,cotonou,6.352268,2.402957,3234.4014968756956,21238.37353,9.0,100.0,109.0,570.0,10,13.900843620300293,269.5613406889716,1.684148042983963,3.900843620300293,5.300307455774163e-05,0.34996636937579784,3.533052640637172e-05,0.3532905565541454,-0.0017117844815954684,0.05129012524605908,1,-1.0,-1.0,0,0,0,4,1,33.0,63.0,210.0,13.0,1009.0,cotonou/COTO,135.44729233169025,74.7,78.1,0.06929587432242457
6.356972071539963,2.3761590513208235,COTO,cotonou,6.352268,2.402957,3010.2181515993443,21238.37353,9.0,100.0,109.0,570.0,10,13.96133041381836,280.0179694718198,1.8083428449660304,3.9613304138183594,8.394025733368623e-05,0.5780143050561177,8.928460996815934e-05,0.5778573434005743,-0.0007180145105061386,0.033722980684007,1,-1.0,-1.0,0,0,4,6,1,32.4,63.0,230.0,7.6,1010.7,cotonou/COTO,241.82719946273568,53.0,59.2,0.875738724201613
6.3630749358563,2.362568123970784,COTO,cotonou,6.352268,2.402957,4625.657130192496,21238.37353,9.0,100.0,109.0,570.0,10,11.620000004768372,285.0705672176854,1.2060208553279308,1.6200000047683716,-0.00044881536114600403,1.23473235615495,-0.000444223565293267,1.2415219746820843,5.289685079300618e-05,0.002538345833301517,1,-1.0,-1.0,0,0,3,7,1,33.0,48.0,210.0,9.4,1011.2,cotonou/COTO,272.838812854726,60.2,67.2,0.39171853054157924
6.36146381150536,2.4065127455254562,COTO,cotonou,6.352268,2.402957,1090.3881721028317,21238.37353,9.0,100.0,109.0,570.0,10,14.928407192230225,21.021206462360908,4.930897289947112,4.928407192230225,0.001093721358330262,0.455949051068606,0.0010974242656619153,0.45265102375274247,0.00028832839691806143,0.01281309807235173,1,-1.0,-1.0,0,0,2,14,1,31.6,70.0,230.0,16.6,1013.0,cotonou/COTO,373.8657305772486,70.5,58.8,0.02950047338386197
6.352796203703717,2.37403742657467,COTO,cotonou,6.352268,2.402957,3200.2096387806814,21238.37353,9.0,100.0,109.0,570.0,10,14.017902374267578,271.0544295893233,1.70003743726397,4.017902374267578,8.603435002590009e-05,0.35554921823190977,8.333195969234544e-05,0.35698168188754015,-0.0011042859819200303,0.04063858932233458,1,-1.0,-1.0,0,0,1,2,1,33.0,63.0,210.0,13.0,1009.0,cotonou/COTO,384.84357926308275,74.7,56.3,0.2567527718844327
6.3741576845921495,2.3549229014933926,COTO,cotonou,6.352268,2.402957,5839.767564415513,21238.37353,9.0,100.0,109.0,570.0,10,13.296565294265747,294.63583367823867,0.9388921754824188,3.296565294265747,-7.236583809980684e-05,1.3408748144809628,-7.001926047749531e-05,1.33410925533486,-0.00023554563522338868,0.012019000503566468,0,5266.323454883729,5242.917572862023,4,18,0,0,1,31.0,63.0,210.0,16.6,1009.0,cotonou/COTO,234.58846199256698,58.6,58.3,0.6908457782696842
6.369205726371541,2.391735276848143,COTO,cotonou,6.352268,2.402957,2247.219957186364,21238.37353,9.0,100.0,109.0,570.0,10,12.596229314804077,326.63772273447063,2.4564326811946944,2.596229314804077,-0.0005044975567013371,0.5436282143664868,-0.0006808457528429805,0.5926057656344158,-0.007146226271178111,0.17491774040023153,1,-1.0,-1.0,0,0,5,2,1,32.0,63.0,210.0,16.6,1010.0,cotonou/COTO,374.8202269089207,61.2,62.3,0.13824105061909764
6.371302710511824,2.391643207369616,COTO,cotonou,6.352268,2.402957,2449.064914776415,21238.37353,9.0,100.0,109.0,570.0,10,12.219006299972534,329.4295675898065,2.2630101178076183,2.219006299972534,-0.0006048720057417707,0.7000473838878029,-0.0005852799566965255,0.7354598702782557,-0.00038851896921793613,0.020634396154073545,1,-1.0,-1.0,0,0,3,11,1,33.0,67.0,200.0,18.4,1012.0,cotonou/COTO,322.1257484275571,84.9,82.1,0.5411872368000428
6.35789083187314,2.3802491084011406,COTO,cotonou,6.352268,2.402957,2588.2064329819164,21238.37353,9.0,100.0,109.0,570.0,10,13.44040846824646,283.9914798495395,2.114466368364691,3.44040846824646,-0.00010213906737579699,0.6672485327571427,-9.857653638463084e-05,0.67498268629706,-0.00024911111376416643,0.016402169185531383,1,-1.0,-1.0,0,0,6,10,1,33.0,63.0,210.0,13.0,1009.0,cotonou/COTO,346.04950975268054,62.4,70.7,0.9704409714273128
6.358737807535155,2.3962909722279844,COTO,cotonou,6.352268,2.402957,1027.552071284481,21238.37353,9.0,100.0,109.0,570.0,10,14.768708229064941,314.3211048496877,5.239633585708206,4.768708229064941,0.001011158852350144,0.45431947224358127,0.0006780843321462423,0.44718960413291126,-0.0037686078474495725,0.13495928965741735,1,-1.0,-1.0,0,0,4,7,1,31.0,71.0,210.0,20.5,1010.0,cotonou/COTO,237.15585761266473,58.3,56.5,0.4756117690568702
6.385044602478776,2.3831633043437366,COTO,cotonou,6.352268,2.402957,4234.87445616438,21238.37353,9.0,100.0,109.0,570.0,10,14.907049179077148,329.030166016792,1.2728221683229684,4.907049179077148,0.0002817036960046615,0.9823654023263316,0.0002690493746583859,0.9867192603490017,0.0005922799246140222,0.04271214634809232,1,-1.0,-1.0,0,0,1,8,1,33.0,41.0,50.0,9.4,1007.0,cotonou/COTO,266.4578062283396,64.8,75.6,0.3976397544738237
6.384925875562898,2.374233768312501,COTO,cotonou,6.352268,2.402957,4810.6315680316675,21238.37353,9.0,100.0,109.0,570.0,10,13.186105489730835,318.84515638329566,1.14101567734858,3.186105489730835,-8.229880863974002e-05,1.0580767831930171,-0.0001285775577765014,1.0548381458159275,-0.001177254659271622,0.04228044483909021,1,-1.0,-1.0,0,0,5,3,1,31.8,57.0,210.0,13.0,1008.6,cotonou/COTO,348.5682791075882,62.5,70.2,0.6031109275481579
6.384320044448652,2.3719456375816765,COTO,cotonou,6.352268,2.402957,4933.1321222810075,21238.37353,9.0,100.0,109.0,570.0,10,12.841807842254639,316.1243418269659,1.1166862805971964,2.8418078422546387,-0.00017478456400861643,1.1054999114900737,-0.00019557590256194155,1.099261437991811,-0.000954212745030721,0.05144919762916576,0,-1.0,4428.94427010399,0,7,4,9,1,31.8,57.0,210.0,13.0,1008.6,cotonou/COTO,161.07626082067793,62.5,53.4,0.5121589848358297
6.350212514826258,2.4133178349924616,COTO,cotonou,6.352268,2.402957,1168.651070063069,21238.37353,9.0,100.0,109.0,570.0,10,14.77070665359497,101.28815110084093,4.609832896400219,4.770706653594971,0.00090648076799167,0.31134737210044927,0.0007202259551627169,0.3242950695190807,-0.002536370161611109,0.05768679361711769,1,-1.0,-1.0,0,0,0,7,1,30.0,75.0,180.0,20.5,1011.0,cotonou/COTO,285.3045504368927,75.1,58.1,0.16722836176030775
6.370585611170204,2.3637740895893566,COTO,cotonou,6.352268,2.402957,4785.075739805596,21238.37353,9.0,100.0,109.0,570.0,10,11.977724075317383,295.1938107578362,1.1615710229737772,1.9777240753173828,-0.000337948983729356,1.4517217892960934,-0.00032825254118491596,1.447787129244696,0.002824976046880086,0.1306651708738235,1,-1.0,-1.0,0,0,0,1,1,32.0,71.0,220.0,18.4,1009.0,cotonou/COTO,319.6896352714521,78.0,78.0,0.6182444680815876
6.364824032438875,2.4171567551186586,COTO,cotonou,6.352268,2.402957,2096.7250194019703,21238.37353,9.0,100.0,109.0,570.0,10,14.792495250701904,48.33920775586506,2.5726142058236516,4.792495250701904,0.0005128705692792034,0.3967903024166999,0.0004616383049223159,0.3927524608036401,-0.0015933990478515625,0.06112322604315369,1,-1.0,-1.0,0,0,5,6,1,33.0,63.0,248.0,13.0,1011.0,cotonou/COTO,374.3070762089054,65.7,61.6,0.5788885936882332
6.370766913822428,2.4048203222978417,COTO,cotonou,6.352268,2.402957,2056.117322073441,21238.37353,9.0,100.0,109.0,570.0,10,13.460842847824097,5.71649309578504,2.6603812637549735,3.4608428478240967,-0.00011891236051845079,0.5184308388211195,-0.0001344647206051248,0.539485343509301,-0.001227247714996338,0.06339274788384176,1,-1.0,-1.0,0,0,0,11,1,32.0,75.0,200.0,20.5,1010.0,cotonou/COTO,258.69668668155117,68.0,75.5,0.7703465157418484
6.354650867406454,2.406696948712195,COTO,cotonou,6.352268,2.402957,490.5733761997983,21238.37353,9.0,100.0,109.0,570.0,10,14.797229290008545,57.33681651906295,10.869953901715064,4.797229290008545,0.0021377212861004996,0.44738678983789437,0.001998386466712282,0.4412236791618265,-0.0007088939348856608,0.04326563518569185,1,-1.0,-1.0,0,0,3,2,1,31.4,69.0,240.0,16.6,1010.7,cotonou/COTO,299.4984878091749,64.7,71.6,0.7645946587831193
6.38494584717237,2.372665996968986,COTO,cotonou,6.352268,2.402957,4928.553610959068,21238.37353,9.0,100.0,109.0,570.0,10,12.689083814620972,317.34923210730335,1.119498174858127,2.6890838146209717,-0.00023298226418577513,1.0853163510216242,-0.00020933696571078086,1.0823359067146756,-0.0007192370777405159,0.026728684045688067,0,-1.0,4711.262670195341,0,5,0,4,1,31.0,59.0,170.0,13.0,1007.0,cotonou/COTO,348.5682791075882,70.2,62.5,0.8961793092400678
6.367952195848454,2.3913175140633025,COTO,cotonou,6.352268,2.402957,2160.2791301298707,21238.37353,9.0,100.0,109.0,570.0,10,12.897984504699707,323.59008646754484,2.547176354357024,2.897984504699707,-0.00037516196288422466,0.5422026577630552,-0.0005255958781095433,0.5745096836145197,-0.004921162776266683,0.13257998104896462,1,-1.0,-1.0,0,0,4,11,1,32.0,63.0,210.0,16.6,1010.0,cotonou/COTO,256.496478923207,61.2,70.8,0.7302508216645758
6.3743425509625204,2.3554761416455507,COTO,cotonou,6.352268,2.402957,5792.705263501546,21238.37353,9.0,100.0,109.0,570.0,10,13.346056938171387,295.0726718475888,0.9460293469677415,3.3460569381713867,-6.201623641338547e-05,1.3403056504039241,-6.0184266832139776e-05,1.3369232709350987,-0.0003224478827582465,0.014308844480840336,0,-1.0,5293.534268851112,0,20,0,5,1,31.0,63.0,210.0,16.6,1009.0,cotonou/COTO,396.8541073241009,58.3,65.2,0.1947704322832453
6.363703406916649,2.3657995140269654,COTO,cotonou,6.352268,2.402957,4301.190182491783,21238.37353,9.0,100.0,109.0,570.0,10,11.521252393722534,287.2077043445551,1.2982836555287505,1.5212523937225342,-0.0005059581111978602,1.2341919886793236,-0.0004947773230952103,1.2432634087862273,0.0003856677522956844,0.013903942826523488,1,-1.0,-1.0,0,0,3,3,1,30.1,50.0,198.0,11.1,1009.1,cotonou/COTO,383.9926241478955,66.1,63.0,0.6899688289653427
6.356864153974418,2.3764712486147004,COTO,cotonou,6.352268,2.402957,2974.13980705478,21238.37353,9.0,100.0,109.0,570.0,10,14.04482364654541,279.905797923132,1.8286576174285516,4.04482364654541,0.00011261073748270669,0.5731712072764826,7.022141674290369e-05,0.5727729415545723,-0.00035174738972664713,0.06605140148064517,1,-1.0,-1.0,0,0,0,9,1,33.0,63.0,210.0,13.0,1009.0,cotonou/COTO,247.88812658137354,62.4,59.2,0.9719952925135024
6.382305104187008,2.3675248787131107,COTO,cotonou,6.352268,2.402957,5138.217307729016,21238.37353,9.0,100.0,109.0,570.0,10,14.052140235900879,310.4660872951635,1.0586341989579033,4.052140235900879,6.68893026751141e-05,1.1077374562936138,9.833075866993223e-05,1.1088431641101444,0.004694223403930664,0.17279905873460827,1,-1.0,-1.0,0,0,1,5,1,33.0,28.0,70.0,11.2,1010.0,cotonou/COTO,327.77907193718073,68.0,61.3,0.693457470202636
6.371018659663728,2.354643969288148,COTO,cotonou,6.352268,2.402957,5733.399316360792,21238.37353,9.0,100.0,109.0,570.0,10,13.114117622375488,291.3339350434349,0.9581304137847203,3.1141176223754883,-0.00010292948120170167,1.3676768031310889,-0.00010811067821654217,1.3642107296811277,-0.0008789857228597006,0.03242672085022431,0,-1.0,5388.705970687798,0,3,2,4,1,29.5,69.0,210.0,9.4,1009.5,cotonou/COTO,249.20674248494376,51.6,58.6,0.24603572364514592
6.355221599734148,2.3757132472868197,COTO,cotonou,6.352268,2.402957,3031.9014696772397,21238.37353,9.0,100.0,109.0,570.0,10,14.377837181091309,276.22693810964904,1.7875552716529488,4.377837181091309,0.00021923063627255518,0.4543574966228087,0.00022935504666424114,0.45225200020884015,0.0011640760633680556,0.042789815428650534,1,-1.0,-1.0,0,0,3,1,1,29.6,72.0,220.0,14.8,1010.1,cotonou/COTO,350.5649932608698,56.3,62.4,0.18693823295505463
6.3573483439285345,2.391430808341338,COTO,cotonou,6.352268,2.402957,1393.5315370591966,21238.37353,9.0,100.0,109.0,570.0,10,15.047137260437012,293.9174544189733,3.8570840711778707,5.047137260437012,0.0009504580328650509,0.6767486304403884,0.0006059933681877291,0.6683266693386061,-0.005663609504699707,0.2711078150872657,1,-1.0,-1.0,0,0,4,11,1,32.6,66.0,210.0,11.2,1010.9,cotonou/COTO,267.5192114597196,57.1,58.2,0.7826515095539138
6.362642791019139,2.365639404203591,COTO,cotonou,6.352268,2.402957,4285.246400388683,21238.37353,9.0,100.0,109.0,570.0,10,11.586800456047058,285.6301585797631,1.302236460014161,1.586800456047058,-0.0004949252569712459,1.1517851745235768,-0.0004907629529826839,1.1739101222025705,-0.0002915560479953795,0.01718011425792209,1,-1.0,-1.0,0,0,3,9,1,33.0,48.0,210.0,9.4,1011.2,cotonou/COTO,239.71117558433022,60.2,63.0,0.9903757960704663
6.353917489468301,2.415222474090048,COTO,cotonou,6.352268,2.402957,1369.261890938366,21238.37353,9.0,100.0,109.0,570.0,10,15.435822486877441,82.29324463625244,3.9090492092548232,5.435822486877441,0.0012757191527301862,0.5309692969363827,0.00120976318915685,0.5410583605532386,0.0002452651659647624,0.02473857622990538,1,-1.0,-1.0,0,0,1,7,1,29.8,77.0,200.0,11.2,1012.0,cotonou/COTO,331.6003083532061,58.1,69.85,0.82130519070503
6.381278936857618,2.3642400318836625,COTO,cotonou,6.352268,2.402957,5351.794736572529,21238.37353,9.0,100.0,109.0,570.0,10,13.272240400314331,307.01691159557964,1.0247425476852907,3.272240400314331,-8.095922416814876e-05,1.1045784941121326,-8.338831089161059e-05,1.1015746926987675,-0.0010774056116739908,0.04024741969749223,0,5062.218668661791,5040.768589557291,2,5,3,10,1,31.8,31.0,20.0,11.2,1010.9,cotonou/COTO,344.11074176779897,70.4,66.5,0.41080161147820604
6.3735514094009,2.3914736958302916,COTO,cotonou,6.352268,2.402957,2674.696161511904,21238.37353,9.0,100.0,109.0,570.0,10,12.394816398620605,331.7995874636799,2.0685206734740595,2.3948163986206055,-0.0004859907538802535,0.8119747073667447,-0.0005233513909123355,0.8224077313814727,-0.001244250647767492,0.0391125586345958,1,-1.0,-1.0,0,0,0,7,1,33.0,67.0,190.0,20.5,1010.0,cotonou/COTO,363.2414581239478,81.4,82.1,0.22588324494363465
6.356061315962481,2.374803728113124,COTO,cotonou,6.352268,2.402957,3143.0033343928835,21238.37353,9.0,100.0,109.0,570.0,10,14.353875637054443,277.722125375531,1.7248423345735562,4.353875637054443,0.0002090326678759249,0.5038390032050639,0.00011153175866644388,0.5006199148242887,-0.0028606920617939183,0.05013017448304727,1,-1.0,-1.0,0,0,4,9,1,31.5,70.0,236.0,9.3,1011.4,cotonou/COTO,363.9073676088481,59.2,61.8,0.5554198923971841
6.358572104955765,2.3800752500707283,COTO,cotonou,6.352268,2.402957,2625.8716399759455,21238.37353,9.0,100.0,109.0,570.0,10,13.41658616065979,285.495258987971,2.0846827510017136,3.41658616065979,-0.00011000199751420467,0.7221686121387894,-0.0001120182745565212,0.7329082641525345,-0.00016021824284968717,0.01658081751523158,1,-1.0,-1.0,0,0,3,7,1,31.9,70.0,220.0,18.4,1008.0,cotonou/COTO,331.6838992172874,70.7,65.8,0.21939245726327827
6.384025911495687,2.367784178444556,COTO,cotonou,6.352268,2.402957,5241.908099401656,21238.37353,9.0,100.0,109.0,570.0,10,14.127910614013672,312.2576086582094,1.036869934648766,4.127910614013672,8.017508188883463e-05,1.117571199165683,6.117214590816168e-05,1.115369535580696,-0.001067723168267144,0.04158704445101971,0,4937.26814973703,-1.0,3,0,2,3,1,34.0,32.0,222.0,5.4,1009.0,cotonou/COTO,327.77907193718073,61.3,68.0,0.895860101262783
6.362887213850071,2.3764740283766685,COTO,cotonou,6.352268,2.402957,3156.639188886545,21238.37353,9.0,100.0,109.0,570.0,10,12.34165358543396,291.9737650987033,1.7538860337431874,2.34165358543396,-0.0004293515247368962,1.0536129514454426,-0.00048737561372958334,1.0656890731816202,-0.0030494260009148733,0.08973735437193904,1,-1.0,-1.0,0,0,3,8,1,31.0,63.0,180.0,9.4,1011.0,cotonou/COTO,398.79289324162653,60.5,65.7,0.7435669867081814
6.367582410676047,2.3903128611794613,COTO,cotonou,6.352268,2.402957,2196.647136908924,21238.37353,9.0,100.0,109.0,570.0,10,12.681814193725586,320.6299251545361,2.5106867453322517,2.681814193725586,-0.0004617915497169838,0.6284323046921632,-0.0005745467605987125,0.654512614588022,-0.004679927551412582,0.16287028194866573,1,-1.0,-1.0,0,0,6,11,1,32.0,63.0,210.0,16.6,1010.0,cotonou/COTO,212.6801711490812,70.8,62.3,0.37480581749382635
6.3554811712960335,2.375385938402194,COTO,cotonou,6.352268,2.402957,3071.0948026554383,21238.37353,9.0,100.0,109.0,570.0,10,14.415698528289795,276.6895857248892,1.7640513082369527,4.415698528289795,0.00022935504666424106,0.46359032124618427,0.00022659385015094091,0.4595171934910788,0.0004843791325887044,0.02769477518554126,1,-1.0,-1.0,0,0,4,5,1,31.5,70.0,236.0,9.3,1011.4,cotonou/COTO,243.1128071492526,59.2,56.3,0.8015981378341127
6.362691805825445,2.4069413850522783,COTO,cotonou,6.352268,2.402957,1234.162161320664,21238.37353,9.0,100.0,109.0,570.0,10,15.10462999343872,20.80098109763611,4.350696103099489,5.104629993438721,0.0011092369518582782,0.4446572281232564,0.0010694160772759212,0.4430368861958916,0.0002253622702802298,0.01358207092307877,1,-1.0,-1.0,0,0,3,9,1,32.0,63.0,180.0,14.8,1011.0,cotonou/COTO,373.8657305772486,58.8,70.5,0.5843377907405364
6.365779096917628,2.363127087389679,COTO,cotonou,6.352268,2.402957,4653.164804327576,21238.37353,9.0,100.0,109.0,570.0,10,11.512753367424011,288.84799715037997,1.200213403477279,1.5127533674240112,-0.0004688542877507007,1.3696055262731663,-0.00046079053056914497,1.3742939780890662,0.00015522343943322723,0.0070700882131206596,1,-1.0,-1.0,0,0,0,0,1,30.1,50.0,198.0,11.1,1009.1,cotonou/COTO,370.6602309393415,61.3,67.2,0.0391097218494596
6.359094109036058,2.376437276449103,COTO,cotonou,6.352268,2.402957,3029.689300405776,21238.37353,9.0,100.0,109.0,570.0,10,13.105193138122559,284.5214247048116,1.812903390618074,3.1051931381225586,-0.00019897391829629086,0.7758230899386439,-0.0002227816570525548,0.7912588375799129,-0.001219503735128167,0.039920949862103476,1,-1.0,-1.0,0,0,2,0,1,31.5,70.0,236.0,9.3,1011.4,cotonou/COTO,281.94874002195616,59.2,63.8,0.8638224551408977
6.383859054322338,2.373287084709179,COTO,cotonou,6.352268,2.402957,4793.809036115445,21238.37353,9.0,100.0,109.0,570.0,10,12.790342807769775,316.97477090121953,1.149746961842793,2.7903428077697754,-0.00019373807180597918,1.1077629824397701,-0.0001912251912026739,1.1011400501685438,-0.0005589246749877929,0.026002279155220867,1,-1.0,-1.0,0,0,2,8,1,34.0,32.0,222.0,5.4,1009.0,cotonou/COTO,267.5261198461977,64.4,62.5,0.40057929798776903
6.382106497463046,2.365078173906982,COTO,cotonou,6.352268,2.402957,5333.990622231737,21238.37353,9.0,100.0,109.0,570.0,10,13.776901721954346,308.4033143622034,1.0227431105068343,3.7769017219543457,7.964324141657854e-06,1.1012440446386804,6.5464002114754774e-06,1.0975330493571551,-0.001244436370001899,0.057958164067522716,1,-1.0,-1.0,0,0,1,1,1,34.0,32.0,222.0,5.4,1009.0,cotonou/COTO,267.2888297328458,55.8,66.5,0.1443733926205064
6.363742081395956,2.3746284202974723,COTO,cotonou,6.352268,2.402957,3381.3681942315184,21238.37353,9.0,100.0,109.0,570.0,10,11.985615968704224,292.17453637033947,1.6434147355633995,1.9856159687042236,-0.0005080475294429916,1.1424798675587504,-0.0005320818182350933,1.1664448169551738,-0.0012908392482333714,0.05762437269279587,1,-1.0,-1.0,0,0,3,9,1,31.0,63.0,180.0,9.4,1011.0,cotonou/COTO,398.79289324162653,60.5,65.7,0.17742953910194503
6.373605488678931,2.39087205007954,COTO,cotonou,6.352268,2.402957,2712.1503459950095,21238.37353,9.0,100.0,109.0,570.0,10,12.314165592193604,330.62625940539783,2.041680808783938,2.3141655921936035,-0.0004943707063860795,0.8148793468130577,-0.0005478746147565943,0.83740044267455,-0.0009794354438781739,0.059905263232554955,1,-1.0,-1.0,0,0,3,9,1,33.0,67.0,200.0,18.4,1012.0,cotonou/COTO,357.773164030067,84.9,81.4,0.8232106100423348
6.358488665561852,2.3969018655278136,COTO,cotonou,6.352268,2.402957,960.243176382297,21238.37353,9.0,100.0,109.0,570.0,10,14.775221347808838,315.9494050274853,5.604261774572636,4.775221347808838,0.0011125050772346967,0.44743023631466405,0.001028287878223494,0.4381218743122714,-0.001059685813056098,0.03930467462184732,1,-1.0,-1.0,0,0,2,4,1,33.0,63.0,200.0,16.6,1009.0,cotonou/COTO,391.6664531205258,68.1,58.3,0.8801691259960955
6.3773026051482695,2.3623081544480855,COTO,cotonou,6.352268,2.402957,5281.142117907973,21238.37353,9.0,100.0,109.0,570.0,10,12.686701536178589,301.78852275697244,1.0447993481186815,2.686701536178589,-0.00019306188529466355,1.2123705913163758,-0.00020170555579081902,1.2065645004191845,-0.00017919275495741101,0.023227692426467265,1,-1.0,-1.0,0,0,1,7,1,31.0,75.0,200.0,18.4,1008.0,cotonou/COTO,333.1849486396399,76.1,64.2,0.22605148269519815
6.359394704064354,2.3797597729932405,COTO,cotonou,6.352268,2.402957,2684.8194459792167,21238.37353,9.0,100.0,109.0,570.0,10,13.49510145187378,287.1788261678601,2.0372771446421982,3.4951014518737793,-7.847777119389289e-05,0.7769719046591413,-0.00012609042983124225,0.7884474834017373,-0.0009043375651041667,0.056056573886917836,1,-1.0,-1.0,0,0,0,0,1,32.0,63.0,220.0,13.0,1010.0,cotonou/COTO,331.6838992172874,65.8,70.7,0.4857691525611627
6.35632617738865,2.3738728247295726,COTO,cotonou,6.352268,2.402957,3249.021638135528,21238.37353,9.0,100.0,109.0,570.0,10,14.268746852874756,277.99339604127636,1.6700915881800567,4.268746852874756,0.00017179064794417917,0.5078979533472522,0.0002102990552445951,0.5052063924863142,0.001995004432488724,0.09107811701611834,1,-1.0,-1.0,0,0,3,11,1,29.6,72.0,220.0,14.8,1010.1,cotonou/COTO,248.80347304650218,61.8,53.0,0.44793176490426156
6.360912174463666,2.405901963289321,COTO,cotonou,6.352268,2.402957,1009.9446427314127,21238.37353,9.0,100.0,109.0,570.0,10,14.902323246002197,18.705583193365385,5.322945050107097,4.902323246002197,0.0012134228935901468,0.44901320304722536,0.001149259010950724,0.44346245034168635,0.0015153686205546062,0.07209020816743722,1,-1.0,-1.0,0,0,5,5,1,31.6,70.0,230.0,16.6,1013.0,cotonou/COTO,320.01321175851473,70.5,66.4,0.2557684560527308
6.36323683387563,2.361504847789775,COTO,cotonou,6.352268,2.402957,4743.94631308622,21238.37353,9.0,100.0,109.0,570.0,10,11.631069302558899,284.9115189831724,1.1758239270473931,1.631069302558899,-0.0004352038011610882,1.2554005797565033,-0.00042820370082405373,1.2610043836369773,0.00024015194344670604,0.008127542285474583,1,-1.0,-1.0,0,0,3,8,1,33.0,48.0,210.0,9.4,1011.2,cotonou/COTO,272.838812854726,67.2,60.2,0.17071925505137597
6.359654564350261,2.379660113313699,COTO,cotonou,6.352268,2.402957,2703.9038348601593,21238.37353,9.0,100.0,109.0,570.0,10,13.454079389572144,287.6951804128591,2.023778028847125,3.4540793895721436,-9.264177455133566e-05,0.7875906492403856,-0.00014044033730685885,0.7940929775937959,-0.001658655625279535,0.058798448478456486,1,-1.0,-1.0,0,0,1,0,1,32.0,63.0,220.0,13.0,1010.0,cotonou/COTO,331.6838992172874,65.8,70.7,0.39262926513956
6.382883396792345,2.374198851319425,COTO,cotonou,6.352268,2.402957,4646.104504159459,21238.37353,9.0,100.0,109.0,570.0,10,12.65223479270935,316.97016248166483,1.18799075611564,2.6522347927093506,-0.00022682938524471819,1.1246247039814927,-0.00021198297002512938,1.1179284656888369,0.0006257428063286676,0.02815842628479004,1,-1.0,-1.0,0,0,1,13,1,32.1,54.0,211.0,13.0,1008.6,cotonou/COTO,217.8231826505345,70.5,64.4,0.8103052248809075
6.3720257491184435,2.393292655805851,COTO,cotonou,6.352268,2.402957,2432.5660724498575,21238.37353,9.0,100.0,109.0,570.0,10,12.295861721038818,334.0747812532752,2.2765354628836723,2.2958617210388184,-0.0005736299646579152,0.8170859096078201,-0.0005448441907583947,0.8278255577602578,0.00026906331380208327,0.022390620629670316,1,-1.0,-1.0,0,0,0,6,1,31.7,72.0,200.0,14.8,1010.3,cotonou/COTO,361.2210155846181,76.9,82.1,0.8088185023843507
6.385158288331667,2.3753837882714794,COTO,cotonou,6.352268,2.402957,4747.210024440103,21238.37353,9.0,100.0,109.0,570.0,10,13.232219696044922,320.2016390345853,1.1556989091884449,3.232219696044922,-9.953285913047552e-05,1.0274468099498926,-8.188380339571401e-05,1.0244597742369623,0.0013344798941990722,0.040444609756425,1,-1.0,-1.0,0,0,1,6,1,31.0,59.0,170.0,13.0,1007.0,cotonou/COTO,285.70158014965295,66.1,70.2,0.896546528472269
6.355130984279728,2.3736171789187335,COTO,cotonou,6.352268,2.402957,3261.5692258738895,21238.37353,9.0,100.0,109.0,570.0,10,14.681883811950684,275.60913531606514,1.6564187340321157,4.681883811950684,0.00029813222564323955,0.42573906918498805,0.00031291006563662044,0.4229099327082141,0.0007455348968505859,0.027393932722976508,1,-1.0,-1.0,0,0,0,13,1,33.0,63.0,210.0,13.0,1009.0,cotonou/COTO,313.5332494330497,78.1,61.8,0.9007602604321132
6.360551291642061,2.3627321962673062,COTO,cotonou,6.352268,2.402957,4543.754548386804,21238.37353,9.0,100.0,109.0,570.0,10,12.208295345306396,281.7081978373273,1.220338265296972,2.2082953453063965,-0.0003237202033345097,1.0134841187367687,-0.0003200311681408903,1.0247628031669882,-9.269118309020996e-05,0.016724163529056906,0,-1.0,4307.0058144027225,0,2,0,3,1,33.0,48.0,210.0,9.4,1011.2,cotonou/COTO,363.6499594390807,60.2,68.1,0.7648579929065717
6.365265209939583,2.4082111033685853,COTO,cotonou,6.352268,2.402957,1550.4355284040523,21238.37353,9.0,100.0,109.0,570.0,10,14.669935703277588,21.888074889719803,3.481641442031276,4.669935703277588,0.0005659541494129656,0.42478215717865636,0.0005321021433229801,0.418380742299399,-0.002873690923055013,0.10577857112128419,1,-1.0,-1.0,0,0,3,8,1,32.0,63.0,180.0,14.8,1011.0,cotonou/COTO,335.1905947367722,58.8,56.6,0.31368856999256534
6.361311731104004,2.406757074546267,COTO,cotonou,6.352268,2.402957,1084.9069144264422,21238.37353,9.0,100.0,109.0,570.0,10,14.902602672576904,22.665466251589464,4.957038439306316,4.902602672576904,0.0010771272418735264,0.46020420391775313,0.0010904700453964022,0.45634879473471995,0.0011247069982592134,0.032186376120155125,1,-1.0,-1.0,0,0,3,11,1,31.6,70.0,230.0,16.6,1013.0,cotonou/COTO,264.2872471383624,70.5,62.5,0.11891611427778903
6.348557456942632,2.383466085737998,COTO,cotonou,6.352268,2.402957,2195.1866528185146,21238.37353,9.0,100.0,109.0,570.0,10,12.813481092453003,259.15751528406554,2.50892499970344,2.813481092453003,-0.00040248213587580503,0.4690214766567012,-0.00037823592291937936,0.481747898254215,-0.0023765802383422852,0.10026067601696435,1,-1.0,-1.0,0,0,5,5,1,32.0,71.0,200.0,18.4,1008.0,cotonou/COTO,255.0899788310412,65.8,63.1,0.6457319370356773
6.385231171467606,2.371301479579325,COTO,cotonou,6.352268,2.402957,5055.130369885602,21238.37353,9.0,100.0,109.0,570.0,10,12.682768821716309,316.3382356491935,1.0915451786952135,2.6827688217163086,-0.00020179118552773837,1.0942205850046054,-0.00019407170093082776,1.0881896916026672,0.00024629632631937665,0.014332790322551001,0,4893.042021352196,4832.258890652168,2,4,3,4,1,34.0,32.0,222.0,5.4,1009.0,cotonou/COTO,263.34150546393204,57.6,62.5,0.546497632892991
6.362745759796219,2.3648795656416945,COTO,cotonou,6.352268,2.402957,4369.308929792258,21238.37353,9.0,100.0,109.0,570.0,10,11.57414197921753,285.4780528709515,1.277356608214608,1.5741419792175293,-0.0004894352221933129,1.179705235826994,-0.0004767437238950987,1.19877550259954,5.343258380889893e-05,0.0062812781972462674,1,-1.0,-1.0,0,0,3,7,1,33.0,39.0,280.0,7.6,1012.0,cotonou/COTO,239.71117558433022,63.0,60.2,0.3646889524791589
6.352200645998717,2.373907975669375,COTO,cotonou,6.352268,2.402957,3214.0094866152576,21238.37353,9.0,100.0,109.0,570.0,10,13.967224597930908,269.86793875054343,1.6936449571192989,3.967224597930908,8.031887772642537e-05,0.35771051014652183,5.162207484073757e-05,0.3599297373718404,-0.001905353685944684,0.061108623757869095,1,-1.0,-1.0,0,0,0,6,1,33.0,63.0,210.0,13.0,1009.0,cotonou/COTO,135.44729233169025,78.1,74.7,0.7333594952955845
6.367422589908711,2.4001482462324,COTO,cotonou,6.352268,2.402957,1704.482034591613,21238.37353,9.0,100.0,109.0,570.0,10,13.399049282073975,349.5632903330747,3.210240911301415,3.3990492820739746,-0.00018008312983819617,0.5744377364160395,-0.0002537335783638944,0.5889862471786734,-0.0015685142408975285,0.028068706194804595,1,-1.0,-1.0,0,0,3,11,1,32.0,63.0,210.0,14.8,1011.0,cotonou/COTO,311.79147214124436,68.2,66.0,0.5371124864615351
6.354102752216612,2.4068273946801306,COTO,cotonou,6.352268,2.402957,473.8596511306862,21238.37353,9.0,100.0,109.0,570.0,10,14.690194606781006,64.49971221775843,11.256194634813502,4.690194606781006,0.002058027407248218,0.4012862491388312,0.0019287617118270309,0.39943443193646944,0.0008422798580593533,0.034097879473418295,1,-1.0,-1.0,0,0,2,9,1,31.4,69.0,240.0,16.6,1010.7,cotonou/COTO,245.31000000003797,71.6,65.4,0.05029672542621466
6.355204122835828,2.3746681577152247,COTO,cotonou,6.352268,2.402957,3146.6821713818417,21238.37353,9.0,100.0,109.0,570.0,10,14.617239475250244,275.9634846713064,1.7180359202402016,4.617239475250244,0.0002925177776080681,0.439077191403449,0.00023664482426192108,0.43508574088089197,-0.0009503108425425356,0.040496117370941255,1,-1.0,-1.0,0,0,3,10,1,29.6,72.0,220.0,14.8,1010.1,cotonou/COTO,182.1212014017086,61.8,56.3,0.714912169891792
6.364668260089412,2.3720459637277904,COTO,cotonou,6.352268,2.402957,3684.66218214383,21238.37353,9.0,100.0,109.0,570.0,10,11.664621710777283,291.9828160082665,1.5131942650214703,1.6646217107772827,-0.0005565014314129927,1.242664857370324,-0.0005505249341328939,1.2632450880336408,-0.0006834228833516439,0.02512006945408888,1,-1.0,-1.0,0,0,3,4,1,33.0,49.0,210.0,16.6,1009.0,cotonou/COTO,320.12677113920535,66.8,60.5,0.2685999006534423
6.3548301621681516,2.398146930718523,COTO,cotonou,6.352268,2.402957,602.9157433431278,21238.37353,9.0,100.0,109.0,570.0,10,15.30284070968628,298.18971626597977,8.83348830534833,5.302840709686279,0.002533094088236491,0.5133988490834261,0.002812622248355537,0.5644173735601951,0.004487477972417328,0.14540231830697628,1,-1.0,-1.0,0,0,4,12,1,31.0,71.0,210.0,20.5,1010.0,cotonou/COTO,221.7167693252332,62.1,62.0,0.14221429855426992
6.363334570737678,2.3657511244408034,COTO,cotonou,6.352268,2.402957,4294.507732457823,21238.37353,9.0,100.0,109.0,570.0,10,11.526253700256348,286.6635620833957,1.3002364598275924,1.5262537002563477,-0.0005048004013520699,1.2089399210143703,-0.000498741933669167,1.2187761531574266,1.7041630215115003e-05,0.004674956752779045,1,-1.0,-1.0,0,0,2,3,1,33.0,39.0,280.0,7.6,1012.0,cotonou/COTO,383.9926241478955,63.0,66.1,0.20249875734048894
6.34699444800219,2.404993056905471,COTO,cotonou,6.352268,2.402957,625.1870495050921,21238.37353,9.0,100.0,109.0,570.0,10,12.5949866771698,159.00708618828037,8.766071100429269,2.5949866771698,-0.001765086915757921,0.3813983056498816,-0.0023490057528755596,0.504357423826235,-0.005653435695073845,0.13752558281696087,1,-1.0,-1.0,0,0,0,10,1,31.0,71.0,180.0,18.4,1010.0,cotonou/COTO,313.45464504453633,69.1,77.3,0.9712898901011673
6.361513445840888,2.3648115640862484,COTO,cotonou,6.352268,2.402957,4342.477076471147,21238.37353,9.0,100.0,109.0,570.0,10,11.837427139282227,283.7074819004532,1.2817745531423852,1.8374271392822266,-0.00043028326290020486,1.1053217595383653,-0.00045050530303900266,1.1226937671255066,-0.0013579363769940895,0.0186001998604568,1,-1.0,-1.0,0,0,1,5,1,33.0,39.0,280.0,7.6,1012.0,cotonou/COTO,255.36031896131075,61.3,60.2,0.16673284758153217
6.3632368054498345,2.35966525014173,COTO,cotonou,6.352268,2.402957,4940.985505446151,21238.37353,9.0,100.0,109.0,570.0,10,11.674470663070679,284.30457620599896,1.1284431078653296,1.6744706630706787,-0.00041001814713530205,1.2666438838820802,-0.00039938226669372433,1.2753669222338915,0.0004099872377183702,0.017230164803189365,1,-1.0,-1.0,0,0,1,0,1,33.0,48.0,210.0,9.4,1011.2,cotonou/COTO,275.55065323816524,67.2,65.7,0.5744959105926708
6.36325612079731,2.3613781796284794,COTO,cotonou,6.352268,2.402957,4758.040452499199,21238.37353,9.0,100.0,109.0,570.0,10,11.631069302558899,284.89309877034304,1.1723419065392195,1.631069302558899,-0.0004352038011610882,1.2551027557761472,-0.00042600977248039793,1.2662438342111262,0.0001613686482111613,0.008506740053133831,0,-1.0,4586.407730765761,0,1,2,7,1,33.0,48.0,210.0,9.4,1011.2,cotonou/COTO,272.838812854726,60.2,67.2,0.8814075602965271
6.3666143841670975,2.413571311195414,COTO,cotonou,6.352268,2.402957,1973.8826836515193,21238.37353,9.0,100.0,109.0,570.0,10,14.48693323135376,36.326717720858255,2.741331663632706,4.48693323135376,0.00039390999861437865,0.40943973333056394,0.00024338602973227562,0.4096672802968288,-0.0031492699622514167,0.05962576957993859,1,-1.0,-1.0,0,0,6,8,1,32.0,63.0,180.0,14.8,1011.0,cotonou/COTO,281.80230889756126,65.5,57.9,0.31390725022743615
6.366877367115068,2.410047850602009,COTO,cotonou,6.352268,2.402957,1796.0246411190153,21238.37353,9.0,100.0,109.0,570.0,10,14.38318681716919,25.751177875340147,3.0156252604542626,4.3831868171691895,0.0003756641017066108,0.41019187530292334,0.00029248399869392325,0.41018049323065475,-0.0014686127277911375,0.03660890399224098,1,-1.0,-1.0,0,0,2,3,1,32.0,63.0,180.0,14.8,1011.0,cotonou/COTO,382.5959232662903,56.6,65.5,0.13931504431742003
6.383796068668556,2.37450374557469,COTO,cotonou,6.352268,2.402957,4697.486368035656,21238.37353,9.0,100.0,109.0,570.0,10,12.894652128219604,318.11247370018674,1.1720444328717419,2.8946521282196045,-0.0001604663684898502,1.0940666825157275,-0.00017207568546511094,1.0872887595378686,0.0006182491779327393,0.03373434831863653,1,-1.0,-1.0,0,0,3,12,1,34.0,32.0,222.0,5.4,1009.0,cotonou/COTO,262.7208442434569,64.4,70.2,0.3741958812114863
6.370571237758847,2.3540451019905686,COTO,cotonou,6.352268,2.402957,5777.704066489781,21238.37353,9.0,100.0,109.0,570.0,10,12.990944147109985,290.63540219135393,0.9520057436813956,2.9909441471099854,-0.00012925409777646429,1.3703124199827394,-0.0001263925356742663,1.3635757934361656,-0.0005375921726226806,0.027835364025777153,0,-1.0,4967.204498044321,0,3,0,6,1,29.5,69.0,210.0,9.4,1009.5,cotonou/COTO,399.9159167874965,51.6,61.5,0.15110113260772318
6.373895559641975,2.3622524801802913,COTO,cotonou,6.352268,2.402957,5099.1920464780105,21238.37353,9.0,100.0,109.0,570.0,10,12.742464780807495,298.1322927461632,1.0814449644801543,2.742464780807495,-0.00018731530998441088,1.3238485927961754,-0.0001237262144710176,1.316417723057279,0.004724393849094867,0.1265551848641748,1,-1.0,-1.0,0,0,1,9,1,31.5,72.0,200.0,11.2,1008.3,cotonou/COTO,349.29744130181854,63.4,76.5,0.8657492541128982
6.365736126540873,2.4144743783591025,COTO,cotonou,6.352268,2.402957,1960.1322809564454,21238.37353,9.0,100.0,109.0,570.0,10,14.782427787780762,40.36046398065747,2.751915065403686,4.782427787780762,0.0005431496735775112,0.40574909234882817,0.0004240722798589452,0.40519313001476864,-0.003120401170518663,0.127617716982502,1,-1.0,-1.0,0,0,1,9,1,32.0,63.0,180.0,14.8,1011.0,cotonou/COTO,281.80230889756126,65.5,57.9,0.8100979995067095
6.35264626834066,2.373967233904704,COTO,cotonou,6.352268,2.402957,3207.71588757838,21238.37353,9.0,100.0,109.0,570.0,10,13.984730243682861,270.75379404709463,1.696653570134882,3.9847302436828613,8.371057958589479e-05,0.34427322128219445,6.329882432471174e-05,0.34683897057429186,-0.0015746803960863098,0.049364534945933694,1,-1.0,-1.0,0,0,0,4,1,33.0,63.0,210.0,13.0,1009.0,cotonou/COTO,384.84357926308275,74.7,56.3,0.20900265626120818
6.368733113795726,2.3992962109115537,COTO,cotonou,6.352268,2.402957,1865.3451956553338,21238.37353,9.0,100.0,109.0,570.0,10,12.756392478942871,347.53991983196636,2.9535911455296473,2.756392478942871,-0.0005029624101346133,0.6506977210432298,-0.0005741764007897161,0.6756587503912281,-0.003876397660342286,0.12854862991831323,1,-1.0,-1.0,0,0,0,14,1,32.0,63.0,210.0,14.8,1011.0,cotonou/COTO,322.2748851523748,68.2,73.4,0.05377240854759224
6.369841257547279,2.390445821740554,COTO,cotonou,6.352268,2.402957,2385.9652015026845,21238.37353,9.0,100.0,109.0,570.0,10,11.991061210632324,324.71895488898457,2.328258211967496,1.9910612106323242,-0.0007149709264437358,0.7223332233742806,-0.000727879128805021,0.7739330269058257,-0.0008632719516754151,0.04258719129106848,1,-1.0,-1.0,0,0,0,3,1,33.0,67.0,200.0,18.4,1012.0,cotonou/COTO,203.52690731203887,86.3,61.2,0.04259648345728795
6.365944892579369,2.3642004656851183,COTO,cotonou,6.352268,2.402957,4546.9217780908175,21238.37353,9.0,100.0,109.0,570.0,10,11.488264918327332,289.55093957167634,1.2285574423665895,1.4882649183273315,-0.00048656283240569267,1.3701422678861752,-0.0004823979877290272,1.380948894503057,-7.737676302591961e-05,0.0059572828352784345,1,-1.0,-1.0,0,0,0,0,1,30.1,50.0,198.0,11.1,1009.1,cotonou/COTO,322.59013949595317,66.1,61.3,0.6584601085799214
6.363215589928799,2.4162075222769857,COTO,cotonou,6.352268,2.402957,1901.3068056776733,21238.37353,9.0,100.0,109.0,570.0,10,15.1748628616333,50.26206760265478,2.825123763268074,5.174862861633301,0.000764516368508339,0.40916877561842063,0.0006677534845140245,0.4030735816876904,-0.002113640308380127,0.09560385767869972,1,-1.0,-1.0,0,0,3,2,1,33.0,63.0,248.0,13.0,1011.0,cotonou/COTO,306.3941828756752,57.9,65.7,0.9375150520173782
6.369372923693365,2.3970729668858,COTO,cotonou,6.352268,2.402957,2000.4863073824306,21238.37353,9.0,100.0,109.0,570.0,10,12.400272369384766,341.1258561214321,2.764558201255395,2.4002723693847656,-0.0006601578077303329,0.6716120019765089,-0.0007361211638519729,0.7412833019601476,-0.0028470171822441944,0.10462115109169348,1,-1.0,-1.0,0,0,2,4,1,31.7,72.0,200.0,14.8,1010.3,cotonou/COTO,256.52289722354817,86.5,73.4,0.47503599369598215
6.356595248435681,2.4055583030605745,COTO,cotonou,6.352268,2.402957,558.4222507445023,21238.37353,9.0,100.0,109.0,570.0,10,14.983467102050781,30.856127979879886,9.556751026057322,4.983467102050781,0.002239430996409634,0.6248046186366497,0.0010983529246336695,0.594028723177477,-0.006549005863909524,0.1890456912699734,1,-1.0,-1.0,0,0,0,12,1,31.4,69.0,240.0,16.6,1010.7,cotonou/COTO,285.8934238489022,64.7,68.1,0.14852020989322334
6.363210982341563,2.359083056427968,COTO,cotonou,6.352268,2.402957,5002.761320844093,21238.37353,9.0,100.0,109.0,570.0,10,11.681709170341492,284.09054509840666,1.1144293713410274,1.6817091703414917,-0.0004036948251688349,1.2683369567111498,-0.00038962999039147733,1.2762190281822372,0.0006264050801595052,0.026658464969201965,1,-1.0,-1.0,0,0,3,2,1,33.0,48.0,210.0,9.4,1011.2,cotonou/COTO,275.55065323816524,67.2,65.7,0.8092514403354548
6.357279565217773,2.391481506050817,COTO,cotonou,6.352268,2.402957,1385.3399404638767,21238.37353,9.0,100.0,109.0,570.0,10,15.047137260437012,293.7222281822003,3.8798217837741085,5.047137260437012,0.0009504580328650509,0.6720287914311782,0.0008009504940774706,0.66585124545255,-0.004634163114759657,0.17152094038991836,1,-1.0,-1.0,0,0,3,9,1,32.6,66.0,210.0,11.2,1010.9,cotonou/COTO,267.5192114597196,58.2,57.1,0.2528014341378977
6.37455841646,2.3552377901587502,COTO,cotonou,6.352268,2.402957,5826.688769075608,21238.37353,9.0,100.0,109.0,570.0,10,13.354913473129272,295.1767308651566,0.9404256656244672,3.3549134731292725,-9.684127092031381e-05,1.3361397206179615,-5.3483504737920326e-05,1.3328385280012103,-2.4727550599087223e-05,0.006341050410669122,0,-1.0,5301.23587406879,0,21,0,1,1,32.0,71.0,220.0,18.4,1009.0,cotonou/COTO,396.8541073241009,65.2,58.3,0.8951735250000454
6.357657105554132,2.374511563150388,COTO,cotonou,6.352268,2.402957,3203.1338943403393,21238.37353,9.0,100.0,109.0,570.0,10,13.537882566452026,280.7941259717667,1.707065053010071,3.5378825664520264,-5.127253950951389e-05,0.6407916854214568,-0.00020186513392760674,0.6494146832038135,-0.005316410662138266,0.08188155595922829,1,-1.0,-1.0,0,0,4,7,1,32.4,63.0,230.0,7.6,1010.7,cotonou/COTO,320.4806640032702,53.0,63.8,0.09035997659816175
6.356893766356597,2.3764289121620523,COTO,cotonou,6.352268,2.402957,2979.3155669004514,21238.37353,9.0,100.0,109.0,570.0,10,14.04482364654541,279.9527491787845,1.8254829677163154,4.04482364654541,0.0001126107374827067,0.5765392474929953,8.513045359175006e-05,0.5774270617305788,0.00015019018418451274,0.03741445716550495,1,-1.0,-1.0,0,0,0,7,1,31.5,70.0,236.0,9.3,1011.4,cotonou/COTO,247.88812658137354,59.2,62.4,0.004870033908475291
6.355683514594206,2.374075647330556,COTO,cotonou,6.352268,2.402957,3217.685118749132,21238.37353,9.0,100.0,109.0,570.0,10,14.471014976501465,276.78738222447583,1.68274841695156,4.471014976501465,0.00024132432454009142,0.45804118113727643,0.00026904138548108843,0.45595681426511553,0.001321607814562608,0.045598269666859266,1,-1.0,-1.0,0,0,1,15,1,29.6,72.0,220.0,14.8,1010.1,cotonou/COTO,363.9073676088481,61.8,59.2,0.19438052596425703
6.361347804369719,2.3608097805315387,COTO,cotonou,6.352268,2.402957,4770.034819697396,21238.37353,9.0,100.0,109.0,570.0,10,11.89348030090332,282.23275021399996,1.1662441759601079,1.8934803009033203,-0.00038128920978531405,1.1116691950801223,-0.00037656353620762155,1.12439627454953,-0.001093839274512397,0.041920195862749234,0,-1.0,4196.483538771858,0,4,0,0,1,33.0,48.0,210.0,9.4,1011.2,cotonou/COTO,234.36776676836976,67.2,61.2,0.9340648948712128
6.3653309283444885,2.3716134227159102,COTO,cotonou,6.352268,2.402957,3756.6876629792705,21238.37353,9.0,100.0,109.0,570.0,10,11.630510687828064,292.75226152037544,1.4847153967448579,1.630510687828064,-0.0005493335307590545,1.3084579782616272,-0.0005702382481778036,1.318135844658229,-0.0013937639494377766,0.043825141545694876,1,-1.0,-1.0,0,0,0,2,1,31.0,63.0,180.0,9.4,1011.0,cotonou/COTO,344.695661852635,60.5,62.4,0.8925191516811181
6.36224737041588,2.37723817394177,COTO,cotonou,6.352268,2.402957,3052.0323155584897,21238.37353,9.0,100.0,109.0,570.0,10,12.663651704788208,291.32803577697166,1.8079212681570618,2.663651704788208,-0.0003541331391046777,0.9887424474366701,-0.0003419308758876254,1.0035711837472197,-0.001303205400657624,0.04556031562281686,1,-1.0,-1.0,0,0,3,4,1,31.7,62.0,220.0,11.2,1010.7,cotonou/COTO,353.12133962707986,65.7,63.8,0.08255868762088336
6.348010407545552,2.3840097790038066,COTO,cotonou,6.352268,2.402957,2148.5645708625134,21238.37353,9.0,100.0,109.0,570.0,10,11.187092542648315,257.260951066326,2.6065774514784565,1.1870925426483154,-0.001180197231006508,0.6321364202544651,-0.0011430318828101632,0.7559506393912651,-0.015086697538693747,0.7166835391230725,1,-1.0,-1.0,0,0,2,6,1,32.0,71.0,200.0,18.4,1008.0,cotonou/COTO,255.0899788310412,63.1,65.8,0.018654935921825877
6.372660358909589,2.355218640760136,COTO,cotonou,6.352268,2.402957,5742.995679261204,21238.37353,9.0,100.0,109.0,570.0,10,13.274692296981812,293.2614798120782,0.9549281566484528,3.2746922969818115,-9.124068506179816e-05,1.361226516472162,-8.202905917085734e-05,1.3542255600766184,-0.0011404077212015787,0.05558596354899468,0,-1.0,5294.144313547402,0,3,1,4,1,31.0,63.0,210.0,16.6,1009.0,cotonou/COTO,309.1504439589486,58.6,65.2,0.13669341521157308
6.369306171143553,2.39051467366046,COTO,cotonou,6.352268,2.402957,2333.5178793925447,21238.37353,9.0,100.0,109.0,570.0,10,12.078321933746338,324.02980736116814,2.378388925518674,2.078321933746338,-0.0006960126069875864,0.6788777405132415,-0.0007284818092981975,0.7341711945414758,-0.0013298537996080187,0.05984342098236084,1,-1.0,-1.0,0,0,1,3,1,32.0,63.0,210.0,16.6,1010.0,cotonou/COTO,281.07558431847417,70.8,86.3,0.773947405531575
6.370106200625271,2.3924172223588793,COTO,cotonou,6.352268,2.402957,2291.573335923099,21238.37353,9.0,100.0,109.0,570.0,10,12.616134881973267,329.5784234154558,2.4084481965462596,2.6161348819732666,-0.00047223227364676334,0.5924624615807873,-0.0005181599266921418,0.6345415973084962,-0.0018974125385284423,0.09384586250763846,1,-1.0,-1.0,0,0,4,5,1,33.0,67.0,190.0,20.5,1010.0,cotonou/COTO,247.7688085695969,82.1,61.2,0.6700958532353415
6.361068958829719,2.3629036423133796,COTO,cotonou,6.352268,2.402957,4537.109779317262,21238.37353,9.0,100.0,109.0,570.0,10,12.000679016113281,282.4691985058744,1.224745591962187,2.0006790161132812,-0.00037419131973333525,1.088798539549175,-0.00036590698934605386,1.0948986283012998,-0.0005218543850138167,0.0282017888714548,0,4127.951582785645,4091.581965316168,2,5,0,0,1,33.0,48.0,210.0,9.4,1011.2,cotonou/COTO,363.6499594390807,68.1,60.2,0.4015944790093775
6.38254910299031,2.3745768604648045,COTO,cotonou,6.352268,2.402957,4590.5279725781575,21238.37353,9.0,100.0,109.0,570.0,10,12.637079238891602,317.03450081239754,1.20255838463207,2.6370792388916016,-0.000232651724498889,1.1303406870801602,-0.000232088089163914,1.1236610113574423,0.0005227745813623823,0.04059195055201466,1,-1.0,-1.0,0,0,1,2,1,34.0,32.0,222.0,5.4,1009.0,cotonou/COTO,217.8231826505345,64.4,70.5,0.44684385360840184
6.383952051768956,2.3713793412492907,COTO,cotonou,6.352268,2.402957,4948.011214048017,21238.37353,9.0,100.0,109.0,570.0,10,13.022546529769897,315.27541622277295,1.1112370708052413,3.0225465297698975,-0.00014422408347400717,1.118624348092213,-0.00015097973113526367,1.1119540280056353,-0.0031362930933634438,0.1156323380434725,0,-1.0,4620.788027547847,0,4,3,11,1,34.0,32.0,222.0,5.4,1009.0,cotonou/COTO,265.7725736414513,53.4,57.6,0.12543338862451991
6.35445605199715,2.4059794752068404,COTO,cotonou,6.352268,2.402957,412.76985410188985,21238.37353,9.0,100.0,109.0,570.0,10,14.937313556671143,53.93020820869401,12.837438262528785,4.937313556671143,0.0028851746466711883,0.5003090299446036,0.0025503074129422506,0.4977593437421496,-0.000701088375515408,0.02655092547991483,1,-1.0,-1.0,0,0,5,7,1,31.4,69.0,240.0,16.6,1010.7,cotonou/COTO,245.31000000003797,71.6,65.4,0.4659435260586564
6.354653412073651,2.405505811023238,COTO,cotonou,6.352268,2.402957,386.15270343326796,21238.37353,9.0,100.0,109.0,570.0,10,15.163139820098877,46.72039840236374,13.658393759965827,5.163139820098877,0.0037377785036406094,0.5602217145249949,0.0032792064878675664,0.5749740202107313,0.0003317250145806207,0.012869756724606728,1,-1.0,-1.0,0,0,6,8,1,31.4,69.0,240.0,16.6,1010.7,cotonou/COTO,245.31000000003797,65.4,71.6,0.30186814864607503
6.36764121700156,2.400034103573483,COTO,cotonou,6.352268,2.402957,1730.5752731735647,21238.37353,9.0,100.0,109.0,570.0,10,13.385339498519897,349.2997724997491,3.1623890815645552,3.3853394985198975,-0.00018900092826191375,0.5786293250156953,-0.00033754602254131033,0.5949117460226322,-0.0033366710306601912,0.05856486511993991,1,-1.0,-1.0,0,0,2,14,1,32.0,63.0,210.0,14.8,1011.0,cotonou/COTO,311.79147214124436,68.2,66.0,0.4493104411407596
6.377243121368516,2.3615478612298766,COTO,cotonou,6.352268,2.402957,5349.5570924543645,21238.37353,9.0,100.0,109.0,570.0,10,12.820095539093018,301.2546532115686,1.0300121764861843,2.8200955390930176,-0.00016515752234716433,1.2172407401772014,-0.00017501616438745634,1.214117835209437,-0.0006704791151598147,0.023600552390400473,0,-1.0,4824.249882974877,0,3,3,12,1,31.0,75.0,200.0,18.4,1008.0,cotonou/COTO,238.48215027541633,76.1,77.1,0.04190753577711259
6.364818568137762,2.41058485880322,COTO,cotonou,6.352268,2.402957,1624.3815613271322,21238.37353,9.0,100.0,109.0,570.0,10,15.097142219543457,31.13286322857357,3.308493712840695,5.097142219543457,0.0008425156275431316,0.4526834614664841,0.0007903898046130227,0.44933515785491746,-0.0010387208726671008,0.040476195385241075,1,-1.0,-1.0,0,0,1,5,1,32.0,63.0,180.0,14.8,1011.0,cotonou/COTO,273.522108978383,67.6,56.6,0.08571278989186604
6.368672303345753,2.398948375137707,COTO,cotonou,6.352268,2.402957,1867.5446720853245,21238.37353,9.0,100.0,109.0,570.0,10,12.763568639755249,346.34964493023745,2.949899160855828,2.763568639755249,-0.0004991654996518735,0.6292649490927517,-0.0005292327453692753,0.6527313349747613,-0.0029909133911132815,0.11014012089793229,1,-1.0,-1.0,0,0,0,14,1,32.0,63.0,210.0,14.8,1011.0,cotonou/COTO,322.2748851523748,73.4,68.2,0.8246066915059681
6.3675470467737805,2.390455854349494,COTO,cotonou,6.352268,2.402957,2183.578194726633,21238.37353,9.0,100.0,109.0,570.0,10,12.788623094558716,320.88428859100446,2.5228969000049695,2.788623094558716,-0.0004260682901841966,0.607938875009899,-0.0005430221557617186,0.6497925187105694,-0.0038918124304877385,0.14711704783141102,1,-1.0,-1.0,0,0,3,13,1,32.0,63.0,210.0,16.6,1010.0,cotonou/COTO,212.6801711490812,70.8,62.3,0.29792776908921204
6.387657164953554,2.374954735021229,COTO,cotonou,6.352268,2.402957,4991.441261829474,21238.37353,9.0,100.0,109.0,570.0,10,13.245836973190308,321.82069633905024,1.099008535135592,3.2458369731903076,-9.204679858422801e-05,0.9663036833733186,-0.00010156995376812857,0.9636059004173911,-0.0020466908544491736,0.08543737154523062,0,4921.421043727657,4671.34883622117,2,2,6,4,1,33.0,41.0,50.0,9.4,1007.0,cotonou/COTO,339.277088085809,64.0,66.1,0.8255452494703636
6.356697013877235,2.4040198490323874,COTO,cotonou,6.352268,2.402957,503.7138772061797,21238.37353,9.0,100.0,109.0,570.0,10,14.693601608276367,13.414374722095658,10.604275901369586,4.693601608276367,0.0018854318136707438,0.5557030495975293,0.0016144907265378714,0.5293717524773454,-0.001750961939493815,0.06461223406183131,1,-1.0,-1.0,0,0,1,6,1,31.4,69.0,240.0,16.6,1010.7,cotonou/COTO,285.8934238489022,68.1,64.7,0.25285954567606317
6.36878107582985,2.3995553791492523,COTO,cotonou,6.352268,2.402957,1864.5243768186558,21238.37353,9.0,100.0,109.0,570.0,10,12.779965877532959,348.43004177441634,2.9541666272962535,2.779965877532959,-0.0004904897124679,0.6585149192277664,-0.0005671076096142537,0.6826063350455708,-0.0035392673641739016,0.11417752801768175,1,-1.0,-1.0,0,0,0,15,1,32.0,63.0,210.0,14.8,1011.0,cotonou/COTO,147.1577031622736,69.0,68.2,0.9189391159596945
6.381793957467462,2.3664916140809864,COTO,cotonou,6.352268,2.402957,5190.211945995976,21238.37353,9.0,100.0,109.0,570.0,10,13.774946212768555,309.1725342760697,1.0510903366195834,3.7749462127685547,1.291948353410406e-05,1.1043074590911155,4.087248302641364e-05,1.1016663094947803,0.0014471424950493706,0.06945907632269627,1,-1.0,-1.0,0,0,0,12,1,34.0,32.0,222.0,5.4,1009.0,cotonou/COTO,290.9174264288137,61.3,55.8,0.37277424025454586
6.3695785555014055,2.3984697545230085,COTO,cotonou,6.352268,2.402957,1977.6667899962706,21238.37353,9.0,100.0,109.0,570.0,10,12.407329320907593,345.5536016176342,2.796203039956445,2.4073293209075928,-0.0006632604163544167,0.6893035915526479,-0.0007281569381670684,0.7446207097049112,-0.0034151648921411583,0.09638945427108904,1,-1.0,-1.0,0,0,2,9,1,32.0,63.0,210.0,14.8,1011.0,cotonou/COTO,280.5468730889592,68.2,86.5,0.5052811737069337
6.372350291015907,2.363767528852791,COTO,cotonou,6.352268,2.402957,4871.5404898388715,21238.37353,9.0,100.0,109.0,570.0,10,12.23353099822998,297.2785556726057,1.1379524119231852,2.2335309982299805,-0.00027674764535490893,1.3726019956954567,-0.0002782186677315827,1.369839950439704,0.0018173783063068886,0.06928596499134658,1,-1.0,-1.0,0,0,1,0,1,31.5,72.0,230.0,14.8,1010.2,cotonou/COTO,325.1163282580652,78.0,76.5,0.3348309983086287
6.38494910480304,2.3724102729613987,COTO,cotonou,6.352268,2.402957,4948.098536344999,21238.37353,9.0,100.0,109.0,570.0,10,12.664428949356079,317.11198547769084,1.1153626694667118,2.664428949356079,-0.00021169061989077044,1.0889849603304638,-0.0002152478143876126,1.0830556506031304,-0.0008304754683041033,0.021234037405576823,0,-1.0,4729.945895464057,0,1,0,5,1,31.0,59.0,170.0,13.0,1007.0,cotonou/COTO,348.5682791075882,70.2,62.5,0.9776200759876833
6.380115631652738,2.36559860797079,COTO,cotonou,6.352268,2.402957,5154.386849506823,21238.37353,9.0,100.0,109.0,570.0,10,13.29633092880249,306.8735625754452,1.0637126156393228,3.2963309288024902,-7.958536924317822e-05,1.1317322539867827,-7.984734129631651e-05,1.1254432194810409,-6.825129191080729e-05,0.003071308135986328,1,-1.0,-1.0,0,0,0,5,1,31.8,31.0,20.0,11.2,1010.9,cotonou/COTO,267.89890817251177,78.2,66.5,0.973875732250988
6.3623061542396115,2.3772548869896934,COTO,cotonou,6.352268,2.402957,3052.6662244736863,21238.37353,9.0,100.0,109.0,570.0,10,12.663651704788208,291.45496129924635,1.8075460888918775,2.663651704788208,-0.00034271993957530423,0.9947582141666159,-0.00043739081803315246,1.0109954310919944,-0.003724461608028247,0.05829279886094047,1,-1.0,-1.0,0,0,3,5,1,31.7,62.0,220.0,11.2,1010.7,cotonou/COTO,353.12133962707986,65.7,63.8,0.06334828770849832
6.355521869959956,2.3776251719899215,COTO,cotonou,6.352268,2.402957,2825.7243777926155,21238.37353,9.0,100.0,109.0,570.0,10,14.058230876922607,277.3657011626329,1.9243621627462548,4.058230876922607,0.0001232419097632693,0.49786238146093004,8.622076776292586e-05,0.5007074959234566,-0.001387937863667806,0.057487694694403846,1,-1.0,-1.0,0,0,3,8,1,33.0,63.0,210.0,13.0,1009.0,cotonou/COTO,350.5649932608698,62.4,56.3,0.2002653878456201
6.370757921786564,2.389998327024803,COTO,cotonou,6.352268,2.402957,2497.324701978517,21238.37353,9.0,100.0,109.0,570.0,10,11.890429615974426,325.1421493480176,2.226849671028734,1.8904296159744263,-0.0007208578643344698,0.807961961092457,-0.0007116696636088049,0.828299436108005,-0.0003189318384602754,0.018424465656320277,1,-1.0,-1.0,0,0,2,2,1,33.0,67.0,200.0,18.4,1012.0,cotonou/COTO,370.2078816016378,84.9,62.3,0.09752444169876728
6.353801540977303,2.411547698460371,COTO,cotonou,6.352268,2.402957,965.4896514071609,21238.37353,9.0,100.0,109.0,570.0,10,15.145716667175293,79.81692932386659,5.552220537028063,5.145716667175293,0.0011620703383823324,0.5188483010946507,0.0013581454992106108,0.5194430548221105,-0.001679267878215887,0.054658282020537234,1,-1.0,-1.0,0,0,1,4,1,31.5,68.0,230.0,13.0,1012.0,cotonou/COTO,387.43452466200705,70.9,58.7,0.20643014247852176
6.376838395920435,2.3606464272773326,COTO,cotonou,6.352268,2.402957,5412.608091170303,21238.37353,9.0,100.0,109.0,570.0,10,13.005118131637573,300.3007968473634,1.016058233910838,3.0051181316375732,-0.0001292584350754543,1.2346769668643007,-0.00014426134974578693,1.2281612698461486,-0.0006943543752034504,0.04253930611302378,1,-1.0,-1.0,0,0,2,9,1,31.5,72.0,200.0,11.2,1008.3,cotonou/COTO,238.48215027541633,77.1,76.1,0.4981771823125344
6.368956040021186,2.396892055103534,COTO,cotonou,6.352268,2.402957,1963.7002244219761,21238.37353,9.0,100.0,109.0,570.0,10,12.462451934814453,340.1409474093049,2.8144543172256324,2.462451934814453,-0.000691049721857936,0.6531437949653112,-0.0006553284093445421,0.7100678357584642,-0.0015602886676788332,0.08373545877005055,1,-1.0,-1.0,0,0,2,6,1,31.7,72.0,200.0,14.8,1010.3,cotonou/COTO,256.52289722354817,86.5,73.4,0.6716792352894312
6.378321983684761,2.3649828157073833,COTO,cotonou,6.352268,2.402957,5094.430990234948,21238.37353,9.0,100.0,109.0,570.0,10,13.26243543624878,304.62148322368574,1.0766094974089728,3.2624354362487793,-8.3270035208628e-05,1.1736508196294844,-0.00014584497154304275,1.1668167192914463,-0.0027371741433090905,0.044954966275870416,0,-1.0,4777.943293446804,0,2,2,1,1,30.7,55.0,293.0,13.0,1011.4,cotonou/COTO,325.9584504197963,66.5,64.2,0.6574604782687663
6.364552627340465,2.4076914810254455,COTO,cotonou,6.352268,2.402957,1456.0197622432104,21238.37353,9.0,100.0,109.0,570.0,10,14.950305461883545,20.957980663843955,3.6958116710215863,4.950305461883545,0.000819153541368375,0.4280093298162165,0.0007721827700247174,0.4206779177079007,-0.0008495807647705077,0.04620387425909577,1,-1.0,-1.0,0,0,3,5,1,32.0,63.0,180.0,14.8,1011.0,cotonou/COTO,343.10493220009766,58.8,67.6,0.032841755807607176
6.374880122835894,2.357245511230462,COTO,cotonou,6.352268,2.402957,5641.877732059412,21238.37353,9.0,100.0,109.0,570.0,10,13.693313837051392,296.46377095145226,0.967789767554566,3.6933138370513916,-2.429688124554171e-06,1.3165092327362766,-2.5918569629408805e-05,1.310202717758883,-0.0016592901376728867,0.054356345717938875,0,-1.0,5257.461213241736,0,3,0,2,1,32.0,71.0,220.0,18.4,1009.0,cotonou/COTO,315.24390842648114,72.1,63.4,0.04753548578680833
6.3884222077251245,2.3758466441820545,COTO,cotonou,6.352268,2.402957,4998.2159475586495,21238.37353,9.0,100.0,109.0,570.0,10,12.73922872543335,323.3071611473733,1.1033245138612495,2.7392287254333496,-0.00019316620931415977,0.9703124348465961,-0.00025541617790387697,0.9699975923754892,-0.0052195350329081215,0.24424312150851435,0,-1.0,4547.475030444141,0,2,4,8,1,33.0,41.0,50.0,9.4,1007.0,cotonou/COTO,339.277088085809,64.0,66.1,0.441101645666128
6.3809211256108345,2.364682249886097,COTO,cotonou,6.352268,2.402957,5288.915475257242,21238.37353,9.0,100.0,109.0,570.0,10,13.282453775405884,306.99146435371347,1.0368123334686576,3.282453775405884,-7.995059485713864e-05,1.1119569479334903,-8.305386283050722e-05,1.1090045178733918,-2.2471788502509703e-05,0.03527388232922038,0,5066.33586607808,5045.137808061017,1,2,2,10,1,30.7,55.0,293.0,13.0,1011.4,cotonou/COTO,344.11074176779897,66.5,70.4,0.40570544145356713
6.384947149328508,2.3725637777120947,COTO,cotonou,6.352268,2.402957,4936.35603115814,21238.37353,9.0,100.0,109.0,570.0,10,12.689083814620972,317.2541749068931,1.117729141702376,2.6890838146209717,-0.00020865143101546753,1.0873996300908013,-0.0002075672149658203,1.0814456950559332,-0.0005178749561309814,0.02350051515848344,0,-1.0,4718.721095916699,0,3,0,4,1,31.0,59.0,170.0,13.0,1007.0,cotonou/COTO,348.5682791075882,70.2,62.5,0.9287332127087171
6.384013881324182,2.371753974487496,COTO,cotonou,6.352268,2.402957,4923.706046545011,21238.37353,9.0,100.0,109.0,570.0,10,12.917994022369385,315.67309712879876,1.1179373327012785,2.9179940223693848,-0.00015939341651068792,1.1135322449653537,-0.00016244482323826557,1.1102171541663655,0.00021332105000813805,0.01385242475094301,1,-1.0,-1.0,0,0,4,11,1,34.0,32.0,222.0,5.4,1009.0,cotonou/COTO,161.07626082067793,53.4,62.5,0.23892790583895296
6.387468160839647,2.3747343885165724,COTO,cotonou,6.352268,2.402957,4990.287741230199,21238.37353,9.0,100.0,109.0,570.0,10,13.514975547790527,321.4528432271298,1.096173542914256,3.5149755477905273,-3.832652421292668e-05,0.9726361434335551,-7.882529879846865e-05,0.9700866287926388,-0.000772990176148217,0.10894159610576731,1,-1.0,-1.0,0,0,4,8,1,33.0,41.0,50.0,9.4,1007.0,cotonou/COTO,339.277088085809,64.0,66.1,0.9205221911326951
6.345788822179577,2.399310651466946,COTO,cotonou,6.352268,2.402957,822.2892955964494,21238.37353,9.0,100.0,109.0,570.0,10,11.66923987865448,209.2197004800011,6.750440359506171,1.66923987865448,-0.00275669106199479,0.6882828239346005,-0.0023744348684946693,0.750554249810185,-0.0023717929919560747,0.12844427106947473,1,-1.0,-1.0,0,0,0,2,1,31.0,71.0,180.0,18.4,1010.0,cotonou/COTO,393.11085268658167,75.8,69.1,0.12518507583695893
6.383752599171996,2.3744656487125355,COTO,cotonou,6.352268,2.402957,4696.747295637433,21238.37353,9.0,100.0,109.0,570.0,10,12.831120014190674,318.0350643929835,1.1730035182214344,2.831120014190674,-0.0001859599617636128,1.094994553960025,-0.0001280899913048846,1.0881926590601827,0.0023666805208017354,0.031920338733722735,1,-1.0,-1.0,0,0,3,11,1,31.0,59.0,170.0,13.0,1007.0,cotonou/COTO,262.7208442434569,70.2,64.4,0.6502251842720319
6.348687108569974,2.3833372295194124,COTO,cotonou,6.352268,2.402957,2206.5752956441556,21238.37353,9.0,100.0,109.0,570.0,10,13.014260292053223,259.5951578412371,2.4907887279103034,3.0142602920532227,-0.0003120410549748051,0.4517219641089694,-0.00039391894089548207,0.4857419076085067,-0.0021749715010325114,0.10718431268037817,1,-1.0,-1.0,0,0,6,5,1,32.0,71.0,200.0,18.4,1008.0,cotonou/COTO,255.0899788310412,65.8,63.1,0.5661910613655979
6.356636174954213,2.3983320915480215,COTO,cotonou,6.352268,2.402957,703.6982133298144,21238.37353,9.0,100.0,109.0,570.0,10,15.115276336669922,313.54131841813825,7.599306862850732,5.115276336669922,0.0019559512535730996,0.4643459248545674,0.0012087085369688806,0.4780724526323443,-0.004302028774966152,0.04042666935668247,1,-1.0,-1.0,0,0,5,11,1,31.0,71.0,210.0,20.5,1010.0,cotonou/COTO,230.8079454871386,58.3,62.0,0.9269339910607832
6.355363361246961,2.373675979922782,COTO,cotonou,6.352268,2.402957,3257.6934919751684,21238.37353,9.0,100.0,109.0,570.0,10,14.64737319946289,276.07308981048374,1.6589947624894967,4.647373199462891,0.0002875785215185323,0.43512682880541614,0.0003552928765565906,0.43173289533569514,0.002572866459551796,0.04703001834026769,1,-1.0,-1.0,0,0,1,15,1,29.6,72.0,220.0,14.8,1010.1,cotonou/COTO,182.1212014017086,56.3,61.8,0.8975432575420281
6.375228589705794,2.3576180123122183,COTO,cotonou,6.352268,2.402957,5622.260940582748,21238.37353,9.0,100.0,109.0,570.0,10,13.531699419021606,297.00409267808425,0.9728123839030483,3.5316994190216064,-3.108014451696515e-05,1.3014582548374385,-2.7669856422825834e-05,1.2951485728779912,-0.0007439851760864258,0.03808185013573423,1,-1.0,-1.0,0,0,0,6,1,32.0,71.0,220.0,18.4,1009.0,cotonou/COTO,324.64606281298086,72.1,77.1,0.19213083158189792
6.352564478471338,2.411961281353958,COTO,cotonou,6.352268,2.402957,996.7779224146972,21238.37353,9.0,100.0,109.0,570.0,10,14.977849960327148,88.10199811307803,5.388542439088736,4.977849960327148,0.0012459397315979003,0.43256399068561474,0.0013683850950586716,0.449153049664367,0.0026128483656571045,0.09255026226953998,1,-1.0,-1.0,0,0,1,7,1,30.0,75.0,180.0,20.5,1011.0,cotonou/COTO,374.95826287725737,75.1,70.9,0.8268185623294928
6.369488984101174,2.4054965084124853,COTO,cotonou,6.352268,2.402957,1925.0471250956978,21238.37353,9.0,100.0,109.0,570.0,10,14.008097648620605,8.337661347454116,2.824982280000505,4.0080976486206055,0.00015441344334529,0.45845682345006916,0.0001440727349483606,0.4598154008737764,-0.0005847480561998156,0.021497625914867067,1,-1.0,-1.0,0,0,5,9,1,32.0,75.0,200.0,20.5,1010.0,cotonou/COTO,258.69668668155117,68.0,75.5,0.14999228212349047
6.377327373776447,2.3630512132934407,COTO,cotonou,6.352268,2.402957,5212.767316827255,21238.37353,9.0,100.0,109.0,570.0,10,12.62183928489685,302.28928473187227,1.0592133549079126,2.6218392848968506,-0.00020788355348667423,1.2103887106392637,-0.0002077367809348163,1.2047232170724946,-0.0001299783792821179,0.01861629129356765,1,-1.0,-1.0,0,0,0,0,1,31.0,75.0,200.0,18.4,1008.0,cotonou/COTO,333.1849486396399,76.1,64.2,0.47373776448023597
6.368792964685535,2.399410523771643,COTO,cotonou,6.352268,2.402957,1869.1107284533964,21238.37353,9.0,100.0,109.0,570.0,10,12.779965877532959,347.9598763854881,2.946930600472761,2.779965877532959,-0.0004904897124679,0.6575259302929444,-0.0005608387806183243,0.6814780120214036,-0.003591861763352596,0.12068385354295225,1,-1.0,-1.0,0,0,0,14,1,32.0,63.0,210.0,14.8,1011.0,cotonou/COTO,280.5468730889592,68.2,86.5,0.02034857131792689
6.355969128743463,2.398337722073778,COTO,cotonou,6.352268,2.402957,654.7724071318615,21238.37353,9.0,100.0,109.0,570.0,10,15.32990312576294,308.875594394951,8.141351485177893,5.3299031257629395,0.0025069606883854085,0.49089222989627707,0.002299236920144823,0.5384983155177894,0.0019458929697672527,0.07236676510753619,1,-1.0,-1.0,0,0,7,9,1,31.0,71.0,210.0,20.5,1010.0,cotonou/COTO,221.7167693252332,62.0,62.1,0.27963007946025653
6.387584675868334,2.374870225132932,COTO,cotonou,6.352268,2.402957,4990.974455349516,21238.37353,9.0,100.0,109.0,570.0,10,13.514975547790527,321.6796368400461,1.096022755884459,3.5149755477905273,8.198818717673459e-05,0.9663853304497196,-7.64369445682372e-05,0.9633962824540976,-0.0006392423392552567,0.0589804358484195,0,-1.0,4920.960785635193,0,1,5,5,1,31.0,59.0,170.0,13.0,1007.0,cotonou/COTO,339.277088085809,66.1,64.0,0.13802807453962584
6.357357487614927,2.374763579325267,COTO,cotonou,6.352268,2.402957,3169.6918609545696,21238.37353,9.0,100.0,109.0,570.0,10,13.722928285598755,280.2963276675574,1.7217228385581953,3.722928285598755,5.011588522473242e-06,0.5977200032032892,9.18003081320296e-06,0.6010986393520086,-0.0005131057074264551,0.027789138782120925,1,-1.0,-1.0,0,0,3,9,1,31.5,70.0,236.0,9.3,1011.4,cotonou/COTO,241.82719946273568,59.2,53.0,0.7887717498728365
6.367963317352951,2.399865938731391,COTO,cotonou,6.352268,2.402957,1769.0831527674616,21238.37353,9.0,100.0,109.0,570.0,10,13.32638931274414,348.9257014951037,3.0955917869496172,3.3263893127441406,-0.00021681746884092527,0.5889322645245996,-0.000509686143659576,0.6168941839664069,-0.006789707859107016,0.16769821703592006,1,-1.0,-1.0,0,0,1,13,1,32.0,63.0,210.0,14.8,1011.0,cotonou/COTO,311.79147214124436,66.0,68.2,0.6800471296990284
6.3603820545110725,2.395466916302292,COTO,cotonou,6.352268,2.402957,1221.442188097235,21238.37353,9.0,100.0,109.0,570.0,10,13.844822883605957,317.4663558625428,4.454570725149498,3.844822883605957,8.718650973196451e-05,0.41197305459357325,-0.00016410365843965932,0.4376146229346325,-0.004679308504529648,0.11291494471633741,1,-1.0,-1.0,0,0,4,2,1,33.0,63.0,200.0,16.6,1009.0,cotonou/COTO,204.60464730791253,68.1,56.5,0.48257907006923784
6.360630638883182,2.3789848770022215,COTO,cotonou,6.352268,2.402957,2808.8774553308263,21238.37353,9.0,100.0,109.0,570.0,10,13.106179475784302,289.3427239474031,1.9552928953689734,3.1061794757843018,-0.000218689522685214,0.8531269093065458,-0.000220476422044966,0.8661340767156818,-0.0010147849718729655,0.04516079909666472,1,-1.0,-1.0,0,0,2,14,1,32.0,63.0,220.0,13.0,1010.0,cotonou/COTO,343.13365923494894,65.8,63.8,0.09111535634938495
6.380337579752362,2.3654034527163126,COTO,cotonou,6.352268,2.402957,5186.36942138533,21238.37353,9.0,100.0,109.0,570.0,10,13.290188312530518,306.94864075754185,1.0572223925615651,3.2901883125305176,-8.022501155054786e-05,1.1244534902018484,-8.409241267613001e-05,1.1181999983599107,-0.0002522468566894531,0.011866727987876236,1,-1.0,-1.0,0,0,0,1,1,31.8,31.0,20.0,11.2,1010.9,cotonou/COTO,344.11074176779897,70.4,66.5,0.8935488449428876
6.377330938359045,2.3631581507713544,COTO,cotonou,6.352268,2.402957,5202.960222741683,21238.37353,9.0,100.0,109.0,570.0,10,12.62183928489685,302.3624297285927,1.0612094170133621,2.6218392848968506,-0.00020788355348667423,1.2057770212692156,-0.0002132666381922635,1.2002044385234554,-0.0004302223523457845,0.02099807008192183,0,-1.0,4754.6089410224595,0,1,0,1,1,31.0,75.0,200.0,18.4,1008.0,cotonou/COTO,333.1849486396399,76.1,64.2,0.5093835904514186
6.3768177493010185,2.360600441624996,COTO,cotonou,6.352268,2.402957,5415.864044636617,21238.37353,9.0,100.0,109.0,570.0,10,13.005118131637573,300.25273002157877,1.0154475196483055,3.0051181316375732,-0.00012925843507545428,1.2353867133295284,-0.00022771786961663034,1.2289311064898707,-0.004512490159294539,0.05702058532251071,1,-1.0,-1.0,0,0,2,10,1,31.0,75.0,200.0,18.4,1008.0,cotonou/COTO,238.48215027541633,76.1,77.1,0.5252848852061426
6.385199214859345,2.3714195128582283,COTO,cotonou,6.352268,2.402957,5043.539448847709,21238.37353,9.0,100.0,109.0,570.0,10,12.655168056488037,316.41736866757645,1.0943665649742076,2.655168056488037,-0.0002074602322700696,1.0936473466793384,-0.00020323217531061056,1.0906300163630782,0.00012864435579147486,0.01116932175607574,0,4902.037340062402,4831.286285669748,1,4,2,3,1,31.8,57.0,210.0,13.0,1008.6,cotonou/COTO,263.34150546393204,62.5,57.6,0.40195945055532434
6.374918849100908,2.3566471610640667,COTO,cotonou,6.352268,2.402957,5703.175418329048,21238.37353,9.0,100.0,109.0,570.0,10,13.577667713165283,296.20655979955865,0.958551407311364,3.577667713165283,-2.2569584804887787e-05,1.3173235166441375,-3.411723887840407e-05,1.314068600425196,-0.001168573940649774,0.03300545029043817,0,5291.723885142984,5280.294675887815,3,5,0,9,1,31.0,63.0,210.0,16.6,1009.0,cotonou/COTO,241.37076977131866,58.3,72.1,0.7774935779108632
6.367361478443318,2.3630599768664995,COTO,cotonou,6.352268,2.402957,4719.20920028851,21238.37353,9.0,100.0,109.0,570.0,10,11.499328374862671,290.84171057143163,1.1835843886620532,1.499328374862671,-0.00046575170026046814,1.4428443963408464,-0.00045158210268441627,1.445334451090719,0.0007129433537159216,0.02592537291707527,1,-1.0,-1.0,0,0,0,0,1,32.0,71.0,220.0,18.4,1009.0,cotonou/COTO,352.5538937525515,78.0,61.3,0.5311777078107782
6.369507299306883,2.397131280831289,COTO,cotonou,6.352268,2.402957,2012.4679055490437,21238.37353,9.0,100.0,109.0,570.0,10,12.320505380630493,341.4355892073998,2.7503899760198447,2.320505380630493,-0.0006796500262092142,0.7043280766450549,-0.000736121163851973,0.74015635265579,-0.0028470171822441944,0.10699058313080859,1,-1.0,-1.0,0,0,2,5,1,32.0,63.0,210.0,14.8,1011.0,cotonou/COTO,256.52289722354817,73.4,86.5,0.588348729661531
6.366118981308806,2.4089525363997524,COTO,cotonou,6.352268,2.402957,1669.2159134348717,21238.37353,9.0,100.0,109.0,570.0,10,14.507814407348633,23.27688271130529,3.2399831188049877,4.507814407348633,0.0004559173055040811,0.40677236328463656,0.0004175716433031805,0.40362849962986797,-0.0016055703163146973,0.0750668760492023,1,-1.0,-1.0,0,0,4,7,1,32.0,63.0,180.0,14.8,1011.0,cotonou/COTO,335.1905947367722,58.8,56.6,0.6881496968447232
6.353379505152644,2.3735986983020894,COTO,cotonou,6.352268,2.402957,3250.540705024636,21238.37353,9.0,100.0,109.0,570.0,10,14.150378704071045,272.1831899604413,1.67139619816148,4.150378704071045,0.00013559243730084243,0.3656665471127844,0.00016307821272818358,0.3642902128638277,0.0009584259453445432,0.0368409820331548,1,-1.0,-1.0,0,0,2,11,1,33.0,63.0,210.0,13.0,1009.0,cotonou/COTO,377.7671008703886,74.7,61.8,0.40867798607168804
6.352253986086305,2.3919094938623293,COTO,cotonou,6.352268,2.402957,1222.3033892725814,21238.37353,9.0,100.0,109.0,570.0,10,14.672889709472656,269.9274817254109,4.412860744139176,4.672889709472656,0.0007852831507116799,0.32907441321053366,0.0007910811623861624,0.3273221169299799,0.0006066269344753689,0.022963403786284652,1,-1.0,-1.0,0,0,3,9,1,31.0,71.0,240.0,9.4,1011.0,cotonou/COTO,229.63053738552546,54.4,73.7,0.3184533561625824
6.365544579025225,2.411515363519103,COTO,cotonou,6.352268,2.402957,1747.0824610580248,21238.37353,9.0,100.0,109.0,570.0,10,14.807431697845459,32.6453923516184,3.086068789460822,4.807431697845459,0.0004560889498583184,0.4392196250002784,0.0005141256434712117,0.43600031723532534,-0.0028880446824895586,0.1126799529988578,1,-1.0,-1.0,0,0,3,6,1,32.0,63.0,180.0,14.8,1011.0,cotonou/COTO,381.8464534337698,67.6,65.5,0.3600704823719344
6.36891090679912,2.4002045339955975,COTO,cotonou,6.352268,2.402957,1865.527784006047,21238.37353,9.0,100.0,109.0,570.0,10,12.92800784111023,350.66615117649786,2.948045734974758,2.9280078411102295,-0.00041216063121008497,0.6437193568978992,-0.0004653069793536398,0.6608894620510657,-0.00340031712713058,0.10506119560958944,1,-1.0,-1.0,0,0,1,13,1,32.0,63.0,210.0,14.8,1011.0,cotonou/COTO,147.1577031622736,69.0,68.2,0.4195892341556886
6.384591654061639,2.3726510915289065,COTO,cotonou,6.352268,2.402957,4901.034479275433,21238.37353,9.0,100.0,109.0,570.0,10,12.730430126190186,317.02387215658996,1.1252993289311193,2.7304301261901855,-0.0002042439298055739,1.0936079950371353,-0.00021079688789548673,1.090619280542035,-0.0010824835007285508,0.03731304146991102,1,-1.0,-1.0,0,0,2,9,1,31.8,57.0,210.0,13.0,1008.6,cotonou/COTO,267.5261198461977,62.5,64.4,0.19689337272567908
6.3748409594794015,2.3623940367895853,COTO,cotonou,6.352268,2.402957,5135.362599308991,21238.37353,9.0,100.0,109.0,570.0,10,12.77222752571106,299.2485383727033,1.0734977259804888,2.7722275257110596,-0.00018115579619888193,1.2872103443430905,-0.0001585526350732192,1.2836992689254823,0.002255720116627576,0.06225751222153622,1,-1.0,-1.0,0,0,1,3,1,31.0,75.0,200.0,18.4,1008.0,cotonou/COTO,386.1779175456935,76.5,76.1,0.2653492407835236
6.355291180392025,2.3761562914757497,COTO,cotonou,6.352268,2.402957,2984.025027348852,21238.37353,9.0,100.0,109.0,570.0,10,14.243181705474854,276.47681042865946,1.818799094841513,4.2431817054748535,0.00017873009045918782,0.4656391833427231,0.0002142631150538625,0.46153139358829365,0.0015585064888000487,0.07248210769922245,1,-1.0,-1.0,0,0,4,2,1,33.0,63.0,210.0,13.0,1009.0,cotonou/COTO,350.5649932608698,62.4,56.3,0.6710604244392534
6.363530443145964,2.361011277186161,COTO,cotonou,6.352268,2.402957,4805.072068561056,21238.37353,9.0,100.0,109.0,570.0,10,11.649364233016968,285.12054842899875,1.1606522246841298,1.6493642330169678,-0.00042600977248039793,1.2759240440746382,-0.00041722466425640585,1.2805027421620223,0.0004048506418863932,0.016747436616869123,1,-1.0,-1.0,0,0,1,2,1,30.0,49.0,140.0,14.8,1008.0,cotonou/COTO,377.7002335187451,78.69999999999999,67.2,0.9284338056011632
6.370786077517349,2.40481018228451,COTO,cotonou,6.352268,2.402957,2058.1138606218947,21238.37353,9.0,100.0,109.0,570.0,10,13.460842847824097,5.679743360494058,2.6578041790476536,3.4608428478240967,-0.00011891236051845079,0.5184308388211195,-0.0001344647206051248,0.539485343509301,-0.001227247714996338,0.06339274788384176,1,-1.0,-1.0,0,0,0,10,1,32.0,75.0,200.0,20.5,1010.0,cotonou/COTO,258.69668668155117,68.0,75.5,0.7796492802661829
6.351548625277513,2.3918444363120037,COTO,cotonou,6.352268,2.402957,1232.0723100291436,21238.37353,9.0,100.0,109.0,570.0,10,14.431917667388916,266.273911704636,4.389148987513168,4.431917667388916,0.0007300512540507869,0.28536237403108833,0.0005565172543497723,0.2821716322697634,0.00023122438940701364,0.010483211093063388,1,-1.0,-1.0,0,0,0,2,1,31.0,66.0,250.0,7.6,1013.0,cotonou/COTO,229.63053738552546,73.7,54.4,0.3391384842293773
6.3842854792649275,2.3711053900093573,COTO,cotonou,6.352268,2.402957,4995.524267990042,21238.37353,9.0,100.0,109.0,570.0,10,12.95058298110962,315.32787680223953,1.1014956446430098,2.950582981109619,-0.00015097973113526364,1.1129412065920847,-0.00015540823663715304,1.1064073221831465,-0.0008622904618581136,0.04013914638448316,0,4875.391419862024,4625.114652928656,2,3,4,11,1,34.0,32.0,222.0,5.4,1009.0,cotonou/COTO,265.7725736414513,57.6,53.4,0.6943355324719452
6.373749615977483,2.391330089555937,COTO,cotonou,6.352268,2.402957,2701.534027885825,21238.37353,9.0,100.0,109.0,570.0,10,12.369606733322144,331.72416658353,2.048522920910842,2.3696067333221436,-0.000489884505778442,0.8197474050200456,-0.0005281797326296956,0.8311122353069107,-0.0016177891842363856,0.05279776002498199,1,-1.0,-1.0,0,0,0,6,1,33.0,67.0,190.0,20.5,1010.0,cotonou/COTO,363.2414581239478,82.1,81.4,0.8489116896162588
6.3831175360830334,2.36600168139505,COTO,cotonou,6.352268,2.402957,5325.022420186914,21238.37353,9.0,100.0,109.0,570.0,10,14.093215465545654,310.0310097258978,1.0210628444368917,4.093215465545654,6.0207892350131844e-05,1.1024016533040362,5.530246981868046e-05,1.1002578448838038,-0.0011201739311218263,0.061513263008706985,1,-1.0,-1.0,0,0,2,13,1,33.0,28.0,70.0,11.2,1010.0,cotonou/COTO,379.59078834977134,68.0,55.8,0.6415152999824353
6.385446317805704,2.3705068261692537,COTO,cotonou,6.352268,2.402957,5133.412469807744,21238.37353,9.0,100.0,109.0,570.0,10,12.809850931167603,315.81476095702214,1.0734856607091334,2.8098509311676025,-0.00017386443855226498,1.09081134830207,-0.00014914608480330222,1.0876519864710061,0.001367470253339431,0.04096734890029054,0,-1.0,4701.3416807658095,0,1,4,4,1,34.0,32.0,222.0,5.4,1009.0,cotonou/COTO,263.34150546393204,57.6,62.5,0.19948741015442606
6.3839183643711594,2.3746109260780943,COTO,cotonou,6.352268,2.402957,4699.611685353871,21238.37353,9.0,100.0,109.0,570.0,10,12.894652128219604,318.330114893971,1.1715145439933803,2.8946521282196045,-0.00017919359565869762,1.0837406419401736,-0.00017207568546511094,1.0770299386595301,0.00018186171849568687,0.025747144100631468,1,-1.0,-1.0,0,0,4,11,1,31.0,59.0,170.0,13.0,1007.0,cotonou/COTO,262.7208442434569,70.2,64.4,0.5570986678881483
6.3568688496542824,2.3763599685390466,COTO,cotonou,6.352268,2.402957,2986.3598717181408,21238.37353,9.0,100.0,109.0,570.0,10,14.04482364654541,279.8750597504907,1.8211798732468663,4.04482364654541,0.0001126107374827067,0.5724593436397546,8.422806372050367e-05,0.5721803092217272,0.00011091430981953953,0.06294936650076066,1,-1.0,-1.0,0,0,1,7,1,29.6,72.0,220.0,14.8,1010.1,cotonou/COTO,363.9073676088481,61.8,59.2,0.9793706319747549
6.355448685364807,2.377159180282034,COTO,cotonou,6.352268,2.402957,2875.8686458832804,21238.37353,9.0,100.0,109.0,570.0,10,14.077602863311768,277.0731159293945,1.8904476129672603,4.077602863311768,0.00012944325360852115,0.4894058294604705,0.00015149789602578095,0.4882354103137193,0.0009490172068277995,0.04022657209906656,1,-1.0,-1.0,0,0,3,7,1,33.0,63.0,210.0,13.0,1009.0,cotonou/COTO,350.5649932608698,62.4,56.3,0.34962170447623786
6.374691776460162,2.3575568593209573,COTO,cotonou,6.352268,2.402957,5601.769089432343,21238.37353,9.0,100.0,109.0,570.0,10,13.70859169960022,296.4287991510766,0.9745615868331134,3.7085916996002197,-5.10942492777002e-06,1.3206353227948031,-2.4670281994558624e-05,1.314538185596067,-0.0022300517190738008,0.04156582385066422,0,-1.0,4973.113640518091,0,4,1,2,1,32.0,71.0,220.0,18.4,1009.0,cotonou/COTO,315.24390842648114,72.1,63.4,0.1756622719987485
6.3569922320069665,2.376420726236275,COTO,cotonou,6.352268,2.402957,2982.0959514093333,21238.37353,9.0,100.0,109.0,570.0,10,13.90418815612793,280.1571413607617,1.8264814369914246,3.9041881561279297,6.573224067687987e-05,0.5883164041527743,8.422806372050365e-05,0.5875590393844841,0.0012084345022837322,0.05652097150930995,1,-1.0,-1.0,0,0,0,8,1,32.4,63.0,230.0,7.6,1010.7,cotonou/COTO,281.94874002195616,63.8,59.2,0.9636881862339474
6.365249693895605,2.3713158567913033,COTO,cotonou,6.352268,2.402957,3783.6823544131216,21238.37353,9.0,100.0,109.0,570.0,10,11.555829644203186,292.4334982160527,1.4752575174044615,1.555829644203186,-0.0006713183257947141,1.305952141742902,-0.0005703700174318685,1.3153746258555363,-0.0009009418039403857,0.028592017838967046,1,-1.0,-1.0,0,0,1,1,1,31.0,63.0,180.0,9.4,1011.0,cotonou/COTO,64.38956825449732,62.4,66.8,0.4143208696469809
6.3494615078139605,2.3823301713936305,COTO,cotonou,6.352268,2.402957,2303.1775847571002,21238.37353,9.0,100.0,109.0,570.0,10,13.088080644607544,262.2057829141406,2.384607643302935,3.088080644607544,-0.00028128969261369903,0.41921865671180175,-0.00036561710422049085,0.4595035806523023,-0.003759349717034234,0.14995767227391055,1,-1.0,-1.0,0,0,6,3,1,32.0,71.0,200.0,18.4,1008.0,cotonou/COTO,210.16260561769036,65.8,59.0,0.09166184323444926
6.355351665468704,2.3765414209435822,COTO,cotonou,6.352268,2.402957,2942.4539075113867,21238.37353,9.0,100.0,109.0,570.0,10,14.178149700164795,276.7006201435529,1.8457425408558934,4.178149700164795,0.00015863914682407573,0.47249158912736966,0.00017873009045918785,0.47076346915031897,0.0010087384117974175,0.04000466909154357,1,-1.0,-1.0,0,0,2,5,1,29.6,72.0,220.0,14.8,1010.1,cotonou/COTO,350.5649932608698,56.3,62.4,0.45237850755840914
6.367251648787587,2.40075,COTO,cotonou,6.352268,2.402957,1674.9050779189345,21238.37353,9.0,100.0,109.0,570.0,10,13.491542100906372,351.67189268317554,3.2636547044308672,3.491542100906372,-0.0001291538791235726,0.5542227506817105,-9.87363063707472e-05,0.5636418789643843,0.0004121373826251342,0.01744364609521032,1,-1.0,-1.0,0,0,3,9,1,32.0,63.0,210.0,14.8,1011.0,cotonou/COTO,305.25,66.0,69.0,0.3569631954859622
6.3605443840075235,2.3788005154359273,COTO,cotonou,6.352268,2.402957,2825.041268566462,21238.37353,9.0,100.0,109.0,570.0,10,13.072019338607788,289.0221860135051,1.9448060792520463,3.072019338607788,-0.00029916117627930934,0.852834962867879,-0.0002280107108825353,0.8596269467021146,-0.0010862672638593468,0.03571146308194169,1,-1.0,-1.0,0,0,3,12,1,32.0,63.0,220.0,13.0,1010.0,cotonou/COTO,343.13365923494894,65.8,63.8,0.15695877288310045
6.370647558741127,2.3536418538155353,COTO,cotonou,6.352268,2.402957,5822.453057299844,21238.37353,9.0,100.0,109.0,570.0,10,12.967595100402832,290.5590295861504,0.9449200518851664,2.967595100402832,-0.0001263925356742663,1.3598396577511576,-0.00011576975162650231,1.356493353944144,0.00039245719359412107,0.018410798361486166,0,5554.08347750446,4982.339590114295,1,2,2,1,1,32.0,36.0,40.0,13.0,1009.0,cotonou/COTO,399.9159167874965,61.5,51.6,0.7349869535411219
6.370267818458959,2.405084406737735,COTO,cotonou,6.352268,2.402957,2004.4297852136608,21238.37353,9.0,100.0,109.0,570.0,10,13.66379189491272,6.699303481527863,2.723093104559517,3.6637918949127197,-3.4132988923849966e-05,0.48378202163086603,1.3971767555642436e-05,0.49835987507009144,-0.00026835385977002843,0.06410484905364822,1,-1.0,-1.0,0,0,0,9,1,32.0,75.0,200.0,20.5,1010.0,cotonou/COTO,258.69668668155117,75.5,68.0,0.47193278691289364
6.3741931385487876,2.358381138317311,COTO,cotonou,6.352268,2.402957,5495.593597407106,21238.37353,9.0,100.0,109.0,570.0,10,13.85966157913208,296.3337488342327,0.9918119432521769,3.85966157913208,2.7657634970070596e-05,1.3320699692925735,1.3174176459324586e-05,1.3292061074850436,-0.0012605174894828714,0.035080017019804254,0,-1.0,4966.959343548306,0,1,5,7,1,31.5,72.0,200.0,11.2,1008.3,cotonou/COTO,315.24390842648114,63.4,72.1,0.4851282644812128
6.348422983568711,2.376777926487066,COTO,cotonou,6.352268,2.402957,2927.5232631413764,21238.37353,9.0,100.0,109.0,570.0,10,11.464200496673584,261.5950966852607,1.9082080010001028,1.464200496673584,-0.0007628540603481993,1.0333444134521002,-0.0007475969791412352,1.065678857686302,0.0,0.0,1,-1.0,-1.0,0,0,0,0,1,33.0,63.0,210.0,13.0,1009.0,cotonou/COTO,255.08273363755146,64.3,66.5,0.4967993154144519
11.141213727999093,2.9158112056573575,KAND,kandi,11.123456,2.954658,4676.137602142656,7079.457844,327.0,100.0,427.0,538.0,10,293.2054443359375,294.9840108096267,1.638910813688293,283.2054443359375,-0.008572635487613514,13.337219390439198,-0.00879699356472858,13.33898262081271,-0.017531282386469126,0.4797650270395415,0,-1.0,4413.749119457296,0,2,0,0,0,26.8,36.0,58.0,15.8,1010.5,kandi/KAND,215.05945643006783,85.5,82.2,0.9631058770167793
11.134375535633373,2.9236728218244643,KAND,kandi,11.123456,2.954658,3593.8729248280083,7079.457844,327.0,100.0,427.0,538.0,10,294.83465576171875,289.759530026171,2.1061138281734384,284.83465576171875,-0.010691867404513888,13.431521731996428,-0.010593058637259317,13.450497114674398,-0.003109688401323333,0.15493621059017185,1,-1.0,-1.0,0,0,2,6,0,30.0,38.0,28.0,18.0,1008.6,kandi/KAND,261.51750763597073,84.7,80.0,0.3419265023747755
11.140738176940136,2.9153470569220525,KAND,kandi,11.123456,2.954658,4700.5634805658365,7079.457844,327.0,100.0,427.0,538.0,10,298.6190185546875,294.138941157219,1.5644635579603192,288.6190185546875,-0.007429381071151951,13.164893887410411,-0.008378309973630765,13.177285372729608,-0.06367323133680557,2.404016937509138,1,-1.0,-1.0,0,0,0,3,0,30.4,39.0,60.0,7.6,1009.9,kandi/KAND,295.05963126131167,78.5,82.2,0.7661053107455079
11.137489505436145,2.9330587521219593,KAND,kandi,11.123456,2.954658,2824.337673919895,7079.457844,327.0,100.0,427.0,538.0,10,292.25128173828125,303.5137109139131,2.731501621871034,282.25128173828125,-0.01441196374725877,13.425675566560635,-0.014153991135766394,13.492827786418937,0.00295675088637821,0.10297932002737815,1,-1.0,-1.0,0,0,0,5,0,33.4,16.0,49.0,20.9,1010.0,kandi/KAND,315.9212884563857,87.6,76.8,0.7808414000529008
11.144552373430505,2.9220765488305562,KAND,kandi,11.123456,2.954658,4255.942023570462,7079.457844,327.0,100.0,427.0,538.0,10,291.1802978515625,303.42465310161555,1.8278574961469372,281.1802978515625,-0.009888753433710165,14.407991883235809,-0.009805573357476128,14.403174155322882,-0.0015004475911458333,0.09196180507047154,1,-1.0,-1.0,0,0,0,0,0,32.0,21.0,67.0,18.4,1011.9,kandi/KAND,357.0009189063783,81.8,81.4,0.320233394065906
11.130901450770919,2.9201436585278784,KAND,kandi,11.123456,2.954658,3859.263919345917,7079.457844,327.0,100.0,427.0,538.0,10,300.3533630371094,282.40274027044507,1.8795591145726067,290.3533630371094,-0.008466271236371729,12.210430081749626,-0.008296199730637723,12.164943555315894,0.007937113444010418,0.373572366095308,1,-1.0,-1.0,0,0,2,4,0,25.9,36.0,63.0,14.4,1011.3,kandi/KAND,217.3248474057293,74.6,85.7,0.6959629791005465
11.120216053098975,2.9302513870943656,KAND,kandi,11.123456,2.954658,2690.2167163470426,7079.457844,327.0,100.0,427.0,538.0,10,306.3452453613281,262.29761247773075,2.5679636334613907,296.3452453613281,-0.010096191972225669,8.79333515077182,-0.0101925845591152,8.90953641144901,-0.01826988589793557,0.45320438257960927,1,-1.0,-1.0,0,0,3,0,0,35.5,22.0,100.0,11.2,1009.7,kandi/KAND,351.7491748390901,88.4,85.1,0.6443884433690905
11.104173043463803,2.9260151537479193,KAND,kandi,11.123456,2.954658,3786.9421937851116,7079.457844,327.0,100.0,427.0,538.0,10,321.82110595703125,235.54923301043226,1.5909294533494682,311.82110595703125,-0.002518690957843294,3.7205226387144172,-0.003153403600056966,3.7705087866880387,-0.0064737955729166664,0.23791053487821018,1,-1.0,-1.0,0,0,0,0,0,31.4,32.0,75.0,16.2,1012.0,kandi/KAND,277.7596185553782,80.7,83.6,0.7115588635346305
11.131904820962216,2.9205999159944263,KAND,kandi,11.123456,2.954658,3836.097858207841,7079.457844,327.0,100.0,427.0,538.0,10,298.7983703613281,284.19172173578806,1.9141011913103734,288.7983703613281,-0.009010140564682894,12.526213862208644,-0.008676467099417795,12.490719716192405,0.004040239710992708,0.17494958777166983,1,-1.0,-1.0,0,0,2,3,0,26.8,36.0,58.0,15.8,1010.5,kandi/KAND,211.21815475956797,85.7,86.0,0.271763101384758
11.141083074081765,2.9172945118952636,KAND,kandi,11.123456,2.954658,4523.356231594783,7079.457844,327.0,100.0,427.0,538.0,10,294.45941162109375,295.68277415984306,1.6783652943669136,284.45941162109375,-0.008617605146742745,13.464440980819417,-0.009030434368765503,13.445012918589914,-0.033575630997144786,0.5002772083286122,1,-1.0,-1.0,0,0,0,0,0,26.8,36.0,58.0,15.8,1010.5,kandi/KAND,215.05945643006783,85.5,82.2,0.19455342214332083
11.141120077976762,2.9168744088520597,KAND,kandi,11.123456,2.954658,4566.557703364627,7079.457844,327.0,100.0,427.0,538.0,10,293.5588073730469,295.48013327421745,1.673786381218875,283.5588073730469,-0.009885439229087417,13.416738084490746,-0.008690449121099147,13.411845450724563,-0.012395935742464599,0.5481134766498446,1,-1.0,-1.0,0,0,0,1,0,30.4,39.0,60.0,7.6,1009.9,kandi/KAND,215.05945643006783,82.2,85.5,0.5877766072847942
11.104560651361993,2.9304159321254857,KAND,kandi,11.123456,2.954658,3373.7614906866024,7079.457844,327.0,100.0,427.0,538.0,10,328.78955078125,231.54074459808317,1.667413544708514,318.78955078125,-0.001338002252719395,3.0147187556456876,-0.0015903461843297098,3.0383954991041513,-0.0047197977701822925,0.36880898266588813,1,-1.0,-1.0,0,0,0,1,0,31.4,32.0,75.0,16.2,1012.0,kandi/KAND,383.69036938137486,86.3,88.1,0.05747917754964893
11.109090289721511,2.9190914102929417,KAND,kandi,11.123456,2.954658,4197.844988415845,7079.457844,327.0,100.0,427.0,538.0,10,317.9992980957031,247.62973006135778,1.4874006043845653,307.9992980957031,-0.0036349007493972282,7.0502399566125895,-0.0035220365569065427,7.005730888682599,0.008094957139756944,0.29940608049961515,1,-1.0,-1.0,0,0,0,0,0,31.5,29.0,60.0,14.8,1011.4,kandi/KAND,305.7478243151074,89.2,82.3,0.34629516574210983
11.135715168706598,2.916817200713886,KAND,kandi,11.123456,2.954658,4350.455124748922,7079.457844,327.0,100.0,427.0,538.0,10,300.4522399902344,288.27566316798635,1.6661724751548423,290.4522399902344,-0.00755630651803635,12.852466017722245,-0.007430621988378686,12.787823220587669,0.001954142252604167,0.07445057157328858,1,-1.0,-1.0,0,0,0,0,0,30.4,39.0,60.0,7.6,1009.9,kandi/KAND,371.02901908073824,86.4,85.4,0.6718320462120562
11.118938743312361,2.9306574193444157,KAND,kandi,11.123456,2.954658,2669.0771921479486,7079.457844,327.0,100.0,427.0,538.0,10,308.20379638671875,259.1439283520149,2.548458279098813,298.20379638671875,-0.009408832221441947,8.231882997988839,-0.0094451018183863,8.347180124025796,-0.007372732588273292,0.21629503683399567,1,-1.0,-1.0,0,0,1,3,0,31.0,31.0,80.0,11.2,1011.0,kandi/KAND,351.7491748390901,85.1,88.4,0.7785618170994107
11.136577639460148,2.916981150634168,KAND,kandi,11.123456,2.954658,4364.23045955486,7079.457844,327.0,100.0,427.0,538.0,10,300.2874755859375,289.54564157751963,1.6630775782398248,290.2874755859375,-0.007542900189961472,13.041163167274052,-0.007463190577051661,12.975903994638882,-0.0004506429036458333,0.03981861088114266,1,-1.0,-1.0,0,0,0,2,0,30.4,39.0,60.0,7.6,1009.9,kandi/KAND,335.4422938451181,82.8,79.8,0.23362213221493955
11.113969781588208,2.9315516146333755,KAND,kandi,11.123456,2.954658,2733.6403503678584,7079.457844,327.0,100.0,427.0,538.0,10,314.2488708496094,247.29785352217516,2.361870388327319,304.2488708496094,-0.006911778104478035,5.4946028724763725,-0.0070948584382729656,5.581310909961967,-0.0160048612609411,0.47593712293795215,1,-1.0,-1.0,0,0,0,0,0,28.3,38.0,34.0,17.3,1009.3,kandi/KAND,392.9995717554643,87.3,89.2,0.03577649695436791
11.133405848613265,2.922038080085715,KAND,kandi,11.123456,2.954658,3729.4978103181143,7079.457844,327.0,100.0,427.0,538.0,10,296.31414794921875,287.27199536558516,2.0068882493795037,286.31414794921875,-0.009869661458333333,13.056247429689504,-0.009658697310956794,13.046346043456385,0.0067258669111688206,0.2255393702417857,1,-1.0,-1.0,0,0,0,2,0,30.0,38.0,28.0,18.0,1008.6,kandi/KAND,207.50766443665174,84.7,86.0,0.590428520407725
11.129765635080556,2.9214086200707765,KAND,kandi,11.123456,2.954658,3698.6330446403017,7079.457844,327.0,100.0,427.0,538.0,10,300.6125793457031,280.94920549869056,1.9571147211080577,290.6125793457031,-0.008793763191469253,12.112088595377811,-0.008624299971959556,12.089921744082803,0.005898376276858716,0.20223795882736417,1,-1.0,-1.0,0,0,0,7,0,30.7,25.0,24.0,16.6,1009.0,kandi/KAND,303.403835341593,86.6,74.6,0.3865367386850743
11.133977434328218,2.9231457581246834,KAND,kandi,11.123456,2.954658,3633.81108854281,7079.457844,327.0,100.0,427.0,538.0,10,295.1402893066406,288.7955912348492,2.0781739488247286,285.1402893066406,-0.010433084456647028,13.308167912123254,-0.01033323715250803,13.309721768144728,0.001282006022344287,0.058033306828331306,1,-1.0,-1.0,0,0,2,4,0,30.2,23.0,100.0,18.4,1012.1,kandi/KAND,261.51750763597073,80.0,84.7,0.9384265294237035
11.136256483358288,2.9160154310557687,KAND,kandi,11.123456,2.954658,4452.43537972686,7079.457844,327.0,100.0,427.0,538.0,10,300.2435607910156,288.65856515047363,1.6307138115129896,290.2435607910156,-0.007480430940034753,12.795147158332703,-0.007392226465490479,12.73582860524336,-0.005251566569010416,0.2781760377881523,1,-1.0,-1.0,0,0,0,0,0,30.4,39.0,60.0,7.6,1009.9,kandi/KAND,198.68689941707686,86.4,82.8,0.8249603768785458
11.137651858011312,2.9338820786458144,KAND,kandi,11.123456,2.954658,2759.8235012620653,7079.457844,327.0,100.0,427.0,538.0,10,292.27008056640625,304.85471106895955,2.7948642737668283,282.27008056640625,-0.014874043726240354,13.115329201282108,-0.01460060498393174,13.288432402474644,-0.0005828857421875002,0.04866611485184665,1,-1.0,-1.0,0,0,0,9,0,33.4,16.0,49.0,20.9,1010.0,kandi/KAND,384.65784393401856,83.2,76.8,0.6870414366515959
11.13647741629315,2.9167135736883205,KAND,kandi,11.123456,2.954658,4388.156459306379,7079.457844,327.0,100.0,427.0,538.0,10,300.3167724609375,289.2808878142903,1.6536326508219537,290.3167724609375,-0.007484944661458333,12.97893232364306,-0.007472080960308418,12.946760071529859,-0.0015348514637569326,0.0598683134207322,1,-1.0,-1.0,0,0,0,0,0,30.4,39.0,60.0,7.6,1009.9,kandi/KAND,335.4422938451181,82.8,79.8,0.13907197467159838
11.108438886777458,2.931744128037453,KAND,kandi,11.123456,2.954658,3004.2366222040982,7079.457844,327.0,100.0,427.0,538.0,10,323.87188720703125,236.26314357145912,1.9660522962699039,313.87188720703125,-0.0041689120935067174,3.222259750821535,-0.0030539577808786733,3.243103129675603,-0.002772552831124899,0.08493588444040957,1,-1.0,-1.0,0,0,0,0,0,31.0,43.0,40.0,3.6,1008.2,kandi/KAND,152.93749306281921,86.1,88.1,0.3779897440292641
11.135320156992295,2.933542241104732,KAND,kandi,11.123456,2.954658,2653.875183047887,7079.457844,327.0,100.0,427.0,538.0,10,292.2830810546875,299.7988585874989,2.9059735996203675,282.2830810546875,-0.015371646952539793,12.693061061305935,-0.014406004761166834,12.923377607764127,0.011371922363793035,0.14689281309949187,1,-1.0,-1.0,0,0,2,2,0,33.4,16.0,49.0,20.9,1010.0,kandi/KAND,334.3661974542558,87.6,84.5,0.04032838879057665
11.139369492708951,2.928935514517533,KAND,kandi,11.123456,2.954658,3315.735494081097,7079.457844,327.0,100.0,427.0,538.0,10,292.7575378417969,302.23484928512266,2.3184382831731476,282.7575378417969,-0.01221788703762715,13.852142173415162,-0.011957876379862648,13.898184302621042,-0.0011797587076822916,0.05542427953317212,1,-1.0,-1.0,0,0,2,0,0,34.2,16.0,100.0,18.4,1010.2,kandi/KAND,298.9384769478677,79.7,83.4,0.3421960189771024
11.141134412277852,2.9181450149923864,KAND,kandi,11.123456,2.954658,4442.200638672167,7079.457844,327.0,100.0,427.0,538.0,10,295.1448059082031,296.2676804360467,1.7001772824045784,285.1448059082031,-0.008541515102855845,13.508258169139609,-0.008770560784162272,13.502509322015143,-0.04047031351366919,1.3086046605180208,0,-1.0,4273.058730586453,0,2,0,0,0,30.4,39.0,60.0,7.6,1009.9,kandi/KAND,312.10744640271304,82.2,82.9,0.8558772214897333
11.134855743755496,2.924308590324177,KAND,kandi,11.123456,2.954658,3547.07082727658,7079.457844,327.0,100.0,427.0,538.0,10,293.546630859375,290.9505575126618,2.154653905097083,283.546630859375,-0.011142506318933825,13.607558862127973,-0.01101916532116943,13.620209836835755,0.001499215603743639,0.09126065903333988,1,-1.0,-1.0,0,0,1,4,0,30.0,38.0,28.0,18.0,1008.6,kandi/KAND,261.51750763597073,84.7,80.0,0.6801012362643128
11.109366747771196,2.930887958493723,KAND,kandi,11.123456,2.954658,3028.5273663563785,7079.457844,327.0,100.0,427.0,538.0,10,321.43841552734375,238.86757520861312,1.9962790300734043,311.43841552734375,-0.003951135478942428,3.8208344382358215,-0.0034237095276979765,3.8849510641570095,0.004914933385841716,0.4783827052111368,1,-1.0,-1.0,0,0,0,0,0,33.4,23.0,80.0,18.4,1011.3,kandi/KAND,209.350490283057,81.5,88.1,0.07857518598811664
11.109673775837106,2.919404863655069,KAND,kandi,11.123456,2.954658,4141.978528125609,7079.457844,327.0,100.0,427.0,538.0,10,317.6213684082031,248.2797773082699,1.5126775240605794,307.6213684082031,-0.0037659496426296455,7.17498196785038,-0.0037327802864885796,7.153055051832727,0.004910235393553762,0.18267242786968071,1,-1.0,-1.0,0,0,0,0,0,26.1,45.0,70.0,11.9,1012.3,kandi/KAND,305.7478243151074,82.3,89.2,0.4132420320411613
11.134366101083083,2.9302979332130885,KAND,kandi,11.123456,2.954658,2921.955988667916,7079.457844,327.0,100.0,427.0,538.0,10,293.8235778808594,294.53675665060763,2.6096114550821903,283.8235778808594,-0.013366635038676258,13.240416920085305,-0.013143442789713543,13.348739002620453,0.0015497843424479166,0.08317965861621225,1,-1.0,-1.0,0,0,1,6,0,25.1,38.0,70.0,13.7,1012.7,kandi/KAND,183.82149629455927,84.2,84.5,0.6951263538540281
11.136230530355363,2.9165427559647505,KAND,kandi,11.123456,2.954658,4396.93605979123,7079.457844,327.0,100.0,427.0,538.0,10,300.4687805175781,288.86280655836975,1.6483534286852037,290.4687805175781,-0.007447827392033252,12.896507388041647,-0.007371340075328579,12.83215393547847,-0.00082550048828125,0.04505656657394124,1,-1.0,-1.0,0,0,0,0,0,30.4,39.0,60.0,7.6,1009.9,kandi/KAND,193.28666844877344,85.4,82.8,0.8599019089617916
11.122231483614597,2.9142068763597813,KAND,kandi,11.123456,2.954658,4421.03931328927,7079.457844,327.0,100.0,427.0,538.0,10,316.2631530761719,268.2368293436318,1.4348272301809697,306.2631530761719,-0.003842843545449745,9.947228748557981,-0.0036061121713093993,9.922005161939065,0.013103256624445609,0.45119447001318663,1,-1.0,-1.0,0,0,0,0,0,35.3,25.0,76.0,17.3,1007.6,kandi/KAND,386.61795560990697,80.3,77.7,0.2226566972964279
11.108800603555082,2.93194183977928,KAND,kandi,11.123456,2.954658,2964.1922271034573,7079.457844,327.0,100.0,427.0,538.0,10,323.8318176269531,236.67773430871193,1.9933647536703396,313.8318176269531,-0.0032352804610145404,3.2458551222858185,-0.003119964096018977,3.3003278231979993,-0.0037675645616319447,0.1534840694845511,1,-1.0,-1.0,0,0,0,0,0,31.0,43.0,40.0,3.6,1008.2,kandi/KAND,152.93749306281921,86.1,88.1,0.07880274914910379
11.133040633467708,2.9117903971069583,KAND,kandi,11.123456,2.954658,4801.376055770143,7079.457844,327.0,100.0,427.0,538.0,10,302.1160888671875,282.84101479820583,1.4899287272283779,292.1160888671875,-0.006502891750629132,11.364183564432167,-0.006401514123987267,11.31290731911142,-0.0016883002387152778,0.08937131110703088,0,-1.0,4551.2041570727,0,4,0,0,0,27.9,27.0,25.0,15.8,1009.5,kandi/KAND,274.500104918019,86.9,81.6,0.9617081653667963
11.136935149056418,2.907405500397469,KAND,kandi,11.123456,2.954658,5372.857007321254,7079.457844,327.0,100.0,427.0,538.0,10,299.547607421875,286.2150894261264,1.358888745122501,289.547607421875,-0.006255142777054397,11.638025825387258,-0.006174369227077993,11.615356676302161,0.00212097221455829,0.07021203537830524,1,-1.0,-1.0,0,0,0,0,0,28.4,37.0,100.0,3.6,1009.9,kandi/KAND,212.6801711490994,81.9,78.5,0.0483763652797925
11.134877248130957,2.930571070579429,KAND,kandi,11.123456,2.954658,2918.8305558202487,7079.457844,327.0,100.0,427.0,538.0,10,293.5776062011719,295.7947460696245,2.6172202144325976,283.5776062011719,-0.013519650413876488,13.305276463899634,-0.013361752415320562,13.362268394590346,0.0017515149124770148,0.05470403512825069,1,-1.0,-1.0,0,0,1,1,0,25.1,38.0,70.0,13.7,1012.7,kandi/KAND,392.63572965291604,84.5,83.4,0.08938064580492877
11.121119371249872,2.9294482645877897,KAND,kandi,11.123456,2.954658,2766.070885725406,7079.457844,327.0,100.0,427.0,538.0,10,304.48321533203125,264.6061834411857,2.5361279050389602,294.48321533203125,-0.010337692862343189,9.256267524082034,-0.0101925899379326,9.312162757038617,-0.004438957920672844,0.28682435495196534,1,-1.0,-1.0,0,0,0,5,0,31.0,31.0,80.0,11.2,1011.0,kandi/KAND,310.39672140233506,87.2,85.1,0.8239666747195821
11.116770400788225,2.92949594862921,KAND,kandi,11.123456,2.954658,2846.523697726161,7079.457844,327.0,100.0,427.0,538.0,10,308.42181396484375,254.85090290179664,2.385402149291366,298.42181396484375,-0.008778033328086559,7.538789788627909,-0.008616534953263866,7.682606404993129,-0.008854728354316416,0.4822974799951495,1,-1.0,-1.0,0,0,1,5,0,35.5,22.0,100.0,11.2,1009.7,kandi/KAND,323.68254725880485,88.4,89.2,0.6974880054771195
11.133372548010929,2.9184758635508103,KAND,kandi,11.123456,2.954658,4101.924552750601,7079.457844,327.0,100.0,427.0,538.0,10,299.3591003417969,285.60987738739595,1.7823159996438525,289.3591003417969,-0.008189964472466421,12.595616339571057,-0.008008280875299761,12.543930206012215,0.013442314995659723,0.4992609450312361,1,-1.0,-1.0,0,0,0,0,0,26.8,36.0,58.0,15.8,1010.5,kandi/KAND,352.45777406663626,85.7,87.5,0.8344508819861872
11.118400359481829,2.9245917067558143,KAND,kandi,11.123456,2.954658,3331.793271573986,7079.457844,327.0,100.0,427.0,538.0,10,303.07171630859375,260.2787109605444,2.1301729031432735,293.07171630859375,-0.009004066103980654,9.731983582723057,-0.008796774998074198,9.766737722468843,0.004965301027399581,0.13769124156940216,1,-1.0,-1.0,0,0,0,0,0,33.2,27.0,75.0,15.8,1010.6,kandi/KAND,277.74462035546526,88.5,85.9,0.2476572408115164
11.108341644026066,2.9320342947111167,KAND,kandi,11.123456,2.954658,2983.88949675076,7079.457844,327.0,100.0,427.0,538.0,10,324.7787780761719,235.75321579169767,1.9620549057855199,314.7787780761719,-0.0027206429567664127,3.1038511993537194,-0.0029631072399662985,3.1655507597678914,-0.011938985188802084,0.5328774479745594,1,-1.0,-1.0,0,0,0,0,0,33.4,23.0,80.0,18.4,1011.3,kandi/KAND,330.0848336780301,86.8,86.1,0.8131304296151509
11.1094308069228,2.930997511168598,KAND,kandi,11.123456,2.954658,3014.6189581741073,7079.457844,327.0,100.0,427.0,538.0,10,322.45245361328125,238.86597767835428,1.9862322588768166,312.45245361328125,-0.0035277554512010544,3.805129249862344,-0.003957310154985842,3.8996620456877675,-0.015034230550130208,0.7183273514687923,1,-1.0,-1.0,0,0,0,0,0,33.4,23.0,80.0,18.4,1011.3,kandi/KAND,144.11587076282325,81.5,86.1,0.1289529104856144
11.133159789158931,2.920922181066268,KAND,kandi,11.123456,2.954658,3838.4391861565255,7079.457844,327.0,100.0,427.0,538.0,10,297.35791015625,286.3418894136049,1.9344118120154483,287.35791015625,-0.009360073575780713,12.890149018865051,-0.009196830461491837,12.863569017893704,0.0035041679577494885,0.19399888135819332,1,-1.0,-1.0,0,0,0,7,0,30.0,38.0,28.0,18.0,1008.6,kandi/KAND,367.47538693083294,86.0,87.5,0.13204288078139237
11.13914620701535,2.9272344119006273,KAND,kandi,11.123456,2.954658,3462.1672629201585,7079.457844,327.0,100.0,427.0,538.0,10,292.2214660644531,300.24964865833726,2.2293387917697847,282.2214660644531,-0.011906770496395493,13.981650263454187,-0.011664568367650953,14.028263270155316,-0.003736114501953125,0.18564523940575878,1,-1.0,-1.0,0,0,0,8,0,25.1,38.0,70.0,13.7,1012.7,kandi/KAND,250.43971430260106,83.4,83.4,0.9911583431734438
11.135684410603798,2.917765756535156,KAND,kandi,11.123456,2.954658,4251.036797976372,7079.457844,327.0,100.0,427.0,538.0,10,299.9050598144531,288.6693597734703,1.7124846232151587,289.9050598144531,-0.00784514521209287,13.029161650835986,-0.007643367626048899,12.962889103354279,0.004455227322048611,0.1651019598667235,1,-1.0,-1.0,0,0,1,0,0,30.4,39.0,60.0,7.6,1009.9,kandi/KAND,193.28666844877344,85.4,82.8,0.09071916027921045
11.136017610943481,2.9150258167658523,KAND,kandi,11.123456,2.954658,4546.91536436735,7079.457844,327.0,100.0,427.0,538.0,10,299.5425109863281,287.90584577276593,1.605674117468897,289.5425109863281,-0.007408523559570311,12.55089515803228,-0.007471106062719832,12.504078231021614,-0.009521484375,0.4390780999341219,1,-1.0,-1.0,0,0,0,0,0,30.4,39.0,60.0,7.6,1009.9,kandi/KAND,198.68689941707686,82.8,86.4,0.7437834679009552
11.136170518329699,2.9166771490926457,KAND,kandi,11.123456,2.954658,4380.901136862405,7079.457844,327.0,100.0,427.0,538.0,10,300.4568176269531,288.84217905884884,1.6545396924889322,290.4568176269531,-0.007504355445909269,12.925074532147377,-0.007410459981022182,12.859846513137388,-0.0005734693068166148,0.013391000178649696,1,-1.0,-1.0,0,0,0,0,0,30.4,39.0,60.0,7.6,1009.9,kandi/KAND,193.28666844877344,85.4,82.8,0.7753779291535104
11.109439053292197,2.9309821508412908,KAND,kandi,11.123456,2.954658,3015.588712224485,7079.457844,327.0,100.0,427.0,538.0,10,322.45245361328125,238.89734121838893,1.9855940369901488,312.45245361328125,-0.0035351509716238707,3.7902389263001988,-0.003957310154985841,3.885216192365908,-0.015034230550130208,0.7183273514687923,1,-1.0,-1.0,0,0,0,0,0,31.0,43.0,40.0,3.6,1008.2,kandi/KAND,144.11587076282325,86.1,81.5,0.8844749467478693
11.145378157296372,2.9206365882144523,KAND,kandi,11.123456,2.954658,4437.57840723557,7079.457844,327.0,100.0,427.0,538.0,10,290.85504150390625,303.2971981199374,1.757283982063634,280.85504150390625,-0.009559808127850499,14.383846480368199,-0.009410858594579075,14.372222732167225,0.0030444454880601633,0.12019196756709098,1,-1.0,-1.0,0,0,0,0,0,30.2,29.0,65.0,16.6,1012.8,kandi/KAND,357.0009189063783,81.4,81.8,0.1636516897677438
11.118741755486003,2.924384340821407,KAND,kandi,11.123456,2.954658,3348.0361007258134,7079.457844,327.0,100.0,427.0,538.0,10,303.0980529785156,260.9852193096666,2.119397838113863,293.0980529785156,-0.008970103314663674,9.82144029491409,-0.008776873315286916,9.88629201081979,0.002978515625,0.15293822770126814,1,-1.0,-1.0,0,0,0,1,0,33.2,27.0,75.0,15.8,1010.6,kandi/KAND,277.74462035546526,85.9,88.5,0.9119778126195424
11.137749228433707,2.933661604189392,KAND,kandi,11.123456,2.954658,2785.7615952648407,7079.457844,327.0,100.0,427.0,538.0,10,292.15167236328125,304.75483497301906,2.7713117689349756,282.15167236328125,-0.014766814859594728,13.218601221555891,-0.014519818773136028,13.383176549762648,-0.0036242850208352416,0.09028337656822483,1,-1.0,-1.0,0,0,0,9,0,33.4,16.0,49.0,20.9,1010.0,kandi/KAND,384.65784393401856,76.8,83.2,0.2434082616378741
11.111694993477874,2.922746626238526,KAND,kandi,11.123456,2.954658,3720.9610415588763,7079.457844,327.0,100.0,427.0,538.0,10,311.179443359375,249.41685475815007,1.7828424214650964,301.179443359375,-0.005953269016745554,7.644762350361621,-0.005709491709552746,7.657793157199228,0.006126573350694445,0.2788979462105726,1,-1.0,-1.0,0,0,0,0,0,36.4,21.0,100.0,14.8,1008.9,kandi/KAND,246.3349853351433,85.9,85.3,0.43022952459275166
11.133951277510395,2.9231111279715085,KAND,kandi,11.123456,2.954658,3636.470416966442,7079.457844,327.0,100.0,427.0,538.0,10,295.1402893066406,288.7329970480016,2.076655524112996,285.1402893066406,-0.010433084456647028,13.303437722920338,-0.010235543623311496,13.30263457371088,0.005287440719402276,0.16126953090234836,1,-1.0,-1.0,0,0,2,4,0,30.2,23.0,100.0,18.4,1012.1,kandi/KAND,261.51750763597073,80.0,84.7,0.9568468236656064
11.139151955165312,2.9322105500127145,KAND,kandi,11.123456,2.954658,3004.566567057099,7079.457844,327.0,100.0,427.0,538.0,10,292.0836181640625,305.47727194571667,2.5710696759802105,282.0836181640625,-0.013611141997988862,13.650029203937196,-0.013654784318711657,13.70292922749264,-0.008218830030640783,0.23923102674117394,1,-1.0,-1.0,0,0,0,1,0,33.4,16.0,49.0,20.9,1010.0,kandi/KAND,278.04558367284955,76.8,85.3,0.5032962868780892
11.112461416464683,2.9229426879328253,KAND,kandi,11.123456,2.954658,3671.953902889834,7079.457844,327.0,100.0,427.0,538.0,10,310.38983154296875,250.5449785902618,1.8189296495178957,300.38983154296875,-0.006215595359078591,7.85952129734175,-0.006083894856770833,7.880694730236653,0.0032414754231770834,0.15094806653901302,1,-1.0,-1.0,0,0,0,0,0,33.2,27.0,75.0,15.8,1010.6,kandi/KAND,246.3349853351433,85.3,85.9,0.2132946675900741
11.114256602518276,2.9314908173275906,KAND,kandi,11.123456,2.954658,2727.779482746353,7079.457844,327.0,100.0,427.0,538.0,10,314.1882019042969,247.96985905423355,2.3682114526944322,304.1882019042969,-0.007009954766912775,5.5433603857594305,-0.007275234027904289,5.713341390249191,-0.012896960268678759,0.31402135119125923,1,-1.0,-1.0,0,0,0,0,0,28.3,38.0,34.0,17.3,1009.3,kandi/KAND,275.9081341679291,87.3,87.4,0.1607905781911364
11.113973155464459,2.931547454023648,KAND,kandi,11.123456,2.954658,2733.916830645597,7079.457844,327.0,100.0,427.0,538.0,10,314.2488708496094,247.3087820774593,2.361631803463081,304.2488708496094,-0.006911778104478035,5.494091584473068,-0.0070925973207564465,5.580991105977179,-0.015934766617928992,0.47593712293795215,1,-1.0,-1.0,0,0,0,0,0,28.3,38.0,34.0,17.3,1009.3,kandi/KAND,392.9995717554643,87.3,89.2,0.03728944594612915
11.10993264107824,2.9314680557703277,KAND,kandi,11.123456,2.954658,2942.050933411584,7079.457844,327.0,100.0,427.0,538.0,10,322.0665588378906,239.2789053445911,2.0426892533617065,312.0665588378906,-0.0037908483434606483,3.8102209077887714,-0.003639198924690096,3.83010264424399,0.011205440574566253,0.3373716667516531,1,-1.0,-1.0,0,0,0,0,0,33.4,23.0,80.0,18.4,1011.3,kandi/KAND,182.88071112067146,81.5,88.6,0.454452772299726
11.121800531753157,2.9149775196884713,KAND,kandi,11.123456,2.954658,4338.646594981582,7079.457844,327.0,100.0,427.0,538.0,10,313.7884521484375,267.5691569597653,1.4947224092404772,303.7884521484375,-0.0044912474182830465,9.979323247989367,-0.0041624246541064345,9.915459886957036,0.011033121744791666,0.5622662748762634,1,-1.0,-1.0,0,0,0,0,0,35.3,25.0,76.0,17.3,1007.6,kandi/KAND,386.61795560990697,80.3,77.7,0.4761577922602861
11.139593424918989,2.9144134727494655,KAND,kandi,11.123456,2.954658,4744.845020699133,7079.457844,327.0,100.0,427.0,538.0,10,299.7476501464844,292.2323862432363,1.5362514999588845,289.7476501464844,-0.007039356031757731,12.96756714475525,-0.008271486625951677,12.986511719127524,-0.15322175904815197,5.370125140177993,0,-1.0,4583.196993941848,0,3,0,6,0,30.4,39.0,60.0,7.6,1009.9,kandi/KAND,295.05963126131167,78.5,82.2,0.21040044611046993
11.119977047738102,2.9265414737059796,KAND,kandi,11.123456,2.954658,3095.5322351793266,7079.457844,327.0,100.0,427.0,538.0,10,303.0166015625,262.81555826677436,2.2936057492989677,293.0166015625,-0.009714351556239982,9.643458535334451,-0.009713582262121472,9.695441961204416,-0.0031064148730362163,0.09856196139092616,1,-1.0,-1.0,0,0,0,9,0,31.0,31.0,80.0,11.2,1011.0,kandi/KAND,368.7529770885469,87.2,88.5,0.24710848326828716
11.137003052032744,2.9181169219364804,KAND,kandi,11.123456,2.954658,4263.730110513651,7079.457844,327.0,100.0,427.0,538.0,10,300.34490966796875,290.7021829181574,1.701484053142319,290.34490966796875,-0.007687754953379954,13.310444945839798,-0.007772109912417124,13.278262809793544,-0.006581783608521969,0.21124289663347914,1,-1.0,-1.0,0,0,0,3,0,30.4,39.0,60.0,7.6,1009.9,kandi/KAND,335.4422938451181,82.8,79.8,0.6349547478729872
11.130013312998756,2.922268318864164,KAND,kandi,11.123456,2.954658,3611.850392429805,7079.457844,327.0,100.0,427.0,538.0,10,299.99090576171875,281.6613129784763,2.013950471437405,289.99090576171875,-0.00918305031852617,12.245788479757065,-0.008980975887639736,12.212453990079245,0.0013730367024739583,0.08562085293034126,1,-1.0,-1.0,0,0,3,2,0,30.7,25.0,24.0,16.6,1009.0,kandi/KAND,296.59233233508934,86.6,85.7,0.08957062422262263
11.13616470527183,2.9145392471565073,KAND,kandi,11.123456,2.954658,4602.496575678532,7079.457844,327.0,100.0,427.0,538.0,10,298.8088684082031,287.89650409440986,1.5954194200342866,288.8088684082031,-0.007471106062719832,12.507814915832878,-0.007465336465428017,12.463561564532041,-0.008369954427083333,0.36919118545059204,1,-1.0,-1.0,0,0,0,0,0,30.4,39.0,60.0,7.6,1009.9,kandi/KAND,365.3384196878242,86.4,78.5,0.0783708528703626
11.106418515797428,2.9321744081761723,KAND,kandi,11.123456,2.954658,3095.9286242499797,7079.457844,327.0,100.0,427.0,538.0,10,328.8851318359375,232.32469999119735,1.815186217058573,318.8851318359375,-0.0014231559557792471,2.9142959269429083,-0.001407935732886905,2.9131626558844044,-0.004389784071180555,0.17184589624543092,1,-1.0,-1.0,0,0,0,0,0,33.4,23.0,80.0,18.4,1011.3,kandi/KAND,330.0848336780301,86.8,86.1,0.1647121448861184
11.13505783474927,2.9304569205096587,KAND,kandi,11.123456,2.954658,2938.744169607313,7079.457844,327.0,100.0,427.0,538.0,10,293.57745361328125,296.0416108229117,2.59951270079115,283.57745361328125,-0.013516880013264511,13.326790731621063,-0.013192707081788897,13.435332208657238,0.00293278097596034,0.08005730718903671,1,-1.0,-1.0,0,0,1,1,0,25.1,38.0,70.0,13.7,1012.7,kandi/KAND,392.63572965291604,84.5,83.4,0.14977750811716684
11.134935624961754,2.93202489849773,KAND,kandi,11.123456,2.954658,2779.4574036496747,7079.457844,327.0,100.0,427.0,538.0,10,293.1136779785156,297.33781152335007,2.7578030911807843,283.1136779785156,-0.014324355654842311,13.02266285081804,-0.014055893212033991,13.18389279962005,0.007050323486328125,0.33439297728029554,1,-1.0,-1.0,0,0,0,10,0,33.4,16.0,49.0,20.9,1010.0,kandi/KAND,334.3661974542558,87.6,84.5,0.5599662679006141
11.109375483996782,2.931100559942002,KAND,kandi,11.123456,2.954658,3008.136380688607,7079.457844,327.0,100.0,427.0,538.0,10,322.45245361328125,238.65505054364962,1.9905091786312064,312.45245361328125,-0.00358842402794967,3.709755305883942,-0.00359432528840606,3.752227578128522,-0.006385051884799085,0.5300939444516022,1,-1.0,-1.0,0,0,0,0,0,31.0,43.0,40.0,3.6,1008.2,kandi/KAND,144.11587076282325,86.1,81.5,0.7809627970592125
11.109112169293198,2.9315910303342183,KAND,kandi,11.123456,2.954658,2977.8442160711634,7079.457844,327.0,100.0,427.0,538.0,10,323.75543212890625,237.6387998473492,1.9857013997082562,313.75543212890625,-0.0031899820963541665,3.495706916237302,-0.003251784503292157,3.5221540957301416,-0.003651617448509562,0.19034394066833274,1,-1.0,-1.0,0,0,0,0,0,33.4,23.0,80.0,18.4,1011.3,kandi/KAND,144.11587076282325,81.5,86.1,0.6478019207880048
11.12079683592739,2.9285754575141407,KAND,kandi,11.123456,2.954658,2864.4600865372836,7079.457844,327.0,100.0,427.0,538.0,10,304.1214904785156,264.07057747770097,2.456346372932467,294.1214904785156,-0.010305974774866429,9.356438850507589,-0.01005372546968006,9.46363566102607,-0.006224822998046876,0.3314708521168419,1,-1.0,-1.0,0,0,1,4,0,31.0,31.0,80.0,11.2,1011.0,kandi/KAND,310.39672140233506,87.2,85.1,0.49121521698082005
11.132797773388372,2.919032991584078,KAND,kandi,11.123456,2.954658,4026.5332700486133,7079.457844,327.0,100.0,427.0,538.0,10,298.9925842285156,284.9660526257719,1.820875387856243,288.9925842285156,-0.008477233133198302,12.48180721065235,-0.00836047752230775,12.460103507942272,0.0004340277777777777,0.09190465301811097,1,-1.0,-1.0,0,0,0,2,0,30.0,38.0,28.0,18.0,1008.6,kandi/KAND,352.45777406663626,87.5,85.7,0.4176432507140664
11.138098632030474,2.9059193073604015,KAND,kandi,11.123456,2.954658,5565.091030141789,7079.457844,327.0,100.0,427.0,538.0,10,297.6587829589844,287.0288251222328,1.331401751048961,287.6587829589844,-0.006486928241546561,11.696449348720392,-0.006443223885610593,11.667435354087322,-0.013676706949869792,0.6327938274289531,0,-1.0,5464.718646832617,0,2,0,0,0,28.4,37.0,100.0,3.6,1009.9,kandi/KAND,130.8482388112753,83.6,78.5,0.9310245346714832
11.127083689813782,2.9263891265425213,KAND,kandi,11.123456,2.954658,3114.086798767727,7079.457844,327.0,100.0,427.0,538.0,10,299.02435302734375,277.45391166649074,2.3532872626502708,289.02435302734375,-0.010944539977691403,12.071241155730263,-0.010586576641730542,12.083260543892619,0.012526787651909723,0.47382337163103905,1,-1.0,-1.0,0,0,0,2,0,35.7,22.0,60.0,14.8,1008.1,kandi/KAND,268.144848356337,81.0,82.6,0.17098995710538578
11.139663656964332,2.91447074936897,KAND,kandi,11.123456,2.954658,4741.979660911438,7079.457844,327.0,100.0,427.0,538.0,10,297.4419860839844,292.3483298911973,1.5650175081176572,287.4419860839844,-0.007522723759745152,13.01086376761552,-0.00830545346062112,13.02094639169341,-0.15503332356385566,5.377730800754139,0,-1.0,4570.926286369542,0,3,0,7,0,30.4,39.0,60.0,7.6,1009.9,kandi/KAND,295.05963126131167,82.2,78.5,0.7555063279939104
11.141190611410375,2.916073646929281,KAND,kandi,11.123456,2.954658,4649.057121120303,7079.457844,327.0,100.0,427.0,538.0,10,293.3288269042969,295.1043026588643,1.646932788725763,283.3288269042969,-0.008601408927671372,13.3581510860994,-0.008796797679553244,13.352612532028996,-0.015959617300265516,0.3647047114962419,0,-1.0,4397.5049322019695,0,4,0,0,0,30.4,39.0,60.0,7.6,1009.9,kandi/KAND,215.05945643006783,82.2,85.5,0.17287405662239141
11.112612139117108,2.9229812448904227,KAND,kandi,11.123456,2.954658,3662.4847976407423,7079.457844,327.0,100.0,427.0,538.0,10,310.223876953125,250.77038257851572,1.8262227517545504,300.223876953125,-0.006260569502667682,7.919418298864871,-0.006101884267247829,7.929329463330064,0.005606369883443866,0.1439014337527934,1,-1.0,-1.0,0,0,0,0,0,36.4,21.0,100.0,14.8,1008.9,kandi/KAND,246.3349853351433,85.9,85.3,0.8568088916775988
11.141081841354323,2.917308506977396,KAND,kandi,11.123456,2.954658,4521.918017273896,7079.457844,327.0,100.0,427.0,538.0,10,294.45941162109375,295.6895913431971,1.6788987997779652,284.45941162109375,-0.008627228552229735,13.457330014923055,-0.00843483918632557,13.431951835244915,-0.0032002766927083336,0.15867884127684137,1,-1.0,-1.0,0,0,0,0,0,26.8,36.0,58.0,15.8,1010.5,kandi/KAND,215.05945643006783,85.5,82.2,0.18730208425098727
11.132111960655719,2.920733262172118,KAND,kandi,11.123456,2.954658,3827.637655690284,7079.457844,327.0,100.0,427.0,538.0,10,298.7983703613281,284.57968228312484,1.918328759138449,288.7983703613281,-0.008939440617927267,12.575000703234299,-0.008820448655348558,12.541143897945233,0.005370330810546875,0.2468180812637884,1,-1.0,-1.0,0,0,1,2,0,26.8,36.0,58.0,15.8,1010.5,kandi/KAND,211.21815475956797,85.7,86.0,0.40122540982355315
11.131832375684095,2.9260451838404276,KAND,kandi,11.123456,2.954658,3260.112497071861,7079.457844,327.0,100.0,427.0,538.0,10,297.7160949707031,286.61567122589594,2.2709470191408605,287.7160949707031,-0.010884709189915494,13.001482027459602,-0.010777598887950449,13.002718870040374,-0.002808295355902778,0.13356796040643357,1,-1.0,-1.0,0,0,2,5,0,33.0,34.0,28.0,16.2,1007.9,kandi/KAND,276.00636025271393,82.4,84.8,0.9978402871872121
11.133149856168492,2.9239206904301076,KAND,kandi,11.123456,2.954658,3524.806051401549,7079.457844,327.0,100.0,427.0,538.0,10,295.8716125488281,287.8214640598088,2.1305115800983927,285.8716125488281,-0.010580159850039727,13.130996180357874,-0.010730563827985,13.13255679386718,-0.010336256880565596,0.08805595403604333,1,-1.0,-1.0,0,0,3,3,0,30.2,23.0,100.0,18.4,1012.1,kandi/KAND,290.56781050227556,80.0,82.4,0.9076234586168028
11.135657090049444,2.9342100120288537,KAND,kandi,11.123456,2.954658,2609.799065218225,7079.457844,327.0,100.0,427.0,538.0,10,292.72686767578125,301.3068416402447,2.9452483327433994,282.72686767578125,-0.015564117013031393,12.470503062009827,-0.01534213519721442,12.723435325126266,-0.010178968641493057,0.37488917944414746,1,-1.0,-1.0,0,0,5,7,0,33.4,16.0,49.0,20.9,1010.0,kandi/KAND,305.11071367616483,83.2,87.6,0.7708283213110249
11.138790268944238,2.905737297646253,KAND,kandi,11.123456,2.954658,5606.778904145261,7079.457844,327.0,100.0,427.0,538.0,10,296.8369140625,287.7213877071114,1.3299001510825144,286.8369140625,-0.006526466543458368,11.855184522625896,-0.006692845067255674,11.829915667021762,-0.022465414909850528,0.5942129508910717,1,-1.0,-1.0,0,0,0,0,0,28.4,37.0,100.0,3.6,1009.9,kandi/KAND,130.8482388112753,78.5,83.6,0.6756745124898099
11.116574360805764,2.9349097406545783,KAND,kandi,11.123456,2.954658,2287.718991059025,7079.457844,327.0,100.0,427.0,538.0,10,316.4075012207031,250.4501383010001,2.767627660626693,306.4075012207031,-0.007323756362452653,5.32151287202392,-0.007480492733771718,5.3885385001242305,-0.007875786338481341,0.27583635421905206,1,-1.0,-1.0,0,0,0,0,0,36.2,24.0,60.0,11.2,1006.9,kandi/KAND,271.9160182852466,88.7,89.9,0.011196154687891258
11.140256382631508,2.929936227370429,KAND,kandi,11.123456,2.954658,3278.2157529623755,7079.457844,327.0,100.0,427.0,538.0,10,292.66644287109375,304.7092282116725,2.3465332192923367,282.66644287109375,-0.012320889559659093,13.985303670186335,-0.012158474441850442,14.001862729289787,-0.002145251939612123,0.1375977139848489,1,-1.0,-1.0,0,0,1,4,0,34.2,16.0,100.0,18.4,1010.2,kandi/KAND,284.3355512418123,85.3,79.7,0.6264736834262399
11.13619855815703,2.918315317578937,KAND,kandi,11.123456,2.954658,4212.849355362155,7079.457844,327.0,100.0,427.0,538.0,10,298.93359375,289.66751024820326,1.7411981691928327,288.93359375,-0.008130445547983155,13.225039934019813,-0.00765077106324665,13.151526666015556,0.019578297932942707,0.9182307296841684,1,-1.0,-1.0,0,0,0,0,0,26.8,36.0,58.0,15.8,1010.5,kandi/KAND,239.88586973826605,79.8,85.4,0.6731309847280704
11.133060210818797,2.921522709125487,KAND,kandi,11.123456,2.954658,3772.383071563784,7079.457844,327.0,100.0,427.0,538.0,10,296.9660339355469,286.46047858983036,1.9742026741016583,286.9660339355469,-0.009593551005408108,12.92544266130536,-0.009267547581824973,12.904736646021416,0.01101096029352338,0.22480502781067518,1,-1.0,-1.0,0,0,0,7,0,33.0,34.0,28.0,16.2,1007.9,kandi/KAND,274.61005170973647,82.4,86.0,0.9300772771307206
11.105656196571745,2.930737336449623,KAND,kandi,11.123456,2.954658,3271.941980269228,7079.457844,327.0,100.0,427.0,538.0,10,326.8050231933594,232.82773710869589,1.753990720717435,316.8050231933594,-0.001975865219578598,2.9405637025514224,-0.002034037822001689,2.9635071285095194,-0.011183675130208334,0.41246511599034286,1,-1.0,-1.0,0,0,0,0,0,31.4,32.0,75.0,16.2,1012.0,kandi/KAND,383.69036938137486,86.3,88.1,0.3877733698733483
11.107738845454728,2.9313193145736753,KAND,kandi,11.123456,2.954658,3085.9690186064167,7079.457844,327.0,100.0,427.0,538.0,10,325.29180908203125,235.53993669498263,1.8876862998592856,315.29180908203125,-0.002568243080850785,3.1467602784327355,-0.0019426199264614592,3.1775353880946637,0.026371366809960047,0.4902308544544507,1,-1.0,-1.0,0,0,0,0,0,31.0,43.0,40.0,3.6,1008.2,kandi/KAND,209.350490283057,88.1,81.5,0.028505182989704947
11.133552114281782,2.910294315725788,KAND,kandi,11.123456,2.954658,4973.299580944111,7079.457844,327.0,100.0,427.0,538.0,10,301.541748046875,283.06242121557045,1.4450575553875487,291.541748046875,-0.006371640980501491,11.265085437036976,-0.006381870957721,11.222915742223107,-0.002792217208764904,0.12502097232351886,1,-1.0,-1.0,0,0,0,0,0,27.9,27.0,25.0,15.8,1009.5,kandi/KAND,274.500104918019,81.6,86.9,0.6776428522272726
11.137406107905521,2.9344385270996427,KAND,kandi,11.123456,2.954658,2694.3975417545716,7079.457844,327.0,100.0,427.0,538.0,10,292.208984375,305.1153258025727,2.863914197261974,282.208984375,-0.015235616290671604,12.877926093138349,-0.014899002296337184,13.075284912833991,-0.0008209228515625001,0.03135457274526731,1,-1.0,-1.0,0,0,1,7,0,33.4,16.0,49.0,20.9,1010.0,kandi/KAND,384.65784393401856,76.8,83.2,0.4884943531995819
11.108962064834806,2.9318706265420236,KAND,kandi,11.123456,2.954658,2960.999375538978,7079.457844,327.0,100.0,427.0,538.0,10,324.0216979980469,237.05037286475033,1.9918426994033989,314.0216979980469,-0.003132552329940026,3.3215525095803544,-0.0034266477694641184,3.379871410782233,-0.011989581350604468,0.2924688369558716,1,-1.0,-1.0,0,0,0,0,0,31.0,43.0,40.0,3.6,1008.2,kandi/KAND,144.11587076282325,86.1,81.5,0.10777763905245341
11.139086391768405,2.905659370587262,KAND,kandi,11.123456,2.954658,5624.872618739944,7079.457844,327.0,100.0,427.0,538.0,10,296.24957275390625,288.01473105403375,1.331603274520031,286.24957275390625,-0.0066815249882167145,11.898855261127213,-0.0065930282860471486,11.874675063318806,-0.012139892578124999,0.5638253577334784,1,-1.0,-1.0,0,0,0,0,0,28.4,37.0,100.0,3.6,1009.9,kandi/KAND,130.8482388112753,83.6,78.5,0.06456862420699805
11.106774859268352,2.9321484460392133,KAND,kandi,11.123456,2.954658,3074.3600110479933,7079.457844,327.0,100.0,427.0,538.0,10,328.6663818359375,232.9407467869533,1.8319849174733194,318.6663818359375,-0.001507765884152508,2.85750837325092,-0.0015243094308035718,2.8585444603690253,-0.005383809407552083,0.2503314693754453,1,-1.0,-1.0,0,0,0,2,0,33.4,23.0,80.0,18.4,1011.3,kandi/KAND,330.0848336780301,86.8,86.1,0.2848599430155968
11.114250136354778,2.9314936250038466,KAND,kandi,11.123456,2.954658,2727.7618674872706,7079.457844,327.0,100.0,427.0,538.0,10,314.1882019042969,247.95344009954016,2.3682267286470022,304.1882019042969,-0.007009954766912774,5.533720230049833,-0.007275532064246535,5.704764203307627,-0.012906199395288425,0.31402135119125923,1,-1.0,-1.0,0,0,0,0,0,28.3,38.0,34.0,17.3,1009.3,kandi/KAND,275.9081341679291,87.4,87.3,0.8420454584308186
11.120305689299313,2.9302228934677683,KAND,kandi,11.123456,2.954658,2691.999871028449,7079.457844,327.0,100.0,427.0,538.0,10,306.11676025390625,262.5169560692612,2.5711181599695054,296.11676025390625,-0.010202948651003733,8.81701544190114,-0.010152503563213063,8.930170738758967,-0.01771856467551314,0.46775479891801486,1,-1.0,-1.0,0,0,3,2,0,35.5,22.0,100.0,11.2,1009.7,kandi/KAND,351.7491748390901,88.4,85.1,0.6740693044082583
11.13864710258462,2.9277559120429943,KAND,kandi,11.123456,2.954658,3385.2548016110486,7079.457844,327.0,100.0,427.0,538.0,10,292.63214111328125,299.92334655546824,2.272996413733496,282.63214111328125,-0.012015045036954516,13.89656650622121,-0.011915951661626829,13.946346750050408,-0.006275963326771415,0.13344141136522686,1,-1.0,-1.0,0,0,0,7,0,34.2,16.0,100.0,18.4,1010.2,kandi/KAND,250.43971430260106,83.4,83.4,0.32878039447484664
11.106888478846466,2.931731591734852,KAND,kandi,11.123456,2.954658,3103.4665440904723,7079.457844,327.0,100.0,427.0,538.0,10,328.0045166015625,233.6322786903548,1.8270217228393864,318.0045166015625,-0.00210716532201408,2.9059301156320254,-0.002053880991425904,2.93283561683134,-0.010733032226562501,0.8051487126377925,1,-1.0,-1.0,0,0,0,1,0,31.0,43.0,40.0,3.6,1008.2,kandi/KAND,217.95597506908584,88.1,86.8,0.454441690302943
11.138821668561581,2.932421870825529,KAND,kandi,11.123456,2.954658,2964.6613780487132,7079.457844,327.0,100.0,427.0,538.0,10,292.59063720703125,305.15808986257844,2.5958510287240344,282.59063720703125,-0.013715401081123738,13.560961978474754,-0.013387527717615512,13.659886298132019,0.0018948025173611109,0.1959055170964941,1,-1.0,-1.0,0,0,0,1,0,34.2,16.0,100.0,18.4,1010.2,kandi/KAND,278.04558367284955,85.3,76.8,0.6532376485401015
11.134254927851767,2.9063937632490076,KAND,kandi,11.123456,2.954658,5406.001753848018,7079.457844,327.0,100.0,427.0,538.0,10,303.4832763671875,282.85039198913864,1.3088704358991854,293.4832763671875,-0.00549578306644222,10.868417343141344,-0.005382551815046933,10.84086410694134,0.0036909315321180555,0.20100765489969752,1,-1.0,-1.0,0,0,0,0,0,28.4,37.0,100.0,3.6,1009.9,kandi/KAND,348.3702771476682,81.9,79.6,0.905197292493852
11.13108484984677,2.922999933265231,KAND,kandi,11.123456,2.954658,3559.807971534087,7079.457844,327.0,100.0,427.0,538.0,10,298.7541198730469,283.801426008644,2.063249279506824,288.7541198730469,-0.009702584622636814,12.590696040674507,-0.009503333562004996,12.5682838084044,0.0007006327311197917,0.045583261314883806,1,-1.0,-1.0,0,0,1,3,0,33.0,34.0,28.0,16.2,1007.9,kandi/KAND,371.69589343971694,82.4,86.6,0.6029902461534579
11.138325315571404,2.928092138217061,KAND,kandi,11.123456,2.954658,3335.7270895804704,7079.457844,327.0,100.0,427.0,538.0,10,292.7801818847656,299.7049866538771,2.304170189413663,282.7801818847656,-0.012130899063414122,13.900721555788394,-0.011969564225620493,13.92528225902554,-0.002237727541774616,0.07526077480241951,1,-1.0,-1.0,0,0,1,1,0,25.1,38.0,70.0,13.7,1012.7,kandi/KAND,250.43971430260106,83.4,83.4,0.46494587910398977
11.117291187215654,2.929973134332482,KAND,kandi,11.123456,2.954658,2781.5341483969414,7079.457844,327.0,100.0,427.0,538.0,10,308.65704345703125,255.72268672645015,2.4362329331054173,298.65704345703125,-0.0089277109378692,7.641111911692774,-0.00868272212513706,7.7577302793981895,-0.006546359592013888,0.24598324786355935,1,-1.0,-1.0,0,0,2,4,0,35.5,22.0,100.0,11.2,1009.7,kandi/KAND,323.68254725880485,89.2,88.4,0.5447382398385613
11.109996127007532,2.9315608954088623,KAND,kandi,11.123456,2.954658,2929.7468589395785,7079.457844,327.0,100.0,427.0,538.0,10,322.2720642089844,239.29635709747433,2.0472467939981347,312.2720642089844,-0.0035770745870258914,3.7857005529275836,-0.004551046114355268,3.8474644573446235,-0.01631063772216296,0.30455699020649163,1,-1.0,-1.0,0,0,0,0,0,33.4,23.0,80.0,18.4,1011.3,kandi/KAND,182.88071112067146,81.5,88.6,0.5227172123989055
11.133505056950245,2.9233467760513605,KAND,kandi,11.123456,2.954658,3596.5266481919157,7079.457844,327.0,100.0,427.0,538.0,10,295.97576904296875,288.1154966080387,2.086406598638648,285.97576904296875,-0.010374891493055557,13.186842034936936,-0.010308020753287225,13.191028183686539,-0.004197184244791667,0.2007246014714765,1,-1.0,-1.0,0,0,1,8,0,30.0,38.0,28.0,18.0,1008.6,kandi/KAND,138.00206411489975,84.7,82.4,0.40098234349417294
11.131554361971295,2.926179764656371,KAND,kandi,11.123456,2.954658,3237.3772139914713,7079.457844,327.0,100.0,427.0,538.0,10,297.9040222167969,286.1653282229008,2.2835577455174985,287.9040222167969,-0.0109325173460407,12.958792541033375,-0.010754544938708149,12.957858026428836,-0.0007626899618336595,0.11510338323938399,1,-1.0,-1.0,0,0,3,8,0,33.0,34.0,28.0,16.2,1007.9,kandi/KAND,377.8714555243443,84.8,82.6,0.08949286646257604
11.108544439928568,2.93110585085982,KAND,kandi,11.123456,2.954658,3056.2614546411337,7079.457844,327.0,100.0,427.0,538.0,10,324.27459716796875,237.17075418498388,1.9250699555687631,314.27459716796875,-0.0028982010256719598,3.410972305689023,-0.00311032505245552,3.4543373496443937,0.002965735638139203,0.3466948239789772,1,-1.0,-1.0,0,0,0,0,0,33.4,23.0,80.0,18.4,1011.3,kandi/KAND,209.350490283057,81.5,88.1,0.5296187209706495
11.139213912653805,2.914103967601161,KAND,kandi,11.123456,2.954658,4760.660381771106,7079.457844,327.0,100.0,427.0,538.0,10,296.7992858886719,291.6082731395022,1.5666087621280298,286.7992858886719,-0.007657461746183832,12.877324987584503,-0.008475526193059461,12.872005449496724,-0.049007766479781445,1.051128880432153,0,-1.0,4627.094759837648,0,4,0,3,0,30.4,39.0,60.0,7.6,1009.9,kandi/KAND,295.05963126131167,82.2,78.5,0.9738288088328186
11.11587466641004,2.9292025414225975,KAND,kandi,11.123456,2.954658,2904.5353901088174,7079.457844,327.0,100.0,427.0,538.0,10,308.3209533691406,253.11806533731072,2.3397986927218515,298.3209533691406,-0.008666916347499876,7.2742705034796895,-0.008555525962752525,7.441922267755976,-0.0129852294921875,0.47715765913508784,1,-1.0,-1.0,0,0,3,8,0,28.3,38.0,34.0,17.3,1009.3,kandi/KAND,392.9995717554643,87.3,89.2,0.8899849372372733
11.133812765154051,2.9180664536334295,KAND,kandi,11.123456,2.954658,4158.185631219286,7079.457844,327.0,100.0,427.0,538.0,10,299.8443908691406,286.0943308357605,1.751535586042536,289.8443908691406,-0.00802901380067821,12.63701055798011,-0.007778490576056443,12.578390887073732,0.0096038818359375,0.42764977615747085,1,-1.0,-1.0,0,0,0,0,0,30.0,38.0,28.0,18.0,1008.6,kandi/KAND,348.5559072802526,87.5,82.8,0.024327579089638007
11.110363661128199,2.932185684812569,KAND,kandi,11.123456,2.954658,2850.301081504884,7079.457844,327.0,100.0,427.0,538.0,10,321.8601379394531,239.3028837503469,2.1125278173736293,311.8601379394531,-0.004028353100979457,3.684984474600403,-0.004019196500483247,3.7584477106996115,-0.008583577473958333,0.315595577580481,1,-1.0,-1.0,0,0,0,0,0,33.4,23.0,80.0,18.4,1011.3,kandi/KAND,320.7240494333438,88.6,88.1,0.027728100706606695
11.136510606915818,2.9333338440419054,KAND,kandi,11.123456,2.954658,2740.7196092626987,7079.457844,327.0,100.0,427.0,538.0,10,292.16571044921875,301.963463376902,2.8164909965000455,282.16571044921875,-0.014912923177083332,13.088213494109718,-0.014733980826184644,13.181938404248724,0.00042263334226905316,0.020940223924105973,1,-1.0,-1.0,0,0,1,6,0,33.4,16.0,49.0,20.9,1010.0,kandi/KAND,315.9212884563857,76.8,87.6,0.5764208336431941
11.131371006693355,2.9204524035476385,KAND,kandi,11.123456,2.954658,3837.8321850819198,7079.457844,327.0,100.0,427.0,538.0,10,299.6513671875,283.2728312751479,1.900516383333153,289.6513671875,-0.008767441990223432,12.367257300330659,-0.008556017753405448,12.326876069221045,0.003950330946180556,0.1662102308997926,1,-1.0,-1.0,0,0,3,4,0,30.7,25.0,24.0,16.6,1009.0,kandi/KAND,296.59233233508934,86.6,85.7,0.9381291833464045
11.12965254357488,2.9202693278654595,KAND,kandi,11.123456,2.954658,3818.6617221162937,7079.457844,327.0,100.0,427.0,538.0,10,301.7257080078125,280.40935690329906,1.8789606070134264,291.7257080078125,-0.00822908083597819,11.936652026914427,-0.008162022012595707,11.914480615277734,0.0009699024167179332,0.13543957724597516,1,-1.0,-1.0,0,0,0,3,0,25.9,36.0,63.0,14.4,1011.3,kandi/KAND,303.403835341593,74.6,86.6,0.194605832889427
11.110223572950131,2.931893504529224,KAND,kandi,11.123456,2.954658,2885.668317463263,7079.457844,327.0,100.0,427.0,538.0,10,321.6295166015625,239.360103052163,2.091232320531954,311.6295166015625,-0.004019196500483248,3.7510206165202225,-0.003692921016266337,3.778185951902289,0.006756141007695505,0.3223789095448789,1,-1.0,-1.0,0,0,0,0,0,33.4,23.0,80.0,18.4,1011.3,kandi/KAND,182.88071112067146,88.6,81.5,0.23271725792359654
11.128584988380844,2.9275564804870937,KAND,kandi,11.123456,2.954658,3014.464528347663,7079.457844,327.0,100.0,427.0,538.0,10,297.5077819824219,280.9195405614425,2.4597399975119965,287.5077819824219,-0.011808299800352428,12.316673835343776,-0.011386098522198625,12.350284305788064,0.007836405436197916,0.3726436610864551,1,-1.0,-1.0,0,0,2,6,0,35.7,22.0,60.0,14.8,1008.1,kandi/KAND,174.81002316812828,87.2,82.6,0.8892539468750204
11.13306746280538,2.911711921294263,KAND,kandi,11.123456,2.954658,4810.392362215669,7079.457844,327.0,100.0,427.0,538.0,10,302.1160888671875,282.8530216275289,1.487137350816505,292.1160888671875,-0.006461550631631728,11.339341470654082,-0.00645278786144131,11.314200795937065,-0.0044570820612335645,0.14161561123446387,0,-1.0,4559.750676008039,0,3,0,0,0,27.9,27.0,25.0,15.8,1009.5,kandi/KAND,274.500104918019,86.9,81.6,0.9281714932748012
11.134214521363393,2.930023194971149,KAND,kandi,11.123456,2.954658,2942.4944292597197,7079.457844,327.0,100.0,427.0,538.0,10,293.9530029296875,293.9957455436568,2.58890643919617,283.9530029296875,-0.01325669208359638,13.251246525089249,-0.013089979917228677,13.298500976762748,0.0015057421253635286,0.11067132780008666,0,-1.0,2724.313479595171,0,1,1,9,0,25.1,38.0,70.0,13.7,1012.7,kandi/KAND,183.82149629455927,84.5,84.2,0.4943482957594022
11.106365332955784,2.9309453785260287,KAND,kandi,11.123456,2.954658,3206.958251231403,7079.457844,327.0,100.0,427.0,538.0,10,327.06365966796875,233.70429383260915,1.7848932489237543,317.06365966796875,-0.001924355005896781,2.9291458546803493,-0.0019774795440760406,2.949123374563637,0.003305520792667716,0.15744462573568388,1,-1.0,-1.0,0,0,0,0,0,31.0,43.0,40.0,3.6,1008.2,kandi/KAND,383.69036938137486,88.1,86.3,0.3984302234351571
11.134293073594314,2.930165570889695,KAND,kandi,11.123456,2.954658,2931.8185533091946,7079.457844,327.0,100.0,427.0,538.0,10,293.8235778808594,294.2751703865161,2.6008448616990725,283.8235778808594,-0.013435986577248087,13.223090649059715,-0.012954547678513314,13.329416887015894,0.007090638906327111,0.11144474993937144,0,-1.0,2708.5538137786343,0,1,1,7,0,25.1,38.0,70.0,13.7,1012.7,kandi/KAND,183.82149629455927,84.5,84.2,0.39615800710665583
11.145420811508268,2.9194843147871126,KAND,kandi,11.123456,2.954658,4546.034956976801,7079.457844,327.0,100.0,427.0,538.0,10,291.1341857910156,302.47799350254826,1.7118700802296445,281.1341857910156,-0.009252454523454632,14.228841445268273,-0.009189027728456438,14.220888179038557,-0.0034093221028645834,0.17008224789831314,1,-1.0,-1.0,0,0,0,0,0,30.2,29.0,65.0,16.6,1012.8,kandi/KAND,169.91341088926387,81.4,75.9,0.476496721155958
11.133202336603176,2.9207194550083937,KAND,kandi,11.123456,2.954658,3861.017678366192,7079.457844,327.0,100.0,427.0,538.0,10,297.6534118652344,286.3169290137038,1.918728074669681,287.6534118652344,-0.009176299540104833,12.870549551272497,-0.00910486119394084,12.844137593682404,0.002059597439236111,0.10615479426770943,1,-1.0,-1.0,0,0,0,7,0,30.0,38.0,28.0,18.0,1008.6,kandi/KAND,367.47538693083294,87.5,86.0,0.8053873482697139
11.108388247997098,2.9315564832092047,KAND,kandi,11.123456,2.954658,3024.421862076513,7079.457844,327.0,100.0,427.0,538.0,10,323.87188720703125,236.389789012697,1.9529408966726296,313.87188720703125,-0.0031199640960189764,3.2545488003000584,-0.002839249094574263,3.300128145085068,0.007557905652255825,0.1626888254390468,1,-1.0,-1.0,0,0,0,0,0,31.0,43.0,40.0,3.6,1008.2,kandi/KAND,320.7240494333438,88.1,88.6,0.25475469025456077
11.114314442339934,2.9357683122988028,KAND,kandi,11.123456,2.954658,2298.014220707661,7079.457844,327.0,100.0,427.0,538.0,10,321.8495178222656,243.74920632902237,2.6198617107280926,311.8495178222656,-0.004967905019784902,3.9626533597762785,-0.005331005168866626,4.023578565985596,-0.009311857700350248,0.14840708345680007,1,-1.0,-1.0,0,0,0,0,0,36.2,24.0,60.0,11.2,1006.9,kandi/KAND,271.9160182852466,88.7,89.9,0.9980601135659586
11.12791093629322,2.9277871963023205,KAND,kandi,11.123456,2.954658,2976.469724405674,7079.457844,327.0,100.0,427.0,538.0,10,297.27349853515625,279.59307419908214,2.4956007336963446,287.27349853515625,-0.011700392345182902,12.21127656298724,-0.01181995084541844,12.243475281494586,0.004894703373516793,0.16720223653628535,1,-1.0,-1.0,0,0,1,4,0,33.0,34.0,28.0,16.2,1007.9,kandi/KAND,174.81002316812828,82.6,87.2,0.5631300045497022
11.132987053590314,2.922813411656604,KAND,kandi,11.123456,2.954658,3634.9551450287713,7079.457844,327.0,100.0,427.0,538.0,10,296.783935546875,286.9665789639736,2.051646185457642,286.783935546875,-0.00998400078445184,13.006523399075677,-0.009982656108632826,13.007291598439608,-0.0020898037742585088,0.18311558933899072,1,-1.0,-1.0,0,0,1,5,0,33.0,34.0,28.0,16.2,1007.9,kandi/KAND,274.61005170973647,82.4,86.0,0.4075256450995933
11.127221855682423,2.9278742942547735,KAND,kandi,11.123456,2.954658,2955.386735790104,7079.457844,327.0,100.0,427.0,538.0,10,297.0,278.1572915574536,2.5186730448038195,287.0,-0.012230767144097224,12.010609737762659,-0.011859644521581066,12.08657667551797,0.004221598307291667,0.20430212761743913,1,-1.0,-1.0,0,0,0,3,0,35.7,22.0,60.0,14.8,1008.1,kandi/KAND,213.30780787394355,87.2,81.0,0.07335445687926023
11.134885829345016,2.917321963361402,KAND,kandi,11.123456,2.954658,4270.046073144474,7079.457844,327.0,100.0,427.0,538.0,10,300.3910217285156,287.3315929516388,1.6983506181898615,290.3910217285156,-0.007677006221317745,12.745721606580416,-0.0075713117312089595,12.713667299719297,0.0057529266589143565,0.19891543590871882,1,-1.0,-1.0,0,0,1,0,0,30.4,39.0,60.0,7.6,1009.9,kandi/KAND,348.5559072802526,82.8,87.5,0.5597560678224845
11.141186846430864,2.9166716152927448,KAND,kandi,11.123456,2.954658,4589.74086336018,7079.457844,327.0,100.0,427.0,538.0,10,293.5588073730469,295.44501732422367,1.6653367208922436,283.5588073730469,-0.008680900894699745,13.40699574361839,-0.008721493704067705,13.398535774458905,-0.020433709540893994,0.6236908758541855,1,-1.0,-1.0,0,0,0,2,0,30.4,39.0,60.0,7.6,1009.9,kandi/KAND,312.10744640271304,82.2,82.9,0.33153569136823935
11.113481771311859,2.9317162632073503,KAND,kandi,11.123456,2.954658,2738.342610183592,7079.457844,327.0,100.0,427.0,538.0,10,314.9555969238281,246.10504703840274,2.3430568554542117,304.9555969238281,-0.007103624096306872,5.315352538734567,-0.006501441553257631,5.382789169551767,0.0017512102865135085,0.14995463838362122,1,-1.0,-1.0,0,0,0,0,0,28.3,38.0,34.0,17.3,1009.3,kandi/KAND,387.96207043984134,87.3,88.6,0.11832715598292298
11.129633960513141,2.92008212072497,KAND,kandi,11.123456,2.954658,3838.4155827445534,7079.457844,327.0,100.0,427.0,538.0,10,301.8917236328125,280.3238797558726,1.8668222100655039,291.8917236328125,-0.008180833933608382,11.9195829418023,-0.007866558531657016,11.869301488040389,0.010223245963265458,0.21180535131421116,1,-1.0,-1.0,0,0,0,1,0,30.7,25.0,24.0,16.6,1009.0,kandi/KAND,303.403835341593,86.6,74.6,0.8742203217022649
11.133979817729333,2.929597794634416,KAND,kandi,11.123456,2.954658,2974.800001358102,7079.457844,327.0,100.0,427.0,538.0,10,294.44647216796875,293.1728243340192,2.5513437036427566,284.44647216796875,-0.012959635416666665,13.306837657351958,-0.012677734680916592,13.338697890108282,0.009417470169558023,0.33882758391129636,1,-1.0,-1.0,0,0,2,8,0,25.1,38.0,70.0,13.7,1012.7,kandi/KAND,183.82149629455927,84.5,84.2,0.7877278383338298
11.141124400514723,2.918426345536306,KAND,kandi,11.123456,2.954658,4414.136781106671,7079.457844,327.0,100.0,427.0,538.0,10,296.3121643066406,296.430989923052,1.6958411352806728,286.3121643066406,-0.008336309484533361,13.51912492364563,-0.008697386644768391,13.513327291940342,-0.05977883779693429,2.0285268007172967,1,-1.0,-1.0,0,0,0,1,0,30.2,29.0,65.0,16.6,1012.8,kandi/KAND,312.10744640271304,82.9,82.2,0.044005147222172636
11.105371017486126,2.9315471040700842,KAND,kandi,11.123456,2.954658,3221.227330221054,7079.457844,327.0,100.0,427.0,538.0,10,329.321044921875,231.43028445303807,1.7368775501720088,319.321044921875,-0.0012359054000289347,2.990610995158575,-0.0014433143131406968,2.994331237548916,-0.0055755925701536655,0.338310574365639,1,-1.0,-1.0,0,0,0,0,0,31.4,32.0,75.0,16.2,1012.0,kandi/KAND,268.61311974672043,86.3,86.8,0.641677875721312
11.133817893257467,2.9093886351803406,KAND,kandi,11.123456,2.954658,5076.31304447362,7079.457844,327.0,100.0,427.0,538.0,10,301.63189697265625,283.13553023471763,1.414728225139241,291.63189697265625,-0.0062144081265318625,11.19063534036446,-0.006317211954066233,11.171781928401202,-0.0026283497194488927,0.2754165767386326,1,-1.0,-1.0,0,0,0,0,0,28.4,37.0,100.0,3.6,1009.9,kandi/KAND,362.3516751720424,79.6,86.9,0.9535690737242138
11.138966089439037,2.9056910290949904,KAND,kandi,11.123456,2.954658,5617.504337731654,7079.457844,327.0,100.0,427.0,538.0,10,296.69146728515625,287.89578722675975,1.3288445865865635,286.69146728515625,-0.006495374314328457,11.868590014315076,-0.006644684083965134,11.858485741971176,-0.01724316261098399,0.5382282679813741,1,-1.0,-1.0,0,0,0,0,0,28.4,37.0,100.0,3.6,1009.9,kandi/KAND,130.8482388112753,83.6,78.5,0.17009698330143075
11.133074332345032,2.91169182789078,KAND,kandi,11.123456,2.954658,4812.700983084959,7079.457844,327.0,100.0,427.0,538.0,10,302.1160888671875,282.8560886943383,1.486424300970825,292.1160888671875,-0.006461550631631728,11.339341470654082,-0.006410569891120271,11.28950259686481,-0.003235626220703125,0.14787049241624545,0,-1.0,4552.294316665532,0,4,0,0,0,27.9,27.0,25.0,15.8,1009.5,kandi/KAND,274.500104918019,86.9,81.6,0.9195845687095603
11.1297642254174,2.921394419019733,KAND,kandi,11.123456,2.954658,3700.1271164818477,7079.457844,327.0,100.0,427.0,538.0,10,300.6125793457031,280.9422610353869,1.9563250732605084,290.6125793457031,-0.008793763191469253,12.112343241381927,-0.008626127576408937,12.090173413852135,0.005822226091467923,0.20223795882736417,1,-1.0,-1.0,0,0,0,6,0,30.7,25.0,24.0,16.6,1009.0,kandi/KAND,303.403835341593,86.6,74.6,0.3917577133334843
11.13550960340485,2.9069129393399384,KAND,kandi,11.123456,2.954658,5383.376683805763,7079.457844,327.0,100.0,427.0,538.0,10,301.3603515625,284.4336346514978,1.3369517786976386,291.3603515625,-0.006029006817805375,11.250202944958227,-0.005905006045386904,11.204632487599406,-0.004001108805338542,0.25532576660160505,1,-1.0,-1.0,0,0,0,0,0,28.4,37.0,100.0,3.6,1009.9,kandi/KAND,348.3702771476682,81.9,79.6,0.4725505500515773
11.141078404246269,2.9180270819530936,KAND,kandi,11.123456,2.954658,4451.05530012635,7079.457844,327.0,100.0,427.0,538.0,10,295.1448059082031,296.12250756113974,1.696797031239284,285.1448059082031,-0.008541515102855845,13.500764052485277,-0.008654209075959278,13.493137727120587,-0.034652728103519416,1.2427525602231206,0,-1.0,4290.496191103755,0,4,0,0,0,26.8,36.0,58.0,15.8,1010.5,kandi/KAND,97.98854677976553,85.5,82.9,0.4057749466972206
11.121079908244521,2.9299767841341917,KAND,kandi,11.123456,2.954658,2709.012419798115,7079.457844,327.0,100.0,427.0,538.0,10,305.5389099121094,264.3987938044261,2.567190216298541,295.5389099121094,-0.010178193591889881,9.124028157485336,-0.01018337305041327,9.178104887283853,-0.008070543077256945,0.298424767501424,1,-1.0,-1.0,0,0,0,4,0,35.5,22.0,100.0,11.2,1009.7,kandi/KAND,351.7491748390901,88.4,85.1,0.9304331935503259
11.133842999335057,2.922933705954752,KAND,kandi,11.123456,2.954658,3651.05674324193,7079.457844,327.0,100.0,427.0,538.0,10,295.2294616699219,288.45636247863354,2.066968750032381,285.2294616699219,-0.010465829821015427,13.254737804219761,-0.010038454496811776,13.254061159192995,0.003989296380043803,0.16766984589007874,1,-1.0,-1.0,0,0,2,2,0,30.0,38.0,28.0,18.0,1008.6,kandi/KAND,207.50766443665174,86.0,84.7,0.9426821159237996
11.109147591947053,2.931525049351411,KAND,kandi,11.123456,2.954658,2981.8646059222206,7079.457844,327.0,100.0,427.0,538.0,10,323.75543212890625,237.7766970828144,1.9830262562288694,313.75543212890625,-0.0030744892578407367,3.5235893692807276,-0.003464503070108252,3.5878672553538564,-0.008975982666015625,0.43933696203348926,1,-1.0,-1.0,0,0,0,0,0,31.0,43.0,40.0,3.6,1008.2,kandi/KAND,144.11587076282325,86.1,81.5,0.4098780491459758
11.13368112281265,2.9181767625368606,KAND,kandi,11.123456,2.954658,4142.604590417457,7079.457844,327.0,100.0,427.0,538.0,10,299.8443908691406,285.94581487740203,1.758119282700205,289.8443908691406,-0.00802901380067821,12.61482236712934,-0.007884935651506697,12.585386786933052,0.010430569118923613,0.38388783296252593,1,-1.0,-1.0,0,0,0,0,0,26.8,36.0,58.0,15.8,1010.5,kandi/KAND,352.45777406663626,85.7,87.5,0.9697907073029095
11.137615041839904,2.933965440976787,KAND,kandi,11.123456,2.954658,2750.01839990044,7079.457844,327.0,100.0,427.0,538.0,10,292.27008056640625,304.89296503073297,2.804813387256069,282.27008056640625,-0.014861114132475527,13.10814391430947,-0.01460060498393174,13.281495523470234,-0.0005828857421875002,0.04866611485184665,1,-1.0,-1.0,0,0,0,9,0,33.4,16.0,49.0,20.9,1010.0,kandi/KAND,384.65784393401856,76.8,83.2,0.33925582863937376
11.11830321112974,2.9246507152344154,KAND,kandi,11.123456,2.954658,3327.2632031820935,7079.457844,327.0,100.0,427.0,538.0,10,303.2355651855469,260.07642173482,2.130252866848415,293.2355651855469,-0.009027593497520036,9.64116526081389,-0.008839069917841998,9.719731937754226,0.0033721923828125,0.12434460771628375,1,-1.0,-1.0,0,0,0,0,0,33.2,27.0,75.0,15.8,1010.6,kandi/KAND,277.74462035546526,88.5,85.9,0.29308332133605597
11.136725628222704,2.907416122023188,KAND,kandi,11.123456,2.954658,5365.357347351389,7079.457844,327.0,100.0,427.0,538.0,10,299.9469299316406,285.9794580560232,1.3565255740428217,289.9469299316406,-0.006215725975107658,11.606800566725461,-0.006024584192595065,11.56090319428136,0.0073884035615213416,0.12384453278021228,1,-1.0,-1.0,0,0,0,0,0,28.4,37.0,100.0,3.6,1009.9,kandi/KAND,348.3702771476682,79.6,81.9,0.9467683526565552
11.13422476889239,2.9300417686174556,KAND,kandi,11.123456,2.954658,2941.097784735559,7079.457844,327.0,100.0,427.0,538.0,10,293.9530029296875,294.03208349127544,2.5901341641022246,283.9530029296875,-0.013391935425400197,13.209102599992601,-0.013093233281739405,13.311687756128315,0.0013972966416725748,0.11067132780008666,0,-1.0,2723.020393883423,0,2,1,6,0,25.1,38.0,70.0,13.7,1012.7,kandi/KAND,183.82149629455927,84.2,84.5,0.5184611154865503
11.129719508867899,2.920943941187725,KAND,kandi,11.123456,2.954658,3747.5487555974883,7079.457844,327.0,100.0,427.0,538.0,10,300.9717102050781,280.7248460140095,1.9261040423999174,290.9717102050781,-0.008640607934044253,12.062589696913172,-0.008403254411851248,12.019531955978877,0.0001833182229500482,0.12110462639785814,1,-1.0,-1.0,0,0,0,7,0,25.9,36.0,63.0,14.4,1011.3,kandi/KAND,303.403835341593,74.6,86.6,0.4426254366636143
11.116431865599004,2.9349638763881507,KAND,kandi,11.123456,2.954658,2287.44915799092,7079.457844,327.0,100.0,427.0,538.0,10,316.4075012207031,250.02641920368313,2.767953629022705,306.4075012207031,-0.007323756362452651,5.19475065575936,-0.007356318551953494,5.256081135082401,-0.009234388687596434,0.29373255613124855,1,-1.0,-1.0,0,0,3,0,0,36.2,24.0,60.0,11.2,1006.9,kandi/KAND,271.9160182852466,88.7,89.9,0.07342113580557696
11.10610275748721,2.93219741339772,KAND,kandi,11.123456,2.954658,3115.3348579639805,7079.457844,327.0,100.0,427.0,538.0,10,330.03228759765625,231.78606682588583,1.7828091536873725,320.03228759765625,-0.0010617574020400993,2.9727535765965314,-0.0013252113489612045,2.971358814992131,-0.011121619681525063,0.4839724193319969,1,-1.0,-1.0,0,0,0,0,0,33.4,23.0,80.0,18.4,1011.3,kandi/KAND,330.0848336780301,86.8,86.1,0.058248385033592975
11.1324071785284,2.920923308677657,KAND,kandi,11.123456,2.954658,3815.8815832550918,7079.457844,327.0,100.0,427.0,538.0,10,298.3541564941406,285.1355131465759,1.930896724712223,288.3541564941406,-0.009107089042663573,12.652081677800895,-0.008956677248641595,12.635976605900757,0.00679640424157114,0.19634606636208693,1,-1.0,-1.0,0,0,0,2,0,26.8,36.0,58.0,15.8,1010.5,kandi/KAND,211.21815475956797,85.7,86.0,0.5857365802495439
11.140246790932022,2.930209057933639,KAND,kandi,11.123456,2.954658,3253.101705488728,7079.457844,327.0,100.0,427.0,538.0,10,292.4587707519531,304.99202010615363,2.3682794678870964,282.4587707519531,-0.012767133880958877,13.964877491932262,-0.012256610858905781,14.010285630558847,-0.0020922342936197913,0.19277760521461965,1,-1.0,-1.0,0,0,0,3,0,34.2,16.0,100.0,18.4,1010.2,kandi/KAND,284.3355512418123,79.7,85.3,0.48010075532768626
11.13045022564651,2.9227178780651153,KAND,kandi,11.123456,2.954658,3573.9017451086906,7079.457844,327.0,100.0,427.0,538.0,10,299.6291809082031,282.5838749660884,2.041108981465065,289.6291809082031,-0.009360054863823786,12.39126003172934,-0.009374054810616702,12.3775788166816,-0.0018678696575472268,0.1400029151327088,1,-1.0,-1.0,0,0,2,4,0,30.7,25.0,24.0,16.6,1009.0,kandi/KAND,371.69589343971694,86.6,82.4,0.18961622434931902
11.136182254745835,2.9071912778258633,KAND,kandi,11.123456,2.954658,5372.930938480624,7079.457844,327.0,100.0,427.0,538.0,10,300.8890686035156,285.28747318547016,1.3445729610324568,290.8890686035156,-0.006006724039713541,11.407344980056774,-0.006032001073989388,11.382726977208133,0.0006695560793763487,0.2783847788553482,1,-1.0,-1.0,0,0,0,1,0,28.4,37.0,100.0,3.6,1009.9,kandi/KAND,348.3702771476682,79.6,81.9,0.7593981882192912
11.141070397798085,2.9179264294616485,KAND,kandi,11.123456,2.954658,4460.555664980785,7079.457844,327.0,100.0,427.0,538.0,10,294.5788269042969,296.05015055050256,1.7004488134810019,284.5788269042969,-0.008876347291329335,13.499940569278927,-0.008595818189069397,13.478175690426859,-0.01943393283420139,0.7337975176152628,0,-1.0,4299.653857426368,0,3,0,0,0,26.8,36.0,58.0,15.8,1010.5,kandi/KAND,97.98854677976553,85.5,82.9,0.29139711550936476
11.141205055719647,2.91615993427792,KAND,kandi,11.123456,2.954658,4641.188746520765,7079.457844,327.0,100.0,427.0,538.0,10,293.3288269042969,295.1715566718041,1.6497233516328873,283.3288269042969,-0.00860140892767137,13.372892434794938,-0.008825321107400046,13.369676299188342,-0.01745234335758162,0.37603053504417705,0,-1.0,4399.363280770183,0,4,0,0,0,30.2,29.0,65.0,16.6,1012.8,kandi/KAND,312.10744640271304,82.9,82.2,0.8505571964698312
11.133130272559795,2.923655192372669,KAND,kandi,11.123456,2.954658,3551.7922275050423,7079.457844,327.0,100.0,427.0,538.0,10,295.9800720214844,287.64494143364107,2.112591669887314,285.9800720214844,-0.010460870139071252,13.112293133298449,-0.01020163964305699,13.108580844025155,0.0035151163736979168,0.16831799062675365,1,-1.0,-1.0,0,0,2,4,0,33.0,34.0,28.0,16.2,1007.9,kandi/KAND,138.00206411489975,82.4,84.7,0.20861724978621943
11.138366445045254,2.9327131275776814,KAND,kandi,11.123456,2.954658,2909.816302880208,7079.457844,327.0,100.0,427.0,538.0,10,292.7113952636719,304.70380838054734,2.6423368366347635,282.7113952636719,-0.013947702127514842,13.515757762852717,-0.01392472374455547,13.614932133521924,-0.002060439234393007,0.5291159998087336,1,-1.0,-1.0,0,0,0,1,0,33.4,16.0,49.0,20.9,1010.0,kandi/KAND,278.04558367284955,76.8,85.3,0.1310166091249786
11.128019265001242,2.9270128433341616,KAND,kandi,11.123456,2.954658,3061.8775449621603,7079.457844,327.0,100.0,427.0,538.0,10,297.7827453613281,279.55196664520236,2.416560631811827,287.7827453613281,-0.011502470244867518,12.291103676754451,-0.010906235261100267,12.293948794478236,0.020272280154253332,0.5821489392733848,1,-1.0,-1.0,0,0,2,7,0,35.7,22.0,60.0,14.8,1008.1,kandi/KAND,268.144848356337,81.0,82.6,0.6364502493741507
11.117079741419403,2.9297793909749865,KAND,kandi,11.123456,2.954658,2807.84286364369,7079.457844,327.0,100.0,427.0,538.0,10,308.5796203613281,255.36385643763356,2.415010282589255,298.5796203613281,-0.008856107342909366,7.634202686238985,-0.008780818515353733,7.767450154364656,-0.01033935546875,0.4810937353743092,1,-1.0,-1.0,0,0,1,6,0,35.5,22.0,100.0,11.2,1009.7,kandi/KAND,323.68254725880485,89.2,88.4,0.44639135786110695
11.133282174065476,2.911083890858484,KAND,kandi,11.123456,2.954658,4882.555902088808,7079.457844,327.0,100.0,427.0,538.0,10,301.8495788574219,282.9475135359221,1.468292697812282,291.8495788574219,-0.006448712127182199,11.310753508331018,-0.006516952204789453,11.264466977893926,-0.010124740512551952,0.21903637823729483,0,-1.0,4559.661423593956,0,1,0,0,0,27.9,27.0,25.0,15.8,1009.5,kandi/KAND,274.500104918019,81.6,86.9,0.3402175818444485
11.135294063076255,2.9334392759225163,KAND,kandi,11.123456,2.954658,2662.2365159723354,7079.457844,327.0,100.0,427.0,538.0,10,292.23333740234375,299.62459188329274,2.8979301589337076,282.23333740234375,-0.01540624087189511,12.700269305727641,-0.01486012394753064,12.929750401623815,0.004685208357195601,0.08172946578175569,1,-1.0,-1.0,0,0,1,4,0,33.4,16.0,49.0,20.9,1010.0,kandi/KAND,334.3661974542558,87.6,84.5,0.07559043749449512
11.107796353918381,2.9320740229441644,KAND,kandi,11.123456,2.954658,3014.547950833295,7079.457844,327.0,100.0,427.0,538.0,10,326.1412658691406,234.75512372847382,1.9162491663373986,316.1412658691406,-0.0023709942405373344,2.9253846475232748,-0.002452102216702063,2.9590385693498185,-0.009449005126953125,0.44503720524448165,1,-1.0,-1.0,0,0,0,0,0,33.4,23.0,80.0,18.4,1011.3,kandi/KAND,330.0848336780301,86.8,86.1,0.6292757749754837
11.137780482364606,2.9062635589109704,KAND,kandi,11.123456,2.954658,5518.920195304827,7079.457844,327.0,100.0,427.0,538.0,10,298.6268005371094,286.7915983930292,1.3324918959828191,288.6268005371094,-0.00628693019105367,11.67890518182375,-0.00636653547453978,11.642983852973723,-0.009662536661049706,0.29825767050338864,1,-1.0,-1.0,0,0,0,2,0,28.4,37.0,100.0,3.6,1009.9,kandi/KAND,212.6801711490994,81.9,78.5,0.7898968110582804
11.130042091263167,2.922536485005852,KAND,kandi,11.123456,2.954658,3583.8029823881056,7079.457844,327.0,100.0,427.0,538.0,10,299.967041015625,281.8060554380112,2.030079892193335,289.967041015625,-0.009266204833984376,12.288040373671775,-0.00909824058657787,12.256812507014942,0.0025143941243489583,0.11352720460160302,1,-1.0,-1.0,0,0,3,2,0,30.7,25.0,24.0,16.6,1009.0,kandi/KAND,371.69589343971694,86.6,82.4,0.056238974890960636
11.12697186403761,2.926314576025074,KAND,kandi,11.123456,2.954658,3120.5979332857773,7079.457844,327.0,100.0,427.0,538.0,10,299.02435302734375,277.20789354901956,2.348382626582639,289.02435302734375,-0.010990435635088839,12.060947548031864,-0.010137374902954806,12.065283482397792,0.028398582421985747,0.7656592782896101,1,-1.0,-1.0,0,0,0,2,0,33.0,34.0,28.0,16.2,1007.9,kandi/KAND,268.144848356337,82.6,81.0,0.8846447574076036
11.132656518477972,2.9243744216310215,KAND,kandi,11.123456,2.954658,3461.187904604461,7079.457844,327.0,100.0,427.0,538.0,10,296.8908386230469,287.20721305448154,2.1527861670644772,286.8908386230469,-0.010469695343368356,13.057768687055068,-0.010530526729314486,13.060333527298502,-0.00678598786427186,0.24122489314982354,1,-1.0,-1.0,0,0,2,4,0,33.0,34.0,28.0,16.2,1007.9,kandi/KAND,276.00636025271393,82.4,84.8,0.24861956548034292
11.141120177150588,2.9168732829374324,KAND,kandi,11.123456,2.954658,4566.673562694489,7079.457844,327.0,100.0,427.0,538.0,10,293.5588073730469,295.479595322263,1.6737439403790424,283.5588073730469,-0.009850798598162798,13.416738084490746,-0.008690062143307248,13.411845450724563,-0.012376070882480328,0.5481134766498446,1,-1.0,-1.0,0,0,0,1,0,26.8,36.0,58.0,15.8,1010.5,kandi/KAND,215.05945643006783,85.5,82.2,0.41280676816984074
11.140677026526294,2.9152971866816375,KAND,kandi,11.123456,2.954658,4702.797322840969,7079.457844,327.0,100.0,427.0,538.0,10,298.6190185546875,294.03622009118425,1.563720802310999,288.6190185546875,-0.007368653898785828,13.161573529957296,-0.008726087157936838,13.156828638851486,-0.07685639866752739,2.7879173086996345,0,-1.0,4627.401774578989,0,1,0,4,0,30.4,39.0,60.0,7.6,1009.9,kandi/KAND,295.05963126131167,82.2,78.5,0.26357935616825934
11.117510183306633,2.9307940183306633,KAND,kandi,11.123456,2.954658,2688.6556328397896,7079.457844,327.0,100.0,427.0,538.0,10,309.5677185058594,255.75475165773219,2.5009154750683065,299.5677185058594,-0.008873596562151094,7.476849203908415,-0.00920272354102034,7.585015327476321,-0.019956047612087705,0.37528928813970824,1,-1.0,-1.0,0,0,1,2,0,28.3,38.0,34.0,17.3,1009.3,kandi/KAND,234.26260072818872,87.4,88.4,0.6381825269675043
11.137880727725303,2.906672395169053,KAND,kandi,11.123456,2.954658,5479.372464911936,7079.457844,327.0,100.0,427.0,538.0,10,299.7832946777344,287.03803271980235,1.3300192800563704,289.7832946777344,-0.00601162750311492,11.756140392512522,-0.006309209600225224,11.717419472482513,-0.006221516927083333,0.5528922701308918,1,-1.0,-1.0,0,0,0,3,0,28.4,37.0,100.0,3.6,1009.9,kandi/KAND,325.21295177169327,81.9,83.6,0.4389156689929792
11.116154963303769,2.930130708292665,KAND,kandi,11.123456,2.954658,2798.5045075731277,7079.457844,327.0,100.0,427.0,538.0,10,310.2568359375,253.12639015855612,2.388781046725248,300.2568359375,-0.008180334212932181,7.0374030127967035,-0.008345085790540215,7.116289328080688,-0.011841006088460997,0.4036771875154956,1,-1.0,-1.0,0,0,1,6,0,35.5,22.0,100.0,11.2,1009.7,kandi/KAND,195.43881932716198,89.2,87.4,0.6992660753779865
11.111784321650907,2.9319917912682585,KAND,kandi,11.123456,2.954658,2792.5195823404392,7079.457844,327.0,100.0,427.0,538.0,10,319.6178283691406,242.3123333490926,2.2021386791238826,309.6178283691406,-0.004860833350648271,4.397140844410256,-0.004838214004248904,4.434801090883577,-0.009350925021701388,0.3542336089473681,1,-1.0,-1.0,0,0,0,0,0,33.4,23.0,80.0,18.4,1011.3,kandi/KAND,387.96207043984134,88.6,87.3,0.3896584495381168
11.120605257900111,2.928057031637321,KAND,kandi,11.123456,2.954658,2923.0116522767157,7079.457844,327.0,100.0,427.0,538.0,10,303.32086181640625,263.76953345436976,2.4228669227122768,293.32086181640625,-0.010438459475244624,9.441269723287604,-0.010126851399739583,9.562180165706662,-0.009805552164713542,0.4635096018573621,1,-1.0,-1.0,0,0,1,7,0,31.0,31.0,80.0,11.2,1011.0,kandi/KAND,310.39672140233506,85.1,87.2,0.7064309426911963
11.132633737520383,2.9210691560287456,KAND,kandi,11.123456,2.954658,3807.1017829796915,7079.457844,327.0,100.0,427.0,538.0,10,298.1186218261719,285.5643487256225,1.9388869846544252,288.1186218261719,-0.009226110025966664,12.766781023603324,-0.009211625505925317,12.737936516481886,-0.0013580754657261083,0.20183146473704613,1,-1.0,-1.0,0,0,0,2,0,26.8,36.0,58.0,15.8,1010.5,kandi/KAND,211.21815475956797,85.7,86.0,0.7273359502387083
11.109318429847093,2.9192139689751255,KAND,kandi,11.123456,2.954658,4175.938254022842,7079.457844,327.0,100.0,427.0,538.0,10,317.59295654296875,247.8818157769524,1.500771272059709,307.59295654296875,-0.0037458147321428564,7.08363353197234,-0.0035198851036503244,7.060254987164105,0.013385861825483349,0.3961260640513039,1,-1.0,-1.0,0,0,0,0,0,31.5,29.0,60.0,14.8,1011.4,kandi/KAND,305.7478243151074,89.2,82.3,0.4403149074793392
11.109484451115001,2.9319056419489833,KAND,kandi,11.123456,2.954658,2926.8634790331666,7079.457844,327.0,100.0,427.0,538.0,10,323.05560302734375,237.96335448738608,2.033942951515604,313.05560302734375,-0.0034931208811649662,3.5215947020122433,-0.003253763834635417,3.5455589071520612,0.004245758056640625,0.30078071061618544,1,-1.0,-1.0,0,0,0,0,0,33.4,23.0,80.0,18.4,1011.3,kandi/KAND,320.7240494333438,88.6,88.1,0.34707816723031515
11.133738986326936,2.9231542716684586,KAND,kandi,11.123456,2.954658,3624.5677528777023,7079.457844,327.0,100.0,427.0,538.0,10,295.623291015625,288.4032901681666,2.075843970524689,285.623291015625,-0.010382592389830636,13.238653147126223,-0.01015511637942238,13.243771596060094,0.0030480517943768885,0.15286240336844753,1,-1.0,-1.0,0,0,2,6,0,30.0,38.0,28.0,18.0,1008.6,kandi/KAND,138.00206411489975,84.7,82.4,0.15730590944130918
11.11042433000049,2.9198080672955378,KAND,kandi,11.123456,2.954658,4070.9171529249206,7079.457844,327.0,100.0,427.0,538.0,10,316.6949768066406,249.14213825568245,1.5520989604257789,306.6949768066406,-0.004076078826305913,7.444069059742391,-0.0038392141186303847,7.398611008856458,0.00817839066887034,0.13740323990100548,1,-1.0,-1.0,0,0,0,0,0,26.1,45.0,70.0,11.9,1012.3,kandi/KAND,305.7478243151074,82.3,89.2,0.1039281468966664
11.132638333753079,2.9210721148535437,KAND,kandi,11.123456,2.954658,3806.925854159109,7079.457844,327.0,100.0,427.0,538.0,10,298.1186218261719,285.5730687369365,1.9389765177173055,288.1186218261719,-0.009225428197291453,12.761712068704924,-0.009213636891431842,12.732836514409264,-0.0014445650425066587,0.20183146473704613,1,-1.0,-1.0,0,0,0,2,0,30.0,38.0,28.0,18.0,1008.6,kandi/KAND,211.21815475956797,86.0,85.7,0.2697914043264973
11.117231217136942,2.9299181850045453,KAND,kandi,11.123456,2.954658,2788.984769039596,7079.457844,327.0,100.0,427.0,538.0,10,308.65704345703125,255.6202265836609,2.429732480077499,298.65704345703125,-0.008855711414684808,7.627297872887609,-0.009002923377084845,7.754305881732781,-0.016686065903693755,0.40129403476768627,1,-1.0,-1.0,0,0,1,4,0,35.5,22.0,100.0,11.2,1009.7,kandi/KAND,323.68254725880485,88.4,89.2,0.48315482002777077
11.113765323847048,2.9382674646390243,KAND,kandi,11.123456,2.954658,2086.9033739379724,7079.457844,327.0,100.0,427.0,538.0,10,327.1014709472656,238.93069037128154,2.74061474477802,317.1014709472656,-0.0029637654622395836,3.4453608495069954,-0.0035073739510995375,3.4599665382371896,-0.021385955810546874,0.9684607111160946,1,-1.0,-1.0,0,0,0,2,0,33.3,38.0,28.0,15.5,1007.0,kandi/KAND,285.99656928073153,89.9,90.0,0.9920916125755795
11.110284457946836,2.9321604572953874,KAND,kandi,11.123456,2.954658,2857.13314240432,7079.457844,327.0,100.0,427.0,538.0,10,322.4173889160156,239.1792639029166,2.0963209884192042,312.4173889160156,-0.00301218954157742,3.6994207770305474,-0.004019196500483248,3.74843495828117,-0.008583577473958333,0.315595577580481,1,-1.0,-1.0,0,0,0,0,0,31.0,43.0,40.0,3.6,1008.2,kandi/KAND,320.7240494333438,88.1,88.6,0.9435034129731174
11.13605108933457,2.9169446027577925,KAND,kandi,11.123456,2.954658,4348.991967189718,7079.457844,327.0,100.0,427.0,538.0,10,300.4173278808594,288.800676190011,1.667192279705343,290.4173278808594,-0.007562492311374027,12.952985543139503,-0.0074484666222517275,12.887191390062213,0.0019067815600125463,0.06987200948823487,1,-1.0,-1.0,0,0,0,0,0,30.4,39.0,60.0,7.6,1009.9,kandi/KAND,193.28666844877344,82.8,85.4,0.3928319231399279
11.138408698364726,2.9280050138881393,KAND,kandi,11.123456,2.954658,3348.5562508402336,7079.457844,327.0,100.0,427.0,538.0,10,292.7801818847656,299.7621897380215,2.2953517942763195,282.7801818847656,-0.012075160467715134,13.879962224501517,-0.011898607399031433,13.930282672430849,-0.0026484171549479166,0.12034060100495844,1,-1.0,-1.0,0,0,0,5,0,34.2,16.0,100.0,18.4,1010.2,kandi/KAND,250.43971430260106,83.4,83.4,0.4816036123552485
11.140204061194849,2.93142448156873,KAND,kandi,11.123456,2.954658,3142.2223440659677,7079.457844,327.0,100.0,427.0,538.0,10,291.50433349609375,306.30623507226926,2.4691198096925895,281.50433349609375,-0.013241825000395497,13.742723885649427,-0.013095777279862731,13.845961354454468,0.0004143608940972224,0.2236412262270835,1,-1.0,-1.0,0,0,0,0,0,34.2,16.0,100.0,18.4,1010.2,kandi/KAND,284.3355512418123,79.7,85.3,0.9548756127851563
11.110678685446398,2.9200031812272713,KAND,kandi,11.123456,2.954658,4041.0623584567347,7079.457844,327.0,100.0,427.0,538.0,10,315.9205627441406,249.40946604266813,1.574531692263427,305.9205627441406,-0.0042974853515625,7.55090015310032,-0.004008970237416363,7.502422061378925,0.010310533311631944,0.3893363791762073,1,-1.0,-1.0,0,0,0,0,0,26.1,45.0,70.0,11.9,1012.3,kandi/KAND,285.06577511311707,82.3,85.9,0.02323795178853827
11.133855820374254,2.908661326940779,KAND,kandi,11.123456,2.954658,5154.677917990431,7079.457844,327.0,100.0,427.0,538.0,10,301.079833984375,282.98073034725303,1.399361820471507,291.079833984375,-0.00626910676306477,11.11188885627001,-0.006146246080654334,11.06894277563551,-0.0017076280381944442,0.11168149733628019,1,-1.0,-1.0,0,0,0,0,0,27.9,27.0,25.0,15.8,1009.5,kandi/KAND,362.3516751720424,86.9,79.6,0.269531613258014
11.135147357674345,2.932860384336604,KAND,kandi,11.123456,2.954658,2709.6918315851185,7079.457844,327.0,100.0,427.0,538.0,10,292.2878112792969,298.664863621364,2.846113451843128,282.2878112792969,-0.014995829909105552,12.871034161161402,-0.014823608184018943,12.977585381308094,0.0016261187716829918,0.061649588176031424,1,-1.0,-1.0,0,0,0,0,0,25.1,38.0,70.0,13.7,1012.7,kandi/KAND,334.3661974542558,84.5,87.6,0.7261590193849832
11.135253807932802,2.917949164926973,KAND,kandi,11.123456,2.954658,4217.067774432353,7079.457844,327.0,100.0,427.0,538.0,10,299.9084167480469,288.13968365221587,1.7262250260176084,289.9084167480469,-0.00784386373873366,12.950769797757077,-0.007689881936097758,12.886616029093005,0.010398101806640624,0.4672251917392616,1,-1.0,-1.0,0,0,1,0,0,30.4,39.0,60.0,7.6,1009.9,kandi/KAND,208.75379014506763,85.4,87.5,0.19582463486456214
11.139371837043031,2.9289356278124887,KAND,kandi,11.123456,2.954658,3315.8626739563424,7079.457844,327.0,100.0,427.0,538.0,10,292.7575378417969,302.23877117175357,2.318349456528816,282.7575378417969,-0.012217292118943034,13.852142173415162,-0.011957876379862648,13.898184302621042,-0.0011797587076822916,0.05542427953317212,1,-1.0,-1.0,0,0,2,0,0,34.2,16.0,100.0,18.4,1010.2,kandi/KAND,298.9384769478677,79.7,83.4,0.3413245193195735
11.145365483087748,2.9193087071915467,KAND,kandi,11.123456,2.954658,4559.00377687786,7079.457844,327.0,100.0,427.0,538.0,10,290.94287109375,302.28361081973014,1.7094055073982293,280.94287109375,-0.009298757477858896,14.196984310997872,-0.00918902772845644,14.188651196524843,-0.0029123942057291668,0.10724850313524444,1,-1.0,-1.0,0,0,0,0,0,30.2,29.0,65.0,16.6,1012.8,kandi/KAND,169.91341088926387,75.9,81.4,0.4032241037989638
11.120775766847663,2.9285184428539206,KAND,kandi,11.123456,2.954658,2870.8954884685277,7079.457844,327.0,100.0,427.0,538.0,10,304.1214904785156,264.0368685330235,2.4508469462559215,294.1214904785156,-0.010208901973710877,9.361770802098501,-0.010522113613240352,9.475757317079117,-0.023467522346754272,0.43641219465788816,1,-1.0,-1.0,0,0,1,3,0,31.0,31.0,80.0,11.2,1011.0,kandi/KAND,310.39672140233506,87.2,85.1,0.4694787853298994
11.133879531482652,2.90820663156797,KAND,kandi,11.123456,2.954658,5203.688168718954,7079.457844,327.0,100.0,427.0,538.0,10,301.2419738769531,282.886322129449,1.384403066843261,291.2419738769531,-0.006146246080654334,11.049252109880221,-0.005972902702562738,11.002684267661829,0.0023468017578125,0.2035665230612628,1,-1.0,-1.0,0,0,0,0,0,28.4,37.0,100.0,3.6,1009.9,kandi/KAND,362.3516751720424,79.6,86.9,0.5909912785184915
11.12098850882913,2.9300058382529914,KAND,kandi,11.123456,2.954658,2706.854646982161,7079.457844,327.0,100.0,427.0,538.0,10,305.5389099121094,264.1778847414834,2.5692339143422283,295.5389099121094,-0.010178193591889881,9.098230505897607,-0.01018337305041327,9.153665667526822,-0.009269544813368056,0.34105981468304214,1,-1.0,-1.0,0,0,0,7,0,35.5,22.0,100.0,11.2,1009.7,kandi/KAND,351.7491748390901,88.4,85.1,0.9001684864671745
11.136267543379867,2.9072265696744286,KAND,kandi,11.123456,2.954658,5371.690950843966,7079.457844,327.0,100.0,427.0,538.0,10,300.8890686035156,285.3959611297271,1.34488322489588,290.8890686035156,-0.0060392008385373895,11.463295840916935,-0.006111787570208703,11.415511145166057,-0.004144229192522333,0.27013935580744386,1,-1.0,-1.0,0,0,0,1,0,28.4,37.0,100.0,3.6,1009.9,kandi/KAND,348.3702771476682,79.6,81.9,0.7888080620236451
11.107365625647148,2.9321054045388397,KAND,kandi,11.123456,2.954658,3039.39728960319,7079.457844,327.0,100.0,427.0,538.0,10,327.43206787109375,233.98128342898065,1.8762874111295849,317.43206787109375,-0.001925918479370915,2.9091203692639866,-0.0017513246444929398,2.917268438882091,-0.00020585272481315106,0.4748183801297602,1,-1.0,-1.0,0,0,0,0,0,33.4,23.0,80.0,18.4,1011.3,kandi/KAND,330.0848336780301,86.8,86.1,0.4840477643530239
11.14500405179484,2.9212889346827486,KAND,kandi,11.123456,2.954658,4355.288931249582,7079.457844,327.0,100.0,427.0,538.0,10,290.8785095214844,303.3536205807773,1.7901565246175712,280.8785095214844,-0.009691065958101456,14.391096353384913,-0.009682567831765089,14.387670077079495,-0.0058043307009337615,0.16171905103916906,1,-1.0,-1.0,0,0,0,0,0,32.0,21.0,67.0,18.4,1011.9,kandi/KAND,357.0009189063783,81.8,81.4,0.6025323717747815
11.134411023361935,2.9303793548435055,KAND,kandi,11.123456,2.954658,2915.9192775805514,7079.457844,327.0,100.0,427.0,538.0,10,293.6834716796875,294.6985406223766,2.617753790070289,283.6834716796875,-0.013529886222293935,13.239509579183213,-0.013269764922121499,13.293843391995274,0.0035250307904766214,0.11088796313650184,1,-1.0,-1.0,0,0,1,6,0,25.1,38.0,70.0,13.7,1012.7,kandi/KAND,183.82149629455927,84.5,84.2,0.24872079758257315
11.129954379245321,2.926933003277365,KAND,kandi,11.123456,2.954658,3112.8288545542077,7079.457844,327.0,100.0,427.0,538.0,10,298.2577209472656,283.4375665068525,2.3683241301374545,288.2577209472656,-0.011225597997916704,12.610822194565069,-0.010941281108736243,12.61800016306218,0.0042968749999999995,0.15787953378868033,1,-1.0,-1.0,0,0,3,10,0,33.0,34.0,28.0,16.2,1007.9,kandi/KAND,377.8714555243443,82.6,84.8,0.39103222250694536
11.133718515374158,2.9226786656446184,KAND,kandi,11.123456,2.954658,3673.2341396639354,7079.457844,327.0,100.0,427.0,538.0,10,295.78509521484375,288.1139744727203,2.04584423327911,285.78509521484375,-0.010173518483231706,13.187490706879352,-0.0100453857421875,13.185921193369527,0.0004763285319010417,0.07590434066660869,1,-1.0,-1.0,0,0,1,1,0,30.0,38.0,28.0,18.0,1008.6,kandi/KAND,207.50766443665174,86.0,84.7,0.7908724075109604
11.109683127248863,2.931103175331668,KAND,kandi,11.123456,2.954658,2990.411279573642,7079.457844,327.0,100.0,427.0,538.0,10,322.30377197265625,239.2117089668859,2.005143205234678,312.30377197265625,-0.003629497917211389,3.8211756243065023,-0.0033983062739562724,3.893690011701117,0.009555582019688147,0.5919512244100645,1,-1.0,-1.0,0,0,0,0,0,33.4,23.0,80.0,18.4,1011.3,kandi/KAND,182.88071112067146,88.6,81.5,0.8138416678909293
11.141140454376227,2.9179752320280574,KAND,kandi,11.123456,2.954658,4459.154330284123,7079.457844,327.0,100.0,427.0,538.0,10,294.5788269042969,296.1701161394008,1.7009828829661302,284.5788269042969,-0.0087601547813002,13.504507558452259,-0.00923922244115827,13.48702346241219,-0.0502373528828914,1.3094882207709753,0,-1.0,4280.430709831853,0,3,0,0,0,30.4,39.0,60.0,7.6,1009.9,kandi/KAND,312.10744640271304,82.2,82.9,0.7954562377427402
11.116430600840273,2.927359016946829,KAND,kandi,11.123456,2.954658,3081.815745487131,7079.457844,327.0,100.0,427.0,538.0,10,306.50250244140625,255.3064297629005,2.23909656921188,296.50250244140625,-0.008680542387237054,8.247928604196419,-0.008247872232397003,8.350224964714252,0.009356427161243781,0.19593368036879724,1,-1.0,-1.0,0,0,1,7,0,33.2,27.0,75.0,15.8,1010.6,kandi/KAND,377.1768718948386,85.9,89.2,0.5373812509243266
11.120588466229442,2.928011591997328,KAND,kandi,11.123456,2.954658,2928.1473715944558,7079.457844,327.0,100.0,427.0,538.0,10,303.32086181640625,263.7437214904376,2.4186224727973507,293.32086181640625,-0.010322124180542952,9.436049780531267,-0.010126851399739583,9.557281492348077,-0.009805552164713542,0.4635096018573621,1,-1.0,-1.0,0,0,2,6,0,31.0,31.0,80.0,11.2,1011.0,kandi/KAND,310.39672140233506,87.2,85.1,0.2762455193777674
11.133712613325528,2.9226665736425486,KAND,kandi,11.123456,2.954658,3674.2888207085184,7079.457844,327.0,100.0,427.0,538.0,10,295.78509521484375,288.09784348754795,2.045257485616687,285.78509521484375,-0.010173518483231708,13.183690333958209,-0.010045385742187501,13.182231676807532,0.0004763285319010417,0.07590434066660869,1,-1.0,-1.0,0,0,1,2,0,30.0,38.0,28.0,18.0,1008.6,kandi/KAND,207.50766443665174,84.7,86.0,0.21632521276868477
11.139777257960764,2.9229227200599857,KAND,kandi,11.123456,2.954658,3908.6562411212453,7079.457844,327.0,100.0,427.0,538.0,10,294.3006896972656,297.66457372345764,1.944451196002387,284.3006896972656,-0.009929946239364664,14.15322257609443,-0.009689972111956017,14.133842501237636,0.012827153723240827,0.5017723277866812,1,-1.0,-1.0,0,0,0,0,0,30.2,23.0,100.0,18.4,1012.1,kandi/KAND,262.99505261506863,84.6,83.8,0.2511525677905535
11.134816445123587,2.906626115223554,KAND,kandi,11.123456,2.954658,5395.372782860248,7079.457844,327.0,100.0,427.0,538.0,10,302.4129333496094,283.55734129994704,1.3228084583221311,292.4129333496094,-0.005718652426483853,11.057416948021045,-0.005651665418963988,11.007196886774754,0.0018107104595874452,0.09487940192227597,1,-1.0,-1.0,0,0,0,0,0,28.4,37.0,100.0,3.6,1009.9,kandi/KAND,348.3702771476682,79.6,81.9,0.2884293529613383
11.135699502230175,2.9300513179882848,KAND,kandi,11.123456,2.954658,3009.9264842758794,7079.457844,327.0,100.0,427.0,538.0,10,293.6715087890625,296.89217956891093,2.536330815467424,283.6715087890625,-0.013049062202596374,13.490813268222162,-0.012939027354459447,13.534904974252958,0.0011439656732051074,0.0435223062383989,1,-1.0,-1.0,0,0,2,1,0,25.1,38.0,70.0,13.7,1012.7,kandi/KAND,392.63572965291604,83.4,84.5,0.635617983219284
11.1192021338713,2.924860369388774,KAND,kandi,11.123456,2.954658,3289.0045963365037,7079.457844,327.0,100.0,427.0,538.0,10,302.8451843261719,261.7249516249271,2.1618002702420416,292.8451843261719,-0.00923642245205966,9.81965435646987,-0.008878528859491997,9.891686711543182,0.005795468871073067,0.1015747605772809,1,-1.0,-1.0,0,0,0,0,0,33.2,27.0,75.0,15.8,1010.6,kandi/KAND,368.7529770885469,88.5,87.2,0.19568093761155603
11.138078977829792,2.9329149573425415,KAND,kandi,11.123456,2.954658,2873.66222571582,7079.457844,327.0,100.0,427.0,538.0,10,292.1543884277344,304.42998642819515,2.686613997801125,282.1543884277344,-0.014328759902065747,13.448999214549607,-0.012974463823543024,13.55338682355532,0.030420309151414,0.4924301731724167,1,-1.0,-1.0,0,0,0,1,0,33.4,16.0,49.0,20.9,1010.0,kandi/KAND,384.65784393401856,83.2,76.8,0.9921270212802892
11.11635016914566,2.9277580624813724,KAND,kandi,11.123456,2.954658,3041.938509459774,7079.457844,327.0,100.0,427.0,538.0,10,306.8273010253906,254.9351004584759,2.26231064690663,296.8273010253906,-0.008666458483823606,8.092910878789498,-0.008505024054111578,8.211772535337564,0.0008127848307291667,0.05166937415914697,1,-1.0,-1.0,0,0,1,10,0,33.2,27.0,75.0,15.8,1010.6,kandi/KAND,377.1768718948386,85.9,89.2,0.6571787695503772
11.127067656318399,2.9263784375456,KAND,kandi,11.123456,2.954658,3115.0168716975895,7079.457844,327.0,100.0,427.0,538.0,10,299.02435302734375,277.4185748913182,2.3525854143877907,289.02435302734375,-0.01095263438111069,12.051053512274118,-0.01058657664173054,12.063266074305808,0.012526787651909723,0.47382337163103905,1,-1.0,-1.0,0,0,0,4,0,33.0,34.0,28.0,16.2,1007.9,kandi/KAND,268.144848356337,82.6,81.0,0.8369869062688248
11.141134390588125,2.9167119186171817,KAND,kandi,11.123456,2.954658,4583.282455890679,7079.457844,327.0,100.0,427.0,538.0,10,293.5588073730469,295.4027777470676,1.6676820604872047,283.5588073730469,-0.008754951381442371,13.395033486139276,-0.008778889119528075,13.386799158832913,-0.023399139339679687,0.6236908758541855,1,-1.0,-1.0,0,0,0,1,0,26.8,36.0,58.0,15.8,1010.5,kandi/KAND,215.05945643006783,85.5,82.2,0.4964152242582409
11.126878655742004,2.9266532944667456,KAND,kandi,11.123456,2.954658,3082.6050775724725,7079.457844,327.0,100.0,427.0,538.0,10,298.4311218261719,277.1027734404204,2.388300458473537,288.4311218261719,-0.011233690518794026,12.028637067300382,-0.010889214409722223,12.058426072235298,0.01160617404513889,0.4394409344227378,1,-1.0,-1.0,0,0,0,3,0,35.7,22.0,60.0,14.8,1008.1,kandi/KAND,213.30780787394355,87.2,81.0,0.7333543422995562
11.107947971006949,2.9314757970722276,KAND,kandi,11.123456,2.954658,3058.826841290538,7079.457844,327.0,100.0,427.0,538.0,10,324.40509033203125,235.71792861336775,1.9210150896123601,314.40509033203125,-0.002910963671907697,3.162831744076934,-0.002964036705213154,3.1985297185232175,-0.0020076262885351595,0.39660833526506206,1,-1.0,-1.0,0,0,0,0,0,31.0,43.0,40.0,3.6,1008.2,kandi/KAND,152.93749306281921,88.1,86.1,0.21595882787975085
11.105057990405502,2.9282321946221566,KAND,kandi,11.123456,2.954658,3532.1114903409357,7079.457844,327.0,100.0,427.0,538.0,10,325.12060546875,234.64604530832602,1.6521679327918029,315.12060546875,-0.00231773247153072,3.20124043967706,-0.0022376505533854164,3.2175591380948907,0.0016581217447916667,0.22509284593568615,1,-1.0,-1.0,0,0,0,0,0,31.4,32.0,75.0,16.2,1012.0,kandi/KAND,349.9740403229864,86.3,80.7,0.709268459281234
11.126906811713496,2.926753464749937,KAND,kandi,11.123456,2.954658,3072.130772828787,7079.457844,327.0,100.0,427.0,538.0,10,297.97979736328125,277.1859954653414,2.4048363069536203,287.97979736328125,-0.011438699370449027,12.047875793278308,-0.010889214409722223,12.070681149616425,0.010219319661458334,0.5119295248165574,1,-1.0,-1.0,0,0,0,2,0,35.7,22.0,60.0,14.8,1008.1,kandi/KAND,213.30780787394355,81.0,87.2,0.3207917567226074
11.11073680329736,2.921598665343149,KAND,kandi,11.123456,2.954658,3875.913762705391,7079.457844,327.0,100.0,427.0,538.0,10,313.8292236328125,248.5932382295518,1.672474281665102,303.8292236328125,-0.004999014047475962,7.41102293919152,-0.004825729874860846,7.397958818810039,0.013029649522569445,0.4825708247055872,1,-1.0,-1.0,0,0,0,0,0,26.1,45.0,70.0,11.9,1012.3,kandi/KAND,285.06577511311707,82.3,85.9,0.6449056805717405
11.116379859846756,2.9349836340320183,KAND,kandi,11.123456,2.954658,2287.3815322048113,7079.457844,327.0,100.0,427.0,538.0,10,316.6918029785156,249.87176141307276,2.760930530931554,306.6918029785156,-0.0067528768480292,5.1797529801436335,-0.007356600735703744,5.247459236161413,-0.009241725465102964,0.29373255613124855,1,-1.0,-1.0,0,0,2,0,0,36.2,24.0,60.0,11.2,1006.9,kandi/KAND,271.9160182852466,88.7,89.9,0.0961310712855109
11.115934862051702,2.9291283091290663,KAND,kandi,11.123456,2.954658,2910.3896808298136,7079.457844,327.0,100.0,427.0,538.0,10,308.3209533691406,253.29059545426597,2.335097369142219,298.3209533691406,-0.00859952229980785,7.310405885664301,-0.008533284616813692,7.475718839786935,-0.01225126507620601,0.5033899888237445,1,-1.0,-1.0,0,0,2,6,0,28.3,38.0,34.0,17.3,1009.3,kandi/KAND,392.9995717554643,87.3,89.2,0.9169784985213827
11.136062631526768,2.915212330610895,KAND,kandi,11.123456,2.954658,4529.050194576798,7079.457844,327.0,100.0,427.0,538.0,10,299.6427307128906,288.0453134751119,1.6107376312998367,289.6427307128906,-0.007442363949095472,12.610710777181229,-0.007416878771387882,12.560083081540464,-0.007439351954497211,0.30890102231245664,1,-1.0,-1.0,0,0,0,0,0,30.4,39.0,60.0,7.6,1009.9,kandi/KAND,198.68689941707686,86.4,82.8,0.3634083970660986
11.13120207931233,2.921997934988536,KAND,kandi,11.123456,2.954658,3669.2442681117827,7079.457844,327.0,100.0,427.0,538.0,10,298.89752197265625,283.59186226542255,1.9995265752843991,288.89752197265625,-0.00933004239710366,12.499287343938759,-0.009222294786327074,12.485554797191597,0.0015303891746962465,0.05037351923687037,1,-1.0,-1.0,0,0,3,7,0,30.0,38.0,28.0,18.0,1008.6,kandi/KAND,375.96242378723446,86.0,86.6,0.5837252148973323
11.118693163281534,2.9244138560112773,KAND,kandi,11.123456,2.954658,3345.6936338044493,7079.457844,327.0,100.0,427.0,538.0,10,303.0980529785156,260.8850773385809,2.120880366896067,293.0980529785156,-0.008960493688507848,9.812787363119384,-0.008776873315286916,9.878511504755679,0.002978515625,0.15293822770126814,1,-1.0,-1.0,0,0,0,0,0,33.2,27.0,75.0,15.8,1010.6,kandi/KAND,277.74462035546526,88.5,85.9,0.11074365764251504
11.118441718028082,2.9308154141367693,KAND,kandi,11.123456,2.954658,2663.032519190759,7079.457844,327.0,100.0,427.0,538.0,10,308.2857666015625,257.90497960707063,2.5524751253247047,298.2857666015625,-0.009433677373099556,7.936640945121566,-0.00919353778545673,8.051296920528381,-0.0051601833767361115,0.19410627344113449,1,-1.0,-1.0,0,0,1,4,0,31.0,31.0,80.0,11.2,1011.0,kandi/KAND,351.7491748390901,85.1,88.4,0.9431397258010161
11.141169592492792,2.9171564509525454,KAND,kandi,11.123456,2.954658,4541.090013719866,7079.457844,327.0,100.0,427.0,538.0,10,294.6094665527344,295.7098310190754,1.6699230381955406,284.6094665527344,-0.00841681745435233,13.445616879448231,-0.008827599413752756,13.44311356235703,-0.023231048291494697,0.7968924578339149,1,-1.0,-1.0,0,0,0,0,0,30.2,29.0,65.0,16.6,1012.8,kandi/KAND,312.10744640271304,82.9,82.2,0.49592492791985077
11.139769664212508,2.9230080593260976,KAND,kandi,11.123456,2.954658,3900.001596540207,7079.457844,327.0,100.0,427.0,538.0,10,294.3006896972656,297.7170729546767,1.948762879560271,284.3006896972656,-0.00999928745899737,14.175897458222302,-0.009697401943057411,14.146528119080532,0.012500241154779464,0.5017723277866812,1,-1.0,-1.0,0,0,0,0,0,30.2,23.0,100.0,18.4,1012.1,kandi/KAND,262.99505261506863,84.6,83.8,0.28731327377020166
11.141146213814062,2.91567982485807,KAND,kandi,11.123456,2.954658,4686.042653372115,7079.457844,327.0,100.0,427.0,538.0,10,293.1443786621094,294.82678630141635,1.6361945097911124,283.1443786621094,-0.008530997825023222,13.328496804490083,-0.00873976935952432,13.332811229775794,-0.026355242800398925,0.8028728521638876,0,-1.0,4357.362306943209,0,6,0,0,0,30.4,39.0,60.0,7.6,1009.9,kandi/KAND,295.05963126131167,82.2,78.5,0.03581853686294978
11.111115774333236,2.9225984538991994,KAND,kandi,11.123456,2.954658,3758.923679761265,7079.457844,327.0,100.0,427.0,538.0,10,312.4164123535156,248.58415350032334,1.7460114058575231,302.4164123535156,-0.005531472503823578,7.422285440715533,-0.005350960070272393,7.419227311783252,0.010181210323746463,0.39870522270783887,1,-1.0,-1.0,0,0,0,0,0,33.2,27.0,75.0,15.8,1010.6,kandi/KAND,246.3349853351433,85.3,85.9,0.8391747287281992
11.129846773561512,2.926983661797341,KAND,kandi,11.123456,2.954658,3104.7134522971196,7079.457844,327.0,100.0,427.0,538.0,10,298.2577209472656,283.24631535122484,2.374507609682649,288.2577209472656,-0.011195468697587384,12.575727743346869,-0.010936415570337069,12.585234398506495,0.004934438069661458,0.23089897845583543,1,-1.0,-1.0,0,0,2,9,0,33.0,34.0,28.0,16.2,1007.9,kandi/KAND,377.8714555243443,84.8,82.6,0.6439046878210846
11.135647888504337,2.934193531649559,KAND,kandi,11.123456,2.954658,2610.814239957676,7079.457844,327.0,100.0,427.0,538.0,10,292.72686767578125,301.26717436539394,2.9441051336493964,282.72686767578125,-0.01555660834228687,12.439185782073904,-0.01534213519721442,12.694235832264798,-0.010178968641493057,0.37488917944414746,1,-1.0,-1.0,0,0,5,8,0,33.4,16.0,49.0,20.9,1010.0,kandi/KAND,305.11071367616483,87.6,83.2,0.22230485398289157
11.134495533936244,2.9305325302594425,KAND,kandi,11.123456,2.954658,2904.625503175456,7079.457844,327.0,100.0,427.0,538.0,10,293.6834716796875,295.00470346498264,2.6279179078862076,283.6834716796875,-0.013609526025160116,13.193379962019593,-0.013370124016523035,13.311306591365,0.0007750431969273152,0.0933693245051169,1,-1.0,-1.0,0,0,1,4,0,25.1,38.0,70.0,13.7,1012.7,kandi/KAND,183.82149629455927,84.2,84.5,0.8569174203051139
11.133657723693494,2.92255411683545,KAND,kandi,11.123456,2.954658,3684.111224661603,7079.457844,327.0,100.0,427.0,538.0,10,295.78509521484375,287.9482648833856,2.039809128958995,285.78509521484375,-0.010173518483231708,13.154970900966717,-0.009917028520864513,13.148634328733536,0.00390473610981198,0.0777623042535242,1,-1.0,-1.0,0,0,1,1,0,30.0,38.0,28.0,18.0,1008.6,kandi/KAND,207.50766443665174,86.0,84.7,0.7167362115776128
11.14119666377861,2.916395747821063,KAND,kandi,11.123456,2.954658,4617.465499044326,7079.457844,327.0,100.0,427.0,538.0,10,293.2430419921875,295.29682826788337,1.6592580187556634,283.2430419921875,-0.008687510635303188,13.386809040072922,-0.00870475096693059,13.380769946024014,-0.010796260892369949,0.29878974415629916,0,-1.0,4404.63642794609,0,2,0,1,0,30.2,29.0,65.0,16.6,1012.8,kandi/KAND,312.10744640271304,82.9,82.2,0.7666377860986825
11.137569281761612,2.9288694172142318,KAND,kandi,11.123456,2.954658,3220.7728419409154,7079.457844,327.0,100.0,427.0,538.0,10,293.26934814453125,299.15352208375634,2.3776291003609065,283.26934814453125,-0.012362972306616515,13.782637291373536,-0.012289305488527894,13.81245367567817,-0.002664115584048124,0.084073189900263,1,-1.0,-1.0,0,0,3,6,0,25.1,38.0,70.0,13.7,1012.7,kandi/KAND,392.63572965291604,83.4,84.5,0.010273658323700086
11.115039530044697,2.9354928422974296,KAND,kandi,11.123456,2.954658,2291.328974439816,7079.457844,327.0,100.0,427.0,538.0,10,319.6097412109375,245.89064472681733,2.683381266131994,309.6097412109375,-0.005937505284429112,4.347206985118042,-0.005901880706915876,4.4377265694171015,-0.006271870930989583,0.28205073439903655,1,-1.0,-1.0,0,0,1,0,0,36.2,24.0,60.0,11.2,1006.9,kandi/KAND,271.9160182852466,88.7,89.9,0.6814279280796064
11.141116077542097,2.916919825551483,KAND,kandi,11.123456,2.954658,4561.884548841409,7079.457844,327.0,100.0,427.0,538.0,10,294.6094665527344,295.5018557107294,1.6623152732435886,284.6094665527344,-0.00843483918632557,13.417661775375391,-0.008709785818838913,13.418681077200532,-0.016259578826265598,0.6001428645974294,1,-1.0,-1.0,0,0,0,0,0,30.4,39.0,60.0,7.6,1009.9,kandi/KAND,215.05945643006783,82.2,85.5,0.6113085758980131
11.110430578959061,2.9322086816177775,KAND,kandi,11.123456,2.954658,2844.3806102938834,7079.457844,327.0,100.0,427.0,538.0,10,321.8601379394531,239.40591221724276,2.116920968082855,311.8601379394531,-0.004078154521669368,3.6890745154101534,-0.004019196500483248,3.761514439047958,-0.008583577473958333,0.315595577580481,1,-1.0,-1.0,0,0,0,0,0,33.4,23.0,80.0,18.4,1011.3,kandi/KAND,173.06789013672005,88.6,86.1,0.006101220458078593
11.1107347941506,2.9215435091099304,KAND,kandi,11.123456,2.954658,3881.6094558280124,7079.457844,327.0,100.0,427.0,538.0,10,313.8292236328125,248.62261158866258,1.6700215614589744,303.8292236328125,-0.004999014047475962,7.429695110198813,-0.004789171315202809,7.406450459960234,0.009772237141927084,0.46403209188486283,1,-1.0,-1.0,0,0,0,0,0,26.1,45.0,70.0,11.9,1012.3,kandi/KAND,285.06577511311707,82.3,85.9,0.6234144918523682
11.131293945960804,2.9202653950038857,KAND,kandi,11.123456,2.954658,3855.8000247885334,7079.457844,327.0,100.0,427.0,538.0,10,299.96685791015625,283.0791494537111,1.8869835381984839,289.96685791015625,-0.008619772741036822,12.318864151963828,-0.008449898057311545,12.275521323842494,0.004299163818359374,0.22642597277779708,1,-1.0,-1.0,0,0,2,6,0,26.8,36.0,58.0,15.8,1010.5,kandi/KAND,217.3248474057293,85.7,74.6,0.09414654502442887
11.14020974692773,2.931262754055657,KAND,kandi,11.123456,2.954658,3156.8783871655487,7079.457844,327.0,100.0,427.0,538.0,10,291.50433349609375,306.1260687005579,2.4576708254305855,281.50433349609375,-0.013151271988011005,13.812768761590407,-0.01267599205887884,13.847375900354034,0.015386700442522697,0.4818398960439545,1,-1.0,-1.0,0,0,0,2,0,34.2,16.0,100.0,18.4,1010.2,kandi/KAND,284.3355512418123,79.7,85.3,0.8917008029908848
11.132543293818715,2.9236481305860957,KAND,kandi,11.123456,2.954658,3533.514981669204,7079.457844,327.0,100.0,427.0,538.0,10,296.7977294921875,286.6317991177342,2.1102689681454243,286.7977294921875,-0.01031854489428849,12.98841706502142,-0.01007713317871094,12.97882458558011,0.0027774386935763887,0.10292670455533544,1,-1.0,-1.0,0,0,1,3,0,33.0,34.0,28.0,16.2,1007.9,kandi/KAND,371.69589343971694,82.4,86.6,0.12637456904743094
11.137920333228763,2.9288654807880072,KAND,kandi,11.123456,2.954658,3240.1456212077815,7079.457844,327.0,100.0,427.0,538.0,10,293.17034912109375,299.7524771261433,2.3651770915548163,283.17034912109375,-0.012394349280621723,13.765067436619859,-0.012211895566998103,13.82406067537646,-0.0023454454210069444,0.09192087892066506,1,-1.0,-1.0,0,0,3,5,0,25.1,38.0,70.0,13.7,1012.7,kandi/KAND,298.9384769478677,83.4,79.7,0.11908298467009182
11.118794971066391,2.9307031217802204,KAND,kandi,11.123456,2.954658,2667.2021178689943,7079.457844,327.0,100.0,427.0,538.0,10,308.21136474609375,258.7861150967325,2.5500852519119017,298.21136474609375,-0.00942588340248163,8.165398931657364,-0.009502394873715776,8.2772633838707,-0.013185735865559082,0.3487003554670531,1,-1.0,-1.0,0,0,1,1,0,35.5,22.0,100.0,11.2,1009.7,kandi/KAND,351.7491748390901,88.4,85.1,0.1738314789370503
11.116132201186405,2.9288394662890784,KAND,kandi,11.123456,2.954658,2934.5390200084485,7079.457844,327.0,100.0,427.0,538.0,10,307.60235595703125,253.87834297466623,2.3299093507263464,297.60235595703125,-0.008797417431235893,7.519827829297125,-0.008645599365234376,7.677826333567937,-0.007909138997395834,0.2907784062385634,0,-1.0,2734.5904695469508,0,4,1,2,0,35.5,22.0,100.0,11.2,1009.7,kandi/KAND,377.1768718948386,89.2,85.9,0.018172834260526516
11.132568336881715,2.921027054367604,KAND,kandi,11.123456,2.954658,3809.614550186797,7079.457844,327.0,100.0,427.0,538.0,10,298.1186218261719,285.44035660738206,1.9376090976942117,288.1186218261719,-0.009234916821628148,12.727475476311527,-0.009035655571200743,12.697095811162692,0.006208631727430556,0.22925008370710334,1,-1.0,-1.0,0,0,0,2,0,30.0,38.0,28.0,18.0,1008.6,kandi/KAND,211.21815475956797,86.0,85.7,0.3135394489283051
11.130974265421996,2.9220769579317456,KAND,kandi,11.123456,2.954658,3655.0363386140652,7079.457844,327.0,100.0,427.0,538.0,10,299.1836242675781,283.2372992931024,2.002813423620745,289.1836242675781,-0.009325167622001638,12.457972763746666,-0.009308786099541796,12.431264605593682,-0.004935617005887317,0.0936045521120086,1,-1.0,-1.0,0,0,2,6,0,30.7,25.0,24.0,16.6,1009.0,kandi/KAND,375.96242378723446,86.6,86.0,0.3450829443735308
11.110199014332444,2.931857590851745,KAND,kandi,11.123456,2.954658,2890.427550897384,7079.457844,327.0,100.0,427.0,538.0,10,321.6295166015625,239.35312631278742,2.0877920516919164,311.6295166015625,-0.004019196500483248,3.7510206165202225,-0.003823733188634524,3.7813025652448817,0.0024829433770013933,0.24967843148544536,1,-1.0,-1.0,0,0,0,0,0,33.4,23.0,80.0,18.4,1011.3,kandi/KAND,182.88071112067146,88.6,81.5,0.25912437371710917
11.118901456139923,2.9306692722204217,KAND,kandi,11.123456,2.954658,2668.581020911862,7079.457844,327.0,100.0,427.0,538.0,10,308.20379638671875,259.0511773537088,2.5489314909454,298.20379638671875,-0.009408832221441947,8.21464334144014,-0.009487005848239815,8.322357613484863,-0.008643821493829912,0.2376375594999754,1,-1.0,-1.0,0,0,1,4,0,35.5,22.0,100.0,11.2,1009.7,kandi/KAND,351.7491748390901,88.4,85.1,0.20909143706077504
11.141076253934994,2.918000049468492,KAND,kandi,11.123456,2.954658,4453.606143235643,7079.457844,327.0,100.0,427.0,538.0,10,294.5788269042969,296.10304423109176,1.7031006761327776,284.5788269042969,-0.009203165594549449,13.49739210677497,-0.008595818189069397,13.47567401474692,-0.02594884236653646,1.2394292719421554,0,-1.0,4292.955019832353,0,3,0,0,0,26.8,36.0,58.0,15.8,1010.5,kandi/KAND,97.98854677976553,85.5,82.9,0.3750562141955047
11.137913216789606,2.9060842510035143,KAND,kandi,11.123456,2.954658,5541.903696023035,7079.457844,327.0,100.0,427.0,538.0,10,298.1756591796875,286.8793562981403,1.3316294178439225,288.1756591796875,-0.006375839122304962,11.67863287602757,-0.006729918076594584,11.647821566571082,-0.03395847254262497,0.6108770871796227,1,-1.0,-1.0,0,0,0,0,0,28.4,37.0,100.0,3.6,1009.9,kandi/KAND,212.6801711490994,78.5,81.9,0.09366948280144627
11.1136941950923,2.9316817828255974,KAND,kandi,11.123456,2.954658,2732.4189456080767,7079.457844,327.0,100.0,427.0,538.0,10,314.48480224609375,246.58995069479266,2.3579861331580987,304.48480224609375,-0.006826295714447464,5.433551016573465,-0.006726402364751344,5.504057380516427,-0.0052225748697916664,0.21631322860057747,1,-1.0,-1.0,0,0,0,0,0,33.4,23.0,80.0,18.4,1011.3,kandi/KAND,387.96207043984134,88.6,87.3,0.9432449542902905
11.141118536578663,2.9185316027031734,KAND,kandi,11.123456,2.954658,4403.542237689973,7079.457844,327.0,100.0,427.0,538.0,10,296.3121643066406,296.48988158603595,1.6999187919720888,286.3121643066406,-0.00869374312914384,13.562385605372933,-0.008837712595474672,13.535349521449172,-0.06674836001534629,2.0285268007172967,0,-1.0,4306.4701643140415,0,1,0,1,0,26.8,36.0,58.0,15.8,1010.5,kandi/KAND,97.98854677976553,85.5,82.9,0.9790939808783627
11.115941255715756,2.929120424565773,KAND,kandi,11.123456,2.954658,2911.0130228410144,7079.457844,327.0,100.0,427.0,538.0,10,308.3209533691406,253.30888010756416,2.3345979026147505,298.3209533691406,-0.008593903022963069,7.310405885664301,-0.00853522715171599,7.475718839786935,-0.012315368727981856,0.5033899888237445,1,-1.0,-1.0,0,0,2,8,0,35.5,22.0,100.0,11.2,1009.7,kandi/KAND,392.9995717554643,89.2,87.3,0.080154387553807
11.139770553141656,2.9229980694556814,KAND,kandi,11.123456,2.954658,3901.0145465652126,7079.457844,327.0,100.0,427.0,538.0,10,294.3006896972656,297.7109153469546,1.9482572475177709,284.3006896972656,-0.010003954561194977,14.175175105488972,-0.009696190588521888,14.145824676171182,0.012553540754342507,0.5017723277866812,1,-1.0,-1.0,0,0,0,0,0,32.0,21.0,67.0,18.4,1011.9,kandi/KAND,262.99505261506863,83.8,84.6,0.7169197221688668
11.145429905050701,2.919513176900053,KAND,kandi,11.123456,2.954658,4543.908453829851,7079.457844,327.0,100.0,427.0,538.0,10,291.1341857910156,302.51004675046966,1.7126707410705369,281.1341857910156,-0.009252454523454632,14.237769448930905,-0.009203705915468053,14.229559673491295,-0.003974432302811673,0.1692914790009596,1,-1.0,-1.0,0,0,0,0,0,30.2,29.0,65.0,16.6,1012.8,kandi/KAND,169.91341088926387,81.4,75.9,0.4567281506487163
11.116137984344213,2.929533048916324,KAND,kandi,11.123456,2.954658,2861.609724189766,7079.457844,327.0,100.0,427.0,538.0,10,309.47479248046875,253.46955046995802,2.3517938899560376,299.47479248046875,-0.008281453450520834,7.249084328619774,-0.00850490647919324,7.410586651461718,-0.010969797770182293,0.5577931283878248,1,-1.0,-1.0,0,0,1,9,0,28.3,38.0,34.0,17.3,1009.3,kandi/KAND,195.43881932716198,87.4,89.2,0.640313115725063
11.109316659441687,2.919213017899321,KAND,kandi,11.123456,2.954658,4176.107943911953,7079.457844,327.0,100.0,427.0,538.0,10,317.59295654296875,247.87984933433984,1.5007103183549388,307.59295654296875,-0.0037458147321428564,7.08374420731227,-0.0035208683861065403,7.060366585126849,0.013339647550041194,0.3961260640513039,1,-1.0,-1.0,0,0,0,0,0,26.1,45.0,70.0,11.9,1012.3,kandi/KAND,305.7478243151074,82.3,89.2,0.560414701389458
11.14108854561744,2.9172323938725744,KAND,kandi,11.123456,2.954658,4529.740598845641,7079.457844,327.0,100.0,427.0,538.0,10,294.45941162109375,295.6525678429166,1.6760011005553561,284.45941162109375,-0.00858684523981554,13.457955287042383,-0.008818226002585083,13.438703602709003,-0.02275300432194341,0.5002772083286122,1,-1.0,-1.0,0,0,0,0,0,30.4,39.0,60.0,7.6,1009.9,kandi/KAND,215.05945643006783,82.2,85.5,0.7732610738726923
11.1361919972825,2.915748274456071,KAND,kandi,11.123456,2.954658,4477.86510560007,7079.457844,327.0,100.0,427.0,538.0,10,299.9457092285156,288.45223993099125,1.625266022744606,289.9457092285156,-0.0076782777487182825,12.735431025084184,-0.007502879688462241,12.707717338615149,-0.012246791649995328,0.38551253313613393,1,-1.0,-1.0,0,0,0,1,0,30.4,39.0,60.0,7.6,1009.9,kandi/KAND,198.68689941707686,86.4,82.8,0.6714221011903191
11.11744923754719,2.9251694237949732,KAND,kandi,11.123456,2.954658,3289.2282539370644,7079.457844,327.0,100.0,427.0,538.0,10,304.2083435058594,258.2750612523911,2.137941662524477,294.2083435058594,-0.00882995086325764,9.20811110372432,-0.00823650275855647,9.28494657744991,0.011790998525392766,0.234730706974235,1,-1.0,-1.0,0,0,1,1,0,33.2,27.0,75.0,15.8,1010.6,kandi/KAND,277.74462035546526,85.9,88.5,0.3076029291968442
11.13959386910462,2.914413834997943,KAND,kandi,11.123456,2.954658,4744.826838138863,7079.457844,327.0,100.0,427.0,538.0,10,299.7476501464844,292.23311910003633,1.5362573841777618,289.7476501464844,-0.007039356031757729,12.96804854311332,-0.008271675393746538,12.986985534323672,-0.1532318266638779,5.370125140177993,0,-1.0,4583.179430827519,0,3,0,6,0,30.4,39.0,60.0,7.6,1009.9,kandi/KAND,295.05963126131167,82.2,78.5,0.7893839297958769
11.128617728537835,2.9274118190252234,KAND,kandi,11.123456,2.954658,3030.666563111318,7079.457844,327.0,100.0,427.0,538.0,10,297.86395263671875,280.9306359581457,2.439884885156856,287.86395263671875,-0.011701083776261698,12.312498930697926,-0.011227344166225237,12.346858341929618,0.012839550054218241,0.36155851556608465,1,-1.0,-1.0,0,0,4,6,0,35.7,22.0,60.0,14.8,1008.1,kandi/KAND,268.144848356337,81.0,82.6,0.9341933024054117
11.114750547136051,2.930588787164063,KAND,kandi,11.123456,2.954658,2800.1881855790584,7079.457844,327.0,100.0,427.0,538.0,10,311.68743896484375,249.76826205660933,2.358124426202547,301.68743896484375,-0.007826421934248137,6.2596425274883405,-0.00760153891720876,6.329250263819847,-0.007843898393902421,0.2529898207479306,0,-1.0,2603.7822006186034,0,5,0,2,0,35.5,22.0,100.0,11.2,1009.7,kandi/KAND,392.9995717554643,89.2,87.3,0.6141044232956597
11.113188302760625,2.9317638986823336,KAND,kandi,11.123456,2.954658,2746.8444520915637,7079.457844,327.0,100.0,427.0,538.0,10,315.4358215332031,245.43871604497906,2.325812509966632,305.4358215332031,-0.006608374714051959,5.152140677559298,-0.006232382050642731,5.280683452347267,-5.823771158854161e-05,0.13630941557728707,1,-1.0,-1.0,0,0,0,0,0,33.4,23.0,80.0,18.4,1011.3,kandi/KAND,387.96207043984134,88.6,87.3,0.7966094958330483
11.113237563799375,2.9317559026876374,KAND,kandi,11.123456,2.954658,2745.39169298799,7079.457844,327.0,100.0,427.0,538.0,10,315.4358215332031,245.5502701995278,2.3270418907561785,305.4358215332031,-0.006635455768288244,5.179768903547453,-0.00498397559759697,5.3164285052179725,0.02927931393498684,0.24965648370751675,1,-1.0,-1.0,0,0,0,0,0,28.3,38.0,34.0,17.3,1009.3,kandi/KAND,387.96207043984134,87.3,88.6,0.18911194221021643
11.138633058246564,2.9057786688824834,KAND,kandi,11.123456,2.954658,5597.232391414748,7079.457844,327.0,100.0,427.0,538.0,10,296.8369140625,287.56487949774953,1.3321675819581222,286.8369140625,-0.006504182594557709,11.813933683731925,-0.006989983291937973,11.789536491029455,-0.03238649244511087,0.5303062591792453,1,-1.0,-1.0,0,0,0,0,0,28.4,37.0,100.0,3.6,1009.9,kandi/KAND,130.8482388112753,83.6,78.5,0.4622296082772043
11.132161947360123,2.9234786432711655,KAND,kandi,11.123456,2.954658,3539.5621039658868,7079.457844,327.0,100.0,427.0,538.0,10,297.75146484375,285.8878626572116,2.0912493119549316,287.75146484375,-0.010049015271360916,12.891092626057183,-0.009924832976859343,12.879141779034638,-0.0016601349380890376,0.11303584981756241,1,-1.0,-1.0,0,0,2,4,0,30.7,25.0,24.0,16.6,1009.0,kandi/KAND,371.69589343971694,86.6,82.4,0.7490024052687203
11.141118396475884,2.918529841411094,KAND,kandi,11.123456,2.954658,4403.707790861869,7079.457844,327.0,100.0,427.0,538.0,10,296.3121643066406,296.4885853362531,1.6998549226494462,286.3121643066406,-0.008685464614779087,13.562385605372933,-0.008833603551244148,13.535349521449172,-0.06654427748523019,2.0285268007172967,0,-1.0,4306.632068017218,0,1,0,1,0,26.8,36.0,58.0,15.8,1010.5,kandi/KAND,97.98854677976553,85.5,82.9,0.9770925126064844
11.108456370692567,2.9317536846174175,KAND,kandi,11.123456,2.954658,3002.2974846603593,7079.457844,327.0,100.0,427.0,538.0,10,323.87188720703125,236.2829278541796,1.9673211415421763,313.87188720703125,-0.0031199640960189764,3.217054697172991,-0.003062312511762383,3.237689267251341,-0.0030566136811710286,0.1556864340903769,1,-1.0,-1.0,0,0,0,0,0,31.0,43.0,40.0,3.6,1008.2,kandi/KAND,152.93749306281921,86.1,88.1,0.3635282638234907
11.139793340066205,2.9282064411650626,KAND,kandi,11.123456,2.954658,3408.117874279943,7079.457844,327.0,100.0,427.0,538.0,10,292.5881042480469,302.1919500882128,2.2585032202677606,282.5881042480469,-0.011911483675415753,13.912972799717702,-0.012067366541945058,13.961539789196378,-0.012143621985286863,0.23095156318369253,1,-1.0,-1.0,0,0,1,0,0,34.2,16.0,100.0,18.4,1010.2,kandi/KAND,232.1598899465155,79.7,83.4,0.4395220653053795
11.12968417194184,2.9270602112611472,KAND,kandi,11.123456,2.954658,3092.515663699042,7079.457844,327.0,100.0,427.0,538.0,10,298.1453857421875,282.9554121746453,2.3859402377222563,288.1453857421875,-0.009920520276103073,12.53313770443009,-0.011002745229216116,12.538232402301439,0.010635185966151295,0.31497154415075573,1,-1.0,-1.0,0,0,1,7,0,33.0,34.0,28.0,16.2,1007.9,kandi/KAND,377.8714555243443,82.6,84.8,0.3033025785192509
11.138763526967569,2.905744335008534,KAND,kandi,11.123456,2.954658,5605.1520983943965,7079.457844,327.0,100.0,427.0,538.0,10,296.8369140625,287.694803095823,1.3302859946525696,286.8369140625,-0.006504182594557709,11.844085105726794,-0.006712254404929594,11.819044084575827,-0.01744464578313388,0.426272879474857,1,-1.0,-1.0,0,0,0,0,0,28.4,37.0,100.0,3.6,1009.9,kandi/KAND,130.8482388112753,83.6,78.5,0.3477833617809464
11.111664663281399,2.932011214076063,KAND,kandi,11.123456,2.954658,2796.786957301358,7079.457844,327.0,100.0,427.0,538.0,10,319.96636962890625,242.05084427570557,2.191652087229607,309.96636962890625,-0.005363722828366374,4.274915182189294,-0.004863798169282384,4.316484062067656,-0.010161090247761627,0.34823699419850224,1,-1.0,-1.0,0,0,0,0,0,33.4,23.0,80.0,18.4,1011.3,kandi/KAND,387.96207043984134,88.6,87.3,0.3549748641737579
11.104400192315977,2.926276928949509,KAND,kandi,11.123456,2.954658,3749.1618431551087,7079.457844,327.0,100.0,427.0,538.0,10,321.7989501953125,235.62048513748755,1.6072912297353916,311.7989501953125,-0.0030742858878354926,3.6580983983076023,-0.0029419986437942717,3.732955836981147,0.003244697386667539,0.18010584448260314,1,-1.0,-1.0,0,0,0,0,0,31.4,32.0,75.0,16.2,1012.0,kandi/KAND,277.7596185553782,80.7,83.6,0.5730534658681375
11.141050486738141,2.917676118993767,KAND,kandi,11.123456,2.954658,4484.212295764035,7079.457844,327.0,100.0,427.0,538.0,10,294.3863220214844,295.8715339775745,1.693940788505571,284.3863220214844,-0.008936495684129157,13.487391432934785,-0.008523238332648026,13.46399540851253,-0.013966369628906251,0.680871990139515,0,-1.0,4349.4163349695245,0,1,0,0,0,26.8,36.0,58.0,15.8,1010.5,kandi/KAND,97.98854677976553,85.5,82.9,0.0069534020076292835
11.119629159703052,2.9257867626307466,KAND,kandi,11.123456,2.954658,3182.2475630531194,7079.457844,327.0,100.0,427.0,538.0,10,302.77752685546875,262.3095306972483,2.2354676620928773,292.77752685546875,-0.009516464661214957,9.754088551926541,-0.009450088312596453,9.80123156977378,-0.0024308946397569443,0.08932329175663434,1,-1.0,-1.0,0,0,0,2,0,31.0,31.0,80.0,11.2,1011.0,kandi/KAND,368.7529770885469,87.2,88.5,0.49726130900015986
11.10577545756992,2.932026728528429,KAND,kandi,11.123456,2.954658,3152.375961439853,7079.457844,327.0,100.0,427.0,538.0,10,329.1075439453125,231.47617199876117,1.7786656107370502,319.1075439453125,-0.0013263630417158013,2.9956184884221813,-0.0012193859535053954,2.994148668319499,-0.006901534338220237,0.37974770596236584,1,-1.0,-1.0,0,0,0,0,0,33.4,23.0,80.0,18.4,1011.3,kandi/KAND,268.61311974672043,86.8,86.3,0.09906566030853015
11.104632730547731,2.9265449150824456,KAND,kandi,11.123456,2.954658,3710.491232353773,7079.457844,327.0,100.0,427.0,538.0,10,321.8243408203125,235.6949325916502,1.623641682558112,311.8243408203125,-0.003091676773563508,3.619892410849147,-0.003049319635623347,3.6915723259280138,-0.0002821180555555556,0.0126953125,1,-1.0,-1.0,0,0,0,0,0,31.4,32.0,75.0,16.2,1012.0,kandi/KAND,277.7596185553782,83.6,80.7,0.5687381388601318
11.128134827523217,2.927089885015478,KAND,kandi,11.123456,2.954658,3055.7154106491616,7079.457844,327.0,100.0,427.0,538.0,10,297.8685302734375,279.8159906843162,2.4198224272243456,287.8685302734375,-0.011564945146684838,12.251883333379254,-0.010776512985571755,12.278196622538019,0.023746641087852766,0.5421260120270303,1,-1.0,-1.0,0,0,2,5,0,33.0,34.0,28.0,16.2,1007.9,kandi/KAND,268.144848356337,82.6,81.0,0.3060559585986711
11.126942641110348,2.9268809347195064,KAND,kandi,11.123456,2.954658,3058.8112072797244,7079.457844,327.0,100.0,427.0,538.0,10,298.05645751953125,277.29272156759527,2.4138623677098874,288.05645751953125,-0.011518411880783317,12.022732983003738,-0.010882415849713072,12.060308436383433,0.017491181098835757,0.46875214079526967,1,-1.0,-1.0,0,0,0,2,0,35.7,22.0,60.0,14.8,1008.1,kandi/KAND,213.30780787394355,81.0,87.2,0.38969444297656375
11.109068591002725,2.9309669630713064,KAND,kandi,11.123456,2.954658,3038.2763888379795,7079.457844,327.0,100.0,427.0,538.0,10,322.7239990234375,238.24870157518754,1.9656640161637078,312.7239990234375,-0.0034645030701082515,3.665883278682124,-0.0033993527001970093,3.694922334508142,-0.0029066524506875953,0.3029665014726764,1,-1.0,-1.0,0,0,0,0,0,31.0,43.0,40.0,3.6,1008.2,kandi/KAND,209.350490283057,88.1,81.5,0.7578830406527217
11.116939621573296,2.92965100209274,KAND,kandi,11.123456,2.954658,2825.3360642048024,7079.457844,327.0,100.0,427.0,538.0,10,308.5796203613281,255.12976376313193,2.400075173221817,298.5796203613281,-0.008682722125137059,7.6420770999964285,-0.008926330658491105,7.715962667987806,-0.013886260542201476,0.40103961193802823,1,-1.0,-1.0,0,0,1,5,0,35.5,22.0,100.0,11.2,1009.7,kandi/KAND,323.68254725880485,88.4,89.2,0.6187806635837496
11.10518268490616,2.9278465415273405,KAND,kandi,11.123456,2.954658,3558.775953718742,7079.457844,327.0,100.0,427.0,538.0,10,325.1286926269531,235.21967547673512,1.6396655978834196,315.1286926269531,-0.002295990417651435,3.3580498927046203,-0.0027238241568741392,3.416437547824177,-0.008407084147135417,0.6710359874908614,1,-1.0,-1.0,0,0,0,0,0,31.4,32.0,75.0,16.2,1012.0,kandi/KAND,349.9740403229864,80.7,86.3,0.16218050911340787
11.13451347177939,2.92454520346199,KAND,kandi,11.123456,2.954658,3509.551810060793,7079.457844,327.0,100.0,427.0,538.0,10,294.14154052734375,290.5207285109808,2.1679679302497474,284.14154052734375,-0.01116215802225286,13.506909275134465,-0.011141946821332089,13.538188376088772,-0.0057995432487769685,0.15155741271195652,1,-1.0,-1.0,0,0,0,6,0,30.2,23.0,100.0,18.4,1012.1,kandi/KAND,290.56781050227556,80.0,82.4,0.33467572294500536
11.120818825100903,2.9286349620237204,KAND,kandi,11.123456,2.954658,2857.744698144402,7079.457844,327.0,100.0,427.0,538.0,10,303.8089904785156,264.10592048351293,2.4683652383447736,293.8089904785156,-0.010773460517896682,9.373266477120142,-0.01017301147393719,9.423343995241137,-0.008805436311816342,0.26781336944326556,1,-1.0,-1.0,0,0,0,3,0,31.0,31.0,80.0,11.2,1011.0,kandi/KAND,310.39672140233506,85.1,87.2,0.48609911409826123
11.137041835558055,2.9073493958654293,KAND,kandi,11.123456,2.954658,5382.027750433529,7079.457844,327.0,100.0,427.0,538.0,10,299.547607421875,286.318251444595,1.3565741233151394,289.547607421875,-0.006255142777054397,11.66792916731968,-0.006255743446907964,11.64616175026693,-0.0011264149599748967,0.09485306692621126,1,-1.0,-1.0,0,0,0,0,0,28.4,37.0,100.0,3.6,1009.9,kandi/KAND,325.21295177169327,83.6,81.9,0.9290194920810291
11.139114232749131,2.905676934974386,KAND,kandi,11.123456,2.954658,5623.994273401903,7079.457844,327.0,100.0,427.0,538.0,10,296.75689697265625,288.05078260175605,1.3266454621209856,286.75689697265625,-0.006465751913566777,11.902738597978582,-0.0065930282860471486,11.880351813694219,-0.012139892578124999,0.5638253577334784,1,-1.0,-1.0,0,0,0,0,0,28.4,37.0,100.0,3.6,1009.9,kandi/KAND,325.21295177169327,83.6,81.9,0.020073355644502744
11.130224491322053,2.921985867856753,KAND,kandi,11.123456,2.954658,3646.804983748562,7079.457844,327.0,100.0,427.0,538.0,10,300.02581787109375,281.9250832101151,1.994114596100206,290.02581787109375,-0.009098240586577868,12.269771603751325,-0.008935858613701275,12.236790538120978,0.0007756551106770835,0.049495449064070995,1,-1.0,-1.0,0,0,1,0,0,30.7,25.0,24.0,16.6,1009.0,kandi/KAND,296.59233233508934,86.6,85.7,0.22155707628368693
11.131136172559424,2.9207664942017706,KAND,kandi,11.123456,2.954658,3798.541193520524,7079.457844,327.0,100.0,427.0,538.0,10,299.60137939453125,283.0078425901399,1.920913274830041,289.60137939453125,-0.008802466932674035,12.340276639752902,-0.008619772741036822,12.301285638903538,0.004463958740234374,0.2592621000302373,1,-1.0,-1.0,0,0,3,3,0,30.7,25.0,24.0,16.6,1009.0,kandi/KAND,296.59233233508934,86.6,85.7,0.7913578496399255
11.1044864960516,2.9299997029331966,KAND,kandi,11.123456,2.954658,3414.606554443936,7079.457844,327.0,100.0,427.0,538.0,10,327.686279296875,231.90599067844113,1.665976222267434,317.686279296875,-0.0016952495867434188,2.965705888379376,-0.0015714974238954743,2.9792930183120774,-0.004171074761284722,0.16529409659336822,1,-1.0,-1.0,0,0,0,0,0,31.4,32.0,75.0,16.2,1012.0,kandi/KAND,349.9740403229864,86.3,80.7,0.12009902226771363
11.133830999858752,2.929328062243987,KAND,kandi,11.123456,2.954658,2995.593497508376,7079.457844,327.0,100.0,427.0,538.0,10,294.7928466796875,292.6602412297789,2.527044980342422,284.7928466796875,-0.012832004947954754,13.284905119253914,-0.012307477407572591,13.346508284435608,0.011451638368226352,0.29372336358494844,1,-1.0,-1.0,0,0,2,11,0,25.1,38.0,70.0,13.7,1012.7,kandi/KAND,183.82149629455927,84.2,84.5,0.02624982343919746
11.1076603797737,2.9313253114065096,KAND,kandi,11.123456,2.954658,3090.3270717884416,7079.457844,327.0,100.0,427.0,538.0,10,325.29180908203125,235.39981723050255,1.8850261613597352,315.29180908203125,-0.002595225640866418,3.098767942820242,-0.002367340572296627,3.115824218043561,0.011506144205729166,0.43446086432183734,1,-1.0,-1.0,0,0,0,0,0,31.0,43.0,40.0,3.6,1008.2,kandi/KAND,383.69036938137486,88.1,86.3,0.00798860684349434
11.139191870142987,2.9270447142135754,KAND,kandi,11.123456,2.954658,3482.6348742258456,7079.457844,327.0,100.0,427.0,538.0,10,292.2214660644531,300.1503504326433,2.2162499647955762,282.2214660644531,-0.011710516340032943,14.000483732068911,-0.011739546454159039,14.02656442797749,-0.007113431146574835,0.20978225212779092,1,-1.0,-1.0,0,0,1,5,0,32.0,21.0,67.0,18.4,1011.9,kandi/KAND,285.4340773278742,83.8,83.4,0.9307170804645012
11.127115573151055,2.9264103821007033,KAND,kandi,11.123456,2.954658,3112.240785748025,7079.457844,327.0,100.0,427.0,538.0,10,299.02435302734375,277.5242429352909,2.354681534775837,289.02435302734375,-0.010926350955256977,12.080946845123552,-0.010586576641730542,12.092473158633252,0.012526787651909723,0.47382337163103905,1,-1.0,-1.0,0,0,0,4,0,35.7,22.0,60.0,14.8,1008.1,kandi/KAND,268.144848356337,81.0,82.6,0.1868523139577266
11.106605728284935,2.932160768425096,KAND,kandi,11.123456,2.954658,3084.552781106282,7079.457844,327.0,100.0,427.0,538.0,10,328.8851318359375,232.64726876990227,1.8218761279037268,318.8851318359375,-0.0014632129972039622,2.881294067813642,-0.001407935732886905,2.876605104512795,-0.0030870225694444443,0.12108139390356497,1,-1.0,-1.0,0,0,0,0,0,33.4,23.0,80.0,18.4,1011.3,kandi/KAND,330.0848336780301,86.8,86.1,0.22783430087229306
11.116409331481986,2.927464540552768,KAND,kandi,11.123456,2.954658,3071.2582828944733,7079.457844,327.0,100.0,427.0,538.0,10,306.50250244140625,255.20917190224654,2.246785598043081,296.50250244140625,-0.008680542387237054,8.22597326404146,-0.008428674122643849,8.32845447791734,0.0023236592610677083,0.13757328361774623,1,-1.0,-1.0,0,0,1,13,0,33.2,27.0,75.0,15.8,1010.6,kandi/KAND,377.1768718948386,85.9,89.2,0.5690605081861759
11.132466030271958,2.9236137912319817,KAND,kandi,11.123456,2.954658,3534.692505773221,7079.457844,327.0,100.0,427.0,538.0,10,296.93341064453125,286.4808740167851,2.107370248790968,286.93341064453125,-0.01031795769820267,12.968374949681943,-0.01007713317871094,12.960691733239667,-0.003873358832465278,0.1738243537933083,1,-1.0,-1.0,0,0,1,5,0,30.7,25.0,24.0,16.6,1009.0,kandi/KAND,371.69589343971694,86.6,82.4,0.8483759058689176
11.135681651801036,2.917202067250176,KAND,kandi,11.123456,2.954658,4309.362314122466,7079.457844,327.0,100.0,427.0,538.0,10,300.2787780761719,288.40368886054915,1.6843558206024611,290.2787780761719,-0.007649676005045573,12.915465434730903,-0.007505491770565781,12.850336231978682,0.0027384440104166663,0.12436930930954423,1,-1.0,-1.0,0,0,1,0,0,30.4,39.0,60.0,7.6,1009.9,kandi/KAND,371.02901908073824,86.4,85.4,0.7874075826354907
11.104773728393072,2.9291113554853463,KAND,kandi,11.123456,2.954658,3472.675717558715,7079.457844,327.0,100.0,427.0,538.0,10,326.1456298828125,233.30611247371144,1.6635316409970906,316.1456298828125,-0.002091101342647902,3.0572997423956645,-0.001890676035045904,3.0666288888359365,0.002766927083333334,0.19008077972677262,1,-1.0,-1.0,0,0,0,2,0,31.4,32.0,75.0,16.2,1012.0,kandi/KAND,349.9740403229864,86.3,80.7,0.41621483821791305
11.109497141646296,2.931909684092124,KAND,kandi,11.123456,2.954658,2925.747355993839,7079.457844,327.0,100.0,427.0,538.0,10,323.05560302734375,237.98218646696773,2.0347182142169444,313.05560302734375,-0.0034931208811649662,3.5271673317440504,-0.003253763834635417,3.5509369231767427,0.004245758056640625,0.30078071061618544,1,-1.0,-1.0,0,0,0,0,0,31.0,43.0,40.0,3.6,1008.2,kandi/KAND,320.7240494333438,88.1,88.6,0.6575313367018769
11.107897559915328,2.931448242738704,KAND,kandi,11.123456,2.954658,3064.4478964166797,7079.457844,327.0,100.0,427.0,538.0,10,324.40509033203125,235.66304604743556,1.9174940431477465,314.40509033203125,-0.0028868246232807444,3.1634450900387683,-0.002869797175743431,3.173950305557281,-0.005123237856327809,0.3336260986919926,1,-1.0,-1.0,0,0,0,0,0,31.0,43.0,40.0,3.6,1008.2,kandi/KAND,152.93749306281921,88.1,86.1,0.17426227426717755
11.141063747252998,2.9175139282453753,KAND,kandi,11.123456,2.954658,4500.8151034335215,7079.457844,327.0,100.0,427.0,538.0,10,294.3863220214844,295.79015501322874,1.6876957245988429,284.3863220214844,-0.008659902939166639,13.477912782219052,-0.008471273681637009,13.453872043662408,-0.006566817816657085,0.3566051062107662,0,-1.0,4347.480721152219,0,1,0,0,0,30.4,39.0,60.0,7.6,1009.9,kandi/KAND,215.05945643006783,82.2,85.5,0.9191338058937427
11.112486269208059,2.9229490456113636,KAND,kandi,11.123456,2.954658,3670.388671458825,7079.457844,327.0,100.0,427.0,538.0,10,310.38983154296875,250.58206496011877,1.8197048077877636,300.38983154296875,-0.006109355068361792,7.860145455637665,-0.006132958524970599,7.87048513596217,0.004321967230902778,0.172779705951121,1,-1.0,-1.0,0,0,0,0,0,33.2,27.0,75.0,15.8,1010.6,kandi/KAND,246.3349853351433,85.3,85.9,0.2017352520659179
11.136463677821387,2.929568277229959,KAND,kandi,11.123456,2.954658,3095.514096009841,7079.457844,327.0,100.0,427.0,538.0,10,293.5657653808594,297.85369456705587,2.4682454445790154,283.5657653808594,-0.012743465717022236,13.665488822063317,-0.012657365108965502,13.702580031653557,-0.0023759971297648164,0.07004453465016684,1,-1.0,-1.0,0,0,0,0,0,25.1,38.0,70.0,13.7,1012.7,kandi/KAND,392.63572965291604,83.4,84.5,0.3800408624122268
11.129653424150852,2.920278198853024,KAND,kandi,11.123456,2.954658,3817.7258763503037,7079.457844,327.0,100.0,427.0,538.0,10,301.7257080078125,280.41342925814126,1.8794208696062042,291.7257080078125,-0.00822908083597819,11.93848994307427,-0.00815878164724432,11.916297820996958,0.0011092381268275626,0.13543957724597516,1,-1.0,-1.0,0,0,0,4,0,30.7,25.0,24.0,16.6,1009.0,kandi/KAND,303.403835341593,86.6,74.6,0.8021327746236201
11.11411502923999,2.9366639854923515,KAND,kandi,11.123456,2.954658,2220.7466090701378,7079.457844,327.0,100.0,427.0,538.0,10,323.3612976074219,242.1208400142103,2.6719639821245336,313.3612976074219,-0.004489360744189592,3.7251604696685594,-0.004540654232627467,3.7679631765277373,-0.00974087185329861,0.36032771944946373,1,-1.0,-1.0,0,0,0,0,0,33.3,38.0,28.0,15.5,1007.0,kandi/KAND,285.99656928073153,89.9,90.0,0.35512635288899463
11.133274021530564,2.9217679953309137,KAND,kandi,11.123456,2.954658,3753.4535831082317,7079.457844,327.0,100.0,427.0,538.0,10,296.74700927734375,286.9245699724042,1.9874904289595967,286.74700927734375,-0.009676817232969573,12.990662800082907,-0.009583513969705564,12.9821809457836,0.002610896897047712,0.09246838761626382,1,-1.0,-1.0,0,0,0,5,0,30.0,38.0,28.0,18.0,1008.6,kandi/KAND,207.50766443665174,86.0,84.7,0.24880674459143082
11.138955362774219,2.905693851901521,KAND,kandi,11.123456,2.954658,5616.848515418547,7079.457844,327.0,100.0,427.0,538.0,10,296.69146728515625,287.8851664585276,1.3289996866201619,286.69146728515625,-0.006495374314328457,11.868584099100122,-0.006629836991745417,11.858153606105324,-0.01630779580114181,0.5109959793728589,1,-1.0,-1.0,0,0,0,0,0,28.4,37.0,100.0,3.6,1009.9,kandi/KAND,130.8482388112753,83.6,78.5,0.17950633840447727
11.13563778199905,2.9179224574456617,KAND,kandi,11.123456,2.954658,4233.167695713174,7079.457844,327.0,100.0,427.0,538.0,10,299.9050598144531,288.67692175533307,1.7197090538905428,289.9050598144531,-0.00784514521209287,13.031304890232157,-0.007733194047588935,12.998235487133384,0.0065549764182260715,0.2343329246573008,1,-1.0,-1.0,0,0,0,0,0,26.8,36.0,58.0,15.8,1010.5,kandi/KAND,239.88586973826605,79.8,85.4,0.9899536728535185
11.12830404949831,2.927652640775747,KAND,kandi,11.123456,2.954658,2998.436080909141,7079.457844,327.0,100.0,427.0,538.0,10,297.4773254394531,280.3707883353881,2.473453407301598,287.4773254394531,-0.011937941534971524,12.261701296824913,-0.011474157787687109,12.310711702327684,0.011941284415687004,0.32292633709508245,1,-1.0,-1.0,0,0,1,3,0,33.0,34.0,28.0,16.2,1007.9,kandi/KAND,174.81002316812828,82.6,87.2,0.29929563871858267
11.13768553493513,2.928854133658575,KAND,kandi,11.123456,2.954658,3228.4826821624674,7079.457844,327.0,100.0,427.0,538.0,10,293.26934814453125,299.3394111907805,2.3719576503053337,283.26934814453125,-0.0123770819793931,13.797103531290658,-0.012176883581912877,13.85432895834272,-0.001575469970703125,0.0885555441116209,1,-1.0,-1.0,0,0,3,5,0,34.2,16.0,100.0,18.4,1010.2,kandi/KAND,298.9384769478677,79.7,83.4,0.9682026263460345
11.104895003296743,2.930982600063446,KAND,kandi,11.123456,2.954658,3302.2659802246644,7079.457844,327.0,100.0,427.0,538.0,10,329.3710021972656,231.37873161278213,1.693413158390528,319.3710021972656,-0.0011875003665775148,3.001788557006158,-0.0013825670527336637,3.0074008059536297,0.0007977647100960109,0.2865044853752785,1,-1.0,-1.0,0,0,0,0,0,33.4,23.0,80.0,18.4,1011.3,kandi/KAND,268.61311974672043,86.8,86.3,0.6634594251644905
11.132688294884636,2.9243100021884216,KAND,kandi,11.123456,2.954658,3468.9476069183265,7079.457844,327.0,100.0,427.0,538.0,10,296.8908386230469,287.22864723616505,2.1479751071560402,286.8908386230469,-0.010469695343368354,13.06019227059719,-0.010505337735085704,13.064783345020757,-0.006979047250783512,0.28659775361099465,1,-1.0,-1.0,0,0,2,7,0,33.0,34.0,28.0,16.2,1007.9,kandi/KAND,276.00636025271393,82.4,84.8,0.2197319230590521
11.113889479559326,2.937698182324264,KAND,kandi,11.123456,2.954658,2133.6562866805216,7079.457844,327.0,100.0,427.0,538.0,10,325.7986145019531,240.108763778156,2.715559175457569,315.7986145019531,-0.002769505612643126,3.5434013382012552,-0.003973385495720486,3.5585226247637425,-0.022520199948816544,0.6846823418269165,1,-1.0,-1.0,0,0,0,0,0,33.3,38.0,28.0,15.5,1007.0,kandi/KAND,285.99656928073153,90.0,89.9,0.23404981134544423
11.108761455368347,2.932003708491768,KAND,kandi,11.123456,2.954658,2960.911236104994,7079.457844,327.0,100.0,427.0,538.0,10,323.8318176269531,236.53568376804768,1.995571819771916,313.8318176269531,-0.003272924670971846,3.2302122125764847,-0.0031199640960189764,3.2877441068270667,-0.004399617513020833,0.17799495691723374,1,-1.0,-1.0,0,0,0,0,0,31.0,43.0,40.0,3.6,1008.2,kandi/KAND,330.0848336780301,86.1,86.8,0.045322404461087595
11.110751647455208,2.9220061755602154,KAND,kandi,11.123456,2.954658,3833.8639798784043,7079.457844,327.0,100.0,427.0,538.0,10,313.361328125,248.37352084030476,1.6977937978445083,303.361328125,-0.005198971430460612,7.364430267274336,-0.004867924256890976,7.3572132914707185,0.010879396567710474,0.17630547133326563,1,-1.0,-1.0,0,0,0,0,0,36.4,21.0,100.0,14.8,1008.9,kandi/KAND,285.06577511311707,85.9,82.3,0.19631119612498993
11.140087108726899,2.9286639923533992,KAND,kandi,11.123456,2.954658,3383.4023283744696,7079.457844,327.0,100.0,427.0,538.0,10,292.74761962890625,303.1098246179998,2.2722871346066578,282.74761962890625,-0.011979968989152566,13.965552938209754,-0.011786985535552536,14.002642830312775,-0.002028740776909722,0.07541736839688433,1,-1.0,-1.0,0,0,0,1,0,34.2,16.0,100.0,18.4,1010.2,kandi/KAND,232.1598899465155,79.7,83.4,0.1795497992050077
11.13976539220841,2.923056068515004,KAND,kandi,11.123456,2.954658,3895.1341994138766,7079.457844,327.0,100.0,427.0,538.0,10,294.3006896972656,297.74670969003154,1.9511961912150178,284.3006896972656,-0.009960173423535626,14.18008618735598,-0.009705746201011951,14.150515755003433,0.013898705241411602,0.5600980639891868,1,-1.0,-1.0,0,0,0,0,0,32.0,21.0,67.0,18.4,1011.9,kandi/KAND,262.99505261506863,83.8,84.6,0.69234384957453
11.114013064424446,2.9315965641314903,KAND,kandi,11.123456,2.954658,2727.269280203664,7079.457844,327.0,100.0,427.0,538.0,10,314.2488708496094,247.35137010511673,2.3673815937442577,304.2488708496094,-0.007026340202800931,5.431147368180394,-0.007095502944192678,5.596183585044481,-0.016024840944452164,0.5085763195338103,1,-1.0,-1.0,0,0,0,0,0,28.3,38.0,34.0,17.3,1009.3,kandi/KAND,275.9081341679291,87.4,87.3,0.946024375242859
11.131006276796773,2.9209402297843168,KAND,kandi,11.123456,2.954658,3776.842875863576,7079.457844,327.0,100.0,427.0,538.0,10,299.55621337890625,282.85889788606505,1.9326251655593178,289.55621337890625,-0.008927550007187767,12.33310316377405,-0.008595845629903174,12.297434628914534,0.009846092642360343,0.19934121086306603,1,-1.0,-1.0,0,0,3,1,0,30.7,25.0,24.0,16.6,1009.0,kandi/KAND,296.59233233508934,86.6,85.7,0.7101729979827093
11.141187434285408,2.9166550965800457,KAND,kandi,11.123456,2.954658,4591.400129015992,7079.457844,327.0,100.0,427.0,538.0,10,293.5588073730469,295.4360936223065,1.6647352309801868,283.5588073730469,-0.00866709745140254,13.406573484215285,-0.008712869415726635,13.398124500627564,-0.019988121309938642,0.6236908758541855,1,-1.0,-1.0,0,0,0,2,0,30.4,39.0,60.0,7.6,1009.9,kandi/KAND,312.10744640271304,82.2,82.9,0.3256571459237405
11.121089922840833,2.9293685747742195,KAND,kandi,11.123456,2.954658,2775.0438773659907,7079.457844,327.0,100.0,427.0,538.0,10,304.7957458496094,264.5557052860117,2.5214978595238065,294.7957458496094,-0.010096538867589745,9.243633873545981,-0.010206984135142544,9.356107623066212,-0.006219228108723959,0.27278470563059937,1,-1.0,-1.0,0,0,0,2,0,31.0,31.0,80.0,11.2,1011.0,kandi/KAND,310.39672140233506,87.2,85.1,0.7935855029430177
11.105930846936756,2.9322099382946796,KAND,kandi,11.123456,2.954658,3126.0146053721287,7079.457844,327.0,100.0,427.0,538.0,10,330.03228759765625,231.49566666102996,1.7767222572933523,320.03228759765625,-0.0010454256572420644,2.974621664571019,-0.0013263630417158026,2.982812653684855,-0.02724270290798611,1.0020418411337881,1,-1.0,-1.0,0,0,0,0,0,31.0,43.0,40.0,3.6,1008.2,kandi/KAND,330.0848336780301,86.1,86.8,0.9997144395939054
11.120497201560307,2.927764622306744,KAND,kandi,11.123456,2.954658,2956.0707549372764,7079.457844,327.0,100.0,427.0,538.0,10,303.2995300292969,263.6050001309418,2.3962153747545614,293.2995300292969,-0.010232025381060527,9.47871828218802,-0.009954622476407798,9.588532054603483,-0.005037943522135417,0.25430598147445904,1,-1.0,-1.0,0,0,3,1,0,31.0,31.0,80.0,11.2,1011.0,kandi/KAND,310.39672140233506,85.1,87.2,0.8179099097430612
11.133025918804817,2.911833437495912,KAND,kandi,11.123456,2.954658,4796.431112961373,7079.457844,327.0,100.0,427.0,538.0,10,302.1160888671875,282.83441044139806,1.4914640951062834,292.1160888671875,-0.00651358070408211,11.361681229925509,-0.006401514123987267,11.31040943591141,-0.0016883002387152778,0.08937131110703088,0,-1.0,4556.128952993368,0,3,0,0,0,27.9,27.0,25.0,15.8,1009.5,kandi/KAND,274.500104918019,81.6,86.9,0.019898506020516682
11.104621331192394,2.929582687033832,KAND,kandi,11.123456,2.954658,3441.6106142534995,7079.457844,327.0,100.0,427.0,538.0,10,327.4566345214844,232.5690764288572,1.6567316080186774,317.4566345214844,-0.0017010851873867751,3.009020161189456,-0.002058806436960841,3.022986808007286,-0.015085185524979757,0.28676271676428483,1,-1.0,-1.0,0,0,0,0,0,31.4,32.0,75.0,16.2,1012.0,kandi/KAND,349.9740403229864,80.7,86.3,0.7408956779439713
11.114031551507674,2.9370467499726245,KAND,kandi,11.123456,2.954658,2188.2047544872694,7079.457844,327.0,100.0,427.0,538.0,10,324.1788635253906,241.394757847492,2.6902816354088515,314.1788635253906,-0.004196895595399031,3.61131757607903,-0.00399608576868055,3.6468035222758695,-0.0033574122291665093,0.4605427110583253,1,-1.0,-1.0,0,0,0,0,0,33.3,38.0,28.0,15.5,1007.0,kandi/KAND,285.99656928073153,89.9,90.0,0.5071755248921737
11.129933133072058,2.9223755595161225,KAND,kandi,11.123456,2.954658,3598.5989446179087,7079.457844,327.0,100.0,427.0,538.0,10,300.1969909667969,281.55982226694096,2.0180833341352344,290.1969909667969,-0.009197215685743247,12.233944575923802,-0.009021847175111041,12.203132157015448,0.00316227520867874,0.08409988145171399,1,-1.0,-1.0,0,0,3,2,0,26.8,36.0,58.0,15.8,1010.5,kandi/KAND,296.59233233508934,85.7,86.6,0.9605418299637198
11.139648668134857,2.9243678247701794,KAND,kandi,11.123456,2.954658,3762.5572302670466,7079.457844,327.0,100.0,427.0,538.0,10,291.85504150390625,298.58602183814577,2.057087219939334,281.85504150390625,-0.010970988601603834,14.221824899160023,-0.010631553332010905,14.231048185744127,0.008930714925130208,0.40878649399593386,1,-1.0,-1.0,0,0,0,0,0,30.2,23.0,100.0,18.4,1012.1,kandi/KAND,262.99505261506863,84.6,83.8,0.8634850721098307
11.135045420602747,2.9324581461621912,KAND,kandi,11.123456,2.954658,2743.097382605536,7079.457844,327.0,100.0,427.0,538.0,10,292.4020080566406,298.01758041684354,2.809129796679636,282.4020080566406,-0.01482730810193048,12.942281809785676,-0.014424934116661127,13.126999938757937,0.002746836344401042,0.15652359802755755,1,-1.0,-1.0,0,0,0,4,0,25.1,38.0,70.0,13.7,1012.7,kandi/KAND,334.3661974542558,84.5,87.6,0.5884062199284723
11.132689299730622,2.921104924201588,KAND,kandi,11.123456,2.954658,3804.9808913605084,7079.457844,327.0,100.0,427.0,538.0,10,297.7986145019531,285.66981516680823,1.9447800584547767,287.7986145019531,-0.009324609951710139,12.778726649380012,-0.00912693230680717,12.749527580168191,0.002283732096354167,0.11540746014942115,1,-1.0,-1.0,0,0,0,2,0,30.0,38.0,28.0,18.0,1008.6,kandi/KAND,211.21815475956797,86.0,85.7,0.2379376683612644
11.134681136015443,2.9310206988717464,KAND,kandi,11.123456,2.954658,2865.1644240699816,7079.457844,327.0,100.0,427.0,538.0,10,293.4019775390625,295.82890586132686,2.669676628391162,283.4019775390625,-0.013878488768495926,13.183390113037165,-0.01331121998331284,13.311382275463522,0.006918781063132267,0.07033836259975658,1,-1.0,-1.0,0,0,2,5,0,33.4,16.0,49.0,20.9,1010.0,kandi/KAND,334.3661974542558,87.6,84.5,0.9038702494018935
11.134285387203846,2.923553470382557,KAND,kandi,11.123456,2.954658,3602.827794726964,7079.457844,327.0,100.0,427.0,538.0,10,294.8277282714844,289.53939402973253,2.100993774527818,284.8277282714844,-0.010605413263494318,13.400230951193207,-0.010635052501178466,13.408406387102588,-0.004817438867368707,0.1348080436577682,1,-1.0,-1.0,0,0,2,4,0,30.0,38.0,28.0,18.0,1008.6,kandi/KAND,261.51750763597073,84.7,80.0,0.27844169284945997
11.108183662366324,2.931604624243314,KAND,kandi,11.123456,2.954658,3032.583691685172,7079.457844,327.0,100.0,427.0,538.0,10,324.2582702636719,235.97723156377305,1.9403971638750388,314.2582702636719,-0.002963107239966298,3.2061004403423183,-0.0028868246232807435,3.2275392398848006,-0.004152086046006944,0.19256909605084882,1,-1.0,-1.0,0,0,0,0,0,31.0,43.0,40.0,3.6,1008.2,kandi/KAND,152.93749306281921,88.1,86.1,0.41090635006564913
11.133492757314842,2.919335685735163,KAND,kandi,11.123456,2.954658,4015.1525984787345,7079.457844,327.0,100.0,427.0,538.0,10,298.2142028808594,286.15405674051806,1.837129111830752,288.2142028808594,-0.008724829470430354,12.761539993937305,-0.00861075906192555,12.725657800948996,0.001285129123263889,0.053743787495018264,1,-1.0,-1.0,0,0,0,0,0,30.0,38.0,28.0,18.0,1008.6,kandi/KAND,367.47538693083294,86.0,87.5,0.6217019335916544
11.136452053880795,2.916645860832692,KAND,kandi,11.123456,2.954658,4394.225768131188,7079.457844,327.0,100.0,427.0,538.0,10,300.3167724609375,289.21434543730436,1.6513499173359336,290.3167724609375,-0.007484944661458333,12.968084494701777,-0.007371340075328579,12.902651205720296,-0.00082550048828125,0.05908685333498501,1,-1.0,-1.0,0,0,0,0,0,30.4,39.0,60.0,7.6,1009.9,kandi/KAND,335.4422938451181,82.8,79.8,0.11514517056264395
11.1412025029821,2.9159386426149774,KAND,kandi,11.123456,2.954658,4662.985241207869,7079.457844,327.0,100.0,427.0,538.0,10,293.2054443359375,295.04224822608444,1.6435309742992776,283.2054443359375,-0.008572635487613514,13.351305362482009,-0.008622754575833993,13.349734902117973,-0.007294209798177083,0.39111713069397747,0,-1.0,4410.679426553334,0,3,0,0,0,30.4,39.0,60.0,7.6,1009.9,kandi/KAND,215.05945643006783,82.2,85.5,0.10292363470319854
11.109049266683966,2.9317081976135295,KAND,kandi,11.123456,2.954658,2970.7473421615027,7079.457844,327.0,100.0,427.0,538.0,10,323.75543212890625,237.39301832632623,1.9904412677897245,313.75543212890625,-0.0032224328477502987,3.4177333884933923,-0.003290688888214795,3.4690727484988653,-0.004961398407571754,0.21278749273325984,1,-1.0,-1.0,0,0,0,0,0,31.0,43.0,40.0,3.6,1008.2,kandi/KAND,144.11587076282325,86.1,81.5,0.24977151839980016
11.129629745453801,2.9200396579049612,KAND,kandi,11.123456,2.954658,3842.897373380946,7079.457844,327.0,100.0,427.0,538.0,10,301.8917236328125,280.3046138281825,1.8646465608883434,291.8917236328125,-0.008122391417353037,11.892577458664974,-0.007971290880688462,11.864436775674577,0.0056848441719027296,0.2182478157571562,1,-1.0,-1.0,0,0,0,1,0,30.7,25.0,24.0,16.6,1009.0,kandi/KAND,303.403835341593,86.6,74.6,0.889831652587847
11.133739375243682,2.9181606238389213,KAND,kandi,11.123456,2.954658,4146.063467682097,7079.457844,327.0,100.0,427.0,538.0,10,299.8443908691406,286.02526451879936,1.756653480943007,289.8443908691406,-0.00802901380067821,12.6214203232096,-0.007822341055688832,12.590928670954424,0.013351650257090598,0.436741041024457,1,-1.0,-1.0,0,0,0,0,0,30.0,38.0,28.0,18.0,1008.6,kandi/KAND,367.47538693083294,86.0,87.5,0.9843753583576116
11.11712404464142,2.925366947872418,KAND,kandi,11.123456,2.954658,3275.602375255177,7079.457844,327.0,100.0,427.0,538.0,10,304.83319091796875,257.5784571618452,2.135912416435598,294.83319091796875,-0.008633996212121213,9.055598058079957,-0.008414789792258308,9.093633712011439,0.00294924578540095,0.1594185563584282,1,-1.0,-1.0,0,0,0,0,0,33.2,27.0,75.0,15.8,1010.6,kandi/KAND,277.74462035546526,85.9,88.5,0.1555443630347253
11.127524303649887,2.926682869099925,KAND,kandi,11.123456,2.954658,3088.9893463399676,7079.457844,327.0,100.0,427.0,538.0,10,298.46600341796875,278.43319537223744,2.382724180456048,288.46600341796875,-0.011274719486551428,12.153498488738501,-0.010894261920262898,12.176216363918225,0.008842637803819444,0.34635814569266793,1,-1.0,-1.0,0,0,1,7,0,35.7,22.0,60.0,14.8,1008.1,kandi/KAND,268.144848356337,81.0,82.6,0.3902008208395341
11.135726329113341,2.9166890484571506,KAND,kandi,11.123456,2.954658,4364.142857021291,7079.457844,327.0,100.0,427.0,538.0,10,300.4522399902344,288.2335681911379,1.6609496104123571,290.4522399902344,-0.007505282746058078,12.8115645496588,-0.007387309031443553,12.747451986444878,0.0012105305989583335,0.0573477974380575,1,-1.0,-1.0,0,0,0,0,0,30.4,39.0,60.0,7.6,1009.9,kandi/KAND,371.02901908073824,85.4,86.4,0.366652114969769
11.135175456768104,2.9329712618417108,KAND,kandi,11.123456,2.954658,2700.5448774167066,7079.457844,327.0,100.0,427.0,538.0,10,292.24798583984375,298.84608200735425,2.856580381127299,282.24798583984375,-0.015213969152322133,12.78298528301912,-0.014804192123867932,13.00279039739696,0.0022215446163140733,0.061649588176031424,1,-1.0,-1.0,0,0,0,1,0,33.4,16.0,49.0,20.9,1010.0,kandi/KAND,334.3661974542558,87.6,84.5,0.23586923229091405
11.141056029925036,2.917601542615768,KAND,kandi,11.123456,2.954658,4491.8186980460305,7079.457844,327.0,100.0,427.0,538.0,10,294.3863220214844,295.8333334022218,1.6910739525814897,284.3863220214844,-0.008752870423111906,13.480209630460116,-0.008523238332648026,13.457039547673494,-0.009199693467881945,0.3702763797602063,0,-1.0,4347.792447206879,0,1,0,0,0,30.4,39.0,60.0,7.6,1009.9,kandi/KAND,215.05945643006783,82.2,85.5,0.9645298527295145
11.13360228113532,2.910147577679191,KAND,kandi,11.123456,2.954658,4990.165897773459,7079.457844,327.0,100.0,427.0,538.0,10,301.15093994140625,283.0833158229209,1.4446597630409086,291.15093994140625,-0.006387200152733746,11.250549844622785,-0.006383036436713695,11.228648551203847,-0.002857484032355799,0.12502097232351886,1,-1.0,-1.0,0,0,0,0,0,27.9,27.0,25.0,15.8,1009.5,kandi/KAND,274.500104918019,86.9,81.6,0.25964858085090126
11.127266280063397,2.928007850448099,KAND,kandi,11.123456,2.954658,2941.6431202546632,7079.457844,327.0,100.0,427.0,538.0,10,297.0,278.2929301172734,2.530425246907249,287.0,-0.012230767144097224,12.020052414288168,-0.012043060302734377,12.060240486964068,0.0038848876953125,0.14684762499861218,1,-1.0,-1.0,0,0,0,4,0,33.0,34.0,28.0,16.2,1007.9,kandi/KAND,174.81002316812828,82.6,87.2,0.9957851923507842
11.118845796188513,2.924321145888752,KAND,kandi,11.123456,2.954658,3353.085447288769,7079.457844,327.0,100.0,427.0,538.0,10,303.0980529785156,261.1991631926253,2.1162091818453894,293.0980529785156,-0.008979556195937117,9.858201914970198,-0.008565656925263992,9.917565616667739,0.012004019587364143,0.24067755319177925,1,-1.0,-1.0,0,0,0,1,0,33.2,27.0,75.0,15.8,1010.6,kandi/KAND,277.74462035546526,85.9,88.5,0.9606267215148337
11.133278726624882,2.9217776350363422,KAND,kandi,11.123456,2.954658,3752.596232060312,7079.457844,327.0,100.0,427.0,538.0,10,296.74700927734375,286.9368939281363,1.9879441441626102,286.74700927734375,-0.009676817232969575,12.98916937731998,-0.009583351829503688,12.98068410612729,0.002617760832260485,0.09246838761626382,1,-1.0,-1.0,0,0,0,5,0,30.0,38.0,28.0,18.0,1008.6,kandi/KAND,207.50766443665174,84.7,86.0,0.7454553355106127
11.137775425675319,2.906270389877201,KAND,kandi,11.123456,2.954658,5518.044863273355,7079.457844,327.0,100.0,427.0,538.0,10,298.6268005371094,286.78824067251355,1.3327031940513545,288.6268005371094,-0.006287225938496562,11.67890518182375,-0.0063702574749364945,11.642983852973723,-0.009893300685645942,0.29825767050338864,1,-1.0,-1.0,0,0,0,1,0,28.4,37.0,100.0,3.6,1009.9,kandi/KAND,212.6801711490994,78.5,81.9,0.21453888129918686
11.139821961014569,2.922420342883903,KAND,kandi,11.123456,2.954658,3959.6696575485216,7079.457844,327.0,100.0,427.0,538.0,10,295.4350280761719,297.36016649620615,1.903023768264663,285.4350280761719,-0.009561063102529063,14.141606556729359,-0.009415014466243005,14.105434897383986,0.005125257703993055,0.1944333380815309,1,-1.0,-1.0,0,0,0,0,0,32.0,21.0,67.0,18.4,1011.9,kandi/KAND,262.99505261506863,83.8,84.6,0.9617191169903317
11.113932424230365,2.931631578952605,KAND,kandi,11.123456,2.954658,2727.1697465586076,7079.457844,327.0,100.0,427.0,538.0,10,314.2488708496094,247.14654750987782,2.3674678978729893,304.2488708496094,-0.007027496834079762,5.404816199086602,-0.006908282755096327,5.56229603414387,-0.010221015082465278,0.3784999737023235,1,-1.0,-1.0,0,0,0,0,0,28.3,38.0,34.0,17.3,1009.3,kandi/KAND,275.9081341679291,87.4,87.3,0.9813928814190174
11.131245986193818,2.92025051978204,KAND,kandi,11.123456,2.954658,3856.1947751393163,7079.457844,327.0,100.0,427.0,538.0,10,300.2640686035156,282.99643614705667,1.8823792971102116,290.2640686035156,-0.008462555062686361,12.299359922600384,-0.008908300005261568,12.256284982202125,-0.010713499977003868,0.2868540118680393,1,-1.0,-1.0,0,0,2,7,0,25.9,36.0,63.0,14.4,1011.3,kandi/KAND,217.3248474057293,74.6,85.7,0.8802065207583228
