Rx_lat,Rx_lon,Tx_id,City,Tx_lat,Tx_lon,Distance,Tx_power,Tx_alt,Tx_antenna_height,Tx_height,Freq,Rx_antenna_height,Rx_height,Azimut_Tx_Rx,Tilt_Tx_Rx,Rx_alt,Slope_Tx_Rx,Roughness_Tx_Rx,Slope_Tx_Rx_50m,Roughness_Tx_Rx_50m,Slope_Local_Rx_50m,Roughness_Local_Rx_50m,LOS,First_building_m,First_tree_m,Fresnel_buildings,Fresnel_trees,Buildings_near_Rx,Trees_near_Rx,Environment,Temp,Rhum,Wdir,Wspd,Pres,stratum,pair_dist,y_a,y_b,lam
6.378508815098534,2.3515886161664525,ABCA,cotonou,6.4302,2.3471,5737.957060272939,21238.37353,17.0,150.0,167.0,570.0,10,14.117422580718994,175.06772358379772,1.526232145265906,4.117422580718994,-0.0019262766672505276,3.540298796608089,-0.001899649701202995,3.5316998473059815,0.002396058266288177,0.07960223562348298,0,5438.9853497176355,5461.983173606505,2,1,1,5,1,32.0,41.0,10.0,11.2,1010.0,cotonou/ABCA,390.776757083828,70.7,74.3,0.5230638924619143
6.377231968190096,2.3515668517305133,ABCA,cotonou,6.4302,2.3471,5878.441068349012,21238.37353,17.0,150.0,167.0,570.0,10,14.20168924331665,175.2092765260379,1.4889538496943675,4.20168924331665,-0.0018732776618009047,3.5094564041629925,-0.0018678731355916346,3.49252536240471,-0.0012492681047146842,0.030444384131874048,1,-1.0,-1.0,0,0,2,5,1,30.0,52.0,20.0,13.0,1011.0,cotonou/ABCA,390.776757083828,74.3,70.7,0.11419550854996519
6.37939806261338,2.3547719821104627,ABCA,cotonou,6.4302,2.3471,5681.839385007222,21238.37353,17.0,150.0,167.0,570.0,10,12.798988580703735,171.46460660183754,1.5545844193652334,2.7989885807037354,-0.002177857474276894,3.380114934955798,-0.002152320281503076,3.3713418757361246,0.0016413045111769895,0.05330627054324077,1,-1.0,-1.0,0,0,0,6,1,31.3,40.0,44.0,11.1,1009.1,cotonou/ABCA,129.29475120989903,73.3,76.2,0.9124440951957629
6.379649426177942,2.3537417378610894,ABCA,cotonou,6.4302,2.3471,5638.372872441813,21238.37353,17.0,150.0,167.0,570.0,10,13.240586280822754,172.56072188131236,1.5620787786004473,3.240586280822754,-0.0021227287062516448,3.426605491778765,-0.0020397835486084363,3.409056985606886,0.0038380408465687778,0.10268729320687128,1,-1.0,-1.0,0,0,0,16,1,32.0,41.0,10.0,11.2,1010.0,cotonou/ABCA,371.72406814317804,76.2,70.7,0.33278683613539195
6.377566591479212,2.3515725555365776,ABCA,cotonou,6.4302,2.3471,5841.620970253516,21238.37353,17.0,150.0,167.0,570.0,10,14.230043888092041,175.17283815375367,1.4980566352265396,4.230043888092041,-0.0018775383661606448,3.5180012888357886,-0.0018631280779636853,3.501042059638089,-0.0003333674536810981,0.014601065003439903,1,-1.0,-1.0,0,0,0,5,1,32.0,41.0,10.0,11.2,1010.0,cotonou/ABCA,390.776757083828,70.7,74.3,0.7907410570420037
6.383955800512917,2.3567103304635046,ABCA,cotonou,6.4302,2.3471,5223.403421392615,21238.37353,17.0,150.0,167.0,570.0,10,12.758829593658447,168.33084012886638,1.6913878039637817,2.7588295936584473,-0.002372180302937825,3.4668206366722654,-0.0023598976659052295,3.4573058819145652,0.0002860864003499349,0.012332641863531012,1,-1.0,-1.0,0,0,0,14,1,31.3,40.0,44.0,11.1,1009.1,cotonou/ABCA,340.0678431422958,79.4,81.1,0.9053367527791866
6.377554576994926,2.351572350744232,ABCA,cotonou,6.4302,2.3471,5842.9429360569175,21238.37353,17.0,150.0,167.0,570.0,10,14.230043888092041,175.17415440466993,1.4977178543158878,4.230043888092041,-0.0018775112800925651,3.5180012888357886,-0.0018724758892911836,3.5010200639807376,-0.000947207064186816,0.020901974256413137,1,-1.0,-1.0,0,0,0,5,1,30.0,52.0,20.0,13.0,1011.0,cotonou/ABCA,390.776757083828,74.3,70.7,0.20584573719481558
6.383745023613793,2.35395190801428,ABCA,cotonou,6.4302,2.3471,5192.989458634551,21238.37353,17.0,150.0,167.0,570.0,10,12.196823358535767,171.66089739332597,1.7074833039625024,2.1968233585357666,-0.0024934775527866407,3.5184348055723973,-0.002462491398765927,3.5085012474890216,0.0016925017038981118,0.06422777291371239,1,-1.0,-1.0,0,0,1,6,1,31.3,40.0,44.0,11.1,1009.1,cotonou/ABCA,382.1302966248984,73.3,79.4,0.9779481217038042
6.380412593852585,2.3541774059770297,ABCA,cotonou,6.4302,2.3471,5561.286937090234,21238.37353,17.0,150.0,167.0,570.0,10,12.879146099090576,171.9589120552655,1.58744099088145,2.879146099090576,-0.002196256166146267,3.4069648081128925,-0.002186299824071765,3.397917286976006,0.0017105335503879583,0.055594349388811366,1,-1.0,-1.0,0,0,0,2,1,32.0,41.0,10.0,11.2,1010.0,cotonou/ABCA,317.5550729640992,70.7,73.3,0.8941978940663303
6.3920575639747765,2.3672474917348207,ABCA,cotonou,6.4302,2.3471,4770.771079474224,21238.37353,17.0,150.0,167.0,570.0,10,13.831446170806885,152.30326964428855,1.8388847606214358,3.8314461708068848,-0.002385435376837942,3.207801073320911,-0.002331449115463099,3.196830165934119,0.002420948149671759,0.06564150727472252,1,-1.0,-1.0,0,0,1,3,1,33.0,44.0,10.0,11.2,1008.0,cotonou/ABCA,307.08506585455837,65.5,66.0,0.5661261830359754
6.382882668161607,2.354088870350804,ABCA,cotonou,6.4302,2.3471,5289.546097177317,21238.37353,17.0,150.0,167.0,570.0,10,12.462743520736694,171.64937557437372,1.673454487735398,2.4627435207366943,-0.002344233544535391,3.48907282462543,-0.0023541495663988686,3.4793171678135844,0.003965790655012877,0.12916555380965283,1,-1.0,-1.0,0,0,0,9,1,31.3,40.0,44.0,11.1,1009.1,cotonou/ABCA,382.1302966248984,73.3,79.4,0.7243141651785086
6.380109318595486,2.3545687661155754,ABCA,cotonou,6.4302,2.3471,5600.716978917558,21238.37353,17.0,150.0,167.0,570.0,10,12.838192224502563,171.5711550835449,1.5766894269497431,2.8381922245025635,-0.002201043457541338,3.3934970982961157,-0.002170953086234064,3.3756640854213242,0.0012262900670369466,0.04671526901704233,1,-1.0,-1.0,0,0,0,10,1,31.3,40.0,44.0,11.1,1009.1,cotonou/ABCA,129.29475120989903,73.3,76.2,0.2773941111732715
6.37648262195325,2.3502428582394037,ABCA,cotonou,6.4302,2.3471,5950.66854514018,21238.37353,17.0,150.0,167.0,570.0,10,14.226481437683105,176.67226317693678,1.4706507974069964,4.2264814376831055,-0.0018485772275890241,3.555548061731901,-0.0018389429923912073,3.5468134182116615,-0.0007507845893183492,0.0267268539630941,1,-1.0,-1.0,0,0,1,8,1,30.0,52.0,20.0,13.0,1011.0,cotonou/ABCA,208.9278317199207,74.3,70.6,0.7237042640639514
6.392031915405551,2.367620070950947,ABCA,cotonou,6.4302,2.3471,4792.664255110385,21238.37353,17.0,150.0,167.0,570.0,10,13.913839340209961,151.88497260931626,1.829506356510434,3.913839340209961,-0.0023522038434380804,3.2115837281043795,-0.002309964468449722,3.201519395300495,0.0010239786571926543,0.04174891598070742,1,-1.0,-1.0,0,0,0,1,1,33.0,44.0,10.0,11.2,1008.0,cotonou/ABCA,307.08506585455837,65.5,66.0,0.4311337134250588
6.377975727291304,2.3515795294424655,ABCA,cotonou,6.4302,2.3471,5796.605223638974,21238.37353,17.0,150.0,167.0,570.0,10,14.20832109451294,175.12765678811866,1.5098995687354182,4.2083210945129395,-0.0018907998435685723,3.5252005597840648,-0.0018774514156318063,3.516699479055301,0.0006348620600637731,0.02385425541742195,0,5436.495480286653,-1.0,3,0,1,5,1,30.0,52.0,20.0,13.0,1011.0,cotonou/ABCA,390.776757083828,74.3,70.7,0.32549070775679045
6.376684498464736,2.3510083066787906,ABCA,cotonou,6.4302,2.3471,5933.950354797371,21238.37353,17.0,150.0,167.0,570.0,10,14.191477298736572,175.84877994847147,1.475130113177251,4.191477298736572,-0.0018569500493116416,3.5421711915804157,-0.0018532688780201576,3.524965472733776,-0.00136492095770505,0.029332132687776204,1,-1.0,-1.0,0,0,2,3,1,28.4,51.0,15.0,14.8,1011.3,cotonou/ABCA,208.9278317199207,70.6,74.3,0.6968718015333134
6.383877469174632,2.355112371162488,ABCA,cotonou,6.4302,2.3471,5198.8433736626075,21238.37353,17.0,150.0,167.0,570.0,10,12.951696872711182,170.24635564953087,1.697249778915571,2.9516968727111816,-0.0023488657684618487,3.503195703388818,-0.0023260280873944788,3.4935628938045773,0.0009395207746219098,0.03990471972958182,1,-1.0,-1.0,0,0,0,14,1,31.3,40.0,44.0,11.1,1009.1,cotonou/ABCA,340.0678431422958,79.4,81.1,0.3831278308783803
6.377870107577552,2.3515777291064355,ABCA,cotonou,6.4302,2.3471,5808.2258304622765,21238.37353,17.0,150.0,167.0,570.0,10,14.23169231414795,175.1393875691224,1.506649695493653,4.231692314147949,-0.0018833975608772847,3.52584137753247,-0.001867811614964284,3.508838481499033,0.0004791339238484701,0.022702249455243628,0,5435.754434520807,-1.0,3,0,1,5,1,32.0,41.0,10.0,11.2,1010.0,cotonou/ABCA,390.776757083828,70.7,74.3,0.704514892740968
6.391978209330184,2.3684002223615233,ABCA,cotonou,6.4302,2.3471,4839.328626104519,21238.37353,17.0,150.0,167.0,570.0,10,14.069230079650879,151.02136692255135,1.8100387959072355,4.069230079650879,-0.0022929107210763688,3.187629148626161,-0.0022669242037092596,3.183498464043689,0.0014234737330325183,0.04562730835912013,1,-1.0,-1.0,0,0,0,4,1,33.0,44.0,10.0,11.2,1008.0,cotonou/ABCA,307.08506585455837,66.0,65.5,0.851529841131666
6.380065639675865,2.3524812055530924,ABCA,cotonou,6.4302,2.3471,5576.133188922698,21238.37353,17.0,150.0,167.0,570.0,10,13.27737808227539,173.9112273274162,1.5791278506111872,3.2773780822753906,-0.002129179826628744,3.5079921085577546,-0.002080062306519096,3.4895449422046427,0.004827597406175402,0.17920879843900742,1,-1.0,-1.0,0,0,1,12,1,32.0,41.0,10.0,11.2,1010.0,cotonou/ABCA,371.72406814317804,70.7,76.2,0.27081935631838794
6.383117902365333,2.3540515096243295,ABCA,cotonou,6.4302,2.3471,5263.207257166058,21238.37353,17.0,150.0,167.0,570.0,10,12.357170820236206,171.65247663288164,1.6829724969721145,2.357170820236206,-0.0024124982089942927,3.4988575077309685,-0.0023876465661695385,3.4793455926039183,0.0014837265014648437,0.0798998082762478,1,-1.0,-1.0,0,0,2,5,1,31.3,40.0,44.0,11.1,1009.1,cotonou/ABCA,382.1302966248984,79.4,73.3,0.20649930431369157
6.381509244060071,2.354307002413989,ABCA,cotonou,6.4302,2.3471,5443.326748394992,21238.37353,17.0,150.0,167.0,570.0,10,12.732073783874512,171.63186823308774,1.6233704447457231,2.7320737838745117,-0.0022805618223258406,3.4402270815370564,-0.0022581064182779064,3.421586179811818,0.00036603212356567383,0.017738715010490503,1,-1.0,-1.0,0,0,4,10,1,31.3,40.0,44.0,11.1,1009.1,cotonou/ABCA,382.1302966248984,73.3,79.4,0.3203659000208129
6.376553399676073,2.3505112237717753,ABCA,cotonou,6.4302,2.3471,5944.665650486467,21238.37353,17.0,150.0,167.0,570.0,10,14.20145559310913,176.3840821779686,1.472376244770951,4.201455593109131,-0.001894203842625985,3.547174094096288,-0.0018396813377014045,3.538503648123125,-0.0008534610554327187,0.026874893594740167,1,-1.0,-1.0,0,0,2,5,1,28.4,51.0,15.0,14.8,1011.3,cotonou/ABCA,208.9278317199207,70.6,74.3,0.4237493251511286
6.383929263569838,2.356168976824694,ABCA,cotonou,6.4302,2.3471,5214.423136828186,21238.37353,17.0,150.0,167.0,570.0,10,13.170172929763794,168.97776316921556,1.6897831412217454,3.170172929763794,-0.0023021941937547918,3.467855871364927,-0.0023105333738143562,3.4495854598700104,-0.0008804773853982691,0.035577658623929184,1,-1.0,-1.0,0,0,0,15,1,31.3,40.0,44.0,11.1,1009.1,cotonou/ABCA,340.0678431422958,79.4,81.1,0.7284237989194653
6.383885622626268,2.355278701575868,ABCA,cotonou,6.4302,2.3471,5201.12439022813,21238.37353,17.0,150.0,167.0,570.0,10,13.133420467376709,170.04616862739977,1.6945057430472845,3.133420467376709,-0.0023140528192922075,3.4629387706912356,-0.0023056974300971677,3.453523360970259,0.0021254757836317363,0.08999575813009238,1,-1.0,-1.0,0,0,0,15,1,31.3,40.0,44.0,11.1,1009.1,cotonou/ABCA,340.0678431422958,79.4,81.1,0.43748417512021487
6.382777788805988,2.3541055276602254,ABCA,cotonou,6.4302,2.3471,5301.289294838376,21238.37353,17.0,150.0,167.0,570.0,10,12.462743520736694,171.6480028836711,1.6697496211295781,2.4627435207366943,-0.0023904417197960505,3.48907282462543,-0.002312937477553048,3.4696392107421254,0.00483479010428839,0.12899318582889172,1,-1.0,-1.0,0,0,0,11,1,31.3,40.0,44.0,11.1,1009.1,cotonou/ABCA,382.1302966248984,73.3,79.4,0.6934672958787266
6.383804311333115,2.3539424917294465,ABCA,cotonou,6.4302,2.3471,5186.351110156099,21238.37353,17.0,150.0,167.0,570.0,10,12.132371187210083,171.66170526935377,1.7103789226847879,2.132371187210083,-0.0025203092479522057,3.52837658283288,-0.002462491398765927,3.5085012474890216,0.0016925017038981118,0.06422777291371239,1,-1.0,-1.0,0,0,1,7,1,31.3,40.0,44.0,11.1,1009.1,cotonou/ABCA,382.1302966248984,73.3,79.4,0.9953856862104131
6.380403640036583,2.3538115786375235,ABCA,cotonou,6.4302,2.3471,5556.714833896025,21238.37353,17.0,150.0,167.0,570.0,10,12.962517023086548,172.37088011013566,1.5878874945542183,2.962517023086548,-0.002099472633341225,3.445236093990812,-0.002168791085443315,3.4360852953814263,0.0020719454279260596,0.07300566842195318,1,-1.0,-1.0,0,0,0,5,1,31.3,40.0,44.0,11.1,1009.1,cotonou/ABCA,317.5550729640992,73.3,70.7,0.2337137631036731
6.379553652493434,2.3540317953055996,ABCA,cotonou,6.4302,2.3471,5653.1376026874,21238.37353,17.0,150.0,167.0,570.0,10,13.24838137626648,172.25420641010805,1.5579220452888178,3.2483813762664795,-0.0020790379825108072,3.398967893407809,-0.002070051670906639,3.381630234316485,0.002665698528289795,0.12384440380589994,1,-1.0,-1.0,0,0,0,15,1,32.0,41.0,10.0,11.2,1010.0,cotonou/ABCA,371.72406814317804,70.7,76.2,0.7584261967294689
6.392049410398556,2.367365933157818,ABCA,cotonou,6.4302,2.3471,4777.702972888385,21238.37353,17.0,150.0,167.0,570.0,10,13.831446170806885,152.16988304930214,1.8362185796939403,3.8314461708068848,-0.0023711104194323223,3.2033112284485776,-0.002338676538302297,3.198296782042425,0.001007399730006557,0.04321139821444947,1,-1.0,-1.0,0,0,0,1,1,33.0,44.0,10.0,11.2,1008.0,cotonou/ABCA,307.08506585455837,66.0,65.5,0.476787376021111
6.383882725014784,2.3552195903015947,ABCA,cotonou,6.4302,2.3471,5200.306390722825,21238.37353,17.0,150.0,167.0,570.0,10,12.951696872711182,170.11729223893406,1.6967725659498105,2.9516968727111816,-0.0023488657684618487,3.474379364534205,-0.002305807976294697,3.4651061530378855,0.002119027255442549,0.09313586830438761,1,-1.0,-1.0,0,0,0,14,1,31.3,40.0,44.0,11.1,1009.1,cotonou/ABCA,340.0678431422958,79.4,81.1,0.4181667652269564
6.376541203585392,2.350464980261277,ABCA,cotonou,6.4302,2.3471,5945.689167148204,21238.37353,17.0,150.0,167.0,570.0,10,14.20145559310913,176.43378174330053,1.4721228950960432,4.201455593109131,-0.0018790682559444987,3.5452254637157927,-0.0018394885353860135,3.5365532329425577,-0.0008406075677399994,0.026874893594740167,1,-1.0,-1.0,0,0,2,5,1,30.0,52.0,20.0,13.0,1011.0,cotonou/ABCA,208.9278317199207,74.3,70.6,0.6016591971004758
6.380225932663959,2.3519957467891532,ABCA,cotonou,6.4302,2.3471,5553.013144432789,21238.37353,17.0,150.0,167.0,570.0,10,13.068317174911499,174.43926360868954,1.5878546492694126,3.068317174911499,-0.002176426345729486,3.5404332621364114,-0.0020739142583593036,3.531022751153163,0.00623257494540131,0.18957277116246385,1,-1.0,-1.0,0,0,0,12,1,32.0,41.0,10.0,11.2,1010.0,cotonou/ABCA,371.72406814317804,70.7,76.2,0.11815936765827217
6.383922695101463,2.3560349800698344,ABCA,cotonou,6.4302,2.3471,5212.304431941508,21238.37353,17.0,150.0,167.0,570.0,10,13.26603078842163,169.13822261879477,1.6894168158828717,3.266030788421631,-0.002278771626986324,3.4679907849479767,-0.002316296478410411,3.4496462934731116,-0.0019017944510689166,0.05981244750588086,1,-1.0,-1.0,0,0,0,14,1,31.3,40.0,44.0,11.1,1009.1,cotonou/ABCA,340.0678431422958,81.1,79.4,0.31536599025021983
6.377794308629451,2.351576437078911,ABCA,cotonou,6.4302,2.3471,5816.565616112403,21238.37353,17.0,150.0,167.0,570.0,10,14.23169231414795,175.14777737791064,1.5044904563089783,4.231692314147949,-0.0018859050131971734,3.5261493300974016,-0.0018777237278782232,3.5091101085213525,-0.00040622700394290644,0.013155233194688533,0,5443.559404257499,-1.0,2,0,0,6,1,30.0,52.0,20.0,13.0,1011.0,cotonou/ABCA,390.776757083828,74.3,70.7,0.27395131518481874
6.3803772698672425,2.352734168861622,ABCA,cotonou,6.4302,2.3471,5544.94482459402,21238.37353,17.0,150.0,167.0,570.0,10,13.058180093765259,173.58777945373708,1.5902685796759108,3.058180093765259,-0.0021779960455363644,3.4880522258207622,-0.002136474369681455,3.469481358615495,0.0043506807751125766,0.16071912148432163,1,-1.0,-1.0,0,0,0,2,1,31.3,40.0,44.0,11.1,1009.1,cotonou/ABCA,317.5550729640992,73.3,70.7,0.6104304679644429
6.380365749362512,2.3522634739540704,ABCA,cotonou,6.4302,2.3471,5540.600284691067,21238.37353,17.0,150.0,167.0,570.0,10,13.046741008758545,174.1209024622093,1.5916331139662774,3.046741008758545,-0.002179627691196473,3.5250204137223595,-0.0021216752057406987,3.5062422200851087,0.004204686482747396,0.16553434728152905,1,-1.0,-1.0,0,0,0,8,1,32.0,41.0,10.0,11.2,1010.0,cotonou/ABCA,317.5550729640992,70.7,73.3,0.22499089303164854
6.380353317357892,2.351755537765322,ABCA,cotonou,6.4302,2.3471,5536.45795831473,21238.37353,17.0,150.0,167.0,570.0,10,13.11434006690979,174.69707418220787,1.5921243159629326,3.11434006690979,-0.002149887073255306,3.577935346504692,-0.002125877662563494,3.5588536163230686,0.004428184032440186,0.2036121647602729,0,5447.697109283631,5347.841154123646,1,4,0,11,1,32.0,41.0,10.0,11.2,1010.0,cotonou/ABCA,317.5550729640992,70.7,73.3,0.04739082703567343
6.380374474976063,2.3544930071496966,ABCA,cotonou,6.4302,2.3471,5570.479648096628,21238.37353,17.0,150.0,167.0,570.0,10,12.793106079101562,171.611670064156,1.5857069425751715,2.7931060791015625,-0.002225555742922486,3.403163357043711,-0.002194075170138203,3.3851429995116327,0.0005203564961751302,0.022987846822466025,1,-1.0,-1.0,0,0,0,2,1,31.3,40.0,44.0,11.1,1009.1,cotonou/ABCA,129.29475120989903,73.3,76.2,0.04064734280142546
6.380167485406767,2.354552147026638,ABCA,cotonou,6.4302,2.3471,5594.083635881177,21238.37353,17.0,150.0,167.0,570.0,10,12.793106079101562,171.58000528687228,1.5790195169191978,2.7931060791015625,-0.002213844938499192,3.3940614965709783,-0.002170953086234064,3.376228223417717,0.0009342670440673828,0.04990053130129801,1,-1.0,-1.0,0,0,0,7,1,32.0,41.0,10.0,11.2,1010.0,cotonou/ABCA,129.29475120989903,76.2,73.3,0.7745405417566957
6.382744990770378,2.3541107367599987,ABCA,cotonou,6.4302,2.3471,5304.961646551366,21238.37353,17.0,150.0,167.0,570.0,10,12.462743520736694,171.64757485940981,1.668594393132885,2.4627435207366943,-0.0023952845661597646,3.48907282462543,-0.0023214608179927976,3.4696392107421254,0.004326230791383321,0.12899318582889172,1,-1.0,-1.0,0,0,0,9,1,31.3,40.0,44.0,11.1,1009.1,cotonou/ABCA,382.1302966248984,73.3,79.4,0.6838208148172836
6.392111416826772,2.366465208200583,ABCA,cotonou,6.4302,2.3471,4725.64864138881,21238.37353,17.0,150.0,167.0,570.0,10,13.5597083568573,153.19391574080726,1.8597221624504785,3.5597083568573,-0.002458453128106483,3.241102675413887,-0.0023970338702201843,3.228340465445935,0.001932777961095174,0.08985377318819687,1,-1.0,-1.0,0,0,1,9,1,33.0,44.0,10.0,11.2,1008.0,cotonou/ABCA,307.08506585455837,65.5,66.0,0.8495622461655604
6.392011334704554,2.367919032712788,ABCA,cotonou,6.4302,2.3471,4810.416137493675,21238.37353,17.0,150.0,167.0,570.0,10,13.971653699874878,151.55206938703145,1.8220715732643027,3.971653699874878,-0.002327354551595684,3.1896575822355118,-0.00229675645217979,3.1851985303137966,0.001097693433758892,0.03884086617011129,1,-1.0,-1.0,0,0,0,2,1,33.0,44.0,10.0,11.2,1008.0,cotonou/ABCA,307.08506585455837,66.0,65.5,0.6771857655029101
6.3803614789801575,2.3544967202913836,ABCA,cotonou,6.4302,2.3471,5571.961591341694,21238.37353,17.0,150.0,167.0,570.0,10,12.793106079101562,171.60967407774785,1.5852854162663599,2.7931060791015625,-0.0022255929466571136,3.403163357043711,-0.002194075170138203,3.3851429995116327,0.0005203564961751302,0.022987846822466025,1,-1.0,-1.0,0,0,0,3,1,31.3,40.0,44.0,11.1,1009.1,cotonou/ABCA,129.29475120989903,73.3,76.2,0.05225091057365017
6.37788201695474,2.3515779321071832,ABCA,cotonou,6.4302,2.3471,5806.915511720088,21238.37353,17.0,150.0,167.0,570.0,10,14.23169231414795,175.13806718854119,1.5069895111966218,4.231692314147949,-0.0018827496367703426,3.52584137753247,-0.001867811614964284,3.508838481499033,0.0004791339238484701,0.022702249455243628,0,5434.5281442350315,-1.0,3,0,1,5,1,32.0,41.0,10.0,11.2,1010.0,cotonou/ABCA,390.776757083828,70.7,74.3,0.7011315469487692
6.378755419273798,2.3515928196467124,ABCA,cotonou,6.4302,2.3471,5710.82885054636,21238.37353,17.0,150.0,167.0,570.0,10,14.117422580718994,175.03958227131716,1.533478768108324,4.117422580718994,-0.0018870990728886618,3.5483972061449927,-0.00191633986752895,3.5396437553204323,0.00403099866125266,0.13825491563765244,0,5436.15972747399,-1.0,3,0,2,5,1,30.0,52.0,20.0,13.0,1011.0,cotonou/ABCA,390.776757083828,74.3,70.7,0.5469941118744472
6.391957259368193,2.3687045481251903,ABCA,cotonou,6.4302,2.3471,4857.827901876323,21238.37353,17.0,150.0,167.0,570.0,10,14.104713439941406,150.6889773680685,1.8027323834449496,4.104713439941406,-0.002284487402894579,3.1931493779830604,-0.002250532406132395,3.185043389515403,0.0008101198408338758,0.030154014292326423,1,-1.0,-1.0,0,0,0,3,1,33.0,44.0,10.0,11.2,1008.0,cotonou/ABCA,307.08506585455837,66.0,65.5,0.9617927989821082
6.380366085111038,2.352277191679546,ABCA,cotonou,6.4302,2.3471,5540.720020700678,21238.37353,17.0,150.0,167.0,570.0,10,13.046741008758545,174.105353936965,1.5915987361647825,3.046741008758545,-0.0021798382020805046,3.523994815409315,-0.0021216752057406987,3.505224036699328,0.004204686482747396,0.16553434728152905,1,-1.0,-1.0,0,0,0,7,1,32.0,41.0,10.0,11.2,1010.0,cotonou/ABCA,317.5550729640992,70.7,73.3,0.22978730054053498
6.380684553062327,2.354437982748925,ABCA,cotonou,6.4302,2.3471,5535.6666480916265,21238.37353,17.0,150.0,167.0,570.0,10,12.791360139846802,171.6218224611714,1.5956921396864445,2.7913601398468018,-0.0022322509159875413,3.4123393943089466,-0.002213844938499192,3.394156612161001,0.0003756443659464518,0.018638641547067684,1,-1.0,-1.0,0,0,1,2,1,31.3,40.0,44.0,11.1,1009.1,cotonou/ABCA,382.1302966248984,73.3,79.4,0.07780972421372756
6.380232837339542,2.3545334750458453,ABCA,cotonou,6.4302,2.3471,5586.631063252069,21238.37353,17.0,150.0,167.0,570.0,10,12.793106079101562,171.58997378119125,1.5811248623502216,2.7931060791015625,-0.002213844938499192,3.3941301394717867,-0.0021800375648026527,3.3851827981453564,0.0014000464305362864,0.04557981617722967,1,-1.0,-1.0,0,0,0,5,1,32.0,41.0,10.0,11.2,1010.0,cotonou/ABCA,129.29475120989903,76.2,73.3,0.832890481734338
6.3797734108604995,2.354664739754143,ABCA,cotonou,6.4302,2.3471,5639.026522485241,21238.37353,17.0,150.0,167.0,570.0,10,12.903472185134888,171.52045315765872,1.5653205236603505,2.9034721851348877,-0.002181276543920875,3.400609235833267,-0.002168917102050556,3.382783940301008,0.00013062753212551688,0.03820186543175349,1,-1.0,-1.0,0,0,0,13,1,32.0,41.0,10.0,11.2,1010.0,cotonou/ABCA,129.29475120989903,76.2,73.3,0.4226882683030935
6.379793466698789,2.353305500855096,ABCA,cotonou,6.4302,2.3471,5616.47693975145,21238.37353,17.0,150.0,167.0,570.0,10,13.365445137023926,173.0247122649631,1.5668927562136334,3.365445137023926,-0.0021005906111805153,3.434059400935644,-0.0020700330666974316,3.425276344309289,0.003175926208496094,0.11687078343684658,1,-1.0,-1.0,0,0,0,15,1,32.0,41.0,10.0,11.2,1010.0,cotonou/ABCA,371.72406814317804,76.2,70.7,0.46996828456103745
6.379617007734904,2.354709426361456,ABCA,cotonou,6.4302,2.3471,5656.865468034611,21238.37353,17.0,150.0,167.0,570.0,10,12.732263565063477,171.49707988114756,1.5621195298596546,2.7322635650634766,-0.0022314915326282158,3.3918417025713308,-0.0021613816732303425,3.374173160629783,-8.444190025329594e-05,0.03463236531149263,1,-1.0,-1.0,0,0,0,13,1,31.3,40.0,44.0,11.1,1009.1,cotonou/ABCA,129.29475120989903,73.3,76.2,0.7169573795497921
6.3810418960102915,2.3543812282807184,ABCA,cotonou,6.4302,2.3471,5495.655262767298,21238.37353,17.0,150.0,167.0,570.0,10,12.748028755187988,171.62613395985852,1.6077549842087817,2.7480287551879883,-0.002258106418277906,3.4215613870808648,-0.0022367931793400345,3.41236103768901,0.0007388917207814249,0.021878499886377037,1,-1.0,-1.0,0,0,2,9,1,31.3,40.0,44.0,11.1,1009.1,cotonou/ABCA,382.1302966248984,73.3,79.4,0.18291059126222897
6.381953486278,2.3542364462970236,ABCA,cotonou,6.4302,2.3471,5393.585424165545,21238.37353,17.0,150.0,167.0,570.0,10,12.704104900360107,171.63742200532488,1.6386304194863937,2.7041049003601074,-0.0023147420090503888,3.4599687638732743,-0.002280750201982748,3.4410112762017766,0.0008862364671847731,0.01877098379394591,1,-1.0,-1.0,0,0,2,13,1,31.3,40.0,44.0,11.1,1009.1,cotonou/ABCA,382.1302966248984,73.3,79.4,0.45102537588236
6.380142441969915,2.3522486043196844,ABCA,cotonou,6.4302,2.3471,5564.995786595914,21238.37353,17.0,150.0,167.0,570.0,10,13.310178279876709,174.16368314963324,1.5819491591577208,3.310178279876709,-0.0020723906973917046,3.5131957455390124,-0.0020769659509050084,3.494692014488494,0.004724431037902831,0.23222673418271278,1,-1.0,-1.0,0,0,0,11,1,32.0,41.0,10.0,11.2,1010.0,cotonou/ABCA,371.72406814317804,76.2,70.7,0.80232568563382
6.392027124007995,2.3676896723049152,ABCA,cotonou,6.4302,2.3471,4796.782480149054,21238.37353,17.0,150.0,167.0,570.0,10,13.913839340209961,151.80725140302224,1.8279367199247671,3.913839340209961,-0.002353158422326936,3.211868607149209,-0.002309964468449722,3.2020584141466855,0.001023978657192654,0.038257860039517935,1,-1.0,-1.0,0,0,0,1,1,33.0,44.0,10.0,11.2,1008.0,cotonou/ABCA,307.08506585455837,66.0,65.5,0.5940841684476167
6.377170838201685,2.351565809742074,ABCA,cotonou,6.4302,2.3471,5885.167732799663,21238.37353,17.0,150.0,167.0,570.0,10,14.20168924331665,175.21588393685192,1.4872527610528086,4.20168924331665,-0.0018631280779636853,3.501516176020044,-0.0018647520864775945,3.4930386522649863,-0.001043278863188023,0.030444384131874048,1,-1.0,-1.0,0,0,2,3,1,32.0,41.0,10.0,11.2,1010.0,cotonou/ABCA,390.776757083828,70.7,74.3,0.9031709654302932
6.376765382718816,2.351314992808845,ABCA,cotonou,6.4302,2.3471,5927.601833307708,21238.37353,17.0,150.0,167.0,570.0,10,14.16728162765503,175.5175612125788,1.4769430115616202,4.167281627655029,-0.0018648291008357474,3.51974187305527,-0.0018443121910095214,3.5027624443786953,-0.000666487216949463,0.0316008355680417,1,-1.0,-1.0,0,0,2,5,1,28.4,51.0,15.0,14.8,1011.3,cotonou/ABCA,208.9278317199207,70.6,74.3,0.8653806642004553
6.38392897557066,2.3561631016414624,ABCA,cotonou,6.4302,2.3471,5214.329373239478,21238.37353,17.0,150.0,167.0,570.0,10,13.170172929763794,168.98479593373952,1.6898135091291129,3.170172929763794,-0.002302112334914879,3.4679198644552804,-0.0023107473124774087,3.4496482760481757,-0.0008930284536306838,0.035577658623929184,1,-1.0,-1.0,0,0,0,15,1,31.3,40.0,44.0,11.1,1009.1,cotonou/ABCA,340.0678431422958,81.1,79.4,0.27349619560055716
6.3775489256973925,2.3515722544152964,ABCA,cotonou,6.4302,2.3471,5843.564755094465,21238.37353,17.0,150.0,167.0,570.0,10,14.230043888092041,175.17477332853014,1.4975585533765496,4.230043888092041,-0.0018774996855426935,3.5180012888357886,-0.0018719743186419223,3.5010200639807376,-0.0009142705915519996,0.020901974256413137,1,-1.0,-1.0,0,0,0,5,1,32.0,41.0,10.0,11.2,1010.0,cotonou/ABCA,390.776757083828,70.7,74.3,0.7957597450589267
6.379967951276661,2.352777061847828,ABCA,cotonou,6.4302,2.3471,5590.457096590562,21238.37353,17.0,150.0,167.0,570.0,10,13.227154970169067,173.5915742593263,1.5755981794574065,3.2271549701690674,-0.0021364743696814553,3.469294567952262,-0.0020551551516855408,3.4603891663086057,0.006261344831225803,0.20795451462368947,1,-1.0,-1.0,0,0,1,11,1,32.0,41.0,10.0,11.2,1010.0,cotonou/ABCA,371.72406814317804,76.2,70.7,0.636144073010176
6.3764081228902505,2.3499603826255338,ABCA,cotonou,6.4302,2.3471,5957.151474413743,21238.37353,17.0,150.0,167.0,570.0,10,14.2510666847229,176.97495814073466,1.4688147436883576,4.2510666847229,-0.0018361322444487656,3.5598512935422026,-0.0018277615061644493,3.542356000386109,-0.0006656209627787272,0.031915075970302194,1,-1.0,-1.0,0,0,0,10,1,28.4,51.0,15.0,14.8,1011.3,cotonou/ABCA,208.9278317199207,70.6,74.3,0.12108935468868476
6.392000088456794,2.368082399259191,ABCA,cotonou,6.4302,2.3471,4820.185304246206,21238.37353,17.0,150.0,167.0,570.0,10,14.021753787994385,151.37118593000832,1.8177863037462862,4.021753787994385,-0.0023141290564969294,3.1973827143218023,-0.002274760049301179,3.1884636116299845,0.0009977261225382486,0.04009658207956761,1,-1.0,-1.0,0,0,0,4,1,33.0,44.0,10.0,11.2,1008.0,cotonou/ABCA,307.08506585455837,65.5,66.0,0.263623456814848
6.383933066347774,2.356246553494597,ABCA,cotonou,6.4302,2.3471,5215.668659016338,21238.37353,17.0,150.0,167.0,570.0,10,13.170172929763794,168.88492504518456,1.6893798482278484,3.170172929763794,-0.002303220702553279,3.4682136182037877,-0.002307965258282976,3.449958201673481,-0.0007298146075573488,0.035577658623929184,1,-1.0,-1.0,0,0,0,17,1,31.3,40.0,44.0,11.1,1009.1,cotonou/ABCA,340.0678431422958,79.4,81.1,0.7537756518289568
6.38384310777424,2.3544113985944954,ABCA,cotonou,6.4302,2.3471,5189.9379823889,21238.37353,17.0,150.0,167.0,570.0,10,12.319981575012207,171.09182544198347,1.7071282089830124,2.319981575012207,-0.0024829769962135453,3.5096440219610443,-0.00238009495363968,3.4896012328390085,0.00547958912250384,0.174268116762606,1,-1.0,-1.0,0,0,2,10,1,31.3,40.0,44.0,11.1,1009.1,cotonou/ABCA,340.0678431422958,81.1,79.4,0.8459481717335485
6.380187120853714,2.3521132911287514,ABCA,cotonou,6.4302,2.3471,5558.567237428402,21238.37353,17.0,150.0,167.0,570.0,10,13.068317174911499,174.31100888249375,1.586268883741768,3.068317174911499,-0.002176426345729486,3.5362089923369986,-0.002084570986027234,3.5268266123817806,0.005568305587433661,0.18957277116246385,1,-1.0,-1.0,0,0,0,13,1,32.0,41.0,10.0,11.2,1010.0,cotonou/ABCA,371.72406814317804,70.7,76.2,0.155122996462709
6.381426082666873,2.354320210399967,ABCA,cotonou,6.4302,2.3471,5452.63824601638,21238.37353,17.0,150.0,167.0,570.0,10,12.732073783874512,171.63083981999125,1.6205996865217631,2.7320737838745117,-0.002284392728426976,3.4402270815370564,-0.002236171991218773,3.4215916884995243,0.0017216579025006167,0.02866948006856423,1,-1.0,-1.0,0,0,5,13,1,31.3,40.0,44.0,11.1,1009.1,cotonou/ABCA,382.1302966248984,79.4,73.3,0.7040933332727152
6.380055000287642,2.3545842856321024,ABCA,cotonou,6.4302,2.3471,5606.9115605419165,21238.37353,17.0,150.0,167.0,570.0,10,12.838192224502563,171.56290933803575,1.5749483598053229,2.8381922245025635,-0.0022042110300917565,3.3947322647948406,-0.002145010699491468,3.37692339558212,0.0028606604318204922,0.06938036937675797,1,-1.0,-1.0,0,0,0,12,1,31.3,40.0,44.0,11.1,1009.1,cotonou/ABCA,129.29475120989903,73.3,76.2,0.32589260031936207
6.379492689259107,2.354216426815275,ABCA,cotonou,6.4302,2.3471,5662.620840442936,21238.37353,17.0,150.0,167.0,570.0,10,13.120643138885498,172.05993174805053,1.5566057966954907,3.120643138885498,-0.002125753405619307,3.3926736973623988,-0.0020647526440003643,3.375227499918385,0.003870978438754407,0.07895266782060882,1,-1.0,-1.0,0,0,0,16,1,32.0,41.0,10.0,11.2,1010.0,cotonou/ABCA,371.72406814317804,76.2,70.7,0.18351358010210328
6.39196872810176,2.3685379496797023,ABCA,cotonou,6.4302,2.3471,4847.680402498569,21238.37353,17.0,150.0,167.0,570.0,10,14.104713439941406,150.87062741635248,1.8065034895584486,4.104713439941406,-0.0022792586516690583,3.1915940080605387,-0.0022537042454975403,3.183186280277528,0.0007274111111958821,0.03404558216698769,1,-1.0,-1.0,0,0,0,2,1,33.0,44.0,10.0,11.2,1008.0,cotonou/ABCA,307.08506585455837,65.5,66.0,0.09856895662949927
6.3794105772766025,2.3547684064923993,ABCA,cotonou,6.4302,2.3471,5680.411853683199,21238.37353,17.0,150.0,167.0,570.0,10,12.798988580703735,171.4664550482987,1.554974906639877,2.7989885807037354,-0.002177857474276894,3.380114934955798,-0.0021518663230483156,3.3713418757361246,0.0016702065327967473,0.05330627054324077,1,-1.0,-1.0,0,0,0,7,1,32.0,41.0,10.0,11.2,1010.0,cotonou/ABCA,129.29475120989903,76.2,73.3,0.09872971125243535
6.38224593051011,2.3541899992719237,ABCA,cotonou,6.4302,2.3471,5360.840785933447,21238.37353,17.0,150.0,167.0,570.0,10,12.680118799209595,171.6411342233347,1.6488900047605946,2.6801187992095947,-0.00232826262673747,3.4699866180855836,-0.0022974665340737173,3.450868373350203,0.0012147140758244168,0.03323886730329354,1,-1.0,-1.0,0,0,1,13,1,31.3,40.0,44.0,11.1,1009.1,cotonou/ABCA,382.1302966248984,79.4,73.3,0.4629616146735781
6.380814782418974,2.354417299262869,ABCA,cotonou,6.4302,2.3471,5521.084974355346,21238.37353,17.0,150.0,167.0,570.0,10,12.76371955871582,171.62338650865138,1.600190936375515,2.7637195587158203,-0.002255188880736142,3.421541340537557,-0.00222557163368429,3.4032115734965114,0.000511752365952257,0.0190170859895281,1,-1.0,-1.0,0,0,1,3,1,31.3,40.0,44.0,11.1,1009.1,cotonou/ABCA,382.1302966248984,73.3,79.4,0.11611247616880516
6.380392420124696,2.3533531650947532,ABCA,cotonou,6.4302,2.3471,5551.3970423505425,21238.37353,17.0,150.0,167.0,570.0,10,12.96747374534607,172.88801956302518,1.5893566643179127,2.9674737453460693,-0.002206034948168625,3.46006862004058,-0.00214967791409416,3.4416782470133547,0.0033282650841606983,0.12780252688478203,1,-1.0,-1.0,0,0,0,6,1,32.0,41.0,10.0,11.2,1010.0,cotonou/ABCA,317.5550729640992,70.7,73.3,0.6060017813822466
6.3578474946033445,2.401787864852365,COTO,cotonou,6.352268,2.402957,630.4374968539845,21238.37353,9.0,100.0,109.0,570.0,10,14.490571975708008,348.236144035693,8.525770647183498,4.490571975708008,0.001187243244864724,0.3448353380032949,0.0011189512584520423,0.34037467645328695,-2.153184678819445e-05,0.004767840755241663,1,-1.0,-1.0,0,0,0,0,1,31.4,69.0,240.0,16.6,1010.7,cotonou/COTO,392.92902527041525,68.1,62.4,0.5455638440119805
6.357231924114688,2.4035172308089736,COTO,cotonou,6.352268,2.402957,552.438179819798,21238.37353,9.0,100.0,109.0,570.0,10,14.52785348892212,6.399914846645913,9.704248322331193,4.527853488922119,0.0013190311390843053,0.4448124773033553,0.001248310104249016,0.42558632970796795,-0.001038515567779541,0.04862384802146788,1,-1.0,-1.0,0,0,1,7,1,31.4,69.0,240.0,16.6,1010.7,cotonou/COTO,329.0564998598276,68.1,66.4,0.17321271643959468
6.363590459716284,2.36996338245698,COTO,cotonou,6.352268,2.402957,3859.1695225530216,21238.37353,9.0,100.0,109.0,570.0,10,11.655951976776123,289.0513611175874,1.4449276322285953,1.655951976776123,-0.0005363046767933548,1.1369336076238314,-0.0005331579358826462,1.163661523435356,-0.0010361591974894207,0.04956889916679059,0,-1.0,3611.687709483489,0,3,2,6,1,30.0,55.0,310.0,7.6,1013.0,cotonou/COTO,248.21595536951256,59.4,62.5,0.05550739511749925
6.369147708200505,2.4004457539929143,COTO,cotonou,6.352268,2.402957,1887.2554518973413,21238.37353,9.0,100.0,109.0,570.0,10,13.032515287399292,351.58948047685993,2.91099962039585,3.032515287399292,-0.000357652724181856,0.6138372406750328,-0.00045292291885767227,0.6499654593321748,-0.0024485773510403105,0.10735290082758403,1,-1.0,-1.0,0,0,2,14,1,31.7,72.0,200.0,14.8,1010.3,cotonou/COTO,390.0382688916548,86.5,69.0,0.90609691139326
6.377985365361135,2.374746063408413,COTO,cotonou,6.352268,2.402957,4222.60286535167,21238.37353,9.0,100.0,109.0,570.0,10,11.771234154701233,312.5306073248578,1.319047492587317,1.771234154701233,-0.0004566392479729556,1.1560034488113293,-0.0004442094288645209,1.1589777362005296,0.0004452934298231468,0.0074807552058830514,1,-1.0,-1.0,0,0,0,1,1,31.0,63.0,200.0,16.6,1007.0,cotonou/COTO,74.10445128334986,81.4,85.6,0.663491623226438
6.364387656831473,2.3729002447575183,COTO,cotonou,6.352268,2.402957,3585.392409786295,21238.37353,9.0,100.0,109.0,570.0,10,11.764094591140747,292.08511241454744,1.5534817663662237,1.764094591140747,-0.0005379936924036761,1.216112786518587,-0.0005460168820261304,1.2381310289842724,-0.0004171103239059448,0.02352338325879142,1,-1.0,-1.0,0,0,2,8,1,31.0,63.0,180.0,9.4,1011.0,cotonou/COTO,320.12677113920535,60.5,66.8,0.41961870163568693
6.379620330448428,2.369929231064182,COTO,cotonou,6.352268,2.402957,4743.647947184098,21238.37353,9.0,100.0,109.0,570.0,10,12.200788021087646,309.80626518312056,1.1690194415197226,2.2007880210876465,-8.658135262373569e-05,1.1389177290445696,-0.00024599282337129226,1.1361346086316433,0.004493319515175232,0.13645823920671918,1,-1.0,-1.0,0,0,2,9,1,30.0,70.0,210.0,16.6,1007.0,cotonou/COTO,333.8960444509769,78.2,66.5,0.7552915892007435
6.3632625717626246,2.3602461633755287,COTO,cotonou,6.352268,2.402957,4879.415224142913,21238.37353,9.0,100.0,109.0,570.0,10,11.662776827812195,284.5235307362056,1.1428157304834667,1.6627768278121948,-0.0004172962092872995,1.2618319370290016,-0.00040729354126284827,1.2711219815299801,0.00036114851633707677,0.017828458411289078,0,-1.0,4605.620381906437,0,1,1,0,1,33.0,48.0,210.0,9.4,1011.2,cotonou/COTO,275.55065323816524,67.2,65.7,0.3402567034158932
6.366569833396497,2.4124518163306585,COTO,cotonou,6.352268,2.402957,1898.6927283980144,21238.37353,9.0,100.0,109.0,570.0,10,14.512200832366943,33.416418274766045,2.848954738582267,4.512200832366943,0.00041937989493211116,0.42960129980269945,0.0003840200971891319,0.42809897746333603,-0.0009935797374632852,0.03234730251297492,1,-1.0,-1.0,0,0,5,2,1,32.0,63.0,180.0,14.8,1011.0,cotonou/COTO,381.8464534337698,67.6,65.5,0.7637139356286603
6.363604700855894,2.3662757665037626,COTO,cotonou,6.352268,2.402957,4247.620881553149,21238.37353,9.0,100.0,109.0,570.0,10,11.519999980926514,287.2762932764432,1.3146682657192157,1.5199999809265137,-0.0005132303451803669,1.2165179288348185,-0.0005059581111978602,1.236741630679037,-0.00012827118237813316,0.006525687266524407,1,-1.0,-1.0,0,0,1,3,1,30.1,50.0,198.0,11.1,1009.1,cotonou/COTO,309.4591612797848,58.0,63.0,0.5894889974918166
6.364073087415754,2.3697160054451913,COTO,cotonou,6.352268,2.402957,3902.5957259674747,21238.37353,9.0,100.0,109.0,570.0,10,11.605924487113953,289.66539463148337,1.4295898965888982,1.6059244871139526,-0.0005346226328201876,1.1948865360720968,-0.0005429391251435593,1.2072546488039921,-0.0007704732354764914,0.024845405607917242,1,-1.0,-1.0,0,0,3,2,1,30.0,55.0,310.0,7.6,1013.0,cotonou/COTO,248.21595536951256,59.4,62.5,0.29803387726341934
6.364610236197355,2.409916623122812,COTO,cotonou,6.352268,2.402957,1567.1211908361486,21238.37353,9.0,100.0,109.0,570.0,10,15.131577491760254,29.266669053103044,3.4278434574452814,5.131577491760254,0.000895966074001864,0.4564267448308467,0.0007644156975623056,0.45150553864892656,-0.003604614085419025,0.12100144437806162,1,-1.0,-1.0,0,0,5,4,1,32.0,63.0,180.0,14.8,1011.0,cotonou/COTO,343.10493220009766,58.8,67.6,0.752952466929405
6.380452389440534,2.3750798362190677,COTO,cotonou,6.352268,2.402957,4384.910733353062,21238.37353,9.0,100.0,109.0,570.0,10,12.126367330551147,315.4927261694923,1.265601030770572,2.1263673305511475,-0.0003584181640694201,1.1685015066960376,-0.0003346258558574462,1.1662996587423773,0.0009404150861506569,0.03110055362025307,1,-1.0,-1.0,0,0,0,4,1,32.1,54.0,211.0,13.0,1008.6,cotonou/COTO,389.1226866940447,70.5,81.4,0.4028101051070634
6.352004645362756,2.391072005969563,COTO,cotonou,6.352268,2.402957,1315.2853414158922,21238.37353,9.0,100.0,109.0,570.0,10,14.670651912689209,268.72343316723055,4.10210290187566,4.670651912689209,0.0007388101019899892,0.2937164121631462,0.0007827366048544376,0.29572637603108565,0.0019122115143367809,0.06713813281264068,1,-1.0,-1.0,0,0,4,10,1,31.8,66.0,200.0,14.8,1010.6,cotonou/COTO,384.59858190063676,65.2,54.4,0.6319696596569655
6.357482301553762,2.411796423737446,COTO,cotonou,6.352268,2.402957,1135.334413016752,21238.37353,9.0,100.0,109.0,570.0,10,15.328262329101562,59.30874322441059,4.7165544939849875,5.3282623291015625,0.0014174725216958626,0.46816882648352154,0.0013259953260421754,0.46827202281315145,-0.0006273428599039714,0.023559742023870758,1,-1.0,-1.0,0,0,1,3,1,32.0,67.0,210.0,18.4,1012.0,cotonou/COTO,390.090387602657,65.5,58.7,0.5877816315478254
6.364537295399489,2.3707038228951918,COTO,cotonou,6.352268,2.402957,3817.7171403928564,21238.37353,9.0,100.0,109.0,570.0,10,11.60999310016632,290.9466479176027,1.461299045114771,1.6099931001663208,-0.0005460933161278565,1.2396979205684295,-0.000555880110205965,1.2507632974122374,-0.0006892343546571431,0.022019200878653486,1,-1.0,-1.0,0,0,1,7,1,30.0,55.0,310.0,7.6,1013.0,cotonou/COTO,265.7076628552334,59.4,62.4,0.5260176116859391
6.372211789935465,2.354783078647184,COTO,cotonou,6.352268,2.402957,5768.198719301029,21238.37353,9.0,100.0,109.0,570.0,10,13.24733829498291,292.61737879829235,0.9510281821527644,3.24733829498291,-7.938741608193085e-05,1.361933403498991,-9.055724422862592e-05,1.358436870548247,-0.0010487350889765911,0.03402998524347287,0,-1.0,5363.615642796948,0,6,3,1,1,29.5,69.0,210.0,9.4,1009.5,cotonou/COTO,249.20674248494376,51.6,58.6,0.781071719939312
6.379147831318095,2.3767906325197616,COTO,cotonou,6.352268,2.402957,4149.3623765342,21238.37353,9.0,100.0,109.0,570.0,10,11.897907972335815,315.949120081587,1.3405733893237906,1.8979079723358154,-0.0004338329644511929,1.1763054033896967,-0.0004181251361883537,1.1758882170199894,0.0009504463643378709,0.0292440820455162,1,-1.0,-1.0,0,0,0,6,1,31.0,63.0,200.0,16.6,1007.0,cotonou/COTO,310.99815111988335,81.4,85.6,0.13885542619064306
6.351407510631146,2.414963921928996,COTO,cotonou,6.352268,2.402957,1331.8576787952634,21238.37353,9.0,100.0,109.0,570.0,10,15.611904621124268,94.12372508341502,4.010939291064945,5.611904621124268,0.0011743605330240998,0.6978677627254101,0.001301338148455248,0.7062247488438921,-0.004470721880594889,0.2247767298377327,1,-1.0,-1.0,0,0,1,13,1,29.8,77.0,200.0,11.2,1012.0,cotonou/COTO,285.3045504368927,58.1,75.1,0.04138368798270198
6.356841609904478,2.4032248429936023,COTO,cotonou,6.352268,2.402957,506.65321374420046,21238.37353,9.0,100.0,109.0,570.0,10,14.618048667907715,3.331007876487945,10.552396667830335,4.618048667907715,0.0017528896511869586,0.4404134308235301,0.0013461013971573566,0.42255668733421725,-0.0030245162898526363,0.084753939758688,1,-1.0,-1.0,0,0,0,8,1,31.4,69.0,240.0,16.6,1010.7,cotonou/COTO,392.92902527041525,68.1,62.4,0.050054140137088976
6.384906240506757,2.368861656391128,COTO,cotonou,6.352268,2.402957,5220.8524646467795,21238.37353,9.0,100.0,109.0,570.0,10,13.316671133041382,313.9282473950831,1.0499506113127228,3.316671133041382,-7.577187184186485e-05,1.1046122546136838,-0.00011592879322871617,1.0986431603418678,-0.004257926342474385,0.10485916206136181,0,-1.0,4823.272517439209,0,8,2,13,1,33.0,28.0,70.0,11.2,1010.0,cotonou/COTO,282.2544702923159,68.0,57.6,0.4647100860936615
6.357947092659234,2.3741026400496628,COTO,cotonou,6.352268,2.402957,3253.6349185387344,21238.37353,9.0,100.0,109.0,570.0,10,13.353137016296387,281.20329654724605,1.6838348228656692,3.3531370162963867,-0.00011536477600352042,0.6753467388169572,-0.0001570303518850882,0.6894922279571528,-0.001538163423538208,0.08828773751670947,1,-1.0,-1.0,0,0,5,7,1,32.4,63.0,230.0,7.6,1010.7,cotonou/COTO,370.9625978450856,53.0,62.1,0.15415599314684658
6.373608737326904,2.360394110597235,COTO,cotonou,6.352268,2.402957,5267.372671070755,21238.37353,9.0,100.0,109.0,570.0,10,13.550983667373657,296.7733419400353,1.0381318479616926,3.5509836673736572,-1.0299059850376424e-05,1.3420393786833302,5.9284154280065665e-06,1.3355508576602984,0.002624561744414739,0.10257866221349152,1,-1.0,-1.0,0,0,1,13,1,31.0,75.0,200.0,18.4,1008.0,cotonou/COTO,349.29744130181854,76.5,63.4,0.7317972356158672
6.379258495607404,2.3619982620782096,COTO,cotonou,6.352268,2.402957,5426.268050808354,21238.37353,9.0,100.0,109.0,570.0,10,11.717385053634644,303.548881134382,1.0270937853198405,1.7173850536346436,-0.0003692868358297605,1.1761610212049005,-0.0003827262228738198,1.179348132468343,-0.0019976377487182615,0.07672737537536435,0,-1.0,5045.6680873248015,0,3,0,1,1,29.5,80.0,200.0,7.6,1009.5,cotonou/COTO,233.1422818794881,78.1,78.2,0.356991214808582
6.381192730346795,2.364251699188513,COTO,cotonou,6.352268,2.402957,5345.051214256801,21238.37353,9.0,100.0,109.0,570.0,10,13.272240400314331,306.94327292625246,1.0260351261126306,3.272240400314331,-8.095922416814876e-05,1.1062535078928877,-8.338831089161059e-05,1.1032443107056376,-0.0010774056116739908,0.04024741969749223,0,5055.8400263110425,5109.397653708405,2,4,3,12,1,34.0,32.0,222.0,5.4,1009.0,cotonou/COTO,367.6178566119935,55.8,78.2,0.4361082703514808
6.354062107209958,2.3948215268233612,COTO,cotonou,6.352268,2.402957,921.7192990509418,21238.37353,9.0,100.0,109.0,570.0,10,15.086692810058594,282.51120659089923,5.817748452287986,5.086692810058594,0.0014906444028522992,0.5041126994529669,0.0014587207274003463,0.5088987254191812,0.0008983665042453341,0.036782347090752766,1,-1.0,-1.0,0,0,0,13,1,31.0,71.0,240.0,9.4,1011.0,cotonou/COTO,392.28725444494233,62.9,70.0,0.1410094768907103
6.365475746598794,2.3666877463622833,COTO,cotonou,6.352268,2.402957,4270.358731584835,21238.37353,9.0,100.0,109.0,570.0,10,11.474552869796753,290.1254734365127,1.3082801017891734,1.474552869796753,-0.000520381949720405,1.3371694877117166,-0.000516993441371437,1.3446075019419141,6.0961014986860495e-05,0.0029532147790639284,1,-1.0,-1.0,0,0,2,3,1,30.1,50.0,198.0,11.1,1009.1,cotonou/COTO,167.19783760562936,58.0,66.1,0.4497653692541146
6.374743425051368,2.3574714810375355,COTO,cotonou,6.352268,2.402957,5612.7675284704665,21238.37353,9.0,100.0,109.0,570.0,10,13.70859169960022,296.43843889369714,0.9726522622533954,3.7085916996002197,2.837350182498757e-07,1.3176124640906948,-2.252634318686389e-05,1.3144407149835622,-0.002094983574189033,0.054835055655556596,0,-1.0,4971.629754677247,0,4,0,2,1,31.5,72.0,200.0,11.2,1008.3,cotonou/COTO,315.24390842648114,63.4,72.1,0.8594728240595298
6.355538197282364,2.3917251709848157,COTO,cotonou,6.352268,2.402957,1294.244974509225,21238.37353,9.0,100.0,109.0,570.0,10,15.887485027313232,286.32877922403054,4.114969247201474,5.887485027313232,0.0016518890857696532,0.6639635059490265,0.0014900992692394846,0.6672101598909804,-0.001620161296931541,0.054434691719238766,1,-1.0,-1.0,0,0,3,7,1,31.0,71.0,240.0,9.4,1011.0,cotonou/COTO,249.61182844569544,68.3,57.1,0.6109297098188718
6.366078129655508,2.417687519686144,COTO,cotonou,6.352268,2.402957,2233.516520969118,21238.37353,9.0,100.0,109.0,570.0,10,14.414307117462158,46.66976222076511,2.4249316159022363,4.414307117462158,0.00031436252593994144,0.4124098639221044,-0.00014044718339457698,0.4202797869386317,-0.009315537617529242,0.09634740024627574,1,-1.0,-1.0,0,0,7,7,1,33.0,63.0,248.0,13.0,1011.0,cotonou/COTO,337.6225164292086,61.6,57.9,0.031243349275799304
6.364654064151041,2.3694182183748436,COTO,cotonou,6.352268,2.402957,3955.445303578933,21238.37353,9.0,100.0,109.0,570.0,10,11.560539245605469,290.38649898742733,1.4111536190082627,1.5605392456054688,-0.0005420333809322782,1.2420404988998974,-0.0005404045629264111,1.2631255586279244,-0.0002886017163594564,0.01074399437725564,1,-1.0,-1.0,0,0,1,1,1,30.0,55.0,310.0,7.6,1013.0,cotonou/COTO,248.21595536951256,59.4,62.5,0.5899819854473891
6.365030552573788,2.3708127206331273,COTO,cotonou,6.352268,2.402957,3826.2397325545126,21238.37353,9.0,100.0,109.0,570.0,10,11.548173904418945,291.778354205169,1.4589706522052717,1.5481739044189453,-0.0005621920650204022,1.28450963668911,-0.0005586173901191123,1.3043229150108397,-0.0005834798018137615,0.026202935618837818,1,-1.0,-1.0,0,0,0,4,1,30.0,55.0,310.0,7.6,1013.0,cotonou/COTO,263.8369831922563,62.5,66.8,0.7847275468083723
6.374893588873975,2.356255627546601,COTO,cotonou,6.352268,2.402957,5740.905629311762,21238.37353,9.0,100.0,109.0,570.0,10,13.526496887207031,295.9907695608745,0.9527633652847762,3.5264968872070312,-3.133585883511442e-05,1.3210940717499318,-3.860425043188437e-05,1.3177768642263445,-0.0010033289591471354,0.0372870242203856,0,5545.323674004548,5211.68386789224,1,12,0,5,1,31.0,63.0,210.0,16.6,1009.0,cotonou/COTO,241.37076977131866,58.3,72.1,0.5970633855302284
6.372487537186771,2.393584841710902,COTO,cotonou,6.352268,2.402957,2464.7643586804,21238.37353,9.0,100.0,109.0,570.0,10,12.23787522315979,335.2666468056904,2.2481726507552335,2.23787522315979,-0.0005900065104166667,0.8990284015044308,-0.0005755964056365548,0.9087323553974566,4.029991229772222e-05,0.01599989071971636,1,-1.0,-1.0,0,0,0,3,1,33.0,67.0,190.0,20.5,1010.0,cotonou/COTO,361.2210155846181,82.1,76.9,0.3591044315529669
6.3618019195389,2.360874964527115,COTO,cotonou,6.352268,2.402957,4773.822291558322,21238.37353,9.0,100.0,109.0,570.0,10,11.815474152565002,282.84388238744725,1.1662550005208348,1.8154741525650024,-0.00039406610031922655,1.1664464485645651,-0.00040999280717436665,1.1730517178312978,-0.0009972982815263556,0.028482272192609685,1,-1.0,-1.0,0,0,0,4,1,33.0,48.0,210.0,9.4,1011.2,cotonou/COTO,234.36776676836976,67.2,61.2,0.7167849096170508
6.365479744505306,2.3713198231811257,COTO,cotonou,6.352268,2.402957,3793.0025339357853,21238.37353,9.0,100.0,109.0,570.0,10,11.555829644203186,292.793264608389,1.4716341053649538,1.555829644203186,-0.0005790160187544704,1.3181195919155348,-0.0005664421298399143,1.3360547592351735,-0.0009637524684270223,0.045349383140679725,1,-1.0,-1.0,0,0,1,3,1,33.0,49.0,210.0,16.6,1009.0,cotonou/COTO,64.38956825449732,66.8,62.4,0.9823181125962646
6.347935761228994,2.3866855861318355,COTO,cotonou,6.352268,2.402957,1862.943902055623,21238.37353,9.0,100.0,109.0,570.0,10,13.38232684135437,255.00395345621234,2.938191489973121,3.38232684135437,-0.00017178020780048668,0.40888543578979103,-0.0004094921847883619,0.42198080614499034,-0.004019656818609784,0.14317316700031826,1,-1.0,-1.0,0,0,5,11,1,31.0,75.0,200.0,18.4,1008.0,cotonou/COTO,288.9775799261479,72.8,69.3,0.46810688025516667
6.350050119832024,2.4130941385765623,COTO,cotonou,6.352268,2.402957,1148.0862681117972,21238.37353,9.0,100.0,109.0,570.0,10,14.821142673492432,102.41443647247968,4.6895397000132695,4.821142673492432,0.0009522660165770441,0.28898461605542874,0.0006705838354727222,0.27713825875322107,0.0001181760262126305,0.13593260171047988,1,-1.0,-1.0,0,0,0,2,1,30.0,75.0,180.0,20.5,1011.0,cotonou/COTO,285.3045504368927,75.1,58.1,0.05968200796266332
6.354787826119905,2.394316810406099,COTO,cotonou,6.352268,2.402957,995.7404918712083,21238.37353,9.0,100.0,109.0,570.0,10,15.45411491394043,286.35440678754264,5.366959757254021,5.45411491394043,0.001759583093565417,0.5870775874060212,0.0017262168378569822,0.5937087643690738,0.0020164412850417995,0.06200204271621068,1,-1.0,-1.0,0,0,1,10,1,32.6,66.0,210.0,11.2,1010.9,cotonou/COTO,279.6517178563703,57.1,62.9,0.8141983438244345
6.369496874351856,2.399613916985285,COTO,cotonou,6.352268,2.402957,1940.874748404649,21238.37353,9.0,100.0,109.0,570.0,10,12.643436431884766,349.08497343296784,2.8421696758738,2.6434364318847656,-0.0005645766281630421,0.6915509474111204,-0.0005990783966595853,0.734005229830409,-0.0024184756808810766,0.09361709394800755,1,-1.0,-1.0,0,0,1,13,1,31.7,72.0,200.0,14.8,1010.3,cotonou/COTO,390.0382688916548,86.5,69.0,0.6493570942237683
6.350712136598197,2.391004518364859,COTO,cotonou,6.352268,2.402957,1333.5776205602722,21238.37353,9.0,100.0,109.0,570.0,10,14.096488952636719,262.53883936767056,4.070568528635705,4.096488952636719,0.000291959712055094,0.32829160808614305,0.0003145128277176661,0.3236742300637453,0.0010687907536824544,0.04727821640885325,1,-1.0,-1.0,0,0,1,5,1,31.8,66.0,200.0,14.8,1010.6,cotonou/COTO,253.66596638093372,65.2,73.7,0.6553414954929158
6.363303591778127,2.383797061624011,COTO,cotonou,6.352268,2.402957,2446.0419897303755,21238.37353,9.0,100.0,109.0,570.0,10,12.772133111953735,300.0949168944167,2.252867694351657,2.7721331119537354,-0.0004585083659565172,0.9031196663440757,-0.00039713240805126375,0.9224131117708507,-0.002689578135808309,0.13643142299548716,1,-1.0,-1.0,0,0,3,11,1,31.9,70.0,220.0,18.4,1008.0,cotonou/COTO,160.52457568861385,62.4,54.4,0.30165673161436657
6.351922853988919,2.391878952552376,COTO,cotonou,6.352268,2.402957,1226.2760723192443,21238.37353,9.0,100.0,109.0,570.0,10,14.511693954467773,268.2050751685405,4.40610813077965,4.511693954467773,0.0006542296913581165,0.2942428568580202,0.0006332528683566307,0.2885075358861603,0.0001354853312174479,0.006377773047154138,1,-1.0,-1.0,0,0,3,4,1,31.0,66.0,250.0,7.6,1013.0,cotonou/COTO,229.63053738552546,73.7,54.4,0.5208029072422621
6.36069230529296,2.361423151799977,COTO,cotonou,6.352268,2.402957,4688.776972735159,21238.37353,9.0,100.0,109.0,570.0,10,12.214816808700562,281.5370785283408,1.182524812778583,2.2148168087005615,-0.0003168098992349742,1.0233528443170576,-0.00034476741966680993,1.0301816112945605,-0.0018070443507633514,0.05838488718615716,0,-1.0,4303.526760546498,0,5,0,0,1,33.0,48.0,210.0,9.4,1011.2,cotonou/COTO,243.7480135303034,68.1,61.2,0.6275577647195681
6.354389417369008,2.3944507303443743,COTO,cotonou,6.352268,2.402957,969.9364401800874,21238.37353,9.0,100.0,109.0,570.0,10,15.265270233154297,284.0871614687199,5.519926893210901,5.265270233154297,0.0015740189889464718,0.5381163201143826,0.0016724025561702328,0.5464191462522091,0.0022318125448601294,0.07335180442908677,1,-1.0,-1.0,0,0,0,15,1,31.0,71.0,240.0,9.4,1011.0,cotonou/COTO,355.40979741691933,54.4,62.9,0.9020837615906396
6.361410029438103,2.38458834351262,COTO,cotonou,6.352268,2.402957,2269.881624553685,21238.37353,9.0,100.0,109.0,570.0,10,13.196007013320923,296.6016351024185,2.416825801705258,3.196007013320923,-0.00020214999193300418,0.843616310541447,-0.0002150908494606995,0.8565699808061609,0.000917126735051473,0.04937766826085033,1,-1.0,-1.0,0,0,3,10,1,33.0,63.0,210.0,18.4,1008.0,cotonou/COTO,350.04620409299224,75.2,62.4,0.3042166466350821
6.371898739813253,2.400196396189759,COTO,cotonou,6.352268,2.402957,2192.3027668204077,21238.37353,9.0,100.0,109.0,570.0,10,12.04542350769043,352.04399998788847,2.5322554556809638,2.0454235076904297,-0.0007484540209039912,0.8694906741711727,-0.0007748257758068746,0.8939268493591747,-0.001541793119198015,0.04848344819630068,1,-1.0,-1.0,0,0,0,2,1,31.7,72.0,200.0,14.8,1010.3,cotonou/COTO,382.05451823009946,87.4,69.0,0.14830183039837952
6.383666015105332,2.371785024580459,COTO,cotonou,6.352268,2.402957,4893.9298389630185,21238.37353,9.0,100.0,109.0,570.0,10,13.003366947174072,315.38600573947616,1.1237383524493894,3.0033669471740723,-0.000143013107098215,1.1217844894616413,-0.00013089320406437467,1.1184154504865331,-9.228693758411698e-05,0.054204117969255415,0,-1.0,4629.128024029147,0,2,4,11,1,34.0,32.0,222.0,5.4,1009.0,cotonou/COTO,268.94546398849457,53.4,64.4,0.09149982147183588
6.356732252324565,2.4034871266227626,COTO,cotonou,6.352268,2.402957,497.16414653589686,21238.37353,9.0,100.0,109.0,570.0,10,14.641857147216797,6.7308642217920465,10.7465049793433,4.641857147216797,0.0016760339428692986,0.4650353290136517,0.0015236348436589826,0.4463417463285735,-0.001811369260152181,0.08892398499415283,1,-1.0,-1.0,0,0,0,6,1,31.4,69.0,240.0,16.6,1010.7,cotonou/COTO,285.8934238489022,68.1,64.7,0.045574561386322876
6.386830018978857,2.374735992645693,COTO,cotonou,6.352268,2.402957,4935.324873017547,21238.37353,9.0,100.0,109.0,570.0,10,13.367957353591919,320.9425133276571,1.110084331342272,3.367957353591919,-6.849173343542854e-05,0.9903312172455092,-4.443360897833245e-05,0.9853234543870194,0.0009002288182576498,0.056163393795051225,0,-1.0,4529.817218120314,0,1,4,10,1,31.0,59.0,170.0,13.0,1007.0,cotonou/COTO,285.70158014965295,66.1,70.2,0.199992092142676
6.370111002133489,2.391287294306068,COTO,cotonou,6.352268,2.402957,2358.0904903946716,21238.37353,9.0,100.0,109.0,570.0,10,12.19890308380127,326.9769904032592,2.350707922700483,2.1989030838012695,-0.0006363241984371393,0.6446157771595502,-0.0006524190981201675,0.6958482256172537,-0.0009110629558563233,0.04818218612648383,1,-1.0,-1.0,0,0,3,2,1,32.0,63.0,210.0,16.6,1010.0,cotonou/COTO,292.9664112146319,61.2,84.9,0.41878917181149755
6.348657328742276,2.3806357764318875,COTO,cotonou,6.352268,2.402957,2501.7127966836524,21238.37353,9.0,100.0,109.0,570.0,10,12.273452281951904,260.756932679229,2.2141885412488813,2.2734522819519043,-0.0005688647429148356,0.6509529905699735,-0.0013319322536158008,0.8401768703683768,-0.016252144674460095,0.9881574521673424,1,-1.0,-1.0,0,0,0,3,1,32.0,71.0,200.0,18.4,1008.0,cotonou/COTO,145.83304872345087,55.9,75.4,0.24223568112715543
6.36522211280037,2.371814143280399,COTO,cotonou,6.352268,2.402957,3731.5614629990714,21238.37353,9.0,100.0,109.0,570.0,10,11.630510687828064,292.71262365097397,1.49470810074132,1.630510687828064,-0.0005687204611853655,1.297396341354816,-0.0005553972376926051,1.3151174714168583,-0.0005741208791732788,0.030878961718417475,1,-1.0,-1.0,0,0,1,3,1,31.0,63.0,180.0,9.4,1011.0,cotonou/COTO,344.695661852635,60.5,62.4,0.8189951353849165
6.371103965718489,2.392805775111527,COTO,cotonou,6.352268,2.402957,2366.517656981052,21238.37353,9.0,100.0,109.0,570.0,10,12.413573741912842,331.8266517921363,2.337157664193796,2.413573741912842,-0.0005509002386838192,0.6727338863477966,-0.0005701147899908076,0.7086211249417387,-0.0018332333782137215,0.04901277203660319,1,-1.0,-1.0,0,0,1,6,1,33.0,67.0,190.0,20.5,1010.0,cotonou/COTO,247.7688085695969,82.1,61.2,0.19040109688034745
6.3478411225864155,2.386375520052862,COTO,cotonou,6.352268,2.402957,1898.7882028072677,21238.37353,9.0,100.0,109.0,570.0,10,13.201837062835693,254.96477931239627,2.8882528166470554,3.2018370628356934,-0.00026310123503208154,0.4164920034431247,-0.00044034041399502755,0.43471095511140156,-0.005933324606082042,0.20004154993302506,1,-1.0,-1.0,0,0,2,5,1,31.0,75.0,200.0,18.4,1008.0,cotonou/COTO,288.9775799261479,72.8,69.3,0.3435823505469736
6.364974936224336,2.371042138074611,COTO,cotonou,6.352268,2.402957,3800.380312172523,21238.37353,9.0,100.0,109.0,570.0,10,11.548173904418945,291.8335753667131,1.4688937806592195,1.5481739044189453,-0.0005741676796234749,1.2770080611114334,-0.0005607454659710868,1.2971764133035568,-0.0006832745340135363,0.025421309971818476,1,-1.0,-1.0,0,0,1,7,1,30.0,55.0,310.0,7.6,1013.0,cotonou/COTO,263.8369831922563,62.5,66.8,0.8840424565416636
6.383241565171122,2.3734756302506157,COTO,cotonou,6.352268,2.402957,4729.86600338816,21238.37353,9.0,100.0,109.0,570.0,10,12.79052996635437,316.59261223290076,1.1652838612233978,2.79052996635437,-0.00018172486557758687,1.1249663462261124,-0.00019636826586631297,1.1180565902118134,0.0008744729074210497,0.07644702882746447,1,-1.0,-1.0,0,0,0,14,1,34.0,32.0,222.0,5.4,1009.0,cotonou/COTO,268.94546398849457,53.4,64.4,0.8109064896237053
6.357289481699253,2.399127663407323,COTO,cotonou,6.352268,2.402957,698.4824686934552,21238.37353,9.0,100.0,109.0,570.0,10,14.829302310943604,322.8415308838831,7.678422912300926,4.8293023109436035,0.0015587651067309912,0.3591355251515273,0.0015238246253641249,0.3688532280967545,0.001599287433352571,0.06479302742638356,1,-1.0,-1.0,0,0,6,5,1,31.0,71.0,210.0,20.5,1010.0,cotonou/COTO,337.12035847750434,62.0,62.4,0.34199186633482526
6.374312123584962,2.359591347121351,COTO,cotonou,6.352268,2.402957,5381.706497231818,21238.37353,9.0,100.0,109.0,570.0,10,13.794191598892212,297.0913551785453,1.0134930369186004,3.794191598892212,1.6148178665726282e-05,1.318771127199164,1.2209498347328969e-05,1.3157679084338096,0.00030632333839241793,0.020662132149173274,1,-1.0,-1.0,0,0,4,6,1,31.5,72.0,200.0,11.2,1008.3,cotonou/COTO,324.3499013411239,77.1,63.4,0.7150261695336031
6.375715543759096,2.359644215689555,COTO,cotonou,6.352268,2.402957,5448.614477620316,21238.37353,9.0,100.0,109.0,570.0,10,13.396130323410034,298.5799933403758,1.0052346719490626,3.396130323410034,-5.428055136800001e-05,1.2663133227610859,-8.879468060921932e-05,1.2593526156111923,-0.0012361943721771241,0.07365104717208533,0,-1.0,5142.880599116571,0,4,1,3,1,31.5,72.0,200.0,11.2,1008.3,cotonou/COTO,324.3499013411239,77.1,63.4,0.23440282222733477
6.361116405307586,2.395596311287054,COTO,cotonou,6.352268,2.402957,1273.080938890817,21238.37353,9.0,100.0,109.0,570.0,10,13.665865182876587,320.4181075943913,4.282577336133375,3.665865182876587,-5.38485638368462e-05,0.3957651186146804,-4.5006716692889046e-05,0.41454322225681367,-0.0010336458683013916,0.0460990531115355,1,-1.0,-1.0,0,0,3,7,1,31.0,71.0,210.0,20.5,1010.0,cotonou/COTO,391.6664531205258,58.3,68.1,0.9513940846788795
6.364928133400194,2.3713103126448307,COTO,cotonou,6.352268,2.402957,3770.9039019495876,21238.37353,9.0,100.0,109.0,570.0,10,11.598401188850403,291.92763764050244,1.4796080902228599,1.5984011888504028,-0.0005609185401846328,1.27196471288418,-0.0005621920650204022,1.2927983687652977,-0.0008030613263448079,0.02958504536888389,1,-1.0,-1.0,0,0,1,6,1,31.0,63.0,180.0,9.4,1011.0,cotonou/COTO,64.38956825449732,62.4,66.8,0.9687355169077795
6.379824857880169,2.3643562109425376,COTO,cotonou,6.352268,2.402957,5246.509517701303,21238.37353,9.0,100.0,109.0,570.0,10,13.011487007141113,305.6926938565523,1.0481488948834308,3.0114870071411133,-0.00013742778409201825,1.141807719324064,-0.00015395006442025106,1.1356188954255255,-0.002705049514770508,0.10094926981216282,0,-1.0,4994.172386589416,0,5,0,10,1,31.8,31.0,20.0,11.2,1010.9,cotonou/COTO,267.89890817251177,78.2,66.5,0.4451961457607315
6.348009891607179,2.381452033194466,COTO,cotonou,6.352268,2.402957,2425.4816008748653,21238.37353,9.0,100.0,109.0,570.0,10,10.953526198863983,258.7337851862959,2.3148360642691084,0.9535261988639832,-0.0011331132655281097,0.8822897984076447,-0.0011058093314189987,0.968660123809667,0.0,0.0,1,-1.0,-1.0,0,0,0,2,1,32.0,71.0,200.0,18.4,1008.0,cotonou/COTO,210.16260561769036,59.0,65.8,0.012278769863585226
6.366051738226119,2.3658312676618274,COTO,cotonou,6.352268,2.402957,4381.274267263204,21238.37353,9.0,100.0,109.0,570.0,10,11.44935655593872,290.4862529322131,1.2755003400853235,1.4493565559387207,-0.0005154570921661506,1.3719648300339313,-0.0005061267864330742,1.3842955691472194,1.7915181306608944e-05,0.0036129830365580476,1,-1.0,-1.0,0,0,3,5,1,30.1,50.0,198.0,11.1,1009.1,cotonou/COTO,322.59013949595317,61.3,66.1,0.9038854006301227
6.366055941981969,2.3661236675175297,COTO,cotonou,6.352268,2.402957,4351.1219375979545,21238.37353,9.0,100.0,109.0,570.0,10,11.44884169101715,290.64096032502493,1.2843431062723385,1.4488416910171509,-0.0005191415640391803,1.3758718949800026,-0.000509893542280911,1.3884729227423565,2.1948001734281453e-06,0.003944028357502312,1,-1.0,-1.0,0,0,2,1,1,30.1,50.0,198.0,11.1,1009.1,cotonou/COTO,167.19783760562936,66.1,58.0,0.013016683361687376
6.365073960872925,2.415027097814623,COTO,cotonou,6.352268,2.402957,1946.520104208611,21238.37353,9.0,100.0,109.0,570.0,10,14.892335891723633,43.128507519847176,2.7679019530873124,4.892335891723633,0.0005989825303190165,0.4162355673329065,0.0005235756214578354,0.4104538950670466,-0.0026747491624620223,0.10089261713204316,1,-1.0,-1.0,0,0,2,6,1,33.0,63.0,248.0,13.0,1011.0,cotonou/COTO,306.3941828756752,57.9,65.7,0.1399309558261005
6.359918814364778,2.4042475458833152,COTO,cotonou,6.352268,2.402957,858.0510544014813,21238.37353,9.0,100.0,109.0,570.0,10,14.740193367004395,9.516724574140824,6.268997957781214,4.7401933670043945,0.0011875884286288556,0.40455371370598536,0.0012268515043361212,0.404601775631764,0.0015759030977884928,0.07314146886782728,1,-1.0,-1.0,0,0,4,8,1,31.6,70.0,230.0,16.6,1013.0,cotonou/COTO,273.96095269222405,64.4,66.4,0.862270583423823
6.348821423442065,2.378128901747594,COTO,cotonou,6.352268,2.402957,2773.320490640203,21238.37353,9.0,100.0,109.0,570.0,10,10.30681025981903,262.05004604658234,2.0381048684774807,0.30681025981903076,-0.0012187029298488384,1.184423562450171,-0.001193046026062547,1.2655137445468339,0.0,0.0,1,-1.0,-1.0,0,0,0,0,1,32.0,71.0,200.0,18.4,1008.0,cotonou/COTO,313.1105188267804,75.4,66.5,0.9105236900396195
6.369714643121311,2.4024480165187603,COTO,cotonou,6.352268,2.402957,1930.2093758083556,21238.37353,9.0,100.0,109.0,570.0,10,13.188477039337158,358.3392530850855,2.8417092853335313,3.188477039337158,-0.0003846966272691085,0.5190382128100671,-0.00033791699815850584,0.5373358679618752,-0.004029911628690146,0.13344585153356187,1,-1.0,-1.0,0,0,1,8,1,32.0,63.0,210.0,14.8,1011.0,cotonou/COTO,237.45958919365236,69.0,86.2,0.8575841003840268
6.374367299451668,2.356536940330809,COTO,cotonou,6.352268,2.402957,5687.661720296833,21238.37353,9.0,100.0,109.0,570.0,10,13.593454122543335,295.5980831019974,0.9610064849249198,3.593454122543335,-3.112014079430945e-05,1.340642021712988,-3.090438743432363e-05,1.3340645029566278,-0.0011228303114573161,0.06026854560643947,0,-1.0,5459.699326697761,0,3,2,13,1,32.0,71.0,220.0,18.4,1009.0,cotonou/COTO,356.3532216776974,72.1,58.6,0.25897802148092597
6.363406841408416,2.361053501382218,COTO,cotonou,6.352268,2.402957,4797.032584315942,21238.37353,9.0,100.0,109.0,570.0,10,11.649364233016968,284.97650090286675,1.1625968615429207,1.6493642330169678,-0.0004284257359156196,1.2603370456566791,-0.0004213332394023001,1.270905290114984,0.00018298758400811087,0.006995026553036564,0,-1.0,4585.540165768946,0,1,2,3,1,30.0,49.0,140.0,14.8,1008.0,cotonou/COTO,377.7002335187451,78.69999999999999,67.2,0.9668194383799803
6.379639195001388,2.3700663441564322,COTO,cotonou,6.352268,2.402957,4733.30600568305,21238.37353,9.0,100.0,109.0,570.0,10,12.205161333084106,309.94296792399916,1.1715200398490488,2.2051613330841064,-0.0003056978117360111,1.1415906974674352,-0.0002301248489821707,1.1375124285747216,0.005943663496416115,0.11644381011878598,1,-1.0,-1.0,0,0,2,7,1,30.0,70.0,210.0,16.6,1007.0,cotonou/COTO,333.8960444509769,78.2,66.5,0.7092804844188467
6.357220458581363,2.3915250743446657,COTO,cotonou,6.352268,2.402957,1378.3131704209911,21238.37353,9.0,100.0,109.0,570.0,10,15.047137260437012,293.55259826366444,3.899540608787304,5.047137260437012,0.0009581572755093599,0.6815056325651893,0.0008009504940774704,0.6682054695646779,-0.004634163114759657,0.17152094038991836,1,-1.0,-1.0,0,0,3,10,1,32.6,66.0,210.0,11.2,1010.9,cotonou/COTO,267.5192114597196,58.2,57.1,0.2832687724935895
6.3832026351509015,2.373630690500649,COTO,cotonou,6.352268,2.402957,4714.927333863218,21238.37353,9.0,100.0,109.0,570.0,10,12.705065965652466,316.707456625257,1.1700130230684522,2.705065965652466,-0.000211376681106503,1.1237179409496962,-0.000182028471758728,1.120155455288455,0.0014462664281025227,0.05290790044443404,1,-1.0,-1.0,0,0,0,15,1,34.0,32.0,222.0,5.4,1009.0,cotonou/COTO,268.94546398849457,64.4,53.4,0.12311042525578864
6.356037327543692,2.3786173909145325,COTO,cotonou,6.352268,2.402957,2725.0091234488623,21238.37353,9.0,100.0,109.0,570.0,10,13.93839693069458,278.85801986088256,1.9979459083377213,3.93839693069458,7.183258837418143e-05,0.5294209629470801,5.379195119362405e-05,0.5373639362804576,-0.002496528013533407,0.1226350091784864,1,-1.0,-1.0,0,0,3,9,1,33.0,63.0,210.0,13.0,1009.0,cotonou/COTO,346.04950975268054,62.4,70.7,0.17834510414206428
6.366032500284321,2.3662906236305172,COTO,cotonou,6.352268,2.402957,4332.9149315259765,21238.37353,9.0,100.0,109.0,570.0,10,11.458176136016846,290.69470936628557,1.2896147554467448,1.4581761360168457,-0.0005169642702191227,1.376621614704173,-0.0005119353465212176,1.3892450184684115,-7.328490416208903e-05,0.004399447824038665,1,-1.0,-1.0,0,0,1,2,1,30.1,50.0,198.0,11.1,1009.1,cotonou/COTO,327.63056038773834,66.1,62.5,0.0624995261304786
6.359154456460302,2.376131146783592,COTO,cotonou,6.352268,2.402957,3064.154535466812,21238.37353,9.0,100.0,109.0,570.0,10,13.049355268478394,284.48427948213316,1.7935685286755763,3.0493552684783936,-0.00021282723806436777,0.7903803715456802,-0.00022520092949668535,0.798263653565347,-0.0011203178228325202,0.03537044848744892,1,-1.0,-1.0,0,0,4,1,1,32.4,63.0,230.0,7.6,1010.7,cotonou/COTO,320.4806640032702,53.0,63.8,0.8543145205620957
6.377800215130792,2.3643778709215244,COTO,cotonou,6.352268,2.402957,5117.708914425194,21238.37353,9.0,100.0,109.0,570.0,10,12.919009923934937,303.66254042697904,1.0755571804858148,2.9190099239349365,-0.0001709569908580298,1.1883247387742308,-0.00017348249983006588,1.1818995880771177,-0.0018194874127705893,0.09659998509805805,1,-1.0,-1.0,0,0,1,2,1,31.8,31.0,20.0,11.2,1010.9,cotonou/COTO,284.78369054431397,78.2,64.2,0.8089931223669679
6.348188659780603,2.381334686381367,COTO,cotonou,6.352268,2.402957,2434.477996561373,21238.37353,9.0,100.0,109.0,570.0,10,10.920653283596039,259.25273169488935,2.3070634641742083,0.9206532835960388,-0.0011326577847566063,0.8270434848896969,-0.0011367545170742196,0.8811776221490208,-0.0008561501364611106,0.028865902482997943,1,-1.0,-1.0,0,0,0,3,1,32.0,71.0,200.0,18.4,1008.0,cotonou/COTO,208.55006593135025,75.4,59.0,0.8803254333718624
6.359545706817091,2.4042395961045195,COTO,cotonou,6.352268,2.402957,817.2408327861726,21238.37353,9.0,100.0,109.0,570.0,10,14.658854961395264,9.934682565374828,6.584997602560927,4.658854961395264,0.0011331708658309208,0.4072507810306209,0.001159931965016449,0.40496174121426287,0.0013472618900903788,0.05654833624459578,1,-1.0,-1.0,0,0,5,7,1,31.4,69.0,240.0,16.6,1010.7,cotonou/COTO,384.8115623263995,64.7,66.4,0.988606915977078
6.370512408930427,2.3907861440020115,COTO,cotonou,6.352268,2.402957,2425.6949905922183,21238.37353,9.0,100.0,109.0,570.0,10,12.053669691085815,326.45656947929206,2.288688779850893,2.0536696910858154,-0.0006798542899690151,0.7112474476062187,-0.0006754101704055396,0.7572119856372491,-0.0002475717137598052,0.02979040937530157,1,-1.0,-1.0,0,0,1,1,1,32.0,63.0,210.0,16.6,1010.0,cotonou/COTO,292.9664112146319,61.2,84.9,0.6620660184409158
6.351419910109903,2.414981002005694,COTO,cotonou,6.352268,2.402957,1333.6454579482947,21238.37353,9.0,100.0,109.0,570.0,10,15.807615280151367,94.05873803294105,3.9972129224010846,5.807615280151367,0.0015560176637437612,0.7030697722773037,0.001301338148455248,0.7044995138567184,-0.004470721880594889,0.2247767298377327,1,-1.0,-1.0,0,0,1,12,1,29.8,77.0,200.0,11.2,1012.0,cotonou/COTO,285.3045504368927,58.1,75.1,0.03317211264718334
6.3653579133290865,2.368570334428165,COTO,cotonou,6.352268,2.402957,4070.6041924594692,21238.37353,9.0,100.0,109.0,570.0,10,11.489399075508118,290.959979741616,1.3722477881660275,1.4893990755081177,-0.000543527538869895,1.3199999743229973,-0.000547859051749202,1.3372624108137254,-0.0005616012850280472,0.010411570813505118,1,-1.0,-1.0,0,0,1,3,1,30.0,55.0,310.0,7.6,1013.0,cotonou/COTO,211.07519039432174,62.5,58.0,0.2335138977367025
6.359154741530815,2.4040927219370394,COTO,cotonou,6.352268,2.402957,771.8866791499504,21238.37353,9.0,100.0,109.0,570.0,10,14.54060173034668,9.307993801135126,6.976864146832992,4.54060173034668,0.0010687311490376792,0.4157192986918299,0.0011331708658309212,0.4059567714686866,0.001313924789428711,0.049434028438645666,1,-1.0,-1.0,0,0,4,4,1,31.0,75.0,210.0,18.4,1008.0,cotonou/COTO,329.0564998598276,66.4,68.1,0.14973889760054182
6.378143522366976,2.374699110547304,COTO,cotonou,6.352268,2.402957,4238.232919633549,21238.37353,9.0,100.0,109.0,570.0,10,11.771234154701233,312.65816182200047,1.314184725319408,1.771234154701233,-0.0004544031172291215,1.156309721306705,-0.00044862309813777334,1.1576117907081294,0.00023476680119832358,0.008808540676974057,1,-1.0,-1.0,0,0,1,1,1,31.0,63.0,200.0,16.6,1007.0,cotonou/COTO,74.10445128334986,85.6,81.4,0.5836286984005818
6.384362719291065,2.3719723527269267,COTO,cotonou,6.352268,2.402957,4934.470240244526,21238.37353,9.0,100.0,109.0,570.0,10,12.77942180633545,316.18709741702935,1.1171076468144965,2.779421806335449,-0.0002043770824151794,1.1050532818010028,-0.0001955759025619415,1.0987638437537441,-0.000702055295308431,0.04614076086146453,0,-1.0,4440.034344428441,0,4,4,7,1,31.8,57.0,210.0,13.0,1008.6,cotonou/COTO,161.07626082067793,62.5,53.4,0.4774639910040659
6.380286067076127,2.3656140581767247,COTO,cotonou,6.352268,2.402957,5164.302039597342,21238.37353,9.0,100.0,109.0,570.0,10,13.288208484649658,307.0529147409243,1.061760895079018,3.288208484649658,-8.06903563482913e-05,1.1223826254106584,-7.81753120989397e-05,1.1192831714901363,0.00023026957373757377,0.006651225815095168,1,-1.0,-1.0,0,0,0,2,1,34.0,32.0,222.0,5.4,1009.0,cotonou/COTO,267.2888297328458,55.8,66.5,0.9324384951832726
6.372578851925293,2.393642619036367,COTO,cotonou,6.352268,2.402957,2471.2566778458813,21238.37353,9.0,100.0,109.0,570.0,10,12.23787522315979,335.49859256965215,2.2422724394866864,2.23787522315979,-0.0005900065104166666,0.9104346083579196,-0.0005667817358877144,0.9307547824096952,0.0006607333819071452,0.03067495226522263,1,-1.0,-1.0,0,0,0,5,1,33.0,67.0,190.0,20.5,1010.0,cotonou/COTO,361.2210155846181,82.1,76.9,0.39230979101541885
6.364943848570997,2.3711703746446364,COTO,cotonou,6.352268,2.402957,3785.927312285011,21238.37353,9.0,100.0,109.0,570.0,10,11.567285895347595,291.8647706561193,1.4742098509538586,1.5672858953475952,-0.0006063712882598577,1.2793030699300665,-0.0005657687655294441,1.2897927241658442,-0.0009556672147305948,0.03456934402914176,1,-1.0,-1.0,0,0,1,7,1,33.0,49.0,210.0,16.6,1009.0,cotonou/COTO,263.8369831922563,66.8,62.5,0.06044387678069063
6.3726930897601575,2.354906004704705,COTO,cotonou,6.352268,2.402957,5776.237156778697,21238.37353,9.0,100.0,109.0,570.0,10,13.2295823097229,293.1593218943729,0.949881013888441,3.2295823097229004,-9.104896145665668e-05,1.3582537816895897,-8.409381931663572e-05,1.351306187266441,-0.0009491463502248128,0.043969995598325984,0,-1.0,5290.060883061852,0,5,1,1,1,31.0,63.0,210.0,16.6,1009.0,cotonou/COTO,309.1504439589486,58.6,65.2,0.02382841325087981
6.37327735466033,2.3591906930725655,COTO,cotonou,6.352268,2.402957,5370.781890802151,21238.37353,9.0,100.0,109.0,570.0,10,13.85381555557251,295.7834392598519,1.0149182609594602,3.8538155555725098,2.8283931684913335e-05,1.3682038593369366,4.0383223857254784e-05,1.3627947110198757,0.0023480224059702786,0.07889249189697146,1,-1.0,-1.0,0,0,0,5,1,32.0,71.0,220.0,18.4,1009.0,cotonou/COTO,246.89454307456222,65.2,63.4,0.8106118320848291
6.37250312965626,2.393594707491597,COTO,cotonou,6.352268,2.402957,2465.8700651697854,21238.37353,9.0,100.0,109.0,570.0,10,12.23787522315979,335.30633984604924,2.2471655944053452,2.23787522315979,-0.0005900065104166667,0.9007630783109767,-0.0005716391759973095,0.9112842821972347,0.0001511023421965935,0.010192861962288398,1,-1.0,-1.0,0,0,0,2,1,31.7,72.0,200.0,14.8,1010.3,cotonou/COTO,361.2210155846181,76.9,82.1,0.6352255795418723
6.348416307809785,2.380131568417243,COTO,cotonou,6.352268,2.402957,2561.097657722775,21238.37353,9.0,100.0,109.0,570.0,10,10.270606219768524,260.36505454690604,2.2076385587286467,0.27060621976852417,-0.0021068568659034646,0.8317702895542908,-0.0013016610660336234,0.9733390453663637,-0.008604290584723154,0.5058269167489258,1,-1.0,-1.0,0,0,0,1,1,32.0,71.0,200.0,18.4,1008.0,cotonou/COTO,310.65923598055264,55.9,66.5,0.19076952446104345
6.364848757508767,2.367427518890679,COTO,cotonou,6.352268,2.402957,4169.8993496996345,21238.37353,9.0,100.0,109.0,570.0,10,11.488035798072815,289.61219993791184,1.3396020990753739,1.488035798072815,-0.000532123490882317,1.278453559356066,-0.0005269315789495518,1.2967947913444609,-0.00011058118608262804,0.004979314424097938,1,-1.0,-1.0,0,0,2,8,1,30.0,55.0,310.0,7.6,1013.0,cotonou/COTO,358.990200005476,59.4,58.0,0.906461926335979
6.367646080715125,2.3630311563832787,COTO,cotonou,6.352268,2.402957,4733.407307352975,21238.37353,9.0,100.0,109.0,570.0,10,11.520256400108337,291.1861122533553,1.1797819527071296,1.5202564001083374,-0.0004613365050609604,1.4525023361355125,-0.00044100503126780194,1.4567826301326035,0.0007767875989278158,0.03134276201578204,1,-1.0,-1.0,0,0,1,0,1,30.1,50.0,198.0,11.1,1009.1,cotonou/COTO,352.5538937525515,61.3,78.0,0.5588863022547286
6.367118953157292,2.363084536389135,COTO,cotonou,6.352268,2.402957,4707.2441889968395,21238.37353,9.0,100.0,109.0,570.0,10,11.487766027450562,290.54658172570316,1.1867326736774242,1.4877660274505615,-0.00047081280897508053,1.429797887761315,-0.00045420584874023495,1.4365330970629504,0.000695821345943714,0.01884011432315546,1,-1.0,-1.0,0,0,0,1,1,32.0,71.0,220.0,18.4,1009.0,cotonou/COTO,352.5538937525515,78.0,61.3,0.60792621604661
6.3717182925888665,2.39309811967441,COTO,cotonou,6.352268,2.402957,2411.730249877372,21238.37353,9.0,100.0,109.0,570.0,10,12.353310823440552,333.26367536333464,2.2948196900864715,2.3533108234405518,-0.000557070210146806,0.7673563208206293,-0.0005295868379523956,0.7926548223684062,0.00036813815434773767,0.018946074000281605,1,-1.0,-1.0,0,0,1,5,1,31.7,72.0,200.0,14.8,1010.3,cotonou/COTO,361.2210155846181,76.9,82.1,0.9206208767758297
6.356420335880487,2.3984133049952083,COTO,cotonou,6.352268,2.402957,680.8709010751238,21238.37353,9.0,100.0,109.0,570.0,10,15.115276336669922,312.5993086082947,7.850959432449474,5.115276336669922,0.0020076145002476766,0.46378038289011997,0.0015677240395126398,0.4926722527358282,-0.0031471453577465018,0.054122349429124667,1,-1.0,-1.0,0,0,6,9,1,31.0,71.0,210.0,20.5,1010.0,cotonou/COTO,221.7167693252332,62.0,62.1,0.05059092361056572
6.373313345758853,2.3592562843268823,COTO,cotonou,6.352268,2.402957,5365.965031379981,21238.37353,9.0,100.0,109.0,570.0,10,13.85381555557251,295.8555707187301,1.0158291306001819,3.8538155555725098,3.363236975667147e-05,1.3642558528028192,4.212762454689452e-05,1.3588857529271816,0.0024532679142452063,0.07889249189697146,1,-1.0,-1.0,0,0,0,6,1,32.0,71.0,220.0,18.4,1009.0,cotonou/COTO,246.89454307456222,65.2,63.4,0.8442483727601453
6.387257212378248,2.374570455203429,COTO,cotonou,6.352268,2.402957,4983.522053800016,21238.37353,9.0,100.0,109.0,570.0,10,13.484379053115845,321.1228357899213,1.0980129971513584,3.4843790531158447,-4.443360897833245e-05,0.9798636076317959,-3.13754963525585e-05,0.9778758027498674,0.0020362488850971124,0.08960218552313373,0,-1.0,4893.638890505025,0,1,4,9,1,31.0,59.0,170.0,13.0,1007.0,cotonou/COTO,285.70158014965295,70.2,66.1,0.9780051576034579
6.37535177112489,2.3578337921773946,COTO,cotonou,6.352268,2.402957,5607.15947113135,21238.37353,9.0,100.0,109.0,570.0,10,13.530590772628784,297.2393643633325,0.9754432283242727,3.530590772628784,-3.129594319019569e-05,1.2941139548684872,-4.875050891087141e-05,1.287490470253822,-0.001062316781063987,0.05724589257770956,1,-1.0,-1.0,0,0,0,9,1,32.0,71.0,220.0,18.4,1009.0,cotonou/COTO,324.64606281298086,72.1,77.1,0.27708353440733036
6.369601515983317,2.3896586328200993,COTO,cotonou,6.352268,2.402957,2416.4403883337836,21238.37353,9.0,100.0,109.0,570.0,10,11.869055986404419,322.6758589878455,2.3018150324147877,1.869055986404419,-0.0007563520360876013,0.7759594911955696,-0.0007735387814883063,0.8261198506395236,-0.0014294305350885936,0.05241752709583416,1,-1.0,-1.0,0,0,0,2,1,32.0,63.0,210.0,16.6,1010.0,cotonou/COTO,370.2078816016378,62.3,84.9,0.5410987447866787
6.366420243873415,2.413770935678183,COTO,cotonou,6.352268,2.402957,1970.0030270206325,21238.37353,9.0,100.0,109.0,570.0,10,14.468420028686523,37.21290268751295,2.7472592922360213,4.468420028686523,0.00034108478760595204,0.40622693934628296,0.0002559110626561237,0.4056246452986043,-0.004389732839702568,0.10122505478832988,1,-1.0,-1.0,0,0,5,8,1,32.0,63.0,180.0,14.8,1011.0,cotonou/COTO,281.80230889756126,65.5,57.9,0.4235910319686924
6.359748581043469,2.404233705775892,COTO,cotonou,6.352268,2.402957,839.2345525779712,21238.37353,9.0,100.0,109.0,570.0,10,14.740193367004395,9.62682721718761,6.408398684538006,4.7401933670043945,0.0012335349467996297,0.40801858346268893,0.0011762281830059846,0.40396612294895884,0.0011860204156379185,0.05890054680104147,1,-1.0,-1.0,0,0,4,9,1,31.0,75.0,210.0,18.4,1008.0,cotonou/COTO,273.96095269222405,66.4,64.4,0.06852887945898645
6.368651743057998,2.3906630510799967,COTO,cotonou,6.352268,2.402957,2265.5880920153836,21238.37353,9.0,100.0,109.0,570.0,10,12.243466854095459,323.2867245798891,2.445446416764682,2.243466854095459,-0.0007914792901046832,0.6248475077721632,-0.0006936036623441256,0.6817948990838243,-0.004098965724309286,0.22267375131815503,1,-1.0,-1.0,0,0,4,3,1,32.0,63.0,210.0,16.6,1010.0,cotonou/COTO,374.8202269089207,62.3,61.2,0.5043503599988894
6.35843999134787,2.396926048602482,COTO,cotonou,6.352268,2.402957,954.5219653064688,21238.37353,9.0,100.0,109.0,570.0,10,14.775221347808838,315.8390597111111,5.637636831122602,4.775221347808838,0.0010937351163088113,0.44482861680694125,0.001028287878223494,0.4355369231030427,-0.001059685813056098,0.03930467462184732,1,-1.0,-1.0,0,0,2,5,1,33.0,63.0,200.0,16.6,1009.0,cotonou/COTO,391.6664531205258,68.1,58.3,0.8955723582690075
6.383627437506354,2.3719386811187584,COTO,cotonou,6.352268,2.402957,4878.93136052062,21238.37353,9.0,100.0,109.0,570.0,10,13.00020170211792,315.4923271391667,1.1272291391338736,3.00020170211792,-0.00014453777750089372,1.1199917314017551,-0.00015939341651068794,1.1132449923405838,-0.0001576383908589681,0.03859594522712189,1,-1.0,-1.0,0,0,4,12,1,34.0,32.0,222.0,5.4,1009.0,cotonou/COTO,268.94546398849457,53.4,64.4,0.15688558245024609
6.374105682309519,2.3595835702239887,COTO,cotonou,6.352268,2.402957,5372.172951069395,21238.37353,9.0,100.0,109.0,570.0,10,13.794191598892212,296.8692509227307,1.0152912221244954,3.794191598892212,1.614817866572636e-05,1.3295713057683745,2.054830062894319e-05,1.326823984115833,0.0007700416776869032,0.028298531145149027,1,-1.0,-1.0,0,0,2,8,1,31.5,72.0,200.0,11.2,1008.3,cotonou/COTO,324.3499013411239,63.4,77.1,0.2142747635338893
6.370322121149346,2.3910237154135427,COTO,cotonou,6.352268,2.402957,2393.62222113753,21238.37353,9.0,100.0,109.0,570.0,10,12.121613025665283,326.69961822763196,2.317698562194139,2.121613025665283,-0.0006595237525494381,0.6734644618285781,-0.000672082009354258,0.7235831975794399,-0.000666266017489963,0.026973239820786823,1,-1.0,-1.0,0,0,1,0,1,32.0,63.0,210.0,16.6,1010.0,cotonou/COTO,292.9664112146319,61.2,84.9,0.5467400905131063
6.35455,2.39487078667189,COTO,cotonou,6.352268,2.402957,929.5725727073336,21238.37353,9.0,100.0,109.0,570.0,10,15.33803939819336,285.8524860744873,5.753595429492521,5.338039398193359,0.0017548826201872214,0.561558106876624,0.0016800694995456273,0.5718450672371813,0.0007891919877794054,0.029231889136611573,1,-1.0,-1.0,0,0,2,14,1,31.0,71.0,240.0,9.4,1011.0,cotonou/COTO,375.179999999993,62.9,62.1,0.04461144138758888
6.370893178284252,2.4041174099595914,COTO,cotonou,6.352268,2.402957,2063.716915338372,21238.37353,9.0,100.0,109.0,570.0,10,13.178877353668213,3.5431471345727346,2.658409991427959,3.178877353668213,-0.00026858868347960543,0.567384848774767,-0.0002756750079947459,0.5963776465040718,-0.0016741381751166449,0.06163100758789485,1,-1.0,-1.0,0,0,2,11,1,32.0,75.0,200.0,20.5,1010.0,cotonou/COTO,257.31179082972295,75.5,86.2,0.2459728480482194
6.364262724919688,2.3707260945079702,COTO,cotonou,6.352268,2.402957,3804.722637077509,21238.37353,9.0,100.0,109.0,570.0,10,11.640734195709229,290.5303533091073,1.465825103682337,1.6407341957092285,-0.0005441306191174835,1.1993363027644592,-0.0005549039690321944,1.2224749324992363,-0.0011744196571504986,0.026362363372094896,1,-1.0,-1.0,0,0,2,5,1,33.0,49.0,210.0,16.6,1009.0,cotonou/COTO,213.77228304903036,66.8,59.4,0.4526399163019639
6.373582851462927,2.369193212865732,COTO,cotonou,6.352268,2.402957,4417.091042405099,21238.37353,9.0,100.0,109.0,570.0,10,11.777552366256714,302.425837624409,1.2609060069199198,1.7775523662567139,-0.00043455834861274233,1.2639173546905622,-0.0004042765562531792,1.2639514135376517,0.0023182041560670056,0.07143702079276645,1,-1.0,-1.0,0,0,1,0,1,32.0,67.0,220.0,16.6,1011.0,cotonou/COTO,151.02935906652115,79.6,80.0,0.7673117143385911
6.358743713795014,2.380009435928077,COTO,cotonou,6.352268,2.402957,2637.9808734974877,21238.37353,9.0,100.0,109.0,570.0,10,13.462989807128906,285.85269776585085,2.074115184358456,3.4629898071289062,-9.182857280938338e-05,0.7338597270538709,-9.766862172045535e-05,0.7445240792537854,-5.7112124344508436e-05,0.01378605570633076,1,-1.0,-1.0,0,0,2,4,1,31.9,70.0,220.0,18.4,1008.0,cotonou/COTO,331.6838992172874,70.7,65.8,0.28090100179702804
6.373720455057368,2.3913512174678693,COTO,cotonou,6.352268,2.402957,2697.585243699893,21238.37353,9.0,100.0,109.0,570.0,10,12.369606733322144,331.7351686926978,2.051519033051903,2.3696067333221436,-0.0004964995255268869,0.8114406163519674,-0.0005323096737397272,0.8314236726620718,-0.0017444407116106921,0.05279776002498199,1,-1.0,-1.0,0,0,0,5,1,33.0,67.0,190.0,20.5,1010.0,cotonou/COTO,363.2414581239478,81.4,82.1,0.1620924311819396
6.379926119199262,2.3655836373728145,COTO,cotonou,6.352268,2.402957,5143.224681354541,21238.37353,9.0,100.0,109.0,570.0,10,13.29633092880249,306.6749392095511,1.0660206233319691,3.2963309288024902,-8.359169569624153e-05,1.1356093010201755,-0.00019109161177722247,1.129261785158802,-0.004892781867146213,0.015424592412553468,1,-1.0,-1.0,0,0,0,9,1,30.7,55.0,293.0,13.0,1011.4,cotonou/COTO,325.9584504197963,66.5,64.2,0.07413847299549092
6.355810771586067,2.3779772562480446,COTO,cotonou,6.352268,2.402957,2791.3951933161825,21238.37353,9.0,100.0,109.0,570.0,10,13.812283515930176,278.1227953173918,1.9530526956493564,3.812283515930176,3.733761767123606e-05,0.5242502840872952,4.823057275069386e-05,0.5265166594739603,-0.0007536225848727756,0.03645900014373429,1,-1.0,-1.0,0,0,5,10,1,31.5,70.0,236.0,9.3,1011.4,cotonou/COTO,247.88812658137354,59.2,62.4,0.8509596983850218
6.358856503149557,2.376435405536611,COTO,cotonou,6.352268,2.402957,3023.450875220716,21238.37353,9.0,100.0,109.0,570.0,10,13.105193138122559,284.0353675791587,1.816641533641271,3.1051931381225586,-0.00020768358609602898,0.7664224253362469,-0.00021704579057410541,0.7813936653729565,-0.001667192578970936,0.046286246730105125,1,-1.0,-1.0,0,0,4,1,1,31.5,70.0,236.0,9.3,1011.4,cotonou/COTO,281.94874002195616,59.2,63.8,0.7702768305340492
6.377914713632222,2.374767038140434,COTO,cotonou,6.352268,2.402957,4215.627414570182,21238.37353,9.0,100.0,109.0,570.0,10,11.761256575584412,312.4733195940816,1.3213648371681388,1.7612565755844116,-0.00045998460012124776,1.1548131712491103,-0.00045122841855029124,1.157821280750614,9.35127337773641e-05,0.005206854772907426,1,-1.0,-1.0,0,0,0,2,1,31.0,63.0,200.0,16.6,1007.0,cotonou/COTO,74.10445128334986,85.6,81.4,0.2261150503473358
6.349124039792198,2.3806001496341835,COTO,cotonou,6.352268,2.402957,2497.897706751239,21238.37353,9.0,100.0,109.0,570.0,10,12.365355968475342,261.9476585718358,2.2154620459740877,2.365355968475342,-0.0005323950260404557,0.5827984812182733,-0.0009221956565332747,0.6366553865747427,-0.01434189683596123,0.4546691560819847,1,-1.0,-1.0,0,0,1,2,1,32.0,71.0,200.0,18.4,1008.0,cotonou/COTO,145.83304872345087,75.4,55.9,0.40149634183339444
6.364815764251532,2.417152716532102,COTO,cotonou,6.352268,2.402957,2095.7847324610543,21238.37353,9.0,100.0,109.0,570.0,10,14.792495250701904,48.349857155146196,2.573766873557006,4.792495250701904,0.0005117359510958484,0.3967903024166999,0.0004616383049223159,0.3927524608036401,-0.0015933990478515625,0.06112322604315369,1,-1.0,-1.0,0,0,5,6,1,33.0,63.0,248.0,13.0,1011.0,cotonou/COTO,374.3070762089054,61.6,65.7,0.42384018101243326
6.372937371370168,2.357027694112107,COTO,cotonou,6.352268,2.402957,5571.973013927816,21238.37353,9.0,100.0,109.0,570.0,10,13.67493748664856,294.36426988565995,0.9801179930543088,3.6749374866485596,-5.744435026654234e-06,1.3736433756801447,-4.612528343055285e-05,1.3670529359613532,-0.002534362789995416,0.048046373781664174,0,-1.0,5236.984656377045,0,6,0,11,1,31.0,63.0,210.0,16.6,1009.0,cotonou/COTO,396.8541073241009,58.3,65.2,0.7802619290968261
6.37489970750336,2.3563504663020725,COTO,cotonou,6.352268,2.402957,5731.7590949251935,21238.37353,9.0,100.0,109.0,570.0,10,13.526496887207031,296.04277907595883,0.9542834697590798,3.5264968872070312,-3.1555163510254956e-05,1.3224988454150806,-4.2256814381039625e-05,1.3159955639052234,-0.0012383105732094557,0.03197325304402703,0,5547.975236170077,5203.380501004233,1,14,0,6,1,32.0,71.0,220.0,18.4,1009.0,cotonou/COTO,241.37076977131866,72.1,58.3,0.3592321188606692
6.3650377084007745,2.369221576598598,COTO,cotonou,6.352268,2.402957,3990.676642765385,21238.37353,9.0,100.0,109.0,570.0,10,11.519261956214905,290.85211741967794,1.3992926256213314,1.5192619562149048,-0.0005483424799206682,1.2847863901039032,-0.0005458700300541902,1.3036567667462349,-0.00032994917941745367,0.009218217168344705,1,-1.0,-1.0,0,0,0,2,1,30.0,55.0,310.0,7.6,1013.0,cotonou/COTO,248.21595536951256,62.5,59.4,0.21723195940965057
6.363628679764751,2.3699437922813833,COTO,cotonou,6.352268,2.402957,3862.5923545799037,21238.37353,9.0,100.0,109.0,570.0,10,11.630157232284546,289.1004920545107,1.4440301367911457,1.630157232284546,-0.000539386461767263,1.1389479938504266,-0.0005331579358826459,1.1652057481296871,-0.0004919025633070204,0.018145270842902645,0,-1.0,3614.89104126015,0,1,1,5,1,30.0,55.0,310.0,7.6,1013.0,cotonou/COTO,248.21595536951256,62.5,59.4,0.9252865503761362
6.378799890711751,2.365161813612038,COTO,cotonou,6.352268,2.402957,5108.28169581661,21238.37353,9.0,100.0,109.0,570.0,10,13.272562980651855,305.2374148622201,1.0735774861757865,3.2725629806518555,-0.00010162604706499247,1.1554782017836875,-9.946414397394376e-05,1.1521544805120223,-0.001581490150400477,0.048452572298581846,1,-1.0,-1.0,0,0,0,9,1,30.7,55.0,293.0,13.0,1011.4,cotonou/COTO,325.9584504197963,64.2,66.5,0.51632389518226
6.356422636354415,2.390774393711727,COTO,cotonou,6.352268,2.402957,1424.040310377426,21238.37353,9.0,100.0,109.0,570.0,10,15.343296527862549,288.93973043026267,3.7628266534006443,5.343296527862549,0.0011363229817814297,0.6675398569698984,0.0008569127718607583,0.6527392369305567,-0.0051807045936584474,0.24464653241613887,1,-1.0,-1.0,0,0,7,8,1,31.0,71.0,240.0,9.4,1011.0,cotonou/COTO,308.25641307206246,68.3,58.2,0.4991213213438288
6.374222292417586,2.3556089271222493,COTO,cotonou,6.352268,2.402957,5773.781358005276,21238.37353,9.0,100.0,109.0,570.0,10,13.383933782577515,295.0141686836083,0.948753681556076,3.3839337825775146,-5.579579473571258e-05,1.3435484582774289,-6.0184266832139844e-05,1.3367277378554785,-0.0007716019948323567,0.0372858032836424,0,-1.0,5299.382488910654,0,16,0,5,1,32.0,71.0,220.0,18.4,1009.0,cotonou/COTO,396.8541073241009,65.2,58.3,0.7551218406607426
6.381880338735199,2.3662894986875442,COTO,cotonou,6.352268,2.402957,5213.6076086213125,21238.37353,9.0,100.0,109.0,570.0,10,13.921571969985962,309.0994503361634,1.0447638699318242,3.921571969985962,5.163561488083031e-05,1.1035329312034023,7.828300152393606e-05,1.1010007638445465,0.0038375496597235306,0.07474968784528589,1,-1.0,-1.0,0,0,0,10,1,34.0,32.0,222.0,5.4,1009.0,cotonou/COTO,290.9174264288137,61.3,55.8,0.4566395487368896
6.380427000601977,2.363804577274581,COTO,cotonou,6.352268,2.402957,5334.89941959694,21238.37353,9.0,100.0,109.0,570.0,10,12.808288335800171,305.8945838025775,1.032968295687829,2.808288335800171,-0.00017484874806682568,1.1240204128980826,-0.00017945572181984234,1.1183735859644284,-0.0020766072803073458,0.0819256958424816,0,5078.31107075861,4971.399258742639,2,12,0,4,1,34.0,32.0,222.0,5.4,1009.0,cotonou/COTO,367.6178566119935,55.8,78.2,0.7038459433644868
6.378591377018729,2.360978284787301,COTO,cotonou,6.352268,2.402957,5481.326176247442,21238.37353,9.0,100.0,109.0,570.0,10,12.117249250411987,302.25239469558926,1.0126007101242918,2.1172492504119873,-0.0003103136532623622,1.1897342227920376,-0.00041134336931607197,1.1884931296040864,-0.0100353829677691,0.15596307849045954,0,-1.0,5052.925934015678,0,3,5,11,1,29.5,80.0,200.0,7.6,1009.5,cotonou/COTO,346.4622784662153,78.1,77.1,0.18232200793691733
6.3733987015945885,2.35555112295627,COTO,cotonou,6.352268,2.402957,5741.922736759754,21238.37353,9.0,100.0,109.0,570.0,10,13.349182844161987,294.1589980285771,0.9543634650060854,3.3491828441619873,-6.211954686376783e-05,1.3562276596330365,-7.651792972670059e-05,1.3527095404155254,-0.001669243881475626,0.057379252961900114,0,5281.648369083621,5224.114073124105,4,18,0,4,1,31.0,63.0,210.0,16.6,1009.0,cotonou/COTO,356.3532216776974,58.6,72.1,0.31053404203914636
6.345945068914956,2.4007208784119105,COTO,cotonou,6.352268,2.402957,741.718335043205,21238.37353,9.0,100.0,109.0,570.0,10,11.939920902252197,199.3658609841105,7.455272476812064,1.9399209022521973,-0.002380300837777429,0.5520413324012711,-0.002753983904448534,0.6447246606006687,-0.005658796157187684,0.1385006405383376,1,-1.0,-1.0,0,0,5,10,1,31.0,71.0,180.0,18.4,1010.0,cotonou/COTO,393.11085268658167,69.1,75.8,0.47418226934358276
6.356475402617748,2.379003046748957,COTO,cotonou,6.352268,2.402957,2690.8018834772115,21238.37353,9.0,100.0,109.0,570.0,10,13.761051416397095,280.02378606819275,2.0270956670567712,3.7610514163970947,1.7684408216068098e-05,0.5534628377549401,-4.319609075352762e-06,0.5641096190200696,-0.0008708397547403972,0.036354450008904415,1,-1.0,-1.0,0,0,4,8,1,31.9,70.0,220.0,18.4,1008.0,cotonou/COTO,346.04950975268054,70.7,62.4,0.6344433257490019
6.370800509011901,2.403996479845318,COTO,cotonou,6.352268,2.402957,2052.69569314135,21238.37353,9.0,100.0,109.0,570.0,10,13.119286298751831,3.190545828958534,2.6743224547317963,3.119286298751831,-0.0002839155243214777,0.5825661592426618,-0.0002756750079947458,0.612829251399935,-0.0006246924400329588,0.05981203262803031,1,-1.0,-1.0,0,0,1,9,1,32.0,75.0,200.0,20.5,1010.0,cotonou/COTO,257.31179082972295,86.2,75.5,0.6883042637597209
6.364955663525774,2.3711216379561817,COTO,cotonou,6.352268,2.402957,3791.4200864989925,21238.37353,9.0,100.0,109.0,570.0,10,11.567285895347595,291.85288678692336,1.4720750476143891,1.5672858953475952,-0.0005776473355769623,1.2799710585917208,-0.0005607454659710867,1.3002088047850036,-0.0006961911916732788,0.034645986795415896,1,-1.0,-1.0,0,0,1,8,1,33.0,49.0,210.0,16.6,1009.0,cotonou/COTO,263.8369831922563,66.8,62.5,0.08154201031089614
6.362805197575696,2.383111036663017,COTO,cotonou,6.352268,2.402957,2485.798606286996,21238.37353,9.0,100.0,109.0,570.0,10,13.036900520324707,298.1137720512439,2.2107791170061595,3.036900520324707,-0.00028607098941305846,0.8769375837012837,-0.0004264033746436854,0.8953948401144266,-0.006950091570477607,0.17927418377974302,1,-1.0,-1.0,0,0,2,2,1,31.7,62.0,220.0,11.2,1010.7,cotonou/COTO,160.52457568861385,54.4,62.4,0.111997147878094
6.370836867805766,2.3900215174179436,COTO,cotonou,6.352268,2.402957,2503.010081087882,21238.37353,9.0,100.0,109.0,570.0,10,11.910059690475464,325.3045986685586,2.2213479702235635,1.9100596904754639,-0.0007016190911347916,0.8058039410759509,-0.0007044452105381691,0.8440652050079275,-0.0004146148761113485,0.01941241165461824,1,-1.0,-1.0,0,0,2,4,1,32.0,63.0,210.0,16.6,1010.0,cotonou/COTO,370.2078816016378,62.3,84.9,0.9271461893017529
6.346874385129709,2.4046315192669905,COTO,cotonou,6.352268,2.402957,624.5796143577758,21238.37353,9.0,100.0,109.0,570.0,10,12.378795385360718,162.8518384501475,8.793833721926706,2.3787953853607178,-0.0021577280061813664,0.40478933953266466,-0.0020758981290070907,0.49142940700744786,-0.0026545842488606766,0.09811260245918996,1,-1.0,-1.0,0,0,0,9,1,31.0,71.0,180.0,18.4,1010.0,cotonou/COTO,313.45464504453633,69.1,77.3,0.8363877861905585
6.3654875853013895,2.3710398949611915,COTO,cotonou,6.352268,2.402957,3821.9338238702153,21238.37353,9.0,100.0,109.0,570.0,10,11.526708602905273,292.6256489332917,1.4609352457392235,1.5267086029052734,-0.0005816159143347049,1.322021755772705,-0.0005673619417043833,1.3400055372091122,-0.000805400808652242,0.03784295090656767,1,-1.0,-1.0,0,0,1,4,1,31.0,63.0,180.0,9.4,1011.0,cotonou/COTO,257.5295687877015,62.4,62.5,0.12073493052091488
6.382144676110172,2.365671000557754,COTO,cotonou,6.352268,2.402957,5285.252838803334,21238.37353,9.0,100.0,109.0,570.0,10,13.965047359466553,308.8798191164792,1.030133303382184,3.9650473594665527,4.859810270607589e-05,1.1005013325808712,5.3901870386039e-05,1.0993146060480294,0.0011737919787068417,0.035275435653452626,1,-1.0,-1.0,0,0,1,9,1,34.0,32.0,222.0,5.4,1009.0,cotonou/COTO,290.9174264288137,55.8,61.3,0.286722223134496
6.354239979135012,2.394200147939807,COTO,cotonou,6.352268,2.402957,993.1010675534317,21238.37353,9.0,100.0,109.0,570.0,10,15.275866031646729,282.76723598303136,5.3913334674511875,5.2758660316467285,0.0015381123505386653,0.5232885828606435,0.0015422635087439952,0.5302867910482738,0.0006788653902687568,0.02508167636113385,1,-1.0,-1.0,0,0,2,11,1,31.0,71.0,240.0,9.4,1011.0,cotonou/COTO,355.40979741691933,62.9,54.4,0.18903711279735613
6.379800671313699,2.3642528683403494,COTO,cotonou,6.352268,2.402957,5254.270387387074,21238.37353,9.0,100.0,109.0,570.0,10,13.011487007141113,305.5963297304736,1.0466010612804135,3.0114870071411133,-0.00013172432328715467,1.137263176159051,-0.00015395006442025106,1.1342819875433587,-0.002705049514770508,0.10094926981216282,0,-1.0,5001.559987993707,0,5,0,12,1,30.7,55.0,293.0,13.0,1011.4,cotonou/COTO,267.89890817251177,66.5,78.2,0.598779429638536
6.3599651620965805,2.3795409951815985,COTO,cotonou,6.352268,2.402957,2726.9950070746313,21238.37353,9.0,100.0,109.0,570.0,10,13.308424949645996,288.30276482583497,2.0097120320778967,3.308424949645996,-0.00015093707847572166,0.803368879996585,-0.00015565340664224384,0.8142482011079815,-0.0013874583774142796,0.05104282580364601,1,-1.0,-1.0,0,0,2,2,1,32.0,63.0,220.0,13.0,1010.0,cotonou/COTO,331.6838992172874,65.8,70.7,0.28130390803585603
6.375588023771664,2.358247641641398,COTO,cotonou,6.352268,2.402957,5578.460604489735,21238.37353,9.0,100.0,109.0,570.0,10,13.38506555557251,297.6941146687901,0.9819547379785573,3.3850655555725098,-5.7710385174573e-05,1.279837815610697,-9.405042497890287e-05,1.2731667974019205,-0.002325267409260054,0.04955202932928286,0,5265.440770971272,5209.544372128689,1,5,3,8,1,31.5,72.0,200.0,11.2,1008.3,cotonou/COTO,324.64606281298086,77.1,72.1,0.5599836057488312
6.362783191871097,2.383080746457863,COTO,cotonou,6.352268,2.402957,2487.6208798293756,21238.37353,9.0,100.0,109.0,570.0,10,13.036900520324707,298.027759910581,2.209161245386391,3.036900520324707,-0.0002792238808135027,0.8782521754357557,-0.000413899398616067,0.8966932722285793,-0.006595812249695086,0.17900327595491258,1,-1.0,-1.0,0,0,1,3,1,31.7,62.0,220.0,11.2,1010.7,cotonou/COTO,160.52457568861385,54.4,62.4,0.08610808364383749
6.3813741703194,2.3673415739473143,COTO,cotonou,6.352268,2.402957,5087.963300261252,21238.37353,9.0,100.0,109.0,570.0,10,13.547499895095825,309.43266254503834,1.0747687427108565,3.547499895095825,6.77022661462443e-07,1.1085339460840364,1.7175147699755293e-05,1.1048498750268787,0.0036657989025115963,0.19704978832709868,1,-1.0,-1.0,0,0,3,8,1,34.0,32.0,222.0,5.4,1009.0,cotonou/COTO,238.87705477918232,61.3,66.5,0.02799193796866528
6.356998587276552,2.39886391913074,COTO,cotonou,6.352268,2.402957,691.9265649270882,21238.37353,9.0,100.0,109.0,570.0,10,14.893137454986572,319.30728984977753,7.745104839457163,4.893137454986572,0.001647425029012892,0.37838045878522286,0.0016209871507274366,0.3904825467891402,0.0010519018906580515,0.04344596304078872,1,-1.0,-1.0,0,0,5,5,1,31.0,71.0,210.0,20.5,1010.0,cotonou/COTO,337.12035847750434,62.0,62.4,0.2127054562451961
6.363243132263782,2.3598078910379976,COTO,cotonou,6.352268,2.402957,4925.8606255553095,21238.37353,9.0,100.0,109.0,570.0,10,11.669187426567078,284.3578329717497,1.1319685267107271,1.6691874265670776,-0.0004116775772788308,1.2671719765248994,-0.0004015326608396768,1.2713022584489442,0.0004953550589278317,0.018964452304292556,1,-1.0,-1.0,0,0,1,0,1,34.0,44.0,220.0,14.8,1010.0,cotonou/COTO,275.55065323816524,65.7,67.2,0.4830205798376799
6.348532066716563,2.381767916902612,COTO,cotonou,6.352268,2.402957,2380.5068580248467,21238.37353,9.0,100.0,109.0,570.0,10,12.378462076187134,259.94141311529955,2.32428200767897,2.378462076187134,-0.0005535538991292317,0.5796054547344982,-0.0006037674003355326,0.6067949912928473,-0.0024739111110409907,0.08227074010759718,1,-1.0,-1.0,0,0,1,2,1,32.0,71.0,200.0,18.4,1008.0,cotonou/COTO,210.16260561769036,65.8,59.0,0.6653909157020523
6.363574135873194,2.415979776355224,COTO,cotonou,6.352268,2.402957,1907.695054599068,21238.37353,9.0,100.0,109.0,570.0,10,15.098490238189697,48.86029620539489,2.817966832663976,5.098490238189697,0.000693832300745713,0.4174832709623364,0.0006619269197637386,0.4113175301647618,-0.0017481168111165366,0.08720850297838305,1,-1.0,-1.0,0,0,5,5,1,33.0,63.0,248.0,13.0,1011.0,cotonou/COTO,306.3941828756752,57.9,65.7,0.7836326724485736
6.373441600138612,2.369157900034653,COTO,cotonou,6.352268,2.402957,4412.086197836219,21238.37353,9.0,100.0,109.0,570.0,10,11.740650057792664,302.2266385407001,1.2628148358509688,1.7406500577926636,-0.00044286967934788896,1.273631615968727,-0.00040865929327161816,1.2735455770514745,0.0021005282174845446,0.06657707664255279,1,-1.0,-1.0,0,0,1,0,1,29.6,70.0,230.0,11.2,1008.2,cotonou/COTO,151.02935906652115,80.0,79.6,0.3396968646879608
6.3593992686325205,2.3964494456477663,COTO,cotonou,6.352268,2.402957,1067.8635118499167,21238.37353,9.0,100.0,109.0,570.0,10,14.55801773071289,317.79455612104596,5.054096130554919,4.558017730712891,0.0008002247442083415,0.401388375518754,0.0002419223916719301,0.3934131972118294,-0.005707421893298183,0.14155091651071386,1,-1.0,-1.0,0,0,6,3,1,31.0,71.0,210.0,20.5,1010.0,cotonou/COTO,391.6664531205258,58.3,68.1,0.40799640269644066
6.371333607559484,2.391849427199349,COTO,cotonou,6.352268,2.402957,2440.4337627212913,21238.37353,9.0,100.0,109.0,570.0,10,12.290074110031128,329.92935581266653,2.2693395142416097,2.290074110031128,-0.0005759826520594155,0.6994349358309576,-0.0005822044431809902,0.7190781052210246,-0.00023784276612859496,0.022398788272406822,1,-1.0,-1.0,0,0,3,13,1,33.0,67.0,200.0,18.4,1012.0,cotonou/COTO,322.1257484275571,84.9,82.1,0.6130408360100348
6.358275469201409,2.3970077890360084,COTO,cotonou,6.352268,2.402957,935.2108009746402,21238.37353,9.0,100.0,109.0,570.0,10,14.851216793060303,315.45607752045345,5.748666137688991,4.851216793060303,0.0011919014155864715,0.453638660680249,0.0010463617500759135,0.44711548412367935,-0.0016812995246979917,0.0582673161152685,1,-1.0,-1.0,0,0,1,6,1,33.0,63.0,200.0,16.6,1009.0,cotonou/COTO,391.6664531205258,68.1,58.3,0.9476363286679566
6.357489343404282,2.3743301061311626,COTO,cotonou,6.352268,2.402957,3219.483324188132,21238.37353,9.0,100.0,109.0,570.0,10,13.55777382850647,280.4008224683721,1.6980475076992212,3.5577738285064697,-3.0209824185325058e-05,0.612721036183609,-7.164468960703487e-05,0.6173545279088233,-0.0027801665168496535,0.09094827685322011,1,-1.0,-1.0,0,0,4,11,1,32.4,63.0,230.0,7.6,1010.7,cotonou/COTO,320.4806640032702,53.0,63.8,0.004767043001186244
6.365873075961848,2.3670585174504297,COTO,cotonou,6.352268,2.402957,4247.198964780457,21238.37353,9.0,100.0,109.0,570.0,10,11.455288290977478,290.8755235604832,1.3156713360374803,1.455288290977478,-0.0005274446665086477,1.3631345840057312,-0.0005205649744581293,1.3767024568137718,3.983577092488677e-07,0.00316735996196128,1,-1.0,-1.0,0,0,2,2,1,30.1,50.0,198.0,11.1,1009.1,cotonou/COTO,327.63056038773834,66.1,62.5,0.3282067302524154
6.367536017868218,2.3905004494893753,COTO,cotonou,6.352268,2.402957,2179.5112930233595,21238.37353,9.0,100.0,109.0,570.0,10,12.788623094558716,320.96423711434784,2.5275984490606724,2.788623094558716,-0.00043215938994425635,0.6056740726883075,-0.0005430221557617187,0.6477459738866552,-0.0036727984746297198,0.17917226345435172,1,-1.0,-1.0,0,0,3,12,1,32.0,63.0,210.0,16.6,1010.0,cotonou/COTO,212.6801711490812,62.3,70.8,0.7260481125673691
6.371461093020741,2.392700318533783,COTO,cotonou,6.352268,2.402957,2406.8326062267674,21238.37353,9.0,100.0,109.0,570.0,10,12.387707948684692,332.0276384534128,2.298666869961988,2.3877079486846924,-0.0005429150145730854,0.7127245292076504,-0.0005472206487888243,0.7293723414996118,-0.0005860567092895508,0.02190622898599251,1,-1.0,-1.0,0,0,1,10,1,33.0,67.0,200.0,18.4,1012.0,cotonou/COTO,322.1257484275571,84.9,82.1,0.9095186528860226
6.350498749873043,2.389804218035863,COTO,cotonou,6.352268,2.402957,1468.3280601810184,21238.37353,9.0,100.0,109.0,570.0,10,14.126490116119385,262.29281046164243,3.6969299110179654,4.126490116119385,0.00028535854825767265,0.317402670308773,0.00025443806365683984,0.3136770879271745,-0.0003387170371303265,0.0080899511289038,1,-1.0,-1.0,0,0,0,1,1,31.0,66.0,250.0,7.6,1013.0,cotonou/COTO,253.66596638093372,73.7,65.2,0.8781253173941926
6.35751929349083,2.3975878281272247,COTO,cotonou,6.352268,2.402957,830.7444815956585,21238.37353,9.0,100.0,109.0,570.0,10,15.027139663696289,314.5409287779315,6.453798657197193,5.027139663696289,0.0015434597019327956,0.4721688773602333,0.0014104077551099989,0.4722587947870861,-0.0011273913913302951,0.042068931458514106,1,-1.0,-1.0,0,0,4,11,1,31.0,71.0,210.0,20.5,1010.0,cotonou/COTO,230.8079454871386,58.3,62.0,0.37151352777981894
6.356734724354627,2.403449755344757,COTO,cotonou,6.352268,2.402957,496.9650418708754,21238.37353,9.0,100.0,109.0,570.0,10,14.618048667907715,6.256843118386826,10.753359522342038,4.618048667907715,0.0015883439252396265,0.4644559203849153,0.001523634843658983,0.4457755770045053,-0.0018113692601521812,0.09073073945105439,1,-1.0,-1.0,0,0,0,6,1,31.4,69.0,240.0,16.6,1010.7,cotonou/COTO,285.8934238489022,68.1,64.7,0.03103320807677612
6.349649948549948,2.3805623924274006,COTO,cotonou,6.352268,2.402957,2494.616487982353,21238.37353,9.0,100.0,109.0,570.0,10,12.82511305809021,263.2925172498726,2.207829329154319,2.82511305809021,-0.00034995173651074604,0.4892956378597583,-0.0003016526974188997,0.5018356998519538,0.0010753527104670568,0.03737017320434711,1,-1.0,-1.0,0,0,0,1,1,32.0,71.0,200.0,18.4,1008.0,cotonou/COTO,206.50773641684015,75.4,65.8,0.0012862512907479973
6.36081885336654,2.3844996714018873,COTO,cotonou,6.352268,2.402957,2250.427129556075,21238.37353,9.0,100.0,109.0,570.0,10,13.101607322692871,294.9932543794705,2.440092744155273,3.101607322692871,-0.00026884747893012327,0.8248944006334915,-0.00027166248916031484,0.8478255165652463,0.000205940670437283,0.014414867183284568,1,-1.0,-1.0,0,0,2,9,1,33.0,63.0,210.0,18.4,1008.0,cotonou/COTO,318.97004498850305,75.2,54.4,0.15573811006253158
6.369866883059637,2.402778131084916,COTO,cotonou,6.352268,2.402957,1946.3242533838975,21238.37353,9.0,100.0,109.0,570.0,10,13.184560775756836,359.4212804310045,2.818334032806479,3.184560775756836,-0.00028130151097276813,0.5076501943585776,-0.00038329169893925593,0.5441935392524544,-0.004466234925364682,0.11768549495936903,1,-1.0,-1.0,0,0,1,7,1,32.0,75.0,200.0,20.5,1010.0,cotonou/COTO,257.31179082972295,86.2,75.5,0.02615819832394861
6.370359307299074,2.3975592973169113,COTO,cotonou,6.352268,2.402957,2087.9082845250537,21238.37353,9.0,100.0,109.0,570.0,10,12.09377384185791,343.4840554331127,2.6573657807668765,2.09377384185791,-0.0007920328424585385,0.8148186691126124,-0.0007719057577627677,0.8667081580171759,-0.0021022160847981772,0.0945456203641762,1,-1.0,-1.0,0,0,1,1,1,31.7,72.0,200.0,14.8,1010.3,cotonou/COTO,390.0382688916548,86.5,69.0,0.015215221268942036
6.351988209289296,2.415086518104279,COTO,cotonou,6.352268,2.402957,1342.3738194390132,21238.37353,9.0,100.0,109.0,570.0,10,15.860713481903076,91.32889191279935,3.9690502463914767,5.860713481903076,0.0015953496650413226,0.710810481086257,0.0013468104896815951,0.7218955272610066,-0.0028302139706081818,0.12423151746686383,1,-1.0,-1.0,0,0,1,7,1,29.8,77.0,200.0,11.2,1012.0,cotonou/COTO,331.6003083532061,58.1,69.85,0.17389573466286845
6.386317842204429,2.373620903081266,COTO,cotonou,6.352268,2.402957,4971.245908967268,21238.37353,9.0,100.0,109.0,570.0,10,13.21903944015503,319.42998748306593,1.1037808205441275,3.2190394401550293,-8.84283140610931e-05,1.02836202009766,-7.445447974734838e-05,1.0227398337175886,0.0022396670447455513,0.08461745049282667,1,-1.0,-1.0,0,0,4,10,1,31.0,59.0,170.0,13.0,1007.0,cotonou/COTO,358.8872214220909,66.1,62.5,0.4204058455810461
6.369308530583367,2.3895725683588642,COTO,cotonou,6.352268,2.402957,2396.691387862577,21238.37353,9.0,100.0,109.0,570.0,10,11.875373482704163,322.02472802523823,2.3206108073135696,1.8753734827041626,-0.0007651436077948927,0.7692377282626548,-0.000770770662205752,0.8192875182998843,-0.0010449311999948727,0.029764942653380415,1,-1.0,-1.0,0,0,1,2,1,33.0,67.0,200.0,18.4,1012.0,cotonou/COTO,370.2078816016378,84.9,62.3,0.5504591926976921
6.3739303214214065,2.394497730644817,COTO,cotonou,6.352268,2.402957,2571.9253718472646,21238.37353,9.0,100.0,109.0,570.0,10,12.105784177780151,338.7892148205171,2.157529692019963,2.1057841777801514,-0.0006156948361323955,1.0462839508728887,-0.0005934493108229203,1.059814565847844,0.0007149457931518555,0.02686994697489175,1,-1.0,-1.0,0,0,1,9,1,33.0,67.0,190.0,20.5,1010.0,cotonou/COTO,361.2210155846181,82.1,76.9,0.883753244147889
6.372946515636746,2.393875249893796,COTO,cotonou,6.352268,2.402957,2497.804869864617,21238.37353,9.0,100.0,109.0,570.0,10,12.144450426101685,336.42007502088586,2.2206039479184763,2.1444504261016846,-0.0006200559555538116,0.9618991592211538,-0.0005854243094554295,0.9713429029873581,0.0005142021622719446,0.026460457931673936,1,-1.0,-1.0,0,0,0,10,1,31.7,72.0,200.0,14.8,1010.3,cotonou/COTO,361.2210155846181,76.9,82.1,0.4739943139104933
6.345862135885602,2.3999723546597926,COTO,cotonou,6.352268,2.402957,781.5972855674729,21238.37353,9.0,100.0,109.0,570.0,10,11.876893758773804,204.8474266279889,7.083397899642355,1.8768937587738037,-0.0022593798460783777,0.6438046610216727,-0.002597899055731907,0.695567436844407,-0.0039126392387924015,0.12709751057980456,1,-1.0,-1.0,0,0,0,4,1,31.0,71.0,180.0,18.4,1010.0,cotonou/COTO,393.11085268658167,69.1,75.8,0.6868310625589507
6.35568092571676,2.392128616692706,COTO,cotonou,6.352268,2.402957,1256.099837232212,21238.37353,9.0,100.0,109.0,570.0,10,15.763463497161865,287.59605546315385,4.245109526298043,5.763463497161865,0.001632120684971885,0.6533735028307395,0.0016372714981888277,0.6709716719172256,0.001163625717163086,0.042849980491932345,1,-1.0,-1.0,0,0,3,11,1,31.0,71.0,240.0,9.4,1011.0,cotonou/COTO,249.61182844569544,68.3,57.1,0.8012342890122678
6.357542753197144,2.4053841410302033,COTO,cotonou,6.352268,2.402957,642.1680238518957,21238.37353,9.0,100.0,109.0,570.0,10,14.51894235610962,24.575224491181075,8.36977973161387,4.518942356109619,0.0010643833171185364,0.5677526104972068,0.0010796033673816257,0.5468060640928418,-0.001731280485788981,0.07762250621400617,1,-1.0,-1.0,0,0,0,0,1,31.4,69.0,240.0,16.6,1010.7,cotonou/COTO,384.8115623263995,64.7,66.4,0.3231738196494499
6.347791692597423,2.3862135717994524,COTO,cotonou,6.352268,2.402957,1917.5101082894948,21238.37353,9.0,100.0,109.0,570.0,10,12.993050336837769,254.94490115411895,2.866323011949466,2.9930503368377686,-0.00038460409286009036,0.42198080614499034,-0.0004290803514345727,0.4462665779619236,-0.003826941384209527,0.140899789760635,1,-1.0,-1.0,0,0,2,3,1,31.0,75.0,200.0,18.4,1008.0,cotonou/COTO,288.9775799261479,69.3,72.8,0.7214571086537097
6.349800529089044,2.3890621346992162,COTO,cotonou,6.352268,2.402957,1561.3686418188952,21238.37353,9.0,100.0,109.0,570.0,10,13.864455223083496,259.87017564773055,3.486770813801791,3.864455223083496,9.903382955107301e-05,0.360603777653137,6.816637368849769e-05,0.36170693639201884,-0.0014372163348727758,0.05283394267820088,1,-1.0,-1.0,0,0,3,6,1,31.0,75.0,200.0,18.4,1008.0,cotonou/COTO,288.65336045167965,69.3,65.2,0.6921938810632171
6.366185482320272,2.3631790650814914,COTO,cotonou,6.352268,2.402957,4662.359415415508,21238.37353,9.0,100.0,109.0,570.0,10,11.49447238445282,289.39659518433757,1.1980717170978827,1.4944723844528198,-0.00047276048069326283,1.3854556389966393,-0.0004667718450731366,1.3945742809949833,8.338590463002522e-05,0.006315585322515741,1,-1.0,-1.0,0,0,0,6,1,30.1,50.0,198.0,11.1,1009.1,cotonou/COTO,352.5538937525515,61.3,78.0,0.09667162033951282
6.366965374948778,2.3574716071078203,COTO,cotonou,6.352268,2.402957,5288.421912257921,21238.37353,9.0,100.0,109.0,570.0,10,11.689050436019897,288.0130898700455,1.0541665670127947,1.6890504360198975,-0.00037285994004721977,1.4143825063722413,-0.0003757230730630027,1.4156724757249606,0.0011288580650648198,0.039611156963479784,1,-1.0,-1.0,0,0,3,2,1,30.0,49.0,140.0,14.8,1008.0,cotonou/COTO,350.56675056255096,78.69999999999999,78.8,0.8097726341413795
6.3533104125416155,2.415179693501255,COTO,cotonou,6.352268,2.402957,1357.2289513842525,21238.37353,9.0,100.0,109.0,570.0,10,15.466899394989014,85.0946767601364,3.942291522173112,5.466899394989014,0.0013984849230178856,0.5615331404253757,0.0012495461243804784,0.5670406023540498,0.0005709001589342993,0.0251569873157456,1,-1.0,-1.0,0,0,1,13,1,32.0,67.0,210.0,18.4,1012.0,cotonou/COTO,331.6003083532061,69.85,58.1,0.38241189878656945
6.3513003994549155,2.391821541697298,COTO,cotonou,6.352268,2.402957,1236.6726913599905,21238.37353,9.0,100.0,109.0,570.0,10,14.315984725952148,265.00393196895646,4.378224924563031,4.315984725952148,0.000502412332786181,0.2898286712526861,0.0004637592992237064,0.2866640011753602,-0.0005233519499438784,0.018327475654455604,1,-1.0,-1.0,0,0,0,2,1,31.0,66.0,250.0,7.6,1013.0,cotonou/COTO,229.63053738552546,73.7,54.4,0.21864051209499058
6.358452158397281,2.4009240594324552,COTO,cotonou,6.352268,2.402957,719.9309553771612,21238.37353,9.0,100.0,109.0,570.0,10,14.554380416870117,341.9072067196744,7.473784693698753,4.554380416870117,0.0011771348934385122,0.3427885283568487,0.0010796279085206846,0.3371126309471502,9.496310306006998e-05,0.004926196366105923,1,-1.0,-1.0,0,0,4,5,1,31.0,75.0,210.0,18.4,1008.0,cotonou/COTO,392.92902527041525,62.4,68.1,0.156572218088033
6.356406347500159,2.4060045481971484,COTO,cotonou,6.352268,2.402957,568.4501854105124,21238.37353,9.0,100.0,109.0,570.0,10,14.879837036132812,36.19994761506439,9.401358249938301,4.8798370361328125,0.0020407464710614246,0.6280395184472084,0.001528332317785062,0.5992777276782595,-0.004062292515162497,0.10039113654361943,1,-1.0,-1.0,0,0,4,10,1,31.4,69.0,240.0,16.6,1010.7,cotonou/COTO,299.4984878091749,71.6,64.7,0.9347998008601933
6.365125091456562,2.367677850583488,COTO,cotonou,6.352268,2.402957,4154.1592156195775,21238.37353,9.0,100.0,109.0,570.0,10,11.478045463562012,290.13967307282593,1.344813714038729,1.4780454635620117,-0.0005354183009893334,1.3044613656856714,-0.0005292933319759143,1.3216288306152308,-0.00015532374382019044,0.007308360997208965,1,-1.0,-1.0,0,0,2,3,1,30.1,50.0,198.0,11.1,1009.1,cotonou/COTO,211.07519039432174,58.0,62.5,0.28144053450439677
6.369778440753209,2.400604146008998,COTO,cotonou,6.352268,2.402957,1953.8618772775856,21238.37353,9.0,100.0,109.0,570.0,10,12.763198852539062,352.3937744208166,2.8198052717279913,2.7631988525390625,-0.0004766629199789028,0.6459934256072863,-0.0005215163254619238,0.6698932279719062,-0.0020350138346354168,0.077097183315268,1,-1.0,-1.0,0,0,0,15,1,31.7,72.0,200.0,14.8,1010.3,cotonou/COTO,382.05451823009946,87.4,69.0,0.7756092446125123
6.376144631735474,2.3592226652469677,COTO,cotonou,6.352268,2.402957,5512.2492454996445,21238.37353,9.0,100.0,109.0,570.0,10,13.084728717803955,298.78384105608137,0.9968681488666195,3.084728717803955,-0.00011272875295169104,1.259598974388184,-0.00013083213933884805,1.2529952110128033,-0.0011975624579715278,0.06828118435651927,0,5247.131045315293,5225.037861966596,1,2,2,4,1,32.0,71.0,220.0,18.4,1009.0,cotonou/COTO,324.64606281298086,72.1,77.1,0.8238839554990939
6.356621022593382,2.4109316718780325,COTO,cotonou,6.352268,2.402957,1005.0989125112407,21238.37353,9.0,100.0,109.0,570.0,10,15.447038173675537,61.222631931311355,5.317675997940752,5.447038173675537,0.001705928176057105,0.5069298136095479,0.001719475896270187,0.5254979443957862,0.0018471678098042807,0.08291500766243654,1,-1.0,-1.0,0,0,2,14,1,32.0,67.0,210.0,18.4,1012.0,cotonou/COTO,390.090387602657,65.5,58.7,0.9350715349266058
6.3570093456687236,2.3916806885019204,COTO,cotonou,6.352268,2.402957,1353.315508765448,21238.37353,9.0,100.0,109.0,570.0,10,15.277434825897217,292.9323369307439,3.961638734552426,5.277434825897217,0.0011380024578260337,0.679892000799944,0.0010155532858283102,0.6730263570257405,-0.004760558645890599,0.14808339670854476,1,-1.0,-1.0,0,0,2,11,1,32.6,66.0,210.0,11.2,1010.9,cotonou/COTO,267.5192114597196,57.1,58.2,0.6079101385170514
6.35822917783968,2.397700334997148,COTO,cotonou,6.352268,2.402957,879.1158416107311,21238.37353,9.0,100.0,109.0,570.0,10,14.826631546020508,318.7690485871107,6.114368575042343,4.826631546020508,0.0012440445688035753,0.4120351300136759,0.0011885768623762232,0.4099788867025926,-0.0009737650553385417,0.036359286756306675,1,-1.0,-1.0,0,0,5,5,1,31.0,71.0,210.0,20.5,1010.0,cotonou/COTO,382.2656929414359,58.3,62.4,0.18057248436342843
6.36347563809238,2.384033878315394,COTO,cotonou,6.352268,2.402957,2433.0069220653595,21238.37353,9.0,100.0,109.0,570.0,10,12.839801549911499,300.7933430812777,2.263334050173843,2.839801549911499,-0.0003525162130836549,0.9128227955228347,-0.00046374239194979706,0.9274590429679341,-0.003307566796716739,0.11507957848934197,1,-1.0,-1.0,0,0,3,12,1,31.9,70.0,220.0,18.4,1008.0,cotonou/COTO,160.52457568861385,62.4,54.4,0.09924930308204727
6.361865519334092,2.4044058145800076,COTO,cotonou,6.352268,2.402957,1073.4057451143342,21238.37353,9.0,100.0,109.0,570.0,10,15.274956703186035,8.532309441289328,4.99015812572867,5.274956703186035,0.00145181969360069,0.450880266135496,0.0013982993646750417,0.4682187949924061,0.000289955629342245,0.02189910428155156,1,-1.0,-1.0,0,0,3,5,1,31.6,70.0,230.0,16.6,1013.0,cotonou/COTO,273.96095269222405,64.4,66.4,0.07092709996269131
6.346774241957352,2.404329964545735,COTO,cotonou,6.352268,2.402957,626.2459301736981,21238.37353,9.0,100.0,109.0,570.0,10,12.399997234344482,166.0510455397332,8.768904698263597,2.3999972343444824,-0.0021024120825896045,0.3902264078193628,-0.0023782648417546926,0.47806806109220595,-0.004987651400548726,0.13016299447852142,1,-1.0,-1.0,0,0,0,5,1,31.0,71.0,180.0,18.4,1010.0,cotonou/COTO,313.45464504453633,69.1,77.3,0.7238673678115954
6.354644045034611,2.390739387394792,COTO,cotonou,6.352268,2.402957,1377.0621992045276,21238.37353,9.0,100.0,109.0,570.0,10,15.767827987670898,281.0723513573313,3.873224056935034,5.767827987670898,0.0014933598214301506,0.6238902008841783,0.0012811463688336064,0.6280428361730213,-0.002399842027257945,0.0641118806401058,1,-1.0,-1.0,0,0,4,12,1,31.0,71.0,240.0,9.4,1011.0,cotonou/COTO,295.36221914797846,54.4,68.3,0.7990990942907992
6.364905126909143,2.4151343399890424,COTO,cotonou,6.352268,2.402957,1941.1948676240313,21238.37353,9.0,100.0,109.0,570.0,10,14.956801414489746,43.76117768499364,2.773584931610653,4.956801414489746,0.0006306702497613854,0.4186539866544177,0.0006674806515329375,0.41249912974199426,0.0005391298425485924,0.05401441710048033,1,-1.0,-1.0,0,0,2,4,1,33.0,63.0,248.0,13.0,1011.0,cotonou/COTO,306.3941828756752,65.7,57.9,0.7876081155120945
6.369681823968834,2.392251960295556,COTO,cotonou,6.352268,2.402957,2260.8248658773705,21238.37353,9.0,100.0,109.0,570.0,10,12.585538864135742,328.5773663758569,2.441939047317671,2.585538864135742,-0.0005920609386077541,0.5563718816287451,-0.0005525303702069145,0.6025360338267266,-0.0037008782227834066,0.17085510220314612,1,-1.0,-1.0,0,0,5,3,1,32.0,63.0,210.0,16.6,1010.0,cotonou/COTO,247.7688085695969,61.2,82.1,0.1258769080935822
6.379755162245434,2.3709092280277897,COTO,cotonou,6.352268,2.402957,4670.330246818301,21238.37353,9.0,100.0,109.0,570.0,10,12.050280094146729,310.7964566711359,1.189211852922979,2.0502800941467285,-0.00035399814956208576,1.1435902209830984,-0.00032347737485346415,1.140671271649307,0.0013714287016126845,0.0617142915725708,1,-1.0,-1.0,0,0,0,12,1,30.0,70.0,210.0,16.6,1007.0,cotonou/COTO,333.8960444509769,78.2,66.5,0.4264335477216922
6.373578680829079,2.3595637174284927,COTO,cotonou,6.352268,2.402957,5348.201308960161,21238.37353,9.0,100.0,109.0,570.0,10,13.807060480117798,296.29866321224375,1.0197031671080685,3.807060480117798,1.8634831661174628e-05,1.3474168765550785,2.9350033512821894e-05,1.3448198154079731,0.001869641409979926,0.06870243245842779,1,-1.0,-1.0,0,0,1,8,1,31.5,72.0,200.0,11.2,1008.3,cotonou/COTO,324.3499013411239,63.4,77.1,0.03379480447904759
6.356487214857297,2.377010153758709,COTO,cotonou,6.352268,2.402957,2908.433527061696,21238.37353,9.0,100.0,109.0,570.0,10,13.981553316116333,279.2935590013918,1.87118607357965,3.981553316116333,9.769476591523946e-05,0.5535104845649937,0.00014083552256573888,0.5526568296510463,0.0027527379381643916,0.0779873598686946,1,-1.0,-1.0,0,0,1,13,1,31.5,70.0,236.0,9.3,1011.4,cotonou/COTO,247.88812658137354,59.2,62.4,0.32248839273717655
6.365613765252042,2.3665535615605147,COTO,cotonou,6.352268,2.402957,4289.53947528195,21238.37353,9.0,100.0,109.0,570.0,10,11.468141078948975,290.24986145205474,1.3025177248003108,1.4681410789489746,-0.0005218301960480375,1.3360426018704656,-0.0005192816685446839,1.3505075057521676,-0.00019037864166059483,0.00548970959557172,1,-1.0,-1.0,0,0,2,3,1,30.1,50.0,198.0,11.1,1009.1,cotonou/COTO,167.19783760562936,66.1,58.0,0.4224395814424985
6.3824025539850675,2.367539562929257,COTO,cotonou,6.352268,2.402957,5143.952847584245,21238.37353,9.0,100.0,109.0,570.0,10,14.181259632110596,310.5694768966828,1.0560163795954869,4.181259632110596,0.00012847392434869247,1.1094062832642995,0.00010769782851938997,1.1105916517551608,0.0026766697565714518,0.12909100939144033,1,-1.0,-1.0,0,0,2,4,1,34.0,32.0,222.0,5.4,1009.0,cotonou/COTO,327.77907193718073,61.3,68.0,0.33991574831065186
6.369267689137464,2.405264724349584,COTO,cotonou,6.352268,2.402957,1897.2189871586802,21238.37353,9.0,100.0,109.0,570.0,10,14.004337787628174,7.683553380163403,2.866463377913813,4.004337787628174,0.00015486789246400197,0.4604580228063204,8.238136952532855e-05,0.46452400531674076,-0.0023138062422411996,0.07168887854663042,1,-1.0,-1.0,0,0,6,7,1,32.0,75.0,200.0,20.5,1010.0,cotonou/COTO,333.13687187099424,86.2,68.0,0.8650936346703965
6.360722606115094,2.3792505058985123,COTO,cotonou,6.352268,2.402957,2784.542045569782,21238.37353,9.0,100.0,109.0,570.0,10,13.129727840423584,289.74147006085906,1.9718837059939076,3.129727840423584,-0.00020647882161237816,0.8639896421998818,-0.0002373920407211571,0.8784220709355727,-0.0010548618104722766,0.04858485079017185,1,-1.0,-1.0,0,0,2,14,1,31.9,70.0,220.0,18.4,1008.0,cotonou/COTO,331.6838992172874,70.7,65.8,0.9901814032593856
6.385886555150747,2.375101584879086,COTO,cotonou,6.352268,2.402957,4829.059766837174,21238.37353,9.0,100.0,109.0,570.0,10,13.339983940124512,320.5315005749388,1.1348375681604355,3.3399839401245117,-7.535985112246413e-05,1.0117753128558005,-4.538847319967771e-05,1.006607361780982,0.0019654691551525805,0.08088937532562292,0,4519.380583392705,4490.348159944787,1,4,4,7,1,31.0,59.0,170.0,13.0,1007.0,cotonou/COTO,285.70158014965295,70.2,66.1,0.4068979794777682
6.380642387371827,2.375122613531084,COTO,cotonou,6.352268,2.402957,4396.554076539889,21238.37353,9.0,100.0,109.0,570.0,10,12.167311668395996,315.7291431654558,1.261717113298189,2.167311668395996,-0.0003518108374868922,1.1694551264651314,-0.00033553484035551685,1.1653516183906854,0.0005877951780954996,0.026521212712968104,1,-1.0,-1.0,0,0,0,9,1,32.1,54.0,211.0,13.0,1008.6,cotonou/COTO,389.1226866940447,70.5,81.4,0.3472551544363728
6.3496444933233,2.3808160604665383,COTO,cotonou,6.352268,2.402957,2466.8131485031736,21238.37353,9.0,100.0,109.0,570.0,10,12.84099531173706,263.2023487715725,2.2323202988446433,2.8409953117370605,-0.00034778960737358615,0.48116210322073444,-0.0003521705536251419,0.4974143010323145,-0.0006162540425602886,0.02141877499812961,1,-1.0,-1.0,0,0,1,1,1,32.0,71.0,200.0,18.4,1008.0,cotonou/COTO,206.50773641684015,65.8,75.4,0.8623330825062507
6.373393704423107,2.359601383380741,COTO,cotonou,6.352268,2.402957,5335.472708481345,21238.37353,9.0,100.0,109.0,570.0,10,13.777858972549438,296.12046023065335,1.0224487971984078,3.7778589725494385,1.7327706210771074e-05,1.35621618735888,2.935003351282193e-05,1.3506578452620364,0.001869641409979926,0.07003889117356546,1,-1.0,-1.0,0,0,1,11,1,31.5,72.0,200.0,11.2,1008.3,cotonou/COTO,331.14855306943616,63.4,73.3,0.032080140109112865
6.3483277544314,2.381644320581958,COTO,cotonou,6.352268,2.402957,2397.9783788376026,21238.37353,9.0,100.0,109.0,570.0,10,12.378462076187134,259.4634980731016,2.3073658043941405,2.378462076187134,-0.0005572244348431638,0.5802740092860507,-0.001154323999716877,0.7821597459246409,-0.01772371396090958,0.6676593615087777,1,-1.0,-1.0,0,0,1,1,1,32.0,71.0,200.0,18.4,1008.0,cotonou/COTO,210.16260561769036,65.8,59.0,0.791509610247061
6.353057729231399,2.3922177166989944,COTO,cotonou,6.352268,2.402957,1191.4048190368196,21238.37353,9.0,100.0,109.0,570.0,10,15.023609638214111,274.23224486278997,4.510074910341194,5.023609638214111,0.0011513031655824304,0.3804869604890909,0.001322878736661932,0.39201646993620465,0.00557330721388147,0.1023243824223747,1,-1.0,-1.0,0,0,7,7,1,31.0,71.0,240.0,9.4,1011.0,cotonou/COTO,355.40979741691933,54.4,62.9,0.09007879963425003
6.3502989621963435,2.4134369148135066,COTO,cotonou,6.352268,2.402957,1179.7753515682598,21238.37353,9.0,100.0,109.0,570.0,10,14.77070665359497,100.70468450786069,4.5665507914113,4.770706653594971,0.0001811039926603361,0.35018504929332894,0.0007755671316238675,0.35258936127128987,-0.0038203580734481497,0.19247853260261646,1,-1.0,-1.0,0,0,0,6,1,30.0,75.0,180.0,20.5,1011.0,cotonou/COTO,285.3045504368927,75.1,58.1,0.22447827572427403
6.357222129638606,2.3764225364538474,COTO,cotonou,6.352268,2.402957,2986.457410180946,21238.37353,9.0,100.0,109.0,570.0,10,13.719290494918823,280.64103444964485,1.827359522389629,3.7192904949188232,4.099686940511066e-06,0.6110401658788182,-2.211293363882827e-06,0.6160478181692602,-0.0009957691033681234,0.04544965122154177,1,-1.0,-1.0,0,0,1,11,1,32.4,63.0,230.0,7.6,1010.7,cotonou/COTO,281.94874002195616,63.8,59.2,0.8731773076355915
6.360067447407138,2.3621873664804793,COTO,cotonou,6.352268,2.402957,4592.465340693043,21238.37353,9.0,100.0,109.0,570.0,10,12.412062168121338,280.8977762124067,1.2048573082116874,2.412062168121338,-0.00028028771990821474,0.9095585379941471,-0.00027567387551031956,0.9152981350291426,0.00035829761245456286,0.010313549101450025,1,-1.0,-1.0,0,0,2,12,1,33.0,48.0,210.0,9.4,1011.2,cotonou/COTO,243.7480135303034,68.1,61.2,0.17801971736517297
6.364743795738721,2.3622763747930575,COTO,cotonou,6.352268,2.402957,4707.5849498113785,21238.37353,9.0,100.0,109.0,570.0,10,11.671825170516968,287.1511611695455,1.1844075804086454,1.6718251705169678,-0.0004316000066591037,1.3204926844594547,-0.000421361480393514,1.3291196633827411,0.0004478241589591515,0.012273063594324543,1,-1.0,-1.0,0,0,0,0,1,30.1,50.0,198.0,11.1,1009.1,cotonou/COTO,370.6602309393415,61.3,67.2,0.4403892485576746
6.36396597732293,2.415730881357109,COTO,cotonou,6.352268,2.402957,1915.9700240772313,21238.37353,9.0,100.0,109.0,570.0,10,15.059717178344727,47.34055980949245,2.806972381492432,5.059717178344727,0.000698118513518345,0.43132800008068484,0.0006361603736877441,0.424932209368947,-0.0017736170026991102,0.06742043414808369,1,-1.0,-1.0,0,0,2,7,1,33.0,63.0,248.0,13.0,1011.0,cotonou/COTO,306.3941828756752,65.7,57.9,0.3845396235751116
6.365402916366951,2.3628179777898977,COTO,cotonou,6.352268,2.402957,4672.46807338542,21238.37353,9.0,100.0,109.0,570.0,10,11.576992154121399,288.22693478740564,1.1944690478743858,1.576992154121399,-0.00045512805127689973,1.3479349557846731,-0.0004439694688351614,1.3574727762925438,0.00028426664108028676,0.01239459475460261,1,-1.0,-1.0,0,0,0,0,1,30.1,50.0,198.0,11.1,1009.1,cotonou/COTO,370.6602309393415,61.3,67.2,0.18491613684064523
6.355655599167928,2.398285201891074,COTO,cotonou,6.352268,2.402957,638.3726484440358,21238.37353,9.0,100.0,109.0,570.0,10,15.363644123077393,306.1146955944878,8.344626769606501,5.363644123077393,0.002510079831788034,0.5069180032154509,0.0024436809687709274,0.5388616019083959,0.0019118685054976307,0.08090432453019275,1,-1.0,-1.0,0,0,6,10,1,31.0,71.0,210.0,20.5,1010.0,cotonou/COTO,221.7167693252332,62.0,62.1,0.43878214825965267
6.367019864127851,2.3630945707212305,COTO,cotonou,6.352268,2.402957,4702.391329636772,21238.37353,9.0,100.0,109.0,570.0,10,11.487766027450562,290.42556572625415,1.187957028872881,1.4877660274505615,-0.0004711731224303034,1.4241650111118171,-0.0004466665831852529,1.4311125895649242,0.0009847311650341445,0.01425227907111225,1,-1.0,-1.0,0,0,0,2,1,32.0,71.0,220.0,18.4,1009.0,cotonou/COTO,352.5538937525515,78.0,61.3,0.6392835038446066
6.366314964237576,2.3610215861796973,COTO,cotonou,6.352268,2.402957,4892.841553541938,21238.37353,9.0,100.0,109.0,570.0,10,11.518439650535583,288.6282210972516,1.141370121988467,1.5184396505355835,-0.0004448275982848997,1.3958177724444567,-0.0004435285173281275,1.3996354600644576,-0.00012172593010796442,0.0046903173351388865,1,-1.0,-1.0,0,0,0,0,1,30.1,50.0,198.0,11.1,1009.1,cotonou/COTO,364.4114954279447,61.3,78.69999999999999,0.6796316212119664
6.3499697542635785,2.412983436336585,COTO,cotonou,6.352268,2.402957,1138.0756872910438,21238.37353,9.0,100.0,109.0,570.0,10,14.499939441680908,102.98671017360721,4.746663208850396,4.499939441680908,0.0006954863543987026,0.2511119195386755,0.0006687364975611369,0.25838136454383953,9.354485405815972e-05,0.004506038048317841,1,-1.0,-1.0,0,0,0,2,1,30.0,75.0,180.0,20.5,1011.0,cotonou/COTO,285.3045504368927,75.1,58.1,0.006459777204389949
6.385148024000751,2.3716085887714207,COTO,cotonou,6.352268,2.402957,5024.992292758188,21238.37353,9.0,100.0,109.0,570.0,10,12.658929347991943,316.5448881450079,1.0983619933811288,2.6589293479919434,-0.00020794882660820363,1.0933475863710274,-0.00016222240876367556,1.0874384734647038,0.001533388098811486,0.01673992522285846,0,-1.0,4823.5897960544535,0,3,0,1,1,31.8,57.0,210.0,13.0,1008.6,cotonou/COTO,263.34150546393204,62.5,57.6,0.31939354959784116
6.365475151171193,2.369597535858365,COTO,cotonou,6.352268,2.402957,3969.3424936531437,21238.37353,9.0,100.0,109.0,570.0,10,11.503937005996704,291.7219580746816,1.4070315089348768,1.503937005996704,-0.0005521439669425026,1.328783492242347,-0.0005548269012225946,1.3377750328650047,-0.0003034618649065441,0.013295988668549221,1,-1.0,-1.0,0,0,0,0,1,31.0,63.0,180.0,9.4,1011.0,cotonou/COTO,257.5295687877015,62.4,62.5,0.7424414403600377
6.363222993199258,2.359353846674181,COTO,cotonou,6.352268,2.402957,4974.01959224193,21238.37353,9.0,100.0,109.0,570.0,10,11.675190925598145,284.18943456000625,1.1209423741251718,1.6751909255981445,-0.00040794229125725936,1.2672993677114024,-0.00039483050978372976,1.2756188554470518,0.00047305557462904184,0.021108971294261057,1,-1.0,-1.0,0,0,0,1,1,34.0,44.0,220.0,14.8,1010.0,cotonou/COTO,275.55065323816524,65.7,67.2,0.2999381750729745
6.358809088828112,2.396742667892362,COTO,cotonou,6.352268,2.402957,997.9910691522696,21238.37353,9.0,100.0,109.0,570.0,10,14.755845069885254,316.6441230912236,5.3946638279481025,4.755845069885254,0.0010282878782234938,0.43470413899981575,0.0008815755674114494,0.42795780318815363,-0.001584172976994731,0.05852697931032024,1,-1.0,-1.0,0,0,5,1,1,33.0,63.0,200.0,16.6,1009.0,cotonou/COTO,391.6664531205258,68.1,58.3,0.7787693581923538
6.381756290134671,2.366579748325672,COTO,cotonou,6.352268,2.402957,5180.012709615799,21238.37353,9.0,100.0,109.0,570.0,10,13.774946212768555,309.20460952503305,1.0531594254918621,3.7749462127685547,1.1057526305041426e-05,1.104006016447565,4.087248302641368e-05,1.101356778597212,0.0014471424950493706,0.06945907632269627,1,-1.0,-1.0,0,0,1,11,1,34.0,32.0,222.0,5.4,1009.0,cotonou/COTO,290.9174264288137,61.3,55.8,0.33620401424398827
6.360245112365607,2.4042740741760658,COTO,cotonou,6.352268,2.402957,894.1263655456506,21238.37353,9.0,100.0,109.0,570.0,10,14.815669536590576,9.318641224671637,6.013174017717559,4.815669536590576,0.0012318645583258736,0.40453192235068297,0.0012611341973145802,0.4081365188356744,0.0011334525214301216,0.04168002073081093,1,-1.0,-1.0,0,0,6,7,1,31.6,70.0,230.0,16.6,1013.0,cotonou/COTO,273.96095269222405,64.4,66.4,0.7296291196718232
6.348269340458709,2.380817469834878,COTO,cotonou,6.352268,2.402957,2489.134085111863,21238.37353,9.0,100.0,109.0,570.0,10,10.879392445087433,259.7014473150755,2.257406493766269,0.8793924450874329,-0.0011358464811077032,0.7526638623448743,-0.0015074826442026128,0.892277212240865,-0.011414423877661678,0.2701780319771482,1,-1.0,-1.0,0,0,0,0,1,32.0,71.0,200.0,18.4,1008.0,cotonou/COTO,94.8968856180276,55.9,59.0,0.20188440368948668
6.369047329332429,2.4008168050348275,COTO,cotonou,6.352268,2.402957,1870.6379491445284,21238.37353,9.0,100.0,109.0,570.0,10,13.255958795547485,352.77559054556514,2.9299880040910584,3.2559587955474854,-0.0002386416076983093,0.5680931097045593,-0.000422204662435337,0.5917451987362751,-0.005594375484743841,0.186718716454097,1,-1.0,-1.0,0,0,4,11,1,32.0,75.0,200.0,20.5,1010.0,cotonou/COTO,237.45958919365236,86.2,69.0,0.9662600834204987
6.357320112503886,2.397755691348926,COTO,cotonou,6.352268,2.402957,802.0707611787674,21238.37353,9.0,100.0,109.0,570.0,10,15.077823638916016,314.3431517697686,6.678896763698771,5.077823638916016,0.0016638297604804958,0.4694439007553988,0.001517411758159769,0.47442883996064916,-0.0012456681993272569,0.04613043342809634,1,-1.0,-1.0,0,0,3,13,1,31.0,71.0,210.0,20.5,1010.0,cotonou/COTO,230.8079454871386,62.0,58.3,0.5032154112488793
6.365110964869955,2.3670423952653215,COTO,cotonou,6.352268,2.402957,4219.761720270645,21238.37353,9.0,100.0,109.0,570.0,10,11.478070855140686,289.7912684617038,1.3239137294431975,1.478070855140686,-0.0005269296731959498,1.305316238896346,-0.0005129847778181135,1.3218153813620181,0.0002352376525132505,0.0028090784212523,1,-1.0,-1.0,0,0,1,5,1,30.1,50.0,198.0,11.1,1009.1,cotonou/COTO,167.19783760562936,66.1,58.0,0.8879954907823597
6.3803327222422395,2.365933991780527,COTO,cotonou,6.352268,2.402957,5139.142102199326,21238.37353,9.0,100.0,109.0,570.0,10,13.282978296279907,307.33620100360713,1.0670160992695639,3.2829782962799072,-8.217308872429889e-05,1.1235175406052789,-7.596555302047144e-05,1.1204240230894724,0.0008124208110435407,0.025699293769110565,1,-1.0,-1.0,0,0,0,4,1,30.7,55.0,293.0,13.0,1011.4,cotonou/COTO,238.87705477918232,66.5,61.3,0.15837675174974908
6.355972238191384,2.4061757705938365,COTO,cotonou,6.352268,2.402957,542.8013771036951,21238.37353,9.0,100.0,109.0,570.0,10,15.065118789672852,40.81386416552891,9.818120923890651,5.065118789672852,0.002382679571185196,0.5989205264886899,0.001972612937291463,0.581999138491368,-0.0024592452579074438,0.10034488692364525,1,-1.0,-1.0,0,0,4,12,1,31.4,69.0,240.0,16.6,1010.7,cotonou/COTO,299.4984878091749,71.6,64.7,0.7618478850137995
6.355067685644787,2.3938423610553214,COTO,cotonou,6.352268,2.402957,1054.904145263722,21238.37353,9.0,100.0,109.0,570.0,10,15.55881404876709,287.17489481339385,5.061928280423732,5.55881404876709,0.0017146505691387037,0.6141460258807453,0.0016508434357124307,0.6170229760819868,0.0009479192644184257,0.039059607933164854,1,-1.0,-1.0,0,0,3,9,1,31.0,71.0,240.0,9.4,1011.0,cotonou/COTO,279.6517178563703,62.9,57.1,0.40444190999002183
6.363258871873221,2.3601627476871654,COTO,cotonou,6.352268,2.402957,4888.25197172468,21238.37353,9.0,100.0,109.0,570.0,10,11.662776827812195,284.4917513483428,1.1407503493996463,1.6627768278121948,-0.0004179012313460485,1.2618640207433034,-0.00040729354126284816,1.2713471372465892,0.00037086009979248047,0.015484575739641628,1,-1.0,-1.0,0,0,1,0,1,33.0,48.0,210.0,9.4,1011.2,cotonou/COTO,275.55065323816524,67.2,65.7,0.3738920616268754
6.356563549505364,2.3769010190665507,COTO,cotonou,6.352268,2.402957,2921.7128780860594,21238.37353,9.0,100.0,109.0,570.0,10,13.981553316116333,279.4197693570014,1.8626874313466575,3.981553316116333,9.338839524457244e-05,0.5575769744076704,0.0001126107374827067,0.5563390071178217,0.001394142707188924,0.06423882042925817,1,-1.0,-1.0,0,0,1,10,1,33.0,63.0,210.0,13.0,1009.0,cotonou/COTO,247.88812658137354,62.4,59.2,0.7371480510652494
6.3827355955661895,2.367589747277097,COTO,cotonou,6.352268,2.402957,5163.680015210432,21238.37353,9.0,100.0,109.0,570.0,10,14.235110759735107,310.9210595012641,1.051385588284067,4.235110759735107,0.00010175709549861609,1.1078748051274554,0.00011663908634197607,1.10880397642266,0.002479818887208796,0.08013597547931611,1,-1.0,-1.0,0,0,4,3,1,33.0,28.0,70.0,11.2,1010.0,cotonou/COTO,327.77907193718073,68.0,61.3,0.5460289156885788
6.36609907737375,2.3631878149494936,COTO,cotonou,6.352268,2.402957,4658.299735919918,21238.37353,9.0,100.0,109.0,570.0,10,11.49447238445282,289.28902763802705,1.1991155244884713,1.4944723844528198,-0.00047276048069326283,1.3834885571026303,-0.0004676291390842187,1.3881046563383446,1.892513699001735e-05,0.004136992387493154,1,-1.0,-1.0,0,0,0,2,1,32.0,71.0,220.0,18.4,1009.0,cotonou/COTO,352.5538937525515,78.0,61.3,0.9306717171676577
6.376608716096232,2.3597946066246163,COTO,cotonou,6.352268,2.402957,5481.803518224681,21238.37353,9.0,100.0,109.0,570.0,10,12.941096544265747,299.57429124840763,1.0039043724162608,2.941096544265747,-0.00014847675843096973,1.2408577056424615,-0.00019255078811839936,1.2344611107564758,-0.004446649025507131,0.08114912966960239,0,-1.0,5218.14964159664,0,4,0,4,1,31.5,72.0,200.0,11.2,1008.3,cotonou/COTO,346.4622784662153,77.1,78.1,0.07787914038511046
6.352928476903641,2.3920009826128146,COTO,cotonou,6.352268,2.402957,1214.3778172128773,21238.37353,9.0,100.0,109.0,570.0,10,14.910414218902588,273.47173429591675,4.430406529213681,4.910414218902588,0.001022731006251661,0.3716528781313125,0.001761836788633759,0.3797480394653251,0.009306695115543826,0.08797695498937329,1,-1.0,-1.0,0,0,5,10,1,31.0,71.0,240.0,9.4,1011.0,cotonou/COTO,355.40979741691933,54.4,62.9,0.011266404659711626
6.3781661476765965,2.3743276535234035,COTO,cotonou,6.352268,2.402957,4270.316660831566,21238.37353,9.0,100.0,109.0,570.0,10,11.771208763122559,312.31044049042646,1.30431475751245,1.7712087631225586,-0.00045123849725836997,1.1570826361770623,-0.00044579377094420826,1.1583765108357098,0.00014598195417100737,0.005954805057534033,1,-1.0,-1.0,0,0,1,0,1,31.0,63.0,200.0,16.6,1007.0,cotonou/COTO,377.7671008703648,85.6,78.2,0.18340170212798812
6.366062624001585,2.3622911729920273,COTO,cotonou,6.352268,2.402957,4750.818954296775,21238.37353,9.0,100.0,109.0,570.0,10,11.523446798324585,288.8480080763908,1.17542083257226,1.523446798324585,-0.00046692518543095345,1.3832901169992515,-0.00045317890818824546,1.3874513070856378,-1.1309028154042292e-05,0.004483559364766475,1,-1.0,-1.0,0,0,0,0,1,30.0,49.0,140.0,14.8,1008.0,cotonou/COTO,364.4114954279447,78.69999999999999,61.3,0.7146499975240691
6.369385757648933,2.401644074252949,COTO,cotonou,6.352268,2.402957,1898.5820641068503,21238.37353,9.0,100.0,109.0,570.0,10,13.266845464706421,355.6409907401715,2.8866090203893697,3.266845464706421,-0.00022924269239107768,0.5226790360761433,-0.0003987670008262558,0.5494686824889017,-0.005544780497909805,0.18677552198866898,1,-1.0,-1.0,0,0,1,14,1,32.0,63.0,210.0,14.8,1011.0,cotonou/COTO,237.45958919365236,69.0,86.2,0.45155265300435676
6.373297914785729,2.3548740046323635,COTO,cotonou,6.352268,2.402957,5805.960248090754,21238.37353,9.0,100.0,109.0,570.0,10,13.234651565551758,293.7558927078867,0.9449690555702,3.234651565551758,-8.490501970840773e-05,1.3500948799294132,-8.105534274561875e-05,1.3432260629909012,-0.00018845200538635253,0.01066378245174396,0,5433.634139996758,5317.282231217384,5,22,0,4,1,31.0,63.0,210.0,16.6,1009.0,cotonou/COTO,234.58846199256698,58.3,58.6,0.7166280636354334
6.365444319010659,2.3691059340810345,COTO,cotonou,6.352268,2.402957,4018.7293673749273,21238.37353,9.0,100.0,109.0,570.0,10,11.49600875377655,291.389838263075,1.3898600421613547,1.4960087537765503,-0.0005500588266913938,1.323169515105465,-0.000548102107702517,1.3404443162465964,-0.0003099415037367079,0.013324421119194251,1,-1.0,-1.0,0,0,0,3,1,33.0,49.0,210.0,16.6,1009.0,cotonou/COTO,263.8369831922563,66.8,62.5,0.9541410904612863
6.365973841827062,2.3646423226235798,COTO,cotonou,6.352268,2.402957,4501.925176198999,21238.37353,9.0,100.0,109.0,570.0,10,11.487597942352295,289.7975678999842,1.2408415002344053,1.487597942352295,-0.000489932338133553,1.3753283333437203,-0.0004887508980014867,1.3810013148524187,-5.699263678656684e-05,0.00390094418196417,1,-1.0,-1.0,0,0,2,1,1,30.1,50.0,198.0,11.1,1009.1,cotonou/COTO,322.59013949595317,61.3,66.1,0.4939043529585184
6.35744616889596,2.405439332059452,COTO,cotonou,6.352268,2.402957,635.0981883816531,21238.37353,9.0,100.0,109.0,570.0,10,14.598449230194092,25.47479226153399,8.454591938166166,4.598449230194092,0.0013506936304496992,0.5694893500181144,0.0011085670844943154,0.559508338253456,-0.0024461866056485616,0.07636882767710076,1,-1.0,-1.0,0,0,0,0,1,31.0,75.0,210.0,18.4,1008.0,cotonou/COTO,384.8115623263995,66.4,64.7,0.7089139880531751
6.384096497555373,2.3674778931390543,COTO,cotonou,6.352268,2.402957,5272.321223085282,21238.37353,9.0,100.0,109.0,570.0,10,14.031815528869629,312.0737495593128,1.0319340499304486,4.031815528869629,5.1819657404543976e-05,1.1171696551940062,-1.5296318282525573e-05,1.1147000409678622,-0.005747391287045903,0.09069103336751784,0,-1.0,4944.782229266357,0,2,2,6,1,33.0,28.0,70.0,11.2,1010.0,cotonou/COTO,379.59078834977134,68.0,55.8,0.12354626699857074
6.381165457328667,2.3670594852957767,COTO,cotonou,6.352268,2.402957,5097.671359766577,21238.37353,9.0,100.0,109.0,570.0,10,13.424044847488403,309.0092702926666,1.0741095186383132,3.4240448474884033,-5.413169951865614e-05,1.1107262624752972,-1.9438368405482572e-05,1.1057941624150105,0.0025152577294243706,0.10341661524407254,1,-1.0,-1.0,0,0,2,11,1,30.7,55.0,293.0,13.0,1011.4,cotonou/COTO,238.87705477918232,66.5,61.3,0.8089510380212164
6.363116785414173,2.3659643311154293,COTO,cotonou,6.352268,2.402957,4265.065549893401,21238.37353,9.0,100.0,109.0,570.0,10,11.535930275917053,286.44249735021,1.3090790867643678,1.5359302759170532,-0.0005060748620466754,1.189297646054169,-0.0005022624300585853,1.1999551172366822,-2.6575724283854164e-05,0.00132979641886237,1,-1.0,-1.0,0,0,2,3,1,33.0,39.0,280.0,7.6,1012.0,cotonou/COTO,309.4591612797848,63.0,58.0,0.2028874102861462
6.367258024717235,2.3868168442344584,COTO,cotonou,6.352268,2.402957,2436.5657413020986,21238.37353,9.0,100.0,109.0,570.0,10,12.157124280929565,313.0614166747235,2.2760596780134854,2.1571242809295654,-0.0008044081633174811,0.8559402131153954,-0.0006659276114990765,0.8742431290987255,-0.003303003531313861,0.10586165658932464,1,-1.0,-1.0,0,0,5,9,1,32.0,63.0,210.0,16.6,1010.0,cotonou/COTO,280.00176285154186,62.3,67.2,0.9562113793202399
6.349480226397927,2.3806500004637496,COTO,cotonou,6.352268,2.402957,2487.2462670190503,21238.37353,9.0,100.0,109.0,570.0,10,12.82511305809021,262.8342084022342,2.214365077337055,2.82511305809021,-0.0003550403683759507,0.503855994090949,-0.0004376206325076451,0.5349447093578925,-0.002777072117047395,0.058365154175202695,1,-1.0,-1.0,0,0,1,3,1,32.0,71.0,200.0,18.4,1008.0,cotonou/COTO,208.55006593135025,59.0,75.4,0.8977267457392315
6.360528983977933,2.395888163023622,COTO,cotonou,6.352268,2.402957,1202.6102777719573,21238.37353,9.0,100.0,109.0,570.0,10,13.934663772583008,319.62158513629817,4.519784701859644,3.934663772583008,0.00018509946218351047,0.37796003595113276,-7.086407170780811e-05,0.391105662278848,-0.0048006086319542915,0.1313257081999322,1,-1.0,-1.0,0,0,3,1,1,31.0,71.0,210.0,20.5,1010.0,cotonou/COTO,391.6664531205258,58.3,68.1,0.765501258839539
6.3524237635908305,2.3919251529525525,COTO,cotonou,6.352268,2.402957,1220.691219857406,21238.37353,9.0,100.0,109.0,570.0,10,14.672889709472656,270.81453793568306,4.418665752583022,4.672889709472656,0.0007852831507116799,0.32907441321053366,0.0007910811623861624,0.3273221169299799,0.0006066269344753689,0.022963403786284652,1,-1.0,-1.0,0,0,5,9,1,31.0,71.0,240.0,9.4,1011.0,cotonou/COTO,229.63053738552546,54.4,73.7,0.23603709182965193
6.351468573296224,2.395361221741826,COTO,cotonou,6.352268,2.402957,845.0391249230852,21238.37353,9.0,100.0,109.0,570.0,10,14.603753089904785,263.9555398899432,6.3738790204147975,4.603753089904785,0.0010307605239166613,0.29231296870843554,0.0010321418444315593,0.29581116761487236,0.0008707788255479602,0.032101270374560224,1,-1.0,-1.0,0,0,0,6,1,31.0,71.0,240.0,9.4,1011.0,cotonou/COTO,392.28725444494233,62.9,70.0,0.8905857525363758
6.357485943289472,2.4054166038345874,COTO,cotonou,6.352268,2.402957,637.9903713530207,21238.37353,9.0,100.0,109.0,570.0,10,14.591365337371826,25.101910630176974,8.417437776983745,4.591365337371826,0.0013399604595068727,0.5669232810862405,0.001119499123897666,0.5569048756570835,-0.002362374303556206,0.07599660477827143,1,-1.0,-1.0,0,0,0,0,1,31.0,75.0,210.0,18.4,1008.0,cotonou/COTO,384.8115623263995,66.4,64.7,0.6956999038298864
6.37839006836941,2.3757013482810274,COTO,cotonou,6.352268,2.402957,4175.925004497848,21238.37353,9.0,100.0,109.0,570.0,10,11.784626007080078,313.96191956642963,1.3336026667965064,1.7846260070800781,-0.00045770605405171715,1.1739791692976307,-0.00045005491936902354,1.1747225612936878,0.00032054308181762213,0.013442322083412443,1,-1.0,-1.0,0,0,1,6,1,31.0,63.0,200.0,16.6,1007.0,cotonou/COTO,310.99815111988335,81.4,85.6,0.6124572691186014
6.354093554559358,2.4152348813615654,COTO,cotonou,6.352268,2.402957,1373.3490825910148,21238.37353,9.0,100.0,109.0,570.0,10,15.435822486877441,81.49067778802703,3.8974514878526874,5.435822486877441,0.0012653700432264602,0.5308875562364751,0.0013011168982312974,0.5424364687472846,0.0022283075317688465,0.044570286358501,1,-1.0,-1.0,0,0,0,10,1,32.0,67.0,210.0,18.4,1012.0,cotonou/COTO,331.6003083532061,69.85,58.1,0.11961256397378395
6.379133865819344,2.3764975269689237,COTO,cotonou,6.352268,2.402957,4170.952028380085,21238.37353,9.0,100.0,109.0,570.0,10,11.896105766296387,315.61525527816224,1.3336615788240902,1.8961057662963867,-0.00043411236880252905,1.179243527123169,-0.0004092101632624809,1.1787566078306861,0.0013223562820466963,0.03234870814338049,1,-1.0,-1.0,0,0,0,8,1,31.0,63.0,200.0,16.6,1007.0,cotonou/COTO,296.22029927065233,81.4,81.4,0.7540268951500022
6.383221551945811,2.373555343944655,COTO,cotonou,6.352268,2.402957,4722.183929466135,21238.37353,9.0,100.0,109.0,570.0,10,12.705065965652466,316.65156129333985,1.1682155588419805,2.705065965652466,-0.000211376681106503,1.124191254095018,-0.00018180529276529947,1.1171957616715045,0.0015746235847473142,0.0749930669301907,1,-1.0,-1.0,0,0,0,16,1,34.0,32.0,222.0,5.4,1009.0,cotonou/COTO,268.94546398849457,53.4,64.4,0.84482721049143
6.3478928936951045,2.3865451385536987,COTO,cotonou,6.352268,2.402957,1879.1798333406425,21238.37353,9.0,100.0,109.0,570.0,10,13.201837062835693,254.98602386822895,2.918338565052822,3.2018370628356934,-0.0003263699688649588,0.41255448663484323,-0.0004669926613124966,0.4321972847023813,-0.0040514984036716176,0.1695260730488279,1,-1.0,-1.0,0,0,4,10,1,31.0,75.0,200.0,18.4,1008.0,cotonou/COTO,288.9775799261479,69.3,72.8,0.5882977695989468
6.38527200923808,2.369516500410111,COTO,cotonou,6.352268,2.402957,5197.074184302056,21238.37353,9.0,100.0,109.0,570.0,10,13.084409236907959,314.8028070333432,1.0573131190500253,3.084409236907959,-0.00011926862015121285,1.0939633241894113,-0.00013508055694328372,1.0908841031236225,-0.001012369875443177,0.043298478795266646,0,-1.0,4842.964921243399,0,4,3,12,1,34.0,32.0,222.0,5.4,1009.0,cotonou/COTO,282.2544702923159,57.6,68.0,0.24031513058063025
6.348490669713195,2.380648498495176,COTO,cotonou,6.352268,2.402957,2503.3330848412597,21238.37353,9.0,100.0,109.0,570.0,10,12.225592136383057,260.33270723174087,2.213850607116111,2.2255921363830566,-0.0005878568641723149,0.667565753759065,-0.005822639520165686,0.8345910436336479,-0.11259160477592878,0.7198721075521474,1,-1.0,-1.0,0,0,0,2,1,32.0,71.0,200.0,18.4,1008.0,cotonou/COTO,145.83304872345087,55.9,75.4,0.11501504824004516
6.369653621423807,2.403525060351146,COTO,cotonou,6.352268,2.402957,1923.666449326385,21238.37353,9.0,100.0,109.0,570.0,10,13.398839473724365,1.859880426402185,2.845108702190955,3.3988394737243652,-0.0001580266463450897,0.5417185923687222,-0.00025861049932646477,0.5578819869970465,-0.0030632715291410996,0.0877978610101087,1,-1.0,-1.0,0,0,2,12,1,32.0,75.0,200.0,20.5,1010.0,cotonou/COTO,333.13687187099424,68.0,86.2,0.7286483443187464
6.366219915672755,2.3600925132794934,COTO,cotonou,6.352268,2.402957,4987.160247974778,21238.37353,9.0,100.0,109.0,570.0,10,11.51936650276184,288.136205101849,1.1197790874925322,1.5193665027618408,-0.0004366516829012872,1.392070269971419,-0.00043153512914222576,1.3955715804071562,0.00015099267895793539,0.00477009494268418,1,-1.0,-1.0,0,0,0,0,1,30.0,49.0,140.0,14.8,1008.0,cotonou/COTO,377.7002335187451,78.69999999999999,67.2,0.0931938904488816
6.373818181309515,2.3617511330679,COTO,cotonou,6.352268,2.402957,5144.276332673561,21238.37353,9.0,100.0,109.0,570.0,10,12.97406816482544,297.7569717446374,1.0693907889034142,2.9740681648254395,-0.0001376126940832112,1.3253891620061595,-0.0001162774261386915,1.3177431299853024,0.0021785080432891847,0.10582328401770666,1,-1.0,-1.0,0,0,1,7,1,31.5,72.0,200.0,11.2,1008.3,cotonou/COTO,349.29744130181854,63.4,76.5,0.7045443948231913
6.379759116885327,2.3640753176009435,COTO,cotonou,6.352268,2.402957,5267.638594773838,21238.37353,9.0,100.0,109.0,570.0,10,12.868951559066772,305.43142781824486,1.0454954206845881,2.8689515590667725,-0.00018286897003839597,1.1380605904842267,-0.0001843553357356496,1.1324263820661082,-0.003257757425308228,0.15569463457219468,0,-1.0,4940.390505719752,0,8,0,14,1,30.7,55.0,293.0,13.0,1011.4,cotonou/COTO,267.89890817251177,66.5,78.2,0.6743329357686753
6.346128703712048,2.4023783001702825,COTO,cotonou,6.352268,2.402957,681.9440819476997,21238.37353,9.0,100.0,109.0,570.0,10,12.160241603851318,185.35207571129314,8.08227275544705,2.1602416038513184,-0.0022843309366188842,0.4758443606605906,-0.0022684186299641927,0.5470117727762561,-0.0025737153159247506,0.1003210284468054,1,-1.0,-1.0,0,0,4,8,1,31.0,71.0,180.0,18.4,1010.0,cotonou/COTO,393.11085268658167,69.1,75.8,0.0033238152606873683
6.35774294885296,2.401937215924343,COTO,cotonou,6.352268,2.402957,615.8861867431019,21238.37353,9.0,100.0,109.0,570.0,10,14.481005668640137,349.51223981000817,8.725011129491511,4.481005668640137,0.001228594023083884,0.35302517564163743,0.001090680343517359,0.3429700799648987,-0.0002967993418375651,0.013932953647936817,1,-1.0,-1.0,0,0,1,0,1,31.0,75.0,210.0,18.4,1008.0,cotonou/COTO,392.92902527041525,62.4,68.1,0.5059365256356503
6.355479136448005,2.3982556421461125,COTO,cotonou,6.352268,2.402957,629.8180502759438,21238.37353,9.0,100.0,109.0,570.0,10,15.289272785186768,304.49884932750734,8.462960120526846,5.289272785186768,0.002511557700142028,0.4879896289992626,0.002617570361076592,0.5546751382723881,0.0024871355339263425,0.08768082313921885,1,-1.0,-1.0,0,0,5,9,1,31.0,71.0,210.0,20.5,1010.0,cotonou/COTO,221.7167693252332,62.0,62.1,0.5283571329924577
6.3555253552395605,2.398263384380231,COTO,cotonou,6.352268,2.402957,632.0099708301464,21238.37353,9.0,100.0,109.0,570.0,10,15.289272785186768,304.9263323405024,8.434031977741839,5.289272785186768,0.0023973959864992084,0.5065673146376719,0.0026062770201478644,0.5503038339275647,0.0031584382327208144,0.10718137335249715,1,-1.0,-1.0,0,0,5,9,1,31.0,71.0,210.0,20.5,1010.0,cotonou/COTO,221.7167693252332,62.1,62.0,0.49510418251824095
6.365372953395378,2.3713179819550927,COTO,cotonou,6.352268,2.402957,3788.6576411148276,21238.37353,9.0,100.0,109.0,570.0,10,11.555829644203186,292.62648132007826,1.4733210553156824,1.555829644203186,-0.0005929587556544006,1.3128900462417208,-0.0005719052756509833,1.3221742099119997,-0.0013292834692283327,0.04273149292789402,1,-1.0,-1.0,0,0,1,3,1,31.0,63.0,180.0,9.4,1011.0,cotonou/COTO,64.38956825449732,62.4,66.8,0.20180449072940843
6.358196276602374,2.3975318407818587,COTO,cotonou,6.352268,2.402957,888.8716008695095,21238.37353,9.0,100.0,109.0,570.0,10,14.876619338989258,317.71350302453135,6.044574330442373,4.876619338989258,0.0012995865609910751,0.42588376832950753,0.0012174295882383984,0.4241908506420587,-0.00020235776901245117,0.009542480270874044,1,-1.0,-1.0,0,0,4,4,1,31.0,71.0,210.0,20.5,1010.0,cotonou/COTO,382.2656929414359,58.3,62.4,0.13072212481021295
6.356492331078945,2.410136310852688,COTO,cotonou,6.352268,2.402957,921.5108562768564,21238.37353,9.0,100.0,109.0,570.0,10,15.204526901245117,59.37234289637934,5.811804153979917,5.204526901245117,0.0015712141417093732,0.4460834506186547,0.0013158574430886787,0.45344698061020083,-0.003135341867852605,0.0559664975841911,1,-1.0,-1.0,0,0,0,6,1,32.0,71.0,220.0,16.6,1011.0,cotonou/COTO,108.9214896151932,58.7,54.0,0.6466215788899197
6.35983220784779,2.377278306850236,COTO,cotonou,6.352268,2.402957,2961.673492790993,21238.37353,9.0,100.0,109.0,570.0,10,13.084709882736206,286.5108896929663,1.8549044168704218,3.084709882736206,-0.00021376496685889364,0.8180942205547033,-0.00022943508941642953,0.8315689930395646,-0.0011195531295073158,0.023648446813947788,1,-1.0,-1.0,0,0,0,6,1,32.0,63.0,220.0,13.0,1010.0,cotonou/COTO,343.13365923494894,65.8,63.8,0.7006046963443402
6.370442895291993,2.4004763662900013,COTO,cotonou,6.352268,2.402957,2028.5753701002895,21238.37353,9.0,100.0,109.0,570.0,10,12.555287599563599,352.27531648172965,2.72196795650612,2.5552875995635986,-0.0005645607032027899,0.6989056748514579,-0.0007507836064773008,0.7577329732455834,-0.00440331466186554,0.15188629260628936,1,-1.0,-1.0,0,0,0,8,1,32.0,63.0,210.0,14.8,1011.0,cotonou/COTO,382.05451823009946,69.0,87.4,0.42097493845955003
6.3648571193140535,2.3712622964441463,COTO,cotonou,6.352268,2.402957,3772.9324805559786,21238.37353,9.0,100.0,109.0,570.0,10,11.598401188850403,291.78627222581605,1.4788129081840615,1.5984011888504028,-0.0005600822507812804,1.2647479771614831,-0.0005621920650204022,1.2857225983624037,-0.0008030613263448079,0.03160220153265911,1,-1.0,-1.0,0,0,1,9,1,33.0,49.0,210.0,16.6,1009.0,cotonou/COTO,213.77228304903036,66.8,59.4,0.036979500661707965
6.356809493921366,2.4111209031710494,COTO,cotonou,6.352268,2.402957,1033.4934341134121,21238.37353,9.0,100.0,109.0,570.0,10,15.49616289138794,60.762566239733644,5.1696787748160915,5.4961628913879395,0.0017039728164672853,0.5069767869570799,0.0012324725931374598,0.5180593464631369,-0.003100018009963891,0.04423384467470935,1,-1.0,-1.0,0,0,3,8,1,32.0,67.0,210.0,18.4,1012.0,cotonou/COTO,390.090387602657,65.5,58.7,0.8590750317070694
6.35240947452034,2.391473543833183,COTO,cotonou,6.352268,2.402957,1270.6323018379803,21238.37353,9.0,100.0,109.0,570.0,10,14.72748613357544,270.71083526126546,4.243193550744042,4.7274861335754395,0.0007910811623861624,0.3273221169299799,0.0008273324260005244,0.3307291118567595,0.0010613481203715007,0.055678606762486885,1,-1.0,-1.0,0,0,4,10,1,31.0,71.0,240.0,9.4,1011.0,cotonou/COTO,384.59858190063676,54.4,65.2,0.20346564213822282
6.378705052590066,2.374146362947526,COTO,cotonou,6.352268,2.402957,4325.272600235514,21238.37353,9.0,100.0,109.0,570.0,10,11.795477747917175,312.7180904883194,1.2874267215764925,1.7954777479171753,-0.0004394284336046241,1.1617973531675951,-0.00042998834287739246,1.1623392357581812,0.00045826832453409834,0.017957825888357787,1,-1.0,-1.0,0,0,2,1,1,31.0,63.0,200.0,16.6,1007.0,cotonou/COTO,319.0936288927952,81.4,78.2,0.19411354609592724
6.353696735765806,2.3932892215585166,COTO,cotonou,6.352268,2.402957,1081.2534808988103,21238.37353,9.0,100.0,109.0,570.0,10,15.146140098571777,278.4582388188383,4.960895506896096,5.146140098571777,0.001296530328355394,0.45676045903836787,0.0013416680033500599,0.46384308514658595,0.0012874904191769803,0.0387068696884954,1,-1.0,-1.0,0,0,6,9,1,31.0,71.0,240.0,9.4,1011.0,cotonou/COTO,355.40979741691933,54.4,62.9,0.4797169303697322
6.350971195181297,2.3917911781963332,COTO,cotonou,6.352268,2.402957,1243.6905261917059,21238.37353,9.0,100.0,109.0,570.0,10,14.187602996826172,263.3353847070672,4.359495257457978,4.187602996826172,0.0003800443860331191,0.3169655295276253,0.00035621162616845335,0.31225455205322633,-0.0008704662322998047,0.03987392450324388,1,-1.0,-1.0,0,0,0,6,1,31.0,71.0,240.0,9.4,1011.0,cotonou/COTO,229.63053738552546,54.4,73.7,0.9411673877199211
6.358781042901641,2.404676546913348,COTO,cotonou,6.352268,2.402957,744.9663952223482,21238.37353,9.0,100.0,109.0,570.0,10,14.490571975708008,14.70248930950902,7.230149230688512,4.490571975708008,0.0010523521769731892,0.47916716143624244,0.0011774851104832031,0.4620383833360795,0.0021857969288309807,0.049483379063406906,1,-1.0,-1.0,0,0,6,9,1,31.0,75.0,210.0,18.4,1008.0,cotonou/COTO,384.8115623263995,66.4,64.7,0.2654342519466262
6.370235405356582,2.3614964988986133,COTO,cotonou,6.352268,2.402957,4998.987711997824,21238.37353,9.0,100.0,109.0,570.0,10,12.699857950210571,293.561745728653,1.1036053000296395,2.6998579502105713,-0.0001766931622125542,1.4556054900239341,-0.0001800772236178848,1.447689105848824,0.0021639684836069744,0.11700522231703378,1,-1.0,-1.0,0,0,1,15,1,32.0,71.0,220.0,18.4,1009.0,cotonou/COTO,298.34231362650223,73.3,78.0,0.3169112248104865
6.373726929939768,2.3561558898581736,COTO,cotonou,6.352268,2.402957,5695.894981159447,21238.37353,9.0,100.0,109.0,570.0,10,13.52497148513794,294.76908316766776,0.9603063189779902,3.5249714851379395,-3.193332437883344e-05,1.3562850379396154,-6.540429877888798e-05,1.3494082582924618,-0.002163431244522711,0.05577176177407174,0,-1.0,5250.724832331353,0,13,0,3,1,31.0,63.0,210.0,16.6,1009.0,cotonou/COTO,396.8541073241009,58.3,65.2,0.4512791917634722
6.3566860836198025,2.404185088806521,COTO,cotonou,6.352268,2.402957,507.12820396890044,21238.37353,9.0,100.0,109.0,570.0,10,14.721336364746094,15.443325085056017,10.531455413512369,4.721336364746094,0.001940760227421423,0.5846014821853283,0.0016144907265378719,0.555559114865576,-0.003458727730645074,0.12715082996555455,1,-1.0,-1.0,0,0,1,5,1,31.4,69.0,240.0,16.6,1010.7,cotonou/COTO,285.8934238489022,64.7,68.1,0.682844822365346
6.367319960523926,2.3870529744974673,COTO,cotonou,6.352268,2.402957,2422.186014121969,21238.37353,9.0,100.0,109.0,570.0,10,12.258319854736328,313.6008175882924,2.2871676414940594,2.258319854736328,-0.0005994240482997427,0.8370384268394125,-0.000643789337342044,0.8729610818230653,-0.0019326474931504994,0.08236679131321142,1,-1.0,-1.0,0,0,6,10,1,32.0,63.0,210.0,16.6,1010.0,cotonou/COTO,280.00176285154186,62.3,67.2,0.85943668136586
6.384821246091429,2.3722593979596747,COTO,cotonou,6.352268,2.402957,4949.220388943298,21238.37353,9.0,100.0,109.0,570.0,10,12.690542936325073,316.8591511732026,1.114807711103669,2.6905429363250732,-0.00020557597621843532,1.095452910254574,-0.00020915138983203032,1.0894496830038736,-0.0004911078347100153,0.01943414656916262,1,-1.0,-1.0,0,0,1,5,1,31.8,57.0,210.0,13.0,1008.6,cotonou/COTO,161.07626082067793,62.5,53.4,0.1046779744483648
6.357640929687692,2.397485317118549,COTO,cotonou,6.352268,2.402957,848.2595986771588,21238.37353,9.0,100.0,109.0,570.0,10,15.027139663696289,314.65512722859984,6.321628778040968,5.027139663696289,0.001517411758159769,0.47425932114145586,0.0014104077551099989,0.4722587947870861,-0.0011273913913302951,0.042068931458514106,1,-1.0,-1.0,0,0,3,11,1,31.0,71.0,210.0,20.5,1010.0,cotonou/COTO,230.8079454871386,62.0,58.3,0.7049872249636445
6.381923784900618,2.375392740467875,COTO,cotonou,6.352268,2.402957,4478.379626362759,21238.37353,9.0,100.0,109.0,570.0,10,12.532701015472412,317.2716291861897,1.2339986607047726,2.532701015472412,-0.000260953426361084,1.136742841844479,-0.00024201535688523552,1.1334700305659005,0.0017089565942376868,0.051483582506497164,1,-1.0,-1.0,0,0,4,1,1,31.0,59.0,170.0,13.0,1007.0,cotonou/COTO,342.02592664884946,70.2,70.5,0.969550356942178
6.371894665062674,2.356805121206136,COTO,cotonou,6.352268,2.402957,5548.329045011404,21238.37353,9.0,100.0,109.0,570.0,10,13.419352769851685,293.16852931226356,0.986932463175309,3.4193527698516846,-5.0686933967555105e-05,1.3870982798377904,-5.7428065893271816e-05,1.3798221631719976,0.00013716485765245218,0.017477356866450754,0,-1.0,4981.265355040297,0,3,0,4,1,29.5,69.0,210.0,9.4,1009.5,cotonou/COTO,399.3609701761259,51.6,65.2,0.734363434368241
6.34823167478088,2.380901410488325,COTO,cotonou,6.352268,2.402957,2480.741279516774,21238.37353,9.0,100.0,109.0,570.0,10,10.879392445087433,259.56783521247814,2.265035775442552,0.8793924450874329,-0.0011377906294004307,0.7964618931399619,-0.0018398413736113888,0.926728931854682,-0.020831254544243664,0.2701780319771482,1,-1.0,-1.0,0,0,0,1,1,32.0,71.0,200.0,18.4,1008.0,cotonou/COTO,94.8968856180276,55.9,59.0,0.30950062605708295
6.363732787707833,2.3701834945374043,COTO,cotonou,6.352268,2.402957,3841.3079122013723,21238.37353,9.0,100.0,109.0,570.0,10,11.655951976776123,289.3930519330436,1.451643500181808,1.655951976776123,-0.0005341278249890389,1.1404274151320548,-0.000541854421094048,1.166516471189476,-0.0010810850637980457,0.03156736684934658,1,-1.0,-1.0,0,0,1,5,1,30.0,55.0,310.0,7.6,1013.0,cotonou/COTO,265.7076628552334,59.4,62.4,0.12576502877275952
6.362364931025924,2.3832572875684535,COTO,cotonou,6.352268,2.402957,2448.9386568163986,21238.37353,9.0,100.0,109.0,570.0,10,13.277169942855835,297.28185189440353,2.2384078797859877,3.277169942855835,-0.00017472418343148578,0.8689129597959964,-0.00028646209883311435,0.8861252517907364,-0.0030975043773651123,0.15072581231622276,1,-1.0,-1.0,0,0,2,7,1,31.7,62.0,220.0,11.2,1010.7,cotonou/COTO,318.97004498850305,54.4,75.2,0.1540486491408748
6.370812139421812,2.4047963922476825,COTO,cotonou,6.352268,2.402957,2060.830451394919,21238.37353,9.0,100.0,109.0,570.0,10,13.383979082107544,5.62987950266546,2.6564380712216846,3.383979082107544,-0.00017428683932052254,0.5215805786102169,-0.00018158686552808875,0.5456616509536208,-0.0015625715255737306,0.05787652410193128,1,-1.0,-1.0,0,0,0,10,1,32.0,75.0,200.0,20.5,1010.0,cotonou/COTO,258.69668668155117,75.5,68.0,0.20769930980022933
6.373128287610241,2.3907248614382235,COTO,cotonou,6.352268,2.402957,2674.5665842066005,21238.37353,9.0,100.0,109.0,570.0,10,12.252869844436646,329.76824183162495,2.0716576776626754,2.2528698444366455,-0.0005385635517261647,0.8112589960315708,-0.0005414042280707167,0.822518254231049,-9.560585021972656e-05,0.009765871849749306,1,-1.0,-1.0,0,0,1,15,1,33.0,67.0,190.0,20.5,1010.0,cotonou/COTO,357.773164030067,81.4,84.9,0.3317248018699843
6.3659273180720195,2.36297193095015,COTO,cotonou,6.352268,2.402957,4674.695632435743,21238.37353,9.0,100.0,109.0,570.0,10,11.522751927375793,288.971357032789,1.1945645420303403,1.5227519273757935,-0.00046607911882950504,1.3722235500363353,-0.0004675599538530611,1.3815891554812756,-0.0002444012732247907,0.007932665462023716,1,-1.0,-1.0,0,0,0,0,1,30.0,49.0,140.0,14.8,1008.0,cotonou/COTO,364.4114954279447,78.69999999999999,61.3,0.9260655124689288
6.36353005504819,2.3841087816545685,COTO,cotonou,6.352268,2.402957,2428.9593294492106,21238.37353,9.0,100.0,109.0,570.0,10,12.849953889846802,301.0157780085944,2.266862609457881,2.8499538898468018,-0.00035269034742818454,0.9051934929415594,-0.0004736971655077066,0.9268071203903738,-0.0035829821984855654,0.11748166796364429,1,-1.0,-1.0,0,0,3,12,1,31.9,70.0,220.0,18.4,1008.0,cotonou/COTO,160.52457568861385,62.4,54.4,0.035229355069799184
6.365474994680328,2.3695793829180616,COTO,cotonou,6.352268,2.402957,3971.2037178698315,21238.37353,9.0,100.0,109.0,570.0,10,11.503937005996704,291.7110117844246,1.406372326152187,1.503937005996704,-0.0005521439669425026,1.3288591692176155,-0.0005548049570058093,1.337859447301848,-0.0003024816898901348,0.013295988668549221,1,-1.0,-1.0,0,0,0,0,1,31.0,63.0,180.0,9.4,1011.0,cotonou/COTO,257.5295687877015,62.4,62.5,0.7502659835942704
6.3580992088200246,2.3740318533213745,COTO,cotonou,6.352268,2.402957,3264.6005797335997,21238.37353,9.0,100.0,109.0,570.0,10,13.21265172958374,281.4680754404711,1.6806456163535404,3.2126517295837402,-0.0001521345123468439,0.6981750243765713,-0.00015703035188508819,0.7111111799939913,-0.0004430982801649306,0.017573327985183972,1,-1.0,-1.0,0,0,5,7,1,32.4,63.0,230.0,7.6,1010.7,cotonou/COTO,370.9625978450856,53.0,62.1,0.20435934654282928
6.365323533378867,2.366835731437212,COTO,cotonou,6.352268,2.402957,4249.228654195555,21238.37353,9.0,100.0,109.0,570.0,10,11.474552869796753,289.98698868445547,1.3147834892385517,1.474552869796753,-0.0005230033586474249,1.320913196345447,-0.0005147362472834411,1.3361673306370285,4.3938557306925453e-05,0.005752870220645102,1,-1.0,-1.0,0,0,2,5,1,30.1,50.0,198.0,11.1,1009.1,cotonou/COTO,167.19783760562936,58.0,66.1,0.3088272026552037
6.348779959764197,2.380626415285176,COTO,cotonou,6.352268,2.402957,2500.607143671129,21238.37353,9.0,100.0,109.0,570.0,10,12.273452281951904,261.06943361026566,2.2151665781046366,2.2734522819519043,-0.0005688647429148355,0.637613162660636,-0.0011807870118498045,0.7188348081011128,-0.0169431002980383,0.6836794642128703,1,-1.0,-1.0,0,0,0,3,1,32.0,71.0,200.0,18.4,1008.0,cotonou/COTO,145.83304872345087,55.9,75.4,0.33584714824245254
6.376232097065543,2.3593758803768825,COTO,cotonou,6.352268,2.402957,5502.027278258579,21238.37353,9.0,100.0,109.0,570.0,10,13.084728717803955,298.95742813202617,0.9987198102672894,3.084728717803955,-0.00012881559762186316,1.2524440599108282,-0.00013700894557446984,1.245941288042927,-0.0017256935437520346,0.09369523767794927,0,-1.0,5237.400715777204,0,2,0,6,1,31.5,72.0,200.0,11.2,1008.3,cotonou/COTO,324.64606281298086,77.1,72.1,0.11579512721159135
6.365482275704991,2.3666813986201474,COTO,cotonou,6.352268,2.402957,4271.265644506756,21238.37353,9.0,100.0,109.0,570.0,10,11.474552869796753,290.13138295275587,1.3080024126939935,1.474552869796753,-0.000520381949720405,1.3372972930405527,-0.0005170317621140075,1.3447239468552865,5.912161934347802e-05,0.0029532147790639284,1,-1.0,-1.0,0,0,2,3,1,30.1,50.0,198.0,11.1,1009.1,cotonou/COTO,167.19783760562936,66.1,58.0,0.5441891620449711
6.355986497907015,2.3924346432953447,COTO,cotonou,6.352268,2.402957,1234.6875787963918,21238.37353,9.0,100.0,109.0,570.0,10,15.681592464447021,289.57467497155847,4.322230803109703,5.6815924644470215,0.001567143674880739,0.6695676342930172,0.0015630391501797775,0.6728695715876094,0.0012943642777463566,0.04615678372368744,1,-1.0,-1.0,0,0,2,11,1,32.6,66.0,210.0,11.2,1010.9,cotonou/COTO,267.5192114597196,58.2,57.1,0.9193309757656432
6.356818300807237,2.4057981138244355,COTO,cotonou,6.352268,2.402957,593.3200816969484,21238.37353,9.0,100.0,109.0,570.0,10,14.75184965133667,31.82123066659642,9.02594981940888,4.75184965133667,0.0016264400664187397,0.6097882056563205,0.0014470956542275164,0.583121701212471,-0.0035710281795925565,0.13142300502887796,1,-1.0,-1.0,0,0,1,11,1,31.0,75.0,210.0,18.4,1008.0,cotonou/COTO,384.8115623263995,66.4,64.7,0.9175080374625166
6.377512781524225,2.3603343471786418,COTO,cotonou,6.352268,2.402957,5480.1097217108645,21238.37353,9.0,100.0,109.0,570.0,10,12.721163034439087,300.79557083200007,1.0065133428061106,2.721163034439087,-0.0001795680145096909,1.2084035341225743,-0.00025472027371738567,1.2034169820011371,-0.004754101327480969,0.11207552922744868,1,-1.0,-1.0,0,0,2,14,1,29.5,80.0,200.0,7.6,1009.5,cotonou/COTO,346.4622784662153,78.1,77.1,0.5847830133489991
6.379732916167938,2.363963369081187,COTO,cotonou,6.352268,2.402957,5276.089701443699,21238.37353,9.0,100.0,109.0,570.0,10,12.868951559066772,305.327881635747,1.0438211434519542,2.8689515590667725,-0.00016407443621727864,1.1383859210888854,-0.00018435533573564968,1.1327427089775735,-0.0029611931906806097,0.11162161672700009,0,-1.0,4937.743267683782,0,12,0,15,1,30.7,55.0,293.0,13.0,1011.4,cotonou/COTO,267.89890817251177,66.5,78.2,0.7219706037501689
6.363233650460819,2.359594119480266,COTO,cotonou,6.352268,2.402957,4948.529391423389,21238.37353,9.0,100.0,109.0,570.0,10,11.674470663070679,284.2781402444138,1.1267232736941082,1.6744706630706787,-0.0004104844577420554,1.2662032228948599,-0.00039938226669372433,1.2749610983337265,0.0004099872377183702,0.017230164803189365,1,-1.0,-1.0,0,0,0,0,1,33.0,48.0,210.0,9.4,1011.2,cotonou/COTO,275.55065323816524,67.2,65.7,0.6031776289249692
6.371078555765467,2.398405672986416,COTO,cotonou,6.352268,2.402957,2140.299113988733,21238.37353,9.0,100.0,109.0,570.0,10,12.031870603561401,346.47926995328726,2.5940616598634505,2.0318706035614014,-0.0008123877776319788,0.8591106900065055,-0.000777495018470195,0.881785275367143,-0.001731820955355042,0.05872419361331682,1,-1.0,-1.0,0,0,1,0,1,31.7,72.0,200.0,14.8,1010.3,cotonou/COTO,364.58895828051044,86.5,87.4,0.3458196858748278
6.373469539840738,2.3908301178080196,COTO,cotonou,6.352268,2.402957,2701.3814331246126,21238.37353,9.0,100.0,109.0,570.0,10,12.288378715515137,330.38427026850457,2.050359165743674,2.2883787155151367,-0.0005196383584550013,0.8240987633422835,-0.0005578320695219138,0.8370672604157267,-0.0009499435802204154,0.04293633461757024,1,-1.0,-1.0,0,0,3,10,1,33.0,67.0,190.0,20.5,1010.0,cotonou/COTO,357.773164030067,81.4,84.9,0.22092862313692552
6.372423865787503,2.357477557822819,COTO,cotonou,6.352268,2.402957,5503.37747138468,21238.37353,9.0,100.0,109.0,570.0,10,13.670392274856567,294.03617952243894,0.9923793194841993,3.6703922748565674,2.0636554285643063e-05,1.3840497190793393,-1.5998399385841908e-05,1.377254973364413,0.0002369741598765055,0.02385118089385263,0,-1.0,5216.628344619145,0,4,2,14,1,31.0,63.0,210.0,16.6,1009.0,cotonou/COTO,309.1504439589486,58.6,65.2,0.9521869396457464
6.37063043360845,2.3545987052637654,COTO,cotonou,6.352268,2.402957,5722.695468092453,21238.37353,9.0,100.0,109.0,570.0,10,13.075225591659546,290.91297623547814,0.9603114644755995,3.075225591659546,-0.0001142582134914647,1.3738881110633898,-0.00011193019326692622,1.3669110905410797,-0.0007520304785834419,0.027763621914405623,0,5447.4556058996295,5160.747416115438,2,5,2,3,1,29.5,69.0,210.0,9.4,1009.5,cotonou/COTO,249.20674248494376,51.6,58.6,0.07194332217477906
6.363987300530568,2.3704776347443586,COTO,cotonou,6.352268,2.402957,3820.0594753351893,21238.37353,9.0,100.0,109.0,570.0,10,11.65257203578949,289.9555336016584,1.459765200297329,1.6525720357894897,-0.000555727410550664,1.1749685908795169,-0.0005428004922628136,1.1873713448272185,-0.001353559143629516,0.04393499125887314,1,-1.0,-1.0,0,0,1,7,1,30.0,55.0,310.0,7.6,1013.0,cotonou/COTO,213.77228304903036,59.4,66.8,0.3547556157818613
6.348050076661611,2.3814081521311943,COTO,cotonou,6.352268,2.402957,2429.387187781846,21238.37353,9.0,100.0,109.0,570.0,10,10.920653283596039,258.85960199481576,2.3118927019171673,0.9206532835960388,-0.0011473276129740403,0.8809562915646003,-0.0011058093314189987,0.966690831179894,0.0,0.0,1,-1.0,-1.0,0,0,0,1,1,32.0,71.0,200.0,18.4,1008.0,cotonou/COTO,208.55006593135025,59.0,75.4,0.03619076000671073
6.3650294567370365,2.362511103985472,COTO,cotonou,6.352268,2.402957,4692.164662622699,21238.37353,9.0,100.0,109.0,570.0,10,11.626884698867798,287.61543815556155,1.1888474220791505,1.6268846988677979,-0.0004416362495179388,1.3322079315766069,-0.0004303516581873223,1.340698819102807,0.00014504392941792806,0.010543775000915565,1,-1.0,-1.0,0,0,1,0,1,30.1,50.0,198.0,11.1,1009.1,cotonou/COTO,370.6602309393415,61.3,67.2,0.3296679313812044
6.384210130504051,2.3729823042876927,COTO,cotonou,6.352268,2.402957,4845.193138342344,21238.37353,9.0,100.0,109.0,570.0,10,12.777637004852295,316.99857213955414,1.13770711026865,2.777637004852295,-0.00019122519120267386,1.0989023191727807,-0.0001984880707128261,1.0925849117960422,-0.000499272346496582,0.02433384833090237,1,-1.0,-1.0,0,0,2,10,1,34.0,32.0,222.0,5.4,1009.0,cotonou/COTO,267.5261198461977,64.4,62.5,0.5934782989286431
6.3800904073566365,2.365645170755395,COTO,cotonou,6.352268,2.402957,5148.58933954643,21238.37353,9.0,100.0,109.0,570.0,10,13.29633092880249,306.88293674058,1.0649101213550491,3.2963309288024902,-7.958536924317818e-05,1.1320845276297367,-7.984734129631647e-05,1.125794477171934,-5.3656101226806637e-05,0.0030595218659729318,1,-1.0,-1.0,0,0,0,5,1,30.7,55.0,293.0,13.0,1011.4,cotonou/COTO,325.9584504197963,66.5,64.2,0.014397324859501293
6.3588684033340535,2.413188114637821,COTO,cotonou,6.352268,2.402957,1346.9016818926839,21238.37353,9.0,100.0,109.0,570.0,10,15.053836822509766,57.01103037024126,3.989908893028747,5.053836822509766,0.000993178993717122,0.4348364153456363,0.0009019339909966586,0.4271700435234798,-0.0013333205697158123,0.03238648171229429,1,-1.0,-1.0,0,0,2,3,1,32.0,67.0,210.0,18.4,1012.0,cotonou/COTO,390.090387602657,65.5,58.7,0.028869623365234798
6.363848146240516,2.3698313019269714,COTO,cotonou,6.352268,2.402957,3882.3009567304225,21238.37353,9.0,100.0,109.0,570.0,10,11.605924487113953,289.38092444563046,1.4370599672536832,1.6059244871139526,-0.0005495148687681157,1.1653034248800371,-0.0005344659090042114,1.1901339496478296,-0.0005453795194625855,0.02700465381161869,1,-1.0,-1.0,0,0,4,2,1,30.0,55.0,310.0,7.6,1013.0,cotonou/COTO,248.21595536951256,59.4,62.5,0.18499811081198636
6.379586957471,2.36333972737609,COTO,cotonou,6.352268,2.402957,5323.479800041143,21238.37353,9.0,100.0,109.0,570.0,10,12.487627029418945,304.7570476623188,1.038633774800266,2.4876270294189453,-0.00022834539413452148,1.1453455671229544,-0.0002868788330643266,1.1436441788846679,-0.004213547706604004,0.19507965244349446,0,5035.435802844528,4790.064990417782,2,10,1,14,1,30.7,55.0,293.0,13.0,1011.4,cotonou/COTO,267.89890817251177,66.5,78.2,0.9873500527275368
6.364966351806825,2.371310971582876,COTO,cotonou,6.352268,2.402957,3772.4073668026003,21238.37353,9.0,100.0,109.0,570.0,10,11.567285895347595,291.98794174234956,1.4794909333230906,1.5672858953475952,-0.000571979780493542,1.2746244898374286,-0.0005621920650204022,1.2948603616073902,-0.0008030613263448079,0.02958504536888389,1,-1.0,-1.0,0,0,1,6,1,33.0,49.0,210.0,16.6,1009.0,cotonou/COTO,64.38956825449732,66.8,62.4,0.09715828762937229
6.383874934453067,2.367761428479229,COTO,cotonou,6.352268,2.402957,5232.60963095917,21238.37353,9.0,100.0,109.0,570.0,10,14.127910614013672,312.1033168554826,1.0387120731977368,4.127910614013672,8.017508188883471e-05,1.1179298663646706,6.0336378783605054e-05,1.1162010612085165,-0.0010633428891499838,0.056716846454825214,0,4938.996264893325,4949.482456538533,1,1,2,4,1,33.0,28.0,70.0,11.2,1010.0,cotonou/COTO,327.77907193718073,68.0,61.3,0.15584436538808932
6.374835610138298,2.357319093444854,COTO,cotonou,6.352268,2.402957,5632.398500539773,21238.37353,9.0,100.0,109.0,570.0,10,13.693313837051392,296.45555085674675,0.9694182308148774,3.6933138370513916,-3.685590822279567e-06,1.3165031044590862,-3.464164711357839e-05,1.3101966657863895,-0.0022117517116702935,0.054356345717938875,0,-1.0,5259.915232969006,0,3,0,3,1,31.5,72.0,200.0,11.2,1008.3,cotonou/COTO,315.24390842648114,63.4,72.1,0.9221837675498034
6.365297749340178,2.371674624527914,COTO,cotonou,6.352268,2.402957,3749.0262329179573,21238.37353,9.0,100.0,109.0,570.0,10,11.630510687828064,292.7402318287413,1.4877481672218704,1.630510687828064,-0.000554365098693662,1.2995184260320893,-0.0005709911839160895,1.3175281472561393,-0.0014256382290252102,0.0393669293963238,1,-1.0,-1.0,0,0,0,2,1,31.0,63.0,180.0,9.4,1011.0,cotonou/COTO,344.695661852635,60.5,62.4,0.8701009055259746
6.373715958674992,2.3548977796402837,COTO,cotonou,6.352268,2.402957,5822.228251793766,21238.37353,9.0,100.0,109.0,570.0,10,13.240023612976074,294.18503720220207,0.9422763242120908,3.240023612976074,-7.982355916601979e-05,1.3456685107301083,-7.638387939556927e-05,1.3422552220060533,-6.836520300971135e-05,0.008967943412050233,0,5273.842023668902,5227.170855317849,4,26,0,0,1,31.0,63.0,210.0,16.6,1009.0,cotonou/COTO,234.58846199256698,58.3,58.6,0.5185029976342977
6.384526484885653,2.372074872651994,COTO,cotonou,6.352268,2.402957,4939.66020152726,21238.37353,9.0,100.0,109.0,570.0,10,12.77942180633545,316.42759722370266,1.115934230361262,2.779421806335449,-0.00018038921620098201,1.105728378571473,-0.0001955759025619415,1.099453240445812,-0.000702055295308431,0.034848495273310236,1,-1.0,-1.0,0,0,2,9,1,31.8,57.0,210.0,13.0,1008.6,cotonou/COTO,161.07626082067793,62.5,53.4,0.3443212311766215
6.34961938415843,2.388931641668632,COTO,cotonou,6.352268,2.402957,1579.1792163753294,21238.37353,9.0,100.0,109.0,570.0,10,13.860898971557617,259.24220662452217,3.4476696571585896,3.860898971557617,6.460082841365172e-05,0.3593662446272738,-5.56451650219296e-05,0.36339258772522853,-0.00208294196542706,0.09810250417039612,1,-1.0,-1.0,0,0,3,8,1,31.8,66.0,200.0,14.8,1010.6,cotonou/COTO,288.65336045167965,65.2,69.3,0.3936567969528296
6.357976861356218,2.3972022048947594,COTO,cotonou,6.352268,2.402957,896.6485944313443,21238.37353,9.0,100.0,109.0,570.0,10,14.976358413696289,314.9473252847868,5.986226523987873,4.976358413696289,0.0014104077551099989,0.46542333450887613,0.0011919014155864715,0.4584232392957795,-0.0013904624515109591,0.06257081031799316,1,-1.0,-1.0,0,0,2,8,1,31.0,71.0,210.0,20.5,1010.0,cotonou/COTO,230.8079454871386,58.3,62.0,0.08373499608921764
6.357916264255972,2.4051707061394443,COTO,cotonou,6.352268,2.402957,670.9322316397199,21238.37353,9.0,100.0,109.0,570.0,10,14.473104000091553,21.281706642475797,8.019554783611317,4.473104000091553,0.0010996204136051338,0.5603837962176024,0.0008918423702125796,0.5412897011531065,-0.001236779460183625,0.031009430179277386,1,-1.0,-1.0,0,0,0,6,1,31.4,69.0,240.0,16.6,1010.7,cotonou/COTO,384.8115623263995,64.7,66.4,0.44726387241608145
6.346778770892057,2.404343602236759,COTO,cotonou,6.352268,2.402957,626.1280561022805,21238.37353,9.0,100.0,109.0,570.0,10,12.399997234344482,165.90682191022142,8.770529856167975,2.3999972343444824,-0.0021033678379923353,0.391929478036144,-0.0023805782386973075,0.4798355532687258,-0.005005387443775439,0.13016299447852142,1,-1.0,-1.0,0,0,0,5,1,30.0,75.0,180.0,20.5,1011.0,cotonou/COTO,313.45464504453633,77.3,69.1,0.27104394150774536
6.357984883606898,2.3971954440042493,COTO,cotonou,6.352268,2.402957,897.8044219378081,21238.37353,9.0,100.0,109.0,570.0,10,14.976358413696289,314.9539178562346,5.97857574933076,4.976358413696289,0.0014104077551099989,0.46542333450887613,0.0011919014155864715,0.4584232392957795,-0.0013904624515109591,0.06257081031799316,1,-1.0,-1.0,0,0,2,7,1,31.0,71.0,210.0,20.5,1010.0,cotonou/COTO,230.8079454871386,58.3,62.0,0.07868955541005196
6.361015967247168,2.361027306244471,COTO,cotonou,6.352268,2.402957,4738.883799643695,21238.37353,9.0,100.0,109.0,570.0,10,12.084460496902466,281.85797301767514,1.1716002446743428,2.084460496902466,-0.0003426600821632411,1.067059082593655,-0.00036023110151290895,1.0800283470472074,-0.001369855138990614,0.057769162072679583,1,-1.0,-1.0,0,0,1,0,1,29.0,75.0,200.0,13.0,1010.0,cotonou/COTO,243.7480135303034,61.2,68.1,0.13959190851240855
6.3796902364122365,2.363781010125012,COTO,cotonou,6.352268,2.402957,5289.892749066468,21238.37353,9.0,100.0,109.0,570.0,10,12.698953866958618,305.15991420208906,1.0429387420843321,2.698953866958618,-0.00027666875047472125,1.1394809639009167,-0.00021704799521581376,1.1370258722188573,-0.0032428014701394816,0.12399736861097163,0,4982.464112347174,4929.459174981778,3,11,0,15,1,30.7,55.0,293.0,13.0,1011.4,cotonou/COTO,267.89890817251177,66.5,78.2,0.7995701595692746
6.353119872719674,2.392321920718966,COTO,cotonou,6.352268,2.402957,1180.4354564460846,21238.37353,9.0,100.0,109.0,570.0,10,15.023609638214111,274.6083910424828,4.551810102391596,5.023609638214111,0.0011186070057053743,0.38959997654193923,0.0010560230603293768,0.39593138403309514,0.0009424328804016113,0.04235050938088908,1,-1.0,-1.0,0,0,6,7,1,31.0,71.0,240.0,9.4,1011.0,cotonou/COTO,355.40979741691933,62.9,54.4,0.8720288294670335
6.36967952550503,2.362144495982708,COTO,cotonou,6.352268,2.402957,4908.848138980575,21238.37353,9.0,100.0,109.0,570.0,10,12.347612380981445,293.2344167552901,1.1279750940007012,2.3476123809814453,-0.0002447612439538622,1.4683250298958057,-0.00025075674057006836,1.461875861996549,0.003370940685272217,0.16627002222245715,1,-1.0,-1.0,0,0,0,10,1,32.0,71.0,220.0,18.4,1009.0,cotonou/COTO,298.34231362650223,78.0,73.3,0.3654431457313714
6.372139624702388,2.393364707993511,COTO,cotonou,6.352268,2.402957,2440.406487569621,21238.37353,9.0,100.0,109.0,570.0,10,12.295861721038818,334.3716291520797,2.269229182661406,2.2958617210388184,-0.0005736299646579153,0.8324055058814753,-0.0005530987436292142,0.8444132284679751,0.000605670507035043,0.019947679160638353,1,-1.0,-1.0,0,0,0,6,1,31.7,72.0,200.0,14.8,1010.3,cotonou/COTO,361.2210155846181,76.9,82.1,0.767409199131579
6.3501509713629565,2.4132330598906946,COTO,cotonou,6.352268,2.402957,1160.8056286928522,21238.37353,9.0,100.0,109.0,570.0,10,14.77070665359497,101.71029755487746,4.640853355936045,4.770706653594971,0.000888881267939094,0.2936786052284365,0.0008662807263009917,0.3141740547534437,-0.0005402882893880208,0.021329718257819996,1,-1.0,-1.0,0,0,0,8,1,29.8,77.0,200.0,11.2,1012.0,cotonou/COTO,285.3045504368927,58.1,75.1,0.8735288987045745
6.346876395113702,2.404637571803059,COTO,cotonou,6.352268,2.402957,624.5663802169498,21238.37353,9.0,100.0,109.0,570.0,10,12.378795385360718,162.78747495122116,8.794017144727121,2.3787953853607178,-0.0021578710900510014,0.40478933953266466,-0.0020758981290070907,0.49142940700744786,-0.0026545842488606766,0.09811260245918996,1,-1.0,-1.0,0,0,0,9,1,31.0,71.0,180.0,18.4,1010.0,cotonou/COTO,313.45464504453633,69.1,77.3,0.8386461951713001
6.3709628412136325,2.390223786121161,COTO,cotonou,6.352268,2.402957,2501.782089091991,21238.37353,9.0,100.0,109.0,570.0,10,11.956919074058533,325.9060676031253,2.221365659043425,1.9569190740585327,-0.0006944731587455387,0.7914313603834783,-0.000688110442124596,0.8297639526717332,-6.341735521952311e-05,0.009794031440310364,1,-1.0,-1.0,0,0,2,9,1,33.0,67.0,200.0,18.4,1012.0,cotonou/COTO,292.9664112146319,84.9,61.2,0.06494471901025212
6.378673438363838,2.3753032932562044,COTO,cotonou,6.352268,2.402957,4229.411874611681,21238.37353,9.0,100.0,109.0,570.0,10,11.803905010223389,313.8557610622234,1.3164823239066066,1.8039050102233887,-0.00044956953095754185,1.17033504705168,-0.00043636771626683665,1.1715249347119827,0.0005594213803609212,0.021465179108456526,1,-1.0,-1.0,0,0,1,9,1,31.0,63.0,200.0,16.6,1007.0,cotonou/COTO,296.22029927065233,81.4,81.4,0.27441496233101925
6.373505634805068,2.369173908701267,COTO,cotonou,6.352268,2.402957,4414.34851180635,21238.37353,9.0,100.0,109.0,570.0,10,11.740650057792664,302.31700014665523,1.262167863995809,1.7406500577926636,-0.00044286967934788896,1.267392836659025,-0.0004099791337876628,1.2672987198802912,0.0020349761385209937,0.06657707664255279,1,-1.0,-1.0,0,0,1,0,1,32.0,67.0,220.0,16.6,1011.0,cotonou/COTO,151.02935906652115,79.6,80.0,0.7088142462634678
6.3847549040444225,2.368590715305336,COTO,cotonou,6.352268,2.402957,5231.044078650439,21238.37353,9.0,100.0,109.0,570.0,10,13.522022724151611,313.56870923256736,1.0456569836427314,3.5220227241516113,-3.523213522774829e-05,1.1054879924909213,-5.105032309953419e-05,1.1028773052964453,-0.002279013084607895,0.07327908674169178,0,4790.7557994854715,4853.654125080467,1,4,1,14,1,33.0,28.0,70.0,11.2,1010.0,cotonou/COTO,282.2544702923159,68.0,57.6,0.3426645519531689
6.348564085259609,2.379108209577208,COTO,cotonou,6.352268,2.402957,2670.256461789513,21238.37353,9.0,100.0,109.0,570.0,10,10.710995376110077,261.1197013785114,2.1080386508060722,0.7109953761100769,-0.00112209590186787,0.95785662389952,-0.0010974344534751695,1.0456949357201082,0.0,0.0,1,-1.0,-1.0,0,0,0,0,1,32.0,71.0,200.0,18.4,1008.0,cotonou/COTO,310.65923598055264,55.9,66.5,0.5602131490223635
6.350099888225561,2.41316269371468,COTO,cotonou,6.352268,2.402957,1154.3415121553005,21238.37353,9.0,100.0,109.0,570.0,10,14.821142673492432,102.06502331344552,4.66424004812141,4.821142673492432,0.0009522660165770439,0.29174537041657117,0.000654088190900601,0.29157076683650357,8.719762166341152e-05,0.14198838615187848,1,-1.0,-1.0,0,0,0,4,1,29.8,77.0,200.0,11.2,1012.0,cotonou/COTO,285.3045504368927,58.1,75.1,0.9073587910192522
6.382436189174148,2.3649889165925284,COTO,cotonou,6.352268,2.402957,5364.350957524342,21238.37353,9.0,100.0,109.0,570.0,10,13.910624742507935,308.6444038019283,1.0155281390901822,3.9106247425079346,4.093612293767319e-05,1.0973733307587197,-3.90913939000635e-05,1.0930924558913067,-0.004080020747230642,0.0670972119038777,1,-1.0,-1.0,0,0,2,1,1,34.0,32.0,222.0,5.4,1009.0,cotonou/COTO,290.9174264288137,55.8,61.3,0.0036998309245430683
6.379479991997369,2.37703309502623,COTO,cotonou,6.352268,2.402957,4157.202986403446,21238.37353,9.0,100.0,109.0,570.0,10,11.950038433074951,316.56704281007785,1.3373278620341158,1.9500384330749512,-0.00042133165492142416,1.173536983792244,-0.0004013940797629931,1.1718385862481808,0.0007817844549814861,0.03686130688476193,1,-1.0,-1.0,0,0,0,6,1,32.1,54.0,211.0,13.0,1008.6,cotonou/COTO,333.1849486397105,70.5,81.4,0.9552878059477057
6.3652193229038065,2.3680390711312573,COTO,cotonou,6.352268,2.402957,4120.2411271048,21238.37353,9.0,100.0,109.0,570.0,10,11.471461176872253,290.46768385314,1.3559717001220284,1.4714611768722534,-0.0005488213093292302,1.3107972788114977,-0.000536911997216872,1.3195459688823286,-0.0002593671313565661,0.010632158932453204,1,-1.0,-1.0,0,0,3,0,1,30.0,55.0,310.0,7.6,1013.0,cotonou/COTO,211.07519039432174,62.5,58.0,0.5222439504037082
6.363538072691989,2.370072387253612,COTO,cotonou,6.352268,2.402957,3845.8825506533913,21238.37353,9.0,100.0,109.0,570.0,10,11.691865801811218,289.0278872937516,1.4493828223564742,1.6918658018112183,-0.000520704297748339,1.1350752879274446,-0.00053831175958945,1.1495196847651108,-0.0014271586453198555,0.04949473311701938,0,-1.0,3614.6671668465738,0,3,2,6,1,33.0,49.0,210.0,16.6,1009.0,cotonou/COTO,213.77228304903036,66.8,59.4,0.9593897258823236
6.37363267890752,2.3548930433501907,COTO,cotonou,6.352268,2.402957,5818.961690216023,21238.37353,9.0,100.0,109.0,570.0,10,13.240023612976074,294.09974033884043,0.9428051897327338,3.240023612976074,-8.069729679495804e-05,1.3497961404976544,-7.365141027250463e-05,1.3429325715933995,0.00011015611303051022,0.011477951500363603,0,5270.883134223732,5224.2381507350265,3,27,0,2,1,31.0,63.0,210.0,16.6,1009.0,cotonou/COTO,234.58846199256698,58.3,58.6,0.5579720817440753
6.349632070890522,2.3813937035907458,COTO,cotonou,6.352268,2.402957,2403.5237993162095,21238.37353,9.0,100.0,109.0,570.0,10,12.92182993888855,262.989241275982,2.289115821495509,2.92182993888855,-0.00032311172642334986,0.4631599724944513,-0.00035649061042897424,0.481511864652395,-0.001338788624552445,0.04213554410274678,1,-1.0,-1.0,0,0,4,0,1,32.0,71.0,200.0,18.4,1008.0,cotonou/COTO,206.50773641684015,65.8,75.4,0.5517722630398691
6.384919742135565,2.37471524235817,COTO,cotonou,6.352268,2.402957,4775.0972133802425,21238.37353,9.0,100.0,109.0,570.0,10,13.321738958358765,319.3191745376271,1.1478775930863363,3.3217389583587646,7.023005945552617e-05,1.0478646257125892,-8.246581814690895e-05,1.044723620736745,0.0017637602124521484,0.05285609120961289,1,-1.0,-1.0,0,0,3,1,1,31.8,57.0,210.0,13.0,1008.6,cotonou/COTO,348.5682791075882,62.5,70.2,0.7564466108821679
6.35490178836323,2.394123608790462,COTO,cotonou,6.352268,2.402957,1019.8074526280454,21238.37353,9.0,100.0,109.0,570.0,10,15.45411491394043,286.70001850564614,5.241015899876589,5.45411491394043,0.0017130556256261715,0.5910571959293227,0.001687507052173503,0.6029168612261773,0.000953737855689509,0.034041216919920694,1,-1.0,-1.0,0,0,2,9,1,32.6,66.0,210.0,11.2,1010.9,cotonou/COTO,279.6517178563703,57.1,62.9,0.7251653412267528
6.365359555657682,2.366016793016314,COTO,cotonou,6.352268,2.402957,4335.88254063658,21238.37353,9.0,100.0,109.0,570.0,10,11.49332869052887,289.62789189378043,1.2882681193405743,1.4933286905288696,-0.0005074251900852179,1.3299388377502082,-0.0005043722604678063,1.3441233647289075,-5.175669987996428e-06,0.004112575867362987,1,-1.0,-1.0,0,0,1,0,1,30.1,50.0,198.0,11.1,1009.1,cotonou/COTO,383.9926241478955,66.1,63.0,0.20712663041333979
6.369694245352982,2.4033419401780978,COTO,cotonou,6.352268,2.402957,1927.6025427843185,21238.37353,9.0,100.0,109.0,570.0,10,13.227087259292603,1.257630256563914,2.844401200137353,3.2270872592926025,-0.0004175255713059443,0.5336388307275616,-0.0002879184629095028,0.5507336974105439,-0.0037452267808311644,0.1223232138667002,1,-1.0,-1.0,0,0,2,13,1,32.0,75.0,200.0,20.5,1010.0,cotonou/COTO,333.13687187099424,68.0,86.2,0.7911466968949523
6.353460840709798,2.3928936658243565,COTO,cotonou,6.352268,2.402957,1121.1989013709892,21238.37353,9.0,100.0,109.0,570.0,10,15.057485103607178,276.801853012731,4.789486233571593,5.057485103607178,0.0011531001151104672,0.42530012305589765,0.0012310630083084107,0.4370840894066597,0.0012586116790771484,0.06432497234003214,1,-1.0,-1.0,0,0,5,9,1,31.0,71.0,240.0,9.4,1011.0,cotonou/COTO,355.40979741691933,54.4,62.9,0.3358784815840842
6.367919248415244,2.3912988274593925,COTO,cotonou,6.352268,2.402957,2158.5895802893624,21238.37353,9.0,100.0,109.0,570.0,10,12.897984504699707,323.4885699807229,2.5491674260576396,2.897984504699707,-0.00037758909407988587,0.5455252400567351,-0.00041252149117959516,0.5728230305161917,-0.002131994565327962,0.08050004936405372,1,-1.0,-1.0,0,0,4,10,1,32.0,63.0,210.0,16.6,1010.0,cotonou/COTO,256.496478923207,61.2,70.8,0.746642579480486
6.367348578290355,2.3871620797319766,COTO,cotonou,6.352268,2.402957,2415.61487191497,21238.37353,9.0,100.0,109.0,570.0,10,12.277894258499146,313.8521864017237,2.292919196811747,2.2778942584991455,-0.0005881058335794833,0.8304975277677696,-0.0006882155805452981,0.8664659113639623,-0.0032331239228153806,0.10289057527917816,1,-1.0,-1.0,0,0,5,9,1,32.0,63.0,210.0,16.6,1010.0,cotonou/COTO,280.00176285154186,67.2,62.3,0.18527857867900177
6.379225849609327,2.3618650664060516,COTO,cotonou,6.352268,2.402957,5436.600354894207,21238.37353,9.0,100.0,109.0,570.0,10,11.676260232925415,303.43137709781615,1.0255754735430376,1.676260232925415,-0.00041207037416185867,1.1797130140508223,-0.00039251640930304185,1.1820025891841712,-0.003328838532165862,0.11218104936128506,0,-1.0,5153.330596923767,0,5,0,4,1,31.8,31.0,20.0,11.2,1010.9,cotonou/COTO,233.1422818794881,78.2,78.1,0.7083007813472049
6.361573244079831,2.383893464578707,COTO,cotonou,6.352268,2.402957,2346.8244384584355,21238.37353,9.0,100.0,109.0,570.0,10,13.165624380111694,296.1584280295748,2.3384178542615555,3.1656243801116943,-0.00022842491729350027,0.8653780209368873,-0.00021518495649613806,0.8704030279255633,-0.0001459034205854915,0.016448564176529776,1,-1.0,-1.0,0,0,0,14,1,31.7,62.0,220.0,11.2,1010.7,cotonou/COTO,318.97004498850305,54.4,75.2,0.5074803215039835
6.3839456487028885,2.3717112597570926,COTO,cotonou,6.352268,2.402957,4921.647048805968,21238.37353,9.0,100.0,109.0,570.0,10,12.917994022369385,315.5722909524977,1.1184049090800554,2.9179940223693848,-0.000160388689809519,1.117443214708364,-0.0001624448232382656,1.1107679119734204,-0.0011353943083021376,0.04216046433476166,1,-1.0,-1.0,0,0,2,11,1,34.0,32.0,222.0,5.4,1009.0,cotonou/COTO,161.07626082067793,53.4,62.5,0.183454229990326
6.383940295365232,2.373216556770843,COTO,cotonou,6.352268,2.402957,4805.699539442211,21238.37353,9.0,100.0,109.0,570.0,10,12.831238269805908,316.9803238688231,1.146415581502703,2.831238269805908,-0.00018131535492575194,1.1032665006961977,-0.00019550607505720564,1.1000686994189508,-0.0007900924031325078,0.030735471809711656,1,-1.0,-1.0,0,0,2,10,1,31.8,57.0,210.0,13.0,1008.6,cotonou/COTO,267.5261198461977,62.5,64.4,0.5547827663562885
6.3585400485023715,2.4002615106421503,COTO,cotonou,6.352268,2.402957,755.0090945671008,21238.37353,9.0,100.0,109.0,570.0,10,14.632474422454834,336.87180146552,7.124372915594542,4.632474422454834,0.0011865166517404412,0.34461184430932357,0.0011123901391232492,0.3420515490815042,-0.00045628560339341885,0.0155977121997882,1,-1.0,-1.0,0,0,5,2,1,31.0,75.0,210.0,18.4,1008.0,cotonou/COTO,337.12035847750434,62.4,62.0,0.10220066561258134
6.356528182839441,2.379049511388568,COTO,cotonou,6.352268,2.402957,2686.755833895488,21238.37353,9.0,100.0,109.0,570.0,10,13.761051416397095,280.16622317597404,2.030145766221101,3.7610514163970947,1.591448676909157e-05,0.5599040266809011,-4.319609075352744e-06,0.5703112149088644,-0.0018269598484039306,0.08015045864268358,1,-1.0,-1.0,0,0,4,10,1,33.0,63.0,210.0,13.0,1009.0,cotonou/COTO,346.04950975268054,62.4,70.7,0.3881123245476028
6.348323931413455,2.376430457815453,COTO,cotonou,6.352268,2.402957,2967.1558091060683,21238.37353,9.0,100.0,109.0,570.0,10,10.710995376110077,261.49301731702144,1.8972669469724557,0.7109953761100769,-0.001008752881477176,1.2841590212149192,-0.0009887775768934696,1.327531372596552,0.0,0.0,1,-1.0,-1.0,0,0,0,0,1,33.0,63.0,200.0,11.2,1008.0,cotonou/COTO,255.08273363755146,66.5,64.3,0.6604263278492465
6.362806989490265,2.384303526414606,COTO,cotonou,6.352268,2.402957,2370.161601981779,21238.37353,9.0,100.0,109.0,570.0,10,13.151816129684448,299.6185730666236,2.315751683763663,3.1518161296844482,-0.0002365525650007411,0.8759138248800427,-0.00034684947270100755,0.8863662826966717,-0.005913461255277465,0.1512044564145196,1,-1.0,-1.0,0,0,4,10,1,31.9,70.0,220.0,18.4,1008.0,cotonou/COTO,350.04620409299224,62.4,75.2,0.24369272159696742
6.357419648057834,2.3745385156526675,COTO,cotonou,6.352268,2.402957,3195.418507649813,21238.37353,9.0,100.0,109.0,570.0,10,13.730933427810669,280.3386197480513,1.7077259021433155,3.730933427810669,7.458565019744179e-06,0.6023681944856004,-0.0002170391719011746,0.6109979991759038,-0.006047124530152547,0.10634641291353975,1,-1.0,-1.0,0,0,4,12,1,31.5,70.0,236.0,9.3,1011.4,cotonou/COTO,241.82719946273568,59.2,53.0,0.8959449273011351
6.373293172352647,2.355443717638916,COTO,cotonou,6.352268,2.402957,5748.049195498148,21238.37353,9.0,100.0,109.0,570.0,10,13.293128728866577,294.0038505657594,0.953905046158285,3.293128728866577,-7.914930922384181e-05,1.3581970529791094,-7.788950634985855e-05,1.3512210569457277,-0.001322038968404134,0.06016868881732292,0,5287.28372892515,5218.1689089392,1,20,0,7,1,32.0,71.0,220.0,18.4,1009.0,cotonou/COTO,356.3532216776974,72.1,58.6,0.7363678432680298
6.355951932861924,2.392460121653324,COTO,cotonou,6.352268,2.402957,1230.7594126767208,21238.37353,9.0,100.0,109.0,570.0,10,15.681592464447021,289.44994883012595,4.335973369862534,5.6815924644470215,0.001567143674880739,0.6682780806029949,0.0015639213172754173,0.6717196888239567,0.0013070086727838637,0.04615678372368744,1,-1.0,-1.0,0,0,2,14,1,32.6,66.0,210.0,11.2,1010.9,cotonou/COTO,267.5192114597196,57.1,58.2,0.06285199068252434
6.358480387319645,2.375402051590636,COTO,cotonou,6.352268,2.402957,3125.1272646950065,21238.37353,9.0,100.0,109.0,570.0,10,13.155357122421265,282.78268272846367,1.756655740468635,3.1553571224212646,-0.00017512200370667472,0.7506445726207385,-0.00021270457703071632,0.7587875790099742,-0.0019074534131717901,0.054360368673417425,1,-1.0,-1.0,0,0,5,2,1,32.4,63.0,230.0,7.6,1010.7,cotonou/COTO,320.4806640032702,63.8,53.0,0.4895983063037832
6.370825032211788,2.398080610608184,COTO,cotonou,6.352268,2.402957,2121.917782830033,21238.37353,9.0,100.0,109.0,570.0,10,12.049036026000977,345.3637921708359,2.6160393580986723,2.0490360260009766,-0.0007876525483700604,0.8316058018696904,-0.0007739858540225791,0.8811568041468683,-0.0009391254848904081,0.034720208520275415,1,-1.0,-1.0,0,0,1,1,1,31.7,72.0,200.0,14.8,1010.3,cotonou/COTO,364.58895828051044,87.4,86.5,0.7796870238673551
6.348459303342786,2.3808253337663796,COTO,cotonou,6.352268,2.402957,2484.6300668382464,21238.37353,9.0,100.0,109.0,570.0,10,12.195574045181274,260.1775751141098,2.2311897382368064,2.1955740451812744,-0.0006069949353076368,0.6490848243617716,-0.0013697544794150477,0.718208202376124,-0.022016183706581732,0.39529894636803786,1,-1.0,-1.0,0,0,0,1,1,32.0,71.0,200.0,18.4,1008.0,cotonou/COTO,240.9109181835051,55.9,65.8,0.09393963998840738
6.354189660889092,2.394115772832319,COTO,cotonou,6.352268,2.402957,1001.014547808069,21238.37353,9.0,100.0,109.0,570.0,10,15.275866031646729,282.33658984423846,5.348960684709182,5.2758660316467285,0.001538112350538665,0.5132090949587196,0.0014970706568823919,0.5262969863082264,0.001439189910888672,0.0659336458307455,1,-1.0,-1.0,0,0,2,8,1,31.0,71.0,240.0,9.4,1011.0,cotonou/COTO,355.40979741691933,62.9,54.4,0.21971897006583352
6.363287753124417,2.3837752601830213,COTO,cotonou,6.352268,2.402957,2447.260050815283,21238.37353,9.0,100.0,109.0,570.0,10,12.910440921783447,300.0309906316345,2.2485144409305566,2.9104409217834473,-0.000343972365252253,0.8996202306561865,-0.00039713240805126375,0.9216155970264696,-0.002689578135808309,0.13643142299548716,1,-1.0,-1.0,0,0,4,11,1,31.9,70.0,220.0,18.4,1008.0,cotonou/COTO,160.52457568861385,62.4,54.4,0.3202904418620789
6.369615393574434,2.397178189664377,COTO,cotonou,6.352268,2.402957,2022.148801505672,21238.37353,9.0,100.0,109.0,570.0,10,12.320505380630493,341.6820650705338,2.7372427501630097,2.320505380630493,-0.0006796500262092142,0.7071472999762665,-0.0007555873053414481,0.773947713566025,-0.002659950653711955,0.1235882547191656,1,-1.0,-1.0,0,0,2,4,1,31.7,72.0,200.0,14.8,1010.3,cotonou/COTO,256.52289722354817,86.5,73.4,0.3606634082859479
6.36713948274379,2.413031379325594,COTO,cotonou,6.352268,2.402957,1986.732186631959,21238.37353,9.0,100.0,109.0,570.0,10,14.427341938018799,33.95026839165752,2.7253431367085152,4.427341938018799,0.00035838333528433273,0.42470267847672016,0.00028125866939495087,0.4253962187705772,-0.0024248358974484434,0.07382727525151125,1,-1.0,-1.0,0,0,6,7,1,32.0,63.0,180.0,14.8,1011.0,cotonou/COTO,281.80230889756126,65.5,57.9,0.017241387689204468
6.373859836870288,2.356009138455724,COTO,cotonou,6.352268,2.402957,5716.781845289925,21238.37353,9.0,100.0,109.0,570.0,10,13.447505712509155,294.83549658080966,0.9575745672260324,3.4475057125091553,-5.5017234524000086e-05,1.3537416339770494,-5.421967909949634e-05,1.3468698383212054,-0.0017211238543192544,0.07761604377337218,0,-1.0,5327.261639398426,0,12,1,4,1,31.0,63.0,210.0,16.6,1009.0,cotonou/COTO,396.8541073241009,58.3,65.2,0.395901304046791
6.370741244407892,2.400418991460021,COTO,cotonou,6.352268,2.402957,2062.125450783021,21238.37353,9.0,100.0,109.0,570.0,10,12.403010129928589,352.22491983840655,2.6819692042863905,2.403010129928589,-0.0006299426590186961,0.7308977076642915,-0.0007186052385070514,0.7908736830415403,-0.0025183094872368705,0.09254935143453738,1,-1.0,-1.0,0,0,0,5,1,32.0,63.0,210.0,14.8,1011.0,cotonou/COTO,382.05451823009946,69.0,87.4,0.509243907660323
6.355193077508941,2.3982077236436297,COTO,cotonou,6.352268,2.402957,617.0474234366645,21238.37353,9.0,100.0,109.0,570.0,10,15.376606464385986,301.7870102870457,8.627571448306176,5.376606464385986,0.0027647246139856814,0.5109476305589725,0.0026667038599650058,0.5821874091532783,0.0037135283152262373,0.1686373547217074,1,-1.0,-1.0,0,0,3,11,1,31.0,71.0,210.0,20.5,1010.0,cotonou/COTO,221.7167693252332,62.1,62.0,0.32643528372652764
6.381193947359664,2.375834719732267,COTO,cotonou,6.352268,2.402957,4386.018042900516,21238.37353,9.0,100.0,109.0,570.0,10,12.317586183547974,317.021511636297,1.2627848868276519,2.3175861835479736,-0.0003150578799431556,1.1483959861353614,-0.00030300826639742464,1.1456019953970813,0.0011833376354641384,0.04363588425192237,1,-1.0,-1.0,0,0,3,2,1,32.1,54.0,211.0,13.0,1008.6,cotonou/COTO,333.1849486397105,70.5,81.4,0.2585579838762645
6.361510957102002,2.3608331995840195,COTO,cotonou,6.352268,2.402957,4771.33381993148,21238.37353,9.0,100.0,109.0,570.0,10,11.897932171821594,282.45243052217074,1.1658733150872065,1.8979321718215942,-0.00037925993508773127,1.1305465454613235,-0.0004022379428953535,1.1431433184990416,-0.0014978558964367625,0.03822954376943086,0,-1.0,4197.626346593025,0,1,0,0,1,29.0,75.0,200.0,13.0,1010.0,cotonou/COTO,234.36776676836976,61.2,67.2,0.14399861339805375
6.357030523022276,2.3759474166434833,COTO,cotonou,6.352268,2.402957,3034.3989312573476,21238.37353,9.0,100.0,109.0,570.0,10,13.964729309082031,280.0620666809147,1.7938777052833437,3.9647293090820312,8.422806372050365e-05,0.5820959773415213,8.827868402968717e-05,0.581690431947117,0.0002049128214518229,0.008457163512601677,1,-1.0,-1.0,0,0,4,8,1,32.4,63.0,230.0,7.6,1010.7,cotonou/COTO,241.82719946273568,53.0,59.2,0.774960306420717
6.38403939176088,2.371769944435673,COTO,cotonou,6.352268,2.402957,4924.479766673261,21238.37353,9.0,100.0,109.0,570.0,10,12.917994022369385,315.7107636845845,1.1177617301619507,2.9179940223693848,-0.00015939341651068792,1.1135598354690606,-0.00018355173251754752,1.1103182658198931,-0.0009545945967787978,0.03820115320925171,1,-1.0,-1.0,0,0,4,11,1,31.8,57.0,210.0,13.0,1008.6,cotonou/COTO,161.07626082067793,62.5,53.4,0.7403319017235523
6.35431352268111,2.3943234679103993,COTO,cotonou,6.352268,2.402957,981.6366705863747,21238.37353,9.0,100.0,109.0,570.0,10,15.275866031646729,283.40905270762966,5.45392060885034,5.2758660316467285,0.001589094978501004,0.5277413283169874,0.0015322646640595938,0.537411270961721,0.0005622122022840712,0.02295829969749924,1,-1.0,-1.0,0,0,0,13,1,31.0,71.0,240.0,9.4,1011.0,cotonou/COTO,355.40979741691933,54.4,62.9,0.8558065128725425
6.365605349957945,2.3683480643692327,COTO,cotonou,6.352268,2.402957,4103.353075891458,21238.37353,9.0,100.0,109.0,570.0,10,11.46805214881897,291.19615076469717,1.3615979110004897,1.4680521488189697,-0.0005447540840093236,1.3377242352613614,-0.0005405407573787306,1.3537458062182934,-0.00016795192212207372,0.003615440840429333,1,-1.0,-1.0,0,0,3,5,1,30.0,55.0,310.0,7.6,1013.0,cotonou/COTO,327.63056038773834,62.5,66.1,0.22558326324130018
6.351543242254043,2.390614354105636,COTO,cotonou,6.352268,2.402957,1367.9483822159282,21238.37353,9.0,100.0,109.0,570.0,10,14.572810173034668,266.61943539396515,3.948767978118887,4.572810173034668,0.0006744759930893547,0.27560251650792444,0.0007390698953099007,0.2749510290987351,0.0027167830828352234,0.08924541024477736,1,-1.0,-1.0,0,0,1,14,1,31.0,71.0,240.0,9.4,1011.0,cotonou/COTO,384.59858190063676,54.4,65.2,0.555592579657398
6.348551355665655,2.3811424138639903,COTO,cotonou,6.352268,2.402957,2448.333270218727,21238.37353,9.0,100.0,109.0,570.0,10,12.240598678588867,260.27376316076567,2.2631811624823284,2.240598678588867,-0.0005960946160603345,0.6234448357009443,-0.0005878568641723149,0.6674745624338997,-0.0011358578999837241,0.05790069955873666,1,-1.0,-1.0,0,0,0,1,1,32.0,71.0,200.0,18.4,1008.0,cotonou/COTO,208.55006593135025,75.4,59.0,0.6618339363523674
6.378071319832515,2.374720545674722,COTO,cotonou,6.352268,2.402957,4231.094820913473,21238.37353,9.0,100.0,109.0,570.0,10,11.771234154701233,312.60004745211154,1.3164010505439128,1.771234154701233,-0.00045759732005856897,1.1549847850608062,-0.00044862309813777323,1.1578626349448302,0.00023490852779812281,0.00881326754043074,1,-1.0,-1.0,0,0,1,1,1,31.0,63.0,200.0,16.6,1007.0,cotonou/COTO,74.10445128334986,85.6,81.4,0.4708122383059239
6.369245749827525,2.389554126511835,COTO,cotonou,6.352268,2.402957,2392.5003911333383,21238.37353,9.0,100.0,109.0,570.0,10,11.875373482704163,321.88379825184415,2.3246714175772807,1.8753734827041626,-0.0007768375155089016,0.7712950165566266,-0.0007757305890080658,0.8212066667408847,-0.0018006981333130243,0.05138182887279719,1,-1.0,-1.0,0,0,1,2,1,33.0,67.0,200.0,18.4,1012.0,cotonou/COTO,370.2078816016378,84.9,62.3,0.5700781788985237
6.364451297449567,2.415422609345339,COTO,cotonou,6.352268,2.402957,1928.0661396532453,21238.37353,9.0,100.0,109.0,570.0,10,15.017119407653809,45.478776379777685,2.7906530348543495,5.017119407653809,0.0005842508365794945,0.4258741603839534,0.0006380624843759265,0.4227842416895177,-0.0011407838918727922,0.04146594579830256,1,-1.0,-1.0,0,0,3,0,1,33.0,63.0,248.0,13.0,1011.0,cotonou/COTO,306.3941828756752,57.9,65.7,0.40716847658044386
6.366467315784772,2.360255067457867,COTO,cotonou,6.352268,2.402957,4978.621236265853,21238.37353,9.0,100.0,109.0,570.0,10,11.512401700019836,288.50159464492594,1.1217792932171762,1.5124017000198364,-0.0004406806694934646,1.4006116682047267,-0.0004230533385110623,1.4070790341294879,0.0006933434220188823,0.015348594400643154,1,-1.0,-1.0,0,0,0,0,1,30.0,49.0,140.0,14.8,1008.0,cotonou/COTO,364.4114954279447,78.69999999999999,61.3,0.08231908629415685
6.35125573460589,2.4147548529670537,COTO,cotonou,6.352268,2.402957,1310.1138359804017,21238.37353,9.0,100.0,109.0,570.0,10,15.777072429656982,94.93350193316871,4.070098902514169,5.777072429656982,0.0015682431784543127,0.6891411628571211,0.001083063895211273,0.6984063757753022,-0.0063939202240904,0.10534552512196685,1,-1.0,-1.0,0,0,1,14,1,30.0,75.0,180.0,20.5,1011.0,cotonou/COTO,285.3045504368927,75.1,58.1,0.858102388006671
6.37211899677858,2.390413554201185,COTO,cotonou,6.352268,2.402957,2597.1540876561257,21238.37353,9.0,100.0,109.0,570.0,10,12.104864835739136,327.8723541435401,2.13661125356107,2.1048648357391357,-0.0006252541911035396,0.7958077679623885,-0.000587304076005457,0.8215713896056444,0.00035830736160278324,0.01700500496887886,1,-1.0,-1.0,0,0,1,13,1,33.0,67.0,190.0,20.5,1010.0,cotonou/COTO,357.773164030067,81.4,84.9,0.6594166303311462
6.371032379650088,2.35545835584524,COTO,cotonou,6.352268,2.402957,5650.047123755569,21238.37353,9.0,100.0,109.0,570.0,10,13.232401847839355,291.68037803281675,0.9710633703478613,3.2324018478393555,-6.956377206197717e-05,1.3776216948338924,-8.709994396101988e-05,1.374011569359524,0.00017251500255202013,0.013994725755179644,0,5185.814794950001,5163.169315496071,3,10,1,1,1,29.5,69.0,210.0,9.4,1009.5,cotonou/COTO,399.3609701761259,51.6,65.2,0.28988641757095557
6.363568257034742,2.3613104282611057,COTO,cotonou,6.352268,2.402957,4774.205811985117,21238.37353,9.0,100.0,109.0,570.0,10,11.660123109817505,285.27283159121197,1.1680249508840361,1.6601231098175049,-0.00042643090089162193,1.2740488196079596,-0.00042187570291523117,1.2790481253298696,0.000343571768866645,0.012632590882145264,1,-1.0,-1.0,0,0,2,1,1,33.0,48.0,210.0,9.4,1011.2,cotonou/COTO,370.6602309393415,67.2,61.3,0.10397559486124985
6.386709363094419,2.3739875391689265,COTO,cotonou,6.352268,2.402957,4977.907361711557,21238.37353,9.0,100.0,109.0,570.0,10,13.452208042144775,320.1082771422065,1.0996213190756468,3.4522080421447754,-4.942421508164536e-05,1.0122056271691828,-4.0833486451043096e-05,1.007280245146235,0.0012065860960218642,0.04467712760352707,1,-1.0,-1.0,0,0,6,8,1,31.8,57.0,210.0,13.0,1008.6,cotonou/COTO,358.8872214220909,62.5,66.1,0.7454928366182647
6.3668475489483605,2.358137859582909,COTO,cotonou,6.352268,2.402957,5214.282113311098,21238.37353,9.0,100.0,109.0,570.0,10,11.594607949256897,288.12635022685515,1.070189281408035,1.594607949256897,-0.0004040902550663893,1.4116665190346303,-0.0003818080025323009,1.4144325291172397,0.001172593078885856,0.037062356646513105,1,-1.0,-1.0,0,0,5,7,1,29.3,51.0,130.0,11.2,1009.3,cotonou/COTO,350.56675056255096,78.8,78.69999999999999,0.40445645752708526
6.363296746791569,2.3837876397013367,COTO,cotonou,6.352268,2.402957,2446.568027585039,21238.37353,9.0,100.0,109.0,570.0,10,12.772133111953735,300.0672821897946,2.2523838030545114,2.7721331119537354,-0.0004531885220440508,0.9026907827830769,-0.00039713240805126375,0.9220258793372589,-0.002689578135808309,0.13643142299548716,1,-1.0,-1.0,0,0,3,11,1,31.9,70.0,220.0,18.4,1008.0,cotonou/COTO,160.52457568861385,62.4,54.4,0.30970965697702546
6.38123793817316,2.3642780967654464,COTO,cotonou,6.352268,2.402957,5345.706212719412,21238.37353,9.0,100.0,109.0,570.0,10,13.272240400314331,307.00505016104586,1.025909434995123,3.272240400314331,-8.09592241681488e-05,1.1056588969446859,-8.338831089161063e-05,1.1026519348219974,-0.0010774056116739908,0.04024741969749223,0,5067.172422076717,5045.746745873433,1,5,3,12,1,31.8,31.0,20.0,11.2,1010.9,cotonou/COTO,367.6178566119935,78.2,55.8,0.5796986619440659
6.37486898125513,2.355874209454512,COTO,cotonou,6.352268,2.402957,5777.737748126222,21238.37353,9.0,100.0,109.0,570.0,10,13.480997562408447,295.7832595179848,0.9471418434140262,3.4809975624084473,-3.9031756768366633e-05,1.3266473739054518,-4.329400184826974e-05,1.3200582335014055,-0.0006064613660176595,0.02724478591472763,0,-1.0,5291.43517213163,0,6,1,3,1,31.0,63.0,210.0,16.6,1009.0,cotonou/COTO,241.37076977131866,58.3,72.1,0.42129467949843236
6.373064369327158,2.3588025422317362,COTO,cotonou,6.352268,2.402957,5399.458484521521,21238.37353,9.0,100.0,109.0,570.0,10,13.865037441253662,295.35921052044216,1.0094100925971112,3.865037441253662,3.136285384768251e-05,1.3781599339874029,4.403419360955207e-05,1.3725481947051983,0.002368939339816626,0.06459541647163686,1,-1.0,-1.0,0,0,0,3,1,32.0,71.0,220.0,18.4,1009.0,cotonou/COTO,246.89454307456222,65.2,63.4,0.6115601188389341
6.374946875285793,2.3570815669297893,COTO,cotonou,6.352268,2.402957,5661.409045127014,21238.37353,9.0,100.0,109.0,570.0,10,13.614120244979858,296.4493309363341,0.9652528626423194,3.6141202449798584,-2.392877633836e-05,1.3135306839649108,-2.256958480488775e-05,1.3072122047808792,-0.001284956932067871,0.047221056688422844,0,5445.844372066065,5252.970717222059,1,5,0,4,1,31.0,63.0,210.0,16.6,1009.0,cotonou/COTO,241.37076977131866,58.3,72.1,0.9776806128060775
6.366616041820298,2.35944692716159,COTO,cotonou,6.352268,2.402957,5068.671851362088,21238.37353,9.0,100.0,109.0,570.0,10,11.5630704164505,288.3585329689746,1.10128204667586,1.5630704164505005,-0.00042212771521365914,1.4058350595300115,-0.0004144950509724165,1.4112774090227087,0.0005601204132910601,0.017224300670554617,1,-1.0,-1.0,0,0,3,1,1,30.0,49.0,140.0,14.8,1008.0,cotonou/COTO,350.56675056255096,78.69999999999999,78.8,0.1746214914501112
6.369812453159135,2.402809095759595,COTO,cotonou,6.352268,2.402957,1940.2733570882208,21238.37353,9.0,100.0,109.0,570.0,10,13.184560775756836,359.5199750134935,2.827108994131335,3.184560775756836,-0.0003097990578768186,0.5152723523359926,-0.0004367771588444153,0.551666678823717,-0.005660743529913242,0.11768549495936903,1,-1.0,-1.0,0,0,1,8,1,32.0,75.0,200.0,20.5,1010.0,cotonou/COTO,333.13687187099424,68.0,86.2,0.9730048602064999
6.359863483228793,2.3773451549928386,COTO,cotonou,6.352268,2.402957,2955.560321750727,21238.37353,9.0,100.0,109.0,570.0,10,13.084709882736206,286.61628682954904,1.8587383436819847,3.084709882736206,-0.00021948788461265646,0.8179483806474103,-0.00021959035703451326,0.8318934544191688,-0.0008692999680836995,0.04058459488443963,1,-1.0,-1.0,0,0,0,6,1,32.0,63.0,220.0,13.0,1010.0,cotonou/COTO,343.13365923494894,65.8,63.8,0.6767303597004717
6.37013911851156,2.3898165535627705,COTO,cotonou,6.352268,2.402957,2453.473764608319,21238.37353,9.0,100.0,109.0,570.0,10,11.84336519241333,323.84279430948243,2.2677063799795616,1.84336519241333,-0.0007616792840741757,0.7886182984935203,-0.0007667952367795544,0.8338847913589437,-0.0011079146294850524,0.020681172560005477,1,-1.0,-1.0,0,0,1,0,1,33.0,67.0,200.0,18.4,1012.0,cotonou/COTO,370.2078816016378,84.9,62.3,0.2909004651374868
6.371313624963339,2.3928874212597617,COTO,cotonou,6.352268,2.402957,2382.714244427215,21238.37353,9.0,100.0,109.0,570.0,10,12.413573741912842,332.28076576395546,2.3212881873905644,2.413573741912842,-0.0005290222850482359,0.7021633193701388,-0.0005448050615264147,0.735093051691663,-0.0010162055492401122,0.04521380661834215,1,-1.0,-1.0,0,0,1,7,1,32.0,63.0,210.0,16.6,1010.0,cotonou/COTO,247.7688085695969,61.2,82.1,0.9103966169896739
6.374853642396762,2.3556364571498154,COTO,cotonou,6.352268,2.402957,5800.734244557218,21238.37353,9.0,100.0,109.0,570.0,10,13.443965673446655,295.6552411901049,0.9437533406095249,3.4439656734466553,-4.5193429665057506e-05,1.3266213799144149,-4.794694249786312e-05,1.323325679426413,-0.0006055082435961853,0.019369030418581772,0,-1.0,5312.496091708714,0,8,1,6,1,32.0,71.0,220.0,18.4,1009.0,cotonou/COTO,241.37076977131866,72.1,58.3,0.6882685945551922
6.362869154462942,2.3658062688061334,COTO,cotonou,6.352268,2.402957,4274.258859203899,21238.37353,9.0,100.0,109.0,570.0,10,11.55885910987854,286.0219372621105,1.305957226829092,1.55885910987854,-0.0005007301455055361,1.1681502680872191,-0.0004944954521354588,1.189647381404602,-9.642442067464193e-05,0.004484713503660408,1,-1.0,-1.0,0,0,4,3,1,33.0,39.0,280.0,7.6,1012.0,cotonou/COTO,309.4591612797848,63.0,58.0,0.09751253742211863
6.370516679365793,2.354652906432141,COTO,cotonou,6.352268,2.402957,5712.633751612826,21238.37353,9.0,100.0,109.0,570.0,10,13.075225591659546,290.81587163448546,0.962002552662191,3.075225591659546,-0.0001264683563524891,1.3723742039362554,-0.00011751301753912149,1.365452789167979,-0.0007968823115030925,0.0437669806217221,0,5426.42965584064,4968.503102605143,3,3,0,3,1,32.0,71.0,220.0,18.4,1009.0,cotonou/COTO,399.3609701761259,65.2,51.6,0.9759384712405673
6.385210652115026,2.372584085243308,COTO,cotonou,6.352268,2.402957,4956.205233837527,21238.37353,9.0,100.0,109.0,570.0,10,12.69979739189148,317.5025420485936,1.1131300487160436,2.6997973918914795,-0.00020224779963972102,1.0777900385811798,-0.00020573525091871673,1.0748299735407345,-0.0007246205308850078,0.022248234457124736,0,-1.0,4727.762908430186,0,4,1,1,1,31.0,59.0,170.0,13.0,1007.0,cotonou/COTO,358.8872214220909,66.1,62.5,0.8895541885482207
6.379197509139331,2.363539494516401,COTO,cotonou,6.352268,2.402957,5280.891239046088,21238.37353,9.0,100.0,109.0,570.0,10,12.456894159317017,304.5077856955163,1.047341469032298,2.4568941593170166,-0.0002377269810417554,1.1532084410692949,-0.0002860125299246494,1.1491797221914328,-0.00487789175508242,0.11635145593635916,0,5048.066374799567,4772.909717053679,2,8,0,13,1,30.7,55.0,293.0,13.0,1011.4,cotonou/COTO,284.78369054431397,64.2,78.2,0.8261405178779978
6.368634907801304,2.396752695838302,COTO,cotonou,6.352268,2.402957,1935.7764810993851,21238.37353,9.0,100.0,109.0,570.0,10,12.528406143188477,339.3568054064054,2.8530390760770956,2.5284061431884766,-0.0006718542665744135,0.604729304679866,-0.0006307196261277839,0.6653747246698474,-0.004293318589528402,0.19295424000438277,1,-1.0,-1.0,0,0,1,11,1,31.7,72.0,200.0,14.8,1010.3,cotonou/COTO,256.52289722354817,86.5,73.4,0.8231566974982752
6.349020580247895,2.382063437433912,COTO,cotonou,6.352268,2.402957,2339.412092501084,21238.37353,9.0,100.0,109.0,570.0,10,12.675903797149658,261.11286424010007,2.3577925952796,2.675903797149658,-0.0004421276647361999,0.49151660556354415,-0.00045463045438130686,0.5331393487456039,-0.0014635774824354384,0.054226295324376346,1,-1.0,-1.0,0,0,6,2,1,32.0,71.0,200.0,18.4,1008.0,cotonou/COTO,210.16260561769036,65.8,59.0,0.36383935315121196
6.370652640719008,2.3978595739912043,COTO,cotonou,6.352268,2.402957,2109.8903466209863,21238.37353,9.0,100.0,109.0,570.0,10,12.073383331298828,344.59429858341434,2.6302714259736173,2.073383331298828,-0.0007669521609382449,0.8414910532050074,-0.000797631968669965,0.8697399543426627,-0.0020387269828474994,0.0689192974498757,1,-1.0,-1.0,0,0,1,0,1,31.7,72.0,200.0,14.8,1010.3,cotonou/COTO,364.58895828051044,86.5,87.4,0.1349706529746505
6.378865886403689,2.376385336705303,COTO,cotonou,6.352268,2.402957,4158.660262907026,21238.37353,9.0,100.0,109.0,570.0,10,11.854974031448364,315.2068973580022,1.338168438569753,1.8549740314483643,-0.0004385887876788897,1.1798460099152746,-0.00042812037975230115,1.1799006650082515,0.0005849917729695638,0.032246731760603865,1,-1.0,-1.0,0,0,0,7,1,31.0,63.0,200.0,16.6,1007.0,cotonou/COTO,310.99815111988335,85.6,81.4,0.6849290023057676
6.356683086903932,2.4042303920993757,COTO,cotonou,6.352268,2.402957,508.1756892231331,21238.37353,9.0,100.0,109.0,570.0,10,14.721336364746094,15.994686815422256,10.510231477101712,4.721336364746094,0.0019584879026751534,0.5840669569697552,0.0017694533228412707,0.5551298247958161,-0.0024772979540568824,0.1183643339044439,1,-1.0,-1.0,0,0,1,6,1,31.4,69.0,240.0,16.6,1010.7,cotonou/COTO,285.8934238489022,64.7,68.1,0.6652170819548555
6.370860516551623,2.3551899304904214,COTO,cotonou,6.352268,2.402957,5670.7622657969905,21238.37353,9.0,100.0,109.0,570.0,10,13.190692663192749,291.3901665465887,0.967938075111173,3.190692663192749,-9.114406789330375e-05,1.3789473747625915,-8.851580531176596e-05,1.3717628562525745,-3.1909372271247786e-05,0.01550843403536186,0,5204.8278912525475,5375.291686817588,1,4,1,4,1,29.5,69.0,210.0,9.4,1009.5,cotonou/COTO,399.3609701761259,51.6,65.2,0.20129719155817194
6.369310824800488,2.397046018309646,COTO,cotonou,6.352268,2.402957,1994.9693965991548,21238.37353,9.0,100.0,109.0,570.0,10,12.400272369384766,340.98145979195175,2.7721914320453798,2.4002723693847656,-0.0006501089874191664,0.6792251808798203,-0.000736121163851973,0.7480354700519968,-0.0025792757670084635,0.12248446073820989,1,-1.0,-1.0,0,0,1,4,1,31.7,72.0,200.0,14.8,1010.3,cotonou/COTO,256.52289722354817,86.5,73.4,0.5043279242982434
6.370525315033721,2.4036373614624433,COTO,cotonou,6.352268,2.402957,2020.4409897138032,21238.37353,9.0,100.0,109.0,570.0,10,13.004148960113525,2.1209818862736256,2.720210100860766,3.0041489601135254,-0.00044325255687572006,0.593268367026474,-0.0003857347166514665,0.6135384568596298,-0.0035731223862158798,0.11875357521095455,1,-1.0,-1.0,0,0,0,14,1,32.0,75.0,200.0,20.5,1010.0,cotonou/COTO,257.31179082972295,75.5,86.2,0.5068687704113252
6.378037350788858,2.364876207750009,COTO,cotonou,6.352268,2.402957,5086.461421697274,21238.37353,9.0,100.0,109.0,570.0,10,13.154963493347168,304.2530368830732,1.0795061269725739,3.154963493347168,-0.00011756657201362556,1.1769003290109314,-0.0001235370950181354,1.1700827180994988,-0.0006694118181864422,0.05163824237061453,0,-1.0,4790.855447290018,0,4,3,3,1,30.7,55.0,293.0,13.0,1011.4,cotonou/COTO,325.9584504197963,66.5,64.2,0.7609633495058072
6.360717781495687,2.404312502560625,COTO,cotonou,6.352268,2.402957,946.401781766038,21238.37353,9.0,100.0,109.0,570.0,10,14.917680263519287,9.058492151121925,5.677152464043643,4.917680263519287,0.001191405233747176,0.40721165795115505,0.0013587112520255294,0.42080665836023856,0.001710792382558187,0.07632386713296396,1,-1.0,-1.0,0,0,3,3,1,31.0,75.0,210.0,18.4,1008.0,cotonou/COTO,273.96095269222405,66.4,64.4,0.4625128031245265
6.354616491668631,2.4067105072701414,COTO,cotonou,6.352268,2.402957,489.81311248522775,21238.37353,9.0,100.0,109.0,570.0,10,14.797229290008545,57.80749688399749,10.886422864642482,4.797229290008545,0.0021377212861004996,0.4421806252804532,0.0021647068026793576,0.43934585283349015,0.0004947072577604462,0.03806223403435203,1,-1.0,-1.0,0,0,3,1,1,31.4,69.0,240.0,16.6,1010.7,cotonou/COTO,299.4984878091749,64.7,71.6,0.7782901718598775
6.348406997703393,2.3767218490865027,COTO,cotonou,6.352268,2.402957,2933.9188662518955,21238.37353,9.0,100.0,109.0,570.0,10,11.464200496673584,261.57843555658764,1.904051393895316,1.464200496673584,-0.0007628540603481993,1.0333444134521002,-0.0007475969791412352,1.065678857686302,0.0,0.0,1,-1.0,-1.0,0,0,0,0,1,33.0,63.0,210.0,13.0,1009.0,cotonou/COTO,255.08273363755146,64.3,66.5,0.47142492601929276
6.364579639069289,2.37101198209747,COTO,cotonou,6.352268,2.402957,3787.548616566378,21238.37353,9.0,100.0,109.0,570.0,10,11.617766499519348,291.19738190906975,1.4728159407929189,1.6177664995193481,-0.0005681997481976591,1.240575360026903,-0.0005592326509014892,1.2516407517937427,-0.0008680431029261586,0.028952746264684505,1,-1.0,-1.0,0,0,2,8,1,30.0,55.0,310.0,7.6,1013.0,cotonou/COTO,213.77228304903036,59.4,66.8,0.7689783701320888
6.351139899759441,2.3954296162350293,COTO,cotonou,6.352268,2.402957,842.1268660805264,21238.37353,9.0,100.0,109.0,570.0,10,14.60459041595459,261.425286861717,6.395682686489846,4.60459041595459,0.0010317229676520686,0.2818361721429212,0.0011357515237169398,0.2880280962569474,0.001578133485155239,0.04250383691156897,1,-1.0,-1.0,0,0,0,4,1,30.0,79.0,220.0,18.4,1011.0,cotonou/COTO,392.28725444494233,70.0,62.9,0.014421895792157469
6.374946298795122,2.3570726313244013,COTO,cotonou,6.352268,2.402957,5662.267144375514,21238.37353,9.0,100.0,109.0,570.0,10,13.614120244979858,296.4443012458715,0.9651066091965728,3.6141202449798584,-2.302098559718348e-05,1.3142743508352754,-2.2569584804887787e-05,1.307947574513604,-0.001284956932067871,0.047221056688422844,0,5446.669798196887,5253.766909510748,1,5,0,4,1,31.0,63.0,210.0,16.6,1009.0,cotonou/COTO,241.37076977131866,58.3,72.1,0.9735628223045486
6.3820621787848335,2.365091220097971,COTO,cotonou,6.352268,2.402957,5329.825549084588,21238.37353,9.0,100.0,109.0,570.0,10,13.776901721954346,308.3714672560152,1.0235421786854526,3.7769017219543457,3.4237594626920745e-06,1.101362682961531,6.5464002114754774e-06,1.0976368645896295,-0.00027922193209330235,0.05274935294530657,1,-1.0,-1.0,0,0,3,3,1,34.0,32.0,222.0,5.4,1009.0,cotonou/COTO,267.2888297328458,55.8,66.5,0.16355896760458544
6.35767111089371,2.3800556788209586,COTO,cotonou,6.352268,2.402957,2603.301989148773,21238.37353,9.0,100.0,109.0,570.0,10,13.491674423217773,283.3554543444276,2.101089627391818,3.4916744232177734,-9.089411968140925e-05,0.6505457929430712,-0.0001101209719336696,0.6663006763958492,-0.0015930859891157485,0.04888238340833561,1,-1.0,-1.0,0,0,5,11,1,31.9,70.0,220.0,18.4,1008.0,cotonou/COTO,346.04950975268054,70.7,62.4,0.12345688302995717
6.37313713559421,2.3589351536529994,COTO,cotonou,6.352268,2.402957,5389.628246945465,21238.37353,9.0,100.0,109.0,570.0,10,13.838290214538574,295.50364356484465,1.0115350458478432,3.838290214538574,2.4314588970608173e-05,1.3741252444605023,3.2974611470214496e-05,1.3687809470103884,0.0016519393017735053,0.08235351542460274,1,-1.0,-1.0,0,0,0,5,1,32.0,71.0,220.0,18.4,1009.0,cotonou/COTO,246.89454307456222,65.2,63.4,0.6795659758971876
6.3809970430394545,2.364137434222339,COTO,cotonou,6.352268,2.402957,5342.287427527521,21238.37353,9.0,100.0,109.0,570.0,10,13.18923807144165,306.67568116931045,1.0274557331092493,3.1892380714416504,-9.641589621147843e-05,1.1133862816894404,-0.0001258150419103609,1.110302381374706,-0.001796087374003441,0.047942254939214286,0,-1.0,5053.225783152284,0,6,1,13,1,31.8,31.0,20.0,11.2,1010.9,cotonou/COTO,367.6178566119935,78.2,55.8,0.4954695942150541
6.364507446409236,2.41538694391173,COTO,cotonou,6.352268,2.402957,1929.5959645639082,21238.37353,9.0,100.0,109.0,570.0,10,15.017119407653809,45.26498748443612,2.7884440387899287,5.017119407653809,0.0006730642167646593,0.4278445646979377,0.000639311915488019,0.4247537571785515,-0.0011132964074067565,0.03503789238588488,1,-1.0,-1.0,0,0,2,2,1,33.0,63.0,248.0,13.0,1011.0,cotonou/COTO,306.3941828756752,57.9,65.7,0.38307021062814983
6.373353994383499,2.369135998595875,COTO,cotonou,6.352268,2.402957,4409.008825812527,21238.37353,9.0,100.0,109.0,570.0,10,11.740650057792664,302.1028624014899,1.263695961627419,1.7406500577926636,-0.00044528801527028754,1.274264914972468,-0.00040130987119226896,1.275926391313985,0.002236450452338197,0.05671199406734543,1,-1.0,-1.0,0,0,1,1,1,32.0,67.0,220.0,16.6,1011.0,cotonou/COTO,151.02935906652115,79.6,80.0,0.593935139014234
6.373491978947042,2.359637613594378,COTO,cotonou,6.352268,2.402957,5336.639768179237,21238.37353,9.0,100.0,109.0,570.0,10,13.777858972549438,296.2447102067131,1.0222252472477786,3.7778589725494385,1.6426968296738067e-05,1.3531829959837651,2.9350033512821894e-05,1.34763681407438,0.001869641409979926,0.07003889117356546,1,-1.0,-1.0,0,0,1,8,1,31.5,72.0,200.0,11.2,1008.3,cotonou/COTO,349.29744130181854,63.4,76.5,0.024956139671399313
6.366146804440986,2.361867640156286,COTO,cotonou,6.352268,2.402957,4798.1897066110705,21238.37353,9.0,100.0,109.0,570.0,10,11.53176212310791,288.77324143203884,1.1637202916947764,1.5317621231079102,-0.0004532010138921988,1.3841660293527074,-0.0004482669104273918,1.392321920196775,-4.8780441284179686e-05,0.0019693186149434107,1,-1.0,-1.0,0,0,0,0,1,30.1,50.0,198.0,11.1,1009.1,cotonou/COTO,364.4114954279447,61.3,78.69999999999999,0.4168819390415802
6.352896088031158,2.3919687168572428,COTO,cotonou,6.352268,2.402957,1217.7317552573238,21238.37353,9.0,100.0,109.0,570.0,10,14.910414218902588,273.29223031480467,4.418252463476136,4.910414218902588,0.0009783925079717868,0.37168578917843903,0.001400551703252657,0.3798368322512649,0.005422880447696979,0.08144590779876744,1,-1.0,-1.0,0,0,6,12,1,31.0,66.0,250.0,7.6,1013.0,cotonou/COTO,229.63053738552546,73.7,54.4,0.9932466170670873
6.3664452047608,2.412337982301203,COTO,cotonou,6.352268,2.402957,1880.246029385802,21238.37353,9.0,100.0,109.0,570.0,10,14.512200832366943,33.32932816066375,2.8768585089992507,4.512200832366943,0.00041674901464554037,0.42912735423728854,0.0003992778826982547,0.425102925726197,-0.0006629943847656249,0.024533542383588184,1,-1.0,-1.0,0,0,7,5,1,32.0,63.0,180.0,14.8,1011.0,cotonou/COTO,381.8464534337698,67.6,65.5,0.7146475436220795
6.369466059358169,2.4018403673199686,COTO,cotonou,6.352268,2.402957,1905.9056758101685,21238.37353,9.0,100.0,109.0,570.0,10,13.147046089172363,356.3079915033611,2.879127982893636,3.1470460891723633,-0.00037358181916519336,0.526405917804185,-0.0003269617003623885,0.5584709593213601,-0.0034609317779541017,0.16081522219138286,1,-1.0,-1.0,0,0,1,13,1,32.0,75.0,200.0,20.5,1010.0,cotonou/COTO,237.45958919365236,86.2,69.0,0.44930943435922543
6.367643369556451,2.3900663752717404,COTO,cotonou,6.352268,2.402957,2219.2751238886135,21238.37353,9.0,100.0,109.0,570.0,10,12.5778968334198,320.19848020990423,2.4877975707668116,2.5778968334198,-0.0005125942566436253,0.6421986113315582,-0.0005850322413862796,0.6838655223834982,-0.004159673055013021,0.15671167621802295,1,-1.0,-1.0,0,0,4,12,1,32.0,63.0,210.0,16.6,1010.0,cotonou/COTO,212.6801711490812,70.8,62.3,0.5073251227201343
6.369411938591317,2.3921343972735176,COTO,cotonou,6.352268,2.402957,2242.3755214592366,21238.37353,9.0,100.0,109.0,570.0,10,12.700530290603638,327.89675022246996,2.4590729230427284,2.7005302906036377,-0.0004657429903966311,0.5336809218420179,-0.0005241045188078117,0.5822784378867765,-0.00345405207739936,0.12898130410215608,1,-1.0,-1.0,0,0,2,3,1,32.0,63.0,210.0,16.6,1010.0,cotonou/COTO,374.8202269089207,62.3,61.2,0.9947990911726149
6.366046279804326,2.365747954908145,COTO,cotonou,6.352268,2.402957,4389.707677181046,21238.37353,9.0,100.0,109.0,570.0,10,11.455243587493896,290.43676458282897,1.2729738826832264,1.4552435874938965,-0.0005123747852634492,1.3749188091294384,-0.0005064329517365511,1.3810183175531296,2.8110263350823415e-06,0.0012805766877218622,1,-1.0,-1.0,0,0,3,6,1,30.1,50.0,198.0,11.1,1009.1,cotonou/COTO,322.59013949595317,61.3,66.1,0.8751568648775893
6.383606176436664,2.366738520023541,COTO,cotonou,6.352268,2.402957,5297.876693047692,21238.37353,9.0,100.0,109.0,570.0,10,14.20649766921997,311.04566566893953,1.0250688017256224,4.206497669219971,9.406897083289657e-05,1.1109585882666286,6.214471280685797e-05,1.1091894904362594,-0.001861270268758138,0.09302555027879969,0,5096.153933192169,5117.387907913802,2,1,4,4,1,33.0,28.0,70.0,11.2,1010.0,cotonou/COTO,379.59078834977134,68.0,55.8,0.3829754303366286
6.369971772766956,2.3984825413493103,COTO,cotonou,6.352268,2.402957,2019.4415846782872,21238.37353,9.0,100.0,109.0,570.0,10,12.293315887451172,345.9001548459655,2.741676300914456,2.293315887451172,-0.0007724624119515035,0.748237695946541,-0.0007293818765551795,0.7754068391104088,-0.0028099486491181933,0.09402472022303664,1,-1.0,-1.0,0,0,1,2,1,32.0,63.0,210.0,14.8,1011.0,cotonou/COTO,390.0382688916548,69.0,86.5,0.6998329168795576
6.373335394472347,2.3574351223044387,COTO,cotonou,6.352268,2.402957,5549.228269466355,21238.37353,9.0,100.0,109.0,570.0,10,13.837096691131592,294.9722967589254,0.9824606352044866,3.837096691131592,2.387365634524766e-05,1.3711373677913614,1.7088451414266908e-05,1.3650758739602957,-0.00010804854955426123,0.02981888947218924,0,-1.0,5326.814310770309,0,5,0,5,1,32.0,71.0,220.0,18.4,1009.0,cotonou/COTO,286.930169205042,72.1,65.2,0.6356714675801116
6.3725535677117096,2.357871642091433,COTO,cotonou,6.352268,2.402957,5469.408366080342,21238.37353,9.0,100.0,109.0,570.0,10,13.688153743743896,294.35996475036455,0.9983554841488996,3.6881537437438965,-3.4312732884141226e-06,1.3830844895468553,2.437798554521935e-06,1.3798381260309407,0.000275535775875804,0.01646618191583497,0,-1.0,5228.272125491629,0,4,3,13,1,32.0,71.0,220.0,18.4,1009.0,cotonou/COTO,246.89454307456222,65.2,63.4,0.13417543150399058
6.375072653589247,2.357344855252887,COTO,cotonou,6.352268,2.402957,5641.5120927227035,21238.37353,9.0,100.0,109.0,570.0,10,13.625103950500488,296.7080592811173,0.9685450291551,3.6251039505004883,-1.45343426727387e-05,1.3084364298167823,-2.7300600419964682e-05,1.3020553834985906,-0.0008872588475545246,0.03845587606778529,1,-1.0,-1.0,0,0,0,4,1,31.5,72.0,200.0,11.2,1008.3,cotonou/COTO,324.64606281298086,77.1,72.1,0.9154113177610251
6.36508255963796,2.411093361559082,COTO,cotonou,6.352268,2.402957,1678.8785539802896,21238.37353,9.0,100.0,109.0,570.0,10,14.952611446380615,32.252498459841775,3.206242999634293,4.952611446380615,0.0007400047221417912,0.4491139478013073,0.0006788246933071093,0.44196393585418464,-0.0011614269680447049,0.04455961102842355,1,-1.0,-1.0,0,0,3,9,1,32.0,63.0,180.0,14.8,1011.0,cotonou/COTO,381.8464534337698,67.6,65.5,0.17817308581107638
6.35455,2.397202099284484,COTO,cotonou,6.352268,2.402957,684.911615712445,21238.37353,9.0,100.0,109.0,570.0,10,15.474515438079834,291.7514310604886,7.7757146568744755,5.474515438079834,0.002579126233798011,0.5683936181752911,0.002249497442719205,0.6012047758328105,-0.00027174395590305383,0.022903777180903577,1,-1.0,-1.0,0,0,4,12,1,31.0,71.0,210.0,20.5,1010.0,cotonou/COTO,375.179999999993,62.1,62.9,0.26565109926507813
6.382879856667336,2.365643275926936,COTO,cotonou,6.352268,2.402957,5338.824270071671,21238.37353,9.0,100.0,109.0,570.0,10,14.034875869750977,309.5411920652006,1.01904966183599,4.034875869750977,6.0361869873694764e-05,1.099911844794181,5.047776080943911e-05,1.0976165840307948,-0.001168717278374566,0.043826918019964294,0,-1.0,5007.153824435955,0,6,3,11,1,34.0,32.0,222.0,5.4,1009.0,cotonou/COTO,379.59078834977134,55.8,68.0,0.23272839541600399
6.351417017008045,2.391832297685208,COTO,cotonou,6.352268,2.402957,1234.4368761547828,21238.37353,9.0,100.0,109.0,570.0,10,14.431917667388916,265.59938643511225,4.380774323763795,4.431917667388916,0.0006335784257658061,0.2891272914988159,0.0004404864411210187,0.2860437789885694,-0.0014318839335384559,0.049613249187593696,1,-1.0,-1.0,0,0,0,3,1,31.0,71.0,240.0,9.4,1011.0,cotonou/COTO,229.63053738552546,54.4,73.7,0.724749025220941
6.363587410844737,2.370089469700576,COTO,cotonou,6.352268,2.402957,3845.8669167460994,21238.37353,9.0,100.0,109.0,570.0,10,11.655951976776123,289.1143627105328,1.4499234139904247,1.655951976776123,-0.0005299843558969423,1.1390258362462187,-0.0005383154500080746,1.1528577559344724,-0.0014273185634602534,0.04746357947897756,0,-1.0,3614.6524728535483,0,1,2,6,1,30.0,55.0,310.0,7.6,1013.0,cotonou/COTO,265.7076628552334,59.4,62.4,0.05343823121230651
6.356928091967823,2.376318287702712,COTO,cotonou,6.352268,2.402957,2992.0254280514923,21238.37353,9.0,100.0,109.0,570.0,10,13.96133041381836,279.98432036065077,1.8193309329838354,3.9613304138183594,7.284711947916937e-05,0.5773534268851775,8.422806372050367e-05,0.5774836180442581,-0.0008899370829264323,0.03519981416555662,1,-1.0,-1.0,0,0,1,8,1,31.5,70.0,236.0,9.3,1011.4,cotonou/COTO,241.82719946273568,59.2,53.0,0.048434427279979486
6.380818760396257,2.3751623232471104,COTO,cotonou,6.352268,2.402957,4407.4291387905105,21238.37353,9.0,100.0,109.0,570.0,10,12.217399597167969,315.9474736139007,1.2579540860062517,2.2173995971679688,-0.0003364101557331463,1.1657510036340084,-0.00032629897419335753,1.16114574083858,0.0007694217783390675,0.03621345895205996,1,-1.0,-1.0,0,0,0,11,1,32.1,54.0,211.0,13.0,1008.6,cotonou/COTO,389.1226866940447,70.5,81.4,0.295684094661784
6.384861926965551,2.3687823208576795,COTO,cotonou,6.352268,2.402957,5223.815415160865,21238.37353,9.0,100.0,109.0,570.0,10,13.522022724151611,313.8228273835758,1.0471036313726858,3.5220227241516113,-3.523213522774836e-05,1.1034236683296297,-0.00010984188741921218,1.0999784152305714,-0.0039008278683168186,0.13332928798055363,0,-1.0,4846.9469683757125,0,5,2,12,1,34.0,32.0,222.0,5.4,1009.0,cotonou/COTO,282.2544702923159,57.6,68.0,0.5710266406850021
6.372278717024207,2.390462818562661,COTO,cotonou,6.352268,2.402957,2609.209298529259,21238.37353,9.0,100.0,109.0,570.0,10,12.199007987976074,328.17988914729705,2.1246842011823777,2.199007987976074,-0.0005764237219695857,0.7832176630561757,-0.000587304076005457,0.8102621542121052,-1.352628072102856e-05,0.02586111109815271,1,-1.0,-1.0,0,0,1,14,1,33.0,67.0,200.0,18.4,1012.0,cotonou/COTO,357.773164030067,84.9,81.4,0.3924405922748556
6.365897579083834,2.36312155523446,COTO,cotonou,6.352268,2.402957,4657.96736299573,21238.37353,9.0,100.0,109.0,570.0,10,11.512753367424011,288.99900827736195,1.198976294803141,1.5127533674240112,-0.0004688542877507006,1.3733051397448302,-0.0004657529209868643,1.378042041017352,0.00011711388408489515,0.00710780522010693,1,-1.0,-1.0,0,0,0,0,1,30.1,50.0,198.0,11.1,1009.1,cotonou/COTO,364.4114954279447,61.3,78.69999999999999,0.027467318490669412
6.350228910264085,2.389370731564649,COTO,cotonou,6.352268,2.402957,1520.0151964949541,21238.37353,9.0,100.0,109.0,570.0,10,14.040158748626709,261.4133176100998,3.5747908480421406,4.040158748626709,0.00021775641472511048,0.32744053245100596,0.00019413705142039178,0.3254468719519734,-0.00027210447523328996,0.010054686518347606,1,-1.0,-1.0,0,0,0,2,1,31.8,66.0,200.0,14.8,1010.6,cotonou/COTO,288.65336045167965,65.2,69.3,0.10478186536257417
6.366268466104541,2.3631706616602997,COTO,cotonou,6.352268,2.402957,4666.273637874407,21238.37353,9.0,100.0,109.0,570.0,10,11.49447238445282,289.4997255367998,1.1970670280334519,1.4944723844528198,-0.00047276048069326283,1.3882667421946493,-0.0004518703160490883,1.3972623500917323,0.000671996301079934,0.006637502210112984,1,-1.0,-1.0,0,0,0,5,1,30.1,50.0,198.0,11.1,1009.1,cotonou/COTO,352.5538937525515,61.3,78.0,0.12293231156351314
6.356462580574603,2.410719420737786,COTO,cotonou,6.352268,2.402957,976.1009370288978,21238.37353,9.0,100.0,109.0,570.0,10,15.447038173675537,61.466180100790325,5.474707248026778,5.447038173675537,0.0017679211552496532,0.5120350792066647,0.0011739483883873513,0.5309723041498683,-0.0031202112788618537,0.10148129798748053,1,-1.0,-1.0,0,0,4,11,1,32.0,71.0,220.0,16.6,1011.0,cotonou/COTO,108.9214896151932,58.7,54.0,0.0516114920553572
6.370765478612107,2.3685170652997125,COTO,cotonou,6.352268,2.402957,4324.755509674458,21238.37353,9.0,100.0,109.0,570.0,10,11.56627082824707,298.3896482186578,1.2906156728466154,1.5662708282470703,-0.0004605256526644282,1.336366850726499,-0.0004807303727065186,1.3393475195534452,0.000734456527974196,0.021669463089425613,1,-1.0,-1.0,0,0,1,14,1,31.5,72.0,230.0,14.8,1010.2,cotonou/COTO,291.86035290862867,64.7,79.6,0.2951088328545175
6.370452822186098,2.397603371020789,COTO,cotonou,6.352268,2.402957,2096.4369921302387,21238.37353,9.0,100.0,109.0,570.0,10,12.09377384185791,343.6914388267885,2.6465705094803926,2.09377384185791,-0.0007764929283268057,0.8173359909887932,-0.0008076826571005081,0.8703702219070156,-0.0026203707978983606,0.0746420934503001,1,-1.0,-1.0,0,0,0,0,1,31.7,72.0,200.0,14.8,1010.3,cotonou/COTO,364.58895828051044,86.5,87.4,0.03605058717715337
6.381639019390028,2.3674245097711,COTO,cotonou,6.352268,2.402957,5099.464983741721,21238.37353,9.0,100.0,109.0,570.0,10,13.817979097366333,309.7531534075365,1.0693072552026264,3.817979097366333,2.647492576387804e-05,1.1072001717953812,6.914996464329752e-05,1.1043193878109523,0.005973663918825586,0.15874503100651863,0,-1.0,4997.271296692788,0,2,4,7,1,34.0,32.0,222.0,5.4,1009.0,cotonou/COTO,327.77907193718073,61.3,68.0,0.07843129795496528
6.354123179181974,2.3922109739471047,COTO,cotonou,6.352268,2.402957,1206.5153886494415,21238.37353,9.0,100.0,109.0,570.0,10,15.536681175231934,279.8548539930993,4.429599855031489,5.536681175231934,0.001487552635068816,0.5248514573723903,0.0016071846003160267,0.5497226090147532,0.0027803876804863813,0.11223562667472042,1,-1.0,-1.0,0,0,6,8,1,31.0,71.0,240.0,9.4,1011.0,cotonou/COTO,330.452052195156,54.4,57.1,0.41547232259391786
6.368272172576927,2.39149899340184,COTO,cotonou,6.352268,2.402957,2177.0387394395325,21238.37353,9.0,100.0,109.0,570.0,10,12.785276651382446,324.5675630283499,2.5305533192668035,2.7852766513824463,-0.00047402590581838215,0.5327790205960347,-0.0005655585394965278,0.5863935472076952,-0.00486607551574707,0.24322063262093085,1,-1.0,-1.0,0,0,3,11,1,32.0,63.0,210.0,16.6,1010.0,cotonou/COTO,256.496478923207,61.2,70.8,0.5710584194388982
6.361290194509657,2.3608015111736353,COTO,cotonou,6.352268,2.402957,4769.592695064704,21238.37353,9.0,100.0,109.0,570.0,10,11.977882146835327,282.15515099223836,1.1653387768953685,1.9778821468353271,-0.0003626305302547106,1.1021911512217717,-0.00037656353620762155,1.115303030591085,-0.0010938392745123969,0.04713622740551678,0,-1.0,4205.652877411762,0,2,0,0,1,33.0,48.0,210.0,9.4,1011.2,cotonou/COTO,234.36776676836976,67.2,61.2,0.9616294212165867
6.367612520856956,2.3881683607671444,COTO,cotonou,6.352268,2.402957,2357.261105484964,21238.37353,9.0,100.0,109.0,570.0,10,12.316044330596924,316.2343765871119,2.3486916165274567,2.316044330596924,-0.0006015516281257771,0.7714429071600815,-0.0006531170856805495,0.8125925533196666,-0.003569080432256063,0.1611374902406067,1,-1.0,-1.0,0,0,7,7,1,32.0,63.0,210.0,16.6,1010.0,cotonou/COTO,280.00176285154186,67.2,62.3,0.5976888389936085
6.382308807345992,2.3675254367233687,COTO,cotonou,6.352268,2.402957,5138.434956660583,21238.37353,9.0,100.0,109.0,570.0,10,14.052140235900879,310.4700204323852,1.0585893685432402,4.052140235900879,6.68893026751141e-05,1.1080282416124831,9.833075866993223e-05,1.1091338102586312,0.004694223403930664,0.17279905873460827,1,-1.0,-1.0,0,0,1,4,1,33.0,28.0,70.0,11.2,1010.0,cotonou/COTO,327.77907193718073,68.0,61.3,0.6921892650712763
6.372016186518049,2.356994920180252,COTO,cotonou,6.352268,2.402957,5534.298331108477,21238.37353,9.0,100.0,109.0,570.0,10,13.459506034851074,293.3825869148725,0.9890184892798065,3.459506034851074,-4.459196382814697e-05,1.3862758051002888,-4.5253588766550184e-05,1.379083591062144,-0.00023261109987894694,0.019799184727132286,0,-1.0,4990.850198394418,0,4,0,3,1,29.5,69.0,210.0,9.4,1009.5,cotonou/COTO,399.3609701761259,51.6,65.2,0.797003359819037
6.354061146160791,2.415232597548244,COTO,cotonou,6.352268,2.402957,1372.5768209250602,21238.37353,9.0,100.0,109.0,570.0,10,15.435822486877441,81.63804219794963,3.899637571992397,5.435822486877441,0.001267221653887835,0.5281238813189473,0.001306953569394782,0.5397876504211053,0.0023216942703846014,0.044570286358501,1,-1.0,-1.0,0,0,0,10,1,32.0,67.0,210.0,18.4,1012.0,cotonou/COTO,331.6003083532061,69.85,58.1,0.1304878655064141
6.348565594376997,2.3790977589392943,COTO,cotonou,6.352268,2.402957,2671.373463484572,21238.37353,9.0,100.0,109.0,570.0,10,10.710995376110077,261.1270897895235,2.107157995325531,0.7109953761100769,-0.0011096281696248936,1.0035175715050135,-0.0010974344534751695,1.045501907807861,0.0,0.0,1,-1.0,-1.0,0,0,0,0,1,33.0,63.0,200.0,11.2,1008.0,cotonou/COTO,310.65923598055264,66.5,55.9,0.4360140575069136
6.364841325963527,2.3709004595784,COTO,cotonou,6.352268,2.402957,3809.531544199572,21238.37353,9.0,100.0,109.0,570.0,10,11.579285025596619,291.5385049924403,1.4648991450420727,1.5792850255966187,-0.0005587687412897462,1.2613195940838933,-0.0005643741433760654,1.282659008282729,-0.0008393076624276307,0.029057079580327962,1,-1.0,-1.0,0,0,0,9,1,31.0,63.0,180.0,9.4,1011.0,cotonou/COTO,265.7076628552334,62.4,59.4,0.32272340123074617
6.365216680829871,2.362664947038499,COTO,cotonou,6.352268,2.402957,4682.224340169385,21238.37353,9.0,100.0,109.0,570.0,10,11.595946788787842,287.92135901510267,1.1917490279099447,1.5959467887878418,-0.0004482048079213265,1.343263581058361,-0.0004423462137391295,1.3477531867936,3.744363784790038e-05,0.005879127166154438,1,-1.0,-1.0,0,0,0,0,1,30.1,50.0,198.0,11.1,1009.1,cotonou/COTO,370.6602309393415,61.3,67.2,0.2571004535382827
6.354671068243003,2.3945147514942833,COTO,cotonou,6.352268,2.402957,971.1221543047697,21238.37353,9.0,100.0,109.0,570.0,10,15.370260238647461,285.98254887307263,5.5070915102876565,5.370260238647461,0.0016800694995456273,0.5718450672371813,0.001663927123660133,0.5860812677977396,0.0009672959645589194,0.048502012036243256,1,-1.0,-1.0,0,0,0,12,1,31.0,71.0,240.0,9.4,1011.0,cotonou/COTO,279.6517178563703,62.9,57.1,0.09458456484631006
6.380687832154682,2.3639568810133986,COTO,cotonou,6.352268,2.402957,5338.15726171585,21238.37353,9.0,100.0,109.0,570.0,10,12.993483304977417,306.2522712722558,1.0303509184049684,2.993483304977417,-0.00013590063239956522,1.122954434328204,-0.0001383072800106473,1.116835928124531,-0.0013429800669352212,0.049435613801951515,0,-1.0,4953.03970375639,0,12,0,8,1,34.0,32.0,222.0,5.4,1009.0,cotonou/COTO,367.6178566119935,55.8,78.2,0.6126460997613415
6.370604021117117,2.4037400701102807,COTO,cotonou,6.352268,2.402957,2029.5922344396322,21238.37353,9.0,100.0,109.0,570.0,10,13.004148960113525,2.430342626168624,2.707963221911744,3.0041489601135254,-0.0003724523696287246,0.5923249143998911,-0.0003329596065339588,0.6221521152145585,-0.0018527110417683919,0.08255629984327349,1,-1.0,-1.0,0,0,1,12,1,32.0,75.0,200.0,20.5,1010.0,cotonou/COTO,257.31179082972295,75.5,86.2,0.45104885310835696
6.355365970769627,2.391238344042146,COTO,cotonou,6.352268,2.402957,1341.0548222748198,21238.37353,9.0,100.0,109.0,570.0,10,15.788703918457031,284.89619450316303,3.976003304571108,5.788703918457031,0.001515852369586883,0.6526987518092187,0.0014280973596775782,0.6590797757327764,-0.0016154130299886067,0.05995978985454049,1,-1.0,-1.0,0,0,5,8,1,31.0,71.0,240.0,9.4,1011.0,cotonou/COTO,249.61182844569544,68.3,57.1,0.3812943595028945
6.35161150063317,2.415059971521129,COTO,cotonou,6.352268,2.402957,1341.0471862585985,21238.37353,9.0,100.0,109.0,570.0,10,15.807615280151367,93.12331297073138,3.975221774092344,5.807615280151367,0.0015560176637437612,0.7046038755913109,0.0013987387325746796,0.7159330239247353,-0.0014266914791531034,0.07911900007681935,1,-1.0,-1.0,0,0,1,10,1,32.0,67.0,210.0,18.4,1012.0,cotonou/COTO,331.6003083532061,69.85,58.1,0.952516566050522
6.372938493273943,2.358573141947841,COTO,cotonou,6.352268,2.402957,5416.543450701735,21238.37353,9.0,100.0,109.0,570.0,10,13.769776344299316,295.1105927252934,1.007234200882952,3.7697763442993164,1.410857654649894e-05,1.3811570682730598,2.5087627556805992e-05,1.3755363788111807,0.0009209076563517252,0.05067658266961705,1,-1.0,-1.0,0,0,1,5,1,31.5,72.0,200.0,11.2,1008.3,cotonou/COTO,246.89454307456222,63.4,65.2,0.5060810523894582
6.353081520458025,2.41516356352221,COTO,cotonou,6.352268,2.402957,1353.533285507159,21238.37353,9.0,100.0,109.0,570.0,10,15.466899394989014,86.16293312755442,3.9530214131827175,5.466899394989014,0.0012752956238345826,0.5914053877977381,0.0012493957019021327,0.5959637048944186,-0.00011008050706651477,0.0045963295233853495,1,-1.0,-1.0,0,0,1,11,1,32.0,67.0,210.0,18.4,1012.0,cotonou/COTO,331.6003083532061,69.85,58.1,0.4592213228104879
6.370630304386586,2.361036159457923,COTO,cotonou,6.352268,2.402957,5063.118355985634,21238.37353,9.0,100.0,109.0,570.0,10,12.907895803451538,293.78718601863335,1.0872767985789762,2.907895803451538,-0.0001516460387819151,1.444952912710194,-0.00013499464440299287,1.43665493431004,0.002018610636393229,0.07679824289852441,1,-1.0,-1.0,0,0,2,9,1,32.0,71.0,220.0,18.4,1009.0,cotonou/COTO,298.34231362650223,78.0,73.3,0.9087453637633552
6.3736507403657185,2.3595664320000784,COTO,cotonou,6.352268,2.402957,5351.44789558744,21238.37353,9.0,100.0,109.0,570.0,10,13.807060480117798,296.37698695707655,1.019084669767701,3.807060480117798,1.8634831661174587e-05,1.344626656701398,2.6755260888192174e-05,1.3420013935833226,0.0017139550525021462,0.06606141388225127,0,-1.0,4965.371494302574,0,1,1,9,1,31.5,72.0,200.0,11.2,1008.3,cotonou/COTO,324.3499013411239,77.1,63.4,0.9415272720142166
6.382796100350639,2.3655169767192175,COTO,cotonou,6.352268,2.402957,5343.780364978701,21238.37353,9.0,100.0,109.0,570.0,10,14.034875869750977,309.3691790417462,1.0181047421451694,4.034875869750977,6.105855412545378e-05,1.0990840517605422,3.984160335194544e-05,1.0975079099828726,-0.0009611630438444847,0.036116778632671626,0,-1.0,5204.563642043384,0,6,3,10,1,34.0,32.0,222.0,5.4,1009.0,cotonou/COTO,379.59078834977134,55.8,68.0,0.18841288393595834
6.348158588162448,2.3874156375322317,COTO,cotonou,6.352268,2.402957,1778.5520581507662,21238.37353,9.0,100.0,109.0,570.0,10,13.55472445487976,255.10242827808014,3.0718082309863273,3.5547244548797607,-3.3239054493124956e-05,0.4039570440231026,-0.00024301288801704398,0.40702550108589486,-0.0006060519979223545,0.12039692151739279,1,-1.0,-1.0,0,0,5,10,1,31.0,75.0,200.0,18.4,1008.0,cotonou/COTO,288.9775799261479,69.3,72.8,0.23869978625225519
6.358215221569536,2.404999873388837,COTO,cotonou,6.352268,2.402957,695.4448528204557,21238.37353,9.0,100.0,109.0,570.0,10,14.45563268661499,18.84925550575224,7.741787715609032,4.45563268661499,0.0010397795173856946,0.5151401893626675,0.0010094112297830775,0.5058638084799747,-0.00014602828279320075,0.009137090750645819,1,-1.0,-1.0,0,0,1,9,1,31.0,75.0,210.0,18.4,1008.0,cotonou/COTO,384.8115623263995,66.4,64.7,0.4534147609516329
6.35501678528663,2.3939286530687593,COTO,cotonou,6.352268,2.402957,1044.1283876841583,21238.37353,9.0,100.0,109.0,570.0,10,15.55881404876709,287.03259216577214,5.113893489506236,5.55881404876709,0.0017897859054415031,0.6078217914767149,0.0016628331779668635,0.6170461570465968,0.001095792752223097,0.039059607933164854,1,-1.0,-1.0,0,0,3,9,1,31.0,71.0,240.0,9.4,1011.0,cotonou/COTO,279.6517178563703,62.9,57.1,0.3646760051799851
6.362683202729349,2.398668030907447,COTO,cotonou,6.352268,2.402957,1245.7168279138489,21238.37353,9.0,100.0,109.0,570.0,10,14.75169563293457,337.7425960913536,4.3266348518360624,4.75169563293457,0.000829130316537524,0.39832797099115935,0.0005617288025942716,0.3881651759476058,-0.004704137643178304,0.21468039365669028,1,-1.0,-1.0,0,0,2,13,1,32.0,71.0,210.0,22.3,1008.0,cotonou/COTO,392.99957175554596,56.6,68.1,0.025377428034998095
6.363725939406114,2.3695541809923935,COTO,cotonou,6.352268,2.402957,3906.854747314333,21238.37353,9.0,100.0,109.0,570.0,10,11.611680746078491,289.04375802218993,1.427947722448321,1.6116807460784912,-0.000533157935882646,1.1635738137576133,-0.0005394853705171654,1.1766636159173882,-0.0006614207270581183,0.021013042092234563,0,-1.0,3617.1681227639715,0,2,4,7,1,30.1,50.0,198.0,11.1,1009.1,cotonou/COTO,358.990200005476,58.0,59.4,0.8371262211165735
6.36576394475061,2.366407553714685,COTO,cotonou,6.352268,2.402957,4310.432755446809,21238.37353,9.0,100.0,109.0,570.0,10,11.468141078948975,290.38394850867724,1.2962063954725958,1.4681410789489746,-0.0005182523970250729,1.3503774928127703,-0.0005134252652730026,1.3642145945973534,-0.00011058118608262804,0.00431130219725617,1,-1.0,-1.0,0,0,2,1,1,30.1,50.0,198.0,11.1,1009.1,cotonou/COTO,167.19783760562936,58.0,66.1,0.7166155098238766
6.356252424164059,2.377345831077947,COTO,cotonou,6.352268,2.402957,2867.677780352075,21238.37353,9.0,100.0,109.0,570.0,10,13.871841192245483,278.8980355771684,1.8999498880076733,3.8718411922454834,6.668488257080474e-05,0.5448566842971976,8.26960518246605e-05,0.5465417378092272,0.0013571480909983316,0.06369633550984942,1,-1.0,-1.0,0,0,1,12,1,33.0,63.0,210.0,13.0,1009.0,cotonou/COTO,247.88812658137354,62.4,59.2,0.49408137817114917
6.348481490227625,2.3769831641318278,COTO,cotonou,6.352268,2.402957,2904.118107238708,21238.37353,9.0,100.0,109.0,570.0,10,10.30681025981903,261.6567007619059,1.9463836034902147,0.30681025981903076,-0.0011684471389272369,1.3366175044343158,-0.001144842146221636,1.3962066049534418,0.0,0.0,1,-1.0,-1.0,0,0,0,0,1,33.0,63.0,210.0,13.0,1009.0,cotonou/COTO,255.08273363755146,64.3,66.5,0.5896670279763163
6.360080656935383,2.404260703815885,COTO,cotonou,6.352268,2.402957,875.9429468646999,21238.37353,9.0,100.0,109.0,570.0,10,14.815669536590576,9.41643628512594,6.137056582365787,4.815669536590576,0.0012318645583258734,0.40481002730246435,0.0012195732380643283,0.4057771013624913,0.0011222353165857872,0.054093822934338356,1,-1.0,-1.0,0,0,5,8,1,31.0,75.0,210.0,18.4,1008.0,cotonou/COTO,273.96095269222405,66.4,64.4,0.2035190794239955
6.371958132221684,2.360289817633468,COTO,cotonou,6.352268,2.402957,5198.637159328201,21238.37353,9.0,100.0,109.0,570.0,10,13.202847957611084,294.90976513372243,1.0556904030938696,3.202847957611084,-9.657921005482875e-05,1.4078635949866836,-5.516480652831301e-05,1.4039740097306501,0.0034062615087962697,0.10446726688633778,1,-1.0,-1.0,0,0,0,9,1,31.5,72.0,200.0,11.2,1008.3,cotonou/COTO,331.14855306943616,63.4,73.3,0.5657501034634136
6.3503487275477015,2.4135054657610717,COTO,cotonou,6.352268,2.402957,1186.2332867244786,21238.37353,9.0,100.0,109.0,570.0,10,15.156518459320068,100.37376842118823,4.523275904812815,5.156518459320068,0.0012091534573218845,0.3710107658490339,0.0007590239010159932,0.37332254029301165,-0.002845080693562825,0.22345470272271117,1,-1.0,-1.0,0,0,0,5,1,30.0,75.0,180.0,20.5,1011.0,cotonou/COTO,285.3045504368927,75.1,58.1,0.25743546205375945
6.379408797362788,2.363412721582327,COTO,cotonou,6.352268,2.402957,5305.662416067831,21238.37353,9.0,100.0,109.0,570.0,10,12.487627029418945,304.6310527520129,1.0421209289100528,2.4876270294189453,-0.00023839163330055158,1.151285315242227,-0.0002416763232805711,1.1477709897792365,-0.0028732737326572443,0.1454689879480149,0,5029.215075751671,4784.665505471991,4,7,1,12,1,30.7,55.0,293.0,13.0,1011.4,cotonou/COTO,284.78369054431397,64.2,78.2,0.9221806194490229
6.3483418805385865,2.3816528660048237,COTO,cotonou,6.352268,2.402957,2396.765134780457,21238.37353,9.0,100.0,109.0,570.0,10,12.378462076187134,259.49631589807416,2.308532531101887,2.378462076187134,-0.000559032968294987,0.5789902035843052,-0.0011559742547759078,0.7329801248770651,-0.017768820932523088,0.7581808657870064,1,-1.0,-1.0,0,0,1,2,1,32.0,71.0,200.0,18.4,1008.0,cotonou/COTO,210.16260561769036,59.0,65.8,0.2172102090038709
6.380760369178552,2.36801213322054,COTO,cotonou,6.352268,2.402957,4987.56999887182,21238.37353,9.0,100.0,109.0,570.0,10,13.009912967681885,309.367788238499,1.102570583060459,3.0099129676818848,-5.511138549169548e-05,1.1183745483590875,-6.051942097501323e-05,1.1152855240823918,0.005491723692828187,0.18295891141553156,1,-1.0,-1.0,0,0,2,9,1,34.0,32.0,222.0,5.4,1009.0,cotonou/COTO,290.4766293524832,61.3,66.5,0.34372001134825936
6.383551412739864,2.3722414916293553,COTO,cotonou,6.352268,2.402957,4849.423543567548,21238.37353,9.0,100.0,109.0,570.0,10,12.892058372497559,315.70377015480426,1.1353635362182446,2.8920583724975586,-0.0001740428745301871,1.1220273036002033,-0.0001683280719974177,1.115259056777357,-0.000365746021270752,0.023753482044723138,1,-1.0,-1.0,0,0,4,10,1,34.0,32.0,222.0,5.4,1009.0,cotonou/COTO,268.94546398849457,64.4,53.4,0.7142588811254482
6.363861004793859,2.3692983617811687,COTO,cotonou,6.352268,2.402957,3938.4754714671526,21238.37353,9.0,100.0,109.0,570.0,10,11.573909163475037,289.11615508068724,1.4170370434861068,1.5739091634750366,-0.0005386571390460235,1.1790399914441638,-0.0005374207532495483,1.1915608472467658,-0.0005444235271877712,0.020125223055024836,1,-1.0,-1.0,0,0,3,6,1,30.0,55.0,310.0,7.6,1013.0,cotonou/COTO,358.990200005476,59.4,58.0,0.25232105553535467
6.377974282493328,2.375103656084159,COTO,cotonou,6.352268,2.402957,4192.612662138428,21238.37353,9.0,100.0,109.0,570.0,10,11.761269330978394,312.88255656000774,1.3286155149426024,1.7612693309783936,-0.0004632684217822175,1.1545598362718148,-0.00044733929013215777,1.157482640749808,0.000444934344124578,0.0074810123289823175,1,-1.0,-1.0,0,0,1,1,1,31.0,63.0,200.0,16.6,1007.0,cotonou/COTO,310.99815111988335,81.4,85.6,0.8723234416698753
6.363900837179207,2.3692229176605744,COTO,cotonou,6.352268,2.402957,3947.801972271431,21238.37353,9.0,100.0,109.0,570.0,10,11.573909163475037,289.1372842832195,1.4136907186881638,1.5739091634750366,-0.0005386571390460235,1.1799084397940642,-0.0005441519953271139,1.2042981621258728,-0.0007681694433016634,0.020459697442261216,1,-1.0,-1.0,0,0,3,6,1,30.0,55.0,310.0,7.6,1013.0,cotonou/COTO,358.990200005476,59.4,58.0,0.27870011868028066
6.3485542813606815,2.3809569568462985,COTO,cotonou,6.352268,2.402957,2468.5097566257027,21238.37353,9.0,100.0,109.0,570.0,10,12.195574045181274,260.36167834853904,2.2457453879983706,2.1955740451812744,-0.0006069949353076368,0.6461577314385156,-0.0005878568641723149,0.6658500173219766,-0.0008105039596557617,0.03795202001052472,1,-1.0,-1.0,0,0,0,0,1,32.0,71.0,200.0,18.4,1008.0,cotonou/COTO,240.9109181835051,65.8,55.9,0.8312745191487835
6.358026034000155,2.397160763798611,COTO,cotonou,6.352268,2.402957,903.7334615981908,21238.37353,9.0,100.0,109.0,570.0,10,14.976358413696289,314.9874694243068,5.939633989856116,4.976358413696289,0.0013649107307516118,0.4652499502894324,0.0010904288459711539,0.4569919084015997,-0.0024728365274076804,0.08588087559135196,1,-1.0,-1.0,0,0,2,9,1,31.0,71.0,210.0,20.5,1010.0,cotonou/COTO,230.8079454871386,62.0,58.3,0.947191195066515
6.358228844284003,2.3976986267877756,COTO,cotonou,6.352268,2.402957,879.2132306154106,21238.37353,9.0,100.0,109.0,570.0,10,14.826631546020508,318.75823172911515,6.113696425962976,4.826631546020508,0.0012440445688035753,0.4120351300136759,0.0011885768623762232,0.4099788867025926,-0.0009737650553385417,0.036359286756306675,1,-1.0,-1.0,0,0,5,5,1,31.0,71.0,210.0,20.5,1010.0,cotonou/COTO,382.2656929414359,58.3,62.4,0.18006709697503787
6.36554936565743,2.366616172277498,COTO,cotonou,6.352268,2.402957,4280.58724380405,21238.37353,9.0,100.0,109.0,570.0,10,11.468141078948975,290.1919609200003,1.3052408115912073,1.4681410789489746,-0.000522726974474109,1.3365416488895308,-0.0005134747220181872,1.3509182629862286,-1.3071960873073994e-05,0.002483650146126675,1,-1.0,-1.0,0,0,2,2,1,30.1,50.0,198.0,11.1,1009.1,cotonou/COTO,167.19783760562936,66.1,58.0,0.4820688357123557
6.382706516003034,2.3653818892109237,COTO,cotonou,6.352268,2.402957,5349.1343947201585,21238.37353,9.0,100.0,109.0,570.0,10,13.984398365020752,309.1855439713011,1.0176264252764877,3.984398365020752,5.246642976493783e-05,1.0981850556492045,4.1839067733245665e-05,1.096880077405884,-0.0008413151809664622,0.025679939114774668,0,-1.0,5199.05847983823,0,5,3,6,1,34.0,32.0,222.0,5.4,1009.0,cotonou/COTO,379.59078834977134,55.8,68.0,0.14101375821885032
6.382080988770268,2.364770367568653,COTO,cotonou,6.352268,2.402957,5359.052423817104,21238.37353,9.0,100.0,109.0,570.0,10,13.713271617889404,308.15400378077044,1.0186413044482376,3.7132716178894043,1.1694941884757592e-06,1.0968370021771334,-1.3599430878078839e-05,1.092312461274664,-0.0006184518337249756,0.044634774325791195,1,-1.0,-1.0,0,0,4,2,1,34.0,32.0,222.0,5.4,1009.0,cotonou/COTO,367.6178566119935,55.8,78.2,0.1255284020043792
6.364852834870762,2.371484036060124,COTO,cotonou,6.352268,2.402957,3749.9657454014146,21238.37353,9.0,100.0,109.0,570.0,10,11.620449423789978,291.91848138312923,1.4875292184262334,1.620449423789978,-0.0005566823384787363,1.2619576140699709,-0.0005616025036088437,1.2828301375007816,-0.0008359670639038085,0.03303519367196186,1,-1.0,-1.0,0,0,1,7,1,33.0,49.0,210.0,16.6,1009.0,cotonou/COTO,320.12677113920535,66.8,60.5,0.06351681026435008
6.3640148457063,2.3703659201085516,COTO,cotonou,6.352268,2.402957,3832.720039856484,21238.37353,9.0,100.0,109.0,570.0,10,11.65257203578949,289.93558891192185,1.4549452567061276,1.6525720357894897,-0.0005384306020188023,1.1753799961613343,-0.0005453304676355693,1.199750853874248,-0.0011681102930979816,0.035166785638687185,1,-1.0,-1.0,0,0,0,7,1,31.0,63.0,180.0,9.4,1011.0,cotonou/COTO,265.7076628552334,62.4,59.4,0.7339076088062471
6.361755448052394,2.360189456184738,COTO,cotonou,6.352268,2.402957,4846.707768534335,21238.37353,9.0,100.0,109.0,570.0,10,11.797435998916626,282.58509727106406,1.1489345820458556,1.797435998916626,-0.0003952032167288261,1.1614547118547003,-0.00039194655127641634,1.1736470059426969,-0.00027180016040802,0.014088351836219733,1,-1.0,-1.0,0,0,0,2,1,29.0,75.0,200.0,13.0,1010.0,cotonou/COTO,326.8907597349128,61.2,65.7,0.2754788143403234
6.3584644119829345,2.37643231820459,COTO,cotonou,6.352268,2.402957,3013.629188676734,21238.37353,9.0,100.0,109.0,570.0,10,13.262771129608154,283.2289413064719,1.8195652620703913,3.2627711296081543,-0.00014660736121753653,0.7360004306840435,-0.0001572973905643599,0.7483453284804857,-0.0002530833085378011,0.016791152871093527,1,-1.0,-1.0,0,0,4,1,1,32.4,63.0,230.0,7.6,1010.7,cotonou/COTO,281.94874002195616,63.8,59.2,0.3840897704984957
6.38361960542278,2.3754422936649515,COTO,cotonou,6.352268,2.402957,4613.85954184094,21238.37353,9.0,100.0,109.0,570.0,10,12.938712358474731,318.9065112641213,1.1927348974045002,2.9387123584747314,-0.00016379827833052157,1.0807156747713336,-0.00017555700373197308,1.0738227463527519,-0.0002231136776373625,0.0364479418304803,1,-1.0,-1.0,0,0,3,7,1,31.0,59.0,170.0,13.0,1007.0,cotonou/COTO,342.02592664884946,70.2,70.5,0.4189592783180569
6.370174290072723,2.391208280272843,COTO,cotonou,6.352268,2.402957,2368.7360784273283,21238.37353,9.0,100.0,109.0,570.0,10,12.113633632659912,326.89296989204695,2.3422142127366845,2.113633632659912,-0.0006749846959370281,0.6495652181160091,-0.000699275371842747,0.6995870288989839,-0.0021238978142428277,0.05160729869642178,1,-1.0,-1.0,0,0,3,0,1,33.0,67.0,200.0,18.4,1012.0,cotonou/COTO,292.9664112146319,84.9,61.2,0.5428545013800807
6.369848666532976,2.3897312332940617,COTO,cotonou,6.352268,2.402957,2433.3396644320474,21238.37353,9.0,100.0,109.0,570.0,10,11.850809931755066,323.21677817494617,2.286275137586762,1.850809931755066,-0.0007545453261553756,0.7929055339522447,-0.0007604602350288607,0.8177769745542435,-0.0010474443435668946,0.0385714502447017,1,-1.0,-1.0,0,0,1,0,1,33.0,67.0,200.0,18.4,1012.0,cotonou/COTO,370.2078816016378,84.9,62.3,0.38166670844488826
6.348289434869554,2.380772688004994,COTO,cotonou,6.352268,2.402957,2493.6170358457207,21238.37353,9.0,100.0,109.0,570.0,10,10.860001862049103,259.772361056793,2.2537972305805622,0.8600018620491028,-0.0012057244823338131,0.7705611172338402,-0.0014304311264314792,0.8550515876921031,-0.024235629076576105,0.7275868145929211,1,-1.0,-1.0,0,0,0,0,1,32.0,71.0,200.0,18.4,1008.0,cotonou/COTO,94.8968856180276,59.0,55.9,0.8555281987256464
6.386457690854184,2.3748802697940037,COTO,cotonou,6.352268,2.402957,4893.358453809836,21238.37353,9.0,100.0,109.0,570.0,10,13.491118431091309,320.78244832110795,1.118160693989339,3.4911184310913086,-4.387662662723197e-05,0.9960608335736807,-6.599614297580773e-05,0.9930535128388435,-0.0011516254160579386,0.057702219839315935,0,-1.0,4510.911600706461,0,4,4,9,1,31.0,59.0,170.0,13.0,1007.0,cotonou/COTO,285.70158014965295,70.2,66.1,0.6448711892433601
6.3823427788231655,2.3754049837967806,COTO,cotonou,6.352268,2.402957,4511.505955760884,21238.37353,9.0,100.0,109.0,570.0,10,12.62464451789856,317.6847366414715,1.22377349087608,2.6246445178985596,-0.0002389286790725675,1.1236997602470404,-0.00022246954622511355,1.12013291165985,0.0016079468761486103,0.06519965128558765,1,-1.0,-1.0,0,0,2,4,1,32.1,54.0,211.0,13.0,1008.6,cotonou/COTO,342.02592664884946,70.5,70.2,0.16648663089782123
6.35462902096316,2.3907500496390472,COTO,cotonou,6.352268,2.402957,1375.5879051548977,21238.37353,9.0,100.0,109.0,570.0,10,15.767827987670898,281.01343282877656,3.8773625511447585,5.767827987670898,0.0014933598214301506,0.6200963977996864,0.001274778421760093,0.6246275190622874,-0.002501729180434158,0.0641118806401058,1,-1.0,-1.0,0,0,4,12,1,31.0,71.0,240.0,9.4,1011.0,cotonou/COTO,295.36221914797846,68.3,54.4,0.20782444093987962
6.3491841735726435,2.388618125038113,COTO,cotonou,6.352268,2.402957,1622.7071591477206,21238.37353,9.0,100.0,109.0,570.0,10,13.615639925003052,257.790513511217,3.3640326755190935,3.6156399250030518,-5.5364550966204965e-05,0.37621672774935905,-6.728470822487556e-05,0.3815558244356511,-0.001756135715436935,0.09410304720378992,1,-1.0,-1.0,0,0,2,4,1,31.0,75.0,200.0,18.4,1008.0,cotonou/COTO,288.65336045167965,69.3,65.2,0.40008226191629614
6.345944504812983,2.40071578703,COTO,cotonou,6.352268,2.402957,741.9652203757045,21238.37353,9.0,100.0,109.0,570.0,10,11.939920902252197,199.40506041090248,7.452819663111851,1.9399209022521973,-0.0023793338814476522,0.5520413324012711,-0.0027468524553429592,0.6447246606006687,-0.00559461311523751,0.1385006405383376,1,-1.0,-1.0,0,0,5,10,1,31.0,71.0,180.0,18.4,1010.0,cotonou/COTO,393.11085268658167,69.1,75.8,0.4756286846590958
6.384931637198864,2.3737814798891104,COTO,cotonou,6.352268,2.402957,4844.308160462044,21238.37353,9.0,100.0,109.0,570.0,10,12.917526006698608,318.4061887533978,1.1362610189264777,2.9175260066986084,-0.00018595025838191452,1.0668495105336102,-0.00016318419115330152,1.0604270663194137,-0.000805370012919108,0.04542189807480699,0,4659.85554513383,4630.731447976743,4,9,4,9,1,31.8,57.0,210.0,13.0,1008.6,cotonou/COTO,348.5682791075882,62.5,70.2,0.4590700283791047
6.385201716219807,2.370352589916699,COTO,cotonou,6.352268,2.402957,5126.10777065101,21238.37353,9.0,100.0,109.0,570.0,10,12.86027216911316,315.4670258430427,1.0744516456948752,2.860272169113159,-0.00016513001378313684,1.0957923398522746,-0.00015713905707858346,1.0894904711299467,0.0003272645111077871,0.033731233111637574,0,4889.834266192145,4817.924938748143,2,10,3,9,1,34.0,32.0,222.0,5.4,1009.0,cotonou/COTO,265.7725736414513,53.4,57.6,0.800927686382247
6.3599450387443,2.3775194721252206,COTO,cotonou,6.352268,2.402957,2939.666135662893,21238.37353,9.0,100.0,109.0,570.0,10,13.112562894821167,286.8931783933241,1.8682387687619135,3.112562894821167,-0.00020271927242807128,0.8146910641224449,-0.00022582618887073973,0.8289472091404753,-0.0012937308996409736,0.041198979529351226,1,-1.0,-1.0,0,0,0,4,1,32.4,63.0,230.0,7.6,1010.7,cotonou/COTO,343.13365923494894,63.8,65.8,0.38552575900736197
6.374493501113167,2.356665385577401,COTO,cotonou,6.352268,2.402957,5680.856668687964,21238.37353,9.0,100.0,109.0,570.0,10,13.648296117782593,295.7875547732892,0.9616044828876051,3.6482961177825928,-1.0297423914859221e-05,1.3367280800658599,-3.194545817437703e-05,1.3333457356341185,-0.002206306346270838,0.0719858711536038,0,-1.0,5293.784270420648,0,5,2,13,1,31.0,63.0,210.0,16.6,1009.0,cotonou/COTO,356.3532216776974,58.6,72.1,0.7971116058520202
6.369319264383848,2.391955027839707,COTO,cotonou,6.352268,2.402957,2244.4178084258983,21238.37353,9.0,100.0,109.0,570.0,10,12.683168888092041,327.33029999469176,2.4572804452473105,2.683168888092041,-0.00045503224266899955,0.5388635625390127,-0.0006569429481558314,0.5868196311829667,-0.005485729602608014,0.13975294990234546,1,-1.0,-1.0,0,0,5,5,1,32.0,63.0,210.0,16.6,1010.0,cotonou/COTO,374.8202269089207,61.2,62.3,0.06499072009770268
6.355775958763342,2.392397243437712,COTO,cotonou,6.352268,2.402957,1231.056024242113,21238.37353,9.0,100.0,109.0,570.0,10,15.763463497161865,288.48299675322585,4.331143951662072,5.763463497161865,0.0027263079115034203,0.667359132546297,0.0016332742802152827,0.67074607954241,0.0008898152566466469,0.02489142242312928,1,-1.0,-1.0,0,0,2,12,1,32.6,66.0,210.0,11.2,1010.9,cotonou/COTO,249.61182844569544,57.1,68.3,0.07205498221125561
6.372417890722906,2.354807108335406,COTO,cotonou,6.352268,2.402957,5774.498259626377,21238.37353,9.0,100.0,109.0,570.0,10,13.243188619613647,292.83745791965566,0.9500320352919814,3.2431886196136475,-8.110393533779898e-05,1.3616292274727504,-8.741880074525485e-05,1.354664046702126,-0.0007582465807596842,0.034691117369127444,0,-1.0,5577.771866011851,0,3,3,2,1,29.5,69.0,210.0,9.4,1009.5,cotonou/COTO,249.20674248494376,51.6,58.6,0.8734935977155516
6.364106904357837,2.3705855291060205,COTO,cotonou,6.352268,2.402957,3813.352756667184,21238.37353,9.0,100.0,109.0,570.0,10,11.685332536697388,290.20458848582507,1.4618395352288422,1.6853325366973877,-0.0005264736711978913,1.1871616116357684,-0.0005434600904847667,1.2000640649658765,-0.0013819218671734894,0.04873358297758573,1,-1.0,-1.0,0,0,1,6,1,30.0,55.0,310.0,7.6,1013.0,cotonou/COTO,213.77228304903036,59.4,66.8,0.43839465582990733
6.363076577998033,2.358734878769843,COTO,cotonou,6.352268,2.402957,5036.600547850616,21238.37353,9.0,100.0,109.0,570.0,10,11.69238817691803,283.8189026014099,1.1068223263148973,1.6923881769180298,-0.0003992866636895799,1.2655393247252045,-0.0003819304216650359,1.2735800519685707,0.000860412369601275,0.019382023048085208,1,-1.0,-1.0,0,0,3,0,1,34.0,44.0,220.0,14.8,1010.0,cotonou/COTO,326.8907597349128,65.7,61.2,0.05728383937745718
6.350742412466396,2.3898200351292704,COTO,cotonou,6.352268,2.402957,1463.2421755643384,21238.37353,9.0,100.0,109.0,570.0,10,14.243227481842041,263.33613137908384,3.7051918059912747,4.243227481842041,0.0003659811185819946,0.29906840184679784,0.00034080190596237685,0.2940940183517323,-0.00010345247056749132,0.006335575963979688,1,-1.0,-1.0,0,0,1,2,1,31.8,66.0,200.0,14.8,1010.6,cotonou/COTO,384.59858190063676,65.2,54.4,0.11886685625830151
6.3838351712351775,2.367755436761465,COTO,cotonou,6.352268,2.402957,5230.16698783089,21238.37353,9.0,100.0,109.0,570.0,10,14.127910614013672,312.0625885266432,1.0391970761900124,4.127910614013672,5.123070433678918e-05,1.119022576004635,5.941507573947436e-05,1.1181963569133198,-0.0014919524237168426,0.0602432483444785,0,-1.0,4947.171980473307,0,1,2,6,1,33.0,28.0,70.0,11.2,1010.0,cotonou/COTO,327.77907193718073,68.0,61.3,0.16946190576121445
6.383584818636489,2.381601342963952,COTO,cotonou,6.352268,2.402957,4192.45533968526,21238.37353,9.0,100.0,109.0,570.0,10,14.49460506439209,325.875078315986,1.291330014211902,4.49460506439209,0.00018941019100066406,1.0095395234142641,0.00018927698404016632,1.0132164673842994,0.00041331715053982205,0.026868011809050213,0,4049.6261998563027,-1.0,2,0,7,4,1,33.0,41.0,50.0,9.4,1007.0,cotonou/COTO,150.4694972410793,75.6,71.8,0.5703627270220739
6.372533417685128,2.356431148317913,COTO,cotonou,6.352268,2.402957,5614.250189249346,21238.37353,9.0,100.0,109.0,570.0,10,13.493072748184204,293.66910184449296,0.9745942714465444,3.493072748184204,-3.79288450200507e-05,1.3743769674329143,-5.666839857759047e-05,1.3707789390232141,-0.0019705085303846725,0.06014371710724125,0,5434.234151117102,5344.22613205098,1,3,1,10,1,31.0,63.0,210.0,16.6,1009.0,cotonou/COTO,309.1504439589486,58.6,65.2,0.5744217754197543
6.3486121882343864,2.3818163854751226,COTO,cotonou,6.352268,2.402957,2373.7004737076795,21238.37353,9.0,100.0,109.0,570.0,10,12.419202089309692,260.1307486779206,2.329957601862359,2.4192020893096924,-0.000536578893661499,0.5689281222527308,-0.0005752132753285851,0.5961940069688876,-0.0019207874933878579,0.07412607513966972,1,-1.0,-1.0,0,0,3,1,1,32.0,71.0,200.0,18.4,1008.0,cotonou/COTO,210.16260561769036,59.0,65.8,0.3840668113495542
6.363709734738074,2.3699022465161628,COTO,cotonou,6.352268,2.402957,3869.860582416382,21238.37353,9.0,100.0,109.0,570.0,10,11.630157232284546,289.2043973064703,1.4413191583449416,1.630157232284546,-0.0005369922950736786,1.146872404272993,-0.0005418874193971175,1.1729366298611807,-0.0008730900101056074,0.024070660964100474,1,-1.0,-1.0,0,0,1,5,1,30.0,55.0,310.0,7.6,1013.0,cotonou/COTO,248.21595536951256,59.4,62.5,0.11544459199697898
6.35873097707586,2.4004346192154467,COTO,cotonou,6.352268,2.402957,767.2795980418464,21238.37353,9.0,100.0,109.0,570.0,10,14.565139293670654,338.7997148037141,7.016534746495111,4.565139293670654,0.0010906638097177848,0.3376835120694936,0.0010518173376719156,0.3349079854814672,0.00013036330540974934,0.014727020645946904,1,-1.0,-1.0,0,0,4,5,1,31.0,75.0,210.0,18.4,1008.0,cotonou/COTO,337.12035847750434,62.4,62.0,0.017343521839859433
6.370253896996955,2.3978104218601946,COTO,cotonou,6.352268,2.402957,2068.9223363973642,21238.37353,9.0,100.0,109.0,570.0,10,12.126802444458008,344.12541176203234,2.680803602549049,2.126802444458008,-0.0007655692441573408,0.7923856638321677,-0.0007669521609382449,0.8467213554245819,-0.0013871881696912978,0.05122417127621999,1,-1.0,-1.0,0,0,1,3,1,32.0,63.0,210.0,14.8,1011.0,cotonou/COTO,390.0382688916548,69.0,86.5,0.9072772036436445
6.384759746852291,2.370715721505145,COTO,cotonou,6.352268,2.402957,5063.113905535224,21238.37353,9.0,100.0,109.0,570.0,10,12.909017324447632,315.4008001189953,1.0872650671477135,2.909017324447632,-0.00015133751965831316,1.1022340532899317,-0.00015525906174271198,1.0958321259753745,0.000862039460076226,0.03338444120584291,0,4880.476530185256,4636.960029718632,2,2,5,11,1,34.0,32.0,222.0,5.4,1009.0,cotonou/COTO,265.7725736414513,57.6,53.4,0.4379746744374736
6.365192008879432,2.367934367371155,COTO,cotonou,6.352268,2.402957,4130.058817993797,21238.37353,9.0,100.0,109.0,570.0,10,11.480810403823853,290.3720536095491,1.3526199485313688,1.4808104038238525,-0.000538594383064163,1.3014313538904476,-0.0005330770356314524,1.3190547419928578,-0.00020724005169338647,0.008078207248481514,1,-1.0,-1.0,0,0,2,0,1,30.0,55.0,310.0,7.6,1013.0,cotonou/COTO,211.07519039432174,62.5,58.0,0.5791481678506345
6.361813877710812,2.3601251245406205,COTO,cotonou,6.352268,2.402957,4855.057484670236,21238.37353,9.0,100.0,109.0,570.0,10,11.797435998916626,282.64170413675845,1.1469591754149366,1.797435998916626,-0.00039356342253267593,1.1650262723915046,-0.00040941435014001153,1.1782477227783126,-0.0012885506220189317,0.04305628519582077,1,-1.0,-1.0,0,0,1,2,1,34.0,44.0,220.0,14.8,1010.0,cotonou/COTO,326.8907597349128,65.7,61.2,0.6950112571653964
6.364595805043269,2.40935921979627,COTO,cotonou,6.352268,2.402957,1536.3412227365613,21238.37353,9.0,100.0,109.0,570.0,10,15.17590045928955,27.299579759723144,3.494703383654087,5.175900459289551,0.0009416083494822186,0.45156346334062764,0.0007112597834633694,0.44531936082538626,-0.003579949775899585,0.12718336890355236,1,-1.0,-1.0,0,0,5,4,1,32.0,63.0,180.0,14.8,1011.0,cotonou/COTO,343.10493220009766,67.6,58.8,0.42743695913599256
6.365728045864325,2.3664424554096843,COTO,cotonou,6.352268,2.402957,4305.436311643947,21238.37353,9.0,100.0,109.0,570.0,10,11.468141078948975,290.35201496554293,1.2977101243757416,1.4681410789489746,-0.0005182523970250729,1.348472362601207,-0.0005134252652730026,1.3623819525310568,-5.884567896525065e-05,0.004268612321914048,1,-1.0,-1.0,0,0,2,2,1,30.1,50.0,198.0,11.1,1009.1,cotonou/COTO,167.19783760562936,66.1,58.0,0.316624199699472
6.372000355867375,2.3602695691193634,COTO,cotonou,6.352268,2.402957,5202.628134637701,21238.37353,9.0,100.0,109.0,570.0,10,13.202847957611084,294.94628494451956,1.0548807580805626,3.202847957611084,-9.657921005482875e-05,1.4079733609841592,-5.8202219731879965e-05,1.4002165034783516,0.002407258749008179,0.11303348794263765,1,-1.0,-1.0,0,0,0,9,1,31.5,72.0,200.0,11.2,1008.3,cotonou/COTO,331.14855306943616,63.4,73.3,0.5500535809016207
6.3736449919385665,2.3692087479846418,COTO,cotonou,6.352268,2.402957,4419.309603246332,21238.37353,9.0,100.0,109.0,570.0,10,11.777552366256714,302.5133249652254,1.260273217069995,1.7775523662567139,-0.00043455834861274244,1.2639655092729378,-0.00040568971109948207,1.263999083456128,0.0022480174653672995,0.07143702079276645,1,-1.0,-1.0,0,0,1,0,1,32.0,67.0,220.0,16.6,1011.0,cotonou/COTO,151.02935906652115,79.6,80.0,0.8143878322473266
6.356927597784185,2.3763200769883004,COTO,cotonou,6.352268,2.402957,2991.821008359954,21238.37353,9.0,100.0,109.0,570.0,10,13.96133041381836,279.98393993205667,1.819455157361784,3.9613304138183594,7.245633043794544e-05,0.5773534268851775,8.422806372050367e-05,0.5774836180442581,-0.0008899370829264323,0.03519981416555662,1,-1.0,-1.0,0,0,1,8,1,32.4,63.0,230.0,7.6,1010.7,cotonou/COTO,241.82719946273568,53.0,59.2,0.9524176134762853
6.3724429970672185,2.3935566599625306,COTO,cotonou,6.352268,2.402957,2461.6124753895097,21238.37353,9.0,100.0,109.0,570.0,10,12.252861499786377,335.15306532914815,2.250700005122894,2.252861499786377,-0.0005839879254260694,0.8931153156663152,-0.0005771395977018651,0.9033659336093265,-2.909465530964196e-06,0.01194039220559274,1,-1.0,-1.0,0,0,0,1,1,33.0,67.0,190.0,20.5,1010.0,cotonou/COTO,361.2210155846181,82.1,76.9,0.3429080244429973
6.356803739158787,2.3918322438159456,COTO,cotonou,6.352268,2.402957,1329.126500793783,21238.37353,9.0,100.0,109.0,570.0,10,15.546090126037598,292.30583412711337,4.0219774278336065,5.546090126037598,0.0013234989495942006,0.688484260844264,0.0011241112539918704,0.6820196171602232,-0.003554832209197408,0.127258033616237,1,-1.0,-1.0,0,0,2,7,1,32.6,66.0,210.0,11.2,1010.9,cotonou/COTO,267.5192114597196,57.1,58.2,0.501927401436449
6.3694554053619585,2.4018143242181202,COTO,cotonou,6.352268,2.402957,1904.9190109160197,21238.37353,9.0,100.0,109.0,570.0,10,13.147046089172363,356.2197946484275,2.880616734450305,3.1470460891723633,-0.00038510663194164655,0.5271662946940331,-0.0003878102158055161,0.5669892605888471,-0.004464932282765706,0.2094190803293395,1,-1.0,-1.0,0,0,1,13,1,32.0,63.0,210.0,14.8,1011.0,cotonou/COTO,237.45958919365236,69.0,86.2,0.5375374838991358
6.354843158237701,2.4066211049181976,COTO,cotonou,6.352268,2.402957,495.42671843069166,21238.37353,9.0,100.0,109.0,570.0,10,14.875334739685059,54.733746960506835,10.757251464711121,4.875334739685059,0.0020121348009703444,0.48541065238840203,0.00206910392694306,0.4750950676368535,-0.00037298599878946953,0.05452804530319565,1,-1.0,-1.0,0,0,5,3,1,31.4,69.0,240.0,16.6,1010.7,cotonou/COTO,299.4984878091749,64.7,71.6,0.687984765856042
6.370562364967279,2.368469460539206,COTO,cotonou,6.352268,2.402957,4318.829719035803,21238.37353,9.0,100.0,109.0,570.0,10,11.549442291259766,298.09295592854875,1.2926090461238955,1.5494422912597656,-0.0004990095711609045,1.3425429592372957,-0.00047919689807835727,1.3488448628217797,0.0008613655227510394,0.02381534938288598,1,-1.0,-1.0,0,0,1,12,1,32.0,67.0,220.0,16.6,1011.0,cotonou/COTO,291.86035290862867,79.6,64.7,0.7842324346565096
6.38503113430044,2.3704927437099093,COTO,cotonou,6.352268,2.402957,5101.793938601674,21238.37353,9.0,100.0,109.0,570.0,10,12.861985921859741,315.44165927195513,1.0795517562098944,2.861985921859741,-0.0001647184234381187,1.0958461344229666,-0.00014158174273353434,1.0926797266738835,0.0007490257460513458,0.03277068690062888,0,4887.089183670541,4641.712320892104,2,8,3,9,1,34.0,32.0,222.0,5.4,1009.0,cotonou/COTO,265.7725736414513,57.6,53.4,0.29127875651919555
6.354871740726715,2.394174548924241,COTO,cotonou,6.352268,2.402957,1013.4583843508682,21238.37353,9.0,100.0,109.0,570.0,10,15.45411491394043,286.61048844366275,5.273665022460692,5.45411491394043,0.0017159221501368274,0.5893804188924453,0.001696509145841977,0.6015406715552624,0.0010617629797112008,0.034041216919920694,1,-1.0,-1.0,0,0,2,9,1,32.6,66.0,210.0,11.2,1010.9,cotonou/COTO,279.6517178563703,57.1,62.9,0.7486400572539309
6.378662604082413,2.363860437550552,COTO,cotonou,6.352268,2.402957,5218.290153845715,21238.37353,9.0,100.0,109.0,570.0,10,12.844807147979736,304.1904772101111,1.055645269799568,2.8448071479797363,-0.0001651694034707957,1.1649463673862994,-0.00025469996947067046,1.1600553482396643,-0.005362572807639848,0.13225049951285084,0,-1.0,4789.532846615906,0,4,0,9,1,31.8,31.0,20.0,11.2,1010.9,cotonou/COTO,284.78369054431397,78.2,64.2,0.4169981443578866
6.371020224081496,2.4042832002198242,COTO,cotonou,6.352268,2.402957,2078.9536549525524,21238.37353,9.0,100.0,109.0,570.0,10,13.178877353668213,4.02045169463554,2.638954036216563,3.178877353668213,-0.0002514828954424177,0.5801266636291342,-0.00026727494692723174,0.5927710683080489,-0.001475336729852144,0.04728149266625836,1,-1.0,-1.0,0,0,3,5,1,32.0,75.0,200.0,20.5,1010.0,cotonou/COTO,257.31179082972295,75.5,86.2,0.1558694457477885
6.355413766905562,2.3982446919181903,COTO,cotonou,6.352268,2.402957,626.7779867841291,21238.37353,9.0,100.0,109.0,570.0,10,15.289272785186768,303.8891178590139,8.503409355407628,5.289272785186768,0.002511557700142028,0.49305230780777676,0.0026381852460470165,0.5585866875419788,0.002645182985366265,0.08768082313921885,1,-1.0,-1.0,0,0,4,10,1,31.0,71.0,210.0,20.5,1010.0,cotonou/COTO,221.7167693252332,62.1,62.0,0.43846035815318707
6.365328165500233,2.369585067311539,COTO,cotonou,6.352268,2.402957,3964.675388996533,21238.37353,9.0,100.0,109.0,570.0,10,11.503937005996704,291.4950957374835,1.4086871599549704,1.503937005996704,-0.0005521439669425028,1.3188258590976654,-0.0005493437472860613,1.3276470207753004,-0.0003028697437710232,0.011247790047895664,1,-1.0,-1.0,0,0,0,2,1,33.0,49.0,210.0,16.6,1009.0,cotonou/COTO,263.8369831922563,66.8,62.5,0.7467241075589165
6.383405945783051,2.3728208939149695,COTO,cotonou,6.352268,2.402957,4793.15027744068,21238.37353,9.0,100.0,109.0,570.0,10,12.876397848129272,316.11556263339116,1.1488766773754635,2.8763978481292725,-0.00017304033041000368,1.1222132007224026,-0.00017307511082401982,1.1153733786708702,-0.00011723836263020834,0.005275726318359375,0,-1.0,4428.140837475257,0,4,1,8,1,34.0,32.0,222.0,5.4,1009.0,cotonou/COTO,268.94546398849457,53.4,64.4,0.5322952829656504
6.379313812590403,2.3622239553688424,COTO,cotonou,6.352268,2.402957,5408.812589441912,21238.37353,9.0,100.0,109.0,570.0,10,11.785611867904663,303.74900219741767,1.029685239772964,1.785611867904663,-0.0003538452239765427,1.174477628211406,-0.0003860972897795309,1.1768602617676822,-0.0032180650015314234,0.10891171607808041,0,4975.240437983642,4964.4011341971855,1,7,0,0,1,29.5,80.0,200.0,7.6,1009.5,cotonou/COTO,233.1422818794881,78.1,78.2,0.4676251808050965
6.370996174925015,2.390068313884223,COTO,cotonou,6.352268,2.402957,2514.5438794125307,21238.37353,9.0,100.0,109.0,570.0,10,11.910059690475464,325.63014840252254,2.2111691501205906,1.9100596904754639,-0.0007180342834594991,0.7999223985806396,-0.0006847286690883819,0.8383513185565388,-0.00018364006899186455,0.024571187875683072,1,-1.0,-1.0,0,0,2,11,1,33.0,67.0,200.0,18.4,1012.0,cotonou/COTO,370.2078816016378,84.9,62.3,0.02307033593285457
6.347705023798821,2.385929617446139,COTO,cotonou,6.352268,2.402957,1950.3369774341197,21238.37353,9.0,100.0,109.0,570.0,10,12.857412338256836,254.91096925037982,2.822132310147394,2.857412338256836,-0.00043614359803245754,0.4377799720903063,-0.0004094747761588784,0.4579423748733871,-0.0005919297536214192,0.028997578268130434,1,-1.0,-1.0,0,0,1,1,1,31.0,75.0,200.0,18.4,1008.0,cotonou/COTO,288.9775799261479,69.3,72.8,0.835495001550562
6.34880027865641,2.3810104546881683,COTO,cotonou,6.352268,2.402957,2458.2823934414787,21238.37353,9.0,100.0,109.0,570.0,10,12.220863580703735,260.96775162935745,2.2544903757835706,2.2208635807037354,-0.0006070669414874231,0.5938220541559956,-0.0005688647429148355,0.6396186889596032,-0.00027872456444634334,0.028309577898444533,1,-1.0,-1.0,0,0,1,0,1,32.0,71.0,200.0,18.4,1008.0,cotonou/COTO,208.55006593135025,75.4,59.0,0.511880327464172
6.364631271698067,2.372158572830331,COTO,cotonou,6.352268,2.402957,3671.5760510917657,21238.37353,9.0,100.0,109.0,570.0,10,11.694947600364685,291.9959838548641,1.5181121195934624,1.694947600364685,-0.0005499663995053982,1.244098292407409,-0.0005505249341328939,1.2650298956927133,-0.000550389289855957,0.028825435773933296,1,-1.0,-1.0,0,0,3,3,1,33.0,49.0,210.0,16.6,1009.0,cotonou/COTO,320.12677113920535,66.8,60.5,0.3096981132595418
6.357004610734265,2.3760412369966297,COTO,cotonou,6.352268,2.402957,3023.679065432791,21238.37353,9.0,100.0,109.0,570.0,10,13.964729309082031,280.0426048498735,1.8002333721774144,3.9647293090820312,8.542665673313523e-05,0.5796594771163347,8.827868402968715e-05,0.5792600010362992,0.0002049128214518229,0.008457163512601677,1,-1.0,-1.0,0,0,4,6,1,32.4,63.0,230.0,7.6,1010.7,cotonou/COTO,241.82719946273568,53.0,59.2,0.8196366650617344
6.364276619505179,2.3618924935468915,COTO,cotonou,6.352268,2.402957,4733.456879909704,21238.37353,9.0,100.0,109.0,570.0,10,11.701827645301819,286.3984237454377,1.177572714810114,1.7018276453018188,-0.00042189059569663586,1.2955413817769308,-0.0004153916403377909,1.3044312021147313,0.00028595174829240086,0.007999328215702923,1,-1.0,-1.0,0,0,0,0,1,33.0,48.0,210.0,9.4,1011.2,cotonou/COTO,370.6602309393415,67.2,61.3,0.37853469192985567
6.365066602607887,2.3692067665024905,COTO,cotonou,6.352268,2.402957,3993.3405593132884,21238.37353,9.0,100.0,109.0,570.0,10,11.519261956214905,290.8868510486464,1.398359542611209,1.5192619562149048,-0.000544211312906066,1.2960373247531967,-0.0005494772820912162,1.3055318435500565,-0.0004922755210836204,0.013756854454322875,1,-1.0,-1.0,0,0,0,2,1,30.0,55.0,310.0,7.6,1013.0,cotonou/COTO,248.21595536951256,59.4,62.5,0.797287742656482
6.367952502429379,2.38917423508863,COTO,cotonou,6.352268,2.402957,2309.523046476265,21238.37353,9.0,100.0,109.0,570.0,10,12.344685554504395,318.8686830620618,2.396473928508002,2.3446855545043945,-0.0005916855567969458,0.7130884608102451,-0.0007324043523053937,0.7619402052671459,-0.005274949645057929,0.16577242535574685,1,-1.0,-1.0,0,0,5,8,1,32.0,63.0,210.0,16.6,1010.0,cotonou/COTO,370.2078816016378,62.3,84.9,0.025782009180793652
6.358700071168115,2.400111879618528,COTO,cotonou,6.352268,2.402957,777.8492904962344,21238.37353,9.0,100.0,109.0,570.0,10,14.629282474517822,336.26914695717505,6.917466742623622,4.629282474517822,0.0011820653910108484,0.34069388220050617,0.0010741395609719414,0.33670048070206676,-0.00025784174601236974,0.01086366644581151,1,-1.0,-1.0,0,0,4,4,1,31.0,71.0,210.0,20.5,1010.0,cotonou/COTO,382.2656929414359,58.3,62.4,0.8940472244166626
6.3654829902140575,2.3705068648306646,COTO,cotonou,6.352268,2.402957,3876.2969851179223,21238.37353,9.0,100.0,109.0,570.0,10,11.50969135761261,292.2836964926733,1.4407064141084267,1.5096913576126099,-0.000563410276021713,1.3293772774434724,-0.0005668370883956934,1.3385872676525072,-0.0005265214022562001,0.01845902853983807,1,-1.0,-1.0,0,0,0,2,1,31.0,63.0,180.0,9.4,1011.0,cotonou/COTO,257.5295687877015,62.4,62.5,0.35048929712729504
6.357173376890821,2.411486253410542,COTO,cotonou,6.352268,2.402957,1088.4877850140047,21238.37353,9.0,100.0,109.0,570.0,10,15.482953071594238,59.94244526818272,4.910488551509346,5.482953071594238,0.0015999654391864397,0.49068950506640285,0.0014205963466341228,0.4869682361020718,-0.0012551420250386878,0.0625149203327474,1,-1.0,-1.0,0,0,2,4,1,32.0,67.0,210.0,18.4,1012.0,cotonou/COTO,390.090387602657,65.5,58.7,0.7123480278948802
6.349313984103214,2.380585650068457,COTO,cotonou,6.352268,2.402957,2496.650638113878,21238.37353,9.0,100.0,109.0,570.0,10,12.584008932113647,262.43324645488224,2.2115571681012973,2.5840089321136475,-0.000445627976977636,0.5543404755449787,-0.00039077248768506194,0.5684143143523204,0.0007150929480714659,0.043073799207008816,1,-1.0,-1.0,0,0,0,3,1,32.0,71.0,200.0,18.4,1008.0,cotonou/COTO,145.83304872345087,75.4,55.9,0.2565006845694968
6.363254991184422,2.366052547564525,COTO,cotonou,6.352268,2.402957,4260.033793570786,21238.37353,9.0,100.0,109.0,570.0,10,11.535930275917053,286.6779896363108,1.3106247718739594,1.5359302759170532,-0.0005096818664436322,1.190189115943822,-0.00050480040135207,1.2116314270994402,-0.00014839834637112088,0.005903213227054321,1,-1.0,-1.0,0,0,2,1,1,33.0,39.0,280.0,7.6,1012.0,cotonou/COTO,309.4591612797848,63.0,58.0,0.26169837634995086
6.350714929753966,2.39102022986606,COTO,cotonou,6.352268,2.402957,1331.8139635065952,21238.37353,9.0,100.0,109.0,570.0,10,14.096488952636719,262.54239000652115,4.075940830408992,4.096488952636719,0.00029290971044689874,0.3272922959039202,0.0003145128277176661,0.32274337188135993,0.0010687907536824544,0.04727821640885325,1,-1.0,-1.0,0,0,1,5,1,31.0,66.0,250.0,7.6,1013.0,cotonou/COTO,253.66596638093372,73.7,65.2,0.3376756150843032
6.363276415656374,2.3605582802527936,COTO,cotonou,6.352268,2.402957,4846.364004610696,21238.37353,9.0,100.0,109.0,570.0,10,11.659311890602112,284.64346678353235,1.150648361284378,1.6593118906021118,-0.0004188164562392746,1.2631240304990827,-0.00041179635175844515,1.2728587196003112,0.00036136011282602947,0.01778068433577405,0,4584.13589213677,4603.560196764468,2,1,2,1,1,33.0,48.0,210.0,9.4,1011.2,cotonou/COTO,275.55065323816524,67.2,65.7,0.2144031238734676
6.356809008701474,2.4032714161407505,COTO,cotonou,6.352268,2.402957,503.3839618478786,21238.37353,9.0,100.0,109.0,570.0,10,14.618048667907715,3.9365211458068643,10.619375822162693,4.618048667907715,0.0017127150110412257,0.4399838087213281,0.001304287261216834,0.42215170227571014,-0.00328933915080928,0.084753939758688,1,-1.0,-1.0,0,0,0,7,1,31.4,69.0,240.0,16.6,1010.7,cotonou/COTO,392.92902527041525,68.1,62.4,0.03399443422388415
6.34860094251144,2.38180958250692,COTO,cotonou,6.352268,2.402957,2374.6542582235043,21238.37353,9.0,100.0,109.0,570.0,10,12.378462076187134,260.1041082328635,2.3300041537036815,2.378462076187134,-0.0006692950005600829,0.571788752809143,-0.000575213275328585,0.5973877632286022,-0.0019207874933878579,0.07412607513966972,1,-1.0,-1.0,0,0,3,2,1,32.0,71.0,200.0,18.4,1008.0,cotonou/COTO,210.16260561769036,59.0,65.8,0.37712500706120744
6.383138703384865,2.373885333975542,COTO,cotonou,6.352268,2.402957,4690.436188235534,21238.37353,9.0,100.0,109.0,570.0,10,12.70855164527893,316.89763581260206,1.1760779815731144,2.7085516452789307,-0.00021198297002512938,1.1198188592028824,-0.00020361947610911436,1.116409941300522,0.0009955591625637479,0.03660908635170245,1,-1.0,-1.0,0,0,0,14,1,34.0,32.0,222.0,5.4,1009.0,cotonou/COTO,268.94546398849457,64.4,53.4,0.014751499769357967
6.356709263743282,2.398270494706919,COTO,cotonou,6.352268,2.402957,714.2033886208279,21238.37353,9.0,100.0,109.0,570.0,10,15.05389928817749,313.63755225264185,7.493647286603893,5.05389928817749,0.0018492006253344976,0.4607776495896616,0.0016629780950180597,0.4780724526323443,-0.001235133205094949,0.029194764411465395,1,-1.0,-1.0,0,0,4,11,1,31.0,71.0,210.0,20.5,1010.0,cotonou/COTO,230.8079454871386,62.0,58.3,0.11903380080645698
6.3793181304807405,2.3729250077942834,COTO,cotonou,6.352268,2.402957,4470.874201103575,21238.37353,9.0,100.0,109.0,570.0,10,11.84447181224823,312.1876319005209,1.2448853373005626,1.84447181224823,-0.00041667544182408234,1.1568950163175318,-0.0004022231074790263,1.157202648986077,0.00043975822575769346,0.021169250605037108,1,-1.0,-1.0,0,0,0,7,1,31.0,63.0,200.0,16.6,1007.0,cotonou/COTO,377.7671008703648,85.6,78.2,0.7167270744170184
6.380616985577642,2.37511689441368,COTO,cotonou,6.352268,2.402957,4394.993092339601,21238.37353,9.0,100.0,109.0,570.0,10,12.167311668395996,315.69760871697514,1.2621650965921676,2.167311668395996,-0.0003524323007666929,1.1676600406475552,-0.00033553484035551685,1.1635661615463675,0.0005877951780954996,0.026521212712968104,1,-1.0,-1.0,0,0,0,10,1,31.0,63.0,200.0,16.6,1007.0,cotonou/COTO,389.1226866940447,81.4,70.5,0.6453174203631474
6.36765177234548,2.3883180070671437,COTO,cotonou,6.352268,2.402957,2348.941104272876,21238.37353,9.0,100.0,109.0,570.0,10,12.35819959640503,316.5984748357249,2.355974847992202,2.3581995964050293,-0.0005691104800389286,0.7725832031858277,-0.0006498195727666219,0.798415219349187,-0.0036178032557169595,0.1401051611544057,1,-1.0,-1.0,0,0,7,8,1,32.0,63.0,210.0,16.6,1010.0,cotonou/COTO,280.00176285154186,62.3,67.2,0.3409807101870407
6.3595418681268425,2.376657733400884,COTO,cotonou,6.352268,2.402957,3018.887319078095,21238.37353,9.0,100.0,109.0,570.0,10,13.070035219192505,285.55287181315487,1.820052441711026,3.070035219192505,-0.00021021657257583675,0.8063998919019045,-0.00021996413233982327,0.8209840970254814,-0.0005322674910227458,0.025143328590897122,1,-1.0,-1.0,0,0,0,3,1,32.4,63.0,230.0,7.6,1010.7,cotonou/COTO,343.13365923494894,63.8,65.8,0.07776192888701416
6.371179600906537,2.39283522919918,COTO,cotonou,6.352268,2.402957,2372.3432787869456,21238.37353,9.0,100.0,109.0,570.0,10,12.413573741912842,331.99119400672663,2.331424786466895,2.413573741912842,-0.0005389240384101868,0.6932236825762371,-0.0005627498100477089,0.7115213726671749,-0.0016578472552196178,0.04983686376596844,1,-1.0,-1.0,0,0,1,7,1,32.0,63.0,210.0,16.6,1010.0,cotonou/COTO,247.7688085695969,61.2,82.1,0.845961974296244
6.365023344613125,2.362506081620087,COTO,cotonou,6.352268,2.402957,4692.491400554667,21238.37353,9.0,100.0,109.0,570.0,10,11.626884698867798,287.6054727414999,1.18876466645004,1.6268846988677979,-0.0004416362495179388,1.3316833143100213,-0.0004303516581873223,1.3402151923896266,0.00014504392941792806,0.010543775000915565,1,-1.0,-1.0,0,0,1,0,1,33.0,48.0,210.0,9.4,1011.2,cotonou/COTO,370.6602309393415,67.2,61.3,0.6679630283429141
6.362698283112945,2.398701623761938,COTO,cotonou,6.352268,2.402957,1245.8496538000634,21238.37353,9.0,100.0,109.0,570.0,10,14.75169563293457,337.92896726907577,4.326175320287724,4.75169563293457,0.000829130316537524,0.39979369178587637,0.0005617288025942716,0.38962886972727956,-0.004704137643178304,0.21468039365669028,1,-1.0,-1.0,0,0,2,13,1,32.0,71.0,210.0,22.3,1008.0,cotonou/COTO,392.99957175554596,56.6,68.1,0.014977163486667111
6.374649694696913,2.357626423052042,COTO,cotonou,6.352268,2.402957,5592.807998582539,21238.37353,9.0,100.0,109.0,570.0,10,13.70859169960022,296.4209169448487,0.9761227787319944,3.7085916996002197,-1.8223638061502283e-05,1.3212645627087067,-2.4122746112696344e-06,1.3152436959832474,-0.0008571108182271322,0.042287675109164764,0,-1.0,4965.1582031504295,0,3,1,3,1,32.0,71.0,220.0,18.4,1009.0,cotonou/COTO,315.24390842648114,72.1,63.4,0.20428932182797832
6.3702151939690195,2.403232664470209,COTO,cotonou,6.352268,2.402957,1984.9769524639776,21238.37353,9.0,100.0,109.0,570.0,10,13.1461763381958,0.8745474607406436,2.7646449872876895,3.146176338195801,-0.000279012485523129,0.5624567426890851,-0.0003816135001213165,0.5840987707372713,-0.0033176373938088657,0.09837074154679366,1,-1.0,-1.0,0,0,1,9,1,32.0,75.0,200.0,20.5,1010.0,cotonou/COTO,257.31179082972295,75.5,86.2,0.7268127879299354
6.364619101318061,2.3710475809092992,COTO,cotonou,6.352268,2.402957,3785.445871367641,21238.37353,9.0,100.0,109.0,570.0,10,11.617766499519348,291.28085681477916,1.4736337021722676,1.6177664995193481,-0.0005809063190319455,1.2440672864864006,-0.0005581157514759124,1.2555289601584847,-0.0010142203831491315,0.03743226413886555,1,-1.0,-1.0,0,0,2,11,1,33.0,49.0,210.0,16.6,1009.0,cotonou/COTO,213.77228304903036,66.8,59.4,0.20342565170569993
6.3523959895707565,2.391922591271089,COTO,cotonou,6.352268,2.402957,1220.9351804306893,21238.37353,9.0,100.0,109.0,570.0,10,14.672889709472656,270.6692669513418,4.417786334588508,4.672889709472656,0.0007852831507116799,0.32907441321053366,0.0007910811623861624,0.3273221169299799,0.0006066269344753689,0.022963403786284652,1,-1.0,-1.0,0,0,5,9,1,31.0,71.0,240.0,9.4,1011.0,cotonou/COTO,229.63053738552546,54.4,73.7,0.24951962584634813
6.356043659369872,2.392392508814991,COTO,cotonou,6.352268,2.402957,1241.1963282509923,21238.37353,9.0,100.0,109.0,570.0,10,15.717423915863037,289.77920006266123,4.298005789282807,5.717423915863037,0.0016463717562966067,0.6790464953513058,0.001526659727096557,0.6812469746857925,0.0009613593419392904,0.04232486911947204,1,-1.0,-1.0,0,0,3,12,1,32.6,66.0,210.0,11.2,1010.9,cotonou/COTO,267.5192114597196,57.1,58.2,0.11013369581032662
6.363222041519183,2.383684810091111,COTO,cotonou,6.352268,2.402957,2452.345799791577,21238.37353,9.0,100.0,109.0,570.0,10,12.910440921783447,299.76644474520543,2.2438561749284545,2.9104409217834473,-0.00033343785471638774,0.8933401560433214,-0.0003971324080512637,0.91375622857809,-0.0029355764389038083,0.11901074227064287,1,-1.0,-1.0,0,0,4,10,1,31.9,70.0,220.0,18.4,1008.0,cotonou/COTO,160.52457568861385,62.4,54.4,0.3975982127255364
6.373804874436722,2.36166491562126,COTO,cotonou,6.352268,2.402957,5152.051404463952,21238.37353,9.0,100.0,109.0,570.0,10,12.97406816482544,297.6930872338046,1.0677773221447189,2.9740681648254395,-0.00014052253354040808,1.3267492411477846,-9.067168180969934e-05,1.3191148842256886,0.0030663119422064886,0.11409941727980738,1,-1.0,-1.0,0,0,1,9,1,31.5,72.0,200.0,11.2,1008.3,cotonou/COTO,349.29744130181854,63.4,76.5,0.6768217431703525
6.360497654340571,2.3787006352317532,COTO,cotonou,6.352268,2.402957,2833.834443646363,21238.37353,9.0,100.0,109.0,570.0,10,13.148939609527588,288.85005453001156,1.937222673760963,3.148939609527588,-0.00019580765774375515,0.8445922473838743,-0.00022418187655943777,0.8595194914322876,-0.0007788538932800293,0.04362143281509865,1,-1.0,-1.0,0,0,4,11,1,32.4,63.0,230.0,7.6,1010.7,cotonou/COTO,343.13365923494894,63.8,65.8,0.8073697256261975
6.365119902307738,2.3713136190053055,COTO,cotonou,6.352268,2.402957,3778.4894917705633,21238.37353,9.0,100.0,109.0,570.0,10,11.567285895347595,292.22973458235515,1.477110495588938,1.5672858953475952,-0.0005668944646785108,1.2873276871926573,-0.0005677819872895877,1.3072038960268695,-0.000790519184536404,0.02994916217867338,1,-1.0,-1.0,0,0,1,1,1,31.0,63.0,180.0,9.4,1011.0,cotonou/COTO,64.38956825449732,62.4,66.8,0.6380994694179847
6.360347896299074,2.379394211813617,COTO,cotonou,6.352268,2.402957,2755.8585039946524,21238.37353,9.0,100.0,109.0,570.0,10,13.193793535232544,289.03728489919854,1.9910606694301638,3.193793535232544,-0.00018594126770461817,0.8340379639045975,-0.00019819389843771647,0.84700034979218,-0.0005078766081068252,0.01919416484407023,1,-1.0,-1.0,0,0,3,11,1,32.0,63.0,220.0,13.0,1010.0,cotonou/COTO,331.6838992172874,65.8,70.7,0.14412319029623977
6.377679864815567,2.3644500811106597,COTO,cotonou,6.352268,2.402957,5103.707480817263,21238.37353,9.0,100.0,109.0,570.0,10,12.945258140563965,303.5872066730392,1.0782125855992495,2.945258140563965,-0.00014848602213125243,1.189007829218006,-0.0001876152195009088,1.1858278524045183,-0.0031784316448790913,0.08553965895185371,1,-1.0,-1.0,0,0,1,1,1,31.8,31.0,20.0,11.2,1010.9,cotonou/COTO,284.78369054431397,78.2,64.2,0.8636978111056797
6.379205752590369,2.374799160670931,COTO,cotonou,6.352268,2.402957,4310.404963337756,21238.37353,9.0,100.0,109.0,570.0,10,11.875972509384155,313.90998541603756,1.290796439709718,1.8759725093841553,-0.0004242354688102373,1.1736339675548402,-0.00040825314173415373,1.1732349796572712,0.0004444718360900879,0.020742950694369322,1,-1.0,-1.0,0,0,2,10,1,31.0,63.0,200.0,16.6,1007.0,cotonou/COTO,389.1226866940447,81.4,70.5,0.2326761960144592
6.381898992267535,2.3753920160078175,COTO,cotonou,6.352268,2.402957,4476.426841938965,21238.37353,9.0,100.0,109.0,570.0,10,12.532701015472412,317.24699227777563,1.2345368104052405,2.532701015472412,-0.00026095342636108394,1.1370305525032183,-0.00024066461277517422,1.1337559602255578,0.0017769440477774384,0.051483582506497164,1,-1.0,-1.0,0,0,4,0,1,31.0,59.0,170.0,13.0,1007.0,cotonou/COTO,342.02592664884946,70.2,70.5,0.9775999131377104
6.37483127974375,2.355289836028131,COTO,cotonou,6.352268,2.402957,5834.31200359319,21238.37353,9.0,100.0,109.0,570.0,10,13.426069498062134,295.4704067896263,0.938498506818615,3.426069498062134,-4.802084376669338e-05,1.329623646999116,-4.9092200806903376e-05,1.3230280100380103,-0.00022590955098470051,0.011855387661383995,0,-1.0,5319.863650570944,0,11,0,2,1,32.0,71.0,220.0,18.4,1009.0,cotonou/COTO,241.37076977131866,72.1,58.3,0.848001830354332
6.371141603947411,2.404622063930739,COTO,cotonou,6.352268,2.402957,2095.306481798959,21238.37353,9.0,100.0,109.0,570.0,10,13.320211410522461,5.01070637406707,2.614530385359132,3.320211410522461,-0.00019087502593356808,0.5477994875015939,-0.0002123938666449653,0.5716823706576929,-0.0015084266662597657,0.05661952633891624,1,-1.0,-1.0,0,0,2,3,1,32.0,75.0,200.0,20.5,1010.0,cotonou/COTO,258.69668668155117,75.5,68.0,0.047765074072498526
6.363386836030453,2.3661367038492256,COTO,cotonou,6.352268,2.402957,4255.30011243288,21238.37353,9.0,100.0,109.0,570.0,10,11.522944688796997,286.9031523208023,1.3122569813936227,1.522944688796997,-0.0005126870294132143,1.2001368322817116,-0.0005031066998314625,1.221115440881878,0.00011806446698193985,0.002212898664895491,1,-1.0,-1.0,0,0,2,3,1,30.1,50.0,198.0,11.1,1009.1,cotonou/COTO,309.4591612797848,58.0,63.0,0.6821974338496108
6.352940100328323,2.3919759788323383,COTO,cotonou,6.352268,2.402957,1217.2170512274465,21238.37353,9.0,100.0,109.0,570.0,10,14.910414218902588,273.5246469581786,4.420113333099186,4.910414218902588,0.0010087195287364341,0.3725478331576633,0.001432784862283447,0.38048007153556007,0.005769386907277973,0.08797695498937329,1,-1.0,-1.0,0,0,6,10,1,31.0,71.0,240.0,9.4,1011.0,cotonou/COTO,330.452052195156,54.4,57.1,0.010308331617473798
6.3585751827472485,2.399472299523787,COTO,cotonou,6.352268,2.402957,796.962895138576,21238.37353,9.0,100.0,109.0,570.0,10,14.62880563735962,331.22892988780296,6.753149312000004,4.628805637359619,0.0011380422262497892,0.33729603007307213,0.000998190901745325,0.331583404386581,-0.0006465911865234375,0.030424583293810054,1,-1.0,-1.0,0,0,2,3,1,31.0,75.0,210.0,18.4,1008.0,cotonou/COTO,382.2656929414359,62.4,58.3,0.2951776556843577
6.380902469323327,2.366704040569809,COTO,cotonou,6.352268,2.402957,5110.2975794518115,21238.37353,9.0,100.0,109.0,570.0,10,13.277579069137573,308.4780479600982,1.0730978661699184,3.2775790691375732,-8.370611402723522e-05,1.114781939652551,-4.6003604120062284e-05,1.1122707597041148,0.003753217061360677,0.1421271922312641,1,-1.0,-1.0,0,0,1,13,1,30.7,55.0,293.0,13.0,1011.4,cotonou/COTO,238.87705477918232,66.5,61.3,0.6034916588491981
6.378606086909153,2.3609870668114348,COTO,cotonou,6.352268,2.402957,5481.367107699559,21238.37353,9.0,100.0,109.0,570.0,10,12.117249250411987,302.2722531448287,1.012593150224213,2.1172492504119873,-0.0002895926972672098,1.1904935821105778,-0.0003280188801052334,1.1902461256617827,-0.002566537592146132,0.1154377736481766,0,-1.0,5052.963666416426,0,3,4,12,1,31.5,72.0,200.0,11.2,1008.3,cotonou/COTO,346.4622784662153,77.1,78.1,0.823166757146592
6.356628432609615,2.4050566364310995,COTO,cotonou,6.352268,2.402957,535.2500236890127,21238.37353,9.0,100.0,109.0,570.0,10,15.024523258209229,25.573882505992174,9.95809985572591,5.0245232582092285,0.0024398737483554414,0.627499292863292,0.0013678381438928962,0.5952074634735334,-0.005520321530846673,0.11876134807140086,1,-1.0,-1.0,0,0,1,7,1,31.4,69.0,240.0,16.6,1010.7,cotonou/COTO,285.8934238489022,64.7,68.1,0.34372123303524926
6.366023579083777,2.3654014702260713,COTO,cotonou,6.352268,2.402957,4424.815352162976,21238.37353,9.0,100.0,109.0,570.0,10,11.46821415424347,290.23297144980745,1.2627091786322715,1.4682141542434692,-0.0005042291170841939,1.3701822793343592,-0.000498315519756741,1.3820858386614612,5.26507695515946e-08,0.0032231684367143303,1,-1.0,-1.0,0,0,5,11,1,30.1,50.0,198.0,11.1,1009.1,cotonou/COTO,322.59013949595317,61.3,66.1,0.7556793883004046
6.364061856558106,2.3697217619651916,COTO,cotonou,6.352268,2.402957,3901.5802023654023,21238.37353,9.0,100.0,109.0,570.0,10,11.605924487113953,289.6512621263339,1.4299618432113148,1.6059244871139526,-0.0005346226328201877,1.1932626411962826,-0.0005431866647949267,1.2056519855775085,-0.0007813649801366535,0.024845405607917242,1,-1.0,-1.0,0,0,3,2,1,30.0,55.0,310.0,7.6,1013.0,cotonou/COTO,248.21595536951256,59.4,62.5,0.2923902302040492
6.373912625510364,2.3623630527858994,COTO,cotonou,6.352268,2.402957,5089.278214970666,21238.37353,9.0,100.0,109.0,570.0,10,12.742464780807495,298.21596053437656,1.0835510999864846,2.742464780807495,-0.00017787617697265215,1.320891695964366,-0.00016286460928214606,1.3135784056403361,0.002525019645690918,0.11772961068151312,1,-1.0,-1.0,0,0,1,9,1,31.5,72.0,200.0,11.2,1008.3,cotonou/COTO,349.29744130181854,63.4,76.5,0.9013031465914515
6.355572009664017,2.3905562032223684,COTO,cotonou,6.352268,2.402957,1419.8460317946576,21238.37353,9.0,100.0,109.0,570.0,10,15.587552070617676,285.0077873060832,3.764096130165451,5.587552070617676,0.00130594488647249,0.6571053639242243,0.0009855926913998193,0.6473859280111127,-0.006275511342085015,0.21574289091313195,1,-1.0,-1.0,0,0,3,11,1,31.0,71.0,240.0,9.4,1011.0,cotonou/COTO,308.25641307206246,68.3,58.2,0.18290322082404054
6.369577955623273,2.4054494312478805,COTO,cotonou,6.352268,2.402957,1934.031950088606,21238.37353,9.0,100.0,109.0,570.0,10,14.008097648620605,8.143705581335325,2.81187952796187,4.0080976486206055,0.00015441344334529,0.46043082797461066,0.00010873642726917175,0.46496403334358843,-0.0006565511226654053,0.0376042978942583,1,-1.0,-1.0,0,0,4,8,1,32.0,75.0,200.0,20.5,1010.0,cotonou/COTO,258.69668668155117,68.0,75.5,0.19318234139422852
6.356980239576089,2.37612947739692,COTO,cotonou,6.352268,2.402957,3013.597078133301,21238.37353,9.0,100.0,109.0,570.0,10,13.96133041381836,280.02417416763114,1.806316626017889,3.9613304138183594,8.394025733368623e-05,0.5793782058396286,8.827868402968715e-05,0.5789983821248058,0.0006298700968424479,0.027929091077260177,1,-1.0,-1.0,0,0,4,6,1,31.5,70.0,236.0,9.3,1011.4,cotonou/COTO,241.82719946273568,59.2,53.0,0.1383440967048003
6.372198851190131,2.3934021822075735,COTO,cotonou,6.352268,2.402957,2444.5102555766193,21238.37353,9.0,100.0,109.0,570.0,10,12.287787199020386,334.52525802778644,2.2656126029095978,2.2877871990203857,-0.000580835165152253,0.8397509772867571,-0.00041195297784994554,0.8631485551394902,0.0032800392757336215,0.018813469556318255,1,-1.0,-1.0,0,0,0,5,1,31.7,72.0,200.0,14.8,1010.3,cotonou/COTO,361.2210155846181,76.9,82.1,0.7458722944978847
6.3814007910219,2.367377553490537,COTO,cotonou,6.352268,2.402957,5086.745036377552,21238.37353,9.0,100.0,109.0,570.0,10,13.547499895095825,309.48677751167094,1.0750260869840473,3.547499895095825,-2.7092439965584395e-05,1.1070151806556312,1.7175147699755252e-05,1.1033518369274453,0.0036657989025115968,0.16989696621101463,1,-1.0,-1.0,0,0,4,6,1,30.7,55.0,293.0,13.0,1011.4,cotonou/COTO,238.87705477918232,66.5,61.3,0.9928054858595863
6.349100479800059,2.380601948106866,COTO,cotonou,6.352268,2.402957,2498.064729889239,21238.37353,9.0,100.0,109.0,570.0,10,12.365355968475342,261.8874638670728,2.21531406552745,2.365355968475342,-0.0005323950260404557,0.5884208138854707,-0.0009195565648049721,0.641675007944347,-0.012076556507398742,0.416124820109,1,-1.0,-1.0,0,0,1,4,1,32.0,71.0,200.0,18.4,1008.0,cotonou/COTO,145.83304872345087,75.4,55.9,0.4194810686571332
6.365865105155052,2.416786730369933,COTO,cotonou,6.352268,2.402957,2145.2909933641295,21238.37353,9.0,100.0,109.0,570.0,10,14.504050731658936,45.30839724589464,2.5221387427101467,4.5040507316589355,0.0002899459241444632,0.41129325736590616,0.0002943297764202496,0.4143344023356428,-0.0025365749994913736,0.13616982664053046,1,-1.0,-1.0,0,0,3,8,1,33.0,63.0,248.0,13.0,1011.0,cotonou/COTO,337.6225164292086,57.9,61.6,0.6644359357881072
6.349616488361802,2.3821182911762375,COTO,cotonou,6.352268,2.402957,2324.183754691191,21238.37353,9.0,100.0,109.0,570.0,10,13.006481647491455,262.70552335188347,2.3650880565531835,3.006481647491455,-0.00034265571768620894,0.4274783693836677,-0.0003151983022689819,0.45966554673994686,-0.0019025405248006186,0.08785253594481894,1,-1.0,-1.0,0,0,4,3,1,32.0,71.0,200.0,18.4,1008.0,cotonou/COTO,206.50773641684015,75.4,65.8,0.837790954966367
6.354575717512818,2.3981043080097613,COTO,cotonou,6.352268,2.402957,594.4704917120584,21238.37353,9.0,100.0,109.0,570.0,10,15.254116535186768,295.5710518463508,8.961541371205099,5.254116535186768,0.0026158323361928533,0.49058786585506564,0.0027865706572688946,0.5549255404975515,0.004296432971115285,0.114365965294726,1,-1.0,-1.0,0,0,6,10,1,31.0,71.0,210.0,20.5,1010.0,cotonou/COTO,221.7167693252332,62.0,62.1,0.9869454249652798
6.368473827974142,2.3629473338760363,COTO,cotonou,6.352268,2.402957,4775.652782645121,21238.37353,9.0,100.0,109.0,570.0,10,11.669821858406067,292.1758830304673,1.1675548378853624,1.669821858406067,-0.00042441032826900476,1.475727879051201,-0.0003975564895456129,1.475151399051771,0.001653689808315701,0.06739892038518036,1,-1.0,-1.0,0,0,1,0,1,32.0,71.0,220.0,18.4,1009.0,cotonou/COTO,352.5538937525515,78.0,61.3,0.17916836261316305
6.365695226736757,2.4145164335249167,COTO,cotonou,6.352268,2.402957,1959.7310404135753,21238.37353,9.0,100.0,109.0,570.0,10,14.782427787780762,40.54960333044028,2.752477633427306,4.782427787780762,0.000543149673577511,0.4063654600436891,0.000424072279858945,0.40583677382732386,-0.0037290785047743055,0.14522661020305141,1,-1.0,-1.0,0,0,1,9,1,32.0,63.0,180.0,14.8,1011.0,cotonou/COTO,281.80230889756126,65.5,57.9,0.8332052334707383
6.385519621036144,2.3699598054034174,COTO,cotonou,6.352268,2.402957,5181.669555608752,21238.37353,9.0,100.0,109.0,570.0,10,12.915658950805664,315.3992142444816,1.0623209960374946,2.915658950805664,-0.00015464157900606473,1.0895555037825015,-0.00013633289095265022,1.0833433446972862,0.0005936692907150881,0.00992312398723786,0,4880.530443158544,4828.609906529197,3,9,2,10,1,34.0,32.0,222.0,5.4,1009.0,cotonou/COTO,282.2544702923159,57.6,68.0,0.04062819665871109
6.377749492670092,2.3604756672657263,COTO,cotonou,6.352268,2.402957,5480.075001061914,21238.37353,9.0,100.0,109.0,570.0,10,12.594284534454346,301.11536666652677,1.0078458603397564,2.5942845344543457,-0.0002231968612841583,1.2082948320276472,-0.0002905581920742618,1.2034688057015874,-0.007484838960532709,0.12730900036275952,0,5282.396944911384,4810.166032996229,1,3,1,14,1,31.5,72.0,200.0,11.2,1008.3,cotonou/COTO,346.4622784662153,77.1,78.1,0.503542041078972
6.3482496658850085,2.376169939056933,COTO,cotonou,6.352268,2.402957,2996.8767464143716,21238.37353,9.0,100.0,109.0,570.0,10,10.710995376110077,261.418254081696,1.8784647218614996,0.7109953761100769,-0.0009986653526624042,1.3065185471170573,-0.0009790836790807885,1.3473038043230938,0.0,0.0,1,-1.0,-1.0,0,0,0,0,1,33.0,63.0,200.0,11.2,1008.0,cotonou/COTO,255.08273363755146,66.5,64.3,0.7783081190347285
6.371543365683783,2.3604887205456957,COTO,cotonou,6.352268,2.402957,5159.545689831386,21238.37353,9.0,100.0,109.0,570.0,10,13.104527235031128,294.54801752163814,1.0647785021630276,3.104527235031128,-0.00011615723037283945,1.4232557693963843,-9.934066355913537e-05,1.4151002263360395,0.0013624403211805556,0.053414832217251074,1,-1.0,-1.0,0,0,0,10,1,31.5,72.0,200.0,11.2,1008.3,cotonou/COTO,331.14855306943616,63.4,73.3,0.7199384075159447
6.383488760507238,2.381359276478241,COTO,cotonou,6.352268,2.402957,4198.867532418509,21238.37353,9.0,100.0,109.0,570.0,10,14.51926565170288,325.49242704655296,1.2890223224627462,4.519265651702881,0.00019339862323942636,1.0154260371309258,0.00018550676830528232,1.0184157311177093,-0.00024461538472320116,0.012446107862398647,0,4047.4053769404863,4005.332555974369,5,1,7,4,1,31.8,56.0,180.0,11.2,1007.4,cotonou/COTO,150.4694972410793,71.8,75.6,0.23752101447668894
11.127067982265684,2.9280484035468635,KAND,kandi,11.123456,2.954658,2934.1926067576887,7079.457844,327.0,100.0,427.0,538.0,10,297.00677490234375,277.8788487221014,2.536710095394043,287.00677490234375,-0.012340611829779703,11.93049416698857,-0.012039927164713544,12.022300924173637,0.0035725911458333332,0.13713260643842834,1,-1.0,-1.0,0,0,0,3,0,35.3,21.0,79.0,20.2,1008.9,kandi/KAND,192.4369964429442,81.1,87.2,0.8870483915785827
11.141190012792004,2.9165826405447235,KAND,kandi,11.123456,2.954658,4598.679469383688,7079.457844,327.0,100.0,427.0,538.0,10,293.2430419921875,295.39702751463165,1.6660324284383015,283.2430419921875,-0.008907125919369877,13.3925081515872,-0.008687637385293795,13.389008314055902,-0.018684466404241915,0.6236908758541855,1,-1.0,-1.0,0,0,0,2,0,30.2,29.0,65.0,16.6,1012.8,kandi/KAND,312.10744640271304,82.9,82.2,0.7001279200272309
11.117792482954032,2.9249826002931267,KAND,kandi,11.123456,2.954658,3301.8034101813205,7079.457844,327.0,100.0,427.0,538.0,10,303.55645751953125,258.9962002971086,2.1411030596720884,293.55645751953125,-0.008939615885416667,9.42995286055745,-0.008733004615420387,9.464638616530628,0.004039171006944444,0.198620702623821,1,-1.0,-1.0,0,0,1,2,0,33.2,27.0,75.0,15.8,1010.6,kandi/KAND,161.15480094289197,85.9,78.9,0.7991132711917824
11.132863671412947,2.9124711674916908,KAND,kandi,11.123456,2.954658,4724.524086624965,7079.457844,327.0,100.0,427.0,538.0,10,302.6878356933594,282.80837302168874,1.5072246844940016,292.6878356933594,-0.006463616608567379,11.40618210288085,-0.006449877421061198,11.354582892006057,-0.006684621175130209,0.3182411532504047,0,-1.0,4554.100372077371,0,3,0,0,0,27.9,27.0,25.0,15.8,1009.5,kandi/KAND,115.49335305553211,81.6,83.5,0.5853143482084782
11.107033945470434,2.9316589845662473,KAND,kandi,11.123456,2.954658,3100.415928826039,7079.457844,327.0,100.0,427.0,538.0,10,327.8412170410156,233.959462734849,1.8318328799339565,317.8412170410156,-0.00175774403107472,2.9208488572050855,-0.0021363925961858854,2.931912165582269,-0.001476960810082371,0.623991618815284,1,-1.0,-1.0,0,0,0,3,0,33.4,23.0,80.0,18.4,1011.3,kandi/KAND,217.95597506908584,86.8,88.1,0.6283567207230452
11.11181117229151,2.931987432903407,KAND,kandi,11.123456,2.954658,2791.569954777013,7079.457844,327.0,100.0,427.0,538.0,10,319.6178283691406,242.37112118158365,2.2028870578975424,309.6178283691406,-0.004860833350648272,4.404519733199301,-0.00476470377422697,4.449386937937504,-0.007023101071006818,0.46333214589967203,1,-1.0,-1.0,0,0,0,0,0,28.3,38.0,34.0,17.3,1009.3,kandi/KAND,387.96207043984134,87.3,88.6,0.6025587560839639
11.138341522912306,2.9254858010221128,KAND,kandi,11.123456,2.954658,3586.9950090704056,7079.457844,327.0,100.0,427.0,538.0,10,291.5871887207031,297.47935560572057,2.161948933464426,281.5871887207031,-0.01164576189861887,14.057467292240682,-0.011456473928983095,14.107332891881878,-0.005858103434244791,0.26600798107149604,1,-1.0,-1.0,0,0,3,0,0,34.2,16.0,100.0,18.4,1010.2,kandi/KAND,262.6669063662963,83.4,85.4,0.8103733541528855
11.109453343955483,2.9309555319433267,KAND,kandi,11.123456,2.954658,3017.271386014236,7079.457844,327.0,100.0,427.0,538.0,10,322.45245361328125,238.95164580166664,1.9844875952998284,312.45245361328125,-0.003545865616555948,3.786206307964096,-0.003957310154985841,3.8810147496868392,-0.015034230550130208,0.7183273514687923,1,-1.0,-1.0,0,0,0,0,0,31.0,43.0,40.0,3.6,1008.2,kandi/KAND,144.11587076282325,86.1,81.5,0.9077449431762757
11.126917590420565,2.928078481915887,KAND,kandi,11.123456,2.954658,2928.716800941981,7079.457844,327.0,100.0,427.0,538.0,10,297.00677490234375,277.5632132108761,2.5414467555528346,287.00677490234375,-0.01234169311515662,11.893165552953974,-0.012039927164713542,11.987311936715187,0.001880645751953125,0.11066554375871378,1,-1.0,-1.0,0,0,0,0,0,35.7,22.0,60.0,14.8,1008.1,kandi/KAND,192.4369964429442,87.2,81.1,0.20141739966724348
11.13599652482431,2.9284905331521665,KAND,kandi,11.123456,2.954658,3177.326695504355,7079.457844,327.0,100.0,427.0,538.0,10,294.0771179199219,296.0346615792106,2.3955615922626183,284.0771179199219,-0.012337906300717181,13.661362438235384,-0.012150982063117344,13.71640941779654,-0.0003361517982660594,0.045197566070191056,1,-1.0,-1.0,0,0,2,7,0,25.1,38.0,70.0,13.7,1012.7,kandi/KAND,302.509112755308,84.5,85.1,0.9695977792386805
11.132986519933072,2.9119748594703947,KAND,kandi,11.123456,2.954658,4780.4016520345795,7079.457844,327.0,100.0,427.0,538.0,10,302.365966796875,282.82425651209127,1.4934700576364925,292.365966796875,-0.006449877421061198,11.359624913829483,-0.006440187534658318,11.334735802144442,-0.0013457826759685914,0.10063980885556235,0,-1.0,4560.062497732384,0,3,0,0,0,30.7,25.0,24.0,16.6,1009.0,kandi/KAND,115.49335305553211,83.5,81.6,0.9060797322824962
11.116643590494562,2.9263023119892058,KAND,kandi,11.123456,2.954658,3188.0037004370824,7079.457844,327.0,100.0,427.0,538.0,10,306.2281188964844,256.2447937058987,2.1695118058535456,296.2281188964844,-0.0084415138696213,8.639332856638912,-0.008524444560375762,8.693925837176858,-0.003872666391409388,0.1943335992765895,1,-1.0,-1.0,0,0,0,0,0,33.2,27.0,75.0,15.8,1010.6,kandi/KAND,377.1768718948386,85.9,89.2,0.22014770015189222
11.128007796295487,2.9270051975303244,KAND,kandi,11.123456,2.954658,3062.492586167208,7079.457844,327.0,100.0,427.0,538.0,10,297.7827453613281,279.5258220531289,2.4160758884696505,287.7827453613281,-0.011502470244867516,12.288626698606741,-0.01091505499994948,12.291451151699862,0.01996652920748064,0.5821489392733848,1,-1.0,-1.0,0,0,2,7,0,35.7,22.0,60.0,14.8,1008.1,kandi/KAND,268.144848356337,81.0,82.6,0.6307444256150598
11.123953012021722,2.9225020540816393,KAND,kandi,11.123456,2.954658,3513.2014964769946,7079.457844,327.0,100.0,427.0,538.0,10,303.7261962890625,270.90556414268156,2.009612057410882,293.7261962890625,-0.0072869044046415124,11.047583814657523,-0.008182022528573396,11.030466131203992,0.009238553957734421,0.2710045246153118,1,-1.0,-1.0,0,0,0,0,0,31.5,32.0,75.0,15.1,1011.5,kandi/KAND,113.91424559135775,81.6,84.4,0.2738447453600664
11.13924549380638,2.905667127842409,KAND,kandi,11.123456,2.954658,5629.500175871307,7079.457844,327.0,100.0,427.0,538.0,10,296.75689697265625,288.1887420381843,1.325348406661957,286.75689697265625,-0.006483773305906471,11.950419611274128,-0.006547125324485722,11.926854591502984,-0.008877908072577014,0.5218719904207493,1,-1.0,-1.0,0,0,0,0,0,28.4,37.0,100.0,3.6,1009.9,kandi/KAND,242.2242803683185,83.6,83.3,0.041102791528278115
11.105134900887045,2.927123635778363,KAND,kandi,11.123456,2.954658,3627.0034453336393,7079.457844,327.0,100.0,427.0,538.0,10,322.9868469238281,235.86112491815362,1.6426457510706427,312.9868469238281,-0.0028882796079163606,3.5489819661258184,-0.0029741158007283194,3.6105809514168596,-0.016386583116319447,0.6053176989005764,1,-1.0,-1.0,0,0,0,0,0,31.4,32.0,75.0,16.2,1012.0,kandi/KAND,277.7596185553782,83.6,80.7,0.874939565271574
11.127880260820822,2.9277976959606584,KAND,kandi,11.123456,2.954658,2974.7786086649435,7079.457844,327.0,100.0,427.0,538.0,10,297.27349853515625,279.53190478162674,2.4970176490104024,287.27349853515625,-0.012017293294270835,12.206204238733843,-0.01181433097612278,12.23846425762483,0.005083905639803928,0.142489577257828,1,-1.0,-1.0,0,0,1,3,0,35.7,22.0,60.0,14.8,1008.1,kandi/KAND,174.81002316812828,87.2,82.6,0.41628243008192567
11.12124663647759,2.9265709165379143,KAND,kandi,11.123456,2.954658,3078.0133302699373,7079.457844,327.0,100.0,427.0,538.0,10,301.09429931640625,265.419284430227,2.3423699300488523,291.09429931640625,-0.010457934894270224,10.02777889136214,-0.010148414983346447,10.142685010816354,-6.034236883382732e-05,0.1285591379378822,1,-1.0,-1.0,0,0,2,2,0,31.0,31.0,80.0,11.2,1011.0,kandi/KAND,360.5272688756482,82.0,87.2,0.6396157714717089
11.109317087077617,2.931852333747772,KAND,kandi,11.123456,2.954658,2941.6122830432396,7079.457844,327.0,100.0,427.0,538.0,10,323.8011169433594,237.71634180723004,2.009250665221056,313.8011169433594,-0.0032068220453230216,3.5055490223190695,-0.0033867903472846773,3.528524946240467,0.001226793653878816,0.3063584553914632,1,-1.0,-1.0,0,0,0,0,0,31.0,43.0,40.0,3.6,1008.2,kandi/KAND,320.7240494333438,88.1,88.6,0.5921312188434014
11.117842346650763,2.924953391954894,KAND,kandi,11.123456,2.954658,3303.8949366304155,7079.457844,327.0,100.0,427.0,538.0,10,303.55645751953125,259.10124517198733,2.1397488974458185,293.55645751953125,-0.008939615885416667,9.45147549325103,-0.008688350958523593,9.4911266185385,0.005706240864424714,0.18256508034722466,1,-1.0,-1.0,0,0,1,3,0,33.2,27.0,75.0,15.8,1010.6,kandi/KAND,161.15480094289197,85.9,78.9,0.8389167882088703
11.133001889971498,2.9119127645151526,KAND,kandi,11.123456,2.954658,4787.392727016857,7079.457844,327.0,100.0,427.0,538.0,10,302.365966796875,282.82621773962995,1.4912901147238706,292.365966796875,-0.006449877421061198,11.359624913829483,-0.006401514123987267,11.309186920191609,-0.0010531107584635417,0.0918046854632873,0,-1.0,4557.137365396808,0,3,0,0,0,27.9,27.0,25.0,15.8,1009.5,kandi/KAND,115.49335305553211,81.6,83.5,0.03244011401220903
11.139471278171314,2.9057387709582057,KAND,kandi,11.123456,2.954658,5629.867672923225,7079.457844,327.0,100.0,427.0,538.0,10,296.7776794433594,288.4564753053225,1.3250505312872725,286.7776794433594,-0.0064800884706754215,12.022131178039379,-0.006581961648506031,11.997007762505556,-0.010532633463541666,0.5113889491927848,1,-1.0,-1.0,0,0,0,0,0,28.4,37.0,100.0,3.6,1009.9,kandi/KAND,242.2242803683185,83.6,83.3,0.14965296697796293
11.126613364105332,2.929839298912549,KAND,kandi,11.123456,2.954658,2733.6281369139742,7079.457844,327.0,100.0,427.0,538.0,10,298.330322265625,277.38978407678985,2.6948772577452313,288.330322265625,-0.012679368171139039,11.457022920161982,-0.012922001420599231,11.539579250262012,-0.01692997155593741,0.5652862304665088,1,-1.0,-1.0,0,0,3,5,0,35.3,21.0,79.0,20.2,1008.9,kandi/KAND,253.12137819628967,83.3,87.2,0.14916329648887217
11.123307578185761,2.923813641004716,KAND,kandi,11.123456,2.954658,3369.534981109911,7079.457844,327.0,100.0,427.0,538.0,10,302.18829345703125,269.72199400584594,2.1213360742230396,292.18829345703125,-0.00918498081443584,11.017190114087516,-0.009021692108689692,11.013820755985666,0.005006917317708333,0.1927296397420329,1,-1.0,-1.0,0,0,0,1,0,31.0,31.0,80.0,11.2,1011.0,kandi/KAND,340.76806176995353,82.0,81.6,0.5029026632123035
11.135274714116282,2.929661582692466,KAND,kandi,11.123456,2.954658,3027.4241053232536,7079.457844,327.0,100.0,427.0,538.0,10,293.806884765625,295.7308340247022,2.5191334318508685,283.806884765625,-0.013038705824622517,13.450222465399124,-0.012738303767824633,13.53219510220684,0.002608913845486111,0.10175927836328821,1,-1.0,-1.0,0,0,3,6,0,25.1,38.0,70.0,13.7,1012.7,kandi/KAND,302.509112755308,85.1,84.5,0.5351649536492267
11.112705196718212,2.938108785786323,KAND,kandi,11.123456,2.954658,2163.9575510736663,7079.457844,327.0,100.0,427.0,538.0,10,327.5272521972656,236.49497767143697,2.6319182394969762,317.5272521972656,-0.0026475462194991434,3.2516749698757152,-0.002446440406672523,3.2478224742661754,0.0015468310798555328,0.2895573349728856,1,-1.0,-1.0,0,0,2,0,0,30.3,45.0,32.0,11.2,1007.8,kandi/KAND,251.1567510887154,90.3,90.0,0.5267620797529746
11.110225550981452,2.931896397134165,KAND,kandi,11.123456,2.954658,2885.2849951179114,7079.457844,327.0,100.0,427.0,538.0,10,321.6295166015625,239.36066598416272,2.091509902885777,311.6295166015625,-0.004019196500483248,3.7510206165202225,-0.0036871434976191103,3.778185951902289,0.006944873283504908,0.3223789095448789,1,-1.0,-1.0,0,0,0,0,0,33.4,23.0,80.0,18.4,1011.3,kandi/KAND,182.88071112067146,81.5,88.6,0.7694096574744792
11.129223104847854,2.927277272068381,KAND,kandi,11.123456,2.954658,3058.363053400855,7079.457844,327.0,100.0,427.0,538.0,10,297.7126770019531,282.11796555799305,2.420644633468174,287.7126770019531,-0.011638137717652167,12.431793367299916,-0.011259890825320513,12.457971178023424,0.005353800455729166,0.2046221739413476,1,-1.0,-1.0,0,0,4,7,0,33.0,34.0,28.0,16.2,1007.9,kandi/KAND,377.8714555243443,84.8,82.6,0.8463945299175893
11.1213694905274,2.9256901679448943,KAND,kandi,11.123456,2.954658,3172.915599141681,7079.457844,327.0,100.0,427.0,538.0,10,301.1597595214844,265.80439673177943,2.2712037448843065,291.1597595214844,-0.010095533097185017,10.246879517259234,-0.009629672031945124,10.318169601720147,0.012508103507961702,0.31106992477450957,1,-1.0,-1.0,0,0,0,0,0,31.0,31.0,80.0,11.2,1011.0,kandi/KAND,386.05135929607223,87.2,80.5,0.5493058325098015
11.139475865126752,2.90574022643445,KAND,kandi,11.123456,2.954658,5629.876399797495,7079.457844,327.0,100.0,427.0,538.0,10,296.7776794433594,288.4619139968141,1.3250484780580434,286.7776794433594,-0.0064800884706754215,12.026321743725633,-0.006581961648506031,12.001113862179816,-0.010532633463541666,0.5113889491927848,1,-1.0,-1.0,0,0,0,0,0,26.0,22.0,47.0,14.0,1010.5,kandi/KAND,242.2242803683185,83.3,83.6,0.848141765984982
11.106159488721467,2.932095454643561,KAND,kandi,11.123456,2.954658,3120.2633207187814,7079.457844,327.0,100.0,427.0,538.0,10,329.3728332519531,232.00319473232847,1.792092471373291,319.3728332519531,-0.0012668413993639825,2.915016668017971,-0.0017246468127159948,2.920310013478343,-0.017020352204680428,0.4378532359756116,1,-1.0,-1.0,0,0,0,0,0,31.0,43.0,40.0,3.6,1008.2,kandi/KAND,217.95597506908584,88.1,86.8,0.8693768991990221
11.109000033717495,2.9320211100554943,KAND,kandi,11.123456,2.954658,2944.9088937641277,7079.457844,327.0,100.0,427.0,538.0,10,324.0216979980469,236.94559629665795,2.0027169511462954,314.0216979980469,-0.003581055045378102,3.2943309685655398,-0.0032817521753107713,3.327110507241542,-0.008120512506018779,0.2770873427301708,1,-1.0,-1.0,0,0,0,0,0,31.0,43.0,40.0,3.6,1008.2,kandi/KAND,336.60591917685895,86.1,88.7,0.03549874425695365
11.134360702782331,2.9302881487929744,KAND,kandi,11.123456,2.954658,2922.682970382691,7079.457844,327.0,100.0,427.0,538.0,10,293.8235778808594,294.5173598244337,2.6089632430821825,283.8235778808594,-0.013373469317517135,13.240416920085305,-0.013143442789713543,13.348739002620453,0.0015497843424479166,0.08317965861621225,1,-1.0,-1.0,0,0,1,5,0,25.1,38.0,70.0,13.7,1012.7,kandi/KAND,183.82149629455927,84.2,84.5,0.6883784779134058
11.110803061811922,2.932677442082849,KAND,kandi,11.123456,2.954658,2779.3715052496286,7079.457844,327.0,100.0,427.0,538.0,10,323.30029296875,239.60407099145553,2.1367423583114515,313.30029296875,-0.0034474084084184695,3.6998578337825276,-0.0049119213157506935,3.773325361277503,-0.03373983697824564,0.5698234994813487,1,-1.0,-1.0,0,0,0,0,0,31.0,43.0,40.0,3.6,1008.2,kandi/KAND,289.5291964551508,90.3,88.6,0.7730863675491587
11.123012548722093,2.9248637909219073,KAND,kandi,11.123456,2.954658,3255.1459105770664,7079.457844,327.0,100.0,427.0,538.0,10,301.2922668457031,269.133834674282,2.2115583870526896,291.2922668457031,-0.009796058584790709,10.904850872609716,-0.009495988908830702,10.927785175855405,0.00532684326171875,0.24882817440541494,1,-1.0,-1.0,0,0,0,0,0,31.5,32.0,75.0,15.1,1011.5,kandi/KAND,340.76806176995353,81.6,82.0,0.8524106842382403
11.123951160898379,2.922500800135902,KAND,kandi,11.123456,2.954658,3513.3352757944567,7079.457844,327.0,100.0,427.0,538.0,10,303.7261962890625,270.9021685348813,2.0095355989789314,293.7261962890625,-0.0073660179854858985,11.046223272108818,-0.008182688137595668,11.029122034208875,0.009212151466517658,0.2710045246153118,1,-1.0,-1.0,0,0,0,0,0,31.5,32.0,75.0,15.1,1011.5,kandi/KAND,113.91424559135775,81.6,84.4,0.2716660919835546
11.133330810247498,2.9201073158795667,KAND,kandi,11.123456,2.954658,3929.1985889705225,7079.457844,327.0,100.0,427.0,538.0,10,297.7134704589844,286.2433020376231,1.884583006943022,287.7134704589844,-0.009066507534715357,12.82989537569661,-0.008808324620339845,12.796908923359744,0.0026647227560793636,0.13044567064633758,1,-1.0,-1.0,0,0,0,6,0,30.0,38.0,28.0,18.0,1008.6,kandi/KAND,367.47538693083294,87.5,86.0,0.6164555183848611
11.13767985945673,2.9277892848243345,KAND,kandi,11.123456,2.954658,3330.230904771028,7079.457844,327.0,100.0,427.0,538.0,10,293.24420166015625,298.35089190099694,2.2999984228984443,283.24420166015625,-0.012036274016275574,13.878511437309978,-0.01187839564320612,13.926426296602711,-0.0019609239366319446,0.09083713963963488,1,-1.0,-1.0,0,0,2,3,0,25.1,38.0,70.0,13.7,1012.7,kandi/KAND,371.0522637042291,85.1,83.4,0.5255959797212775
11.144892522747952,2.9214834134582586,KAND,kandi,11.123456,2.954658,4330.7574557583,7079.457844,327.0,100.0,427.0,538.0,10,291.14764404296875,303.3708567059613,1.7967330370899839,281.14764404296875,-0.009696030890804596,14.392892040067581,-0.009691065958101455,14.391391565181385,-0.0009643554687499998,0.10988098081429369,1,-1.0,-1.0,0,0,0,0,0,32.0,21.0,67.0,18.4,1011.9,kandi/KAND,357.0009189063783,81.8,81.4,0.5328267174699918
11.13850102854074,2.9208118389875435,KAND,kandi,11.123456,2.954658,4054.6025178265672,7079.457844,327.0,100.0,427.0,538.0,10,297.3453674316406,294.37542818417927,1.8315316309604113,287.3453674316406,-0.007898339801274995,13.778995482650338,-0.008576364125694045,13.74989249942059,0.01273039698393029,0.4267695016018468,1,-1.0,-1.0,0,0,0,0,0,30.2,29.0,65.0,16.6,1012.8,kandi/KAND,387.1975309838644,82.9,85.2,0.9920346436593797
11.125947379566366,2.9282725240867267,KAND,kandi,11.123456,2.954658,2895.529778864331,7079.457844,327.0,100.0,427.0,538.0,10,297.4830017089844,275.4992272426548,2.5611320840488916,287.4830017089844,-0.012429357717390154,11.506741684704528,-0.01191952233743109,11.625226979067987,-0.0003627412466017284,0.23203419208266893,1,-1.0,-1.0,0,0,1,3,0,35.7,22.0,60.0,14.8,1008.1,kandi/KAND,192.4369964429442,87.2,81.1,0.7721296668433711
11.107628089714867,2.9313624276643657,KAND,kandi,11.123456,2.954658,3089.0066214101785,7079.457844,327.0,100.0,427.0,538.0,10,325.29180908203125,235.30242366531778,1.885831367343756,315.29180908203125,-0.002611711512410512,3.081014602035128,-0.002367340572296627,3.0999439896621497,0.0013319227430555556,0.23740519876834698,1,-1.0,-1.0,0,0,0,0,0,33.4,23.0,80.0,18.4,1011.3,kandi/KAND,217.95597506908584,86.8,88.1,0.9665387587553856
11.104742303457924,2.926671191180169,KAND,kandi,11.123456,2.954658,3692.2716941543017,7079.457844,327.0,100.0,427.0,538.0,10,321.8243408203125,235.73055368859104,1.6316492324855036,311.8243408203125,-0.00025374232349789546,3.6372626361023066,-0.0032283973735442117,3.679171520680776,-0.012577809401147702,0.3632715246990726,1,-1.0,-1.0,0,0,0,0,0,31.4,32.0,75.0,16.2,1012.0,kandi/KAND,277.7596185553782,80.7,83.6,0.3644491110217787
11.13274845431119,2.924188042623678,KAND,kandi,11.123456,2.954658,3483.6396609978683,7079.457844,327.0,100.0,427.0,538.0,10,296.4645080566406,287.26896505347867,2.145926678309875,286.4645080566406,-0.010501672467614846,13.063250778866989,-0.01046231342343215,13.066038824798927,-0.007613106742671607,0.2630473134170232,1,-1.0,-1.0,0,0,3,6,0,33.0,34.0,28.0,16.2,1007.9,kandi/KAND,276.00636025271393,82.4,84.8,0.16504153528152954
11.110183803517845,2.9314047261720186,KAND,kandi,11.123456,2.954658,2934.0096120572944,7079.457844,327.0,100.0,427.0,538.0,10,320.7543640136719,239.81647454008007,2.073874538094172,310.7543640136719,-0.0043215175635047615,3.875279902958062,-0.0033898762406817697,3.956669202347008,0.02192606812744796,0.5063768335210985,1,-1.0,-1.0,0,0,0,0,0,33.4,23.0,80.0,18.4,1011.3,kandi/KAND,333.563772763011,81.5,88.7,0.2904325507950135
11.110573251044386,2.9323815607196453,KAND,kandi,11.123456,2.954658,2820.1050109111693,7079.457844,327.0,100.0,427.0,538.0,10,322.44989013671875,239.488238775762,2.1231613362742583,312.44989013671875,-0.0038671882555917827,3.655519789542952,-0.0043331288738118,3.7349297341478542,-0.027270285637324827,0.7665296843948204,1,-1.0,-1.0,0,0,0,0,0,31.0,43.0,40.0,3.6,1008.2,kandi/KAND,289.5291964551508,90.3,88.6,0.9167180972594611
11.124219694918287,2.923416265532427,KAND,kandi,11.123456,2.954658,3413.945038641314,7079.457844,327.0,100.0,427.0,538.0,10,302.84063720703125,271.43011404094545,2.0828318895357687,292.84063720703125,-0.008913667020741959,11.160905137624992,-0.008589409513432355,11.138165447652863,0.006595512268810069,0.16852865700497094,1,-1.0,-1.0,0,0,0,0,0,31.0,31.0,80.0,11.2,1011.0,kandi/KAND,323.36645280546554,82.0,84.4,0.7914850704087271
11.111878593604573,2.9379689649823884,KAND,kandi,11.123456,2.954658,2228.0070867452905,7079.457844,327.0,100.0,427.0,538.0,10,329.4610595703125,234.74202108121108,2.50672606809662,319.4610595703125,-0.0017174750434027779,3.159135735237594,-0.0021535291479945562,3.1534708452053035,-0.012120362113778758,0.47227117003340013,1,-1.0,-1.0,0,0,0,2,0,33.3,38.0,28.0,15.5,1007.0,kandi/KAND,251.1567510887154,90.0,90.3,0.8437488045296198
11.112388201320629,2.9219064059416713,KAND,kandi,11.123456,2.954658,3781.5723784160664,7079.457844,327.0,100.0,427.0,538.0,10,310.9377136230469,250.9997028052631,1.7579439679915119,300.9377136230469,-0.005876027505228839,8.02462971876813,-0.005755559603373209,8.022196170942596,0.005090671115451389,0.1957846458605114,1,-1.0,-1.0,0,0,0,0,0,36.4,21.0,100.0,14.8,1008.9,kandi/KAND,172.33978820923755,87.9,85.3,0.18184818558245264
11.122918210673912,2.923440014574304,KAND,kandi,11.123456,2.954658,3410.8316915921664,7079.457844,327.0,100.0,427.0,538.0,10,302.367431640625,268.99718893366344,2.0926698202300344,292.367431640625,-0.009052031221445541,10.904923495853197,-0.008623850903989002,10.90054490536717,0.010521618127355815,0.16548769452793424,1,-1.0,-1.0,0,0,0,0,0,31.5,32.0,75.0,15.1,1011.5,kandi/KAND,280.0326934020449,80.5,81.6,0.46178222488956355
11.132579783118858,2.924529985131771,KAND,kandi,11.123456,2.954658,3442.4513492591377,7079.457844,327.0,100.0,427.0,538.0,10,296.9739685058594,287.15505413766175,2.163110592911433,286.9739685058594,-0.010536640554234603,13.045044305050713,-0.010369476652165779,13.043021682904522,-0.0005050348554722844,0.03446153087722365,1,-1.0,-1.0,0,0,3,4,0,33.0,34.0,28.0,16.2,1007.9,kandi/KAND,276.00636025271393,84.8,82.4,0.6816210171430274
11.11184844242392,2.9328926098100987,KAND,kandi,11.123456,2.954658,2702.26462238152,7079.457844,327.0,100.0,427.0,538.0,10,321.85443115234375,241.47787687313593,2.2282642949390143,311.85443115234375,-0.004201812185210623,4.041965809863058,-0.0044254293052283485,4.061222662180463,5.513162317094533e-05,0.40277882911024204,1,-1.0,-1.0,0,0,1,0,0,31.0,43.0,40.0,3.6,1008.2,kandi/KAND,169.22313139762375,90.3,88.7,0.9121789337095073
11.112824751442576,2.9228533838985085,KAND,kandi,11.123456,2.954658,3668.07668773908,7079.457844,327.0,100.0,427.0,538.0,10,310.0433654785156,251.1910866482911,1.8262573530111972,300.0433654785156,-0.006309488601477811,8.050423389553378,-0.006172297943918685,8.056938907944778,0.00475180542740269,0.16207422365845414,1,-1.0,-1.0,0,0,0,0,0,33.2,27.0,75.0,15.8,1010.6,kandi/KAND,172.33978820923755,85.3,87.9,0.14653624219264982
11.135432426289261,2.9249173283342165,KAND,kandi,11.123456,2.954658,3508.579101415162,7079.457844,327.0,100.0,427.0,538.0,10,293.26043701171875,292.3167844513106,2.182936250872092,283.26043701171875,-0.011420073450770752,13.650278546482221,-0.011281622023809524,13.692991545846878,-0.004426405164930556,0.16607641551635174,1,-1.0,-1.0,0,0,0,1,0,30.2,23.0,100.0,18.4,1012.1,kandi/KAND,315.80426612040435,80.0,85.4,0.04310784833161008
11.12680923444559,2.928017131887539,KAND,kandi,11.123456,2.954658,2933.8224476142973,7079.457844,327.0,100.0,427.0,538.0,10,297.04742431640625,277.31247446988635,2.536237429383615,287.04742431640625,-0.012329662509972875,11.86459584075985,-0.012031290690104167,11.960036873499796,0.003029717339409722,0.11840709877482336,1,-1.0,-1.0,0,0,0,0,0,33.0,34.0,28.0,16.2,1007.9,kandi/KAND,366.44460781959253,82.6,81.1,0.6083904559281932
11.121577047551307,2.925374152179676,KAND,kandi,11.123456,2.954658,3205.7759190636916,7079.457844,327.0,100.0,427.0,538.0,10,301.31744384765625,266.2614829870037,2.2451332125720587,291.31744384765625,-0.009960280171148124,10.3773797583754,-0.009516635261865634,10.440119118605786,0.011624684335375066,0.27792279230894945,1,-1.0,-1.0,0,0,0,0,0,31.0,31.0,80.0,11.2,1011.0,kandi/KAND,386.05135929607223,87.2,80.5,0.658014386076385
11.12830208114635,2.9276533145069545,KAND,kandi,11.123456,2.954658,2998.3247439678967,7079.457844,327.0,100.0,427.0,538.0,10,297.4773254394531,280.36692286999784,2.4735451400926336,287.4773254394531,-0.011937433060935079,12.261701296824913,-0.011473151912107925,12.310711702327684,0.011975484185379276,0.32292633709508245,1,-1.0,-1.0,0,0,1,3,0,33.0,34.0,28.0,16.2,1007.9,kandi/KAND,174.81002316812828,82.6,87.2,0.3006166803026997
11.14032150758355,2.9192396070869338,KAND,kandi,11.123456,2.954658,4295.350879156757,7079.457844,327.0,100.0,427.0,538.0,10,301.6152648925781,295.89119477699705,1.6720349221031272,291.6152648925781,-0.0073403040568033855,13.6247426626729,-0.007562895689335458,13.588777032167224,0.005238443374827875,0.6020421124098729,1,-1.0,-1.0,0,0,0,0,0,30.2,29.0,65.0,16.6,1012.8,kandi/KAND,387.1975309838644,82.9,85.2,0.30245924865510243
11.135371779068985,2.9252070473042933,KAND,kandi,11.123456,2.954658,3476.7451111362434,7079.457844,327.0,100.0,427.0,538.0,10,293.4483642578125,292.41175337312654,2.1998117665945314,283.4483642578125,-0.0114659352090646,13.632075708003386,-0.011421035020224181,13.676083830053278,-0.007632257561977479,0.19204503932222525,1,-1.0,-1.0,0,0,0,3,0,30.2,23.0,100.0,18.4,1012.1,kandi/KAND,397.9469977270289,80.0,85.1,0.0846288616219193
11.11360995003412,2.93204661130303,KAND,kandi,11.123456,2.954658,2699.6003137016373,7079.457844,327.0,100.0,427.0,538.0,10,315.7570495605469,246.07168012239225,2.359663238502116,305.7570495605469,-0.006501537905420681,5.156869602807472,-0.0067444026876552895,5.31565549282185,-0.008585483419692742,0.19762664558965226,1,-1.0,-1.0,0,0,0,0,0,31.0,43.0,40.0,3.6,1008.2,kandi/KAND,356.0124926179925,90.3,87.3,0.8486216400647838
11.134389242520408,2.924488308549262,KAND,kandi,11.123456,2.954658,3510.6210423740395,7079.457844,327.0,100.0,427.0,538.0,10,294.5051574707031,290.2739567550758,2.161382243016725,284.5051574707031,-0.011059892007767986,13.467640810366623,-0.010995062444954186,13.497088727870691,-0.004801688680231238,0.22515441379118534,1,-1.0,-1.0,0,0,0,4,0,33.0,34.0,28.0,16.2,1007.9,kandi/KAND,290.56781050227556,82.4,80.0,0.6131271094146132
11.140939301416008,2.9187060578679946,KAND,kandi,11.123456,2.954658,4377.6779366845685,7079.457844,327.0,100.0,427.0,538.0,10,299.8281555175781,296.3674925397984,1.66397835140759,289.8281555175781,-0.007737254697540549,13.563889517821343,-0.008336309484533361,13.522592571902113,-0.06680874294704861,2.5404919393638767,1,-1.0,-1.0,0,0,0,4,0,30.2,23.0,100.0,18.4,1012.1,kandi/KAND,387.1975309838644,85.2,82.9,0.9315535666691951
11.13257288170167,2.9245439761866168,KAND,kandi,11.123456,2.954658,3440.766361658828,7079.457844,327.0,100.0,427.0,538.0,10,296.9739685058594,287.1503352246088,2.1641688890120383,286.9739685058594,-0.010536640554234599,13.042566026170732,-0.010367547535154288,13.040482874417801,-0.0004297992920242527,0.03446153087722365,1,-1.0,-1.0,0,0,3,5,0,33.0,34.0,28.0,16.2,1007.9,kandi/KAND,276.00636025271393,84.8,82.4,0.6753470015171056
11.112355727623997,2.932476719581244,KAND,kandi,11.123456,2.954658,2716.504680598257,7079.457844,327.0,100.0,427.0,538.0,10,319.03912353515625,242.98029328290158,2.2758837805927206,309.03912353515625,-0.005233060396634616,4.542996456663016,-0.004836347026209678,4.597369936554686,0.01432952880859375,0.6370436928651761,1,-1.0,-1.0,0,0,0,0,0,31.0,43.0,40.0,3.6,1008.2,kandi/KAND,259.74237178418406,88.7,87.3,0.25520758446511604
11.112823991263248,2.92285173489412,KAND,kandi,11.123456,2.954658,3668.274285123368,7079.457844,327.0,100.0,427.0,538.0,10,310.0433654785156,251.19074308259675,1.8261590453872836,300.0433654785156,-0.006309488601477811,8.050423389553378,-0.006172542650056796,8.056938907944778,0.004741690907027394,0.16207422365845414,1,-1.0,-1.0,0,0,0,0,0,33.2,27.0,75.0,15.8,1010.6,kandi/KAND,172.33978820923755,85.3,87.9,0.14770574885112464
11.103090511442394,2.925235581323997,KAND,kandi,11.123456,2.954658,3925.0947584898026,7079.457844,327.0,100.0,427.0,538.0,10,321.0487976074219,234.8035562901918,1.5462258461151999,311.0487976074219,-0.00312380763801742,3.735609259877436,-0.0030480712278743733,3.8222861544038995,0.0012759738498263889,0.057723042568155226,1,-1.0,-1.0,0,0,0,0,0,31.5,29.0,60.0,14.8,1011.4,kandi/KAND,185.52613185200588,82.2,83.6,0.6093022066625169
11.111459984935435,2.9326135911615028,KAND,kandi,11.123456,2.954658,2749.602318748721,7079.457844,327.0,100.0,427.0,538.0,10,322.1728210449219,240.99015242340022,2.183314834818259,312.1728210449219,-0.0040407816569010425,3.941473375081585,-0.004326148066960329,4.01555109939138,-0.010628763834635416,0.5367207790875012,1,-1.0,-1.0,0,0,0,0,0,33.4,23.0,80.0,18.4,1011.3,kandi/KAND,165.92922165772438,88.6,88.7,0.7338021118229885
11.139334359301246,2.926261023843147,KAND,kandi,11.123456,2.954658,3564.780642875361,7079.457844,327.0,100.0,427.0,538.0,10,291.6261901855469,299.68059548948463,2.1747825212241056,281.6261901855469,-0.011700834776003475,14.07165082749424,-0.01170920092784217,14.123249433208038,-0.011790350508905055,0.2970846491324034,1,-1.0,-1.0,0,0,1,3,0,34.2,16.0,100.0,18.4,1010.2,kandi/KAND,285.4340773278742,83.4,83.8,0.37904195923062
11.13871366424549,2.9324909731130746,KAND,kandi,11.123456,2.954658,2951.632534074293,7079.457844,327.0,100.0,427.0,538.0,10,292.59063720703125,305.05184081007536,2.6072936350623963,282.59063720703125,-0.013715401081123738,13.585863072433504,-0.013387527717615512,13.680158624038974,0.0004147847493489584,0.07757445807880825,1,-1.0,-1.0,0,0,0,0,0,34.2,16.0,100.0,18.4,1010.2,kandi/KAND,278.04558367284955,85.3,76.8,0.7044245282035426
11.113222678399028,2.9325950716727287,KAND,kandi,11.123456,2.954658,2662.8152197383733,7079.457844,327.0,100.0,427.0,538.0,10,316.6274719238281,244.70219894903326,2.3735263715549366,306.6274719238281,-0.006344201676964791,4.759308863786686,-0.005672585880877258,4.904852421098794,0.006399375740994004,0.3797746286088084,1,-1.0,-1.0,0,0,0,0,0,31.0,43.0,40.0,3.6,1008.2,kandi/KAND,356.0124926179925,90.3,87.3,0.6392856210958537
11.136111569543768,2.928392473252397,KAND,kandi,11.123456,2.954658,3192.5264598325016,7079.457844,327.0,100.0,427.0,538.0,10,293.9728088378906,296.1566988329582,2.3860381836213613,283.9728088378906,-0.012210397970903902,13.695039747233851,-0.012037140732511466,13.745603180502673,-0.00018768310546875004,0.03821901595490216,1,-1.0,-1.0,0,0,2,10,0,25.1,38.0,70.0,13.7,1012.7,kandi/KAND,371.0522637042291,85.1,83.4,0.02293895633593679
11.131835891617113,2.9260380560853094,KAND,kandi,11.123456,2.954658,3260.9695453294466,7079.457844,327.0,100.0,427.0,538.0,10,297.7160949707031,286.618349793021,2.2703507933252594,287.7160949707031,-0.01088529078214798,13.001482027459602,-0.010777598887950449,13.002718870040374,-0.002808295355902778,0.13356796040643357,1,-1.0,-1.0,0,0,2,4,0,33.0,34.0,28.0,16.2,1007.9,kandi/KAND,276.00636025271393,82.4,84.8,0.9946439844436502
11.123697208786247,2.922426760732665,KAND,kandi,11.123456,2.954658,3521.0991101529976,7079.457844,327.0,100.0,427.0,538.0,10,303.6345520019531,270.440094456804,2.006597722490316,293.6345520019531,-0.00829900828979337,11.03765941383036,-0.008237531105334579,11.022040970237201,0.007321883559575683,0.23816925525615787,1,-1.0,-1.0,0,0,0,0,0,31.0,31.0,80.0,11.2,1011.0,kandi/KAND,340.76806176995353,82.0,81.6,0.9721471624108381
11.110188033074177,2.9338487386172942,KAND,kandi,11.123456,2.954658,2705.889801100329,7079.457844,327.0,100.0,427.0,538.0,10,325.7911682128906,236.9865273261802,2.1420447318652647,315.7911682128906,-0.002759783957904075,3.1369024484541086,-0.0026969025030425422,3.157724792564747,-0.013995022029068521,0.8149865046476895,1,-1.0,-1.0,0,0,0,0,0,30.3,45.0,32.0,11.2,1007.8,kandi/KAND,309.17405911533984,82.3,88.6,0.4047444179825549
11.128583995665537,2.9200125865287583,KAND,kandi,11.123456,2.954658,3826.9667894698073,7079.457844,327.0,100.0,427.0,538.0,10,303.3796691894531,278.5816691144283,1.8501496345249728,293.3796691894531,-0.007847730802629183,11.548305127488668,-0.007578164125100161,11.489409233360378,0.0033131917317708332,0.14697947945709072,1,-1.0,-1.0,0,0,0,8,0,25.9,36.0,63.0,14.4,1011.3,kandi/KAND,376.9557385158805,74.6,82.1,0.3097574190434762
11.114752180525784,2.930586772894212,KAND,kandi,11.123456,2.954658,2800.3326809795444,7079.457844,327.0,100.0,427.0,538.0,10,311.68743896484375,249.77330655070125,2.358002885818732,301.68743896484375,-0.007822975381232682,6.2596425274883405,-0.007600986116422293,6.329250263819847,-0.007826393035664321,0.2529898207479306,0,-1.0,2603.9165610711593,0,4,0,2,0,35.5,22.0,100.0,11.2,1009.7,kandi/KAND,392.9995717554643,89.2,87.3,0.6133719615317215
11.141160336173463,2.906291093485232,KAND,kandi,11.123456,2.954658,5634.796097535269,7079.457844,327.0,100.0,427.0,538.0,10,298.61175537109375,290.4632969651698,1.305252550017374,288.61175537109375,-0.006154897703346631,12.38577950237381,-0.00646930513105644,12.340195589596542,-0.024015735557185693,0.4965846782283697,1,-1.0,-1.0,0,0,0,4,0,26.0,22.0,47.0,14.0,1010.5,kandi/KAND,359.64685178650427,83.3,78.5,0.024740318800365202
11.13857980778804,2.9057926821610423,KAND,kandi,11.123456,2.954658,5594.008183320153,7079.457844,327.0,100.0,427.0,538.0,10,296.8369140625,287.51174530461,1.3329351239812732,286.8369140625,-0.006504182594557709,11.8024382347432,-0.006584089437279541,11.780129118485446,-0.0132080078125,0.594470111194643,1,-1.0,-1.0,0,0,0,0,0,28.4,37.0,100.0,3.6,1009.9,kandi/KAND,130.8482388112753,78.5,83.6,0.4910594631928359
11.132326549071855,2.9250433596088743,KAND,kandi,11.123456,2.954658,3380.6393811405837,7079.457844,327.0,100.0,427.0,538.0,10,297.3659362792969,286.9788220305413,2.1959891616173874,287.3659362792969,-0.01060750505565542,13.018125328058964,-0.010777414428830012,13.015174027622212,-0.013584862675463048,0.1720750770913205,1,-1.0,-1.0,0,0,1,2,0,33.0,34.0,28.0,16.2,1007.9,kandi/KAND,276.00636025271393,82.4,84.8,0.5485917528583197
11.13297199276893,2.912033549213524,KAND,kandi,11.123456,2.954658,4773.7939638852995,7079.457844,327.0,100.0,427.0,538.0,10,302.365966796875,282.82239757213574,1.4955363189488653,292.365966796875,-0.006449877421061198,11.359624913829483,-0.006461550631631728,11.335051139624976,-0.0024922688802083335,0.11888984469726589,0,-1.0,4553.759372363532,0,3,0,0,0,30.7,25.0,24.0,16.6,1009.0,kandi/KAND,115.49335305553211,83.5,81.6,0.8479710757188089
11.108025539321181,2.931243347397311,KAND,kandi,11.123456,2.954658,3075.1134145229007,7079.457844,327.0,100.0,427.0,538.0,10,324.40509033203125,236.11662093714753,1.9108484736785938,314.40509033203125,-0.00275156574240349,3.2571552039762808,-0.0016349048261903288,3.311298341764329,0.0326429829316445,0.19397006304299402,1,-1.0,-1.0,0,0,0,0,0,33.4,23.0,80.0,18.4,1011.3,kandi/KAND,209.350490283057,81.5,88.1,0.8142405525136996
11.140002617248628,2.9147471829988816,KAND,kandi,11.123456,2.954658,4728.422097608939,7079.457844,327.0,100.0,427.0,538.0,10,299.1900939941406,292.9098295225649,1.548335865155088,289.1900939941406,-0.0072015367982759745,13.04754339569764,-0.00936346800678935,13.045975035992262,-0.1921725398516521,6.4041234507845894,0,-1.0,4586.285160807067,0,6,0,5,0,30.4,39.0,60.0,7.6,1009.9,kandi/KAND,295.05963126131167,82.2,78.5,0.5909625006658848
11.121955455515478,2.92479800746479,KAND,kandi,11.123456,2.954658,3266.188752082119,7079.457844,327.0,100.0,427.0,538.0,10,301.3194274902344,267.0710569871089,2.2036128417902474,291.3194274902344,-0.009787752577288804,10.564726556769921,-0.009395676211635642,10.611886354072954,0.00798165714430776,0.19891316497821504,1,-1.0,-1.0,0,0,0,0,0,31.5,32.0,75.0,15.1,1011.5,kandi/KAND,386.05135929607223,80.5,87.2,0.14379341754039832
11.116742698678847,2.9294705657661995,KAND,kandi,11.123456,2.954658,2849.9984945130705,7079.457844,327.0,100.0,427.0,538.0,10,308.42181396484375,254.8056483422667,2.382497154613092,298.42181396484375,-0.008746774897461094,7.5370540655661085,-0.008646811528919081,7.681440290881535,-0.009833670967168409,0.4822974799951495,1,-1.0,-1.0,0,0,1,7,0,35.5,22.0,100.0,11.2,1009.7,kandi/KAND,323.68254725880485,89.2,88.4,0.28962729248691044
11.118808010605118,2.9256578586393065,KAND,kandi,11.123456,2.954658,3209.502019768713,7079.457844,327.0,100.0,427.0,538.0,10,302.9622497558594,260.7259141298698,2.2132107939219234,292.9622497558594,-0.009461210573785569,9.56418808188834,-0.009301733196318192,9.666414606807075,-0.0018908563716096775,0.07133372872044653,1,-1.0,-1.0,0,0,1,0,0,33.2,27.0,75.0,15.8,1010.6,kandi/KAND,371.3793249965359,78.9,87.2,0.33553604590013897
11.12244516838762,2.924245749638494,KAND,kandi,11.123456,2.954658,3324.1765649382546,7079.457844,327.0,100.0,427.0,538.0,10,301.6587829589844,268.06284085224445,2.15936851740066,291.6587829589844,-0.009509488125821133,10.784367114150404,-0.00914389461191003,10.798339675748423,0.0074310302734375,0.274476413647307,1,-1.0,-1.0,0,0,0,0,0,31.5,32.0,75.0,15.1,1011.5,kandi/KAND,306.15079813714885,80.5,84.4,0.09195230240166996
11.141074001555577,2.9179717338415396,KAND,kandi,11.123456,2.954658,4456.278612661656,7079.457844,327.0,100.0,427.0,538.0,10,294.5788269042969,296.08268086862864,1.702079912674673,284.5788269042969,-0.009040426440697824,13.50143150728731,-0.008595818189069399,13.479617730437848,-0.02594884236653646,1.2394292719421554,0,-1.0,4295.531087555624,0,3,0,0,0,26.8,36.0,58.0,15.8,1010.5,kandi/KAND,97.98854677976553,85.5,82.9,0.3428793653857819
11.1378953919134,2.9333306483103714,KAND,kandi,11.123456,2.954658,2824.712914236957,7079.457844,327.0,100.0,427.0,538.0,10,292.0972900390625,304.6083513003282,2.7342557430447627,282.0972900390625,-0.014465995922423246,13.38252935899242,-0.014295482635498047,13.454821819315548,3.017849392361113e-05,0.02435754910893811,1,-1.0,-1.0,0,0,0,3,0,33.4,16.0,49.0,20.9,1010.0,kandi/KAND,384.65784393401856,76.8,83.2,0.13900577614235754
11.118792819453573,2.9256414980429657,KAND,kandi,11.123456,2.954658,3211.5357731560075,7079.457844,327.0,100.0,427.0,538.0,10,302.9622497558594,260.70128143115187,2.2118106372974884,292.9622497558594,-0.009371336006823883,9.611205244385216,-0.00930193258884948,9.661765145801578,-0.001898100966913019,0.07133372872044653,1,-1.0,-1.0,0,0,1,0,0,33.2,27.0,75.0,15.8,1010.6,kandi/KAND,371.3793249965359,78.9,87.2,0.32886318938920067
11.109632706727767,2.931029442096519,KAND,kandi,11.123456,2.954658,3000.184190116815,7079.457844,327.0,100.0,427.0,538.0,10,322.30377197265625,239.19839365104656,1.9986168836106137,312.30377197265625,-0.0036711015427159,3.8211756243065023,-0.003935883837593637,3.899092869006669,-0.008722055143982266,0.6386367707273043,1,-1.0,-1.0,0,0,0,0,0,33.4,23.0,80.0,18.4,1011.3,kandi/KAND,182.88071112067146,81.5,88.6,0.13194271802874158
11.110490013043334,2.932410136153858,KAND,kandi,11.123456,2.954658,2822.0801601129883,7079.457844,327.0,100.0,427.0,538.0,10,322.40203857421875,239.29429374428275,2.1226468953632547,312.40203857421875,-0.0038327508223684205,3.6759031359279657,-0.004095749589801293,3.722852327730635,-0.019674148548988628,0.6430413007994995,1,-1.0,-1.0,0,0,0,0,0,31.0,43.0,40.0,3.6,1008.2,kandi/KAND,336.60591917685895,88.7,86.1,0.4566906363419655
11.139067112534356,2.906057068482102,KAND,kandi,11.123456,2.954658,5582.887919528985,7079.457844,327.0,100.0,427.0,538.0,10,297.201904296875,288.1315216256326,1.3318453933554646,287.201904296875,-0.006439121946719029,11.94953411422218,-0.006625518202012054,11.936873714935619,-0.018345502964109556,0.5211651264970719,1,-1.0,-1.0,0,0,0,0,0,26.0,22.0,47.0,14.0,1010.5,kandi/KAND,359.64685178650427,83.3,78.5,0.6748097719388648
11.133029218483085,2.922069502476999,KAND,kandi,11.123456,2.954658,3714.128288318699,7079.457844,327.0,100.0,427.0,538.0,10,296.57720947265625,286.670313061154,2.0111330728660093,286.57720947265625,-0.009890658742342321,12.966475763426617,-0.009539128594710752,12.952470855937893,0.006127432355481684,0.13935759304000725,1,-1.0,-1.0,0,0,0,1,0,33.0,34.0,28.0,16.2,1007.9,kandi/KAND,274.61005170973647,82.4,86.0,0.7087034506075959
11.133864808508216,2.9293893404211415,KAND,kandi,11.123456,2.954658,2990.8488535947868,7079.457844,327.0,100.0,427.0,538.0,10,294.8526611328125,292.77606792516116,2.529905008953498,284.8526611328125,-0.012785844670044687,13.28597871721485,-0.012471008300781251,13.351285801490874,0.005891587999131945,0.22418923578336122,1,-1.0,-1.0,0,0,2,11,0,25.1,38.0,70.0,13.7,1012.7,kandi/KAND,183.82149629455927,84.5,84.2,0.9314893647298444
11.10822891401837,2.932042507887835,KAND,kandi,11.123456,2.954658,2990.1531341122086,7079.457844,327.0,100.0,427.0,538.0,10,324.7787780761719,235.54518553932635,1.9579480843429582,314.7787780761719,-0.002913669072798909,3.083869470358867,-0.002775384242238562,3.1314998762680886,-0.0031097412109375006,0.13083886761606583,1,-1.0,-1.0,0,0,0,0,0,33.4,23.0,80.0,18.4,1011.3,kandi/KAND,330.0848336780301,86.8,86.1,0.7751214205754003
11.108242355335552,2.9320415285930084,KAND,kandi,11.123456,2.954658,2989.404235615541,7079.457844,327.0,100.0,427.0,538.0,10,324.7787780761719,235.5699436553325,1.9584382029627998,314.7787780761719,-0.0029209071878646574,3.0739045497023207,-0.0027753842422385626,3.121323133732468,-0.007152048746744792,0.3413876708494452,1,-1.0,-1.0,0,0,0,0,0,31.0,43.0,40.0,3.6,1008.2,kandi/KAND,330.0848336780301,86.1,86.8,0.22034659050088878
11.137185387177777,2.927979466470086,KAND,kandi,11.123456,2.954658,3286.305388387331,7079.457844,327.0,100.0,427.0,538.0,10,293.35748291015625,297.67905884078687,2.328735291338189,283.35748291015625,-0.012162220686671782,13.82760458394836,-0.011891646612258184,13.874342575595604,-0.0008117675781249999,0.06657196125432668,1,-1.0,-1.0,0,0,4,4,0,34.2,16.0,100.0,18.4,1010.2,kandi/KAND,371.0522637042291,83.4,85.1,0.6328887250713026
11.11360533229857,2.932053151014996,KAND,kandi,11.123456,2.954658,2699.1528110705826,7079.457844,327.0,100.0,427.0,538.0,10,315.7570495605469,246.05557026058761,2.36005401356256,305.7570495605469,-0.006499840070249745,5.159018986923642,-0.006750135630098284,5.3182365109623,-0.008761293654611216,0.19762664558965226,1,-1.0,-1.0,0,0,0,0,0,31.0,43.0,40.0,3.6,1008.2,kandi/KAND,356.0124926179925,90.3,87.3,0.8461255667954671
11.117512705534828,2.930176106931911,KAND,kandi,11.123456,2.954658,2754.090167065849,7079.457844,327.0,100.0,427.0,538.0,10,308.80767822265625,256.1059635373898,2.457351819206176,298.80767822265625,-0.008931296115930448,7.682286801162386,-0.009113395040781357,7.803141204955829,-0.01796881609552416,0.3686304259574152,1,-1.0,-1.0,0,0,2,4,0,35.5,22.0,100.0,11.2,1009.7,kandi/KAND,323.68254725880485,88.4,89.2,0.352229983801416
11.11119420314115,2.933181036544229,KAND,kandi,11.123456,2.954658,2710.0695485041374,7079.457844,327.0,100.0,427.0,538.0,10,322.7874450683594,239.80923319745403,2.2021571775706312,312.7874450683594,-0.00386004884601076,3.645264397353552,-0.0038707144053856703,3.6598374921780055,-0.0028364977330425137,0.26855395869676363,1,-1.0,-1.0,0,0,0,0,0,31.0,43.0,40.0,3.6,1008.2,kandi/KAND,289.5291964551508,90.3,88.6,0.5286230367821854
11.140910453038469,2.9187309723758683,KAND,kandi,11.123456,2.954658,4373.827052445044,7079.457844,327.0,100.0,427.0,538.0,10,299.8281555175781,296.34565156278376,1.6654425567273732,289.8281555175781,-0.007852234127206068,13.564923881380803,-0.008336309484533361,13.523683525216692,-0.06680874294704861,2.5404919393638767,1,-1.0,-1.0,0,0,0,3,0,30.2,29.0,65.0,16.6,1012.8,kandi/KAND,387.1975309838644,82.9,85.2,0.07937384906492373
11.102739498251054,2.925100576250405,KAND,kandi,11.123456,2.954658,3959.5271877795863,7079.457844,327.0,100.0,427.0,538.0,10,321.5545959472656,234.46524536385596,1.5254722884289529,311.5545959472656,-0.00296589366861994,3.722299174141301,-0.002732628180842881,3.801178808914133,0.012634990734851316,0.27952360448795244,0,-1.0,3507.236507011176,0,1,0,0,0,31.4,32.0,75.0,16.2,1012.0,kandi/KAND,185.52613185200588,83.6,82.2,0.6157062493241937
11.124115859789923,2.9220820764621376,KAND,kandi,11.123456,2.954658,3559.3978738156775,7079.457844,327.0,100.0,427.0,538.0,10,304.00885009765625,271.1857828618818,1.9790064136552563,294.00885009765625,-0.00815895450265733,11.064299798438517,-0.007362407672171919,11.020812753021222,0.025968045602346293,0.49776468832228,1,-1.0,-1.0,0,0,0,0,0,31.5,32.0,75.0,15.1,1011.5,kandi/KAND,346.276348393292,81.6,82.1,0.15214419629700093
11.111432366218038,2.9324326377053676,KAND,kandi,11.123456,2.954658,2768.399036106651,7079.457844,327.0,100.0,427.0,538.0,10,321.41986083984375,241.13272745488365,2.18406595168294,311.41986083984375,-0.004267210601478494,4.024523512815854,-0.004260474291784005,4.055123588760113,-0.009577556997600245,0.40051547581138564,1,-1.0,-1.0,0,0,0,0,0,33.4,23.0,80.0,18.4,1011.3,kandi/KAND,333.563772763011,81.5,88.7,0.8286061284647249
11.126375585668525,2.931095812145438,KAND,kandi,11.123456,2.954658,2594.144690955969,7079.457844,327.0,100.0,427.0,538.0,10,299.1214599609375,277.1996453728006,2.8221149341793152,289.1214599609375,-0.013313948663918442,11.14340824801524,-0.012857775741748597,11.279343064078725,-0.011841074625651041,0.5399446479395096,1,-1.0,-1.0,0,0,3,1,0,35.3,21.0,79.0,20.2,1008.9,kandi/KAND,193.7196474289899,83.3,79.8,0.5409318759756844
11.12324674904996,2.9229912838338903,KAND,kandi,11.123456,2.954658,3459.4086006077773,7079.457844,327.0,100.0,427.0,538.0,10,302.8849182128906,269.61720622554304,2.054750487935637,292.8849182128906,-0.008747258679620151,10.956054021339309,-0.008605366006942231,10.948760913309597,0.004795320998350147,0.14717389801518788,1,-1.0,-1.0,0,0,0,0,0,31.5,32.0,75.0,15.1,1011.5,kandi/KAND,280.0326934020449,81.6,80.5,0.31777193199432985
11.127922306652577,2.9284785174685095,KAND,kandi,11.123456,2.954658,2902.2320409245235,7079.457844,327.0,100.0,427.0,538.0,10,296.66729736328125,279.8659949177895,2.571296790839066,286.66729736328125,-0.01259727871295103,12.089590237590473,-0.012083635929721896,12.179886701371814,0.008552026037927481,0.1662758265942679,1,-1.0,-1.0,0,0,0,7,0,33.0,34.0,28.0,16.2,1007.9,kandi/KAND,386.7215149173957,82.6,83.3,0.36786370996599305
11.111651921672351,2.93261339241129,KAND,kandi,11.123456,2.954658,2739.437750352396,7079.457844,327.0,100.0,427.0,538.0,10,322.1728210449219,241.38064364890977,2.1914080489589947,312.1728210449219,-0.004028067110098171,4.005748826072552,-0.0045736183111073515,4.053616321224783,-0.014327198026272336,0.5816734002644198,1,-1.0,-1.0,0,0,0,0,0,31.0,43.0,40.0,3.6,1008.2,kandi/KAND,333.563772763011,88.7,81.5,0.07675789984813997
11.12225693108293,2.9244175402974166,KAND,kandi,11.123456,2.954658,3306.191392312578,7079.457844,327.0,100.0,427.0,538.0,10,301.6587829589844,267.6888408819566,2.1711039391331517,291.6587829589844,-0.009509488125821133,10.697612710317161,-0.009311203729538692,10.708226743359615,0.007140774197048612,0.27212044118176504,1,-1.0,-1.0,0,0,0,0,0,31.5,32.0,75.0,15.1,1011.5,kandi/KAND,125.68023710985162,80.5,82.0,0.04080467110502306
11.12360361694962,2.9227598985090175,KAND,kandi,11.123456,2.954658,3484.6442674392406,7079.457844,327.0,100.0,427.0,538.0,10,303.4854736328125,270.27330305496105,2.030020578552484,293.4854736328125,-0.00796941277361323,10.974454458965461,-0.008374971746336465,10.962323418348248,0.004661728715279582,0.15974095244826192,1,-1.0,-1.0,0,0,0,0,0,31.5,32.0,75.0,15.1,1011.5,kandi/KAND,340.76806176995353,81.6,82.0,0.14056845708351162
11.110333688081193,2.932054533107981,KAND,kandi,11.123456,2.954658,2864.3295528922768,7079.457844,327.0,100.0,427.0,538.0,10,321.8601379394531,239.39167045657868,2.1021907101864348,311.8601379394531,-0.003980986277262369,3.7224480739188874,-0.0040564919815582485,3.802254768026427,-0.008356221516927083,0.3733844575760114,1,-1.0,-1.0,0,0,0,0,0,33.4,23.0,80.0,18.4,1011.3,kandi/KAND,182.88071112067146,88.6,81.5,0.11431389119069035
11.114146790419483,2.9313333302001885,KAND,kandi,11.123456,2.954658,2748.2780987051187,7079.457844,327.0,100.0,427.0,538.0,10,313.8138427734375,247.86825365561685,2.358358955177726,303.8138427734375,-0.006984363741017102,5.613694570056983,-0.00774195432334727,5.779174169687833,-0.022459455651395233,0.4234657138314191,1,-1.0,-1.0,0,0,0,0,0,35.5,22.0,100.0,11.2,1009.7,kandi/KAND,392.9995717554643,89.2,87.3,0.884847345523181
11.112923133515626,2.9330192919940874,KAND,kandi,11.123456,2.954658,2635.422694977854,7079.457844,327.0,100.0,427.0,538.0,10,318.01898193359375,243.61741391240258,2.3679680808873225,308.01898193359375,-0.005847068623929369,4.5172015093081805,-0.0054049945840828765,4.647160880860738,0.0016756426207428625,0.3680006528288642,1,-1.0,-1.0,0,0,0,0,0,28.3,38.0,34.0,17.3,1009.3,kandi/KAND,356.0124926179925,87.3,90.3,0.5226305320944371
11.141151008978191,2.9176786477128482,KAND,kandi,11.123456,2.954658,4488.800246925682,7079.457844,327.0,100.0,427.0,538.0,10,294.3863220214844,296.0014519827696,1.6922104382622634,284.3863220214844,-0.008685803599467551,13.486670570234825,-0.008646767599540844,13.469882058170837,-0.018660481770833334,0.8236607572389016,0,-1.0,4308.888413381566,0,3,0,0,0,30.2,29.0,65.0,16.6,1012.8,kandi/KAND,312.10744640271304,82.9,82.2,0.3100897819046674
11.138266665452319,2.9275635902106467,KAND,kandi,11.123456,2.954658,3382.93165729045,7079.457844,327.0,100.0,427.0,538.0,10,292.9273986816406,299.1253062469957,2.2695628623014423,282.9273986816406,-0.011916808181807707,13.928334932753847,-0.011776830700860507,13.9761671079749,-0.0025787353515625,0.09593682650931962,1,-1.0,-1.0,0,0,0,5,0,34.2,16.0,100.0,18.4,1010.2,kandi/KAND,371.0522637042291,83.4,85.1,0.28632517553876746
11.133832701324632,2.918101154938542,KAND,kandi,11.123456,2.954658,4155.150216267693,7079.457844,327.0,100.0,427.0,538.0,10,299.8443908691406,286.13820047985126,1.7528143176538067,289.8443908691406,-0.008029013800678208,12.641229411131812,-0.007778490576056441,12.582483208872072,0.0096038818359375,0.42764977615747085,1,-1.0,-1.0,0,0,0,0,0,30.0,38.0,28.0,18.0,1008.6,kandi/KAND,208.75379014506763,87.5,85.4,0.04422530729006069
11.123551112782662,2.924363423557896,KAND,kandi,11.123456,2.954658,3309.4510675300053,7079.457844,327.0,100.0,427.0,538.0,10,301.62237548828125,270.1862514567678,2.1695969443603222,291.62237548828125,-0.009520421300206456,11.015105735018663,-0.009196678052109431,11.012822519984319,0.011257708081490908,0.3788464691991922,1,-1.0,-1.0,0,0,0,2,0,31.5,32.0,75.0,15.1,1011.5,kandi/KAND,323.36645280546554,84.4,82.0,0.6064804865109061
11.10936885766537,2.9311129026608933,KAND,kandi,11.123456,2.954658,3007.362650413886,7079.457844,327.0,100.0,427.0,538.0,10,322.45245361328125,238.62972633672956,1.9910208820743458,312.45245361328125,-0.00358842402794967,3.7065161775458333,-0.0036346533001439182,3.733101493121703,-0.007756204283886275,0.24250238515799866,1,-1.0,-1.0,0,0,0,0,0,31.0,43.0,40.0,3.6,1008.2,kandi/KAND,144.11587076282325,86.1,81.5,0.7701729054228955
11.138506071555865,2.9208074836562985,KAND,kandi,11.123456,2.954658,4055.2653139620097,7079.457844,327.0,100.0,427.0,538.0,10,297.3453674316406,294.3798757161229,1.8312324876491053,287.3453674316406,-0.00808405577822798,13.781117179940932,-0.008580220748317251,13.751993490502485,0.012554277884137167,0.4267695016018468,1,-1.0,-1.0,0,0,0,0,0,30.2,29.0,65.0,16.6,1012.8,kandi/KAND,387.1975309838644,82.9,85.2,0.9901244106571218
11.132366464170698,2.924962440817588,KAND,kandi,11.123456,2.954658,3390.380139908577,7079.457844,327.0,100.0,427.0,538.0,10,297.39617919921875,287.0070266894401,2.1891757630053075,287.39617919921875,-0.010598284427051683,13.023254543012197,-0.010598912873723502,13.020354653027459,-0.006742303063046763,0.1720750770913205,1,-1.0,-1.0,0,0,1,4,0,33.0,34.0,28.0,16.2,1007.9,kandi/KAND,276.00636025271393,82.4,84.8,0.5123052993667911
11.107831340551094,2.931294805534171,KAND,kandi,11.123456,2.954658,3082.4327973732543,7079.457844,327.0,100.0,427.0,538.0,10,324.40509033203125,235.72553825375928,1.9063144251731619,314.40509033203125,-0.0028868246232807435,3.187735782825869,-0.0029657272365883705,3.2216872948256543,-0.004686141214620733,0.3748158969067651,1,-1.0,-1.0,0,0,0,0,0,31.0,43.0,40.0,3.6,1008.2,kandi/KAND,209.350490283057,88.1,81.5,0.0792396075822136
11.109268796820356,2.9312992837525376,KAND,kandi,11.123456,2.954658,2995.7502235540046,7079.457844,327.0,100.0,427.0,538.0,10,323.0829772949219,238.24575028393315,1.9866878115350732,313.0829772949219,-0.0034497081835078015,3.6170443322778514,-0.0037941135218136747,3.6733694171617213,-0.02054106525381774,0.48661459534340645,1,-1.0,-1.0,0,0,0,0,0,33.4,23.0,80.0,18.4,1011.3,kandi/KAND,144.11587076282325,81.5,86.1,0.3927597352404705
11.12953740316648,2.9197567942724074,KAND,kandi,11.123456,2.954658,3871.522354097957,7079.457844,327.0,100.0,427.0,538.0,10,302.2245178222656,280.07321214474285,1.845949504126325,292.2245178222656,-0.008036329395368273,11.83822497452998,-0.007668140464769717,11.781387191736854,0.014420697317902893,0.4084998029032737,1,-1.0,-1.0,0,0,0,5,0,34.3,13.0,100.0,18.4,1008.8,kandi/KAND,376.9557385158805,82.1,74.6,0.9809155995368751
11.1270404154482,2.929521108847906,KAND,kandi,11.123456,2.954658,2774.460231381833,7079.457844,327.0,100.0,427.0,538.0,10,297.5479431152344,278.27115201660155,2.67139571984588,287.5479431152344,-0.012823453513524864,11.649413935144185,-0.012721386290433111,11.786612745307949,-0.00685272216796875,0.32839816847910774,1,-1.0,-1.0,0,0,2,4,0,35.3,21.0,79.0,20.2,1008.9,kandi/KAND,386.7215149173957,83.3,82.6,0.24018464364432723
11.123439447153533,2.922728089123629,KAND,kandi,11.123456,2.954658,3488.0823809849576,7079.457844,327.0,100.0,427.0,538.0,10,303.30169677734375,269.9728085174622,2.031036271779079,293.30169677734375,-0.008297666040539046,10.985597313398378,-0.00842724134885741,10.974476525447695,0.004990909288691822,0.18170099559427913,1,-1.0,-1.0,0,0,0,0,0,31.5,32.0,75.0,15.1,1011.5,kandi/KAND,280.0326934020449,81.6,80.5,0.18847350293241028
11.118294819340626,2.92510516089953,KAND,kandi,11.123456,2.954658,3278.524738577409,7079.457844,327.0,100.0,427.0,538.0,10,303.30255126953125,259.91076692806087,2.160722332332815,293.30255126953125,-0.009097826408617423,9.578565274698159,-0.009035603758230478,9.624928166911479,0.0011498511581459034,0.060259615872599835,1,-1.0,-1.0,0,0,2,0,0,31.0,31.0,80.0,11.2,1011.0,kandi/KAND,371.3793249965359,87.2,78.9,0.8898880544601204
11.131487353898867,2.9262113106644945,KAND,kandi,11.123456,2.954658,3232.020909298106,7079.457844,327.0,100.0,427.0,538.0,10,297.9040222167969,286.0553584341707,2.2873381821325283,287.9040222167969,-0.0109325173460407,12.95384193313405,-0.010659309156013255,12.946029913379995,0.0027292887369791668,0.10282985801791322,1,-1.0,-1.0,0,0,3,7,0,33.0,34.0,28.0,16.2,1007.9,kandi/KAND,377.8714555243443,82.6,84.8,0.8887512658658043
11.107055903293436,2.9316480246957743,KAND,kandi,11.123456,2.954658,3099.964203039306,7079.457844,327.0,100.0,427.0,538.0,10,327.8412170410156,234.00890787809942,1.8320996321268384,317.8412170410156,-0.00175774403107472,2.912566221722615,-0.0021434275838429534,2.923195653675876,-0.0017231853780797432,0.623991618815284,1,-1.0,-1.0,0,0,0,3,0,31.0,43.0,40.0,3.6,1008.2,kandi/KAND,217.95597506908584,88.1,86.8,0.35914506625457965
11.125606692074646,2.9282633426750224,KAND,kandi,11.123456,2.954658,2893.187598339881,7079.457844,327.0,100.0,427.0,538.0,10,297.8869934082031,274.74963633322614,2.5552181113164205,287.8869934082031,-0.012178139178613618,11.281198513248832,-0.012002727881023783,11.410794702473657,-0.0050018310546875,0.24633443778938535,1,-1.0,-1.0,0,0,2,6,0,35.7,22.0,60.0,14.8,1008.1,kandi/KAND,276.13132473513264,81.0,81.1,0.9604304452156436
11.132970525373029,2.923105016632999,KAND,kandi,11.123456,2.954658,3603.9471058405643,7079.457844,327.0,100.0,427.0,538.0,10,296.6774597167969,287.0862600326702,2.0709736363989713,286.6774597167969,-0.010095845372223656,13.020331699594303,-0.010113285163008943,13.021885937021207,-0.0019738733217386905,0.14376635156380657,1,-1.0,-1.0,0,0,1,6,0,30.0,38.0,28.0,18.0,1008.6,kandi/KAND,274.61005170973647,86.0,82.4,0.7105330497972182
11.127057013779222,2.927287837483772,KAND,kandi,11.123456,2.954658,3016.364662323272,7079.457844,327.0,100.0,427.0,538.0,10,297.4242858886719,277.63970351847973,2.459775492955134,287.4242858886719,-0.01184854538920689,12.033356411799161,-0.011413890258394012,12.08575916383963,0.007090504964192709,0.338859525588426,1,-1.0,-1.0,0,0,0,3,0,35.7,22.0,60.0,14.8,1008.1,kandi/KAND,213.30780787394355,81.0,87.2,0.6096418831200349
11.139313516447723,2.9263756595375288,KAND,kandi,11.123456,2.954658,3552.750051702184,7079.457844,327.0,100.0,427.0,538.0,10,291.6261901855469,299.74795527718265,2.1821398270691454,281.6261901855469,-0.01179855832174446,14.057541565803303,-0.011571206337164255,14.107852926416086,-0.004668426513671875,0.250549312986497,1,-1.0,-1.0,0,0,1,4,0,32.0,21.0,67.0,18.4,1011.9,kandi/KAND,285.4340773278742,83.8,83.4,0.6662685919084961
11.123773113875782,2.922380191584373,KAND,kandi,11.123456,2.954658,3526.259332205076,7079.457844,327.0,100.0,427.0,538.0,10,303.6345520019531,270.5767754034455,2.0036637228043137,293.6345520019531,-0.008344280621233305,11.048309117908037,-0.007598982860521244,11.013760788994903,0.022588477237748105,0.3429735335448748,1,-1.0,-1.0,0,0,0,0,0,31.5,32.0,75.0,15.1,1011.5,kandi/KAND,113.91424559135775,81.6,84.4,0.062116172724136276
11.135129712458747,2.9248274313361486,KAND,kandi,11.123456,2.954658,3505.202603733022,7079.457844,327.0,100.0,427.0,538.0,10,293.3634338378906,291.746688783163,2.1833558633305636,283.3634338378906,-0.011402016761539034,13.618800358522085,-0.011253980070645864,13.660624933997589,-0.004909734317042983,0.19110165294071024,1,-1.0,-1.0,0,0,0,2,0,33.0,34.0,28.0,16.2,1007.9,kandi/KAND,290.56781050227556,82.4,80.0,0.9242489322461642
11.108940727092065,2.9310008440202497,KAND,kandi,11.123456,2.954658,3042.5646964717093,7079.457844,327.0,100.0,427.0,538.0,10,322.7239990234375,237.98455096337005,1.9628957025322222,312.7239990234375,-0.003464503070108252,3.596732162120353,-0.003385181916065705,3.640291183806078,-0.004916636149088542,0.23579971777711609,1,-1.0,-1.0,0,0,0,0,0,33.4,23.0,80.0,18.4,1011.3,kandi/KAND,209.350490283057,81.5,88.1,0.3122515090503587
11.137378631099033,2.9068064106206046,KAND,kandi,11.123456,2.954658,5449.417360012302,7079.457844,327.0,100.0,427.0,538.0,10,299.3578796386719,286.52139782421045,1.3417980811993842,289.3578796386719,-0.006221153622581846,11.658372456073842,-0.006278195588485055,11.619565674781017,-0.006925455729166667,0.3509210549023144,1,-1.0,-1.0,0,0,0,1,0,28.4,37.0,100.0,3.6,1009.9,kandi/KAND,212.6801711490994,81.9,78.5,0.4373957009061169
11.11074590797894,2.9318674932067994,KAND,kandi,11.123456,2.954658,2859.267153703754,7079.457844,327.0,100.0,427.0,538.0,10,321.42486572265625,240.3901371702642,2.1146197692978093,311.42486572265625,-0.004132122463650174,3.9344762179223256,-0.0044579973987456025,3.9903712355760734,-0.01248230217749667,0.4678750875278083,1,-1.0,-1.0,0,0,0,0,0,33.4,23.0,80.0,18.4,1011.3,kandi/KAND,333.563772763011,81.5,88.7,0.5327189564393864
11.110412554360753,2.935733875168268,KAND,kandi,11.123456,2.954658,2521.0393278869233,7079.457844,327.0,100.0,427.0,538.0,10,331.7012939453125,234.91646111424393,2.1648274344517024,321.7012939453125,-0.000636895871629902,3.0072564126030255,-0.0009763106128990838,2.9926411590359474,-0.003701004062829291,0.3732658371345846,1,-1.0,-1.0,0,0,0,8,0,30.3,45.0,32.0,11.2,1007.8,kandi/KAND,367.7244494531442,82.3,90.3,0.26157962954462943
11.132746940697773,2.9241911111308783,KAND,kandi,11.123456,2.954658,3483.269987569905,7079.457844,327.0,100.0,427.0,538.0,10,296.4645080566406,287.26795482788026,2.146154208847795,286.4645080566406,-0.010501672467614846,13.063250778866989,-0.010462686941311757,13.066038824798927,-0.00762779844593615,0.2630473134170232,1,-1.0,-1.0,0,0,3,6,0,33.0,34.0,28.0,16.2,1007.9,kandi/KAND,276.00636025271393,82.4,84.8,0.16641754747899662
11.137240707227363,2.907188902939321,KAND,kandi,11.123456,2.954658,5405.027743618152,7079.457844,327.0,100.0,427.0,538.0,10,299.50079345703125,286.49123447256875,1.3512996158688313,289.50079345703125,-0.0062292053335059865,11.686626090982424,-0.006249890555297273,11.665549121931715,-0.0038514603981039254,0.12180544728532777,1,-1.0,-1.0,0,0,0,0,0,28.4,37.0,100.0,3.6,1009.9,kandi/KAND,325.21295177169327,83.6,81.9,0.841795075717962
11.12437495431123,2.921910210807066,KAND,kandi,11.123456,2.954658,3578.866604820612,7079.457844,327.0,100.0,427.0,538.0,10,304.349609375,271.64130745470743,1.962800317216137,294.349609375,-0.007791875962751884,11.107021444614755,-0.007864944181134908,11.083329185987084,0.010445447432940633,0.3401009683086815,1,-1.0,-1.0,0,0,0,0,0,34.3,13.0,100.0,18.4,1008.8,kandi/KAND,346.276348393292,82.1,81.6,0.7481911850028885
11.110550031672412,2.9322535377121053,KAND,kandi,11.123456,2.954658,2833.4759404294027,7079.457844,327.0,100.0,427.0,538.0,10,321.8601379394531,239.5866504218488,2.125060511522932,311.8601379394531,-0.0043188744479728605,3.758014539259674,-0.004160185613992697,3.8384037355081944,-0.010255432128906249,0.5504592994801246,1,-1.0,-1.0,0,0,0,0,0,31.0,43.0,40.0,3.6,1008.2,kandi/KAND,165.92922165772438,88.7,88.6,0.9208405234446541
11.109009595253282,2.9309825955665465,KAND,kandi,11.123456,2.954658,3040.2470080759304,7079.457844,327.0,100.0,427.0,538.0,10,322.7239990234375,238.1267295225055,1.9643909158075923,312.7239990234375,-0.0034645030701082515,3.6255229097023407,-0.0034122287202957417,3.656002092312017,-0.0033487291407440743,0.3029665014726764,1,-1.0,-1.0,0,0,0,0,0,33.4,23.0,80.0,18.4,1011.3,kandi/KAND,209.350490283057,81.5,88.1,0.2744766791484725
11.128855011812911,2.927450562620545,KAND,kandi,11.123456,2.954658,3031.570164336792,7079.457844,327.0,100.0,427.0,538.0,10,297.85687255859375,281.43590966527165,2.4392920913565392,287.85687255859375,-0.011591014986723856,12.354899226589072,-0.011394799488647855,12.369350797078857,0.006751844618055555,0.24926174987850255,1,-1.0,-1.0,0,0,4,9,0,33.0,34.0,28.0,16.2,1007.9,kandi/KAND,377.8714555243443,84.8,82.6,0.9659052555482174
11.141180851020305,2.916184456063592,KAND,kandi,11.123456,2.954658,4637.629233059517,7079.457844,327.0,100.0,427.0,538.0,10,293.3288269042969,295.15551386211706,1.650988861108171,283.3288269042969,-0.00860140892767137,13.367926846569768,-0.008611185839221734,13.362947575805164,-0.008098347981770834,0.37354681577748644,0,-1.0,4395.989232940183,0,4,0,0,0,26.8,36.0,58.0,15.8,1010.5,kandi/KAND,215.05945643006783,85.5,82.2,0.7697118841491962
11.135481227804911,2.9257333008153936,KAND,kandi,11.123456,2.954658,3428.296828152453,7079.457844,327.0,100.0,427.0,538.0,10,293.762939453125,292.9657014302315,2.2256186292202176,283.762939453125,-0.011467373612998188,13.61792567927345,-0.01144630169046336,13.641692427161363,-0.00789794921875,0.2905569954975323,1,-1.0,-1.0,0,0,0,3,0,25.1,38.0,70.0,13.7,1012.7,kandi/KAND,397.9469977270289,85.1,80.0,0.7654413631357764
11.139215092135922,2.9247974245353676,KAND,kandi,11.123456,2.954658,3698.5108683443123,7079.457844,327.0,100.0,427.0,538.0,10,291.0522766113281,298.2775664358649,2.1050973951502017,281.0522766113281,-0.011363737044795867,14.202412928696303,-0.011041159258420159,14.214377936632104,0.009313066380930844,0.3231708653751691,1,-1.0,-1.0,0,0,0,0,0,30.2,23.0,100.0,18.4,1012.1,kandi/KAND,168.81490751722686,85.4,83.8,0.7245524734166608
11.105195162754253,2.927193083905817,KAND,kandi,11.123456,2.954658,3616.9867747620374,7079.457844,327.0,100.0,427.0,538.0,10,322.9868469238281,235.88158464955802,1.6471922950051467,312.9868469238281,-0.003063051010462599,3.5609165632305535,-0.002974115800728319,3.621740424543823,-0.019257609049479166,0.8954947322776253,1,-1.0,-1.0,0,0,0,1,0,31.4,32.0,75.0,16.2,1012.0,kandi/KAND,277.7596185553782,80.7,83.6,0.08831539374772479
11.1260463810161,2.920979613521698,KAND,kandi,11.123456,2.954658,3690.2134971147893,7079.457844,327.0,100.0,427.0,538.0,10,305.4545593261719,274.4853962168483,1.8864827394965504,295.4545593261719,-0.0075494352990762405,11.253789427403463,-0.0071980532005950565,11.187672496674683,0.013152473521212881,0.3477356339049997,1,-1.0,-1.0,0,0,0,1,0,31.5,32.0,75.0,15.1,1011.5,kandi/KAND,320.7976815689198,84.4,82.1,0.8436462949140535
11.12758200740897,2.927899782698943,KAND,kandi,11.123456,2.954658,2958.5117748800826,7079.457844,327.0,100.0,427.0,538.0,10,297.0682678222656,278.93352813934627,2.514696465715457,287.0682678222656,-0.012207781345354588,12.088790560395736,-0.011841706631600661,12.158306614723438,0.004937744140625,0.2287927324933037,1,-1.0,-1.0,0,0,0,4,0,35.7,22.0,60.0,14.8,1008.1,kandi/KAND,174.81002316812828,87.2,82.6,0.2161123550139341
11.12139362678579,2.9256534193057897,KAND,kandi,11.123456,2.954658,3176.7265042814643,7079.457844,327.0,100.0,427.0,538.0,10,301.1597595214844,265.85803521902767,2.268481982647887,291.1597595214844,-0.01010598280569811,10.253741987319714,-0.009575144442846809,10.330582400373043,0.01447109671550094,0.30916846783845925,1,-1.0,-1.0,0,0,0,0,0,31.5,32.0,75.0,15.1,1011.5,kandi/KAND,386.05135929607223,80.5,87.2,0.4380527367696695
11.136893808971879,2.9250048054666267,KAND,kandi,11.123456,2.954658,3564.0583760618188,7079.457844,327.0,100.0,427.0,538.0,10,292.32421875,294.7928367671111,2.164017404187479,282.32421875,-0.011514862824881756,13.847229012369864,-0.01131060471547865,13.893009567547434,-0.004276190863715278,0.16017646251314271,1,-1.0,-1.0,0,0,1,5,0,30.2,23.0,100.0,18.4,1012.1,kandi/KAND,315.80426612040435,80.0,85.4,0.5576792154500211
11.135339331883364,2.9250510341241145,KAND,kandi,11.123456,2.954658,3491.1688834241636,7079.457844,327.0,100.0,427.0,538.0,10,293.4483642578125,292.250480692569,2.1907321129588753,283.4483642578125,-0.01136097269520121,13.641699195849904,-0.011377719809091176,13.66586864769755,-0.00788775443970435,0.26022622261369743,1,-1.0,-1.0,0,0,0,1,0,25.1,38.0,70.0,13.7,1012.7,kandi/KAND,397.9469977270289,85.1,80.0,0.9598193378591109
11.126740661704074,2.926162354139497,KAND,kandi,11.123456,2.954658,3134.0313254851408,7079.457844,327.0,100.0,427.0,538.0,10,299.1886291503906,276.70294609583175,2.335329683501851,289.1886291503906,-0.010837063259548611,12.039038136090035,-0.010089548651674454,12.017483855106809,0.020890045166015628,0.9953882128350433,1,-1.0,-1.0,0,0,0,3,0,35.7,22.0,60.0,14.8,1008.1,kandi/KAND,213.30780787394355,81.0,87.2,0.0012725078361930375
11.14548204372494,2.9204554362546364,KAND,kandi,11.123456,2.954658,4460.430337396571,7079.457844,327.0,100.0,427.0,538.0,10,290.9994812011719,303.2818997500295,1.7464329134539713,280.9994812011719,-0.009449212354537587,14.37533196639577,-0.009346132931067192,14.362898802980839,0.0014706081814236114,0.05926132337203698,1,-1.0,-1.0,0,0,0,0,0,30.2,29.0,65.0,16.6,1012.8,kandi/KAND,357.0009189063783,81.4,81.8,0.09872267191259965
11.117237188616857,2.929923656546608,KAND,kandi,11.123456,2.954658,2788.2424840840476,7079.457844,327.0,100.0,427.0,538.0,10,308.65704345703125,255.6304043790781,2.4303785470978094,298.65704345703125,-0.008861111475557622,7.627297872887609,-0.009016810289021416,7.754305881732781,-0.01712581811501849,0.40129403476768627,1,-1.0,-1.0,0,0,1,4,0,35.5,22.0,100.0,11.2,1009.7,kandi/KAND,323.68254725880485,89.2,88.4,0.5196226124911889
11.117097101372448,2.9253899295079293,KAND,kandi,11.123456,2.954658,3273.789096639299,7079.457844,327.0,100.0,427.0,538.0,10,304.83319091796875,257.517751198121,2.137094353940277,294.83319091796875,-0.008633996212121213,9.030465074815936,-0.00840334937361407,9.068966300525908,0.003372541275237772,0.1594185563584282,1,-1.0,-1.0,0,0,0,0,0,33.2,27.0,75.0,15.8,1010.6,kandi/KAND,161.15480094289197,85.9,78.9,0.24402741852557308
11.110243711844305,2.9354050695603804,KAND,kandi,11.123456,2.954658,2561.1898582446024,7079.457844,327.0,100.0,427.0,538.0,10,331.22418212890625,235.03402441516585,2.141580546537526,321.22418212890625,-0.0009569330375142151,2.9847048552133386,-0.0011317628802675185,2.9511042249654764,-0.01136474609375,0.5639274887330221,1,-1.0,-1.0,0,0,0,12,0,30.3,45.0,32.0,11.2,1007.8,kandi/KAND,367.7244494531442,90.3,82.3,0.8499933626127426
11.137162872841348,2.9070978735301094,KAND,kandi,11.123456,2.954658,5412.15093104861,7079.457844,327.0,100.0,427.0,538.0,10,299.50079345703125,286.3734595170578,1.349521764767163,289.50079345703125,-0.00626923585515537,11.658017894382105,-0.006243063178069163,11.637195709208155,-0.0034372661795986337,0.1480136878804889,1,-1.0,-1.0,0,0,0,0,0,28.4,37.0,100.0,3.6,1009.9,kandi/KAND,212.6801711490994,78.5,81.9,0.751865928642407
11.135787293984183,2.9272049340883326,KAND,kandi,11.123456,2.954658,3294.5941351839097,7079.457844,327.0,100.0,427.0,538.0,10,294.3751525878906,294.60033528325897,2.305213655103079,284.3751525878906,-0.011822045689568428,13.645976610776513,-0.01161806924002511,13.683678584433613,-0.0033667670355902782,0.12386251390054286,1,-1.0,-1.0,0,0,5,9,0,30.2,23.0,100.0,18.4,1012.1,kandi/KAND,397.9469977270289,80.0,85.1,0.6538273755932815
11.105256174967339,2.9272633967611403,KAND,kandi,11.123456,2.954658,3606.845854229183,7079.457844,327.0,100.0,427.0,538.0,10,322.9868469238281,235.90241504290827,1.6518209388679095,312.9868469238281,-0.0038996099131131294,3.5578402596969765,-0.003030082882357272,3.589000539180849,-0.026961434785306868,0.8706318985459539,1,-1.0,-1.0,0,0,0,0,0,31.4,32.0,75.0,16.2,1012.0,kandi/KAND,277.7596185553782,83.6,80.7,0.9488871752063313
11.109421416419648,2.9310150026481905,KAND,kandi,11.123456,2.954658,3013.515750583342,7079.457844,327.0,100.0,427.0,538.0,10,322.45245361328125,238.83023830832244,1.9869588090609929,312.45245361328125,-0.003517926200096497,3.7950649937213883,-0.003957310154985842,3.8906836224753745,-0.015034230550130208,0.7183273514687923,1,-1.0,-1.0,0,0,0,0,0,31.0,43.0,40.0,3.6,1008.2,kandi/KAND,144.11587076282325,86.1,81.5,0.8557561985019401
11.14004280013148,2.906166151567495,KAND,kandi,11.123456,2.954658,5605.938639593065,7079.457844,327.0,100.0,427.0,538.0,10,297.5262145996094,289.223858968983,1.3230581608782401,287.5262145996094,-0.006393552267165498,12.193910814157153,-0.006401635225487765,12.15519706095211,-0.008404880099826388,0.3266648314837103,1,-1.0,-1.0,0,0,0,0,0,28.4,37.0,100.0,3.6,1009.9,kandi/KAND,359.64685178650427,78.5,83.3,0.6281987985964711
11.109005994783645,2.9322856197592677,KAND,kandi,11.123456,2.954658,2920.32475335461,7079.457844,327.0,100.0,427.0,538.0,10,324.2109680175781,236.64781854336962,2.015853690119007,314.2109680175781,-0.003518933142560101,3.2054846631494622,-0.0032002615387003073,3.236422414111108,-0.005015572508880976,0.3270156989612648,1,-1.0,-1.0,0,0,0,0,0,31.0,43.0,40.0,3.6,1008.2,kandi/KAND,352.26948019734937,86.1,82.3,0.09824735878818747
11.120005151062555,2.9269471573292893,KAND,kandi,11.123456,2.954658,3051.172504844476,7079.457844,327.0,100.0,427.0,538.0,10,303.0071716308594,262.7696970950272,2.3270919251829194,293.0071716308594,-0.009956341034406601,9.530856072312556,-0.009714351556239984,9.636821946100788,-0.0031656901041666667,0.12479105147900267,1,-1.0,-1.0,0,0,1,8,0,31.0,31.0,80.0,11.2,1011.0,kandi/KAND,371.3793249965359,87.2,78.9,0.13860872371214172
11.127908879215921,2.9269392528106146,KAND,kandi,11.123456,2.954658,3067.8233877630255,7079.457844,327.0,100.0,427.0,538.0,10,298.23406982421875,279.3007605324338,2.4034683344381045,288.23406982421875,-0.01083834856856388,12.235834433058026,-0.011081339024627155,12.248994622217742,0.010765058886710054,0.3769244868142312,1,-1.0,-1.0,0,0,1,8,0,35.7,22.0,60.0,14.8,1008.1,kandi/KAND,268.144848356337,81.0,82.6,0.5815319482196653
11.139100757987501,2.905655590003289,KAND,kandi,11.123456,2.954658,5625.754122215423,7079.457844,327.0,100.0,427.0,538.0,10,296.2069091796875,288.02891408130915,1.331828974438698,286.2069091796875,-0.006686181987402759,11.900024047817269,-0.0065930282860471486,11.875644962615612,-0.012139892578124999,0.5638253577334784,1,-1.0,-1.0,0,0,0,0,0,28.4,37.0,100.0,3.6,1009.9,kandi/KAND,130.8482388112753,83.6,78.5,0.051966677630350566
11.128664699471706,2.927529196825121,KAND,kandi,11.123456,2.954658,3019.06170804924,7079.457844,327.0,100.0,427.0,538.0,10,297.86395263671875,281.0741683104725,2.4492520654301253,287.86395263671875,-0.011623491721619498,12.315245799623817,-0.011386098522198625,12.352587072760649,0.00857696533203125,0.3962510819751276,1,-1.0,-1.0,0,0,3,9,0,35.7,22.0,60.0,14.8,1008.1,kandi/KAND,174.81002316812828,87.2,82.6,0.9427513232926086
11.11236877127954,2.9218642576986924,KAND,kandi,11.123456,2.954658,3786.624807003389,7079.457844,327.0,100.0,427.0,538.0,10,310.9377136230469,250.9914516151044,1.7555998423254675,300.9377136230469,-0.005876027505228839,8.02462971876813,-0.005665883141613134,8.02001704754472,0.008916866817214637,0.284059469100594,1,-1.0,-1.0,0,0,0,0,0,33.2,27.0,75.0,15.8,1010.6,kandi/KAND,172.33978820923755,85.3,87.9,0.8480441853244874
11.106450379901318,2.931950261303914,KAND,kandi,11.123456,2.954658,3113.260464529742,7079.457844,327.0,100.0,427.0,538.0,10,328.5238037109375,232.65106605086459,1.8117307764186166,318.5238037109375,-0.0015809596113455704,2.8824330504983133,-0.0016332662330483493,2.8885043654082656,-0.008372667100694444,0.37808682996824067,1,-1.0,-1.0,0,0,0,0,0,33.4,23.0,80.0,18.4,1011.3,kandi/KAND,217.95597506908584,86.8,88.1,0.2961959780435087
11.10906029083289,2.9320169232423208,KAND,kandi,11.123456,2.954658,2941.679346412548,7079.457844,327.0,100.0,427.0,538.0,10,324.0216979980469,237.0597508308487,2.004913857356684,314.0216979980469,-0.003132552329940026,3.3213040888048924,-0.0033296306642072227,3.349497895094028,-0.003741120339025464,0.20841068373841568,1,-1.0,-1.0,0,0,0,0,0,33.4,23.0,80.0,18.4,1011.3,kandi/KAND,173.06789013672005,88.6,86.1,0.893522260589424
11.129920923029667,2.9269487537685013,KAND,kandi,11.123456,2.954658,3110.3019890318405,7079.457844,327.0,100.0,427.0,538.0,10,298.2577209472656,283.3782109949532,2.370246005899439,288.2577209472656,-0.01121896636833143,12.598646491284258,-0.010941281108736245,12.607597637372121,0.0042968749999999995,0.16998063142437336,1,-1.0,-1.0,0,0,2,10,0,33.0,34.0,28.0,16.2,1007.9,kandi/KAND,377.8714555243443,84.8,82.6,0.6198301851731175
11.112922214165653,2.9321714768330702,KAND,kandi,11.123456,2.954658,2718.850652839397,7079.457844,327.0,100.0,427.0,538.0,10,316.8483581542969,244.4819343315176,2.320015083763399,306.8483581542969,-0.0060355385581215655,4.87812241863674,-0.0059661827442073385,4.994226062747473,0.00043547198168460534,0.12229224667771721,1,-1.0,-1.0,0,0,0,0,0,31.0,43.0,40.0,3.6,1008.2,kandi/KAND,259.74237178418406,88.7,87.3,0.5302010512882179
11.112852389400201,2.938133683586475,KAND,kandi,11.123456,2.954658,2152.7711414500704,7079.457844,327.0,100.0,427.0,538.0,10,326.90478515625,236.81805629059696,2.6621064314012353,316.90478515625,-0.0031178233432929813,3.285039683849493,-0.002841378976632883,3.2772001476094714,-0.008194986979166667,0.33878006316688253,1,-1.0,-1.0,0,0,2,0,0,30.3,45.0,32.0,11.2,1007.8,kandi/KAND,251.1567510887154,90.3,90.0,0.5927387133558143
11.122281478619692,2.9243478808612173,KAND,kandi,11.123456,2.954658,3313.687309848998,7079.457844,327.0,100.0,427.0,538.0,10,301.6587829589844,267.74137581022967,2.1661973522623117,291.6587829589844,-0.009509488125821133,10.707817158794766,-0.008141939200177079,10.728366356717114,0.03605950266986735,0.3264128468715616,1,-1.0,-1.0,0,0,0,0,0,31.5,32.0,75.0,15.1,1011.5,kandi/KAND,306.15079813714885,84.4,80.5,0.9780005898747506
11.126382235314908,2.931045795240042,KAND,kandi,11.123456,2.954658,2599.657638182333,7079.457844,327.0,100.0,427.0,538.0,10,299.1214599609375,277.2007506799222,2.816139878482969,289.1214599609375,-0.013204087246366562,11.14340824801524,-0.01279257893371252,11.278558539839056,-0.01039044564684835,0.5325112911463384,1,-1.0,-1.0,0,0,2,3,0,35.3,21.0,79.0,20.2,1008.9,kandi/KAND,193.7196474289899,83.3,79.8,0.5120203699665111
11.126495600878734,2.9301930890425685,KAND,kandi,11.123456,2.954658,2693.6444672676434,7079.457844,327.0,100.0,427.0,538.0,10,298.79669189453125,277.21890137296697,2.7249214199889344,288.79669189453125,-0.01281868802578831,11.329511587602617,-0.013028570949695426,11.464877882489414,-0.01864989812138888,0.42997453995166546,1,-1.0,-1.0,0,0,0,7,0,35.3,21.0,79.0,20.2,1008.9,kandi/KAND,193.7196474289899,83.3,79.8,0.01912661420143158
11.12121741106985,2.9259217163899764,KAND,kandi,11.123456,2.954658,3148.9672646611593,7079.457844,327.0,100.0,427.0,538.0,10,301.07427978515625,265.4634487151838,2.290011101430475,291.07427978515625,-0.010236277624240694,10.151451904107345,-0.009810825867203294,10.24114842385778,0.009343307199089395,0.25172395319418156,1,-1.0,-1.0,0,0,0,0,0,31.0,31.0,80.0,11.2,1011.0,kandi/KAND,386.05135929607223,87.2,80.5,0.46965380461772877
11.145566408565628,2.9199464271865607,KAND,kandi,11.123456,2.954658,4512.1587089670775,7079.457844,327.0,100.0,427.0,538.0,10,290.9591064453125,302.99479200362737,1.7269358289239847,280.9591064453125,-0.009364222933752485,14.31114091340249,-0.009240337031079794,14.299664498438649,-0.001314544677734375,0.058437426893423114,1,-1.0,-1.0,0,0,0,0,0,30.2,29.0,65.0,16.6,1012.8,kandi/KAND,169.91341088926387,81.4,75.9,0.15998137906800403
11.141059181687424,2.917785426927617,KAND,kandi,11.123456,2.954658,4473.876392118206,7079.457844,327.0,100.0,427.0,538.0,10,294.5788269042969,295.9493022677349,1.6953887775357153,284.5788269042969,-0.008610344780815972,13.486037369639117,-0.008573885920861992,13.475647444821186,-0.018330008667761955,0.7223032388775241,0,-1.0,4312.494077372459,0,3,0,0,0,30.2,29.0,65.0,16.6,1012.8,kandi/KAND,97.98854677976553,82.9,85.5,0.868833036798987
11.127027289287371,2.9280565421425258,KAND,kandi,11.123456,2.954658,2932.7022986428706,7079.457844,327.0,100.0,427.0,538.0,10,297.00677490234375,277.79356120959017,2.5379974874125524,287.00677490234375,-0.012336848362117231,11.92027841016555,-0.012039927164713544,12.012670158220239,0.0035725911458333332,0.13713260643842834,1,-1.0,-1.0,0,0,0,3,0,35.3,21.0,79.0,20.2,1008.9,kandi/KAND,192.4369964429442,81.1,87.2,0.8631113455123712
11.109486721322316,2.9308561683057093,KAND,kandi,11.123456,2.954658,3024.7040595997646,7079.457844,327.0,100.0,427.0,538.0,10,320.7805480957031,239.11773517333492,2.011246804225575,310.7805480957031,-0.004279375128161543,3.860032017102055,-0.003957310154985841,3.9289174704321868,-0.013405354817708333,0.5826694608042412,1,-1.0,-1.0,0,0,0,0,0,33.4,23.0,80.0,18.4,1011.3,kandi/KAND,209.350490283057,81.5,88.1,0.012768572216467877
11.11098389109764,2.932910259788209,KAND,kandi,11.123456,2.954658,2747.328035669704,7079.457844,327.0,100.0,427.0,538.0,10,323.37518310546875,239.6976320209111,2.1600811334416026,313.37518310546875,-0.0036051432291666664,3.6557039969662664,-0.0038565561281028366,3.716392053576274,-0.0028129577636718745,0.34032962913158027,1,-1.0,-1.0,0,0,0,0,0,31.0,43.0,40.0,3.6,1008.2,kandi/KAND,289.5291964551508,90.3,88.6,0.6600680639762798
11.122707938323536,2.9250462170570497,KAND,kandi,11.123456,2.954658,3235.907559579938,7079.457844,327.0,100.0,427.0,538.0,10,301.0428466796875,268.52804876537846,2.2291031583779577,291.0428466796875,-0.009963744363667051,10.802610494277488,-0.009665157433712119,10.839156578119045,0.004305691189236111,0.15827564870120223,1,-1.0,-1.0,0,0,0,0,0,31.0,31.0,80.0,11.2,1011.0,kandi/KAND,125.68023710985162,82.0,80.5,0.27585102494615654
11.103635723805125,2.925445278386586,KAND,kandi,11.123456,2.954658,3871.888843449423,7079.457844,327.0,100.0,427.0,538.0,10,321.1620788574219,235.34098826582238,1.5657878516460373,311.1620788574219,-0.003118794759114583,3.7787318014998448,-0.0031310569239026715,3.822689989773271,-0.0049991183810763895,0.18371381663500314,1,-1.0,-1.0,0,0,0,0,0,31.5,29.0,60.0,14.8,1011.4,kandi/KAND,185.52613185200588,82.2,83.6,0.9587973109773327
11.123040838041797,2.924763095803606,KAND,kandi,11.123456,2.954658,3266.0991374598157,7079.457844,327.0,100.0,427.0,538.0,10,301.22802734375,269.19201583524534,2.205274265745291,291.22802734375,-0.009815703692421636,10.907712260854128,-0.009526268211570946,10.932744661571455,0.004165310329861112,0.15425015901216538,1,-1.0,-1.0,0,0,0,0,0,31.0,31.0,80.0,11.2,1011.0,kandi/KAND,340.76806176995353,82.0,81.6,0.18165904139799538
11.137851831861571,2.9334292807134426,KAND,kandi,11.123456,2.954658,2813.102629424936,7079.457844,327.0,100.0,427.0,538.0,10,292.0972900390625,304.651582795145,2.7455233782948976,282.0972900390625,-0.01462692752691455,13.298405597770135,-0.014295482635498047,13.449710558930901,3.017849392361113e-05,0.02435754910893811,1,-1.0,-1.0,0,0,0,5,0,33.4,16.0,49.0,20.9,1010.0,kandi/KAND,384.65784393401856,76.8,83.2,0.170120098877789
11.119869454057381,2.926801014101134,KAND,kandi,11.123456,2.954658,3068.9177667557533,7079.457844,327.0,100.0,427.0,538.0,10,303.16973876953125,262.52745585107414,2.310620613723267,293.16973876953125,-0.009759106682342233,9.563160140170249,-0.00972979129579436,9.618945694425172,-0.0050735472559405425,0.17705455327316108,1,-1.0,-1.0,0,0,1,10,0,33.2,27.0,75.0,15.8,1010.6,kandi/KAND,371.3793249965359,78.9,87.2,0.8017850876610843
11.141215161461272,2.9157949316455585,KAND,kandi,11.123456,2.954658,4677.817534860497,7079.457844,327.0,100.0,427.0,538.0,10,293.2054443359375,294.9765972945455,1.6383225566433923,283.2054443359375,-0.008572635487613514,13.336922153562343,-0.00877862547676718,13.33869259843751,-0.016563896420501996,0.4797650270395415,0,-1.0,4415.334787413415,0,2,0,0,0,26.8,36.0,58.0,15.8,1010.5,kandi/KAND,215.05945643006783,85.5,82.2,0.9715380074827598
11.107028661096896,2.9321299547846498,KAND,kandi,11.123456,2.954658,3059.21656441171,7079.457844,327.0,100.0,427.0,538.0,10,328.1184997558594,233.38483193167144,1.8512977937653576,318.1184997558594,-0.001726210296324484,2.862100482564546,-0.0018903144660921641,2.8590466862313817,-0.019358483956472803,0.4919201499324625,1,-1.0,-1.0,0,0,0,2,0,33.4,23.0,80.0,18.4,1011.3,kandi/KAND,330.0848336780301,86.8,86.1,0.3704339280857142
11.132812502599823,2.912677889496712,KAND,kandi,11.123456,2.954658,4701.250087418886,7079.457844,327.0,100.0,427.0,538.0,10,302.6878356933594,282.80164619884147,1.5146828805174786,292.6878356933594,-0.006560724394459584,11.432829579774392,-0.0064958040569313424,11.3800166331429,-0.009196980794270834,0.33933530994615024,0,-1.0,4550.508601649944,0,4,0,0,0,27.9,27.0,25.0,15.8,1009.5,kandi/KAND,115.49335305553211,81.6,83.5,0.7899896007047752
11.126422226893384,2.93001024540109,KAND,kandi,11.123456,2.954658,2712.470059883043,7079.457844,327.0,100.0,427.0,538.0,10,298.330322265625,276.9947510131135,2.715866754365473,288.330322265625,-0.013097962798222526,11.377561228975004,-0.012687524501568102,11.511791691168934,-0.009315236409505209,0.4528201271320404,1,-1.0,-1.0,0,0,2,6,0,35.3,21.0,79.0,20.2,1008.9,kandi/KAND,226.3883029222813,83.3,81.1,0.08273734746397987
11.139664008696066,2.906123802214467,KAND,kandi,11.123456,2.954658,5596.75075652706,7079.457844,327.0,100.0,427.0,538.0,10,297.1885070800781,288.8008718988692,1.3286847489723403,287.1885070800781,-0.006507124043386519,12.11416614266818,-0.00645378422274581,12.078826326131791,-0.009923807779947917,0.4624676598860119,1,-1.0,-1.0,0,0,0,0,0,26.0,22.0,47.0,14.0,1010.5,kandi/KAND,359.64685178650427,83.3,78.5,0.4894382931472566
11.139703295290643,2.9318577968519586,KAND,kandi,11.123456,2.954658,3071.379001109958,7079.457844,327.0,100.0,427.0,538.0,10,291.3379821777344,305.9915232232894,2.529095922290778,281.3379821777344,-0.01382555915470441,13.677058317454648,-0.013357059539310517,13.780803340565624,-0.0018814086914062502,0.1950505917207313,1,-1.0,-1.0,0,0,0,1,0,33.4,16.0,49.0,20.9,1010.0,kandi/KAND,278.04558367284955,76.8,85.3,0.76459492447519
11.110284631229266,2.9332204850217565,KAND,kandi,11.123456,2.954658,2758.1415134700915,7079.457844,327.0,100.0,427.0,538.0,10,324.4277038574219,237.94905136835385,2.129786514708829,314.4277038574219,-0.003208751061244908,3.354394227627711,-0.0038752800548520756,3.409203718192766,-0.018348591675295598,0.49570080399251687,1,-1.0,-1.0,0,0,0,0,0,30.3,45.0,32.0,11.2,1007.8,kandi/KAND,309.17405911533984,82.3,88.6,0.6329513179235802
11.138875649087971,2.9323873335219135,KAND,kandi,11.123456,2.954658,2971.176968402354,7079.457844,327.0,100.0,427.0,538.0,10,292.28143310546875,305.2108429168934,2.5961167090957065,282.28143310546875,-0.013819508606206603,13.568600000187212,-0.01360884087985275,13.668683824808104,-0.0019634768309106467,0.20568077514447944,1,-1.0,-1.0,0,0,0,1,0,34.2,16.0,100.0,18.4,1010.2,kandi/KAND,278.04558367284955,85.3,76.8,0.6276544606767587
11.124320768136654,2.9232730784730743,KAND,kandi,11.123456,2.954658,3429.8752767595392,7079.457844,327.0,100.0,427.0,538.0,10,303.08978271484375,271.61153898681687,2.06901000806441,293.08978271484375,-0.00858143398248839,11.181713559332945,-0.008644741476178875,11.168999608568463,0.004456009709277955,0.16852865700497094,1,-1.0,-1.0,0,0,0,0,0,31.0,31.0,80.0,11.2,1011.0,kandi/KAND,323.36645280546554,82.0,84.4,0.8516477003888567
11.122352707291364,2.9243034390404308,KAND,kandi,11.123456,2.954658,3318.2389732282954,7079.457844,327.0,100.0,427.0,538.0,10,301.6587829589844,267.88150899572855,2.1632287814169624,291.6587829589844,-0.009509488125821133,10.759955339679776,-0.00885928758732092,10.778180707010241,0.015794410733053814,0.3264128468715616,1,-1.0,-1.0,0,0,0,0,0,31.5,32.0,75.0,15.1,1011.5,kandi/KAND,306.15079813714885,80.5,84.4,0.05243901340364454
11.135065698521803,2.924798114028893,KAND,kandi,11.123456,2.954658,3505.580324424862,7079.457844,327.0,100.0,427.0,538.0,10,293.3634338378906,291.6192142231923,2.1831208378583167,283.3634338378906,-0.01138516939603365,13.611433307879484,-0.011300087391073833,13.652049301928658,-0.004215193400616344,0.09321919409169033,1,-1.0,-1.0,0,0,0,2,0,30.2,23.0,100.0,18.4,1012.1,kandi/KAND,290.56781050227556,80.0,82.4,0.10264767991485568
11.122412928439314,2.9246349911578307,KAND,kandi,11.123456,2.954658,3281.8030351634225,7079.457844,327.0,100.0,427.0,538.0,10,301.3970642089844,267.9750418137698,2.1917852271395737,291.3970642089844,-0.009675246729995264,10.75986642934352,-0.009311203729538692,10.783829778802714,0.006743367513020833,0.3289710992368849,1,-1.0,-1.0,0,0,0,0,0,31.0,31.0,80.0,11.2,1011.0,kandi/KAND,125.68023710985162,82.0,80.5,0.7228356980103126
11.1266395842865,2.928062336475384,KAND,kandi,11.123456,2.954658,2926.6074429034634,7079.457844,327.0,100.0,427.0,538.0,10,297.04742431640625,276.95803021974945,2.5424818548729577,287.04742431640625,-0.01234497192899285,11.8292819123877,-0.012031290690104168,11.927242646163743,0.000818634033203125,0.07876984684864613,1,-1.0,-1.0,0,0,0,0,0,35.3,21.0,79.0,20.2,1008.9,kandi/KAND,366.44460781959253,81.1,82.6,0.33842767601876245
11.11176561004798,2.9327431881077985,KAND,kandi,11.123456,2.954658,2720.981578657769,7079.457844,327.0,100.0,427.0,538.0,10,322.1593017578125,241.47142563322274,2.2065417859800047,312.1593017578125,-0.004033412340034873,4.040208097237578,-0.004267210601478494,4.08587053068113,-0.004828559027777777,0.3126694082238172,1,-1.0,-1.0,0,0,1,0,0,31.0,43.0,40.0,3.6,1008.2,kandi/KAND,336.60591917685895,88.7,86.1,0.021945204776620097
11.116335216308224,2.927832247950624,KAND,kandi,11.123456,2.954658,3034.5391808580393,7079.457844,327.0,100.0,427.0,538.0,10,306.8273010253906,254.8649944482935,2.2678212441297703,296.8273010253906,-0.008690525758752924,8.076795114896154,-0.00859109123907672,8.138785934650969,0.0009637477752061941,0.05775619161739315,1,-1.0,-1.0,0,0,1,9,0,35.5,22.0,100.0,11.2,1009.7,kandi/KAND,377.1768718948386,89.2,85.9,0.3205499998126301
11.145373258805874,2.9193333866447273,KAND,kandi,11.123456,2.954658,4557.178026764139,7079.457844,327.0,100.0,427.0,538.0,10,290.94287109375,302.3108624878125,1.7100899429200571,280.94287109375,-0.009302089927818481,14.211035782025757,-0.009189027728456438,14.202186258577047,-0.0029123942057291668,0.10724850313524444,1,-1.0,-1.0,0,0,0,0,0,30.2,29.0,65.0,16.6,1012.8,kandi/KAND,169.91341088926387,81.4,75.9,0.579872161145695
11.139252973283421,2.9247873744350112,KAND,kandi,11.123456,2.954658,3701.4552884756863,7079.457844,327.0,100.0,427.0,538.0,10,291.0522766113281,298.32694099384867,2.1034243447416716,281.0522766113281,-0.011363737044795867,14.203587075095905,-0.011058526750885114,14.215474142669727,0.00858942086155778,0.3231708653751691,1,-1.0,-1.0,0,0,0,0,0,30.2,23.0,100.0,18.4,1012.1,kandi/KAND,168.81490751722686,85.4,83.8,0.7503219615100079
11.126209394947718,2.929600430697201,KAND,kandi,11.123456,2.954658,2754.2136131763964,7079.457844,327.0,100.0,427.0,538.0,10,298.3684997558594,276.3921825286223,2.673972157666894,288.3684997558594,-0.01268356654052791,11.361748264214588,-0.012593341558177902,11.486193046081667,-0.008037413744782628,0.16993807915452608,1,-1.0,-1.0,0,0,3,5,0,35.3,21.0,79.0,20.2,1008.9,kandi/KAND,226.3883029222813,83.3,81.1,0.3091543109386248
11.110339879595985,2.9328611615439315,KAND,kandi,11.123456,2.954658,2788.364027020954,7079.457844,327.0,100.0,427.0,538.0,10,323.47625732421875,238.4833394653123,2.126246924279412,313.47625732421875,-0.0035531619017888706,3.4992180374052455,-0.0036948756167763156,3.5614784896727607,-0.014638264973958334,0.5479677103971323,1,-1.0,-1.0,0,0,0,0,0,33.4,23.0,80.0,18.4,1011.3,kandi/KAND,309.17405911533984,88.6,82.3,0.23652798544546794
11.139481315837601,2.924726793757371,KAND,kandi,11.123456,2.954658,3719.26134505443,7079.457844,327.0,100.0,427.0,538.0,10,291.42852783203125,298.6228955171312,2.0875746349054007,281.42852783203125,-0.011254494557638972,14.195877840701334,-0.010840429118350047,14.224497975785765,0.014403108214193732,0.3282505094093394,1,-1.0,-1.0,0,0,0,0,0,30.2,23.0,100.0,18.4,1012.1,kandi/KAND,168.81490751722686,85.4,83.8,0.9056570323816188
11.110247885956396,2.93214880851435,KAND,kandi,11.123456,2.954658,2860.2922853968,7079.457844,327.0,100.0,427.0,538.0,10,322.4173889160156,239.12238300777574,2.0940077007534676,312.4173889160156,-0.0033465610607233943,3.6933544240611225,-0.004100675569069945,3.7469047652019905,-0.011218067358261537,0.37203122880805733,1,-1.0,-1.0,0,0,0,0,0,33.4,23.0,80.0,18.4,1011.3,kandi/KAND,320.7240494333438,88.6,88.1,0.06978040705225264
11.13639165489946,2.9072779261652943,KAND,kandi,11.123456,2.954658,5369.920574120749,7079.457844,327.0,100.0,427.0,538.0,10,300.84368896484375,285.55391833313547,1.3458103714035978,290.84368896484375,-0.006043777729057432,11.512849859667789,-0.005928902248431744,11.462764414518105,0.006889851888020833,0.2555707903811383,1,-1.0,-1.0,0,0,0,1,0,28.4,37.0,100.0,3.6,1009.9,kandi/KAND,348.3702771476682,79.6,81.9,0.8316051377451218
11.110094638729382,2.934936307858944,KAND,kandi,11.123456,2.954658,2612.7006332498577,7079.457844,327.0,100.0,427.0,538.0,10,329.97186279296875,235.3787187667101,2.126821981419078,319.97186279296875,-0.0012702710700757578,2.9879190528104465,-0.0021932772696968664,2.982845649057968,-0.04172060023364591,1.157020575060723,1,-1.0,-1.0,0,0,0,8,0,30.3,45.0,32.0,11.2,1007.8,kandi/KAND,237.3936713820402,82.3,90.3,0.038516798060935886
11.127236604394676,2.927926765634909,KAND,kandi,11.123456,2.954658,2949.9428019708184,7079.457844,327.0,100.0,427.0,538.0,10,297.0,278.20464249595307,2.523315095234433,287.0,-0.012230767144097222,12.011818554351095,-0.01197540950253246,12.0497402364565,0.005723179885202732,0.19307108225463704,1,-1.0,-1.0,0,0,0,3,0,35.7,22.0,60.0,14.8,1008.1,kandi/KAND,213.30780787394355,81.0,87.2,0.9550084513021894
11.1180003452286,2.924860842140008,KAND,kandi,11.123456,2.954658,3310.594435812005,7079.457844,327.0,100.0,427.0,538.0,10,303.55645751953125,259.4332151720755,2.13542279787053,293.55645751953125,-0.008939615885416665,9.52240393226335,-0.008830741959520784,9.563796410910866,0.00390593516052959,0.1278450889544531,1,-1.0,-1.0,0,0,1,1,0,33.2,27.0,75.0,15.8,1010.6,kandi/KAND,161.15480094289197,85.9,78.9,0.9650385861133159
11.140304128672692,2.919254616146311,KAND,kandi,11.123456,2.954658,4293.039309600382,7079.457844,327.0,100.0,427.0,538.0,10,301.6152648925781,295.8775316804122,1.6729347110391821,291.6152648925781,-0.0073403040568033855,13.622329692860008,-0.007574394332165609,13.586382324361368,0.00468267563803718,0.6020421124098729,1,-1.0,-1.0,0,0,0,1,0,30.2,23.0,100.0,18.4,1012.1,kandi/KAND,387.1975309838644,85.2,82.9,0.6909578305655153
11.13373154616585,2.918197927092127,KAND,kandi,11.123456,2.954658,4141.907292726334,7079.457844,327.0,100.0,427.0,538.0,10,299.8443908691406,286.02922791408673,1.7584150795031384,289.8443908691406,-0.00802901380067821,12.62284951590655,-0.007951074600138925,12.594083101199258,0.0073440848494196265,0.35133533754870316,1,-1.0,-1.0,0,0,0,0,0,30.0,38.0,28.0,18.0,1008.6,kandi/KAND,367.47538693083294,86.0,87.5,0.9728620086026358
11.140771940036162,2.906247670314602,KAND,kandi,11.123456,2.954658,5624.471766248704,7079.457844,327.0,100.0,427.0,538.0,10,298.3086242675781,290.0340078008238,1.3107339983502648,288.3086242675781,-0.006172090323433444,12.318675883609366,-0.006268401564213269,12.275512414998817,-0.00563812255859375,0.28285934102489607,1,-1.0,-1.0,0,0,0,0,0,26.0,22.0,47.0,14.0,1010.5,kandi/KAND,359.64685178650427,83.3,78.5,0.14536023721683267
11.106782345995967,2.931784566125544,KAND,kandi,11.123456,2.954658,3105.7557703194616,7079.457844,327.0,100.0,427.0,538.0,10,328.8668212890625,233.39398980257187,1.8097839402816225,318.8668212890625,-0.001429024720803285,2.864825918097143,-0.002053880991425904,2.9034244898292356,-0.011037190755208334,0.8086616960717226,1,-1.0,-1.0,0,0,0,1,0,33.4,23.0,80.0,18.4,1011.3,kandi/KAND,217.95597506908584,86.8,88.1,0.485148360394805
11.110840170480428,2.9321450447915827,KAND,kandi,11.123456,2.954658,2827.7436234192396,7079.457844,327.0,100.0,427.0,538.0,10,321.59185791015625,240.27159041473698,2.1347927787306697,311.59185791015625,-0.003973299425574054,3.8665667803620063,-0.004408536247372117,3.9116581958003205,-0.017459336131185513,0.5239298225737581,1,-1.0,-1.0,0,0,0,0,0,28.3,38.0,34.0,17.3,1009.3,kandi/KAND,387.96207043984134,87.3,88.6,0.8840085563978548
11.138883121475525,2.927326491740183,KAND,kandi,11.123456,2.954658,3438.935343693805,7079.457844,327.0,100.0,427.0,538.0,10,292.4075927734375,299.9130183135774,2.2412875739713094,282.4075927734375,-0.011894222573196991,13.933941953438184,-0.011934735773085495,13.984565473075929,-0.009980710490354944,0.22071825954566937,1,-1.0,-1.0,0,0,0,9,0,25.1,38.0,70.0,13.7,1012.7,kandi/KAND,371.0522637042291,85.1,83.4,0.9112568831809631
11.111961326565387,2.9326892366565147,KAND,kandi,11.123456,2.954658,2715.965730574246,7079.457844,327.0,100.0,427.0,538.0,10,321.1677551269531,241.93400798371928,2.2314989552916087,311.1677551269531,-0.004453341864840888,4.1706031662159555,-0.004640618874607974,4.235312763205698,-0.0060681660970052075,0.4094900281747851,1,-1.0,-1.0,0,0,1,1,0,31.0,43.0,40.0,3.6,1008.2,kandi/KAND,259.74237178418406,88.7,87.3,0.06375075989665901
11.111881201083346,2.9340655463948075,KAND,kandi,11.123456,2.954658,2588.4380072787803,7079.457844,327.0,100.0,427.0,538.0,10,322.76947021484375,240.19619197990494,2.305925327494359,312.76947021484375,-0.0040444092732279694,3.6586347141598803,-0.004056729241456619,3.6920013071973217,-0.005068490258074696,0.2703573193691255,1,-1.0,-1.0,0,0,0,0,0,33.4,23.0,80.0,18.4,1011.3,kandi/KAND,289.5291964551508,88.6,90.3,0.9007506770908884
11.139825929220898,2.931779334384734,KAND,kandi,11.123456,2.954658,3086.2726108156485,7079.457844,327.0,100.0,427.0,538.0,10,291.3379821777344,306.1028707548189,2.516906846311652,281.3379821777344,-0.013588154123053196,13.657416588144335,-0.01319619519801316,13.758314479503964,0.004659792961032447,0.15594226364750866,1,-1.0,-1.0,0,0,0,0,0,33.4,16.0,49.0,20.9,1010.0,kandi/KAND,278.04558367284955,76.8,85.3,0.8227152705675538
11.121893704145906,2.9260704983470522,KAND,kandi,11.123456,2.954658,3127.7370622739236,7079.457844,327.0,100.0,427.0,538.0,10,300.7929382324219,266.814917943414,2.3106837632219914,290.7929382324219,-0.010327758789062502,10.388336085912568,-0.010208264236930034,10.432370047218523,0.0015177408854166665,0.056775862181872236,1,-1.0,-1.0,0,0,0,1,0,31.0,31.0,80.0,11.2,1011.0,kandi/KAND,360.5272688756482,87.2,82.0,0.6122303235770856
11.139978624717537,2.9147276162744955,KAND,kandi,11.123456,2.954658,4729.366898412809,7079.457844,327.0,100.0,427.0,538.0,10,299.1900939941406,292.8699813491992,1.5480266996529854,289.1900939941406,-0.007882795819893392,13.034036932612231,-0.009176061364544772,13.033045230588693,-0.18467627416186894,6.6641089319431694,0,-1.0,4587.201560785169,0,5,0,10,0,30.4,39.0,60.0,7.6,1009.9,kandi/KAND,295.05963126131167,78.5,82.2,0.3973906395807547
11.123063809242522,2.9246813303953725,KAND,kandi,11.123456,2.954658,3274.9956928456145,7079.457844,327.0,100.0,427.0,538.0,10,301.4334716796875,269.23897321595894,2.1957005617303387,291.4334716796875,-0.00966421416311553,10.921026538044194,-0.009526268211570946,10.932178352960314,0.004165310329861112,0.15425015901216538,1,-1.0,-1.0,0,0,0,0,0,31.5,32.0,75.0,15.1,1011.5,kandi/KAND,340.76806176995353,81.6,82.0,0.7906760124552775
11.107304115428528,2.9315241338687867,KAND,kandi,11.123456,2.954658,3095.018051630689,7079.457844,327.0,100.0,427.0,538.0,10,326.734619140625,234.56885781986801,1.8554898995972728,316.734619140625,-0.0021124228453024843,2.977524231101697,-0.0018664089154773985,2.973971723626879,0.007972468014714677,0.25914763887689357,1,-1.0,-1.0,0,0,0,0,0,31.0,43.0,40.0,3.6,1008.2,kandi/KAND,217.95597506908584,88.1,86.8,0.21786475175657194
11.14079382557281,2.906158425422142,KAND,kandi,11.123456,2.954658,5634.462364256393,7079.457844,327.0,100.0,427.0,538.0,10,297.9880676269531,290.0233497248502,1.3116686895133693,287.9880676269531,-0.006276590958520142,12.318381602645164,-0.006268401564213269,12.274349553949778,-0.006347995334201388,0.24912293669263058,1,-1.0,-1.0,0,0,0,1,0,28.4,37.0,100.0,3.6,1009.9,kandi/KAND,242.2242803683185,83.6,83.3,0.7854930638515915
11.137955848454366,2.933193757428327,KAND,kandi,11.123456,2.954658,2840.8293328970985,7079.457844,327.0,100.0,427.0,538.0,10,292.0972900390625,304.54893588199127,2.7187672715562923,282.0972900390625,-0.014465995922423243,13.384986907973426,-0.013791682715026067,13.521395411131806,0.01215879642422657,0.15483706168843253,1,-1.0,-1.0,0,0,0,2,0,33.4,16.0,49.0,20.9,1010.0,kandi/KAND,384.65784393401856,76.8,83.2,0.09582253259527751
11.127178306909594,2.928026338618081,KAND,kandi,11.123456,2.954658,2938.265291292379,7079.457844,327.0,100.0,427.0,538.0,10,297.00677490234375,278.1096362245711,2.53319858382834,287.00677490234375,-0.012348785527702223,11.956968835868066,-0.012043060302734374,12.046849044346377,0.0034681532118055556,0.13268263051678725,1,-1.0,-1.0,0,0,0,3,0,35.7,22.0,60.0,14.8,1008.1,kandi/KAND,192.4369964429442,87.2,81.1,0.04805475906211398
11.10958108959289,2.931936422895144,KAND,kandi,11.123456,2.954658,2918.372134195722,7079.457844,327.0,100.0,427.0,538.0,10,323.05560302734375,238.10712452113518,2.039855954007838,313.05560302734375,-0.0034931208811649662,3.5366168795567585,-0.003272916343188728,3.5516769927674874,0.008565144680848355,0.2648302580658741,1,-1.0,-1.0,0,0,0,0,0,31.0,43.0,40.0,3.6,1008.2,kandi/KAND,320.7240494333438,88.1,88.6,0.6880232350275078
11.111175815791183,2.9320905632338947,KAND,kandi,11.123456,2.954658,2814.8167093241814,7079.457844,327.0,100.0,427.0,538.0,10,321.1256408691406,240.99110426828537,2.1540641117775694,311.1256408691406,-0.004326148066960328,4.022988716297886,-0.004811852794768424,4.068835565926795,-0.01842665000116597,0.4042307288053956,1,-1.0,-1.0,0,0,0,1,0,28.3,38.0,34.0,17.3,1009.3,kandi/KAND,387.96207043984134,87.3,88.6,0.7867200605264227
11.110345943687832,2.9321800415161308,KAND,kandi,11.123456,2.954658,2851.828239490594,7079.457844,327.0,100.0,427.0,538.0,10,321.8601379394531,239.27517879217015,2.11139757994425,311.8601379394531,-0.003980986277262369,3.7154795698672842,-0.004019196500483248,3.7550670072928485,-0.008583577473958333,0.315595577580481,1,-1.0,-1.0,0,0,0,0,0,31.0,43.0,40.0,3.6,1008.2,kandi/KAND,320.7240494333438,88.1,88.6,0.9658365019766653
11.138362147816245,2.905849961100988,KAND,kandi,11.123456,2.954658,5580.878943798939,7079.457844,327.0,100.0,427.0,538.0,10,297.1660461425781,287.2939199023613,1.3326925879898446,287.1660461425781,-0.006483648435258245,11.767629679101251,-0.0064944382254959,11.739522624555917,-0.009797837999131946,0.36791698956792374,1,-1.0,-1.0,0,0,0,0,0,28.4,37.0,100.0,3.6,1009.9,kandi/KAND,130.8482388112753,78.5,83.6,0.3001296633734769
11.11182788831292,2.9343426506105628,KAND,kandi,11.123456,2.954658,2565.1246933380294,7079.457844,327.0,100.0,427.0,538.0,10,323.8207092285156,239.74576240471427,2.3034173271782232,313.8207092285156,-0.003683980305989584,3.5048545512429468,-0.003888240005030776,3.571256861860466,-0.008217875162760417,0.49223725339917784,1,-1.0,-1.0,0,0,0,0,0,30.3,45.0,32.0,11.2,1007.8,kandi/KAND,237.3936713820402,82.3,90.3,0.8951650641230197
11.112298927688931,2.921712750832909,KAND,kandi,11.123456,2.954658,3804.7870026922415,7079.457844,327.0,100.0,427.0,538.0,10,310.9377136230469,250.96197287693076,1.7472246726908793,300.9377136230469,-0.005876027505228839,8.012935950462722,-0.005432418856095724,8.003480487449623,0.015157820242571349,0.3422483714053271,1,-1.0,-1.0,0,0,0,0,0,36.4,21.0,100.0,14.8,1008.9,kandi/KAND,172.33978820923755,87.9,85.3,0.04450413681483112
11.13436530203835,2.9302964849445097,KAND,kandi,11.123456,2.954658,2922.0635739750282,7079.457844,327.0,100.0,427.0,538.0,10,293.8235778808594,294.5338849700651,2.6095155065355127,283.8235778808594,-0.013367703907043673,13.240416920085305,-0.013143442789713543,13.348739002620453,0.0015497843424479166,0.08317965861621225,1,-1.0,-1.0,0,0,1,5,0,25.1,38.0,70.0,13.7,1012.7,kandi/KAND,183.82149629455927,84.2,84.5,0.6941275479377639
11.10830722823656,2.9315306770816494,KAND,kandi,11.123456,2.954658,3031.719285094409,7079.457844,327.0,100.0,427.0,538.0,10,324.2582702636719,236.27754371138258,1.940949988591775,314.2582702636719,-0.0029631072399662985,3.234376883952982,-0.0029635952979002664,3.2617702348824,0.0032886860047297273,0.1402191248371162,1,-1.0,-1.0,0,0,0,0,0,33.4,23.0,80.0,18.4,1011.3,kandi/KAND,320.7240494333438,88.6,88.1,0.7746736209901629
11.123209630702945,2.9241622825935547,KAND,kandi,11.123456,2.954658,3331.5207518654784,7079.457844,327.0,100.0,427.0,538.0,10,301.8729553222656,269.5312081367512,2.1509346213303235,291.8729553222656,-0.009360840207054502,10.946666087676617,-0.00918498081443584,10.947570656619236,0.0065043131510416664,0.2445866357665239,1,-1.0,-1.0,0,0,0,1,0,31.0,31.0,80.0,11.2,1011.0,kandi/KAND,340.76806176995353,82.0,81.6,0.38494140076511296
11.110851691060699,2.934677009020416,KAND,kandi,11.123456,2.954658,2590.0831704318166,7079.457844,327.0,100.0,427.0,538.0,10,327.942138671875,237.26582902488838,2.190212527091122,317.942138671875,-0.0020625439640205947,3.178114883490783,-0.002285308608322056,3.1715725695323562,-0.015427103726058095,0.5304089536817235,1,-1.0,-1.0,0,0,0,1,0,30.3,45.0,32.0,11.2,1007.8,kandi/KAND,237.3936713820402,82.3,90.3,0.4126853962249708
11.13527584944558,2.9296597407596163,KAND,kandi,11.123456,2.954658,3027.6598163883223,7079.457844,327.0,100.0,427.0,538.0,10,293.806884765625,295.73133553594687,2.5189375634883486,283.806884765625,-0.013038967130261956,13.450222465399124,-0.012738303767824633,13.53219510220684,0.002608913845486111,0.10175927836328821,1,-1.0,-1.0,0,0,3,6,0,25.1,38.0,70.0,13.7,1012.7,kandi/KAND,302.509112755308,85.1,84.5,0.5343710170759081
11.122277782096969,2.92444660534729,KAND,kandi,11.123456,2.954658,3302.9268944676164,7079.457844,327.0,100.0,427.0,538.0,10,301.6587829589844,267.72685033703135,2.173247726052208,291.6587829589844,-0.009509488125821133,10.706178050482384,-0.009311203729538692,10.716596963514057,0.007140774197048612,0.27212044118176504,1,-1.0,-1.0,0,0,0,0,0,31.5,32.0,75.0,15.1,1011.5,kandi/KAND,125.68023710985162,80.5,82.0,0.07239711661971815
11.145586601613763,2.9200105181654212,KAND,kandi,11.123456,2.954658,4507.489451522234,7079.457844,327.0,100.0,427.0,538.0,10,290.9873962402344,303.0670751123942,1.7283643861527949,280.9873962402344,-0.009346132931067192,14.3245581595547,-0.009302863071303166,14.31886092275902,-0.0018405999312700917,0.05735999831487317,1,-1.0,-1.0,0,0,0,0,0,30.2,29.0,65.0,16.6,1012.8,kandi/KAND,169.91341088926387,75.9,81.4,0.8839165516583332
11.13847991305545,2.90599141885092,KAND,kandi,11.123456,2.954658,5569.989705843251,7079.457844,327.0,100.0,427.0,538.0,10,297.57855224609375,287.4698231971777,1.3310560845934187,287.57855224609375,-0.006406241249439964,11.80568841331116,-0.006537936596160239,11.780045098561564,-0.012668863932291666,0.6052577548166419,1,-1.0,-1.0,0,0,0,0,0,28.4,37.0,100.0,3.6,1009.9,kandi/KAND,359.64685178650427,78.5,83.3,0.14283014144421258
11.111411118863648,2.9332689059806034,KAND,kandi,11.123456,2.954658,2689.7969859621157,7079.457844,327.0,100.0,427.0,538.0,10,322.469482421875,240.15047439763748,2.225500741373498,312.469482421875,-0.004020702220775463,3.758928271982757,-0.004668830855354445,3.786317720183504,-0.017926678602188696,0.3133944650498349,1,-1.0,-1.0,0,0,0,0,0,30.3,45.0,32.0,11.2,1007.8,kandi/KAND,316.71466585051456,82.3,88.7,0.7689941077605493
11.13769547963734,2.925052792795193,KAND,kandi,11.123456,2.954658,3597.2265734591274,7079.457844,327.0,100.0,427.0,538.0,10,292.0329284667969,296.1169345645987,2.148715904080255,282.0329284667969,-0.011470124986436632,13.979211444185955,-0.011396398670862676,14.031906596841463,-0.0046485464909501025,0.1792980085494999,1,-1.0,-1.0,0,0,0,1,0,30.2,23.0,100.0,18.4,1012.1,kandi/KAND,315.80426612040435,80.0,85.4,0.8399576187819564
11.13575959229349,2.9270717382878835,KAND,kandi,11.123456,2.954658,3306.581955205948,7079.457844,327.0,100.0,427.0,538.0,10,294.61895751953125,294.4469795186852,2.292647375357182,284.61895751953125,-0.011623549819350596,13.648558407848498,-0.011656370020736365,13.6713069154978,-0.004796662848810431,0.18955093371008314,1,-1.0,-1.0,0,0,3,9,0,30.2,23.0,100.0,18.4,1012.1,kandi/KAND,397.9469977270289,80.0,85.1,0.6158798540977783
11.14518238960698,2.9187275844047633,KAND,kandi,11.123456,2.954658,4602.2879735229835,7079.457844,327.0,100.0,427.0,538.0,10,290.6612548828125,301.6481549685389,1.6968409610016897,280.6612548828125,-0.009234658773843345,14.015649823069154,-0.009252923166649975,14.021914923615038,-0.007818857828776041,0.3719034191099497,0,-1.0,4261.036159854946,0,1,0,1,0,30.2,29.0,65.0,16.6,1012.8,kandi/KAND,169.91341088926387,81.4,75.9,0.9948052022169386
11.123464480858406,2.9244861521172583,KAND,kandi,11.123456,2.954658,3296.0278744917114,7079.457844,327.0,100.0,427.0,538.0,10,301.4113464355469,270.01932377009143,2.182087279248213,291.4113464355469,-0.009670918782552083,11.007355451887713,-0.009316907610212052,11.016265270855941,0.0067691379123263895,0.26267292623519867,1,-1.0,-1.0,0,0,0,0,0,31.5,32.0,75.0,15.1,1011.5,kandi/KAND,323.36645280546554,84.4,82.0,0.6580471080916457
11.126783647049102,2.926315282770843,KAND,kandi,11.123456,2.954658,3117.9959895475486,7079.457844,327.0,100.0,427.0,538.0,10,299.1886291503906,276.8260790804032,2.34732649650842,289.1886291503906,-0.010911772434683588,12.02513181960621,-0.010023118229498244,12.02187790028425,0.03356378468880511,0.9684377682833252,1,-1.0,-1.0,0,0,0,0,0,35.7,22.0,60.0,14.8,1008.1,kandi/KAND,213.30780787394355,87.2,81.0,0.9160633671118947
11.109735541434546,2.931179824033313,KAND,kandi,11.123456,2.954658,2980.2521136687174,7079.457844,327.0,100.0,427.0,538.0,10,321.3836669921875,239.22564345640606,2.029639941143195,311.3836669921875,-0.004506561699817707,3.837943066894118,-0.004156800030459779,3.866580461651926,-0.017130998703430607,0.627403520254815,1,-1.0,-1.0,0,0,0,0,0,33.4,23.0,80.0,18.4,1011.3,kandi/KAND,182.88071112067146,88.6,81.5,0.7574823284463013
11.107428831475982,2.931461883994292,KAND,kandi,11.123456,2.954658,3092.644193869356,7079.457844,327.0,100.0,427.0,538.0,10,326.6319885253906,234.85089670114957,1.8588125278983922,316.6319885253906,-0.0021453172732622196,2.9734443704163946,-0.001800958792275657,2.97152387878146,0.02115528504378951,0.5709399672824497,1,-1.0,-1.0,0,0,0,0,0,33.4,23.0,80.0,18.4,1011.3,kandi/KAND,217.95597506908584,86.8,88.1,0.8531226010590601
11.139003087596995,2.924853670637532,KAND,kandi,11.123456,2.954658,3682.0828101427396,7079.457844,327.0,100.0,427.0,538.0,10,291.0938720703125,297.9997748557234,2.1138346619426813,281.0938720703125,-0.011444852668741531,14.167723338052038,-0.010924139189540754,14.204847918827573,0.01406649318753808,0.226032987628865,1,-1.0,-1.0,0,0,0,0,0,32.0,21.0,67.0,18.4,1011.9,kandi/KAND,168.81490751722686,83.8,85.4,0.41966830136363187
11.117484890917016,2.930150620979777,KAND,kandi,11.123456,2.954658,2757.52938090081,7079.457844,327.0,100.0,427.0,538.0,10,309.1687927246094,256.05741848156225,2.4468012411119275,299.1687927246094,-0.008756010518818922,7.66157795435455,-0.00903675940077104,7.7837680663345745,-0.015567566041867565,0.4176431865111711,1,-1.0,-1.0,0,0,2,3,0,35.5,22.0,100.0,11.2,1009.7,kandi/KAND,323.68254725880485,89.2,88.4,0.63483298465834
11.12791704782738,2.9284847345685194,KAND,kandi,11.123456,2.954658,2901.4638292607456,7079.457844,327.0,100.0,427.0,538.0,10,296.66729736328125,279.8569026063458,2.5719766711170418,286.66729736328125,-0.01259727871295103,12.089590237590473,-0.0120690446398844,12.179886701371814,0.009033538602564764,0.1662758265942679,1,-1.0,-1.0,0,0,0,7,0,33.0,34.0,28.0,16.2,1007.9,kandi/KAND,386.7215149173957,82.6,83.3,0.3702009656088141
11.145503627545502,2.9197471656878977,KAND,kandi,11.123456,2.954658,4526.7210703019855,7079.457844,327.0,100.0,427.0,538.0,10,290.9591064453125,302.77100834265394,1.7213836624817274,280.9591064453125,-0.009366895562299056,14.280131328285462,-0.009255968019316637,14.269973441797598,-0.0048967083948706375,0.1605779738584064,1,-1.0,-1.0,0,0,0,0,0,30.2,29.0,65.0,16.6,1012.8,kandi/KAND,169.91341088926387,75.9,81.4,0.7035381423957213
11.126762549115382,2.9262402228143376,KAND,kandi,11.123456,2.954658,3125.8646210556526,7079.457844,327.0,100.0,427.0,538.0,10,299.1886291503906,276.7654855511247,2.3414242368229776,289.1886291503906,-0.010837063259548611,12.033182313588537,-0.010139962952033236,12.01718597657882,0.029435271159235377,0.9684377682833252,1,-1.0,-1.0,0,0,0,1,0,35.7,22.0,60.0,14.8,1008.1,kandi/KAND,213.30780787394355,81.0,87.2,0.043363683425691524
11.132828756031696,2.912612225631945,KAND,kandi,11.123456,2.954658,4708.642911376765,7079.457844,327.0,100.0,427.0,538.0,10,302.6878356933594,282.80379011383906,1.5123058517468935,292.6878356933594,-0.006517121288858719,11.432598332237507,-0.0064958040569313424,11.379788691302824,-0.009196980794270834,0.33933530994615024,0,-1.0,4557.66438115226,0,3,0,0,0,30.7,25.0,24.0,16.6,1009.0,kandi/KAND,115.49335305553211,83.5,81.6,0.2750241267872091
11.110521423278398,2.9322422178439704,KAND,kandi,11.123456,2.954658,2836.1394291212314,7079.457844,327.0,100.0,427.0,538.0,10,321.8601379394531,239.54388183323346,2.1230666417632382,311.8601379394531,-0.00422964744290898,3.7409517464935793,-0.004160185613992697,3.82268327781841,-0.010255432128906249,0.5504592994801246,1,-1.0,-1.0,0,0,0,0,0,31.0,43.0,40.0,3.6,1008.2,kandi/KAND,165.92922165772438,88.7,88.6,0.9414221018721056
11.139266854992172,2.926632297543056,KAND,kandi,11.123456,2.954658,3525.834727426094,7079.457844,327.0,100.0,427.0,538.0,10,291.8821105957031,299.90041835285433,2.194628771888908,281.8821105957031,-0.01175309325596521,14.00847526687066,-0.01159174601236979,14.057861423239595,-0.005322011311848958,0.24902937564127722,1,-1.0,-1.0,0,0,1,4,0,32.0,21.0,67.0,18.4,1011.9,kandi/KAND,285.4340773278742,83.8,83.4,0.7677065387573835
11.12528715169498,2.9219774577723117,KAND,kandi,11.123456,2.954658,3575.8125006257674,7079.457844,327.0,100.0,427.0,538.0,10,303.98712158203125,273.2714684970523,1.9702767842987252,293.98712158203125,-0.008149515787760415,11.200663808971532,-0.007874932621232535,11.173401409002146,0.011906865288239124,0.3655103329274457,1,-1.0,-1.0,0,0,0,0,0,31.5,32.0,75.0,15.1,1011.5,kandi/KAND,320.7976815689198,84.4,82.1,0.4098009685600813
11.111818528536734,2.9379588049116907,KAND,kandi,11.123456,2.954658,2232.7396433732215,7079.457844,327.0,100.0,427.0,538.0,10,329.4610595703125,234.6186101793898,2.5014195208219174,319.4610595703125,-0.0017174750434027779,3.187794561006077,-0.002115013485863095,3.171379003669907,-0.008887227376302084,0.48170085508731164,1,-1.0,-1.0,0,0,0,2,0,30.3,45.0,32.0,11.2,1007.8,kandi/KAND,251.1567510887154,90.3,90.0,0.12932804331642844
11.139373400298425,2.92604629835867,KAND,kandi,11.123456,2.954658,3587.3283323164815,7079.457844,327.0,100.0,427.0,538.0,10,291.3072204589844,299.5556370686389,2.1662134398567305,281.3072204589844,-0.011750331972758654,14.09400854180836,-0.01153720376270065,14.144554141347358,-0.0043914794921875,0.23623597074411637,1,-1.0,-1.0,0,0,0,3,0,32.0,21.0,67.0,18.4,1011.9,kandi/KAND,285.4340773278742,83.8,83.4,0.5360863077746651
11.133861929125256,2.9293841215395275,KAND,kandi,11.123456,2.954658,2991.2524683194133,7079.457844,327.0,100.0,427.0,538.0,10,294.8526611328125,292.76618908113846,2.529564088055239,284.8526611328125,-0.012788084088182937,13.285518974900684,-0.012471008300781251,13.350864267195256,0.005891587999131945,0.22418923578336122,1,-1.0,-1.0,0,0,2,12,0,25.1,38.0,70.0,13.7,1012.7,kandi/KAND,183.82149629455927,84.5,84.2,0.935088593429158
11.117230681584477,2.9253116830827732,KAND,kandi,11.123456,2.954658,3279.002257995938,7079.457844,327.0,100.0,427.0,538.0,10,304.24066162109375,257.8036849978201,2.144038974829212,294.24066162109375,-0.008813550544507574,9.11641924705321,-0.008432201044639414,9.144947261651902,0.0055168350028554775,0.34682089413095674,1,-1.0,-1.0,0,0,1,0,0,33.2,27.0,75.0,15.8,1010.6,kandi/KAND,161.15480094289197,78.9,85.9,0.6493426564713692
11.141066770740286,2.917479602772035,KAND,kandi,11.123456,2.954658,4504.3403960164105,7079.457844,327.0,100.0,427.0,538.0,10,294.3863220214844,295.7732855735628,1.6863756235667309,284.3863220214844,-0.008595818189069397,13.467601366509866,-0.008479404474711915,13.454590906960128,-0.006978777999118949,0.3566051062107662,0,-1.0,4341.8591793264395,0,1,0,0,0,26.8,36.0,58.0,15.8,1010.5,kandi/KAND,215.05945643006783,85.5,82.2,0.09865141345347184
11.132988122965818,2.922794544817349,KAND,kandi,11.123456,2.954658,3636.9619005995037,7079.457844,327.0,100.0,427.0,538.0,10,296.783935546875,286.9589058518425,2.050515121409747,286.783935546875,-0.00998400078445184,13.006519606943073,-0.009986311293053775,13.007289597041732,-0.0022396663355173847,0.18311558933899072,1,-1.0,-1.0,0,0,1,5,0,33.0,34.0,28.0,16.2,1007.9,kandi/KAND,274.61005170973647,82.4,86.0,0.41516404155899966
11.125915464680634,2.927690281652043,KAND,kandi,11.123456,2.954658,2958.52562965293,7079.457844,327.0,100.0,427.0,538.0,10,297.4375,275.31280592126757,2.5075477592521205,287.4375,-0.012063155702360356,11.548420053757956,-0.011251711067831214,11.645734286047446,0.014580768112131604,0.2331134113993009,1,-1.0,-1.0,0,0,0,2,0,35.3,21.0,79.0,20.2,1008.9,kandi/KAND,276.13132473513264,81.1,81.0,0.3012412547748079
11.131376830682607,2.9262633426981237,KAND,kandi,11.123456,2.954658,3223.212053638984,7079.457844,327.0,100.0,427.0,538.0,10,297.9040222167969,285.8731736287642,2.2935826807184947,287.9040222167969,-0.010932517346040702,12.93139631056247,-0.010659309156013257,12.924565067420035,-0.0008013407389322914,0.11961182857765094,1,-1.0,-1.0,0,0,3,10,0,33.0,34.0,28.0,16.2,1007.9,kandi/KAND,377.8714555243443,84.8,82.6,0.14713289525765838
11.111670331167321,2.9326285485041317,KAND,kandi,11.123456,2.954658,2737.011718666903,7079.457844,327.0,100.0,427.0,538.0,10,322.1728210449219,241.40167004267587,2.1933485723353363,312.1728210449219,-0.004020850025816296,4.031347638559751,-0.004602309760234202,4.077981572143639,-0.0152166329492047,0.5816734002644198,1,-1.0,-1.0,0,0,0,0,0,33.4,23.0,80.0,18.4,1011.3,kandi/KAND,333.563772763011,81.5,88.7,0.9311772272940131
11.128846200009061,2.919942239021959,KAND,kandi,11.123456,2.954658,3838.962854770981,7079.457844,327.0,100.0,427.0,538.0,10,303.6092529296875,278.9953226611145,1.8409493002699353,293.6092529296875,-0.007732971614240743,11.649232754424244,-0.007721706292568108,11.597048684416519,-0.0018771701388888892,0.1653153262906327,1,-1.0,-1.0,0,0,0,5,0,34.3,13.0,100.0,18.4,1008.8,kandi/KAND,376.9557385158805,82.1,74.6,0.7701829295919727
11.120612222035188,2.9268431464253926,KAND,kandi,11.123456,2.954658,3054.7994554698366,7079.457844,327.0,100.0,427.0,538.0,10,302.3180847167969,264.0541284988579,2.337235139759599,292.3180847167969,-0.010159624744837115,9.705360138121415,-0.010017361431835688,9.818057148749066,-0.006054540379158031,0.19798921828218974,1,-1.0,-1.0,0,0,4,6,0,31.5,32.0,75.0,15.1,1011.5,kandi/KAND,386.05135929607223,80.5,87.2,0.8473155918101779
11.138643940635998,2.926126567288152,KAND,kandi,11.123456,2.954658,3540.703528762907,7079.457844,327.0,100.0,427.0,538.0,10,291.778564453125,298.4838706801964,2.1870947694878238,281.778564453125,-0.011739645217584587,14.048513340697298,-0.01170670606885555,14.099327564464753,-0.011915500241201174,0.3044670139956644,1,-1.0,-1.0,0,0,2,7,0,34.2,16.0,100.0,18.4,1010.2,kandi/KAND,262.6669063662963,83.4,85.4,0.5109498653495762
11.138779054915629,2.9057402487064135,KAND,kandi,11.123456,2.954658,5606.096571122305,7079.457844,327.0,100.0,427.0,538.0,10,296.8369140625,287.7102415579666,1.330061958648613,286.8369140625,-0.006529967080649155,11.850316857021785,-0.006700430552246897,11.825154369484494,-0.022943300464297548,0.5942129508910717,1,-1.0,-1.0,0,0,0,0,0,28.4,37.0,100.0,3.6,1009.9,kandi/KAND,130.8482388112753,83.6,78.5,0.3341623547117576
11.116296191868656,2.9280258597901216,KAND,kandi,11.123456,2.954658,3015.2494972957393,7079.457844,327.0,100.0,427.0,538.0,10,306.8391418457031,254.6804123885504,2.282089412411431,296.8391418457031,-0.008765508213179396,7.969362959074731,-0.008575429576886126,8.100207603131896,-0.000274658203125,0.028697406408870314,1,-1.0,-1.0,0,0,0,8,0,33.2,27.0,75.0,15.8,1010.6,kandi/KAND,377.1768718948386,85.9,89.2,0.73757423900384
11.10778266239137,2.931385440593494,KAND,kandi,11.123456,2.954658,3077.2698657339247,7079.457844,327.0,100.0,427.0,538.0,10,325.29180908203125,235.53870910335456,1.8930187346172649,315.29180908203125,-0.0024705573149227597,3.1467602784327355,-0.002776285807291667,3.194325756934818,-0.0021052042643229167,0.25999661092658455,1,-1.0,-1.0,0,0,0,0,0,31.0,43.0,40.0,3.6,1008.2,kandi/KAND,152.93749306281921,86.1,88.1,0.9207729771745816
11.139220642156337,2.9201903545013455,KAND,kandi,11.123456,2.954658,4149.419502799429,7079.457844,327.0,100.0,427.0,538.0,10,298.6943359375,294.9956500446878,1.7710986851045318,288.6943359375,-0.008304806350232315,13.737062716216018,-0.008098544417235669,13.702885415073549,0.013651179148793728,0.41808055691059953,1,-1.0,-1.0,0,0,0,0,0,30.2,29.0,65.0,16.6,1012.8,kandi/KAND,387.1975309838644,82.9,85.2,0.7194537286602422
11.11145600354973,2.9335181045702776,KAND,kandi,11.123456,2.954658,2663.7042337387265,7079.457844,327.0,100.0,427.0,538.0,10,322.5906066894531,239.95252275587347,2.2446773972002823,312.5906066894531,-0.004020513755998362,3.670001896337829,-0.003404738582448081,3.7042516715222504,0.015998171093692927,0.2944184306496225,1,-1.0,-1.0,0,0,0,0,0,31.0,43.0,40.0,3.6,1008.2,kandi/KAND,289.5291964551508,90.3,88.6,0.364997781418696
11.12593029671093,2.929063018134875,KAND,kandi,11.123456,2.954658,2809.394525638021,7079.457844,327.0,100.0,427.0,538.0,10,298.5749206542969,275.62923034528154,2.6173241269678575,288.5749206542969,-0.01232285736300421,11.350168392610364,-0.01250929608421245,11.48555400085711,-0.011242749168885294,0.35250395370187004,1,-1.0,-1.0,0,0,2,6,0,35.3,21.0,79.0,20.2,1008.9,kandi/KAND,226.3883029222813,81.1,83.3,0.3939326712016782
11.137750433112496,2.9063041517603123,KAND,kandi,11.123456,2.954658,5513.718831452545,7079.457844,327.0,100.0,427.0,538.0,10,298.6268005371094,286.7716295487373,1.3337484477006019,288.6268005371094,-0.006289040746178076,11.6778642595417,-0.006396970508534148,11.641991140435596,-0.011549508768700584,0.29825767050338864,1,-1.0,-1.0,0,0,0,2,0,28.4,37.0,100.0,3.6,1009.9,kandi/KAND,212.6801711490994,81.9,78.5,0.7635378179791892
11.122267130039827,2.9244317570252143,KAND,kandi,11.123456,2.954658,3304.594433336899,7079.457844,327.0,100.0,427.0,538.0,10,301.6587829589844,267.707423243138,2.1721521293438615,291.6587829589844,-0.009509488125821133,10.701144369979813,-0.009311203729538692,10.711687483373066,0.007140774197048612,0.27212044118176504,1,-1.0,-1.0,0,0,0,0,0,31.0,31.0,80.0,11.2,1011.0,kandi/KAND,125.68023710985162,82.0,80.5,0.9437423638976788
11.13813275861864,2.9328626425899693,KAND,kandi,11.123456,2.954658,2881.734639587624,7079.457844,327.0,100.0,427.0,538.0,10,292.4888610839844,304.4638796087589,2.672463519565806,282.4888610839844,-0.014033167468723153,13.515454982681442,-0.01336845096580422,13.557397983693798,0.01755006250421492,0.47103823577429627,1,-1.0,-1.0,0,0,0,0,0,34.2,16.0,100.0,18.4,1010.2,kandi/KAND,278.04558367284955,85.3,76.8,0.9797352518291401
11.13302012424114,2.9222299508884704,KAND,kandi,11.123456,2.954658,3697.0438306153346,7079.457844,327.0,100.0,427.0,538.0,10,296.4521484375,286.7331397645155,2.0223548120977664,286.4521484375,-0.010223448988651799,12.98526395565235,-0.009746339520964842,12.978230021226931,0.0010015868000759335,0.06399799536148994,1,-1.0,-1.0,0,0,1,2,0,30.0,38.0,28.0,18.0,1008.6,kandi/KAND,274.61005170973647,86.0,82.4,0.3562554204334454
11.116455312705439,2.9272364140414466,KAND,kandi,11.123456,2.954658,3094.0929062850996,7079.457844,327.0,100.0,427.0,538.0,10,306.51788330078125,255.41859653877714,2.2299365796537045,296.51788330078125,-0.00859214587089343,8.322672716822245,-0.008319424836745533,8.36981668293898,0.0068520860090452275,0.20052264409039813,1,-1.0,-1.0,0,0,1,9,0,33.2,27.0,75.0,15.8,1010.6,kandi/KAND,377.1768718948386,85.9,89.2,0.5005746146642056
11.111687513336376,2.9326426941691723,KAND,kandi,11.123456,2.954658,2734.7477568120266,7079.457844,327.0,100.0,427.0,538.0,10,322.1593017578125,241.42132838123524,2.1954453884362053,312.1593017578125,-0.004045679949331975,4.0339385289876715,-0.004634395353173804,4.080233118637048,-0.016211286330332374,0.5816734002644198,1,-1.0,-1.0,0,0,0,0,0,31.0,43.0,40.0,3.6,1008.2,kandi/KAND,333.563772763011,88.7,81.5,0.06141666535482471
11.116679643767805,2.929412789870965,KAND,kandi,11.123456,2.954658,2857.914279046432,7079.457844,327.0,100.0,427.0,538.0,10,308.42181396484375,254.7030523390555,2.37590574208841,298.42181396484375,-0.008647070990668403,7.588152189006917,-0.008696639332984321,7.664045990583914,-0.011444769965277777,0.42131791341812524,1,-1.0,-1.0,0,0,1,8,0,35.5,22.0,100.0,11.2,1009.7,kandi/KAND,323.68254725880485,89.2,88.4,0.26029942688576235
11.124491733990693,2.92286698282578,KAND,kandi,11.123456,2.954658,3474.791914600132,7079.457844,327.0,100.0,427.0,538.0,10,303.32891845703125,271.9047756873538,2.038349794199134,293.32891845703125,-0.008596986302960512,11.20605246077544,-0.008230264168131222,11.171135077492325,0.012682729504026038,0.3123613918140918,1,-1.0,-1.0,0,0,0,0,0,31.5,32.0,75.0,15.1,1011.5,kandi/KAND,113.91424559135775,81.6,84.4,0.9078859298417004
11.145593226877056,2.920031546175004,KAND,kandi,11.123456,2.954658,4505.95904295658,7079.457844,327.0,100.0,427.0,538.0,10,290.9873962402344,303.0908233209198,1.7289510533803794,280.9873962402344,-0.009346132931067192,14.330212583795895,-0.009303624438762727,14.324442420578874,-0.001879175882554539,0.05735999831487317,1,-1.0,-1.0,0,0,0,0,0,30.2,29.0,65.0,16.6,1012.8,kandi/KAND,169.91341088926387,81.4,75.9,0.1016807020522269
11.134618565497162,2.918017105294421,KAND,kandi,11.123456,2.954658,4188.766210324693,7079.457844,327.0,100.0,427.0,538.0,10,299.3875732421875,287.252395698832,1.7449989515070516,289.3875732421875,-0.008080429803757441,12.823929028037227,-0.00779949062866784,12.762949640688227,0.009361012776692709,0.43269571818633795,1,-1.0,-1.0,0,0,0,0,0,30.0,38.0,28.0,18.0,1008.6,kandi/KAND,208.75379014506763,87.5,85.4,0.4644735278941611
11.13903383299627,2.926952675853483,KAND,kandi,11.123456,2.954658,3482.6650096997178,7079.457844,327.0,100.0,427.0,538.0,10,292.2337341308594,299.81749774227166,2.216029277904706,282.2337341308594,-0.01170702116441862,13.99182818082042,-0.01172465564001411,14.01827033383923,-0.005634238919548229,0.17323994780235616,1,-1.0,-1.0,0,0,1,8,0,34.2,16.0,100.0,18.4,1010.2,kandi/KAND,262.6669063662963,83.4,85.4,0.12491782547532426
11.117341966885183,2.9252464962050118,KAND,kandi,11.123456,2.954658,3283.406768853617,7079.457844,327.0,100.0,427.0,538.0,10,304.2083435058594,258.0412033616585,2.1417287093799953,294.2083435058594,-0.008837841283381642,9.142879101459647,-0.008573822748093377,9.227163136734301,-0.001935831705729166,0.20050577272276487,1,-1.0,-1.0,0,0,1,2,0,33.2,27.0,75.0,15.8,1010.6,kandi/KAND,161.15480094289197,78.9,85.9,0.560509564441879
11.12788335572976,2.927730924021851,KAND,kandi,11.123456,2.954658,2982.0298865265067,7079.457844,327.0,100.0,427.0,538.0,10,297.27349853515625,279.51524125010076,2.4909534126265127,287.27349853515625,-0.012017293294270835,12.199918618670964,-0.011716326545266545,12.262240302545706,0.0033584594726562503,0.15062671881007653,1,-1.0,-1.0,0,0,1,2,0,35.3,21.0,79.0,20.2,1008.9,kandi/KAND,366.44460781959253,81.1,82.6,0.7283246801753008
11.141099923243495,2.9182976064896504,KAND,kandi,11.123456,2.954658,4425.556278024302,7079.457844,327.0,100.0,427.0,538.0,10,296.3121643066406,296.31851593937967,1.691467812020064,286.3121643066406,-0.008336309484533361,13.522604049860833,-0.008610344780815972,13.505218214449316,-0.043744405110677086,1.9740229657864143,0,-1.0,4363.474326228369,0,1,0,0,0,30.2,29.0,65.0,16.6,1012.8,kandi/KAND,97.98854677976553,82.9,85.5,0.2868108072157828
11.112229036520247,2.9340022834145696,KAND,kandi,11.123456,2.954658,2575.6750888178935,7079.457844,327.0,100.0,427.0,538.0,10,321.4718322753906,241.01887850193546,2.3461572794454795,311.4718322753906,-0.004615542762135798,3.809565631146819,-0.004617610122218277,3.8864400250390716,-0.006534152560763889,0.36749965594254397,1,-1.0,-1.0,0,0,0,0,0,28.3,38.0,34.0,17.3,1009.3,kandi/KAND,356.0124926179925,87.3,90.3,0.8978180971639044
11.116448313271276,2.9272711403139784,KAND,kandi,11.123456,2.954658,3090.6143142403016,7079.457844,327.0,100.0,427.0,538.0,10,306.51788330078125,255.38691653018049,2.23244391144145,296.51788330078125,-0.008675459666787337,8.263518298493699,-0.008330009963198146,8.364383275421272,0.006481606583203753,0.19593368036879724,1,-1.0,-1.0,0,0,1,9,0,35.5,22.0,100.0,11.2,1009.7,kandi/KAND,377.1768718948386,89.2,85.9,0.489000205950579
11.115475807979289,2.929694407200429,KAND,kandi,11.123456,2.954658,2866.412997262238,7079.457844,327.0,100.0,427.0,538.0,10,309.8421630859375,251.9573577445511,2.3405264185299246,299.8421630859375,-0.008249708597800331,6.9260195642775475,-0.008101835704985119,7.074790052748437,-0.007193247477213541,0.34105814562722003,1,-1.0,-1.0,0,0,0,1,0,28.3,38.0,34.0,17.3,1009.3,kandi/KAND,392.9995717554643,87.3,89.2,0.711124654389434
11.109380433089374,2.9320617240092877,KAND,kandi,11.123456,2.954658,2918.519518823886,7079.457844,327.0,100.0,427.0,538.0,10,323.6731872558594,237.59372458834184,2.0276440099346504,313.6731872558594,-0.0032830582184045494,3.446004710985792,-0.0032237047052755714,3.4635036454633434,0.003909289322260305,0.15589459556546098,1,-1.0,-1.0,0,0,0,0,0,31.0,43.0,40.0,3.6,1008.2,kandi/KAND,173.06789013672005,86.1,88.6,0.31380710964475156
11.138653367405798,2.905773324366895,KAND,kandi,11.123456,2.954658,5598.46332366643,7079.457844,327.0,100.0,427.0,538.0,10,296.8369140625,287.58512809056447,1.3318747842343093,286.8369140625,-0.006504182594557709,11.815691125238668,-0.006893532752425464,11.791258783024247,-0.027829204453144837,0.5303062591792453,1,-1.0,-1.0,0,0,0,0,0,28.4,37.0,100.0,3.6,1009.9,kandi/KAND,130.8482388112753,78.5,83.6,0.5555854436828785
11.132285977198151,2.925125609861929,KAND,kandi,11.123456,2.954658,3370.739178813462,7079.457844,327.0,100.0,427.0,538.0,10,297.3659362792969,286.9499861832461,2.2024326617681154,287.3659362792969,-0.01060750505565542,13.018331047001825,-0.010520788326025174,13.015584580679759,0.000648479483439189,0.04032186545743706,1,-1.0,-1.0,0,0,1,2,0,33.0,34.0,28.0,16.2,1007.9,kandi/KAND,276.00636025271393,84.8,82.4,0.41452472559242315
11.107364137296319,2.9321055129757028,KAND,kandi,11.123456,2.954658,3039.4841040200704,7079.457844,327.0,100.0,427.0,538.0,10,327.43206787109375,233.97863171642166,1.876233858497576,317.43206787109375,-0.001925918479370915,2.9091203692639866,-0.001752502808693576,2.917268438882091,-0.0002463030290349999,0.4748183801297602,1,-1.0,-1.0,0,0,0,0,0,31.0,43.0,40.0,3.6,1008.2,kandi/KAND,330.0848336780301,86.1,86.8,0.5164540606825392
11.111487024411245,2.9335580439294766,KAND,kandi,11.123456,2.954658,2658.211505012306,7079.457844,327.0,100.0,427.0,538.0,10,322.5906066894531,239.96983278618592,2.2493108708876077,312.5906066894531,-0.004020513755998362,3.670001896337829,-0.0030540964888291547,3.7042516715222504,0.02215697984658464,0.3284836793260802,1,-1.0,-1.0,0,0,0,0,0,31.0,43.0,40.0,3.6,1008.2,kandi/KAND,289.5291964551508,90.3,88.6,0.3456097429724707
11.129301347496972,2.9272404370549974,KAND,kandi,11.123456,2.954658,3064.1128095830036,7079.457844,327.0,100.0,427.0,538.0,10,297.9037780761719,282.2613965403144,2.4125406687671975,287.9037780761719,-0.011463301081487662,12.453881817667062,-0.011230832454790533,12.466899787863408,0.006361157300768546,0.17216845188165042,1,-1.0,-1.0,0,0,4,5,0,33.0,34.0,28.0,16.2,1007.9,kandi/KAND,377.8714555243443,84.8,82.6,0.8209910724117437
11.132994624659744,2.9226798363602216,KAND,kandi,11.123456,2.954658,3649.164153631276,7079.457844,327.0,100.0,427.0,538.0,10,296.68646240234375,286.9124356457347,2.0451928176670364,286.68646240234375,-0.010029123058548261,13.011220382110825,-0.0099121585969002,13.007588282240159,-0.001877593994140625,0.1691563301635924,1,-1.0,-1.0,0,0,1,4,0,30.0,38.0,28.0,18.0,1008.6,kandi/KAND,274.61005170973647,86.0,82.4,0.5383952875390563
11.141069432351053,2.9174493856615795,KAND,kandi,11.123456,2.954658,4507.444071969927,7079.457844,327.0,100.0,427.0,538.0,10,294.3863220214844,295.75845701419604,1.685215111250591,284.3863220214844,-0.008595818189069399,13.46234799335837,-0.00848471169598645,13.449359756114884,-0.007247677210361996,0.3566051062107662,0,-1.0,4344.850899033136,0,1,0,0,0,26.8,36.0,58.0,15.8,1010.5,kandi/KAND,215.05945643006783,85.5,82.2,0.11430794736828065
11.11187650670789,2.933094405375781,KAND,kandi,11.123456,2.954658,2681.4031994998973,7079.457844,327.0,100.0,427.0,538.0,10,321.85443115234375,241.31182000896075,2.245582600148187,311.85443115234375,-0.004373272282114224,3.977092030175538,-0.004040781656901042,4.00703537405079,0.007383982340494791,0.3299161607318362,1,-1.0,-1.0,0,0,0,1,0,31.0,43.0,40.0,3.6,1008.2,kandi/KAND,169.22313139762375,88.7,90.3,0.2214605137621264
11.133844180702337,2.929276664927788,KAND,kandi,11.123456,2.954658,3001.3383823204927,7079.457844,327.0,100.0,427.0,538.0,10,294.8526611328125,292.64482331213486,2.5210745445029303,284.8526611328125,-0.012697266430744635,13.327165044748792,-0.012354153335648465,13.351697785390163,0.009864656813646523,0.29372336358494844,1,-1.0,-1.0,0,0,2,11,0,25.1,38.0,70.0,13.7,1012.7,kandi/KAND,265.70070718742903,85.1,84.2,0.9846723307912475
11.139611619142244,2.924736094717664,KAND,kandi,11.123456,2.954658,3725.260452337798,7079.457844,327.0,100.0,427.0,538.0,10,291.42852783203125,298.8259437428579,2.0842158011963083,281.42852783203125,-0.010466038368755945,14.206399367206105,-0.010911508419775359,14.21616075501835,0.011471013773948815,0.38874203830997794,1,-1.0,-1.0,0,0,0,0,0,32.0,21.0,67.0,18.4,1011.9,kandi/KAND,285.4340773278742,83.8,83.4,0.01821925599369012
11.117130326816984,2.925370467252108,KAND,kandi,11.123456,2.954658,3275.078230767164,7079.457844,327.0,100.0,427.0,538.0,10,304.83319091796875,257.58895581427896,2.1362539318056757,294.83319091796875,-0.008633996212121213,9.058788174805558,-0.008411662264715885,9.096724578581561,0.003064964304470576,0.1594185563584282,1,-1.0,-1.0,0,0,0,0,0,33.2,27.0,75.0,15.8,1010.6,kandi/KAND,161.15480094289197,78.9,85.9,0.7294504895774659
11.111996526959995,2.9339574081409134,KAND,kandi,11.123456,2.954658,2592.449851343515,7079.457844,327.0,100.0,427.0,538.0,10,321.9734802246094,240.57162416096313,2.3199243065727493,311.9734802246094,-0.004458272604324458,3.7578233851340537,-0.0042307650105337085,3.8111864192242337,-0.0009897867838541666,0.10979745478033878,1,-1.0,-1.0,0,0,0,0,0,31.0,43.0,40.0,3.6,1008.2,kandi/KAND,169.22313139762375,90.3,88.7,0.20701447621649927
11.117499168318147,2.925154413328573,KAND,kandi,11.123456,2.954658,3289.723276441269,7079.457844,327.0,100.0,427.0,538.0,10,303.95458984375,258.37563760329556,2.1420336167052643,293.95458984375,-0.00887821792990924,9.237055063160824,-0.008256399101663913,9.309055440720076,0.014539208942472905,0.38221981888612944,1,-1.0,-1.0,0,0,1,1,0,33.2,27.0,75.0,15.8,1010.6,kandi/KAND,161.15480094289197,85.9,78.9,0.5649759154264148
11.130385029268536,2.9267302621950075,KAND,kandi,11.123456,2.954658,3145.6462894668393,7079.457844,327.0,100.0,427.0,538.0,10,298.4355773925781,284.1929990418066,2.340409800409124,288.4355773925781,-0.011076127309647818,12.704482924698773,-0.010825117354823794,12.705847761175583,0.001568603515625,0.062071088470352365,1,-1.0,-1.0,0,0,0,15,0,33.0,34.0,28.0,16.2,1007.9,kandi/KAND,377.8714555243443,82.6,84.8,0.5308536586155872
11.122061682401316,2.925940590180114,KAND,kandi,11.123456,2.954658,3140.9388107059003,7079.457844,327.0,100.0,427.0,538.0,10,300.4920654296875,267.1699412820776,2.306461675141195,290.4920654296875,-0.010423273964533731,10.434674777482616,-0.010104845468871693,10.514631637328783,0.004408433702256944,0.16654360974607768,1,-1.0,-1.0,0,0,1,0,0,31.0,31.0,80.0,11.2,1011.0,kandi/KAND,360.5272688756482,82.0,87.2,0.3223906291463783
11.126084026514095,2.9207765287352654,KAND,kandi,11.123456,2.954658,3712.655668623906,7079.457844,327.0,100.0,427.0,538.0,10,305.7439270019531,274.52314162704033,1.87062662513488,295.7439270019531,-0.007381938215847821,11.240036710961846,-0.007203125322937334,11.172571414951985,0.007144504123263888,0.2693469771258973,1,-1.0,-1.0,0,0,0,2,0,34.3,13.0,100.0,18.4,1008.8,kandi/KAND,346.276348393292,82.1,81.6,0.09077076341625034
11.108568131997977,2.9318147725285364,KAND,kandi,11.123456,2.954658,2989.910518309641,7079.457844,327.0,100.0,427.0,538.0,10,324.22979736328125,236.41000169512313,1.9686146299527776,314.22979736328125,-0.002951878753985524,3.219294600094025,-0.002894227519653854,3.2800334365699726,0.001676578538540253,0.1627206118674781,1,-1.0,-1.0,0,0,0,0,0,31.0,43.0,40.0,3.6,1008.2,kandi/KAND,152.93749306281921,88.1,86.1,0.7289129254669083
11.112939451945852,2.9381484103095237,KAND,kandi,11.123456,2.954658,2146.1868445617692,7079.457844,327.0,100.0,427.0,538.0,10,326.90478515625,237.01074499855577,2.670261717614933,316.90478515625,-0.003349233546172665,3.316475458141488,-0.002841378976632883,3.3067055615207157,-0.0018786112467447918,0.30427680237054244,1,-1.0,-1.0,0,0,0,0,0,30.3,45.0,32.0,11.2,1007.8,kandi/KAND,251.1567510887154,90.3,90.0,0.6317630289494474
11.110337509707172,2.932195657489343,KAND,kandi,11.123456,2.954658,2850.834235157017,7079.457844,327.0,100.0,427.0,538.0,10,321.8601379394531,239.2414937516096,2.112133097220585,311.8601379394531,-0.004024842630400708,3.677477952428866,-0.004019196500483248,3.7513545431409,-0.008583577473958333,0.315595577580481,1,-1.0,-1.0,0,0,0,0,0,33.4,23.0,80.0,18.4,1011.3,kandi/KAND,173.06789013672005,88.6,86.1,0.06637439274831225
11.117723567921649,2.9303693157235573,KAND,kandi,11.123456,2.954658,2728.0817920807826,7079.457844,327.0,100.0,427.0,538.0,10,309.2427978515625,256.47796661315454,2.471628618448378,299.2427978515625,-0.008807054262070646,7.715673525207436,-0.008912314138104838,7.842817317705862,-0.004777018229166667,0.19656128297741357,1,-1.0,-1.0,0,0,1,0,0,35.5,22.0,100.0,11.2,1009.7,kandi/KAND,323.68254725880485,89.2,88.4,0.74584554495297
11.132805900330828,2.91270456266345,KAND,kandi,11.123456,2.954658,4698.247067226654,7079.457844,327.0,100.0,427.0,538.0,10,303.1681213378906,282.80077340297504,1.5097975136735555,293.1681213378906,-0.006402814666683253,11.431417763381884,-0.0064958040569313424,11.3800166331429,-0.016289265950520833,0.7304130137695932,1,-1.0,-1.0,0,0,0,0,0,27.9,27.0,25.0,15.8,1009.5,kandi/KAND,115.49335305553211,81.6,83.5,0.8163986766829637
11.135734461155936,2.9285392012530655,KAND,kandi,11.123456,2.954658,3159.9781994140135,7079.457844,327.0,100.0,427.0,538.0,10,294.18560791015625,295.6021201213275,2.406734304509346,284.18560791015625,-0.01230810393327437,13.627448139120311,-0.01223061820056951,13.657107355814016,0.0003533257378472224,0.05823922739735433,1,-1.0,-1.0,0,0,2,11,0,25.1,38.0,70.0,13.7,1012.7,kandi/KAND,265.70070718742903,84.2,85.1,0.8629870654420614
11.117446848682706,2.9251850602662937,KAND,kandi,11.123456,2.954658,3287.6087420568106,7079.457844,327.0,100.0,427.0,538.0,10,304.2083435058594,258.26447321170565,2.1389938578419083,294.2083435058594,-0.008831580143413306,9.205368318290464,-0.00814948583991574,9.282452096535307,0.014227472247333197,0.234730706974235,1,-1.0,-1.0,0,0,1,1,0,33.2,27.0,75.0,15.8,1010.6,kandi/KAND,161.15480094289197,85.9,78.9,0.5232119541439452
11.123185739898789,2.923074612551545,KAND,kandi,11.123456,2.954658,3450.3580514418977,7079.457844,327.0,100.0,427.0,538.0,10,302.68896484375,269.5033906724973,2.063385355919629,292.68896484375,-0.008880119876585144,10.936245121256864,-0.008573334220405184,10.923563852269806,0.006044560673295104,0.14717389801518788,1,-1.0,-1.0,0,0,0,0,0,31.5,32.0,75.0,15.1,1011.5,kandi/KAND,280.0326934020449,80.5,81.6,0.6412915602854927
11.109754117987302,2.9342673988145864,KAND,kandi,11.123456,2.954658,2694.287650671095,7079.457844,327.0,100.0,427.0,538.0,10,326.7602844238281,235.59784781912583,2.130680040134952,316.7602844238281,-0.002566352185792042,2.9903420074584806,-0.0022875799649003624,2.988618866153812,-0.011037190755208334,0.4110941211770534,0,-1.0,2564.702673484509,0,3,0,1,0,31.0,43.0,40.0,3.6,1008.2,kandi/KAND,352.26948019734937,86.1,82.3,0.7657186690803515
11.126343897094477,2.9206135885844087,KAND,kandi,11.123456,2.954658,3732.7495374473956,7079.457844,327.0,100.0,427.0,538.0,10,305.7439270019531,274.94432645017093,1.8605638991156983,295.7439270019531,-0.0073550537109375,11.257687821491965,-0.006964736097440944,11.18254998417501,0.01032867431640625,0.5155470556532556,1,-1.0,-1.0,0,0,0,3,0,25.9,36.0,63.0,14.4,1011.3,kandi/KAND,376.9557385158805,74.6,82.1,0.9927143004643547
11.124068988249997,2.9225806160519543,KAND,kandi,11.123456,2.954658,3504.8443304845273,7079.457844,327.0,100.0,427.0,538.0,10,303.4836730957031,271.1188208390689,2.018359719662719,293.4836730957031,-0.00848601041597812,11.091983193765907,-0.008114152918203953,11.05883572667614,0.011930715169055667,0.2710045246153118,1,-1.0,-1.0,0,0,0,0,0,31.5,32.0,75.0,15.1,1011.5,kandi/KAND,113.91424559135775,81.6,84.4,0.4103413231537961
11.128740791144729,2.9275031520242876,KAND,kandi,11.123456,2.954658,3023.4703523538783,7079.457844,327.0,100.0,427.0,538.0,10,297.86395263671875,281.22133337253905,2.445685051672437,287.86395263671875,-0.011662586417388736,12.332215904483885,-0.011386098522198625,12.369009136486039,0.007050577799479167,0.26066769683755425,1,-1.0,-1.0,0,0,4,7,0,35.7,22.0,60.0,14.8,1008.1,kandi/KAND,174.81002316812828,87.2,82.6,0.9938195602204795
11.125944304036995,2.928273139192601,KAND,kandi,11.123456,2.954658,2895.4305439098953,7079.457844,327.0,100.0,427.0,538.0,10,297.4830017089844,275.4926103590297,2.5612197447227456,287.4830017089844,-0.012430857139026714,11.498079659727392,-0.01191505064245508,11.617011397144259,-0.0002520667959455278,0.23203419208266893,1,-1.0,-1.0,0,0,1,3,0,35.3,21.0,79.0,20.2,1008.9,kandi/KAND,192.4369964429442,81.1,87.2,0.22606119823216908
11.126401215019603,2.9281817569960795,KAND,kandi,11.123456,2.954658,2910.589020192756,7079.457844,327.0,100.0,427.0,538.0,10,297.0646667480469,276.47057616634527,2.5561171403026157,287.0646667480469,-0.012461185297348095,11.687972795159062,-0.0121379755540423,11.80053894666285,0.0015813417643471637,0.055090083923220685,1,-1.0,-1.0,0,0,0,1,0,35.7,22.0,60.0,14.8,1008.1,kandi/KAND,192.4369964429442,87.2,81.1,0.5051676355273815
11.110166650638098,2.9339878053762414,KAND,kandi,11.123456,2.954658,2694.428721795093,7079.457844,327.0,100.0,427.0,538.0,10,325.7911682128906,236.76846661742945,2.1511476370834024,315.7911682128906,-0.0029025506108329288,3.0920228787133466,-0.0027608125106148096,3.111398316313926,-0.01276516384548611,0.4863710891941526,1,-1.0,-1.0,0,0,0,0,0,30.3,45.0,32.0,11.2,1007.8,kandi/KAND,309.17405911533984,82.3,88.6,0.3542297943184274
11.112514731276748,2.9380765683524563,KAND,kandi,11.123456,2.954658,2178.533020244116,7079.457844,327.0,100.0,427.0,538.0,10,327.5272521972656,236.08189200209154,2.6143339105385146,317.5272521972656,-0.0026475462194991434,3.257430069574256,-0.002503797743055555,3.2319769290227915,-0.006501515706380208,0.414254014062081,1,-1.0,-1.0,0,0,2,0,0,30.3,45.0,32.0,11.2,1007.8,kandi/KAND,251.1567510887154,90.3,90.0,0.4413891625964197
11.113165180791958,2.932676500716254,KAND,kandi,11.123456,2.954658,2657.484417290968,7079.457844,327.0,100.0,427.0,538.0,10,317.2632751464844,244.4956990179691,2.3645975571999687,307.2632751464844,-0.006015769015537219,4.728725911198388,-0.0060355385581215655,4.878754059567263,-0.005205790201822917,0.30891038946871635,1,-1.0,-1.0,0,0,0,0,0,28.3,38.0,34.0,17.3,1009.3,kandi/KAND,356.0124926179925,87.3,90.3,0.39179416650918586
11.107823835782035,2.9314079456673223,KAND,kandi,11.123456,2.954658,3072.6734741101363,7079.457844,327.0,100.0,427.0,538.0,10,324.40509033203125,235.5831454098215,1.9123647089479032,314.40509033203125,-0.0031111517958509957,3.141801578248807,-0.002776285807291667,3.1761105622730916,-0.0021052042643229167,0.25999661092658455,1,-1.0,-1.0,0,0,0,0,0,31.0,43.0,40.0,3.6,1008.2,kandi/KAND,152.93749306281921,88.1,86.1,0.1132827918257806
11.11056848991426,2.934774008561008,KAND,kandi,11.123456,2.954658,2598.2149470421573,7079.457844,327.0,100.0,427.0,538.0,10,328.5411071777344,236.55597857966018,2.1701749578968093,318.5411071777344,-0.002081575494699541,3.0848496752979253,-0.0021138051922401685,3.065457577238407,-0.022072601318359374,1.0261299925593346,1,-1.0,-1.0,0,0,0,2,0,31.0,43.0,40.0,3.6,1008.2,kandi/KAND,237.3936713820402,90.3,82.3,0.7272850808190947
11.106855421371964,2.9321425765213514,KAND,kandi,11.123456,2.954658,3069.5332917206556,7079.457844,327.0,100.0,427.0,538.0,10,328.6663818359375,233.0812292201823,1.8348636734502886,318.6663818359375,-0.001507765884152508,2.869984248498592,-0.001545624189497444,2.867295086082228,-0.007409221034522496,0.24249735121272764,1,-1.0,-1.0,0,0,0,2,0,31.0,43.0,40.0,3.6,1008.2,kandi/KAND,330.0848336780301,86.1,86.8,0.6879770523233277
11.111625787575026,2.9325918768397847,KAND,kandi,11.123456,2.954658,2742.8823701376245,7079.457844,327.0,100.0,427.0,538.0,10,321.41986083984375,241.35085864049165,2.204364071877124,311.41986083984375,-0.004727594666125967,4.015869842001309,-0.004508019846381871,4.087053111710745,-0.010347239176432292,0.6324060693147656,1,-1.0,-1.0,0,0,0,0,0,31.0,43.0,40.0,3.6,1008.2,kandi/KAND,333.563772763011,88.7,81.5,0.08802259697125436
11.126994250332691,2.9287617918219917,KAND,kandi,11.123456,2.954658,2855.878019481397,7079.457844,327.0,100.0,427.0,538.0,10,296.8409423828125,277.92988967377323,2.6094978598422416,286.8409423828125,-0.012668206956651476,11.832449310569329,-0.012520331937754411,11.891114036375404,-0.001980166790343981,0.09270760402605774,1,-1.0,-1.0,0,0,1,3,0,35.7,22.0,60.0,14.8,1008.1,kandi/KAND,253.12137819628967,87.2,83.3,0.3496706148798958
11.110003890392163,2.9349290461450357,KAND,kandi,11.123456,2.954658,2619.045258779072,7079.457844,327.0,100.0,427.0,538.0,10,330.3375244140625,235.2070604423251,2.1136859724433408,320.3375244140625,-0.000750789443236237,2.9839302466510076,-0.0020301446028710628,2.9801058332708066,-0.036880997784480445,1.157020575060723,1,-1.0,-1.0,0,0,0,10,0,31.0,43.0,40.0,3.6,1008.2,kandi/KAND,352.26948019734937,86.1,82.3,0.9885642024514371
11.145629198093054,2.9201457156866497,KAND,kandi,11.123456,2.954658,4497.663312817338,7079.457844,327.0,100.0,427.0,538.0,10,290.9873962402344,303.22004166624214,1.7321380820475933,280.9873962402344,-0.009408869588031941,14.358844773395296,-0.009290916041324015,14.346204954980314,-0.0004519992404513889,0.01783799431070149,1,-1.0,-1.0,0,0,0,0,0,30.2,29.0,65.0,16.6,1012.8,kandi/KAND,169.91341088926387,75.9,81.4,0.976517593595675
11.127255947733724,2.928021463648015,KAND,kandi,11.123456,2.954658,2940.007780462577,7079.457844,327.0,100.0,427.0,538.0,10,297.0,278.2749261050159,2.5318309308913722,287.0,-0.012353459033054159,11.964402829123703,-0.012043060302734377,12.053429400705346,0.0038848876953125,0.14684762499861218,1,-1.0,-1.0,0,0,0,4,0,35.3,21.0,79.0,20.2,1008.9,kandi/KAND,253.12137819628967,83.3,87.2,0.9946680706908
11.108628195730185,2.9310836575292414,KAND,kandi,11.123456,2.954658,3053.315709389944,7079.457844,327.0,100.0,427.0,538.0,10,323.4591369628906,237.34212887294848,1.942210559427774,313.4591369628906,-0.0032120002096123162,3.4950226565531106,-0.00312960698054387,3.5222874242148965,0.0022972954644097225,0.3491926113316242,1,-1.0,-1.0,0,0,0,0,0,31.0,43.0,40.0,3.6,1008.2,kandi/KAND,209.350490283057,88.1,81.5,0.5163221187959589
11.109404329026676,2.9333408075358194,KAND,kandi,11.123456,2.954658,2799.8555929927893,7079.457844,327.0,100.0,427.0,538.0,10,328.2452087402344,236.10983487138293,2.0200642118673287,318.2452087402344,-0.001801478609125665,3.022594382443268,-0.002593345595508142,3.0320203039160982,-0.013935829382931426,0.9135824164385172,1,-1.0,-1.0,0,0,0,0,0,31.0,43.0,40.0,3.6,1008.2,kandi/KAND,352.26948019734937,86.1,82.3,0.45363892775689396
11.110193674192752,2.935307625736501,KAND,kandi,11.123456,2.954658,2573.0907691412094,7079.457844,327.0,100.0,427.0,538.0,10,331.22418212890625,235.06816108417388,2.131684590960172,321.22418212890625,-0.0008406987930914654,2.9821706776393464,-0.0011317628802675187,2.9485892194793295,-0.011945936414930558,0.4949542055732677,1,-1.0,-1.0,0,0,0,12,0,30.3,45.0,32.0,11.2,1007.8,kandi/KAND,367.7244494531442,90.3,82.3,0.8830587931792238
11.13979087335366,2.9145744986573527,KAND,kandi,11.123456,2.954658,4736.8385070192035,7079.457844,327.0,100.0,427.0,538.0,10,297.4419860839844,292.5586968962451,1.5667152624073981,287.4419860839844,-0.007837653385696598,13.03765630630533,-0.008377825192884816,13.025246695892209,-0.11761812487052355,3.8258045792696027,0,-1.0,4613.4338966158975,0,3,0,6,0,30.4,39.0,60.0,7.6,1009.9,kandi/KAND,295.05963126131167,82.2,78.5,0.6937507991949127
11.123512176476268,2.9235800095489948,KAND,kandi,11.123456,2.954658,3395.02181998323,7079.457844,327.0,100.0,427.0,538.0,10,302.6036071777344,270.1085483014406,2.09842575841831,292.6036071777344,-0.008982974046852155,11.009722924879087,-0.008849814594655796,11.003884804708369,0.004382663302951389,0.16300492216016385,1,-1.0,-1.0,0,0,0,0,0,31.5,32.0,75.0,15.1,1011.5,kandi/KAND,306.15079813714885,84.4,80.5,0.4520613349278615
11.111302156253323,2.932551140963545,KAND,kandi,11.123456,2.954658,2764.0295055865968,7079.457844,327.0,100.0,427.0,538.0,10,321.83734130859375,240.74059886534124,2.1788738662633205,311.83734130859375,-0.004117576024865591,3.9185090262541906,-0.004241590292706885,3.946600277128061,-0.008985858359850461,0.24644351919028568,1,-1.0,-1.0,0,0,0,0,0,31.0,43.0,40.0,3.6,1008.2,kandi/KAND,165.92922165772438,88.7,88.6,0.3797437026452729
11.1142501055879,2.931205923602367,KAND,kandi,11.123456,2.954658,2756.9454147784772,7079.457844,327.0,100.0,427.0,538.0,10,313.49932861328125,248.19838600553652,2.3574783632709093,303.49932861328125,-0.007183351378509965,5.672232395913233,-0.007233369434978947,5.846752388956106,-0.006356133355034723,0.23359275890123343,1,-1.0,-1.0,0,0,0,0,0,35.5,22.0,100.0,11.2,1009.7,kandi/KAND,392.9995717554643,89.2,87.3,0.8385176735879395
11.136826152485884,2.928117633659275,KAND,kandi,11.123456,2.954658,3254.681278286384,7079.457844,327.0,100.0,427.0,538.0,10,293.561279296875,297.1795929383277,2.3477555475507175,283.561279296875,-0.012160274960579129,13.81491403877135,-0.011944809189071886,13.863228660421246,0.00034459431966145837,0.01937576007890312,1,-1.0,-1.0,0,0,4,2,0,25.1,38.0,70.0,13.7,1012.7,kandi/KAND,371.0522637042291,85.1,83.4,0.25197195060392086
11.1051491916935,2.927140105061411,KAND,kandi,11.123456,2.954658,3624.6279993138064,7079.457844,327.0,100.0,427.0,538.0,10,322.9868469238281,235.86596660202662,1.6437216894571554,312.9868469238281,-0.002916069139093966,3.5489819661258184,-0.0029741158007283194,3.6105809514168596,-0.016386583116319447,0.6053176989005764,1,-1.0,-1.0,0,0,0,0,0,31.4,32.0,75.0,16.2,1012.0,kandi/KAND,277.7596185553782,83.6,80.7,0.8836534716459927
11.116009469368704,2.9290363045901633,KAND,kandi,11.123456,2.954658,2917.681632299031,7079.457844,327.0,100.0,427.0,538.0,10,308.3209533691406,253.50347346349977,2.3292678644899985,298.3209533691406,-0.00850490647919324,7.432938971482501,-0.008751154774981725,7.527771326741476,-0.019440980295751087,0.633550446684678,1,-1.0,-1.0,0,0,1,6,0,28.3,38.0,34.0,17.3,1009.3,kandi/KAND,392.9995717554643,87.3,89.2,0.9504346944860497
11.128649464991117,2.9275344113117656,KAND,kandi,11.123456,2.954658,3018.1814122690103,7079.457844,327.0,100.0,427.0,538.0,10,297.86395263671875,281.0446522497039,2.449965554510085,287.86395263671875,-0.011613254358360265,12.312568633723407,-0.011386098522198625,12.350019722338732,0.007836405436197917,0.3681032350109782,1,-1.0,-1.0,0,0,3,9,0,33.0,34.0,28.0,16.2,1007.9,kandi/KAND,174.81002316812828,82.6,87.2,0.06747316032473094
11.126285073850717,2.927004312090619,KAND,kandi,11.123456,2.954658,3037.0903970804693,7079.457844,327.0,100.0,427.0,538.0,10,297.8998107910156,275.95498399686596,2.4340551777582853,287.8998107910156,-0.011576982884625204,11.834676008745921,-0.011137765498699437,11.854342140817062,0.015883210391006864,0.4987163916568992,1,-1.0,-1.0,0,0,0,6,0,35.7,22.0,60.0,14.8,1008.1,kandi/KAND,276.13132473513264,81.0,81.1,0.3855306349859038
11.108975712586437,2.932014759930657,KAND,kandi,11.123456,2.954658,2946.952923733145,7079.457844,327.0,100.0,427.0,538.0,10,324.0216979980469,236.9089018801029,2.0013289807526546,314.0216979980469,-0.0033998439152471754,3.2771739708708556,-0.0032724520619180973,3.3105332524914295,-0.007810508726262966,0.2770873427301708,1,-1.0,-1.0,0,0,0,0,0,31.0,43.0,40.0,3.6,1008.2,kandi/KAND,336.60591917685895,88.7,86.1,0.9727903161433731
