Rx_lat,Rx_lon,Tx_id,City,Tx_lat,Tx_lon,Distance,Tx_power,Tx_alt,Tx_antenna_height,Tx_height,Freq,Rx_antenna_height,Rx_height,Azimut_Tx_Rx,Tilt_Tx_Rx,Rx_alt,Slope_Tx_Rx,Roughness_Tx_Rx,Slope_Tx_Rx_50m,Roughness_Tx_Rx_50m,Slope_Local_Rx_50m,Roughness_Local_Rx_50m,LOS,First_building_m,First_tree_m,Fresnel_buildings,Fresnel_trees,Buildings_near_Rx,Trees_near_Rx,Environment,Temp,Rhum,stratum,pair_dist,y_a,y_b,lam
6.376459217226945,2.3501541153188343,ABCA,cotonou,6.4302,2.3471,5952.687089187426,21238.37353,17.0,150.0,167.0,570.0,10,14.226481437683105,176.7674293987052,1.470152321618766,4.2264814376831055,-0.0018402503762812272,3.5549532585117545,-0.0018261149550354106,3.537554109994072,-0.00037821531295776365,0.017288424783759165,1,-1.0,-1.0,0,0,1,9,1,28.4,51.0,cotonou/ABCA,208.9278317199207,70.6,74.3,0.22753588946921677
6.380021951053548,2.354593728270415,ABCA,cotonou,6.4302,2.3471,5610.680626746686,21238.37353,17.0,150.0,167.0,570.0,10,12.838192224502563,171.5579012318999,1.5738908948876686,2.8381922245025635,-0.0022054716500879176,3.394944760755966,-0.002150216184257431,3.377135058431263,0.0025327148915648477,0.06938036937675797,1,-1.0,-1.0,0,0,0,16,1,32.0,41.0,cotonou/ABCA,129.29475120989903,76.2,73.3,0.6445991549536221
6.376738173850963,2.351211825851571,ABCA,cotonou,6.4302,2.3471,5929.715013661516,21238.37353,17.0,150.0,167.0,570.0,10,14.16728162765503,175.62906020288472,1.476416904440515,4.167281627655029,-0.0018635074716831235,3.5201741797676025,-0.0018443121910095214,3.503152187614857,-0.000666487216949463,0.0316008355680417,1,-1.0,-1.0,0,0,2,6,1,28.4,51.0,cotonou/ABCA,208.9278317199207,70.6,74.3,0.8086955228411071
6.37638327177652,2.349866155485971,ABCA,cotonou,6.4302,2.3471,5959.351439266562,21238.37353,17.0,150.0,167.0,570.0,10,14.2510666847229,177.07578193999166,1.4682727508080553,4.2510666847229,-0.001836132244448766,3.560687984357036,-0.0018277615061644496,3.5431625573911454,-0.0006656209627787272,0.031915075970302194,1,-1.0,-1.0,0,0,0,12,1,28.4,51.0,cotonou/ABCA,208.9278317199207,70.6,74.3,0.06931620108299663
6.379975402797988,2.3546070277720035,ABCA,cotonou,6.4302,2.3471,5615.989248598979,21238.37353,17.0,150.0,167.0,570.0,10,12.838192224502563,171.55085895180207,1.5724038914905416,2.8381922245025635,-0.0021940751701382036,3.3861491219928026,-0.0021547854449658044,3.3773133310382337,0.0022448514669373095,0.06938036937675797,1,-1.0,-1.0,0,0,0,14,1,31.3,40.0,cotonou/ABCA,129.29475120989903,73.3,76.2,0.3969617875111445
6.379312325989659,2.354796478288669,ABCA,cotonou,6.4302,2.3471,5691.619410674032,21238.37353,17.0,150.0,167.0,570.0,10,12.828059196472168,171.45196801670977,1.5516220223924408,2.828059196472168,-0.0021700930537863856,3.3798739096683326,-0.002141136676073074,3.3623865348426447,0.0008982261021931965,0.03470918053670846,1,-1.0,-1.0,0,0,0,7,1,32.0,41.0,cotonou/ABCA,129.29475120989903,76.2,73.3,0.011005347909660679
6.379985897962289,2.3546040291536317,ABCA,cotonou,6.4302,2.3471,5614.792314216871,21238.37353,17.0,150.0,167.0,570.0,10,12.838192224502563,171.55244560175174,1.5727389206470443,2.8381922245025635,-0.0021940751701382036,3.3861491219928026,-0.002153940228630562,3.3773133310382337,0.002298100096057584,0.06938036937675797,1,-1.0,-1.0,0,0,0,13,1,31.3,40.0,cotonou/ABCA,129.29475120989903,73.3,76.2,0.3875911050989205
6.380124506923026,2.3545644265934214,ABCA,cotonou,6.4302,2.3471,5598.984889033748,21238.37353,17.0,150.0,167.0,570.0,10,12.838192224502563,171.5734639976555,1.5771769418692583,2.8381922245025635,-0.0021997473950383937,3.3934953412818394,-0.002170953086234064,3.3756623355904636,0.0009342670440673828,0.04990053130129801,1,-1.0,-1.0,0,0,0,11,1,31.3,40.0,cotonou/ABCA,129.29475120989903,73.3,76.2,0.2638331044409491
6.3766930524928,2.3510407407018645,ABCA,cotonou,6.4302,2.3471,5933.269467356011,21238.37353,17.0,150.0,167.0,570.0,10,14.191477298736572,175.8137852760774,1.4752993206796272,4.191477298736572,-0.0018571305435299997,3.5414090029348038,-0.001854003882399081,3.524219816409644,-0.0014139212496332998,0.029332132687776204,1,-1.0,-1.0,0,0,2,3,1,30.0,52.0,cotonou/ABCA,208.9278317199207,74.3,70.6,0.2853073066679406
6.379704778551556,2.35468434898527,ABCA,cotonou,6.4302,2.3471,5646.854433111312,21238.37353,17.0,150.0,167.0,570.0,10,12.903472185134888,171.51017839795009,1.5631516868616726,2.9034721851348877,-0.002170953086234064,3.391497607978726,-0.002171722377883827,3.3825969951695942,-4.70399373149985e-05,0.03820186543175349,1,-1.0,-1.0,0,0,0,10,1,32.0,41.0,cotonou/ABCA,129.29475120989903,76.2,73.3,0.36140942103230145
6.379972611160256,2.354607825382784,ABCA,cotonou,6.4302,2.3471,5616.307625214098,21238.37353,17.0,150.0,167.0,570.0,10,12.838192224502563,171.5504370282165,1.5723147999804756,2.8381922245025635,-0.0021940751701382036,3.3861491219928026,-0.0021549963109670505,3.3773133310382337,0.002231566908858815,0.06938036937675797,1,-1.0,-1.0,0,0,0,14,1,32.0,41.0,cotonou/ABCA,129.29475120989903,76.2,73.3,0.6005456788005545
6.3798643018745045,2.354638770892999,ABCA,cotonou,6.4302,2.3471,5628.660161736722,21238.37353,17.0,150.0,167.0,570.0,10,12.903472185134888,171.53410417241184,1.5682019521832253,2.9034721851348877,-0.002173366667607187,3.400646622234358,-0.0021778574742768943,3.382814194904451,4.902084668477371e-05,0.041690103066554365,1,-1.0,-1.0,0,0,0,13,1,32.0,41.0,cotonou/ABCA,129.29475120989903,76.2,73.3,0.5038409593794804
6.380080712281567,2.354576939348124,ABCA,cotonou,6.4302,2.3471,5603.979292450925,21238.37353,17.0,150.0,167.0,570.0,10,12.838192224502563,171.56681025468697,1.5757720322002777,2.8381922245025635,-0.002202932937066833,3.3941203351449776,-0.002170953086234064,3.3762846808345337,0.0012262900670369466,0.04671526901704233,1,-1.0,-1.0,0,0,0,10,1,31.3,40.0,cotonou/ABCA,129.29475120989903,73.3,76.2,0.3029354628872716
6.379381632504889,2.3547766764271745,ABCA,cotonou,6.4302,2.3471,5683.713555157508,21238.37353,17.0,150.0,167.0,570.0,10,12.798988580703735,171.46218124357642,1.5540720559831465,2.7989885807037354,-0.002177857474276894,3.3798947042784633,-0.0021411366760730743,3.36241244643011,0.0012297113736470541,0.05530126216461799,1,-1.0,-1.0,0,0,0,5,1,32.0,41.0,cotonou/ABCA,129.29475120989903,76.2,73.3,0.07288616507954815
6.380293020179129,2.3545162799488204,ABCA,cotonou,6.4302,2.3471,5579.768113073155,21238.37353,17.0,150.0,167.0,570.0,10,12.793106079101562,171.59917734657665,1.5830686103008904,2.7931060791015625,-0.002225723684922745,3.4031850355355284,-0.0021746498707838594,3.3851827981453564,0.0017376752557140007,0.04557981617722967,1,-1.0,-1.0,0,0,0,4,1,32.0,41.0,cotonou/ABCA,129.29475120989903,76.2,73.3,0.8866251599359738
6.380107430655313,2.3545693055270536,ABCA,cotonou,6.4302,2.3471,5600.932281875767,21238.37353,17.0,150.0,167.0,570.0,10,12.838192224502563,171.5708681805421,1.576628848721015,2.8381922245025635,-0.0022011880972072706,3.3934970982961157,-0.002170953086234064,3.3756640854213242,0.0012262900670369466,0.04671526901704233,1,-1.0,-1.0,0,0,0,10,1,31.3,40.0,cotonou/ABCA,129.29475120989903,73.3,76.2,0.27907977204199597
6.3799271774122674,2.354620806453638,ABCA,cotonou,6.4302,2.3471,5621.489230141286,21238.37353,17.0,150.0,167.0,570.0,10,12.838192224502563,171.54357696073146,1.5708662460777303,2.8381922245025635,-0.0021940751701382036,3.3861410842557316,-0.0021577903327139776,3.3773053061204643,0.0020555435388023946,0.06938036937675797,1,-1.0,-1.0,0,0,0,13,1,32.0,41.0,cotonou/ABCA,129.29475120989903,76.2,73.3,0.5599798323820718
6.376529673663448,2.350421262640573,ABCA,cotonou,6.4302,2.3471,5946.660944252885,21238.37353,17.0,150.0,167.0,570.0,10,14.20145559310913,176.48075081454033,1.471882433099147,4.201455593109131,-0.0018708436435654183,3.5481499118662407,-0.001839320293939277,3.539464355618582,-0.000829391471290862,0.026874893594740167,1,-1.0,-1.0,0,0,2,5,1,30.0,52.0,cotonou/ABCA,208.9278317199207,74.3,70.6,0.6256798678170741
6.379689041149222,2.3546888453859367,ABCA,cotonou,6.4302,2.3471,5648.649400476802,21238.37353,17.0,150.0,167.0,570.0,10,12.903472185134888,171.507826405262,1.5626552115687473,2.9034721851348877,-0.002170953086234064,3.3918363151187854,-0.002172134169535677,3.382934883746995,-7.31200752654732e-05,0.03820186543175349,1,-1.0,-1.0,0,0,0,12,1,31.3,40.0,cotonou/ABCA,129.29475120989903,73.3,76.2,0.6526418310519524
6.3795951135514395,2.3547156818424457,ABCA,cotonou,6.4302,2.3471,5659.362739105905,21238.37353,17.0,150.0,167.0,570.0,10,12.798988580703735,171.4938197112374,1.560755537292318,2.7989885807037354,-0.002202615530632751,3.391850813021553,-0.0021613816732303425,3.374173160629783,-8.444190025329594e-05,0.03463236531149263,1,-1.0,-1.0,0,0,0,12,1,32.0,41.0,cotonou/ABCA,129.29475120989903,76.2,73.3,0.2634942423569532
6.376529997364947,2.350422490008756,ABCA,cotonou,6.4302,2.3471,5946.633606469895,21238.37353,17.0,150.0,167.0,570.0,10,14.20145559310913,176.47943237259813,1.4718891966404122,4.201455593109131,-0.0018710279029834325,3.547697597446552,-0.0018393248453613996,3.5390136379588815,-0.0008296948994323998,0.026874893594740167,1,-1.0,-1.0,0,0,2,5,1,30.0,52.0,cotonou/ABCA,208.9278317199207,74.3,70.6,0.6250054896946527
6.376691885633262,2.35103631635945,ABCA,cotonou,6.4302,2.3471,5933.362215483913,21238.37353,17.0,150.0,167.0,570.0,10,14.191477298736572,175.81855939330444,1.4752762695367951,4.191477298736572,-0.0018571052807642755,3.541628456912354,-0.0018538985773855104,3.52443625686634,-0.0014069009153952691,0.029332132687776204,1,-1.0,-1.0,0,0,2,3,1,30.0,52.0,cotonou/ABCA,208.9278317199207,74.3,70.6,0.2877382640385451
6.376539468787987,2.350458402487784,ABCA,cotonou,6.4302,2.3471,5945.835122427222,21238.37353,17.0,150.0,167.0,570.0,10,14.20145559310913,176.4408497162491,1.4720867740873542,4.201455593109131,-0.001877567283985374,3.548477265821006,-0.0018394623907749667,3.539795641477062,-0.0008388645936701732,0.026874893594740167,1,-1.0,-1.0,0,0,2,5,1,28.4,51.0,cotonou/ABCA,208.9278317199207,70.6,74.3,0.39472664163955107
6.376751455387782,2.3512621850120086,ABCA,cotonou,6.4302,2.3471,5928.6806597289615,21238.37353,17.0,150.0,167.0,570.0,10,14.16728162765503,175.57464388986284,1.4766743751345148,4.167281627655029,-0.0018641125747353635,3.5199835292435657,-0.0018443121910095212,3.5029783282256144,-0.000666487216949463,0.0316008355680417,1,-1.0,-1.0,0,0,2,6,1,28.4,51.0,cotonou/ABCA,208.9278317199207,70.6,74.3,0.8363653912135084
6.376761031011352,2.351298492584708,ABCA,cotonou,6.4302,2.3471,5927.938281037176,21238.37353,17.0,150.0,167.0,570.0,10,14.16728162765503,175.53539940109272,1.4768592228950141,4.167281627655029,-0.001864595242349027,3.519607542215254,-0.0018443121910095214,3.5026224881807955,-0.000666487216949463,0.0316008355680417,1,-1.0,-1.0,0,0,2,5,1,28.4,51.0,cotonou/ABCA,208.9278317199207,70.6,74.3,0.856314606982309
6.376695346959924,2.3510494405563755,ABCA,cotonou,6.4302,2.3471,5933.087212773048,21238.37353,17.0,150.0,167.0,570.0,10,14.191477298736572,175.80439720064726,1.4753446193947293,4.191477298736572,-0.0018571808330708314,3.5411798889744133,-0.0018542159473016056,3.523993655612376,-0.001428058909801611,0.029332132687776204,1,-1.0,-1.0,0,0,2,3,1,30.0,52.0,cotonou/ABCA,208.9278317199207,74.3,70.6,0.28052716682663614
6.379461959479158,2.3547537258630977,ABCA,cotonou,6.4302,2.3471,5674.550815635374,21238.37353,17.0,150.0,167.0,570.0,10,12.798988580703735,171.4740540691016,1.5565801941700865,2.7989885807037354,-0.002177857474276894,3.380340869253071,-0.0021494023040825976,3.3715664479343865,0.0018270824069474276,0.05330627054324077,1,-1.0,-1.0,0,0,0,8,1,32.0,41.0,cotonou/ABCA,129.29475120989903,76.2,73.3,0.14460667782008518
6.379604303937594,2.35471305601783,ABCA,cotonou,6.4302,2.3471,5658.314472794642,21238.37353,17.0,150.0,167.0,570.0,10,12.798988580703735,171.49518786233182,1.5610445417293737,2.7989885807037354,-0.0022046371904631424,3.391850813021553,-0.0021613816732303425,3.374173160629783,-8.444190025329594e-05,0.03463236531149263,1,-1.0,-1.0,0,0,0,11,1,32.0,41.0,cotonou/ABCA,129.29475120989903,76.2,73.3,0.27169994428006294
6.380156966476448,2.354555152435301,ABCA,cotonou,6.4302,2.3471,5595.2832046515605,21238.37353,17.0,150.0,167.0,570.0,10,12.838192224502563,171.57840325581788,1.5782198309175455,2.8381922245025635,-0.00219585491465669,3.394034471881506,-0.002170953086234064,3.3761940033819378,0.0009342670440673828,0.04990053130129801,1,-1.0,-1.0,0,0,0,8,1,32.0,41.0,cotonou/ABCA,129.29475120989903,76.2,73.3,0.7651486396851797
6.376820709693484,2.35152477425446,ABCA,cotonou,6.4302,2.3471,5923.375069527046,21238.37353,17.0,150.0,167.0,570.0,10,14.146467685699463,175.290592767789,1.4781976474167438,4.146467685699463,-0.0018726574458556358,3.495126505075297,-0.0018499816258748369,3.4782965835653483,-0.0007400234540303548,0.03584812513750514,1,-1.0,-1.0,0,0,2,5,1,30.0,52.0,cotonou/ABCA,208.9278317199207,74.3,70.6,0.019354805241742268
6.376491879951692,2.3502779614834957,ABCA,cotonou,6.4302,2.3471,5949.874680765255,21238.37353,17.0,150.0,167.0,570.0,10,14.20145559310913,176.63460128096722,1.4710877670886098,4.201455593109131,-0.0018580928485722797,3.5521630816659253,-0.0018388474697871692,3.543445022216608,-0.0007444164157158128,0.025330043953408293,1,-1.0,-1.0,0,0,1,6,1,30.0,52.0,cotonou/ABCA,208.9278317199207,74.3,70.6,0.704416767310083
6.376469025106672,2.3501913035294626,ABCA,cotonou,6.4302,2.3471,5951.839182271694,21238.37353,17.0,150.0,167.0,570.0,10,14.226481437683105,176.72755735576413,1.470361669535851,4.2264814376831055,-0.0018471844476539588,3.5547274000709774,-0.0018352703122983685,3.546000533991536,-0.000505939249795748,0.01865874527445047,1,-1.0,-1.0,0,0,1,10,1,30.0,52.0,cotonou/ABCA,208.9278317199207,74.3,70.6,0.7520310277679404
6.376694289271183,2.3510454301532335,ABCA,cotonou,6.4302,2.3471,5933.171207272343,21238.37353,17.0,150.0,167.0,570.0,10,14.191477298736572,175.80872492747392,1.4753237425212777,4.191477298736572,-0.0018571575489552655,3.5409953307350257,-0.0018541173541976436,3.52380982033722,-0.0014214860362041452,0.029332132687776204,1,-1.0,-1.0,0,0,2,3,1,28.4,51.0,cotonou/ABCA,208.9278317199207,70.6,74.3,0.7172693149634369
6.379490563868413,2.3547455531804533,ABCA,cotonou,6.4302,2.3471,5671.288029080674,21238.37353,17.0,150.0,167.0,570.0,10,12.798988580703735,171.47829123427357,1.5574752797510114,2.7989885807037354,-0.0021891326688076008,3.3885311000208604,-0.0021473845285772896,3.37088819070906,0.0019555474474520565,0.05330627054324077,1,-1.0,-1.0,0,0,0,9,1,31.3,40.0,cotonou/ABCA,129.29475120989903,73.3,76.2,0.8298536889171909
6.379425261843428,2.3547642109018776,ABCA,cotonou,6.4302,2.3471,5678.73681192118,21238.37353,17.0,150.0,167.0,570.0,10,12.798988580703735,171.46862517930106,1.5554333481295624,2.7989885807037354,-0.002177857474276894,3.380114934955798,-0.0021512720352690647,3.3713418757361246,0.0017080428547423775,0.05330627054324077,1,-1.0,-1.0,0,0,0,7,1,32.0,41.0,cotonou/ABCA,129.29475120989903,76.2,73.3,0.11184093163234299
6.376418707736079,2.35000051683263,ABCA,cotonou,6.4302,2.3471,5956.220120990773,21238.37353,17.0,150.0,167.0,570.0,10,14.226481437683105,176.93199158448567,1.4692806584963856,4.2264814376831055,-0.001840250376281227,3.5572705664369324,-0.0018560358763811233,3.5398012599606004,-0.002086408066166575,0.032217401230245475,1,-1.0,-1.0,0,0,0,9,1,30.0,52.0,cotonou/ABCA,208.9278317199207,74.3,70.6,0.8568588831703667
6.379314954871387,2.3547957271796034,ABCA,cotonou,6.4302,2.3471,5691.319528471992,21238.37353,17.0,150.0,167.0,570.0,10,12.828059196472168,171.45235489952904,1.5517037391800539,2.828059196472168,-0.002169973109612747,3.3798739096683326,-0.002141136676073074,3.3623865348426447,0.0008982261021931965,0.03470918053670846,1,-1.0,-1.0,0,0,0,7,1,32.0,41.0,cotonou/ABCA,129.29475120989903,76.2,73.3,0.013352563739103762
6.380118741424811,2.3545660738786256,ABCA,cotonou,6.4302,2.3471,5599.642390304967,21238.37353,17.0,150.0,167.0,570.0,10,12.838192224502563,171.57258736435938,1.5769918457326981,2.8381922245025635,-0.0022002691388691214,3.3934953412818394,-0.002170953086234064,3.3756623355904636,0.0009342670440673828,0.04990053130129801,1,-1.0,-1.0,0,0,0,10,1,31.3,40.0,cotonou/ABCA,129.29475120989903,73.3,76.2,0.26898087070458887
6.38010081160755,2.354571196683557,ABCA,cotonou,6.4302,2.3471,5601.6871271317095,21238.37353,17.0,150.0,167.0,570.0,10,12.838192224502563,171.5698624834513,1.5764165001517403,2.8381922245025635,-0.0022016703656672805,3.393594252851492,-0.002170953086234064,3.375760838478042,0.0012262900670369466,0.04671526901704233,1,-1.0,-1.0,0,0,0,9,1,32.0,41.0,cotonou/ABCA,129.29475120989903,76.2,73.3,0.7150103638840825
6.376380316100922,2.349854948549326,ABCA,cotonou,6.4302,2.3471,5959.614336400247,21238.37353,17.0,150.0,167.0,570.0,10,14.2510666847229,177.08776847516447,1.468208009078822,4.2510666847229,-0.001836132244448766,3.5602677116054213,-0.0018277615061644496,3.542741504164409,-0.0006656209627787272,0.031915075970302194,1,-1.0,-1.0,0,0,0,11,1,28.4,51.0,cotonou/ABCA,208.9278317199207,70.6,74.3,0.0631585435855867
6.376567685158873,2.350565389560728,ABCA,cotonou,6.4302,2.3471,5943.47255332741,21238.37353,17.0,150.0,167.0,570.0,10,14.21655559539795,176.32584645150996,1.472526210867865,4.216555595397949,-0.0018419129964294947,3.547507838067496,-0.0018432609260380082,3.538803858417648,-0.0008685590181073285,0.027699468985782183,1,-1.0,-1.0,0,0,2,7,1,30.0,52.0,cotonou/ABCA,208.9278317199207,74.3,70.6,0.5464892523472185
6.376779806454918,2.3513696828082296,ABCA,cotonou,6.4302,2.3471,5926.490840167819,21238.37353,17.0,150.0,167.0,570.0,10,14.16728162765503,175.45842199878257,1.4772197599114956,4.167281627655029,-0.0018656783936670202,3.5187612225956375,-0.0018499816258748369,3.501724137201087,-0.0009499589602152507,0.0465236821812012,1,-1.0,-1.0,0,0,1,5,1,30.0,52.0,cotonou/ABCA,208.9278317199207,74.3,70.6,0.10456988558828706
6.376758794294442,2.351290011699761,ABCA,cotonou,6.4302,2.3471,5928.11143694529,21238.37353,17.0,150.0,167.0,570.0,10,14.16728162765503,175.544567188398,1.476816103994198,4.167281627655029,-0.001864478688587662,3.520021467052198,-0.0018443121910095212,3.5030328244570192,-0.000666487216949463,0.0316008355680417,1,-1.0,-1.0,0,0,3,4,1,28.4,51.0,cotonou/ABCA,208.9278317199207,70.6,74.3,0.8516547800883467
6.380048859363004,2.354586040181999,ABCA,cotonou,6.4302,2.3471,5607.61189274778,21238.37353,17.0,150.0,167.0,570.0,10,12.838192224502563,171.5619782657842,1.5747517642379951,2.8381922245025635,-0.002204473197530016,3.3947322647948406,-0.0021461668089178833,3.37692339558212,0.0027878255379563364,0.06938036937675797,1,-1.0,-1.0,0,0,0,14,1,31.3,40.0,cotonou/ABCA,129.29475120989903,73.3,76.2,0.33137556874575336
6.376532926753559,2.3504335972739128,ABCA,cotonou,6.4302,2.3471,5946.386353895306,21238.37353,17.0,150.0,167.0,570.0,10,14.20145559310913,176.46750036760238,1.4719503713217659,4.201455593109131,-0.0018727986279187055,3.548084465237124,-0.0018393664736628351,3.539400718936452,-0.0008324701195280742,0.026874893594740167,1,-1.0,-1.0,0,0,2,5,1,30.0,52.0,cotonou/ABCA,208.9278317199207,74.3,70.6,0.6189025967511972
6.379313965148731,2.3547960099575054,ABCA,cotonou,6.4302,2.3471,5691.432428236666,21238.37353,17.0,150.0,167.0,570.0,10,12.828059196472168,171.45220924091632,1.5516729734030095,2.828059196472168,-0.0021700186986779303,3.3798739096683326,-0.002141136676073074,3.3623865348426447,0.0008982261021931965,0.03470918053670846,1,-1.0,-1.0,0,0,0,7,1,31.3,40.0,cotonou/ABCA,129.29475120989903,73.3,76.2,0.987531117204046
6.376476685023212,2.3502203473796777,ABCA,cotonou,6.4302,2.3471,5951.179001698996,21238.37353,17.0,150.0,167.0,570.0,10,14.226481437683105,176.69640952418104,1.4705247091635427,4.2264814376831055,-0.0018479262467686497,3.5544004159132796,-0.0018353658373661552,3.5456762334796195,-0.0005123075876481956,0.01865874527445047,1,-1.0,-1.0,0,0,1,7,1,30.0,52.0,cotonou/ABCA,208.9278317199207,74.3,70.6,0.7360728683089475
6.38008708592791,2.3545751183063115,ABCA,cotonou,6.4302,2.3471,5603.252427970221,21238.37353,17.0,150.0,167.0,570.0,10,12.838192224502563,171.56777786895668,1.5759763412421595,2.8381922245025635,-0.0022025618836599057,3.3941203351449776,-0.002170953086234064,3.3762846808345337,0.0012262900670369466,0.04671526901704233,1,-1.0,-1.0,0,0,0,10,1,31.3,40.0,cotonou/ABCA,129.29475120989903,73.3,76.2,0.2972447072236035
6.376606568745918,2.350712823161603,ABCA,cotonou,6.4302,2.3471,5940.2566013791775,21238.37353,17.0,150.0,167.0,570.0,10,14.21655559539795,176.167216573975,1.4733230597530187,4.216555595397949,-0.0018513691036608723,3.552242393598361,-0.0018440978080737365,3.534915825618143,-0.0009243511538225274,0.027699468985782183,1,-1.0,-1.0,0,0,2,6,1,30.0,52.0,cotonou/ABCA,208.9278317199207,74.3,70.6,0.4654817793390128
6.3763937449693655,2.3499058663421777,ABCA,cotonou,6.4302,2.3471,5958.422012537487,21238.37353,17.0,150.0,167.0,570.0,10,14.2510666847229,177.03330011123,1.4685016796133326,4.2510666847229,-0.001836132244448766,3.559814865870898,-0.0018277615061644496,3.5423064789265886,-0.0006656209627787272,0.031915075970302194,1,-1.0,-1.0,0,0,0,11,1,28.4,51.0,cotonou/ABCA,208.9278317199207,70.6,74.3,0.09113535284473129
6.379965430372574,2.3546098770364075,ABCA,cotonou,6.4302,2.3471,5617.126570597656,21238.37353,17.0,150.0,167.0,570.0,10,12.838192224502563,171.5493519552914,1.5720856803912275,2.8381922245025635,-0.0021940751701382036,3.3861491219928026,-0.002155514261071304,3.3773133310382337,0.002198936052290818,0.06938036937675797,1,-1.0,-1.0,0,0,0,14,1,31.3,40.0,cotonou/ABCA,129.29475120989903,73.3,76.2,0.4058657387730189
6.376782896124722,2.351381397806238,ABCA,cotonou,6.4302,2.3471,5926.253689347483,21238.37353,17.0,150.0,167.0,570.0,10,14.146467685699463,175.44575105053082,1.4774799456937047,4.146467685699463,-0.0018732469626586978,3.518741629463854,-0.0018499816258748369,3.501724137201087,-0.0009499589602152507,0.0465236821812012,1,-1.0,-1.0,0,0,2,5,1,30.0,52.0,cotonou/ABCA,208.9278317199207,74.3,70.6,0.09813307349547984
6.380323640001593,2.3545075314281165,ABCA,cotonou,6.4302,2.3471,5576.276437649314,21238.37353,17.0,150.0,167.0,570.0,10,12.793106079101562,171.60386862732548,1.5840593693562486,2.7931060791015625,-0.0022256755453580047,3.4031850355355284,-0.0021699363024145516,3.3851827981453564,0.002033058873523962,0.04557981617722967,1,-1.0,-1.0,0,0,0,5,1,31.3,40.0,cotonou/ABCA,129.29475120989903,73.3,76.2,0.08603571286335931
6.376790162332599,2.351408948844437,ABCA,cotonou,6.4302,2.3471,5925.697121433523,21238.37353,17.0,150.0,167.0,570.0,10,14.146467685699463,175.41594781708807,1.4776186556835276,4.146467685699463,-0.0018700255759220887,3.518091624967711,-0.0018499816258748369,3.5010845760196836,-0.0007400234540303548,0.03584812513750514,1,-1.0,-1.0,0,0,2,4,1,28.4,51.0,cotonou/ABCA,208.9278317199207,70.6,74.3,0.9170048595807572
6.379497781963474,2.3547434908675786,ABCA,cotonou,6.4302,2.3471,5670.464695247463,21238.37353,17.0,150.0,167.0,570.0,10,12.798988580703735,171.4793612200533,1.557701308908853,2.7989885807037354,-0.0021887863647456914,3.388526286472199,-0.0021467631897140005,3.3708833895685317,0.0019951060217481254,0.05330627054324077,1,-1.0,-1.0,0,0,0,9,1,31.3,40.0,cotonou/ABCA,129.29475120989903,73.3,76.2,0.8234089611835576
6.363933878076994,2.369787358975611,COTO,cotonou,6.352268,2.402957,3890.024697152931,21238.37353,9.0,100.0,109.0,570.0,10,11.605924487113953,289.48969594403064,1.4342078420114528,1.6059244871139526,-0.0005387351146111121,1.16988875511811,-0.000548962853231939,1.1944710745880303,-0.0008091772423904653,0.013230797395162901,1,-1.0,-1.0,0,0,4,1,1,30.0,55.0,cotonou/COTO,248.21595536951256,62.5,59.4,0.7719205643246407
6.349011149569997,2.381590097041886,COTO,cotonou,6.352268,2.402957,2391.3325465887574,21238.37353,9.0,100.0,109.0,570.0,10,12.564074754714966,261.2818889050895,2.3093313196282077,2.564074754714966,-0.00048620301248113705,0.5241837871132922,-0.0004867418994748495,0.5669009847442306,-0.0011807998021443687,0.0441621245815954,1,-1.0,-1.0,0,0,5,2,1,32.0,71.0,cotonou/COTO,240.9109181835051,65.8,55.9,0.47153577165564153
6.3644721287516335,2.3731975598027306,COTO,cotonou,6.352268,2.402957,3558.4360428145374,21238.37353,9.0,100.0,109.0,570.0,10,11.714824438095093,292.4242051483098,1.5660368143687484,1.7148244380950928,-0.0005575537912888962,1.2262933828266345,-0.0005486149104830319,1.2470789055921512,-0.0005825926860173543,0.028353482383348304,1,-1.0,-1.0,0,0,2,9,1,31.0,63.0,cotonou/COTO,344.695661852635,62.4,60.5,0.6877508434911596
6.38100541992331,2.3645780707614477,COTO,cotonou,6.352268,2.402957,5303.728679948495,21238.37353,9.0,100.0,109.0,570.0,10,13.251685380935669,306.99751356664467,1.034249447887264,3.251685380935669,-8.7883750211491e-05,1.1124615351688638,-8.095922416814876e-05,1.1065275413493207,-0.00011348194546169698,0.0340383526739345,0,5059.268239790547,5048.639525001072,2,3,2,12,1,30.7,55.0,cotonou/COTO,344.11074176779897,66.5,70.4,0.44893329400514814
6.362857663465313,2.3589759058816258,COTO,cotonou,6.352268,2.402957,5004.980411448074,21238.37353,9.0,100.0,109.0,570.0,10,11.654451370239258,283.62094795455386,1.1142473066951242,1.6544513702392578,-0.00040963401134612757,1.2521582967157592,-0.0003966953301266958,1.2617460373260807,0.00046934205597288516,0.009083246213863779,1,-1.0,-1.0,0,0,3,0,1,29.0,75.0,cotonou/COTO,326.8907597349128,61.2,65.7,0.8321532653093257
6.371934332921421,2.389619642084622,COTO,cotonou,6.352268,2.402957,2628.208328744286,21238.37353,9.0,100.0,109.0,570.0,10,11.972432374954224,326.0205471961133,2.1142717296694014,1.9724323749542236,-0.0006487251753873553,0.8569907879037802,-0.0006464418216987892,0.885089710734521,0.0004076202710469564,0.01807222424396117,1,-1.0,-1.0,0,0,0,16,1,33.0,67.0,cotonou/COTO,271.69843466620387,73.3,84.9,0.5979846877113111
6.38498085506034,2.3722260353416447,COTO,cotonou,6.352268,2.402957,4964.6009282093955,21238.37353,9.0,100.0,109.0,570.0,10,12.664428949356079,316.9679144718389,1.1116561227471569,2.664428949356079,-0.0002163037687424111,1.0887439091761508,-0.00021073983775244819,1.0828772282734251,-0.0004873335361480713,0.024103496346999417,0,-1.0,4656.178826456908,0,5,1,3,1,31.8,57.0,cotonou/COTO,263.34150546393204,62.5,57.6,0.04976622635597949
6.350626997762843,2.3894380367495556,COTO,cotonou,6.352268,2.402957,1506.7168901407133,21238.37353,9.0,100.0,109.0,570.0,10,14.228418350219727,263.0374221163104,3.5991284446443164,4.228418350219727,0.00034080190596237685,0.3015784840460948,0.00029151370369231587,0.2997810303280365,-0.0009052741109415368,0.02879749044746047,1,-1.0,-1.0,0,0,0,2,1,31.0,71.0,cotonou/COTO,351.49863683938656,66.6,65.2,0.9370114722980979
6.363828272253598,2.3698414885936328,COTO,cotonou,6.352268,2.402957,3880.5124541211717,21238.37353,9.0,100.0,109.0,570.0,10,11.630157232284546,289.35564746555,1.4373644494118745,1.630157232284546,-0.0005325215902083959,1.1647047109814763,-0.0005385458014393581,1.1779314615379537,-0.0007271726926167807,0.027811843706733983,1,-1.0,-1.0,0,0,4,3,1,30.0,55.0,cotonou/COTO,248.21595536951256,59.4,62.5,0.17501118271271388
6.368694667902088,2.399076300399941,COTO,cotonou,6.352268,2.402957,1866.6410051531996,21238.37353,9.0,100.0,109.0,570.0,10,12.756392478942871,346.7870836765461,2.9515444093418486,2.756392478942871,-0.0005029624101346133,0.6399866811661362,-0.0006213284731897089,0.6678583987170593,-0.004081317479859187,0.12387570452095796,1,-1.0,-1.0,0,0,0,15,1,32.0,63.0,cotonou/COTO,322.2748851523748,73.4,68.2,0.869335804175252
6.381667589230802,2.3684890473847577,COTO,cotonou,6.352268,2.402957,5011.280019597871,21238.37353,9.0,100.0,109.0,570.0,10,13.464126348495483,310.6396862755767,1.0921639457713448,3.4641263484954834,-4.7829235857630104e-05,1.1147052105897628,2.426083331651661e-05,1.1097313622619305,0.006494502392953207,0.16164793113979428,1,-1.0,-1.0,0,0,3,13,1,34.0,32.0,cotonou/COTO,218.89526468152152,61.3,58.1,0.5724205128947417
6.3659534569378975,2.3643311848415967,COTO,cotonou,6.352268,2.402957,4533.601336315333,21238.37353,9.0,100.0,109.0,570.0,10,11.488264918327332,289.62339308918604,1.2321660283186817,1.4882649183273315,-0.0004865628324056928,1.374517969777884,-0.00048674447799217156,1.3799510645283435,-0.0001640406915452444,0.005447825546312313,1,-1.0,-1.0,0,0,0,0,1,30.1,50.0,cotonou/COTO,322.59013949595317,66.1,61.3,0.6133845373804849
6.35094193464998,2.4143225987231514,COTO,cotonou,6.352268,2.402957,1266.0198840852117,21238.37353,9.0,100.0,109.0,570.0,10,15.741765022277832,96.69491780912074,4.212943354011352,5.741765022277832,0.0014432662812786361,0.6489863667015074,0.0013009608331621034,0.6580823013414255,-0.0045838136174541294,0.14068382372952729,1,-1.0,-1.0,0,0,0,13,1,30.0,75.0,cotonou/COTO,285.3045504368927,75.1,58.1,0.6502878476688984
6.365969788076119,2.3627582537420264,COTO,cotonou,6.352268,2.402957,4698.586987656188,21238.37353,9.0,100.0,109.0,570.0,10,11.522751927375793,288.93220982133585,1.1884921719705022,1.5227519273757935,-0.00046374511819989307,1.3767115682161826,-0.00045776617102153143,1.3856862700909391,8.911192417144776e-05,0.006332800596597623,1,-1.0,-1.0,0,0,0,0,1,30.1,50.0,cotonou/COTO,364.4114954279447,61.3,78.69999999999999,0.14029386893583262
6.34811414734336,2.3811633287776552,COTO,cotonou,6.352268,2.402957,2454.640225800576,21238.37353,9.0,100.0,109.0,570.0,10,10.890208840370178,259.1450760357861,2.288843140085882,0.8902088403701782,-0.001148260318939375,0.8660527969717137,-0.0011220630908769275,0.9599725810497426,-0.00045845376120673284,0.016892614003656232,1,-1.0,-1.0,0,0,0,1,1,32.0,71.0,cotonou/COTO,94.8968856180276,59.0,55.9,0.354706695313893
6.3702556461730655,2.4026866929765776,COTO,cotonou,6.352268,2.402957,1989.4409530045587,21238.37353,9.0,100.0,109.0,570.0,10,13.018152475357056,359.14437483538427,2.7621296684410455,3.0181524753570557,-0.0004499190533161791,0.544951382351646,-0.0004104858600143626,0.5666124844809208,-0.0034995610676538396,0.11470876776582446,1,-1.0,-1.0,0,0,1,3,1,32.0,75.0,cotonou/COTO,383.81129230388444,86.5,86.2,0.8762656473648207
6.369177312456397,2.362968542725059,COTO,cotonou,6.352268,2.402957,4803.2246160398045,21238.37353,9.0,100.0,109.0,570.0,10,11.90614938735962,293.0507059800011,1.1580366865240816,1.9061493873596191,-0.00037284514425210577,1.4771353509508525,-0.00035989448857405543,1.4757720572869482,0.002138287491268582,0.07874877920252522,1,-1.0,-1.0,0,0,0,0,1,32.0,71.0,cotonou/COTO,319.6896352714521,78.0,78.0,0.054924982558817725
6.369155900893717,2.3899383412514243,COTO,cotonou,6.352268,2.402957,2358.512606023465,21238.37353,9.0,100.0,109.0,570.0,10,11.952411532402039,322.54350621527794,2.356265644383658,1.9524115324020386,-0.0007597654796198262,0.7276373150338296,-0.0007563520360876013,0.7829842278102576,-0.0024765888849894208,0.11436703368659856,1,-1.0,-1.0,0,0,0,0,1,32.0,63.0,cotonou/COTO,259.09644632842327,62.3,86.3,0.6461813536267629
6.372061248228578,2.3547655266992957,COTO,cotonou,6.352268,2.402957,5763.650747336617,21238.37353,9.0,100.0,109.0,570.0,10,13.23845100402832,292.45631953841223,0.9518668030432075,3.2384510040283203,-8.092235407063382e-05,1.3635793182561042,-9.17711976384858e-05,1.3600804371658544,-0.00112723740948086,0.0330943555497378,0,-1.0,5370.937069161377,0,5,3,0,1,29.5,69.0,cotonou/COTO,249.20674248494376,51.6,58.6,0.7135642280618857
6.364397761540801,2.370613577115941,COTO,cotonou,6.352268,2.402957,3821.608530419169,21238.37353,9.0,100.0,109.0,570.0,10,11.60999310016632,290.67586111993376,1.4598117073587726,1.6099931001663208,-0.000561410477376473,1.2240981671470992,-0.0005442670064094739,1.246367398437332,-0.0006738394498825074,0.03322359898599721,1,-1.0,-1.0,0,0,1,4,1,31.0,63.0,cotonou/COTO,265.7076628552334,62.4,59.4,0.5434022185067608
6.369187408191797,2.3969924601587045,COTO,cotonou,6.352268,2.402957,1984.0433021120268,21238.37353,9.0,100.0,109.0,570.0,10,12.400272369384766,340.692095216914,2.7874338342556544,2.4002723693847656,-0.0006501089874191664,0.6815822187312184,-0.0007030690417570227,0.7165644835143096,-0.0021080149544609916,0.08230601742514199,1,-1.0,-1.0,0,0,1,3,1,32.0,63.0,cotonou/COTO,256.52289722354817,73.4,86.5,0.4374566942439305
6.3707251040451505,2.354609743072529,COTO,cotonou,6.352268,2.402957,5725.277401681795,21238.37353,9.0,100.0,109.0,570.0,10,13.075225591659546,291.0157759756309,0.9598784729813709,3.075225591659546,-0.00011282304422973962,1.373890471108314,-0.00011193019326692618,1.3668923393093861,-0.0007520304785834419,0.031036469881945784,0,5449.913358314334,5163.075813139894,2,8,2,2,1,31.0,63.0,cotonou/COTO,249.20674248494376,58.6,51.6,0.8856035671970482
6.365167887821916,2.4149674360616156,COTO,cotonou,6.352268,2.402957,1949.5850577521487,21238.37353,9.0,100.0,109.0,570.0,10,14.892335891723633,42.77809537173346,2.763557270043856,4.892335891723633,0.0006062060473889753,0.413963076980841,0.0005235756214578354,0.4081711771952645,-0.002431397967868381,0.09303837347309751,1,-1.0,-1.0,0,0,3,9,1,33.0,63.0,cotonou/COTO,306.3941828756752,57.9,65.7,0.09961896055100627
6.350535213919895,2.389485725151941,COTO,cotonou,6.352268,2.402957,1502.739857108205,21238.37353,9.0,100.0,109.0,570.0,10,14.133553981781006,262.6263682265489,3.6122310805741376,4.133553981781006,0.00027879905077367057,0.31244398737403406,0.0002328308871069647,0.31154385933842416,-0.0019224429317542917,0.06120266801892736,1,-1.0,-1.0,0,0,1,0,1,31.8,66.0,cotonou/COTO,351.49863683938656,65.2,66.6,0.03032523839671808
6.372184193530309,2.3924642824233233,COTO,cotonou,6.352268,2.402957,2489.708281185774,21238.37353,9.0,100.0,109.0,570.0,10,12.401565790176392,332.36408094747793,2.2219100474821114,2.4015657901763916,-0.0005241195709037427,0.751725946460378,-0.0004974922349894929,0.7756121967275345,0.0005115883574944251,0.011879325622262195,1,-1.0,-1.0,0,0,1,2,1,33.0,67.0,cotonou/COTO,363.2414581239478,81.4,82.1,0.7418137621476993
6.372621307833986,2.4006799791511377,COTO,cotonou,6.352268,2.402957,2264.8844577468394,21238.37353,9.0,100.0,109.0,570.0,10,11.957129120826721,353.6557146512873,2.4534356007130764,1.9571291208267212,-0.000770984984856471,0.8857384264217392,-0.0007551305823855929,0.9287358516983146,-0.00036812921365102127,0.01701720581380067,1,-1.0,-1.0,0,0,1,6,1,31.7,72.0,cotonou/COTO,270.87866527279124,87.4,86.5,0.254376820674434
6.358544304915332,2.4108357509437015,COTO,cotonou,6.352268,2.402957,1114.2799657159771,21238.37353,9.0,100.0,109.0,570.0,10,14.996693134307861,51.28607719168127,4.822189939617433,4.996693134307861,0.0011313172808864662,0.3893007613817549,0.0013047163303081808,0.39949482027781685,0.0037350601620144315,0.14748584351964633,0,-1.0,1056.2212901476096,0,26,2,14,1,32.0,67.0,cotonou/COTO,352.045035329285,68.1,58.7,0.3424905629866455
6.364027181860139,2.3616875292804242,COTO,cotonou,6.352268,2.402957,4747.598711126124,21238.37353,9.0,100.0,109.0,570.0,10,11.680505156517029,285.9998842462995,1.1743232424603198,1.6805051565170288,-0.0004248398904780423,1.2898028617163289,-0.00041719588447371327,1.2943908423206443,0.000388251247003766,0.011582553836047305,1,-1.0,-1.0,0,0,0,0,1,30.1,50.0,cotonou/COTO,370.6602309393415,61.3,67.2,0.7181465658375582
6.3519949174694235,2.373665788919701,COTO,cotonou,6.352268,2.402957,3240.9378866752963,21238.37353,9.0,100.0,109.0,570.0,10,13.900843620300293,269.4641667937425,1.6807533689885825,3.900843620300293,5.969194489681374e-05,0.3481626273270288,3.9109656900772636e-05,0.351474302438753,-0.0015732163634674362,0.05129012524605908,1,-1.0,-1.0,0,0,0,4,1,33.0,63.0,cotonou/COTO,135.44729233169025,78.1,74.7,0.9937753551603253
6.3592711207734025,2.39561220992476,COTO,cotonou,6.352268,2.402957,1122.5641341546739,21238.37353,9.0,100.0,109.0,570.0,10,14.35785436630249,313.81271712243694,4.819147470033338,4.35785436630249,0.0005709323966712282,0.4477682934559491,0.00042232016722361257,0.4430007357419757,-0.0019972999890645344,0.09299496055001183,1,-1.0,-1.0,0,0,5,10,1,31.0,71.0,cotonou/COTO,237.15585761266473,58.3,56.5,0.8796369495476318
6.383774966602522,2.371604409986945,COTO,cotonou,6.352268,2.402957,4916.563359163639,21238.37353,9.0,100.0,109.0,570.0,10,13.003366947174072,315.31974957483646,1.118566512722888,3.0033669471740723,-0.00014301310709821497,1.1223620060595618,-0.00016661389067763437,1.1156306405401077,-0.001401252096126684,0.029452678700495553,0,-1.0,4630.831220053928,0,3,2,13,1,34.0,32.0,cotonou/COTO,161.07626082067793,53.4,62.5,0.04468829473311664
6.355140142162542,2.4111561076658834,COTO,cotonou,6.352268,2.402957,961.1497314309344,21238.37353,9.0,100.0,109.0,570.0,10,15.84505844116211,70.5838109173011,5.535834901344805,5.845058441162109,0.0021596636434998177,0.6975942978250781,0.001766870924251607,0.6937278060487981,-0.003990674917502788,0.1184617067602416,1,-1.0,-1.0,0,0,8,5,1,32.0,71.0,cotonou/COTO,387.43452466200705,58.7,70.9,0.3939874141665751
6.3480845288113805,2.381229335791781,COTO,cotonou,6.352268,2.402957,2448.0835001023574,21238.37353,9.0,100.0,109.0,570.0,10,10.890208840370178,259.0371169959217,2.2949668248140203,0.8902088403701782,-0.0011541918262529564,0.906430482906961,-0.0011177708705266316,0.9932376003146698,-0.0005276446541150411,0.025209906456082246,1,-1.0,-1.0,0,0,0,0,1,32.0,71.0,cotonou/COTO,94.8968856180276,59.0,55.9,0.27008231822987927
6.348383270079904,2.3766386140898224,COTO,cotonou,6.352268,2.402957,2943.4122310794137,21238.37353,9.0,100.0,109.0,570.0,10,11.464200496673584,261.5538392029458,1.8979147701104047,1.464200496673584,-0.0007551484637790256,1.0505159840129905,-0.0007475969791412352,1.0661850761073366,0.0,0.0,1,-1.0,-1.0,0,0,0,0,1,33.0,63.0,cotonou/COTO,255.08273363755146,66.5,64.3,0.5662379684062058
6.36096420533091,2.408409595059142,COTO,cotonou,6.352268,2.402957,1135.2514035098486,21238.37353,9.0,100.0,109.0,570.0,10,14.621192455291748,31.92894888498853,4.7523402792997285,4.621192455291748,0.0008099508597487357,0.4666938126415004,0.0008194512128829956,0.4553518754602789,0.0012593375311957466,0.04822247711975755,1,-1.0,-1.0,0,0,5,4,1,32.0,67.0,cotonou/COTO,264.2872471383624,62.5,70.5,0.1718476141021098
6.364810645773951,2.362331305829758,COTO,cotonou,6.352268,2.402957,4703.94897582664,21238.37353,9.0,100.0,109.0,570.0,10,11.671825170516968,287.2595399252965,1.1853228214146334,1.6718251705169678,-0.0004310002126827737,1.3222356749172535,-0.00043818750979618306,1.3310718004818314,-0.0004439553993823026,0.010963829428681165,1,-1.0,-1.0,0,0,1,0,1,33.0,48.0,cotonou/COTO,370.6602309393415,67.2,61.3,0.5855216178104229
6.384988915536373,2.3721962635833953,COTO,cotonou,6.352268,2.402957,4967.5065643341595,21238.37353,9.0,100.0,109.0,570.0,10,12.664428949356079,316.9472822597716,1.111006046436059,2.664428949356079,-0.00021406160493513983,1.0893762791656936,-0.00021073983775244819,1.0835042259339245,-0.0004873335361480713,0.024103496346999417,0,-1.0,4658.903952121015,0,5,1,2,1,34.0,32.0,cotonou/COTO,263.34150546393204,57.6,62.5,0.9372330058495856
6.364963943242932,2.3672093525332545,COTO,cotonou,6.352268,2.402957,4196.905466534442,21238.37353,9.0,100.0,109.0,570.0,10,11.478058218955994,289.6664817943433,1.3311213194726785,1.4780582189559937,-0.0005311212302202599,1.2910044823651077,-0.0005202819698846033,1.3084314974062357,2.838271462294288e-05,0.004287422468066371,1,-1.0,-1.0,0,0,3,5,1,30.1,50.0,cotonou/COTO,358.990200005476,58.0,59.4,0.01725613050852126
6.370908537704624,2.390127363175789,COTO,cotonou,6.352268,2.402957,2502.856519057775,21238.37353,9.0,100.0,109.0,570.0,10,11.910059690475464,325.6275155440063,2.221484123835608,1.9100596904754639,-0.0007409863724645806,0.7999223985806396,-0.0007044452105381693,0.8389280054542089,-0.0004146148761113485,0.027010820565743478,1,-1.0,-1.0,0,0,2,7,1,33.0,67.0,cotonou/COTO,137.85914006689853,86.3,84.9,0.8665600864660866
6.368525373876308,2.399572495566586,COTO,cotonou,6.352268,2.402957,1836.4506803387067,21238.37353,9.0,100.0,109.0,570.0,10,12.95344853401184,348.31055701035086,2.993847209809544,2.953448534011841,-0.0004051305914437899,0.6329541972393276,-0.0005441044925326166,0.6598691133366408,-0.005751524865510251,0.19224730913368118,1,-1.0,-1.0,0,0,0,15,1,32.0,63.0,cotonou/COTO,311.79147214124436,66.0,68.2,0.9057726410875463
6.3653027833352365,2.371198914594929,COTO,cotonou,6.352268,2.402957,3797.8807350905445,21238.37353,9.0,100.0,109.0,570.0,10,11.555829644203186,292.44143161748127,1.4697446894417172,1.555829644203186,-0.0005720681816241115,1.3067423801618565,-0.0005633805765354049,1.3250977436801759,-0.000592889388402303,0.030406626337381674,1,-1.0,-1.0,0,0,1,2,1,30.0,55.0,cotonou/COTO,265.7076628552334,59.4,62.4,0.9068573807147032
6.378585557983723,2.365081536262995,COTO,cotonou,6.352268,2.402957,5101.9973354236245,21238.37353,9.0,100.0,109.0,570.0,10,13.296753406524658,304.96160465676127,1.074627985391635,3.296753406524658,-7.996842642741363e-05,1.1603988006720258,-9.724314267371974e-05,1.1569939675825083,-0.0009439396323389455,0.046557758414850124,1,-1.0,-1.0,0,0,2,5,1,30.7,55.0,cotonou/COTO,325.9584504197963,66.5,64.2,0.5616152786458718
6.381693041717773,2.3685976446624983,COTO,cotonou,6.352268,2.402957,5003.972949195127,21238.37353,9.0,100.0,109.0,570.0,10,13.366671323776245,310.75357614413514,1.094873853815081,3.366671323776245,-5.951366007716801e-05,1.1133563250650576,2.2040696115736474e-05,1.1088067302851696,0.00636943466397593,0.1854278885907159,1,-1.0,-1.0,0,0,3,13,1,30.7,45.0,cotonou/COTO,218.89526468152152,58.1,61.3,0.37101840494867244
6.348312910415055,2.3763917968528117,COTO,cotonou,6.352268,2.402957,2971.566075518012,21238.37353,9.0,100.0,109.0,570.0,10,10.710995376110077,261.4818279172438,1.8944531609872035,0.7109953761100769,-0.0009986653526624042,1.3065185471170573,-0.0009887775768934696,1.327531372596552,0.0,0.0,1,-1.0,-1.0,0,0,0,0,1,33.0,63.0,cotonou/COTO,255.08273363755146,64.3,66.5,0.322080023896702
6.354811768964309,2.3942762198026943,COTO,cotonou,6.352268,2.402957,1000.7937998192915,21238.37353,9.0,100.0,109.0,570.0,10,15.45411491394043,286.4283982158077,5.340017420611163,5.45411491394043,0.0017320418329144457,0.586748725728911,0.001668939104786626,0.5988004599822535,0.0014283855756123862,0.06269834459756041,1,-1.0,-1.0,0,0,1,11,1,31.0,71.0,cotonou/COTO,279.6517178563703,62.9,57.1,0.2045070033665728
6.373952862973626,2.3905906123699867,COTO,cotonou,6.352268,2.402957,2760.935510748974,21238.37353,9.0,100.0,109.0,570.0,10,12.178421258926392,330.45767247416717,2.008448007826256,2.1784212589263916,-0.0005538572788075523,0.8340609833723065,-0.0005672473775997848,0.8551835725115587,-0.002297908476974516,0.06606617553989173,1,-1.0,-1.0,0,0,2,10,1,33.0,67.0,cotonou/COTO,256.9667980498637,81.4,73.3,0.21197529717607544
6.383251936259275,2.371001277390302,COTO,cotonou,6.352268,2.402957,4923.44095683398,21238.37353,9.0,100.0,109.0,570.0,10,13.566002368927002,314.29441861024276,1.1104592648931515,3.566002368927002,-2.8482639428341e-05,1.123403612095518,-1.6152101960924886e-05,1.121016350339321,0.00285465136422498,0.09310014745575962,1,-1.0,-1.0,0,0,1,9,1,34.0,32.0,cotonou/COTO,324.8945539710613,53.4,58.1,0.2516471724327649
6.3676518699858,2.388318379320863,COTO,cotonou,6.352268,2.402957,2348.92052656632,21238.37353,9.0,100.0,109.0,570.0,10,12.35819959640503,316.59938372248644,2.355995464240612,2.3581995964050293,-0.0005691104800389286,0.7725832031858277,-0.0006498195727666219,0.798415219349187,-0.0036178032557169595,0.1401051611544057,1,-1.0,-1.0,0,0,7,8,1,32.0,63.0,cotonou/COTO,280.00176285154186,62.3,67.2,0.3408281471872734
6.359859463126632,2.377336562408069,COTO,cotonou,6.352268,2.402957,2956.3455468395573,21238.37353,9.0,100.0,109.0,570.0,10,13.084709882736206,286.60271487020407,1.858244996557442,3.084709882736206,-0.00021849738190392475,0.8184722229604641,-0.00021959035703451326,0.8323853176443768,-0.0008692999680836995,0.04058459488443963,1,-1.0,-1.0,0,0,0,7,1,32.0,63.0,cotonou/COTO,343.13365923494894,65.8,63.8,0.6797991399752494
6.371369454810409,2.3686586222211896,COTO,cotonou,6.352268,2.402957,4343.052738383905,21238.37353,9.0,100.0,109.0,570.0,10,11.578279614448547,299.2668982726673,1.285021805708283,1.5782796144485474,-0.0004874279856388142,1.3201939765971946,-0.00045951752136387395,1.325510667018914,0.0013745592841672217,0.02866664886542254,1,-1.0,-1.0,0,0,0,15,1,32.0,67.0,cotonou/COTO,291.86035290862867,79.6,64.7,0.4689629646836355
6.370783972766241,2.391829200893027,COTO,cotonou,6.352268,2.402957,2389.268827025815,21238.37353,9.0,100.0,109.0,570.0,10,12.320435285568237,329.15145203709693,2.317156892490539,2.3204352855682373,-0.0005777317285537721,0.6465440153403996,-0.0006048720057417708,0.6920224907428576,-0.0010320703188578288,0.05510394547714941,1,-1.0,-1.0,0,0,1,14,1,33.0,67.0,cotonou/COTO,340.2779183256066,86.3,82.1,0.5633980281957762
6.387023725567556,2.3746609313425724,COTO,cotonou,6.352268,2.402957,4957.1732995411685,21238.37353,9.0,100.0,109.0,570.0,10,13.365596532821655,321.02471412392526,1.1052201979388578,3.3655965328216553,-6.855319302723595e-05,0.9868261947411402,-4.443360897833245e-05,0.9845561032794707,0.0012935744391547308,0.05880697873640662,1,-1.0,-1.0,0,0,2,11,1,31.0,59.0,cotonou/COTO,285.70158014965295,66.1,70.2,0.11928101351832654
6.372924721189373,2.3890806866085734,COTO,cotonou,6.352268,2.402957,2752.346165522493,21238.37353,9.0,100.0,109.0,570.0,10,11.984796047210693,326.27289923444675,2.0187364037601325,1.9847960472106934,-0.0006239838358284771,0.9000779442884423,-0.0006251159262763104,0.9232962350941283,-0.00045146139125109864,0.018736193560633125,1,-1.0,-1.0,0,0,0,1,1,33.0,67.0,cotonou/COTO,271.69843466620387,73.3,84.9,0.13733898168656833
6.358647324114804,2.4047529576486837,COTO,cotonou,6.352268,2.402957,732.9255178930181,21238.37353,9.0,100.0,109.0,570.0,10,14.490571975708008,15.631398008081476,7.347642145040082,4.490571975708008,0.001093162860959508,0.49146789713182115,0.0009972369229352032,0.4735946736774372,0.00045686960220336914,0.023652688388783545,1,-1.0,-1.0,0,0,4,11,1,31.4,69.0,cotonou/COTO,384.8115623263995,64.7,66.4,0.6901409019281475
6.3483881849486705,2.3766558551374,COTO,cotonou,6.352268,2.402957,2941.445760044244,21238.37353,9.0,100.0,109.0,570.0,10,11.464200496673584,261.558920974697,1.8991826711612032,1.464200496673584,-0.0007551484637790256,1.0505159840129905,-0.0007475969791412352,1.0661850761073366,0.0,0.0,1,-1.0,-1.0,0,0,0,0,1,33.0,63.0,cotonou/COTO,255.08273363755146,66.5,64.3,0.5584365894116952
6.3721760986073965,2.3688476793611084,COTO,cotonou,6.352268,2.402957,4369.0506247011335,21238.37353,9.0,100.0,109.0,570.0,10,11.663612842559814,300.4264366543791,1.2762593631981898,1.6636128425598145,-0.00045951454349080564,1.305862301954923,-0.0004502098034094045,1.3093025119060737,0.0009177227814992269,0.04638647949692707,1,-1.0,-1.0,0,0,4,5,1,32.0,67.0,cotonou/COTO,291.86035290862867,79.6,64.7,0.1538677314856448
6.362740868302976,2.3830224893111547,COTO,cotonou,6.352268,2.402957,2491.1412688722125,21238.37353,9.0,100.0,109.0,570.0,10,13.036900520324707,297.86268343297826,2.206042426782245,3.036900520324707,-0.003974630252421901,0.8834597488213147,-0.0003970768383533716,0.8962477843180245,-0.00611917304225205,0.18930647201669726,1,-1.0,-1.0,0,0,1,2,1,31.7,62.0,cotonou/COTO,160.52457568861385,54.4,62.4,0.03631565055973518
6.379711711697896,2.3749130754407544,COTO,cotonou,6.352268,2.402957,4340.243264106921,21238.37353,9.0,100.0,109.0,570.0,10,11.991755723953247,314.5589679783765,1.2803977486239784,1.991755723953247,-0.00038688778068783814,1.1756916414387628,-0.00038161126799189074,1.1733709565598982,0.0009571033718187129,0.04839979252722163,1,-1.0,-1.0,0,0,1,2,1,31.0,63.0,cotonou/COTO,389.1226866940447,81.4,70.5,0.38061745552500026
6.359981701193168,2.395442982136548,COTO,cotonou,6.352268,2.402957,1191.1430296284184,21238.37353,9.0,100.0,109.0,570.0,10,14.045294284820557,315.9282671221639,4.557826361761359,4.045294284820557,0.0002819190422693889,0.4203985012437621,-0.0003157904416315834,0.4428947828899266,-0.008179986746434019,0.13256636518783496,1,-1.0,-1.0,0,0,4,6,1,32.6,66.0,cotonou/COTO,204.60464730791253,56.5,68.1,0.29983760498251977
6.355652009335024,2.3928517497992163,COTO,cotonou,6.352268,2.402957,1179.0154784869299,21238.37353,9.0,100.0,109.0,570.0,10,15.626132011413574,288.6216051585161,4.528172438810389,5.626132011413574,0.0015992838144302367,0.6535301416185579,0.001647837762910176,0.6615234764560093,0.0015205171373155382,0.061998994554629726,1,-1.0,-1.0,0,0,2,12,1,31.0,71.0,cotonou/COTO,279.6517178563703,62.9,57.1,0.8609447929877712
6.361340245916171,2.4066214837047353,COTO,cotonou,6.352268,2.402957,1082.1048847449074,21238.37353,9.0,100.0,109.0,570.0,10,14.902602672576904,21.872247421159386,4.9698101162002635,4.902602672576904,0.001077127241873526,0.4611887299437544,0.0011087840322009425,0.4580946037551929,0.0010690824815751683,0.0304405288074867,1,-1.0,-1.0,0,0,2,11,1,31.6,70.0,cotonou/COTO,264.2872471383624,70.5,62.5,0.06072262005803941
6.372879125883243,2.391960784265726,COTO,cotonou,6.352268,2.402957,2583.702958392335,21238.37353,9.0,100.0,109.0,570.0,10,12.447453737258911,332.0670631821169,2.1401378052478743,2.447453737258911,-0.00048258149304152454,0.7877660364677367,-0.00048473799034556684,0.7972439353676128,0.00031088824138084245,0.01752815987379877,1,-1.0,-1.0,0,0,1,6,1,33.0,67.0,cotonou/COTO,363.2414581239478,81.4,82.1,0.4795751383989575
6.355071190769327,2.3735240651131178,COTO,cotonou,6.352268,2.402957,3271.1897884637942,21238.37353,9.0,100.0,109.0,570.0,10,14.7260160446167,275.47548446061353,1.6507775655418202,4.726016044616699,0.00030879533652103305,0.41883523005639467,0.00031291006563662044,0.4174864271210572,0.0007455348968505859,0.027393932722976508,1,-1.0,-1.0,0,0,0,12,1,29.6,72.0,cotonou/COTO,377.7671008703886,61.8,74.7,0.09376742078613809
6.3768717468666765,2.360720708930325,COTO,cotonou,6.352268,2.402957,5407.356684401186,21238.37353,9.0,100.0,109.0,570.0,10,12.934659004211426,300.3785614569231,1.0177911236073296,2.934659004211426,-0.0001999503794376385,1.236374509463839,-0.00014569123014076014,1.2330694357914431,-0.0009644647943177122,0.03914274146591558,0,-1.0,4724.664357512859,0,1,2,9,1,31.5,72.0,cotonou/COTO,238.48215027541633,77.1,76.1,0.5360759848595975
6.350121617107672,2.4131926248900375,COTO,cotonou,6.352268,2.402957,1157.0857497155082,21238.37353,9.0,100.0,109.0,570.0,10,14.77070665359497,101.91365319453979,4.655707607649155,4.770706653594971,0.000874754117758226,0.2936786052284365,0.0008662807263009917,0.3141740547534437,0.0022621711095174154,0.1148612513524567,1,-1.0,-1.0,0,0,0,5,1,29.8,77.0,cotonou/COTO,285.3045504368927,58.1,75.1,0.8929688028665258
6.369937181237248,2.3915043070613757,COTO,cotonou,6.352268,2.402957,2328.87896454086,21238.37353,9.0,100.0,109.0,570.0,10,12.230940580368042,327.211695804247,2.3793727151001813,2.230940580368042,-0.0006651327427937884,0.6125498041635087,-0.0007415693058846944,0.6651636391535544,-0.004678527621981609,0.13240256361506259,1,-1.0,-1.0,0,0,6,7,1,33.0,67.0,cotonou/COTO,292.9664112146319,84.9,61.2,0.6865568259105022
6.362775892888325,2.3646572042033918,COTO,cotonou,6.352268,2.402957,4393.914856901371,21238.37353,9.0,100.0,109.0,570.0,10,11.590249300003052,285.4346409262444,1.269995827111006,1.5902493000030518,-0.0004748098292900645,1.1881743304405874,-0.0004690790603091519,1.2060426238961086,0.00016807913780212403,0.01374631706486358,1,-1.0,-1.0,0,0,3,6,1,33.0,39.0,cotonou/COTO,239.71117558433022,63.0,60.2,0.4685961666392927
6.374148505632688,2.358454919260251,COTO,cotonou,6.352268,2.402957,5486.0906063304865,21238.37353,9.0,100.0,109.0,570.0,10,13.85966157913208,296.3250615430875,0.9935296131028845,3.85966157913208,2.6333831837373692e-05,1.3348516728769746,2.6947399517437326e-05,1.3294343787048253,-0.0004111687342325847,0.015626260837113517,0,-1.0,4969.364637397554,0,1,3,8,1,32.0,71.0,cotonou/COTO,315.24390842648114,72.1,63.4,0.5452342634777082
6.3617750858816615,2.365298085581688,COTO,cotonou,6.352268,2.402957,4297.167019598936,21238.37353,9.0,100.0,109.0,570.0,10,11.776876211166382,284.25459742913796,1.2960921567203323,1.7768762111663818,-0.00044678593123400657,1.1108655628449156,-0.0004472847086985633,1.1206477911378039,-0.0003251618446893198,0.01198555700248878,1,-1.0,-1.0,0,0,3,3,1,33.0,39.0,cotonou/COTO,169.65942414145263,61.3,63.0,0.3865857316749638
6.364492985424719,2.3606824583952823,COTO,cotonou,6.352268,2.402957,4868.691375199728,21238.37353,9.0,100.0,109.0,570.0,10,11.707997918128967,286.22578625774196,1.1448002841730434,1.7079979181289673,-0.0004087921300548718,1.312314308661146,-0.00040144054128985764,1.3158053999538435,0.00032715467075894255,0.011047428969967793,1,-1.0,-1.0,0,0,1,0,1,30.0,49.0,cotonou/COTO,377.7002335187451,78.69999999999999,67.2,0.6295076320748242
6.3666161638755,2.4135694812127624,COTO,cotonou,6.352268,2.402957,1973.9204369666006,21238.37353,9.0,100.0,109.0,570.0,10,14.48693323135376,36.318611205403954,2.741279312743149,4.48693323135376,0.00039390999861437865,0.40943973333056394,0.0002436735141887048,0.4096672802968288,-0.0031427536479056886,0.05962576957993859,1,-1.0,-1.0,0,0,6,8,1,33.0,63.0,cotonou/COTO,281.80230889756126,57.9,65.5,0.6870982347459046
6.368284808550209,2.389952855258469,COTO,cotonou,6.352268,2.402957,2281.977607373728,21238.37353,9.0,100.0,109.0,570.0,10,12.316614627838135,321.1003550617459,2.4260706394202503,2.3166146278381348,-0.0006018947213243096,0.6919899884653559,-0.0007316062937647305,0.7240625615120482,-0.003573132457225714,0.11905754221390406,1,-1.0,-1.0,0,0,5,4,1,32.0,63.0,cotonou/COTO,374.8202269089207,62.3,61.2,0.2676184194896565
6.353820465994666,2.3948718105444624,COTO,cotonou,6.352268,2.402957,910.874653670286,21238.37353,9.0,100.0,109.0,570.0,10,14.9798002243042,280.93526898272876,5.893182504408717,4.979800224304199,0.0013835624750881666,0.47507852614811136,0.0014587207274003463,0.4840176180919554,0.0014302531878153484,0.08525785062520601,1,-1.0,-1.0,0,0,0,9,1,31.0,71.0,cotonou/COTO,392.28725444494233,62.9,70.0,0.21084797842027836
6.350099850427121,2.4131626416479546,COTO,cotonou,6.352268,2.402957,1154.3367453725098,21238.37353,9.0,100.0,109.0,570.0,10,14.821142673492432,102.06528725397692,4.6642592239136045,4.821142673492432,0.0009522660165770439,0.29174537041657117,0.000654088190900601,0.29157076683650357,8.719762166341152e-05,0.14198838615187848,1,-1.0,-1.0,0,0,0,4,1,29.8,77.0,cotonou/COTO,285.3045504368927,58.1,75.1,0.9073838230988598
6.352609708338743,2.41513031501716,COTO,cotonou,6.352268,2.402957,1347.3920979511024,21238.37353,9.0,100.0,109.0,570.0,10,15.535196304321289,88.38151232705411,3.968090808782433,5.535196304321289,0.001353426291721452,0.615755946691292,0.0013352777941007142,0.6317922141662152,0.0005009757147894965,0.025129209912698194,1,-1.0,-1.0,0,0,0,8,1,32.0,67.0,cotonou/COTO,331.6003083532061,69.85,58.1,0.6175475373344766
6.366138482614532,2.361909509345639,COTO,cotonou,6.352268,2.402957,4793.506418908305,21238.37353,9.0,100.0,109.0,570.0,10,11.53176212310791,288.780566828919,1.1648569410545322,1.5317621231079102,-0.00045325355655594036,1.3845676013411885,-0.0004482669104273918,1.3927046761393358,-4.8780441284179686e-05,0.0019693186149434107,1,-1.0,-1.0,0,0,0,0,1,30.0,49.0,cotonou/COTO,364.4114954279447,78.69999999999999,61.3,0.5961209147946922
6.370891517999301,2.4003900926924424,COTO,cotonou,6.352268,2.402957,2079.0246772180676,21238.37353,9.0,100.0,109.0,570.0,10,12.256437540054321,352.20015185439513,2.664231098821812,2.2564375400543213,-0.0006907399495442708,0.7623015599378766,-0.0007186052385070514,0.7911098282371855,-0.0025183094872368705,0.09254935143453738,1,-1.0,-1.0,0,0,0,5,1,32.0,63.0,cotonou/COTO,382.05451823009946,69.0,87.4,0.5537035500888862
6.369534717046748,2.3916859174017926,COTO,cotonou,6.352268,2.402957,2280.615448142522,21238.37353,9.0,100.0,109.0,570.0,10,12.488648414611816,327.0273378480964,2.423203687017344,2.4886484146118164,-0.0005348511851030311,0.5601338826336923,-0.0006307909631321572,0.6166199987497237,-0.0050247589747111,0.1903427426509263,1,-1.0,-1.0,0,0,7,6,1,33.0,67.0,cotonou/COTO,203.52690731203887,86.3,61.2,0.7392794392093308
6.385228653788036,2.371310778750643,COTO,cotonou,6.352268,2.402957,5054.216837653563,21238.37353,9.0,100.0,109.0,570.0,10,12.655168056488037,316.3444569685347,1.0920551990523473,2.655168056488037,-0.0002148450965708607,1.0942650352009362,-0.00019407170093082776,1.0881896916026672,0.00024629632631937665,0.014332790322551001,0,4892.157780734811,4831.385634390279,3,4,3,3,1,34.0,32.0,cotonou/COTO,263.34150546393204,57.6,62.5,0.5505584063943069
6.36899326758136,2.400165063240059,COTO,cotonou,6.352268,2.402957,1875.2287091225357,21238.37353,9.0,100.0,109.0,570.0,10,12.92800784111023,350.58048231894134,2.9328216121100783,2.9280078411102295,-0.00041216063121008497,0.6449705994780954,-0.0008817072924865607,0.681048095989009,-0.009433069678596308,0.13645331280180384,1,-1.0,-1.0,0,0,1,14,1,32.0,63.0,cotonou/COTO,382.96286934899615,68.2,86.2,0.21800708538382196
6.349296938564461,2.382230617156279,COTO,cotonou,6.352268,2.402957,2316.603807426303,21238.37353,9.0,100.0,109.0,570.0,10,12.909801959991455,261.7938640088663,2.375204857221827,2.909801959991455,-0.000340679262438391,0.4562303637162268,-0.00039374915418965067,0.47782830834837015,-0.0023952819406239637,0.07711939111840317,1,-1.0,-1.0,0,0,6,2,1,32.0,71.0,cotonou/COTO,210.16260561769036,59.0,65.8,0.8067522002844001
6.365558930704343,2.4084661766642976,COTO,cotonou,6.352268,2.402957,1591.1904073894912,21238.37353,9.0,100.0,109.0,570.0,10,14.607621669769287,22.389213132792577,3.3949137479665477,4.607621669769287,0.000555944589920986,0.41755062265074083,0.0004726245742381803,0.41481194215537043,-0.002034596907636674,0.05164961741878134,1,-1.0,-1.0,0,0,5,11,1,32.0,63.0,cotonou/COTO,335.1905947367722,58.8,56.6,0.442513466817098
6.382193606756473,2.3655565123465054,COTO,cotonou,6.352268,2.402957,5298.523216305034,21238.37353,9.0,100.0,109.0,570.0,10,13.965047359466553,308.83981448352847,1.0275538444388548,3.9650473594665527,6.415385305784029e-05,1.1010699602078542,-9.033796861383834e-06,1.098484024806102,-0.0019225516576955298,0.04207683335876657,1,-1.0,-1.0,0,0,1,8,1,34.0,32.0,cotonou/COTO,290.9174264288137,55.8,61.3,0.23921674128854042
6.35455,2.3954635399171424,COTO,cotonou,6.352268,2.402957,866.6360988343588,21238.37353,9.0,100.0,109.0,570.0,10,15.398562908172607,287.03621962706177,6.164362101076082,5.398562908172607,0.0019443350276727785,0.576331661227898,0.0016755719778691056,0.5816163341079696,-0.0014809948295227686,0.03541546589207988,1,-1.0,-1.0,0,0,7,9,1,31.0,71.0,cotonou/COTO,375.179999999993,62.1,62.9,0.7800177759933534
6.358084376749582,2.397111594437459,COTO,cotonou,6.352268,2.402957,912.1401363126204,21238.37353,9.0,100.0,109.0,570.0,10,14.894206523895264,315.0342906192637,5.890383824820345,4.894206523895264,0.0011408038502944513,0.46296647314736755,0.0010519458790018102,0.45136641900950236,-0.0018995046615600587,0.1020360109966218,1,-1.0,-1.0,0,0,2,10,1,31.0,71.0,cotonou/COTO,230.8079454871386,58.3,62.0,0.016115251835280064
6.369613509329758,2.4022008005838535,COTO,cotonou,6.352268,2.402957,1920.0272718386295,21238.37353,9.0,100.0,109.0,570.0,10,13.171192646026611,357.5190894010864,2.8572687714033274,3.1711926460266113,-0.000280539102443339,0.5126384351920001,-0.0003995798804337772,0.5499302972144083,-0.004290121904556932,0.12301779108636024,1,-1.0,-1.0,0,0,1,10,1,32.0,63.0,cotonou/COTO,237.45958919365236,69.0,86.2,0.7327275676027051
6.348242733081155,2.3808767662762844,COTO,cotonou,6.352268,2.402957,2483.203946065981,21238.37353,9.0,100.0,109.0,570.0,10,10.879392445087433,259.6071560024176,2.262791808848491,0.8793924450874329,-0.0011370688541402119,0.7497310968028283,-0.0016954404767531017,0.8891936903345905,-0.01673989579992553,0.2701780319771482,1,-1.0,-1.0,0,0,0,2,1,32.0,71.0,cotonou/COTO,94.8968856180276,55.9,59.0,0.2779054824159175
6.3488427134063885,2.3813566736970424,COTO,cotonou,6.352268,2.402957,2419.713575063172,21238.37353,9.0,100.0,109.0,570.0,10,12.361895084381104,260.93579334313773,2.2870535391807256,2.3618950843811035,-0.0005535375924757968,0.5697833020014706,-0.0005968384953387769,0.6248618891657908,-0.003291789690653483,0.14603375843215805,1,-1.0,-1.0,0,0,3,0,1,32.0,71.0,cotonou/COTO,240.9109181835051,55.9,65.8,0.3958373278649554
6.368930283656594,2.3894614583241247,COTO,cotonou,6.352268,2.402957,2371.6632423607944,21238.37353,9.0,100.0,109.0,570.0,10,11.927717804908752,321.1680817384204,2.3438105554924795,1.9277178049087524,-0.0007413640121618906,0.7760770750085845,-0.000762304357049887,0.8036167215981163,-0.0020405054092407227,0.07515014446880819,1,-1.0,-1.0,0,0,2,2,1,32.0,63.0,cotonou/COTO,370.2078816016378,62.3,84.9,0.3313386426857985
6.34855919899656,2.3817843302571786,COTO,cotonou,6.352268,2.402957,2378.1990804827115,21238.37353,9.0,100.0,109.0,570.0,10,12.378462076187134,260.0054078411449,2.3265349874867285,2.378462076187134,-0.0005535538991292317,0.5763851020175679,-0.0005752132753285851,0.6016015673965841,-0.0019207874933878579,0.07075323101272663,1,-1.0,-1.0,0,0,1,1,1,32.0,71.0,cotonou/COTO,210.16260561769036,65.8,59.0,0.6486425947159845
6.370328851951235,2.391110443020547,COTO,cotonou,6.352268,2.402957,2388.965230633543,21238.37353,9.0,100.0,109.0,570.0,10,12.121613025665283,326.900886947066,2.3222116857383277,2.121613025665283,-0.000658400949043798,0.6745985859127985,-0.000672082009354258,0.722484422177074,-0.001210278272628784,0.053634959428487554,1,-1.0,-1.0,0,0,1,0,1,33.0,67.0,cotonou/COTO,340.2779183256066,82.1,86.3,0.7141146638814101
6.371926872910416,2.3896237017185173,COTO,cotonou,6.352268,2.402957,2627.273475003699,21238.37353,9.0,100.0,109.0,570.0,10,11.972432374954224,326.01855585817253,2.1150233606315822,1.9724323749542236,-0.0006476048944446471,0.8571524451461858,-0.0006464418216987893,0.8852392292336422,0.0004076202710469564,0.01807222424396117,1,-1.0,-1.0,0,0,0,16,1,33.0,67.0,cotonou/COTO,271.69843466620387,73.3,84.9,0.6014544602713335
6.364457077768454,2.3706519408452684,COTO,cotonou,6.352268,2.402957,3819.943967702825,21238.37353,9.0,100.0,109.0,570.0,10,11.60999310016632,290.79090725288637,1.460447553329892,1.6099931001663208,-0.0005460933161278566,1.22866015082343,-0.0005461472873539888,1.2398274479486289,-0.0007978823449876574,0.029488079229316132,1,-1.0,-1.0,0,0,1,5,1,30.0,55.0,cotonou/COTO,265.7076628552334,59.4,62.4,0.4861083425143552
6.371484281455536,2.392855087854388,COTO,cotonou,6.352268,2.402957,2401.0759946161506,21238.37353,9.0,100.0,109.0,570.0,10,12.387707948684692,332.41537455300966,2.3041720213798342,2.3877079486846924,-0.0005429150145730855,0.7228627880396041,-0.0005483872326344483,0.7388597440458785,-0.0004445388527273811,0.015111907789407379,1,-1.0,-1.0,0,0,1,6,1,33.0,67.0,cotonou/COTO,322.1257484275571,82.1,84.9,0.036554754568574044
6.348660568795549,2.3784400610908216,COTO,cotonou,6.352268,2.402957,2741.756494434841,21238.37353,9.0,100.0,109.0,570.0,10,11.464200496673584,261.57995713847725,2.0373924705730078,1.464200496673584,-0.0008126054121100384,0.9064908364873903,-0.0007953159352566333,0.9547417647402773,0.0,0.0,1,-1.0,-1.0,0,0,0,0,1,32.0,71.0,cotonou/COTO,310.65923598055264,55.9,66.5,0.8014219888729617
6.377095923518621,2.361220011473293,COTO,cotonou,6.352268,2.402957,5372.316847190087,21238.37353,9.0,100.0,109.0,570.0,10,12.920606851577759,300.90517099270033,1.024577866177067,2.920606851577759,-0.00014562677454065396,1.2168148213006404,-0.00015483758726172689,1.2136328203428841,-0.00013357003529866534,0.02235888281904736,1,-1.0,-1.0,0,0,1,14,1,31.5,72.0,cotonou/COTO,238.48215027541633,77.1,76.1,0.7908221802516107
6.382299897307916,2.364306728729707,COTO,cotonou,6.352268,2.402957,5414.399155351121,21238.37353,9.0,100.0,109.0,570.0,10,13.538169622421265,308.02183600791477,1.0100831478885404,3.5381696224212646,-5.542795693868503e-05,1.097136574080786,-5.53768189226995e-05,1.0916361395130962,-0.0016172269980112713,0.09716931860089743,1,-1.0,-1.0,0,0,2,3,1,31.8,31.0,cotonou/COTO,196.14362722252218,70.4,55.8,0.6108258553217752
6.386574042043159,2.373860819031941,COTO,cotonou,6.352268,2.402957,4975.525968833589,21238.37353,9.0,100.0,109.0,570.0,10,13.452208042144775,319.87405885312353,1.1001474919789076,3.4522080421447754,-4.332137139370439e-05,1.016898596949594,-2.490646335535071e-05,1.0118256539354942,0.003107394097802125,0.0737379651136539,0,-1.0,4716.280126770115,0,2,4,10,1,31.8,57.0,cotonou/COTO,358.8872214220909,62.5,66.1,0.6881534081181057
6.387388158800315,2.3746411198074022,COTO,cotonou,6.352268,2.402957,4989.8616500743465,21238.37353,9.0,100.0,109.0,570.0,10,13.392137289047241,321.29707997661694,1.0976770896267556,3.392137289047241,-6.284513873254478e-05,0.9744221683788488,-7.969594834554008e-05,0.9721413505106896,-0.0006696964265098581,0.10636511543646822,1,-1.0,-1.0,0,0,4,9,1,31.0,59.0,cotonou/COTO,339.277088085809,66.1,64.0,0.039275779052599824
6.345892274988131,2.400244379380055,COTO,cotonou,6.352268,2.402957,766.2971394247038,21238.37353,9.0,100.0,109.0,570.0,10,11.89927327632904,202.92128032960932,7.221701095621417,1.8992732763290405,-0.0023175873817541663,0.5976792485030821,-0.0024851133426030477,0.6943346025727125,-0.0036708921194076537,0.17230933988806454,1,-1.0,-1.0,0,0,2,8,1,31.0,71.0,cotonou/COTO,393.11085268658167,69.1,75.8,0.6095513124842925
6.364920837121471,2.417204039254052,COTO,cotonou,6.352268,2.402957,2107.739332665591,21238.37353,9.0,100.0,109.0,570.0,10,14.792495250701904,48.215232605974336,2.559188538386838,4.792495250701904,0.0005096262049786923,0.39426700729538083,0.0004616383049223159,0.3927261962721569,-0.0015933990478515625,0.06112322604315369,1,-1.0,-1.0,0,0,4,6,1,33.0,63.0,cotonou/COTO,374.3070762089054,65.7,61.6,0.6108373338188923
6.359739094604117,2.377079286176737,COTO,cotonou,6.352268,2.402957,2979.931865828295,21238.37353,9.0,100.0,109.0,570.0,10,13.067964315414429,286.1996577030197,1.8438687158034515,3.0679643154144287,-0.00021300903956095383,0.8182874973287559,-0.00021772523585525565,0.82512930726846,-0.0007521514303826894,0.024613551908337142,1,-1.0,-1.0,0,0,0,3,1,32.0,63.0,cotonou/COTO,343.13365923494894,65.8,63.8,0.7716835083081892
6.368866476502452,2.3993224911020015,COTO,cotonou,6.352268,2.402957,1879.1200067054267,21238.37353,9.0,100.0,109.0,570.0,10,12.692825555801392,347.7229957156629,2.9339110144070664,2.6928255558013916,-0.0005653760779665228,0.6573896326347471,-0.0005595549558981871,0.6996089404356427,-0.002813243865966797,0.12824920359352263,1,-1.0,-1.0,0,0,0,16,1,32.0,63.0,cotonou/COTO,280.5468730889592,68.2,86.5,0.06572623608172612
6.370803147399782,2.390151751014926,COTO,cotonou,6.352268,2.402957,2491.730926639302,21238.37353,9.0,100.0,109.0,570.0,10,11.910059690475464,325.52686204695567,2.231393058534095,1.9100596904754639,-0.0007130681522308835,0.8023743666290533,-0.00069248992711622,0.8213805338423338,2.072826565282174e-05,0.012987672108157586,1,-1.0,-1.0,0,0,2,5,1,33.0,67.0,cotonou/COTO,137.85914006689853,86.3,84.9,0.7794606609766412
6.3551766041741455,2.374839620145706,COTO,cotonou,6.352268,2.402957,3127.499031932713,21238.37353,9.0,100.0,109.0,570.0,10,14.552149295806885,275.9437551897447,1.7297588290442896,4.552149295806885,0.00026830408308241104,0.4390343385173461,0.0002959122701167992,0.43712069383339025,0.0017614929884696236,0.060052334796559186,1,-1.0,-1.0,0,0,4,8,1,29.6,72.0,cotonou/COTO,182.1212014017086,61.8,56.3,0.8207531763616754
6.3535488137028215,2.3747666635742655,COTO,cotonou,6.352268,2.402957,3122.2056124620685,21238.37353,9.0,100.0,109.0,570.0,10,14.17776870727539,272.6190265701064,1.7395536680155947,4.177768707275391,0.00014945310259622242,0.38843988694305587,0.00014339818441977485,0.3877949966126967,-0.00016282998285127806,0.008547121291876873,1,-1.0,-1.0,0,0,8,3,1,33.0,63.0,cotonou/COTO,267.64813860748006,78.1,56.3,0.3271547671581895
6.363212617342391,2.3616638915080803,COTO,cotonou,6.352268,2.402957,4726.250494233684,21238.37353,9.0,100.0,109.0,570.0,10,11.629999995231628,284.93480285539283,1.1802381098561947,1.6299999952316284,-0.00043818384786195385,1.2489150963236821,-0.00043003092209498075,1.260655615925441,0.00013490418593088785,0.006820814030723574,1,-1.0,-1.0,0,0,2,9,1,33.0,48.0,cotonou/COTO,272.838812854726,67.2,60.2,0.23616934488908892
6.36308484150722,2.362503067939067,COTO,cotonou,6.352268,2.402957,4632.893559835653,21238.37353,9.0,100.0,109.0,570.0,10,11.620000004768372,285.06060267413056,1.2041376448895187,1.6200000047683716,-0.00044881536114600387,1.2345760448224405,-0.0004416851227956718,1.2479173114269992,-8.57075055440267e-05,0.006001753122719627,1,-1.0,-1.0,0,0,2,6,1,33.0,48.0,cotonou/COTO,272.838812854726,60.2,67.2,0.4184905600546587
6.362708412429506,2.3768600499866293,COTO,cotonou,6.352268,2.402957,3109.6408074971782,21238.37353,9.0,100.0,109.0,570.0,10,12.53097939491272,291.9281043450683,1.7768919156665566,2.5309793949127197,-0.00038139178745847,1.0306749705987814,-0.0004293515247368962,1.0530108179129785,-0.0018588662147521972,0.09825386171734872,1,-1.0,-1.0,0,0,3,0,1,31.7,62.0,cotonou/COTO,398.79289324162653,65.7,60.5,0.13802147649405805
6.348113299009296,2.3756915727151484,COTO,cotonou,6.352268,2.402957,3051.4633091894075,21238.37353,9.0,100.0,109.0,570.0,10,10.710995376110077,261.28476780709565,1.8448849545419495,0.7109953761100769,-0.0009790836790807887,1.3471721620805803,-0.0009602551467907736,1.383048127405147,0.0,0.0,1,-1.0,-1.0,0,0,0,0,1,33.0,63.0,cotonou/COTO,255.08273363755146,64.3,66.5,0.005236522691544843
6.364417704466342,2.373297950545194,COTO,cotonou,6.352268,2.402957,3545.876454397259,21238.37353,9.0,100.0,109.0,570.0,10,11.712535619735718,292.40217927178395,1.5716179372770416,1.7125356197357178,-0.0005586710964598242,1.2271676706219703,-0.0005531447319571256,1.237794312798756,-0.0007751114701592116,0.030823133367767316,1,-1.0,-1.0,0,0,2,11,1,31.0,63.0,cotonou/COTO,344.695661852635,60.5,62.4,0.2754759907713884
6.353274314880429,2.388088562152645,COTO,cotonou,6.352268,2.402957,1648.8107696013553,21238.37353,9.0,100.0,109.0,570.0,10,14.690556526184082,273.89661851193307,3.273663582717407,4.690556526184082,0.0005917127917785421,0.4538955630384512,0.00039359030611241106,0.44746678701382253,-0.004742789411694865,0.14026282705061505,1,-1.0,-1.0,0,0,5,4,1,31.0,71.0,cotonou/COTO,330.80979731559944,66.6,68.3,0.007865318917440023
6.357068976234089,2.3744616720214418,COTO,cotonou,6.352268,2.402957,3197.1174223962703,21238.37353,9.0,100.0,109.0,570.0,10,13.977563619613647,279.62314213191996,1.7024030043424132,3.9775636196136475,8.429040047238545e-05,0.5594703264660045,6.567505886066211e-05,0.5615325137603748,-0.00021752913792928046,0.04474481741170562,1,-1.0,-1.0,0,0,4,10,1,29.6,72.0,cotonou/COTO,275.910366967215,56.3,53.0,0.825096269825111
6.382438338525293,2.3747021095137075,COTO,cotonou,6.352268,2.402957,4572.1146136435755,21238.37353,9.0,100.0,109.0,570.0,10,12.655810117721558,317.0561635201839,1.2071654155807365,2.6558101177215576,-0.00019883506116958997,1.1285018704967626,-0.0002178313655237997,1.1217895778418532,0.0007638911406199138,0.046408288341017845,1,-1.0,-1.0,0,0,1,1,1,34.0,32.0,cotonou/COTO,217.8231826505345,64.4,70.5,0.532047288236349
6.361281202772495,2.365091425273597,COTO,cotonou,6.352268,2.402957,4306.3739017538355,21238.37353,9.0,100.0,109.0,570.0,10,11.917985320091248,283.47096159846484,1.2914456131605878,1.9179853200912476,-0.00041412178564954687,1.0862495683082118,-0.0004177971415471958,1.1044825211612035,-0.00040553770914130766,0.03869488671868846,0,4012.9536359028725,3831.7234717008073,2,7,3,1,1,33.0,39.0,cotonou/COTO,169.65942414145263,61.3,63.0,0.03631402304599818
6.367798396003322,2.40075,COTO,cotonou,6.352268,2.402957,1734.7451029399251,21238.37353,9.0,100.0,109.0,570.0,10,13.625324964523315,351.9611908873689,3.1469005994129007,3.6253249645233154,-3.329563021661014e-05,0.5547549222963586,-8.793529831236029e-05,0.5595654154880237,0.0002361475832862128,0.03991536846815095,1,-1.0,-1.0,0,0,3,10,1,32.0,63.0,cotonou/COTO,305.25,66.0,69.0,0.5557803648444454
6.371377406499558,2.3921417596598435,COTO,cotonou,6.352268,2.402957,2428.521444758408,21238.37353,9.0,100.0,109.0,570.0,10,12.324825525283813,330.64375964260176,2.279640705800229,2.3248255252838135,-0.0005694989219962434,0.6819263102975046,-0.0005627211796710769,0.7174135740836096,-0.00043913788265652126,0.01633163118400665,1,-1.0,-1.0,0,0,1,12,1,33.0,67.0,cotonou/COTO,322.1257484275571,84.9,82.1,0.7148988361823864
6.368582204410847,2.3905284601500276,COTO,cotonou,6.352268,2.402957,2268.4384400900335,21238.37353,9.0,100.0,109.0,570.0,10,12.243466854095459,322.87008789577396,2.4423773772029937,2.243466854095459,-0.0006864583285005289,0.6341982925696936,-0.0006936036623441257,0.6899897741640146,-0.005236196517944336,0.23426026501060196,1,-1.0,-1.0,0,0,3,3,1,32.0,63.0,cotonou/COTO,374.8202269089207,62.3,61.2,0.45948671667586183
6.357328663922584,2.3914453147374766,COTO,cotonou,6.352268,2.402957,1391.1860028154615,21238.37353,9.0,100.0,109.0,570.0,10,15.047137260437012,293.8618288279928,3.8635674213285047,5.047137260437012,0.0009504580328650509,0.6760929207882066,0.0006059933681877291,0.6679585660130896,-0.005663609504699707,0.2628577689901736,1,-1.0,-1.0,0,0,4,12,1,32.6,66.0,cotonou/COTO,267.5192114597196,57.1,58.2,0.7725071765896278
6.362778854408871,2.3646353502241944,COTO,cotonou,6.352268,2.402957,4396.333294057013,21238.37353,9.0,100.0,109.0,570.0,10,11.590249300003052,285.430400565271,1.2692974269210764,1.5902493000030518,-0.00047624947044527745,1.1881743304405874,-0.0004690790603091519,1.2060426238961086,0.00016807913780212403,0.01374631706486358,1,-1.0,-1.0,0,0,3,5,1,33.0,48.0,cotonou/COTO,239.71117558433022,60.2,63.0,0.5211916935486802
6.3615572058432095,2.361341088344165,COTO,cotonou,6.352268,2.402957,4717.572057314203,21238.37353,9.0,100.0,109.0,570.0,10,11.898989200592041,282.6605307897585,1.1791431218630943,1.898989200592041,-0.00038392279218051837,1.1394427295986467,-0.0003992843174780656,1.1461252030532196,-0.0012476086441475362,0.03929716530897127,1,-1.0,-1.0,0,0,1,9,1,29.0,75.0,cotonou/COTO,358.1586621876183,61.2,60.2,0.20186386233137188
6.365480132426334,2.4174772263996616,COTO,cotonou,6.352268,2.402957,2171.561486259653,21238.37353,9.0,100.0,109.0,570.0,10,14.603240013122559,47.52369025909178,2.4890536977669226,4.603240013122559,0.0004092459264955564,0.4070369312567165,0.00035156069861518014,0.40803834421445745,-0.002104338010152181,0.09924048162551612,1,-1.0,-1.0,0,0,5,7,1,33.0,63.0,cotonou/COTO,374.3070762089054,65.7,61.6,0.795423243014463
6.372105895784182,2.3688312255744175,COTO,cotonou,6.352268,2.402957,4366.717778416185,21238.37353,9.0,100.0,109.0,570.0,10,11.64108681678772,300.32608544175514,1.2772363753831346,1.6410868167877197,-0.0004670627220178396,1.3056396429414667,-0.0004502098034094045,1.3088731708171584,0.0009177227814992269,0.04638647949692707,1,-1.0,-1.0,0,0,4,4,1,32.0,67.0,cotonou/COTO,291.86035290862867,79.6,64.7,0.1812907093037831
6.359858154014911,2.379582034123314,COTO,cotonou,6.352268,2.402957,2719.005503052128,21238.37353,9.0,100.0,109.0,570.0,10,13.363626956939697,288.0946096426584,2.014450693294269,3.3636269569396973,-0.00013398740438357374,0.7976061315453096,-0.0001556534066422439,0.8088872513208499,-0.0011508484681447347,0.059804456415386086,1,-1.0,-1.0,0,0,2,2,1,31.9,70.0,cotonou/COTO,331.6838992172874,70.7,65.8,0.6803419408281245
6.360969757153162,2.3955020506993736,COTO,cotonou,6.352268,2.402957,1267.4205527237716,21238.37353,9.0,100.0,109.0,570.0,10,13.68650221824646,319.5876584253476,4.30070430183995,3.68650221824646,-1.5883113062658886e-05,0.4014364317310589,-6.500067132892022e-05,0.41513207577603867,-0.002892989582485623,0.10670130977148942,1,-1.0,-1.0,0,0,3,8,1,32.6,66.0,cotonou/COTO,204.60464730791253,56.5,68.1,0.8368245397619114
6.371389332875374,2.4025713469458196,COTO,cotonou,6.352268,2.402957,2115.0186757723027,21238.37353,9.0,100.0,109.0,570.0,10,12.418175220489502,358.8517079931725,2.6145817832653506,2.418175220489502,-0.0006777519311583257,0.661518662650178,-0.0006284024617443346,0.7184307983205913,-0.0029407223065694176,0.1377361857503726,1,-1.0,-1.0,0,0,0,4,1,32.0,75.0,cotonou/COTO,383.81129230388444,86.2,86.5,0.4532944405157264
6.36664545947154,2.3592805837154764,COTO,cotonou,6.352268,2.402957,5087.169891865392,21238.37353,9.0,100.0,109.0,570.0,10,11.568029522895813,288.3282925250333,1.0972226969306176,1.568029522895813,-0.0004194042963140151,1.4072389480884864,-0.0004080367070562741,1.4124124124554827,0.0005941753356193174,0.01760656920401024,1,-1.0,-1.0,0,0,3,3,1,29.3,51.0,cotonou/COTO,350.56675056255096,78.8,78.69999999999999,0.7718918699281749
6.383171263578674,2.3738841777723603,COTO,cotonou,6.352268,2.402957,4693.145252231267,21238.37353,9.0,100.0,109.0,570.0,10,12.70855164527893,316.92663266550227,1.175399294624277,2.7085516452789307,-0.00021198297002512938,1.1195920728159576,-0.00020233885047320798,1.112855300065834,0.0007466693719228108,0.03497405377846946,1,-1.0,-1.0,0,0,0,15,1,31.8,57.0,cotonou/COTO,267.5261198461977,62.5,64.4,0.9773277040254165
6.369578688802699,2.389651927335793,COTO,cotonou,6.352268,2.402957,2414.89053432695,21238.37353,9.0,100.0,109.0,570.0,10,11.869055986404419,322.6255146442331,2.3032907250864914,1.869055986404419,-0.0007563520360876013,0.781780396098861,-0.0007574652572233514,0.8312420474494427,-0.0010959049065907796,0.05129827303784443,1,-1.0,-1.0,0,0,0,2,1,33.0,67.0,cotonou/COTO,370.2078816016378,84.9,62.3,0.4660347491565924
6.368731708271075,2.399288171310547,COTO,cotonou,6.352268,2.402957,1865.3868248660506,21238.37353,9.0,100.0,109.0,570.0,10,12.756392478942871,347.5123805591703,2.9535253479363504,2.756392478942871,-0.0005029624101346133,0.6506977210432298,-0.0005741205730599179,0.6756587503912281,-0.0038752066687732564,0.12854862991831323,1,-1.0,-1.0,0,0,0,14,1,32.0,63.0,cotonou/COTO,322.2748851523748,68.2,73.4,0.056583457850702956
6.362692714103655,2.3768939417364785,COTO,cotonou,6.352268,2.402957,3105.514559177024,21238.37353,9.0,100.0,109.0,570.0,10,12.553618669509888,291.92402946636105,1.7788340424467688,2.5536186695098877,-0.0003696707578805777,1.0303297493254429,-0.0004293515247368962,1.0530108179129785,-0.0018588662147521972,0.09825386171734872,1,-1.0,-1.0,0,0,3,0,1,31.0,63.0,cotonou/COTO,398.79289324162653,60.5,65.7,0.872374765790893
6.381145740749706,2.3670328371070246,COTO,cotonou,6.352268,2.402957,5098.602778129642,21238.37353,9.0,100.0,109.0,570.0,10,13.424044847488403,308.9693552432312,1.0739133450872895,3.4240448474884033,-5.016750763922292e-05,1.1104312895768642,-1.943836840548253e-05,1.1055068871493796,0.004600151379903158,0.17012206807085226,1,-1.0,-1.0,0,0,2,12,1,30.7,55.0,cotonou/COTO,238.87705477918232,66.5,61.3,0.793547460707886
6.363213685721713,2.359144005362248,COTO,cotonou,6.352268,2.402957,4996.290910030042,21238.37353,9.0,100.0,109.0,570.0,10,11.681709170341492,284.1127037948821,1.1158722404461376,1.6817091703414917,-0.0004028723718799382,1.2687173632694821,-0.0003896299903914774,1.2765631191942606,0.00047580599784851073,0.02679086833112876,1,-1.0,-1.0,0,0,3,2,1,33.0,48.0,cotonou/COTO,275.55065323816524,67.2,65.7,0.7846752571580594
6.381857818830777,2.3693006936779804,COTO,cotonou,6.352268,2.402957,4957.1502864844,21238.37353,9.0,100.0,109.0,570.0,10,13.337520360946655,311.4988874795403,1.1055497170316875,3.3375203609466553,0.0001043878570889983,1.1187182203558395,-2.3949060407435778e-05,1.116099694120195,0.0050429034346623465,0.17061096973261375,1,-1.0,-1.0,0,0,8,7,1,34.0,32.0,cotonou/COTO,218.89526468152152,61.3,58.1,0.9951529572815162
6.368810447901154,2.399702239505772,COTO,cotonou,6.352268,2.402957,1864.4996167115762,21238.37353,9.0,100.0,109.0,570.0,10,12.830135345458984,348.9361165446587,2.9526681814259574,2.8301353454589844,-0.00046394502044354795,0.6520861118343151,-0.0005185245448110793,0.6733232039965145,-0.0025028286483728497,0.08278714185790727,1,-1.0,-1.0,0,0,0,14,1,32.0,63.0,cotonou/COTO,147.1577031622736,69.0,68.2,0.8059696109445865
6.3596578773507595,2.4108240581259484,COTO,cotonou,6.352268,2.402957,1193.9343448532895,21238.37353,9.0,100.0,109.0,570.0,10,14.950099468231201,46.614660656320154,4.50406489467819,4.950099468231201,0.0010559288311935565,0.39952789362753466,0.0010220669564746673,0.39509614032872387,0.00146485964457194,0.05382336130207143,1,-1.0,-1.0,0,0,2,3,1,32.0,67.0,cotonou/COTO,267.46393794301054,62.5,68.1,0.977698119392464
6.357282216663698,2.374388172128683,COTO,cotonou,6.352268,2.402957,3209.1267690100644,21238.37353,9.0,100.0,109.0,570.0,10,13.732593774795532,280.0166764671806,1.7004057716167456,3.7325937747955322,8.012264152060186e-06,0.5840748035705732,-2.715704273375532e-05,0.590868690653753,-0.0012527280383639865,0.056790882438646814,1,-1.0,-1.0,0,0,5,8,1,32.4,63.0,cotonou/COTO,275.910366967215,53.0,56.3,0.08416312183065466
6.362689017088763,2.365298287689821,COTO,cotonou,6.352268,2.402957,4322.981100648419,21238.37353,9.0,100.0,109.0,570.0,10,11.583837389945984,285.5611417326223,1.2909125342258365,1.5838373899459839,-0.0004880813894600705,1.171675692574915,-0.00048597818720361223,1.182200223715521,-9.32609100176565e-05,0.009170027169042258,1,-1.0,-1.0,0,0,3,9,1,33.0,48.0,cotonou/COTO,239.71117558433022,60.2,63.0,0.8309755559910607
6.355661206670032,2.373615108805132,COTO,cotonou,6.352268,2.402957,3268.0082655509095,21238.37353,9.0,100.0,109.0,570.0,10,14.57349681854248,276.6386302631042,1.6550555554846362,4.5734968185424805,0.00026861593202508747,0.45014465278222926,0.0003138263259497724,0.4463696341907628,0.0031224235889840807,0.08455431346501927,1,-1.0,-1.0,0,0,0,15,1,29.6,72.0,cotonou/COTO,248.80347304650218,61.8,53.0,0.12976395695297127
6.364080470024707,2.407426107461454,COTO,cotonou,6.352268,2.402957,1396.7647089923669,21238.37353,9.0,100.0,109.0,570.0,10,15.010719776153564,20.606562970285665,3.849669839248612,5.0107197761535645,0.0009246300298271447,0.4330813094296647,0.0008613312325510037,0.42674741516508535,-0.0007086753845214844,0.03171507285349668,1,-1.0,-1.0,0,0,2,7,1,32.0,63.0,cotonou/COTO,373.8657305772486,58.8,70.5,0.14765093562703502
6.385696745054929,2.3836315092702054,COTO,cotonou,6.352268,2.402957,4270.594991267539,21238.37353,9.0,100.0,109.0,570.0,10,14.783373355865479,330.12189705251495,1.2638378325990924,4.7833733558654785,0.00025090487686904155,0.9721820684379253,0.00025126851692973954,0.9761000873133402,0.00018916150498996749,0.025877563068699556,0,4202.128538501726,4210.6868450974525,1,1,0,1,1,33.0,41.0,cotonou/COTO,266.4578062283396,64.8,75.6,0.06320766413904788
6.35711363229586,2.3979297061154385,COTO,cotonou,6.352268,2.402957,772.3571004467159,21238.37353,9.0,100.0,109.0,570.0,10,15.139249801635742,314.12261820379456,6.92889743694494,5.139249801635742,0.0018697579648128777,0.46293518098474296,0.0016834944369253804,0.47531142075801913,0.0006101726390257188,0.027755142897177346,1,-1.0,-1.0,0,0,3,11,1,31.0,71.0,cotonou/COTO,230.8079454871386,62.0,58.3,0.3733536451951631
6.348893584567236,2.3819866128863527,COTO,cotonou,6.352268,2.402957,2350.0011296080047,21238.37353,9.0,100.0,109.0,570.0,10,12.675903797149658,260.804386344713,2.347180359310167,2.675903797149658,-0.000435058074661448,0.5161663087568233,-0.000561131813695823,0.5523040152517229,-0.004303613730822535,0.16384742229756358,1,-1.0,-1.0,0,0,5,0,1,32.0,71.0,cotonou/COTO,210.16260561769036,59.0,65.8,0.5577682513801018
6.363149101464031,2.4163386370187347,COTO,cotonou,6.352268,2.402957,1907.8685638340742,21238.37353,9.0,100.0,109.0,570.0,10,15.126235008239746,50.7103062625344,2.8168797697666843,5.126235008239746,0.0007132164349006691,0.40443395204330324,0.0006677534845140246,0.3988890250122475,-0.001742434501647949,0.08467561084417671,1,-1.0,-1.0,0,0,4,2,1,33.0,63.0,cotonou/COTO,374.3070762089054,65.7,61.6,0.02610609373963413
6.378675545996117,2.375308759927429,COTO,cotonou,6.352268,2.402957,4229.135310753071,21238.37353,9.0,100.0,109.0,570.0,10,11.803905010223389,313.86370479805703,1.3165683848291887,1.8039050102233887,-0.00044952068986495224,1.1703311035125896,-0.00043636771626683665,1.1715210976506665,0.0005594213803609212,0.021465179108456526,1,-1.0,-1.0,0,0,1,9,1,31.0,63.0,cotonou/COTO,296.22029927065233,81.4,81.4,0.2766104126220422
6.384654307922003,2.3708023524100303,COTO,cotonou,6.352268,2.402957,5048.086712535886,21238.37353,9.0,100.0,109.0,570.0,10,12.832928895950317,315.38475668361014,1.091364158368387,2.8329288959503174,-0.00023561836294972623,1.105298186902133,-0.00016696968290127824,1.1020550397727016,1.4503253181851554e-05,0.028351404094085597,0,4876.107806497589,4633.314056796465,2,3,4,12,1,34.0,32.0,cotonou/COTO,265.7725736414513,53.4,57.6,0.5050313091906469
6.361752074593094,2.3781348548773305,COTO,cotonou,6.352268,2.402957,2939.7714840944536,21238.37353,9.0,100.0,109.0,570.0,10,12.901049137115479,291.0303816234239,1.8722898527763143,2.9010491371154785,-0.00027402877993650237,0.9496842163341004,-0.00031688011030420876,0.962656079556222,-0.001530982500998583,0.03897015069858964,1,-1.0,-1.0,0,0,9,5,1,32.0,63.0,cotonou/COTO,289.18429314187705,65.8,65.7,0.5726140531966271
6.378285172622487,2.3614289654755027,COTO,cotonou,6.352268,2.402957,5421.094650805664,21238.37353,9.0,100.0,109.0,570.0,10,12.283880472183228,302.22892392047083,1.0220883421521554,2.2838804721832275,-0.00027856106612200417,1.1959409181215537,-0.00037573620521363455,1.192732315880941,-0.008885139247876544,0.11715577880844512,0,-1.0,5062.585385321521,0,2,3,12,1,29.5,80.0,cotonou/COTO,203.75681976320604,78.1,76.1,0.4415707652849806
6.367675918487859,2.3630281348366724,COTO,cotonou,6.352268,2.402957,4734.905615405526,21238.37353,9.0,100.0,109.0,570.0,10,11.520256400108337,291.22209844441454,1.179408729338301,1.5202564001083374,-0.0004613365050609604,1.4537997362893136,-0.00044100503126780194,1.4580469612129843,0.0007767875989278158,0.03134276201578204,1,-1.0,-1.0,0,0,1,0,1,30.1,50.0,cotonou/COTO,352.5538937525515,61.3,78.0,0.568328635398401
6.351919039285178,2.3887667269194446,COTO,cotonou,6.352268,2.402957,1570.494655047932,21238.37353,9.0,100.0,109.0,570.0,10,14.596313953399658,268.58337902106143,3.439955772999038,4.596313953399658,0.0005019076397721258,0.30829447293167356,0.0005009125029829131,0.3055003163081898,-0.0019086374437644342,0.06317373440739872,1,-1.0,-1.0,0,0,3,13,1,31.0,71.0,cotonou/COTO,351.49863683938656,66.6,65.2,0.4772102187976458
6.363188241329567,2.3618239826193324,COTO,cotonou,6.352268,2.402957,4708.438923273982,21238.37353,9.0,100.0,109.0,570.0,10,11.629999995231628,284.9584168162941,1.1847015669038403,1.6299999952316284,-0.0004408908327222415,1.2425645060814845,-0.00043245729309084247,1.2549411119289458,0.0001946182258255038,0.004291342726352471,1,-1.0,-1.0,0,0,3,8,1,33.0,48.0,cotonou/COTO,272.838812854726,67.2,60.2,0.30205046063055463
6.355937094748745,2.410922969297382,COTO,cotonou,6.352268,2.402957,970.2720990199435,21238.37353,9.0,100.0,109.0,570.0,10,15.62917423248291,65.13451884557799,5.496738050934349,5.62917423248291,0.0019415987862481008,0.6113715853574883,0.001976331187043799,0.6242232584776656,-0.0007049309433687893,0.05591736522941852,1,-1.0,-1.0,0,0,6,8,1,32.0,71.0,cotonou/COTO,387.43452466200705,58.7,70.9,0.15609111977763857
6.369987497892891,2.363431968794734,COTO,cotonou,6.352268,2.402957,4791.971233525616,21238.37353,9.0,100.0,109.0,570.0,10,11.963806509971619,294.2817527492994,1.1600663551349586,1.9638065099716187,-0.0003491425427360419,1.4692201752479148,-0.00034394205352406443,1.4660002211715948,0.002368107106950548,0.08701017765763447,1,-1.0,-1.0,0,0,0,0,1,32.0,71.0,cotonou/COTO,319.6896352714521,78.0,78.0,0.3789991571565552
6.371074068455152,2.4026034232676445,COTO,cotonou,6.352268,2.402957,2080.091676110961,21238.37353,9.0,100.0,109.0,570.0,10,12.683676719665527,358.92954780196504,2.6511234858697232,2.6836767196655273,-0.00048729272115798224,0.6238081359513045,-0.0006065307102908594,0.6583054342166341,-0.004356182979345425,0.14448409103238308,1,-1.0,-1.0,0,0,0,3,1,32.0,75.0,cotonou/COTO,383.81129230388444,86.2,86.5,0.361647806730106
6.351949542870825,2.412199446888125,COTO,cotonou,6.352268,2.402957,1023.1961748901808,21238.37353,9.0,100.0,109.0,570.0,10,14.902478218078613,91.98506785206553,5.254386742671401,4.902478218078613,0.0011385588418869746,0.3827486439896489,0.0014823361238883294,0.41994282257595666,0.005553936429741276,0.18576416312368638,1,-1.0,-1.0,0,0,0,5,1,31.5,68.0,cotonou/COTO,374.95826287725737,70.9,75.1,0.36839908862697057
6.363120252242577,2.361064198886494,COTO,cotonou,6.352268,2.402957,4787.8475330899655,21238.37353,9.0,100.0,109.0,570.0,10,11.637590169906616,284.61147571596393,1.164967425277333,1.6375901699066162,-0.0004301023618690422,1.2513433718915135,-0.00042375326156616214,1.2626040521054185,0.00013734400272369385,0.007247153932663778,0,4576.760066701229,4595.949836372933,2,2,2,4,1,29.0,75.0,cotonou/COTO,234.36776676836976,61.2,67.2,0.9139962883146595
6.350893973572198,2.4142565331325643,COTO,cotonou,6.352268,2.402957,1259.3888130357998,21238.37353,9.0,100.0,109.0,570.0,10,15.781291007995605,96.97491858241943,4.2332568759152815,5.7812910079956055,0.0016446743251295648,0.6199624458925911,0.000828848061930454,0.6431009980136216,-0.011508134262184987,0.27856225783076854,1,-1.0,-1.0,0,0,0,12,1,29.8,77.0,cotonou/COTO,285.3045504368927,58.1,75.1,0.3814744554978853
6.355130509566844,2.3905727737089437,COTO,cotonou,6.352268,2.402957,1406.2863646875464,21238.37353,9.0,100.0,109.0,570.0,10,15.708624839782715,283.09322819383306,3.7953731979299286,5.708624839782715,0.0014120894371842604,0.6534313865280444,0.0010822994632091023,0.6499133900909587,-0.005285703705227081,0.14110770391711122,1,-1.0,-1.0,0,0,2,14,1,32.6,66.0,cotonou/COTO,249.61182844569544,57.1,68.3,0.9326539108755308
6.369749504070083,2.3922783164888304,COTO,cotonou,6.352268,2.402957,2265.6815926129375,21238.37353,9.0,100.0,109.0,570.0,10,12.585538864135742,328.7388465045215,2.436710810443796,2.585538864135742,-0.0005429784502838013,0.5547802942103489,-0.0005525303702069145,0.6011595126152002,-0.0037008782227834066,0.17085510220314612,1,-1.0,-1.0,0,0,5,2,1,32.0,63.0,cotonou/COTO,247.7688085695969,61.2,82.1,0.15841541830923667
6.3588038540994,2.413123305123995,COTO,cotonou,6.352268,2.402957,1337.008649764357,21238.37353,9.0,100.0,109.0,570.0,10,15.098717212677002,57.10184789027318,4.017421481872102,5.098717212677002,0.0010309079841331198,0.43543466030541406,0.0009226793938494741,0.4269321388646145,-0.0012369116147359213,0.05678060182567772,1,-1.0,-1.0,0,0,1,4,1,32.0,71.0,cotonou/COTO,390.090387602657,58.7,65.5,0.9451024594357836
6.373402954517506,2.3915812555948635,COTO,cotonou,6.352268,2.402957,2654.5979598432177,21238.37353,9.0,100.0,109.0,570.0,10,12.390224695205688,331.85707523027435,2.084266845903165,2.3902246952056885,-0.0004931710632552815,0.804252107222581,-0.0004898845057784419,0.8219807127023221,-0.0004928270975748698,0.021700090030076807,1,-1.0,-1.0,0,0,0,7,1,33.0,67.0,cotonou/COTO,363.2414581239478,82.1,81.4,0.7180960443418247
6.365211293739737,2.371834100061162,COTO,cotonou,6.352268,2.402957,3729.063370344056,21238.37353,9.0,100.0,109.0,570.0,10,11.629244089126587,292.7086534298031,1.4957283958358667,1.629244089126587,-0.0005773400304988002,1.297412872587797,-0.0005606474780794245,1.3064669732277456,-0.0008008721892465834,0.02826001888912318,1,-1.0,-1.0,0,0,1,4,1,31.0,63.0,cotonou/COTO,344.695661852635,62.4,60.5,0.18831504071858463
6.360149928880151,2.3954530392265307,COTO,cotonou,6.352268,2.402957,1203.7685091887522,21238.37353,9.0,100.0,109.0,570.0,10,13.916435480117798,316.5840604314745,4.516316121752386,3.916435480117798,0.00017027971221179503,0.4254075772622208,-5.4610220445103795e-05,0.4414327678518202,-0.004523463649823305,0.14032901113998197,1,-1.0,-1.0,0,0,3,3,1,33.0,63.0,cotonou/COTO,204.60464730791253,68.1,56.5,0.6087343042653547
6.365635211319231,2.3682042321457053,COTO,cotonou,6.352268,2.402957,4119.390718671617,21238.37353,9.0,100.0,109.0,570.0,10,11.461471319198608,291.15928014693577,1.3563903919210878,1.4614713191986084,-0.0005423961630190051,1.3465832448850616,-0.0005414455083000793,1.354521828610489,-0.00020987204814456464,0.006498428332675222,1,-1.0,-1.0,0,0,3,4,1,30.1,50.0,cotonou/COTO,327.63056038773834,66.1,62.5,0.7246478012821292
6.382001889290671,2.366005093989788,COTO,cotonou,6.352268,2.402957,5246.5427589431365,21238.37353,9.0,100.0,109.0,570.0,10,13.889186143875122,308.9977133193454,1.0385603680098834,3.889186143875122,3.3393767540215484e-05,1.1008821020518642,4.859810270607593e-05,1.0985976394319448,0.0004830598831176757,0.03195593526236434,1,-1.0,-1.0,0,0,1,12,1,34.0,32.0,cotonou/COTO,290.9174264288137,61.3,55.8,0.5746497967685774
6.385296902806276,2.3833444430404036,COTO,cotonou,6.352268,2.402957,4248.509495607946,21238.37353,9.0,100.0,109.0,570.0,10,14.904884815216064,329.45473652188605,1.2687677227460603,4.9048848152160645,0.0002877805343639682,0.9848157824911049,0.00027362323469585847,0.9932828161602519,0.0007005453109741211,0.035120432923978484,1,-1.0,-1.0,0,0,0,9,1,33.0,41.0,cotonou/COTO,266.4578062283396,75.6,64.8,0.7317450288597639
6.368341768560873,2.3892885820147565,COTO,cotonou,6.352268,2.402957,2333.807968308293,21238.37353,9.0,100.0,109.0,570.0,10,12.063481569290161,319.7988853076081,2.3784573432972658,2.063481569290161,-0.00072617196151891,0.734076160809197,-0.0007513250590210563,0.7851146206882341,-0.0038100419596709344,0.11684620196137936,1,-1.0,-1.0,0,0,5,7,1,32.0,63.0,cotonou/COTO,370.2078816016378,62.3,84.9,0.14742767527285605
6.365860544017883,2.3631940129139197,COTO,cotonou,6.352268,2.402957,4649.057048054542,21238.37353,9.0,100.0,109.0,570.0,10,11.512753367424011,288.9831312675391,1.20127356256793,1.5127533674240112,-0.0004716807249884909,1.3671729901376881,-0.00046374511819989307,1.3769289233818165,0.0002221888966030545,0.00829032302233139,1,-1.0,-1.0,0,0,0,0,1,33.0,48.0,cotonou/COTO,370.6602309393415,67.2,61.3,0.9924589216601778
6.365311578731356,2.3683927184702003,COTO,cotonou,6.352268,2.402957,4087.165805644565,21238.37353,9.0,100.0,109.0,570.0,10,11.480753302574158,290.79406558994765,1.3668105447356034,1.4807533025741577,-0.0005416637789593996,1.318735720010503,-0.0005409417233082598,1.3274595273174452,-0.00037643512114506034,0.012963783955106419,1,-1.0,-1.0,0,0,2,1,1,30.1,50.0,cotonou/COTO,211.07519039432174,58.0,62.5,0.6699556903262135
6.35679545121273,2.411106803838588,COTO,cotonou,6.352268,2.402957,1031.3755791573035,21238.37353,9.0,100.0,109.0,570.0,10,15.49616289138794,60.79596997121166,5.180236638143169,5.4961628913879395,0.0017039728164672853,0.5089847707051165,0.0015999654391864399,0.5210938103457193,0.0002992908159891764,0.03835558569685086,1,-1.0,-1.0,0,0,3,11,1,32.0,67.0,cotonou/COTO,390.090387602657,65.5,58.7,0.8647374142216285
6.362216267399596,2.360934440296593,COTO,cotonou,6.352268,2.402957,4777.745555054904,21238.37353,9.0,100.0,109.0,570.0,10,11.692505717277527,283.4005630129727,1.1667716440252032,1.6925057172775269,-0.00041968452433745066,1.2004505574438982,-0.00041664823849235107,1.2067669938796382,-0.0005996425232512945,0.023834783405778413,1,-1.0,-1.0,0,0,0,9,1,29.0,75.0,cotonou/COTO,234.36776676836976,61.2,67.2,0.4814676553091517
6.369788314318033,2.39066000116796,COTO,cotonou,6.352268,2.402957,2367.5022390983686,21238.37353,9.0,100.0,109.0,570.0,10,11.991061210632324,325.1029865853925,2.346394914525267,1.9910612106323242,-0.0007294963433379136,0.6896952604611573,-0.0007566502262194991,0.7430059550389759,-0.0025245274468343516,0.06450121277388116,1,-1.0,-1.0,0,0,2,6,1,33.0,67.0,cotonou/COTO,203.52690731203887,86.3,61.2,0.16292200447204397
6.384685018632757,2.372570038769365,COTO,cotonou,6.352268,2.402957,4914.699838603624,21238.37353,9.0,100.0,109.0,570.0,10,12.70334267616272,317.0299759682167,1.1224868925050022,2.7033426761627197,-0.00020645678300057775,1.0936473010714134,-0.0002093498965343797,1.0876160088866533,-0.0008758650885687934,0.032643296133392126,1,-1.0,-1.0,0,0,2,11,1,34.0,32.0,cotonou/COTO,267.5261198461977,64.4,62.5,0.8544058421738586
6.377893630671004,2.374773297144546,COTO,cotonou,6.352268,2.402957,4213.546709290727,21238.37353,9.0,100.0,109.0,570.0,10,11.761256575584412,312.45618765635254,1.3220171131494425,1.7612565755844116,-0.00045998460012124776,1.1552811611400353,-0.0004512284185502912,1.158299817681861,9.35127337773641e-05,0.005206854772907426,1,-1.0,-1.0,0,0,0,1,1,31.0,63.0,cotonou/COTO,74.10445128334986,85.6,81.4,0.19317292344277448
6.363278111708357,2.3605965185156976,COTO,cotonou,6.352268,2.402957,4842.3162673221705,21238.37353,9.0,100.0,109.0,570.0,10,11.659311890602112,284.65827293307234,1.1516099400548485,1.6593118906021118,-0.00041694245695233557,1.2636352318513717,-0.0004117963517584452,1.2733182610704672,0.00036136011282602947,0.01778068433577405,0,4580.307170693516,4599.715251925268,2,1,2,2,1,34.0,44.0,cotonou/COTO,275.55065323816524,65.7,67.2,0.80101553052324
6.380620755754946,2.376235487846135,COTO,cotonou,6.352268,2.402957,4309.466681476374,21238.37353,9.0,100.0,109.0,570.0,10,12.203507423400879,316.874900709657,1.2867249029330783,2.203507423400879,-0.0003464629948307866,1.1605601842651838,-0.000331143919191404,1.1560947136677453,0.0010001023610432943,0.04482808105198308,1,-1.0,-1.0,0,0,2,0,1,31.0,63.0,cotonou/COTO,333.1849486397105,81.4,70.5,0.5084372987587797
6.351565328172051,2.3889505056472617,COTO,cotonou,6.352268,2.402957,1551.6346199354064,21238.37353,9.0,100.0,109.0,570.0,10,14.482590675354004,267.1110826937863,3.4858498592576854,4.482590675354004,0.00047638196159632053,0.274757756028147,0.00037608866150401536,0.2697725593650286,-0.0027027556969655368,0.05986572115608628,1,-1.0,-1.0,0,0,3,12,1,31.0,71.0,cotonou/COTO,351.49863683938656,66.6,65.2,0.6030860597684173
6.362887339011631,2.3658178759648707,COTO,cotonou,6.352268,2.402957,4273.5760247013795,21238.37353,9.0,100.0,109.0,570.0,10,11.55885910987854,286.05275966688856,1.3061658211639788,1.55885910987854,-0.000500730145505536,1.1697187203129906,-0.0004983338268323876,1.1915614435973545,-0.0002355655034383138,0.011210450019847452,1,-1.0,-1.0,0,0,4,3,1,33.0,39.0,cotonou/COTO,309.4591612797848,63.0,58.0,0.10525064324715594
6.3643037756694705,2.3684597361492146,COTO,cotonou,6.352268,2.402957,4042.176528143174,21238.37353,9.0,100.0,109.0,570.0,10,11.528904438018799,289.345538999144,1.381335108063355,1.5289044380187988,-0.0005401039388932311,1.2236899166030082,-0.0005341997111800814,1.2454434964793244,-0.0004282858636644152,0.01586316533628451,1,-1.0,-1.0,0,0,2,3,1,30.1,50.0,cotonou/COTO,358.990200005476,58.0,59.4,0.45445319902605263
6.379757846446662,2.365520611578204,COTO,cotonou,6.352268,2.402957,5137.800062281781,21238.37353,9.0,100.0,109.0,570.0,10,13.3091139793396,306.4614395744394,1.0670033899547244,3.3091139793395996,-7.710803386776942e-05,1.1380081648945375,-8.523809544433829e-05,1.1347932980881936,-0.0006080155252377687,0.018959314442416532,1,-1.0,-1.0,0,0,1,12,1,30.7,55.0,cotonou/COTO,325.9584504197963,66.5,64.2,0.1353285648503022
6.352092506765353,2.373780672521239,COTO,cotonou,6.352268,2.402957,3228.1444250571194,21238.37353,9.0,100.0,109.0,570.0,10,13.900843620300293,269.65485993251406,1.6874105205754333,3.900843620300293,4.179321930377675e-05,0.35287610690163124,4.6786756226510695e-05,0.3560051243424364,-0.0016977389653523762,0.07840664421782943,1,-1.0,-1.0,0,0,0,6,1,33.0,63.0,cotonou/COTO,135.44729233169025,74.7,78.1,0.1297553991817476
6.381027849041379,2.366873499094989,COTO,cotonou,6.352268,2.402957,5104.22345186218,21238.37353,9.0,100.0,109.0,570.0,10,13.460368633270264,308.7309886394803,1.072323450802033,3.4603686332702637,3.069936310257868e-05,1.1121157536588056,-4.624175220486727e-06,1.109709567041107,0.00504927578348642,0.141629378382794,1,-1.0,-1.0,0,0,1,11,1,30.7,55.0,cotonou/COTO,238.87705477918232,66.5,61.3,0.701444563577555
6.3697150003709275,2.4024488897956,COTO,cotonou,6.352268,2.402957,1930.246050157734,21238.37353,9.0,100.0,109.0,570.0,10,13.188477039337158,358.34213481199595,2.8416553818329304,3.188477039337158,-0.00038402988017596725,0.5190382128100671,-0.0003378226918752591,0.5373358679618752,-0.004027836890458718,0.13344585153356187,1,-1.0,-1.0,0,0,1,8,1,32.0,75.0,cotonou/COTO,237.45958919365236,86.2,69.0,0.14197485070707982
6.362495111784885,2.3982490421139158,COTO,cotonou,6.352268,2.402957,1245.1792238340481,21238.37353,9.0,100.0,109.0,570.0,10,14.698046684265137,335.4156890664332,4.330950308369861,4.698046684265137,0.0006871654999809752,0.3755584384136549,0.0004989224852937641,0.36723396370007244,-0.004203136761983236,0.21488614668669792,1,-1.0,-1.0,0,0,4,11,1,33.0,63.0,cotonou/COTO,392.99957175554596,68.1,56.6,0.844904679230895
6.352940351824065,2.4118157050078226,COTO,cotonou,6.352268,2.402957,982.9477910889642,21238.37353,9.0,100.0,109.0,570.0,10,15.003709316253662,85.63252444003086,5.462410192993184,5.003709316253662,0.0013211755674452192,0.47014463396183503,0.0012914659863426572,0.47929376594985235,0.001041216320461697,0.040143123606402355,1,-1.0,-1.0,0,0,2,3,1,30.0,75.0,cotonou/COTO,374.95826287725737,75.1,70.9,0.9461434362111104
6.357424978133256,2.3976673140260605,COTO,cotonou,6.352268,2.402957,817.1658100764357,21238.37353,9.0,100.0,109.0,570.0,10,15.077823638916016,314.44900932503293,6.556605458544077,5.077823638916016,0.0016319431009746733,0.4744755986715735,0.001639399850750858,0.47820045059512245,-6.644997094673213e-05,0.04344748884179075,1,-1.0,-1.0,0,0,4,10,1,31.0,71.0,cotonou/COTO,230.8079454871386,62.0,58.3,0.5691686372683065
6.36478709555969,2.365941688921825,COTO,cotonou,6.352268,2.402957,4323.029806108371,21238.37353,9.0,100.0,109.0,570.0,10,11.52254033088684,288.79587008409794,1.2917099902022435,1.5225403308868408,-0.0005021726674047011,1.2992488076129158,-0.0004928946659752174,1.306537567740997,0.0003875128360220959,0.011350946403262015,1,-1.0,-1.0,0,0,1,0,1,33.0,39.0,cotonou/COTO,383.9926241478955,63.0,66.1,0.6259753818338346
6.3734799418366705,2.389512555584669,COTO,cotonou,6.352268,2.402957,2777.638039188946,21238.37353,9.0,100.0,109.0,570.0,10,12.021279335021973,327.7934863117025,1.9996180926431566,2.0212793350219727,-0.0006041978849732321,0.8737421944880116,-0.0006142594318464568,0.8968340706513178,-0.0007903948571071354,0.02706478589134209,1,-1.0,-1.0,0,0,0,4,1,33.0,67.0,cotonou/COTO,256.9667980498637,73.3,81.4,0.2795073512587375
6.348013811178681,2.3813869350875123,COTO,cotonou,6.352268,2.402957,2432.4635998934,21238.37353,9.0,100.0,109.0,570.0,10,10.953526198863983,258.7770058908125,2.308198893253171,0.9535261988639832,-0.00111929481107045,0.9269300732590866,-0.0011058093314189987,0.9680637196133829,0.0,0.0,1,-1.0,-1.0,0,0,0,1,1,32.0,71.0,cotonou/COTO,94.8968856180276,55.9,59.0,0.9319680609130276
6.3659641995597065,2.3644951511744687,COTO,cotonou,6.352268,2.402957,4516.903181301568,21238.37353,9.0,100.0,109.0,570.0,10,11.487597942352295,289.71487743341345,1.2367281624511322,1.487597942352295,-0.0004899323381335531,1.375912822060469,-0.00048555369470633706,1.3868619166884246,-4.263917605082194e-05,0.004314158572373623,1,-1.0,-1.0,0,0,0,0,1,30.1,50.0,cotonou/COTO,322.59013949595317,66.1,61.3,0.556844422596979
6.3720612629751345,2.3547655284186253,COTO,cotonou,6.352268,2.402957,5763.651190628489,21238.37353,9.0,100.0,109.0,570.0,10,13.23845100402832,292.45633532786695,0.9518667298470392,3.2384510040283203,-8.092235407063382e-05,1.3635793182561042,-9.177105448647856e-05,1.3600804371658544,-0.0011272281523177247,0.0330943555497378,0,-1.0,5370.937482248992,0,5,3,0,1,31.0,63.0,cotonou/COTO,249.20674248494376,58.6,51.6,0.2864291591327004
6.363232697501582,2.383699477737472,COTO,cotonou,6.352268,2.402957,2451.517558258511,21238.37353,9.0,100.0,109.0,570.0,10,12.910440921783447,299.80927056108857,2.2446134830970337,2.9104409217834473,-0.00033480026596136275,0.8929428156833356,-0.0003971324080512637,0.9133939999884993,-0.0029355764389038083,0.11901074227064287,1,-1.0,-1.0,0,0,4,10,1,31.9,70.0,cotonou/COTO,160.52457568861385,62.4,54.4,0.38506176284437066
6.3612207718300064,2.3955170570115762,COTO,cotonou,6.352268,2.402957,1287.561581064452,21238.37353,9.0,100.0,109.0,570.0,10,13.665865182876587,320.44670652123693,4.23458925276656,3.665865182876587,-3.3581703590006545e-05,0.3941853339615703,-4.500671669288912e-05,0.4129303321219903,-0.00044744279649522567,0.016658526516369287,1,-1.0,-1.0,0,0,3,9,1,33.0,63.0,cotonou/COTO,204.60464730791253,68.1,56.5,0.02675444021391471
6.345810469583947,2.399506033167935,COTO,cotonou,6.352268,2.402957,809.7899177701951,21238.37353,9.0,100.0,109.0,570.0,10,11.673082947731018,207.97439127736317,6.853383951542845,1.673082947731018,-0.002515490339096743,0.6572917340165632,-0.0024563119329255203,0.7315314897688358,-0.0035800112618340385,0.1315512976570685,1,-1.0,-1.0,0,0,0,1,1,31.0,71.0,cotonou/COTO,393.11085268658167,69.1,75.8,0.8193087591093628
6.369539780787345,2.3985161884398467,COTO,cotonou,6.352268,2.402957,1972.2302750015929,21238.37353,9.0,100.0,109.0,570.0,10,12.450066328048706,345.6661393216502,2.8026599842250777,2.450066328048706,-0.0006504293502778726,0.6900354964036758,-0.0007538841001171623,0.7452034440678008,-0.003998313896343285,0.10057528885245495,1,-1.0,-1.0,0,0,2,11,1,31.7,72.0,cotonou/COTO,280.5468730889592,86.5,68.2,0.518653834972459
6.35455,2.3960390393587803,COTO,cotonou,6.352268,2.402957,805.9353671383114,21238.37353,9.0,100.0,109.0,570.0,10,15.462456226348877,288.3616194350276,6.620178032670531,5.462456226348877,0.0021672404842612183,0.577634788830976,0.0019544614461189623,0.5906712724814577,-0.0006120370458676654,0.030687459256099944,1,-1.0,-1.0,0,0,9,6,1,31.0,71.0,cotonou/COTO,375.179999999993,62.1,62.9,0.6097516689999521
6.357192032835571,2.410793092518472,COTO,cotonou,6.352268,2.402957,1023.8096024964027,21238.37353,9.0,100.0,109.0,570.0,10,15.32881498336792,57.695895860273595,5.227595862967772,5.32881498336792,0.001544593856448219,0.42704603421357223,0.0015931899900789614,0.4397255220484224,0.003486278322007921,0.12811838130515774,1,-1.0,-1.0,0,0,3,3,1,32.0,67.0,cotonou/COTO,352.045035329285,68.1,58.7,0.7690748152773783
6.385655418945736,2.373000582995795,COTO,cotonou,6.352268,2.402957,4961.570869109379,21238.37353,9.0,100.0,109.0,570.0,10,12.849995136260986,318.27830189207185,1.110192751011404,2.8499951362609863,-0.00017208761000728993,1.0565888128533303,-0.00016826983697400125,1.0534799244148019,0.00032162136501736113,0.011963977806056757,0,4643.3939797075745,4693.109118676606,3,6,1,2,1,31.0,59.0,cotonou/COTO,358.8872214220909,66.1,62.5,0.7010936670611692
6.369603938909642,2.390213017824002,COTO,cotonou,6.352268,2.402957,2379.807393619634,21238.37353,9.0,100.0,109.0,570.0,10,11.958635091781616,323.8490801915866,2.3350553690629914,1.9586350917816162,-0.0007284818092981975,0.7344639749704136,-0.0007542821446185597,0.7634039736532101,-0.0014539038806871691,0.05424907604771666,1,-1.0,-1.0,0,0,0,2,1,32.0,63.0,cotonou/COTO,259.09644632842327,62.3,86.3,0.8713260852474927
6.3660950787720605,2.362127884928071,COTO,cotonou,6.352268,2.402957,4769.08123255514,21238.37353,9.0,100.0,109.0,570.0,10,11.532804489135742,288.8190067864495,1.1708086639382145,1.5328044891357422,-0.00045599814622956713,1.3832379307074214,-0.000450358035401528,1.3915819672505672,-0.0001220756106906467,0.004626585445441291,1,-1.0,-1.0,0,0,0,0,1,30.1,50.0,cotonou/COTO,364.4114954279447,61.3,78.69999999999999,0.3360605813444877
6.379903003631868,2.3618131823970328,COTO,cotonou,6.352268,2.402957,5482.784738872142,21238.37353,9.0,100.0,109.0,570.0,10,11.598808288574219,304.0545163192698,1.0177474602649477,1.5988082885742188,-0.0003892930776861791,1.1662763623436916,-0.0003947610898060841,1.1705849495610787,-0.0016612834400600858,0.06268010916119206,0,4966.370144228874,4790.569431158825,4,12,0,1,1,31.8,31.0,cotonou/COTO,398.98903293196753,70.4,78.1,0.7256654560441769
6.365768669470045,2.3675614087192836,COTO,cotonou,6.352268,2.402957,4191.0873054452595,21238.37353,9.0,100.0,109.0,570.0,10,11.45809030532837,290.99794345507837,1.33324137645903,1.4580903053283691,-0.0005354526497068859,1.3548516918114637,-0.0005259444172547663,1.3695748639524312,9.308790292906942e-05,0.0034882557980707263,1,-1.0,-1.0,0,0,1,0,1,30.1,50.0,cotonou/COTO,327.63056038773834,66.1,62.5,0.5022175499250319
6.360221749271604,2.409894797200396,COTO,cotonou,6.352268,2.402957,1167.4241548626385,21238.37353,9.0,100.0,109.0,570.0,10,14.722177028656006,40.92181233300096,4.61702308068293,4.722177028656006,0.0008723826070604116,0.43133758253866905,0.0009193489483705759,0.42142486235840027,0.0018387917280255279,0.041858305853052974,1,-1.0,-1.0,0,0,2,1,1,32.0,67.0,cotonou/COTO,267.46393794301054,62.5,68.1,0.5266005827165531
6.359199891867881,2.412359794834441,COTO,cotonou,6.352268,2.402957,1292.2550605881013,21238.37353,9.0,100.0,109.0,570.0,10,15.156027793884277,53.43237014493138,4.153546380119684,5.156027793884277,0.0010977548180204448,0.4111033214537619,0.001020632839668365,0.4093045643352158,-0.0012145918140524853,0.03194100266889825,1,-1.0,-1.0,0,0,1,0,1,32.0,67.0,cotonou/COTO,276.1246316430909,65.5,68.1,0.3766548809870791
6.380601499477664,2.3662972610127806,COTO,cotonou,6.352268,2.402957,5125.281989251223,21238.37353,9.0,100.0,109.0,570.0,10,13.320777893066406,307.8732993699228,1.0694785058503598,3.3207778930664062,-7.157878464688737e-05,1.1214764256849796,-6.581845770451827e-05,1.1154478357487179,0.0012634383307562934,0.04651259735103154,1,-1.0,-1.0,0,0,0,6,1,34.0,32.0,cotonou/COTO,238.87705477918232,61.3,66.5,0.6316410330748684
6.363209280560127,2.383667245006292,COTO,cotonou,6.352268,2.402957,2453.339441112914,21238.37353,9.0,100.0,109.0,570.0,10,12.910440921783447,299.71519674619503,2.2429483060226683,2.9104409217834473,-0.0003319357038810359,0.8927748968967639,-0.0003971324080512637,0.9132233920877096,-0.0029355764389038083,0.11901074227064287,1,-1.0,-1.0,0,0,4,10,1,31.9,70.0,cotonou/COTO,160.52457568861385,62.4,54.4,0.41261110573308013
6.388920731129222,2.3764278372963785,COTO,cotonou,6.352268,2.402957,5004.442745865221,21238.37353,9.0,100.0,109.0,570.0,10,12.436713695526123,324.27293961494894,1.105414240958973,2.436713695526123,-0.00027901300528515637,0.9836869553089449,-0.00030513167146159817,0.9859407109150673,-0.007501379648844401,0.2765259069442082,0,4462.879803426899,4151.98255869379,22,14,2,4,1,33.0,41.0,cotonou/COTO,339.277088085809,64.0,66.1,0.19058737225051103
6.36628572885741,2.3611686766861553,COTO,cotonou,6.352268,2.402957,4876.383688880733,21238.37353,9.0,100.0,109.0,570.0,10,11.522480607032776,288.6530293281177,1.1451737774399449,1.5224806070327759,-0.00044673023048354073,1.393695313191423,-0.0004435285173281275,1.4014436891616067,-0.0001407414674758911,0.007071828570880301,1,-1.0,-1.0,0,0,0,0,1,30.0,49.0,cotonou/COTO,364.4114954279447,78.69999999999999,61.3,0.36604866029672445
6.378147772495761,2.374697848790321,COTO,cotonou,6.352268,2.402957,4238.65323203141,21238.37353,9.0,100.0,109.0,570.0,10,11.771234154701233,312.6615765406259,1.3140544541180381,1.771234154701233,-0.0004544031172291214,1.1569406887189788,-0.0004488659463614669,1.1582357850582596,0.0002231910358689293,0.008599258722688966,1,-1.0,-1.0,0,0,1,1,1,31.0,63.0,cotonou/COTO,74.10445128334986,85.6,81.4,0.5902695246266005
6.3617664894022505,2.365294488473282,COTO,cotonou,6.352268,2.402957,4297.320465462602,21238.37353,9.0,100.0,109.0,570.0,10,11.776876211166382,284.2409297966686,1.2960458925084286,1.7768762111663818,-0.0004467859312340067,1.1110428319958499,-0.0004472835249548315,1.1208190307911583,-0.0003251046304089434,0.01198555700248878,1,-1.0,-1.0,0,0,3,3,1,33.0,39.0,cotonou/COTO,169.65942414145263,63.0,61.3,0.6195110622338644
6.371557572943022,2.3929964279712213,COTO,cotonou,6.352268,2.402957,2401.0350141396643,21238.37353,9.0,100.0,109.0,570.0,10,12.363491773605347,332.834070899843,2.3047882412734495,2.3634917736053467,-0.0005528805187209642,0.745651364963955,-0.0005317883533023797,0.7595431624344366,9.163849015822529e-06,0.014462057621065533,1,-1.0,-1.0,0,0,1,5,1,33.0,67.0,cotonou/COTO,361.2210155846181,82.1,76.9,0.02093561564434654
6.3847034088712045,2.3752989426062245,COTO,cotonou,6.352268,2.402957,4714.866141549501,21238.37353,9.0,100.0,109.0,570.0,10,13.144234418869019,319.72192996473365,1.164693576367644,3.1442344188690186,-0.00011872510869794752,1.0452058610658634,-7.400472011235357e-05,1.0421510753738004,0.0025195416863605263,0.07299604340620224,0,4421.958625741816,4450.304514368366,3,1,4,7,1,31.0,59.0,cotonou/COTO,262.7208442434569,70.2,64.4,0.11606243190730825
6.378896560925652,2.3758820174009108,COTO,cotonou,6.352268,2.402957,4200.587833691192,21238.37353,9.0,100.0,109.0,570.0,10,11.846090316772461,314.70238129559937,1.324937593189545,1.846090316772461,-0.000442860189238639,1.1797769206237292,-0.0004267725026663481,1.1799021034612391,0.0008124497201707628,0.03090487693751052,1,-1.0,-1.0,0,0,1,11,1,31.0,63.0,cotonou/COTO,296.22029927065233,81.4,81.4,0.5068342975544262
6.358757832362917,2.403973928700169,COTO,cotonou,6.352268,2.402957,726.4625768133972,21238.37353,9.0,100.0,109.0,570.0,10,14.504591941833496,8.851665366064253,7.4111990005246104,4.504591941833496,0.0010634673436482748,0.4137882447293947,0.0011455433950422718,0.40785266102107987,0.0014040354896108756,0.04645107339011607,1,-1.0,-1.0,0,0,3,3,1,31.0,75.0,cotonou/COTO,329.0564998598276,66.4,68.1,0.2894956468603124
6.37165810321631,2.389769962435775,COTO,cotonou,6.352268,2.402957,2593.594665037184,21238.37353,9.0,100.0,109.0,570.0,10,11.94255816936493,325.94585392407373,2.143121346854346,1.9425581693649292,-0.0006604369001826816,0.8449688882301494,-0.0006624490580755228,0.8750992396649304,5.4882963498433416e-05,0.010588167567157442,1,-1.0,-1.0,0,0,1,15,1,33.0,67.0,cotonou/COTO,271.69843466620387,73.3,84.9,0.7264636203205765
6.352779476217076,2.3736251701668936,COTO,cotonou,6.352268,2.402957,3245.781696504707,21238.37353,9.0,100.0,109.0,570.0,10,13.97948694229126,271.00679189996123,1.676859496738809,3.9794869422912598,8.333195969234548e-05,0.3530450972149552,8.750724655690457e-05,0.3535072482623572,-0.00024596696147225573,0.014685101924359149,1,-1.0,-1.0,0,0,1,12,1,29.6,72.0,cotonou/COTO,377.7671008703886,61.8,74.7,0.7678011126246284
6.370783438407547,2.400410877229318,COTO,cotonou,6.352268,2.402957,2066.870396254561,21238.37353,9.0,100.0,109.0,570.0,10,12.385048389434814,352.2179245575377,2.6763179587677604,2.3850483894348145,-0.0006398951926016329,0.7314936929590776,-0.0007186052385070514,0.7908736830415403,-0.0025183094872368705,0.09254935143453738,1,-1.0,-1.0,0,0,0,4,1,32.0,63.0,cotonou/COTO,382.05451823009946,69.0,87.4,0.5217273395108745
6.377035375452623,2.361085154417206,COTO,cotonou,6.352268,2.402957,5381.73612065629,21238.37353,9.0,100.0,109.0,570.0,10,12.920606851577759,300.76226883332714,1.0227850010059365,2.920606851577759,-0.00014562677454065394,1.217381306514311,-0.00015685225706355905,1.2142099846166579,-0.00025512178000920905,0.024750986196277216,0,-1.0,4723.848538772454,0,1,1,11,1,31.5,72.0,cotonou/COTO,238.48215027541633,77.1,76.1,0.7220175597988329
6.365896801206298,2.363466439464552,COTO,cotonou,6.352268,2.402957,4621.85108874178,21238.37353,9.0,100.0,109.0,570.0,10,11.502754926681519,289.15184433896434,1.2084665143367126,1.5027549266815186,-0.0004740293564334993,1.3750685381157781,-0.0004746408108391044,1.3800853173341256,-0.00012120179298048715,0.007101447565748033,1,-1.0,-1.0,0,0,1,3,1,30.1,50.0,cotonou/COTO,322.59013949595317,66.1,61.3,0.9115725984302543
6.368763801109498,2.39946165199921,COTO,cotonou,6.352268,2.402957,1864.7762623264955,21238.37353,9.0,100.0,109.0,570.0,10,12.779965877532959,348.10810269766034,2.953768298571319,2.779965877532959,-0.0004904897124679,0.6580334697525375,-0.0005667014338274112,0.6820163904165946,-0.0037169316984797824,0.12068385354295225,1,-1.0,-1.0,0,0,0,16,1,32.0,63.0,cotonou/COTO,382.96286934899615,68.2,86.2,0.0035524387834852122
6.357060603785075,2.4056596549799574,COTO,cotonou,6.352268,2.402957,608.5377760411575,21238.37353,9.0,100.0,109.0,570.0,10,14.670733451843262,29.268615233111234,8.81127649166069,4.670733451843262,0.0015297492345174152,0.5902463625253798,0.0013546166997967343,0.5781885739160455,-0.0020817544725206163,0.07655280521498867,1,-1.0,-1.0,0,0,1,7,1,31.0,75.0,cotonou/COTO,384.8115623263995,66.4,64.7,0.8370087092773314
6.3868770311411165,2.3747177754328175,COTO,cotonou,6.352268,2.402957,4940.626499062636,21238.37353,9.0,100.0,109.0,570.0,10,13.365596532821655,320.9625302234418,1.108920801314255,3.3655965328216553,-6.924758450591843e-05,0.9906348426755374,-4.443360897833245e-05,0.9856258666558685,0.0012935744391547308,0.05880697873640662,1,-1.0,-1.0,0,0,4,11,1,31.0,59.0,cotonou/COTO,285.70158014965295,70.2,66.1,0.8195963087986546
6.383428051740865,2.372732844760961,COTO,cotonou,6.352268,2.402957,4801.685752100472,21238.37353,9.0,100.0,109.0,570.0,10,12.876397848129272,316.0523652644393,1.1468349805703126,2.8763978481292725,-0.0001719655457490719,1.1188594403742198,-0.00016499322234843827,1.11544628305873,0.0007484774594861426,0.019801129572324435,0,-1.0,4426.4036993310965,0,4,1,8,1,34.0,32.0,cotonou/COTO,268.94546398849457,64.4,53.4,0.5051724421444668
6.358921531829848,2.4108476508463674,COTO,cotonou,6.352268,2.402957,1141.738347831797,21238.37353,9.0,100.0,109.0,570.0,10,15.012841701507568,49.68723825153455,4.7059405532249245,5.012841701507568,0.0011161113396669043,0.3873458335492631,0.0011211945162881137,0.3909014524861868,0.0018914269694602747,0.10425689963044474,0,-1.0,1066.2326053900147,0,21,2,15,1,32.0,71.0,cotonou/COTO,352.045035329285,58.7,68.1,0.7765084636744646
6.350037761742512,2.4130771155128645,COTO,cotonou,6.352268,2.402957,1146.5395982495465,21238.37353,9.0,100.0,109.0,570.0,10,14.821142673492432,102.50178801908476,4.695837567897959,4.821142673492432,0.0009522660165770441,0.28840268998537094,0.0006706931669793248,0.27655011526962553,0.00011963377963399874,0.13593260171047988,1,-1.0,-1.0,0,0,0,3,1,29.8,77.0,cotonou/COTO,285.3045504368927,58.1,75.1,0.9485021572766785
6.364993427856373,2.3722359742919616,COTO,cotonou,6.352268,2.402957,3678.7625289375965,21238.37353,9.0,100.0,109.0,570.0,10,11.689539670944214,292.6275565102416,1.515232033238589,1.6895396709442139,-0.0005456056735507064,1.2755561658839893,-0.0005540659586588542,1.294569563572016,-0.0005497843027114868,0.02717594089850921,1,-1.0,-1.0,0,0,2,3,1,31.0,63.0,cotonou/COTO,344.695661852635,60.5,62.4,0.6644782813326545
6.360529898960009,2.378769555029027,COTO,cotonou,6.352268,2.402957,2827.7642321284325,21238.37353,9.0,100.0,109.0,570.0,10,13.072019338607788,288.96871546715715,1.9429347862813604,3.072019338607788,-0.0003139946443123677,0.849867112569104,-0.00022724474427118603,0.8567594967807128,-0.0010617563322961687,0.0428259465840007,1,-1.0,-1.0,0,0,3,11,1,32.0,63.0,cotonou/COTO,343.13365923494894,65.8,63.8,0.16801606106170153
6.373432884071047,2.391559570786261,COTO,cotonou,6.352268,2.402957,2658.649681434486,21238.37353,9.0,100.0,109.0,570.0,10,12.390224695205688,331.8454153794509,2.0810932657599936,2.3902246952056885,-0.0004931710632552815,0.8044073366284149,-0.000489884505778442,0.8221070819980771,-0.0004928270975748698,0.021700090030076807,1,-1.0,-1.0,0,0,0,5,1,33.0,67.0,cotonou/COTO,363.2414581239478,82.1,81.4,0.7293902154891321
6.348400015965363,2.376697357592782,COTO,cotonou,6.352268,2.402957,2936.7121871451836,21238.37353,9.0,100.0,109.0,570.0,10,11.464200496673584,261.57118167983685,1.902241643110316,1.464200496673584,-0.0007628540603481993,1.0338463340615123,-0.0007475969791412352,1.0661850761073366,0.0,0.0,1,-1.0,-1.0,0,0,0,0,1,33.0,63.0,cotonou/COTO,255.08273363755146,64.3,66.5,0.46034280216379264
6.383076035269993,2.3739810216562396,COTO,cotonou,6.352268,2.402957,4678.133365409095,21238.37353,9.0,100.0,109.0,570.0,10,12.70855164527893,316.93378140770005,1.1791700266252563,2.7085516452789307,-0.00021176637038837452,1.1223930543391953,-0.00020361947610911436,1.1156484082383755,0.0009955591625637479,0.03660908635170245,1,-1.0,-1.0,0,0,1,20,1,32.1,54.0,cotonou/COTO,217.8231826505345,70.5,64.4,0.9584886692248527
6.3659312839964795,2.363992755735747,COTO,cotonou,6.352268,2.402957,4568.102369770751,21238.37353,9.0,100.0,109.0,570.0,10,11.493411898612976,289.43668047801145,1.222798285194231,1.493411898612976,-0.0004822613367068222,1.3711536011276357,-0.00048140505596272747,1.3764948108703088,-5.9609364198250515e-05,0.004649496941030681,1,-1.0,-1.0,0,0,0,3,1,30.1,50.0,cotonou/COTO,322.59013949595317,66.1,61.3,0.7300842290527318
6.367123340126698,2.4125292842193384,COTO,cotonou,6.352268,2.402957,1954.6061137263898,21238.37353,9.0,100.0,109.0,570.0,10,14.454408168792725,32.63501636914748,2.769276357495162,4.454408168792725,0.00037748319934112864,0.42334645100613977,0.0003066107149470419,0.42350261640795794,-0.0018033814913115842,0.054505239868361754,1,-1.0,-1.0,0,0,5,3,1,32.0,63.0,cotonou/COTO,382.5959232662903,56.6,65.5,0.8627650785243184
6.358806229314787,2.4039884137033694,COTO,cotonou,6.352268,2.402957,731.9987112596492,21238.37353,9.0,100.0,109.0,570.0,10,14.504591941833496,8.9103382536494,7.355763978817617,4.504591941833496,0.0010634673436482748,0.41779272521473504,0.0010961570857483663,0.4055822431810073,0.0010060548782348632,0.0484786783957333,1,-1.0,-1.0,0,0,3,4,1,31.4,69.0,cotonou/COTO,329.0564998598276,68.1,66.4,0.727545533375719
6.37374576156076,2.3591206798689486,COTO,cotonou,6.352268,2.402957,5400.346312763744,21238.37353,9.0,100.0,109.0,570.0,10,13.900396585464478,296.24528953059985,1.0088691460220858,3.9003965854644775,3.615618677496771e-05,1.3477374509627766,3.5797176641827646e-05,1.3423638314417692,0.0004106933721682297,0.013448072994284016,1,-1.0,-1.0,0,0,2,6,1,31.5,72.0,cotonou/COTO,315.24390842648114,63.4,72.1,0.18079017738745684
6.350828118650736,2.3916569174103874,COTO,cotonou,6.352268,2.402957,1260.3486286482153,21238.37353,9.0,100.0,109.0,570.0,10,13.994204998016357,262.69463788294746,4.310835663104916,3.9942049980163574,0.00022750179105578329,0.330003383300271,0.0003195273161150539,0.3287877320102564,-0.0006691826605276578,0.07521500102268565,1,-1.0,-1.0,0,0,1,6,1,31.8,66.0,cotonou/COTO,253.66596638093372,65.2,73.7,0.9452966268390046
6.371207018654889,2.3924973038513193,COTO,cotonou,6.352268,2.402957,2392.8726768824563,21238.37353,9.0,100.0,109.0,570.0,10,12.382416725158691,331.23898779917863,2.3121891837168413,2.3824167251586914,-0.000563386980920247,0.6776275495915957,-0.0005618560604932832,0.7139237038331377,-0.0014886061350504558,0.05498083209262289,1,-1.0,-1.0,0,0,1,11,1,33.0,67.0,cotonou/COTO,340.2779183256066,86.3,82.1,0.8213528383471584
6.372560388741876,2.3936309368766775,COTO,cotonou,6.352268,2.402957,2469.940689567243,21238.37353,9.0,100.0,109.0,570.0,10,12.23787522315979,335.4517939790014,2.2434659053487467,2.23787522315979,-0.0005900065104166666,0.9069409917114812,-0.0005728823847911008,0.9178522565899072,0.0008990869185439444,0.029653751022818413,1,-1.0,-1.0,0,0,0,4,1,31.7,72.0,cotonou/COTO,361.2210155846181,76.9,82.1,0.6144040938633771
6.369383196178994,2.4016378128819857,COTO,cotonou,6.352268,2.402957,1898.3527627192982,21238.37353,9.0,100.0,109.0,570.0,10,13.266845464706421,355.619630287868,2.8869571031015786,3.266845464706421,-0.00022924269239107768,0.5226790360761433,-0.00039935966902318316,0.5494686824889017,-0.005557621642176564,0.18677552198866898,1,-1.0,-1.0,0,0,1,13,1,32.0,75.0,cotonou/COTO,237.45958919365236,86.2,69.0,0.5516096555628441
6.369898263660402,2.402723054569436,COTO,cotonou,6.352268,2.402957,1949.8657592597428,21238.37353,9.0,100.0,109.0,570.0,10,13.184560775756836,359.24444909837143,2.813223374341557,3.184560775756836,-0.0002701012969266613,0.5081107733096801,-0.0003676431295992929,0.5441917400984007,-0.004116750210105508,0.11768549495936903,1,-1.0,-1.0,0,0,1,6,1,32.0,75.0,cotonou/COTO,383.81129230388444,86.5,86.2,0.9801559126738179
6.361870403625362,2.4049414455697833,COTO,cotonou,6.352268,2.402957,1084.3697179595406,21238.37353,9.0,100.0,109.0,570.0,10,15.063660621643066,11.606492414185254,4.951035445770308,5.063660621643066,0.001222224493284483,0.4216860054850411,0.0013550248845539817,0.43139520590781866,0.0026883108733974756,0.08523301386603596,1,-1.0,-1.0,0,0,5,8,1,31.6,70.0,cotonou/COTO,240.45018714908818,70.5,64.4,0.7468710826293885
6.372360189087232,2.4024725679707757,COTO,cotonou,6.352268,2.402957,2222.599566175742,21238.37353,9.0,100.0,109.0,570.0,10,12.247736930847168,358.6273697856055,2.4925761825340182,2.247736930847168,-0.0006485575570000542,0.7727490153215026,-0.0006889126633132909,0.8000601354750382,-0.0016304568126443845,0.051634582031763215,1,-1.0,-1.0,0,0,0,1,1,32.0,75.0,cotonou/COTO,383.81129230388444,86.2,86.5,0.7355200834975766
6.382281339602093,2.3653512345232572,COTO,cotonou,6.352268,2.402957,5322.323460558048,21238.37353,9.0,100.0,109.0,570.0,10,13.94087529182434,308.7685848049995,1.0232199650282443,3.940875291824341,4.379847522978484e-05,1.0994505697131272,3.7709871927897214e-05,1.0963380291654485,0.00041172305742899576,0.031005677586533782,1,-1.0,-1.0,0,0,3,5,1,34.0,32.0,cotonou/COTO,290.9174264288137,55.8,61.3,0.15403922126863367
6.356137508829587,2.3923233311204593,COTO,cotonou,6.352268,2.402957,1251.9160751403772,21238.37353,9.0,100.0,109.0,570.0,10,15.673124313354492,290.11036273124,4.2633557600107155,5.673124313354492,0.0015577589277438767,0.6784638949777926,0.001526659727096557,0.6817240535077316,0.00045099788241916234,0.022611034113502498,1,-1.0,-1.0,0,0,3,12,1,32.6,66.0,cotonou/COTO,267.5192114597196,57.1,58.2,0.15850970597238057
6.363887988985238,2.4157804190136685,COTO,cotonou,6.352268,2.402957,1914.2161393718873,21238.37353,9.0,100.0,109.0,570.0,10,15.059717178344727,47.641926827248255,2.8095401278800125,5.059717178344727,0.000695061808131131,0.4247766455091864,0.0006100011689618439,0.41860258636862213,-0.0023491195066689167,0.05950028231205359,1,-1.0,-1.0,0,0,4,8,1,33.0,63.0,cotonou/COTO,306.3941828756752,65.7,57.9,0.35106823400777054
6.383987227896027,2.371737289008082,COTO,cotonou,6.352268,2.402957,4922.899934614483,21238.37353,9.0,100.0,109.0,570.0,10,12.917994022369385,315.6337299465954,1.1181203455333442,2.9179940223693848,-0.00015939341651068794,1.1144693436545272,-0.0001624448232382656,1.1111531916300366,-0.0011353943083021376,0.04216046433476166,1,-1.0,-1.0,0,0,4,11,1,34.0,32.0,cotonou/COTO,161.07626082067793,53.4,62.5,0.21725845205425054
6.357880208257265,2.3741337644743417,COTO,cotonou,6.352268,2.402957,3248.8352237934578,21238.37353,9.0,100.0,109.0,570.0,10,13.36988353729248,281.0863085635298,1.6860259330626461,3.3698835372924805,-0.00010309109994030871,0.6693144756207784,-0.00012346476016644826,0.6751488681521166,-0.0007678027510724508,0.02690380243931731,1,-1.0,-1.0,0,0,5,9,1,32.0,63.0,cotonou/COTO,370.9625978450856,62.1,53.0,0.8679180669088933
6.359021864971705,2.3759877315000075,COTO,cotonou,6.352268,2.402957,3075.933676875705,21238.37353,9.0,100.0,109.0,570.0,10,13.064578533172607,284.1442891383798,1.7864213139332104,3.0645785331726074,-0.00021444577690998872,0.7838053013723199,-0.00027757586738026897,0.7984119670440205,-0.00227138071894263,0.03270077263054637,1,-1.0,-1.0,0,0,5,3,1,32.4,63.0,cotonou/COTO,320.4806640032702,53.0,63.8,0.7866658018902364
6.360824075566752,2.408902163465993,COTO,cotonou,6.352268,2.402957,1152.3687585233556,21238.37353,9.0,100.0,109.0,570.0,10,14.592071533203125,34.627667403161865,4.683503163501057,4.592071533203125,0.0007564787171844742,0.4682712074012666,0.0008234607494943511,0.4572580285650378,0.0014782190322875977,0.07010270953119796,1,-1.0,-1.0,0,0,3,2,1,32.0,67.0,cotonou/COTO,267.46393794301054,62.5,68.1,0.044739546598562385
6.355321693551194,2.373935601719483,COTO,cotonou,6.352268,2.402957,3228.6442090451983,21238.37353,9.0,100.0,109.0,570.0,10,14.581372737884521,276.0451373574408,1.6750831351639126,4.5813727378845215,0.0002698707727738369,0.4329829615811705,0.0002941382292545203,0.42947325095383065,0.0010470231374104819,0.051480734814354334,1,-1.0,-1.0,0,0,1,11,1,29.6,72.0,cotonou/COTO,182.1212014017086,56.3,61.8,0.7372828892079136
6.36443512411438,2.4154328825367886,COTO,cotonou,6.352268,2.402957,1927.6304676156665,21238.37353,9.0,100.0,109.0,570.0,10,15.070956707000732,45.54042147917278,2.789686328764708,5.070956707000732,0.000699469370719714,0.4279478266648407,0.0006376807170859375,0.4245664379980945,-0.0011491827722525498,0.040991119792203067,1,-1.0,-1.0,0,0,3,1,1,33.0,63.0,cotonou/COTO,306.3941828756752,65.7,57.9,0.5858901778457541
6.35432403093721,2.3747526832731527,COTO,cotonou,6.352268,2.402957,3128.8080819075726,21238.37353,9.0,100.0,109.0,570.0,10,14.432661533355713,274.1965911117333,1.7312216665799116,4.432661533355713,0.00023037146008203903,0.4089705428041201,0.00025154285665569755,0.40700219495135237,0.002057878513598155,0.07701539443666655,1,-1.0,-1.0,0,0,5,2,1,33.0,63.0,cotonou/COTO,384.84357926308275,74.7,56.3,0.7433219545255091
6.364655546952839,2.3606269249539986,COTO,cotonou,6.352268,2.402957,4879.609981100182,21238.37353,9.0,100.0,109.0,570.0,10,11.686956763267517,286.409570712121,1.1424863251350135,1.686956763267517,-0.000415987376942466,1.3193005561500102,-0.0003996968905676377,1.3266443756186843,0.0002169314600383126,0.0061887261220660685,1,-1.0,-1.0,0,0,0,0,1,33.0,48.0,cotonou/COTO,377.7002335187451,67.2,78.69999999999999,0.42097731454641574
6.382087260016367,2.3753975173381403,COTO,cotonou,6.352268,2.402957,4491.27637802043,21238.37353,9.0,100.0,109.0,570.0,10,12.532701015472412,317.4335371183315,1.23045631034219,2.532701015472412,-0.00026270078349521076,1.1324582802212126,-0.00018118127530097227,1.125558700797791,0.003699885936305099,0.05188811726095251,1,-1.0,-1.0,0,0,2,2,1,31.0,59.0,cotonou/COTO,342.02592664884946,70.2,70.5,0.9164740206599178
6.361604558867343,2.396265258718289,COTO,cotonou,6.352268,2.402957,1270.5224964860142,21238.37353,9.0,100.0,109.0,570.0,10,13.841092824935913,324.53742506677753,4.283311006865723,3.841092824935913,-0.00011901598460814382,0.32229990683602283,7.556721016212755e-05,0.3357971684871493,-0.0018538276354471842,0.10287945264619411,1,-1.0,-1.0,0,0,6,9,1,32.0,71.0,cotonou/COTO,392.99957175554596,56.6,68.1,0.7692697466597243
6.3660689297893525,2.3660936652059092,COTO,cotonou,6.352268,2.402957,4354.734155068872,21238.37353,9.0,100.0,109.0,570.0,10,11.44884169101715,290.64336849623476,1.2832781102416582,1.4488416910171509,-0.0005155593020730911,1.382340459032443,-0.0005102110001718239,1.3884729227423565,-1.3360636481301008e-05,0.003944028357502312,1,-1.0,-1.0,0,0,2,1,1,30.1,50.0,cotonou/COTO,322.59013949595317,66.1,61.3,0.005632687617465826
6.359256463081138,2.39563086516946,COTO,cotonou,6.352268,2.402957,1119.9517202013658,21238.37353,9.0,100.0,109.0,570.0,10,14.35785436630249,313.8255374143127,4.830335549546055,4.35785436630249,0.0005709323966712282,0.4477682934559491,0.00043126366757477983,0.44541089073173007,-0.002687574536595408,0.08560067942302821,1,-1.0,-1.0,0,0,4,9,1,32.6,66.0,cotonou/COTO,237.15585761266473,56.5,58.3,0.13146736277402948
6.364422675925952,2.415440789540597,COTO,cotonou,6.352268,2.402957,1927.2966622520082,21238.37353,9.0,100.0,109.0,570.0,10,15.070956707000732,45.58788762176482,2.790168735485775,5.070956707000732,0.000699469370719714,0.4266346150408968,0.0006373797573938321,0.42326331894034874,-0.0011558038854788683,0.040991119792203067,1,-1.0,-1.0,0,0,3,1,1,33.0,63.0,cotonou/COTO,306.3941828756752,65.7,57.9,0.5805476077046714
6.380910425946531,2.376032954216247,COTO,cotonou,6.352268,2.402957,4348.149400254219,21238.37353,9.0,100.0,109.0,570.0,10,12.255134344100952,316.94963821872585,1.2746015737295928,2.255134344100952,-0.0003322711331761631,1.1550662675991896,-0.0003222628743508135,1.1501950450159295,0.000914497053436929,0.04405173006512983,1,-1.0,-1.0,0,0,2,0,1,32.1,54.0,cotonou/COTO,333.1849486397105,70.5,81.4,0.3738105908411019
6.36215859371614,2.3974994191056087,COTO,cotonou,6.352268,2.402957,1249.3830488161043,21238.37353,9.0,100.0,109.0,570.0,10,14.608352661132812,331.2598493668959,4.320523015837212,4.6083526611328125,0.0007153660532027955,0.3256179369640881,0.00041108474586949197,0.3195214304542215,-0.0037986914316813156,0.1858032147336996,1,-1.0,-1.0,0,0,4,11,1,32.0,71.0,cotonou/COTO,392.99957175554596,56.6,68.1,0.38717674748963427
6.353389136875373,2.388237452212023,COTO,cotonou,6.352268,2.402957,1633.2900724015553,21238.37353,9.0,100.0,109.0,570.0,10,14.588705062866211,274.38323223414073,3.308264725612675,4.588705062866211,0.0003926239368397038,0.4613361452299654,0.0004439528225458156,0.45514303478113927,-0.0032427310943603516,0.15702688006814902,1,-1.0,-1.0,0,0,5,5,1,31.0,71.0,cotonou/COTO,330.80979731559944,68.3,66.6,0.9290456728715789
6.360092183003182,2.3731044296915886,COTO,cotonou,6.352268,2.402957,3414.3365541067737,21238.37353,9.0,100.0,109.0,570.0,10,13.008283853530884,284.7750742603358,1.6104070969639588,3.008283853530884,-0.0002053646474637635,0.8650676814150862,-0.00022974996308866078,0.873659418756418,-0.0012572880277515138,0.02699055181502766,0,3332.228260220438,3318.5435445727157,2,2,3,11,1,32.0,63.0,cotonou/COTO,370.9625978450856,62.1,53.0,0.13789339828970026
6.35462674732404,2.411306294812669,COTO,cotonou,6.352268,2.402957,959.8909485136679,21238.37353,9.0,100.0,109.0,570.0,10,15.500744342803955,74.13150365411627,5.563408915796469,5.500744342803955,0.0018657465094581642,0.6233784947707544,0.0017952668119239302,0.6306102345189225,-0.0015433903118605497,0.0971898636263857,1,-1.0,-1.0,0,0,5,5,1,32.0,71.0,cotonou/COTO,387.43452466200705,58.7,70.9,0.5472396047643032
6.381641856610393,2.375521547410619,COTO,cotonou,6.352268,2.402957,4445.8569549857075,21238.37353,9.0,100.0,109.0,570.0,10,12.456855773925781,317.1325606810376,1.2439998715093679,2.4568557739257812,-0.0002796724071972056,1.142351257215592,-0.0002562767017538763,1.13925951623949,0.0021345727212458026,0.06070092484296918,1,-1.0,-1.0,0,0,3,0,1,31.0,63.0,cotonou/COTO,333.1849486397105,81.4,70.5,0.9235189473143921
6.3553263852262365,2.3904931991844247,COTO,cotonou,6.352268,2.402957,1419.8691470184356,21238.37353,9.0,100.0,109.0,570.0,10,15.652530670166016,283.8695347573197,3.761424247490282,5.652530670166016,0.001351068913936615,0.6560988544522387,0.0010817319917266557,0.6484313347248065,-0.00529497240610704,0.17694468811993871,1,-1.0,-1.0,0,0,2,12,1,31.0,71.0,cotonou/COTO,308.25641307206246,68.3,58.2,0.09159302090562182
6.359046226100832,2.404525013656668,COTO,cotonou,6.352268,2.402957,769.4034455035153,21238.37353,9.0,100.0,109.0,570.0,10,14.540531635284424,12.947736021844776,6.999163978638004,4.540531635284424,0.0011006702122342113,0.4562464138932895,0.001406075000675924,0.44225807831681335,0.003263119935380272,0.07080668935591264,1,-1.0,-1.0,0,0,4,5,1,31.4,69.0,cotonou/COTO,384.8115623263995,64.7,66.4,0.8226664786814969
6.352148269466604,2.4150977975127472,COTO,cotonou,6.352268,2.402957,1343.3301840968695,21238.37353,9.0,100.0,109.0,570.0,10,15.860713481903076,90.5678416668411,3.9662335596253273,5.860713481903076,0.0015953496650413228,0.704273025964953,0.0013468104896815956,0.7153261392105289,-0.0028302139706081818,0.12423151746686383,1,-1.0,-1.0,0,0,1,11,1,32.0,67.0,cotonou/COTO,331.6003083532061,69.85,58.1,0.7723927964415188
6.363378639053051,2.361063135727218,COTO,cotonou,6.352268,2.402957,4795.202413888378,21238.37353,9.0,100.0,109.0,570.0,10,11.649364233016968,284.94356545693915,1.1630404645205614,1.6493642330169678,-0.0004283010943133479,1.2607828608769274,-0.0004213332394023,1.2713740476685624,0.00018298758400811087,0.006995026553036564,0,-1.0,4583.790684217948,0,2,2,2,1,30.0,49.0,cotonou/COTO,377.7002335187451,78.69999999999999,67.2,0.9755779338348609
6.37805962181203,2.3752263313547934,COTO,cotonou,6.352268,2.402957,4189.06666448946,21238.37353,9.0,100.0,109.0,570.0,10,11.771259665489197,313.1034083437827,1.3296032005535199,1.7712596654891968,-0.00045922114343264814,1.160336178318238,-0.0004517939902492838,1.1630499644140757,0.00017545260898561146,0.009460919385749259,1,-1.0,-1.0,0,0,1,2,1,31.0,63.0,cotonou/COTO,310.99815111988335,81.4,85.6,0.8189863674810995
6.3689119907515055,2.4002099537575265,COTO,cotonou,6.352268,2.402957,1865.5482633883237,21238.37353,9.0,100.0,109.0,570.0,10,12.92800784111023,350.6848036123562,2.9480134293744853,2.9280078411102295,-0.00041216063121008497,0.6429550885678953,-0.0004652615006835384,0.6601764397212676,-0.0033993469155017488,0.10506119560958944,1,-1.0,-1.0,0,0,1,14,1,32.0,63.0,cotonou/COTO,147.1577031622736,68.2,69.0,0.5845798134820053
6.355736585021654,2.4109816258742627,COTO,cotonou,6.352268,2.402957,967.1645015178887,21238.37353,9.0,100.0,109.0,570.0,10,15.853063106536865,66.49464851452814,5.501149726249598,5.853063106536865,0.0025943129284785177,0.6354416594667784,0.0019507790258832328,0.6436826614003023,-0.0009945221031885394,0.05496067892791779,1,-1.0,-1.0,0,0,7,5,1,32.0,71.0,cotonou/COTO,387.43452466200705,58.7,70.9,0.21594476965570852
6.362209149191419,2.3654797149098847,COTO,cotonou,6.352268,2.402957,4289.73383963677,21238.37353,9.0,100.0,109.0,570.0,10,11.632645606994629,284.9459291398157,1.3002626596203928,1.632645606994629,-0.0004846783737322329,1.123568066819084,-0.00047612875357441514,1.145076716577103,-0.0008555809656778972,0.03382780243845238,1,-1.0,-1.0,0,0,3,2,1,33.0,39.0,cotonou/COTO,169.65942414145263,61.3,63.0,0.6944320506518372
6.355220680459792,2.374564990981298,COTO,cotonou,6.352268,2.402957,3158.2245941687174,21238.37353,9.0,100.0,109.0,570.0,10,14.617239475250244,275.97524020387334,1.711760724496692,4.617239475250244,0.0002862415223751428,0.43707335887609067,0.00027031304923403037,0.43510038498904147,0.00025052251479603,0.03496844171605963,1,-1.0,-1.0,0,0,3,10,1,29.6,72.0,cotonou/COTO,182.1212014017086,56.3,61.8,0.348770999198861
6.382498267023151,2.375409527283144,COTO,cotonou,6.352268,2.402957,4523.858233958348,21238.37353,9.0,100.0,109.0,570.0,10,12.714866161346436,317.8364881749368,1.219290859477453,2.7148661613464355,-0.00021380955598524718,1.1211217161203988,-0.00020533428732346347,1.1141667595330513,0.0013105207019382054,0.048358729305396655,1,-1.0,-1.0,0,0,2,5,1,31.0,59.0,cotonou/COTO,342.02592664884946,70.2,70.5,0.7830301872886393
6.354160954675723,2.3892382708981894,COTO,cotonou,6.352268,2.402957,1532.21295405777,21238.37353,9.0,100.0,109.0,570.0,10,15.21036148071289,277.9049422234463,3.502811967525734,5.210361480712891,0.0009636987478305133,0.5665184015588668,0.000578364615344949,0.5595529812397064,-0.007439158065680261,0.21179623693541466,1,-1.0,-1.0,0,0,5,6,1,31.0,71.0,cotonou/COTO,330.80979731559944,66.6,68.3,0.4950300416057547
6.379290323383208,2.376995464863363,COTO,cotonou,6.352268,2.402957,4144.929164948504,21238.37353,9.0,100.0,109.0,570.0,10,11.906943082809448,316.32541786990714,1.3418818516106046,1.9069430828094482,-0.0004316662712920484,1.1768269014656603,-0.00041892460414341513,1.1761213586288248,0.0008634805679321288,0.032355187982010564,1,-1.0,-1.0,0,0,0,8,1,31.0,63.0,cotonou/COTO,310.99815111988335,85.6,81.4,0.950202114505617
6.363655520253819,2.360968548981614,COTO,cotonou,6.352268,2.402957,4813.237975279753,21238.37353,9.0,100.0,109.0,570.0,10,11.669331789016724,285.26582218019047,1.1584460630947622,1.6693317890167236,-0.00042187570291523117,1.2795532060647061,-0.00041466500373949557,1.288892671776707,0.00015963713328043618,0.007700867433633577,1,-1.0,-1.0,0,0,1,2,1,33.0,48.0,cotonou/COTO,377.7002335187451,67.2,78.69999999999999,0.11041001671417616
6.385212190594065,2.371371586354179,COTO,cotonou,6.352268,2.402957,5048.244690571007,21238.37353,9.0,100.0,109.0,570.0,10,12.655168056488037,316.38519366737387,1.0933468028578135,2.655168056488037,-0.00022643905744137147,1.0937708361450558,-0.00020280536125479596,1.0907538415702707,0.00015283048562097078,0.009554210084465916,0,4896.493848169072,4825.676788381503,2,5,3,3,1,34.0,32.0,cotonou/COTO,263.34150546393204,57.6,62.5,0.5771119450563662
6.362755598937623,2.3648069595637464,COTO,cotonou,6.352268,2.402957,4377.343052133339,21238.37353,9.0,100.0,109.0,570.0,10,11.57414197921753,285.4638242276415,1.2750129380098425,1.5741419792175293,-0.00048753561071203063,1.1794189908208048,-0.0004682228726856745,1.1982367077757228,0.0004227037932641041,0.01279186949439631,1,-1.0,-1.0,0,0,3,8,1,33.0,48.0,cotonou/COTO,239.71117558433022,60.2,63.0,0.6013829737133264
6.36093127489196,2.3954997501294106,COTO,cotonou,6.352268,2.402957,1264.3585037707999,21238.37353,9.0,100.0,109.0,570.0,10,13.68650221824646,319.45353330679643,4.311080614704233,3.68650221824646,-1.5883113062658916e-05,0.40483709761459524,-6.500067132892025e-05,0.418324269898821,-0.0018596940570407446,0.06845377937286584,1,-1.0,-1.0,0,0,3,7,1,32.6,66.0,cotonou/COTO,204.60464730791253,56.5,68.1,0.8159102673693506
6.38178804480033,2.3690029911480743,COTO,cotonou,6.352268,2.402957,4976.874332383817,21238.37353,9.0,100.0,109.0,570.0,10,13.193758010864258,311.181593600484,1.1028237884041965,3.193758010864258,-0.00010098943069364189,1.115260212058082,-3.134712340339781e-05,1.1100414781220465,0.0045435587565104164,0.1919813212891292,1,-1.0,-1.0,0,0,6,10,1,30.7,45.0,cotonou/COTO,218.89526468152152,58.1,61.3,0.15990044371129108
6.378883738558222,2.375848759385389,COTO,cotonou,6.352268,2.402957,4202.2192963991265,21238.37353,9.0,100.0,109.0,570.0,10,11.846090316772461,314.6534193308951,1.3244233848496574,1.846090316772461,-0.00043992934215716993,1.1793147882501536,-0.0004221882695543797,1.1793676634291084,0.0010294367541372616,0.026076941631500844,1,-1.0,-1.0,0,0,1,8,1,31.0,63.0,cotonou/COTO,296.22029927065233,81.4,81.4,0.5065223351850765
6.365489439992846,2.3712550391700726,COTO,cotonou,6.352268,2.402957,3800.0304756773066,21238.37353,9.0,100.0,109.0,570.0,10,11.555829644203186,292.7664335047469,1.468913594756939,1.555829644203186,-0.0005701550977607717,1.3181616455197451,-0.0005664421298399143,1.3361132837359218,-0.0008451951874627007,0.031079356664763743,1,-1.0,-1.0,0,0,1,3,1,30.0,55.0,cotonou/COTO,257.5295687877015,62.5,62.4,0.9719996422727288
6.3728730706269925,2.4013397712983258,COTO,cotonou,6.352268,2.402957,2285.6859094791184,21238.37353,9.0,100.0,109.0,570.0,10,11.98688292503357,355.5398503565957,2.4303899109481373,1.9868829250335693,-0.000744635718209403,0.8819265674928278,-0.0007430353496641015,0.9038615050065718,-0.00039659808957799467,0.012851142453943056,1,-1.0,-1.0,0,0,2,2,1,31.7,72.0,cotonou/COTO,270.87866527279124,87.4,86.5,0.5437593413709627
6.3460514394446,2.40168094062819,COTO,cotonou,6.352268,2.402957,701.8237223615255,21238.37353,9.0,100.0,109.0,570.0,10,12.205300092697144,191.53068079026386,7.852626550084459,2.2053000926971436,-0.0025829505099011327,0.4307800915942042,-0.0022408167521158853,0.5218933748983012,-0.005317040284474691,0.25389959923030303,1,-1.0,-1.0,0,0,1,3,1,31.0,71.0,cotonou/COTO,393.11085268658167,69.1,75.8,0.2014373215369778
6.378350733554259,2.3746375947260794,COTO,cotonou,6.352268,2.402957,4258.742291087976,21238.37353,9.0,100.0,109.0,570.0,10,11.782398343086243,312.8238551840268,1.3077079196599133,1.7823983430862427,-0.00045152108025826534,1.1577548733918206,-0.00044369907387235906,1.1600448034390165,0.00021085866963851114,0.012061986361609817,1,-1.0,-1.0,0,0,2,4,1,31.0,63.0,cotonou/COTO,74.10445128334986,85.6,81.4,0.9073961785303661
6.385764898859072,2.373103104440063,COTO,cotonou,6.352268,2.402957,4963.031126612627,21238.37353,9.0,100.0,109.0,570.0,10,12.948567628860474,318.46896675172957,1.1087286391476356,2.9485676288604736,-0.00011966488126897801,1.0523956009492363,-0.00015476932601323208,1.0461872201353963,-9.229779243469244e-05,0.03498723246813763,0,4674.598455927725,4624.868685119983,3,8,1,3,1,31.8,57.0,cotonou/COTO,358.8872214220909,62.5,66.1,0.3452961267252903
6.378808764061356,2.3763032233381995,COTO,cotonou,6.352268,2.402957,4160.628838157369,21238.37353,9.0,100.0,109.0,570.0,10,11.847950458526611,315.0569179480297,1.3376321911963667,1.8479504585266113,-0.0004425548109152659,1.1781962021609926,-0.0004023929569694429,1.1785776714321285,0.0020119071392947735,0.026208558376865438,1,-1.0,-1.0,0,0,0,7,1,31.0,63.0,cotonou/COTO,310.99815111988335,85.6,81.4,0.6492275383475041
6.349377153840103,2.382097315557938,COTO,cotonou,6.352268,2.402957,2329.9703665157813,21238.37353,9.0,100.0,109.0,570.0,10,12.840478897094727,262.06295601566836,2.363296080524262,2.8404788970947266,-0.0003870446218701109,0.4467237854620808,-0.0003849281867345174,0.48598668294059905,-0.0032971382141113283,0.147429211764103,1,-1.0,-1.0,0,0,5,4,1,32.0,71.0,cotonou/COTO,240.9109181835051,55.9,65.8,0.8166565670100704
6.362801578077329,2.3644676652224663,COTO,cotonou,6.352268,2.402957,4414.8906864728115,21238.37353,9.0,100.0,109.0,570.0,10,11.590249300003052,285.3980189466253,1.2639638423244466,1.5902493000030518,-0.0004767437238950987,1.1959728195017092,-0.0004636883109328838,1.2042905358523879,0.000668474500108558,0.020640587177114686,1,-1.0,-1.0,0,0,3,2,1,33.0,48.0,cotonou/COTO,239.71117558433022,60.2,63.0,0.44283421610587614
6.380022090494749,2.361891779726534,COTO,cotonou,6.352268,2.402957,5482.928061132099,21238.37353,9.0,100.0,109.0,570.0,10,11.598808288574219,304.2198331720394,1.0177208622164913,1.5988082885742188,-0.0003924713048490796,1.1599724896956414,-0.0003859836346394307,1.1637728590244045,-0.001593139436509874,0.05883849765213676,0,-1.0,4790.6946586244385,0,16,0,1,1,29.5,80.0,cotonou/COTO,398.98903293196753,78.1,70.4,0.31403016491612934
6.367111358183384,2.40075,COTO,cotonou,6.352268,2.402957,1659.5579336254204,21238.37353,9.0,100.0,109.0,570.0,10,13.498097896575928,351.59429754091883,3.293544365482229,3.4980978965759277,-0.00012434139138176324,0.5554007124972394,-0.00010200854762950987,0.5604094493195909,0.00042378952900605445,0.01595725652512739,1,-1.0,-1.0,0,0,4,7,1,32.0,63.0,cotonou/COTO,305.25,66.0,69.0,0.3059484303213863
6.371946957580088,2.3903604901626894,COTO,cotonou,6.352268,2.402957,2584.254085010364,21238.37353,9.0,100.0,109.0,570.0,10,12.104864835739136,327.5378778546488,2.1472667670507963,2.1048648357391357,-0.0006138416085663427,0.8022706080864835,-0.0006284815452436811,0.817234194600186,-0.0005343612568490427,0.018303966606438623,1,-1.0,-1.0,0,0,1,12,1,33.0,67.0,cotonou/COTO,357.773164030067,84.9,81.4,0.2847264870415872
6.357225921870609,2.3978350721342037,COTO,cotonou,6.352268,2.402957,788.514758083951,21238.37353,9.0,100.0,109.0,570.0,10,15.077823638916016,314.2446132742212,6.792655209326351,5.077823638916016,0.0014921987957522787,0.46949495950329806,0.0015678105055894744,0.47247321682976584,-0.000469544053442738,0.04023896642512881,1,-1.0,-1.0,0,0,3,12,1,31.0,71.0,cotonou/COTO,230.8079454871386,58.3,62.0,0.5560239807490441
6.36594839983971,2.3628658633064594,COTO,cotonou,6.352268,2.402957,4686.554838031458,21238.37353,9.0,100.0,109.0,570.0,10,11.522751927375793,288.9518747946039,1.1915425999893927,1.5227519273757935,-0.00046374511819989307,1.3766593761904493,-0.00046106228058383594,1.3811846387251234,9.780951895440485e-05,0.0070764492587273705,1,-1.0,-1.0,0,0,0,0,1,30.1,50.0,cotonou/COTO,364.4114954279447,61.3,78.69999999999999,0.1068747495467901
6.3686385484973105,2.389621170435537,COTO,cotonou,6.352268,2.402957,2335.4820021272894,21238.37353,9.0,100.0,109.0,570.0,10,12.03823733329773,321.00679781294787,2.3773727062626935,2.0382373332977295,-0.0007226973030926054,0.7238771446077088,-0.0007648412592130547,0.7792566137670702,-0.0030056137692071206,0.09359334658840263,1,-1.0,-1.0,0,0,4,3,1,32.0,63.0,cotonou/COTO,259.09644632842327,62.3,86.3,0.38620527503024826
6.370531161787022,2.3542568466775258,COTO,cotonou,6.352268,2.402957,5754.210592360986,21238.37353,9.0,100.0,109.0,570.0,10,13.026591062545776,290.6759806547765,0.9555370588586811,3.0265910625457764,-0.00011845883412119059,1.3719235785141413,-0.0001328745339490758,1.3651236124516546,-0.001093827940043166,0.026437200087359343,0,-1.0,4970.06966995508,0,3,0,7,1,29.5,69.0,cotonou/COTO,399.9159167874965,51.6,61.5,0.09128624928641393
6.369466589758297,2.4043681415510587,COTO,cotonou,6.352268,2.402957,1908.3533076596377,21238.37353,9.0,100.0,109.0,570.0,10,13.748792886734009,4.661775750213735,2.8574199785085286,3.748792886734009,3.6133793888096146e-06,0.4909418354139596,-3.02672386169434e-05,0.503786303121884,-0.0017036239306131998,0.08154203539233026,1,-1.0,-1.0,0,0,6,6,1,32.0,75.0,cotonou/COTO,333.13687187099424,68.0,86.2,0.44090732045787806
6.366864792431293,2.4004394657989234,COTO,cotonou,6.352268,2.402957,1638.0833930901817,21238.37353,9.0,100.0,109.0,570.0,10,13.437885522842407,350.2735718570834,3.3387232651803265,3.4378855228424072,-0.000163094491669626,0.5637544304623059,-0.00018008312983819617,0.5785863273302934,-0.00015599926312764487,0.021551263513750783,1,-1.0,-1.0,0,0,3,4,1,32.0,63.0,cotonou/COTO,311.79147214124436,66.0,68.2,0.23887246236659532
6.367107764975644,2.412372158430756,COTO,cotonou,6.352268,2.402957,1943.7872391372057,21238.37353,9.0,100.0,109.0,570.0,10,14.454408168792725,32.2329727543447,2.7846656066254925,4.454408168792725,0.0003770538609899179,0.4221771050500522,0.00027298375611850534,0.42068914156981174,-0.0026614917939292806,0.05755869750158205,1,-1.0,-1.0,0,0,6,3,1,32.0,63.0,cotonou/COTO,382.5959232662903,56.6,65.5,0.8169558107161151
6.366867780826237,2.409951141864676,COTO,cotonou,6.352268,2.402957,1790.4206643097468,21238.37353,9.0,100.0,109.0,570.0,10,14.38318681716919,25.459200915840086,3.0250465967391995,4.3831868171691895,0.00037566410170661074,0.4077827821254061,0.0002743695343138235,0.40864037870365855,-0.0018429783249798634,0.03150665329068748,1,-1.0,-1.0,0,0,3,4,1,32.0,63.0,cotonou/COTO,382.5959232662903,56.6,65.5,0.1111200771650731
6.370698017298131,2.353375251887489,COTO,cotonou,6.352268,2.402957,5852.0437833828655,21238.37353,9.0,100.0,109.0,570.0,10,12.95811128616333,290.5091780497619,0.9402357733816263,2.95811128616333,-0.0001273605693765238,1.3582981885329317,-0.00011584332644982553,1.3549071478590577,0.0006084697152887673,0.02442403993557567,0,5547.127674429049,5570.582759733188,2,1,3,0,1,29.5,69.0,cotonou/COTO,399.9159167874965,51.6,61.5,0.34032432556804393
6.362734009638692,2.3649662737006887,COTO,cotonou,6.352268,2.402957,4359.714723247727,21238.37353,9.0,100.0,109.0,570.0,10,11.563383936882019,285.4951137812446,1.280308001343426,1.563383936882019,-0.0005055287596384371,1.1816110965087865,-0.0004797543310651691,1.1911616929699334,8.263826837679007e-05,0.006546748241883389,1,-1.0,-1.0,0,0,3,8,1,33.0,48.0,cotonou/COTO,239.71117558433022,60.2,63.0,0.675828832097551
6.384464100389263,2.372761824936794,COTO,cotonou,6.352268,2.402957,4882.365101107061,21238.37353,9.0,100.0,109.0,570.0,10,12.74325680732727,317.01547801724314,1.1294507137739331,2.7432568073272705,-0.0001987129510676446,1.0957599942455036,-0.00020275732483526667,1.0895552353191396,-0.0006403075324164496,0.025176804796443946,1,-1.0,-1.0,0,0,2,12,1,34.0,32.0,cotonou/COTO,267.5261198461977,64.4,62.5,0.7330221919025205
6.380230331375716,2.365536000710012,COTO,cotonou,6.352268,2.402957,5167.5230616757335,21238.37353,9.0,100.0,109.0,570.0,10,13.288208484649658,306.94058562654004,1.061099229311177,3.288208484649658,-8.069035634829122e-05,1.1246098757585348,-8.53591901387515e-05,1.1214720939958251,-0.0001863953525715154,0.009790563707737244,1,-1.0,-1.0,0,0,0,3,1,31.8,31.0,cotonou/COTO,344.11074176779897,70.4,66.5,0.9485480124531763
6.38142479174557,2.365278849183122,COTO,cotonou,6.352268,2.402957,5270.107626369647,21238.37353,9.0,100.0,109.0,570.0,10,13.629904747009277,307.9078625429683,1.0367354843452272,3.6299047470092773,-1.4599751342426528e-05,1.1079487634183556,-5.797332235468401e-05,1.1033100162356229,-0.002583231714288896,0.045483014478907895,1,-1.0,-1.0,0,0,2,9,1,34.0,32.0,cotonou/COTO,267.2888297328458,55.8,66.5,0.43948409282666256
6.348508597270039,2.379492463904986,COTO,cotonou,6.352268,2.402957,2629.216904539816,21238.37353,9.0,100.0,109.0,570.0,10,10.710995376110077,260.8436868289732,2.1409127304449145,0.7109953761100769,-0.0011348469916618233,0.9145956243013906,-0.0011096281696248939,1.0086773529526172,0.0,0.0,1,-1.0,-1.0,0,0,0,0,1,33.0,63.0,cotonou/COTO,310.65923598055264,66.5,55.9,0.5785068249047051
6.383626132496232,2.3714559459362823,COTO,cotonou,6.352268,2.402957,4916.543002158598,21238.37353,9.0,100.0,109.0,570.0,10,13.232849359512329,315.0487749385055,1.1158978469399905,3.232849359512329,-9.213065239208067e-05,1.1215951203930896,-0.00011374553044637045,1.1149778634736973,9.422832065158415e-05,0.041340980816400294,1,-1.0,-1.0,0,0,3,8,1,30.7,45.0,cotonou/COTO,324.8945539710613,58.1,53.4,0.9495336001247797
6.353968473165603,2.3740982180004404,COTO,cotonou,6.352268,2.402957,3198.4798363260247,21238.37353,9.0,100.0,109.0,570.0,10,14.380148887634277,273.3945793385029,1.6944729259659708,4.380148887634277,0.00021853002912201907,0.384537468975149,0.00022029431952613575,0.3810789573969691,0.0007768511772155763,0.04019652780186211,1,-1.0,-1.0,0,0,5,10,1,33.0,63.0,cotonou/COTO,313.5332494330497,78.1,61.8,0.455353703295999
6.373985312783791,2.390664583980254,COTO,cotonou,6.352268,2.402957,2760.0110675331553,21238.37353,9.0,100.0,109.0,570.0,10,12.178421258926392,330.64152544322866,2.009120169898518,2.1784212589263916,-0.0005554222727406406,0.8261840845554514,-0.000536529561306568,0.846704269376545,-0.0013354168997870553,0.054658389812443434,1,-1.0,-1.0,0,0,2,7,1,33.0,67.0,cotonou/COTO,256.9667980498637,81.4,73.3,0.17708302818197807
6.371201862703685,2.402590420945846,COTO,cotonou,6.352268,2.402957,2094.2490629903095,21238.37353,9.0,100.0,109.0,570.0,10,12.55892014503479,358.89768206434394,2.636632824289355,2.55892014503479,-0.000563053775909581,0.6300788957805344,-0.0006865290624485185,0.6899884098337028,-0.005106534005078193,0.13464604111220874,1,-1.0,-1.0,0,0,0,5,1,32.0,75.0,cotonou/COTO,383.81129230388444,86.2,86.5,0.39879729758259075
6.376811889615328,2.3605873905068666,COTO,cotonou,6.352268,2.402957,5416.788801277053,21238.37353,9.0,100.0,109.0,570.0,10,13.005118131637573,300.23909869488557,1.015274198276958,3.0051181316375732,-0.0001292584350754543,1.234781107678024,-0.0001553723938043869,1.2283913501215358,-0.0012026846408843992,0.06629800396157894,1,-1.0,-1.0,0,0,2,10,1,31.5,72.0,cotonou/COTO,238.48215027541633,77.1,76.1,0.46805638105446656
6.359285029682554,2.395594507676749,COTO,cotonou,6.352268,2.402957,1125.0431455227174,21238.37353,9.0,100.0,109.0,570.0,10,14.35785436630249,313.80060677698896,4.808578416553653,4.35785436630249,0.0005709323966712282,0.4477682934559491,0.00042232016722361257,0.4430007357419757,-0.0019972999890645344,0.09299496055001183,1,-1.0,-1.0,0,0,5,11,1,31.0,71.0,cotonou/COTO,237.15585761266473,58.3,56.5,0.8901740019351032
6.377221057385458,2.361498718722156,COTO,cotonou,6.352268,2.402957,5352.9559795072255,21238.37353,9.0,100.0,109.0,570.0,10,12.820095539093018,301.20208057688507,1.0293583056977218,2.8200955390930176,-0.00016515752234716433,1.2182468797999224,-0.00017323094397838165,1.2120217727418967,-0.0004658321539560954,0.026694040141004134,0,-1.0,4816.587644887262,0,3,2,11,1,31.5,72.0,cotonou/COTO,238.48215027541633,77.1,76.1,0.9330197562021106
6.370723287943051,2.3685071768616526,COTO,cotonou,6.352268,2.402957,4323.515144864858,21238.37353,9.0,100.0,109.0,570.0,10,11.549442291259766,298.32808788192233,1.2912087104838659,1.5494422912597656,-0.0004959883086982815,1.3381303809627287,-0.0004802787582359344,1.3409842025865901,0.0007564350988759597,0.021669463089425613,1,-1.0,-1.0,0,0,1,12,1,31.5,72.0,cotonou/COTO,291.86035290862867,64.7,79.6,0.2786281027543147
6.366614768135753,2.413570916380186,COTO,cotonou,6.352268,2.402957,1973.8908255003462,21238.37353,9.0,100.0,109.0,570.0,10,14.48693323135376,36.32496872831797,2.7413203735140144,4.48693323135376,0.00039390999861437865,0.40943973333056394,0.00024344816754812322,0.4096672802968288,-0.003147861505092204,0.05962576957993859,1,-1.0,-1.0,0,0,6,8,1,33.0,63.0,cotonou/COTO,281.80230889756126,57.9,65.5,0.686309681216581
6.370968104164316,2.3927528674870655,COTO,cotonou,6.352268,2.402957,2356.1029622181795,21238.37353,9.0,100.0,109.0,570.0,10,12.486603498458862,331.52903724076407,2.3457041204532008,2.4866034984588623,-0.0005149316184128388,0.6620598365070957,-0.000613610721014517,0.700875158280873,-0.0029981173294258033,0.08014275396499111,1,-1.0,-1.0,0,0,1,4,1,32.0,63.0,cotonou/COTO,247.7688085695969,61.2,82.1,0.7442808482288
6.383184942978761,2.3737011593218864,COTO,cotonou,6.352268,2.402957,4708.144587309846,21238.37353,9.0,100.0,109.0,570.0,10,12.705065965652466,316.75988868454937,1.1716981223443232,2.705065965652466,-0.0002128198874399923,1.1258626318737506,-0.00019213028673855764,1.1190190658050236,0.0009108702341715495,0.04187871703436024,1,-1.0,-1.0,0,0,0,16,1,34.0,32.0,cotonou/COTO,268.94546398849457,53.4,64.4,0.9068763071856671
6.348357625217675,2.3805379453676054,COTO,cotonou,6.352268,2.402957,2517.879614792733,21238.37353,9.0,100.0,109.0,570.0,10,12.225592136383057,260.0472695090137,2.2010731584118375,2.2255921363830566,-0.0005865399336938117,0.6700969174640835,-0.0013387231517207714,0.8526357447807074,-0.0215832038058175,0.978806233047916,1,-1.0,-1.0,0,0,0,2,1,33.0,63.0,cotonou/COTO,310.65923598055264,66.5,55.9,0.9559369558142355
6.365139842226699,2.367014320057376,COTO,cotonou,6.352268,2.402957,4223.761915578514,21238.37353,9.0,100.0,109.0,570.0,10,11.478070855140686,289.8180175677528,1.3226603369893697,1.478070855140686,-0.0005269305500503954,1.305096656169971,-0.0005153902089677961,1.3216021226011572,0.0001989913185494596,0.003134334188019427,1,-1.0,-1.0,0,0,1,7,1,30.1,50.0,cotonou/COTO,167.19783760562936,58.0,66.1,0.13874280249937165
6.3787089411308235,2.3753953785580735,COTO,cotonou,6.352268,2.402957,4224.764051215922,21238.37353,9.0,100.0,109.0,570.0,10,11.803905010223389,313.98970878853044,1.3179301255776839,1.8039050102233887,-0.0004500961758110575,1.1754161385373234,-0.0004363677162668366,1.176517347826149,0.00031343168682522243,0.014853901745220364,1,-1.0,-1.0,0,0,2,7,1,31.0,63.0,cotonou/COTO,296.22029927065233,81.4,81.4,0.6886029887255094
6.3553244127277315,2.3982297239594677,COTO,cotonou,6.352268,2.402957,622.738068397237,21238.37353,9.0,100.0,109.0,570.0,10,15.289272785186768,303.04604997449593,8.55775971755137,5.289272785186768,0.0025141576025809512,0.4967378801073964,0.002585320319018618,0.5762539025408164,0.002294705590103295,0.08647414931480699,1,-1.0,-1.0,0,0,3,9,1,31.0,71.0,cotonou/COTO,221.7167693252332,62.0,62.1,0.6068970925218633
6.380909480726617,2.364696641768643,COTO,cotonou,6.352268,2.402957,5286.869101443928,21238.37353,9.0,100.0,109.0,570.0,10,13.282453775405884,306.990626019826,1.0372135618989897,3.282453775405884,-7.995059485713864e-05,1.1119569479334903,-8.44334160868229e-05,1.1090045178733918,-0.00010432528171057474,0.03527388232922038,0,5064.375612204804,5043.185756086793,1,2,2,11,1,30.7,55.0,cotonou/COTO,344.11074176779897,66.5,70.4,0.3997337059573405
6.356677041328599,2.4043217869735316,COTO,cotonou,6.352268,2.402957,510.4328289178376,21238.37353,9.0,100.0,109.0,570.0,10,14.870622634887695,17.099968930437456,10.448578730272041,4.870622634887695,0.002154872594056306,0.5896181405463297,0.001546251053803899,0.5750701022751815,-0.0038909123246269,0.0963353990968574,1,-1.0,-1.0,0,0,2,6,1,31.4,69.0,cotonou/COTO,285.8934238489022,64.7,68.1,0.6296548741121266
6.362947325404097,2.38330667143858,COTO,cotonou,6.352268,2.402957,2474.1637973679262,21238.37353,9.0,100.0,109.0,570.0,10,13.125631093978882,298.6722925060796,2.2191132587141658,3.125631093978882,-0.00023347804824032449,0.8823355369157007,-0.0003714410931456322,0.9059101945075486,-0.0033438583215077717,0.17422309128436228,1,-1.0,-1.0,0,0,3,7,1,31.9,70.0,cotonou/COTO,160.52457568861385,62.4,54.4,0.7207936422392524
6.370749220869245,2.402636474620862,COTO,cotonou,6.352268,2.402957,2044.1072037503375,21238.37353,9.0,100.0,109.0,570.0,10,12.875862836837769,359.01253619511255,2.6923505089852084,2.8758628368377686,-0.00040151139964228087,0.5868456911738,-0.0005635132769020703,0.6218442971086825,-0.005494876919490146,0.1760623259713804,1,-1.0,-1.0,0,0,0,3,1,32.0,75.0,cotonou/COTO,383.81129230388444,86.5,86.2,0.7327846310334597
6.370812007703741,2.3904120994729054,COTO,cotonou,6.352268,2.402957,2476.27794636622,21238.37353,9.0,100.0,109.0,570.0,10,11.956919074058533,326.08664958129424,2.2442210873660553,1.9569190740585327,-0.0007125525059076869,0.7635886349822223,-0.0007701690345543339,0.8039005646216852,-0.0019512222387071886,0.018414951453625407,1,-1.0,-1.0,0,0,2,4,1,33.0,67.0,cotonou/COTO,292.9664112146319,84.9,61.2,0.15635896742987154
6.384462216565602,2.372034639638629,COTO,cotonou,6.352268,2.402957,4937.613072759255,21238.37353,9.0,100.0,109.0,570.0,10,12.77942180633545,316.3332771688716,1.1163967783551594,2.779421806335449,-0.00018738780358825062,1.1064769858964334,-0.0001955759025619415,1.1002002191536688,-0.000702055295308431,0.03296504147351659,0,-1.0,4442.8622638655415,0,1,4,12,1,31.8,57.0,cotonou/COTO,161.07626082067793,62.5,53.4,0.3965718978847902
6.364674955036664,2.367756707678901,COTO,cotonou,6.352268,2.402957,4129.157234739689,21238.37353,9.0,100.0,109.0,570.0,10,11.491480469703674,289.5289503035744,1.3527672031125102,1.4914804697036743,-0.0005368147586875415,1.2623952702615353,-0.0005283227704820179,1.281641933135124,-0.00019495685895284015,0.009557289555623131,1,-1.0,-1.0,0,0,2,10,1,30.1,50.0,cotonou/COTO,358.990200005476,58.0,59.4,0.20863904856660664
6.3459722723357705,2.400966406722855,COTO,cotonou,6.352268,2.402957,730.2356139053695,21238.37353,9.0,100.0,109.0,570.0,10,11.98555612564087,197.44503512465988,7.567636152592567,1.9855561256408691,-0.002295247077941895,0.5255161595138135,-0.0025826883879447736,0.5967440801559266,-0.005882010418367505,0.20230582546357406,1,-1.0,-1.0,0,0,4,7,1,31.0,71.0,cotonou/COTO,393.11085268658167,75.8,69.1,0.5955700917201732
6.3590020782305725,2.4045502410111017,COTO,cotonou,6.352268,2.402957,765.2858366923629,21238.37353,9.0,100.0,109.0,570.0,10,14.540531635284424,13.232045766752094,7.036446358765362,4.540531635284424,0.001124909304477684,0.4553903818617941,0.0016929626188983118,0.4413089954138797,0.0054590600784785726,0.07543275059996947,1,-1.0,-1.0,0,0,6,8,1,31.0,75.0,cotonou/COTO,384.8115623263995,66.4,64.7,0.19200058784969187
6.356599432936516,2.4054950432538376,COTO,cotonou,6.352268,2.402957,555.2465409951823,21238.37353,9.0,100.0,109.0,570.0,10,14.983467102050781,30.214639030690364,9.610393831027558,4.983467102050781,0.002239430996409634,0.6248046186366497,0.0015051807676042831,0.5943010532425212,-0.004413159688313802,0.20470191045709132,1,-1.0,-1.0,0,0,0,10,1,31.4,69.0,cotonou/COTO,285.8934238489022,68.1,64.7,0.8268650793141972
6.354914625700299,2.3902155586003873,COTO,cotonou,6.352268,2.402957,1439.7797288862816,21238.37353,9.0,100.0,109.0,570.0,10,15.59389066696167,281.8056869185249,3.711877903370286,5.59389066696167,0.0013080278189161144,0.6393398733347231,0.0009598834900837447,0.6330295568502634,-0.006483168753019128,0.17922820090771766,1,-1.0,-1.0,0,0,1,14,1,31.0,71.0,cotonou/COTO,330.80979731559944,68.3,66.6,0.09086499983589968
6.357069611038849,2.4107892306321403,COTO,cotonou,6.352268,2.402957,1016.3092729445515,21238.37353,9.0,100.0,109.0,570.0,10,15.32881498336792,58.33129058433917,5.2659592478461885,5.32881498336792,0.0016068761330635122,0.4358495637605812,0.0015931899900789614,0.45146904319497644,0.0023242473602294923,0.08632255566734047,1,-1.0,-1.0,0,0,2,6,1,32.0,67.0,cotonou/COTO,352.045035329285,68.1,58.7,0.807693678596562
6.373486963017722,2.391520389058858,COTO,cotonou,6.352268,2.402957,2665.970913761515,21238.37353,9.0,100.0,109.0,570.0,10,12.394816398620605,331.8244373168532,2.075284663161275,2.3948163986206055,-0.0004911115910410227,0.8049965530861702,-0.0005258445840657851,0.8236609710532817,-0.0013198775067554626,0.029487641875941235,1,-1.0,-1.0,0,0,0,6,1,33.0,67.0,cotonou/COTO,363.2414581239478,82.1,81.4,0.7497973651780636
6.361754140663269,2.4052989107965175,COTO,cotonou,6.352268,2.402957,1080.577447997053,21238.37353,9.0,100.0,109.0,570.0,10,15.015956401824951,13.785579813306924,4.970834663133196,5.015956401824951,0.0011792477186735686,0.4228161943607237,0.0011903342447782818,0.4253839028834171,0.0010447714063856336,0.03906035489766523,1,-1.0,-1.0,0,0,6,11,1,31.6,70.0,cotonou/COTO,240.45018714908818,64.4,70.5,0.4266557264646552
6.348312464481913,2.3816350711063428,COTO,cotonou,6.352268,2.402957,2399.292456243619,21238.37353,9.0,100.0,109.0,570.0,10,10.953526198863983,259.4280139231472,2.3400753992009857,0.9535261988639832,-0.001181138051499956,0.6433460914310407,-0.0011527813544572633,0.7816217367795444,-0.01768154832381347,0.6676593615087777,1,-1.0,-1.0,0,0,1,2,1,32.0,71.0,cotonou/COTO,210.16260561769036,65.8,59.0,0.8009478506707309
6.3840386657465125,2.38244109335647,COTO,cotonou,6.352268,2.402957,4182.874516530016,21238.37353,9.0,100.0,109.0,570.0,10,14.600066661834717,327.3101888088542,1.2928429393248568,4.600066661834717,0.00021263695898510168,0.9926314984690618,0.00022606015765051334,0.9987347653857639,0.0005272428194681804,0.03271854002081542,1,-1.0,-1.0,0,0,6,8,1,33.0,41.0,cotonou/COTO,266.4578062283396,75.6,64.8,0.08649525462165453
6.3796260801142255,2.376930952115257,COTO,cotonou,6.352268,2.402957,4176.6952203352275,21238.37353,9.0,100.0,109.0,570.0,10,11.950038433074951,316.6077216429682,1.331088932509873,1.9500384330749512,-0.00041832214310055685,1.1728661363729915,-0.00038437738871702996,1.171243660334342,0.0013663557677989133,0.04781188320196147,1,-1.0,-1.0,0,0,0,2,1,31.0,63.0,cotonou/COTO,333.1849486397105,81.4,70.5,0.10409760740864826
6.382099144980976,2.3650803382739984,COTO,cotonou,6.352268,2.402957,5333.299521757643,21238.37353,9.0,100.0,109.0,570.0,10,13.776901721954346,308.3980343751009,1.0228756116130089,3.7769017219543457,7.3327680612307915e-06,1.1012440446386804,6.5464002114754774e-06,1.0975330493571551,-0.001244436370001899,0.057958164067522716,1,-1.0,-1.0,0,0,2,1,1,30.7,55.0,cotonou/COTO,267.2888297328458,66.5,55.8,0.8524437147082305
6.377972081036032,2.375100491489296,COTO,cotonou,6.352268,2.402957,4192.704959288957,21238.37353,9.0,100.0,109.0,570.0,10,11.761269330978394,312.87686416185477,1.328586277618643,1.7612693309783936,-0.00046326840328540846,1.15448100770814,-0.00044739723598820347,1.1574089109961558,0.00044219157360508144,0.0074810123289823175,1,-1.0,-1.0,0,0,1,1,1,31.0,63.0,cotonou/COTO,310.99815111988335,85.6,81.4,0.1263006475199645
6.372356824517802,2.3904869101597117,COTO,cotonou,6.352268,2.402957,2615.1319603110346,21238.37353,9.0,100.0,109.0,570.0,10,12.199007987976074,328.32924046791146,2.119876683945901,2.199007987976074,-0.0005712058508034908,0.7967230908687994,-0.0005855507890230384,0.8110985202673652,3.848789975739063e-05,0.025347704141899786,1,-1.0,-1.0,0,0,0,15,1,33.0,67.0,cotonou/COTO,357.773164030067,81.4,84.9,0.582199831882245
6.372354173202816,2.3688894155944102,COTO,cotonou,6.352268,2.402957,4375.027674030592,21238.37353,9.0,100.0,109.0,570.0,10,11.663612842559814,300.6804929588597,1.274516346269911,1.6636128425598145,-0.0004665247925884648,1.2867626229257703,-0.00043749330144998916,1.290119956673378,0.0011212037011058202,0.03503538769807372,1,-1.0,-1.0,0,0,3,2,1,32.0,67.0,cotonou/COTO,291.86035290862867,79.6,64.7,0.0843073426496539
6.36887252344337,2.400012617216849,COTO,cotonou,6.352268,2.402957,1864.9317163437095,21238.37353,9.0,100.0,109.0,570.0,10,12.847063302993774,350.0054077492386,2.9514665725007503,2.8470633029937744,-0.0006313985739611396,0.6440000715510242,-0.0004577254032112815,0.6602111848011959,-0.001953966935513088,0.0675118167630233,1,-1.0,-1.0,0,0,1,15,1,32.0,63.0,cotonou/COTO,147.1577031622736,68.2,69.0,0.43278247449936613
6.352737317078125,2.37453975301602,COTO,cotonou,6.352268,2.402957,3144.527359263945,21238.37353,9.0,100.0,109.0,570.0,10,14.1347074508667,270.95358276133663,1.7279966731793819,4.134707450866699,0.00012781059180158176,0.3474992990945086,5.9245939609418516e-05,0.3484218156822233,-0.0036377655252482865,0.0894033589750026,1,-1.0,-1.0,0,0,3,0,1,33.0,63.0,cotonou/COTO,135.44729233169025,74.7,78.1,0.9459709849679458
6.349061455273034,2.3816598120319212,COTO,cotonou,6.352268,2.402957,2382.873144558655,21238.37353,9.0,100.0,109.0,570.0,10,12.615878343582153,261.3868541853636,2.316277145837424,2.6158783435821533,-0.00045463045438130686,0.520641673193031,-0.0004867418994748495,0.5657337600909268,-0.001385811964670817,0.06406969831358487,1,-1.0,-1.0,0,0,4,3,1,32.0,71.0,cotonou/COTO,240.9109181835051,55.9,65.8,0.5680750181369757
6.38158642474896,2.3669772003446656,COTO,cotonou,6.352268,2.402957,5134.038354069384,21238.37353,9.0,100.0,109.0,570.0,10,13.795615196228027,309.35083687627406,1.0623575327585277,3.7956151962280273,1.7175147699755293e-05,1.1058312122146159,6.590083252698862e-05,1.1047700944241563,0.005572409553517063,0.15447638632976315,1,-1.0,-1.0,0,0,1,11,1,34.0,32.0,cotonou/COTO,290.9174264288137,55.8,61.3,0.8287138359609232
6.381829039372878,2.36917790132428,COTO,cotonou,6.352268,2.402957,4965.267363047261,21238.37353,9.0,100.0,109.0,570.0,10,13.140081644058228,311.36771176036086,1.1060203037940386,3.1400816440582275,-0.00011383730723675953,1.121094186573878,0.00028098802578774713,1.1156007094454523,0.017696422280050916,0.1881678756563529,1,-1.0,-1.0,0,0,7,9,1,30.7,45.0,cotonou/COTO,218.89526468152152,58.1,61.3,0.06880139360407334
6.371679504431426,2.4025418236770353,COTO,cotonou,6.352268,2.402957,2147.1691154793325,21238.37353,9.0,100.0,109.0,570.0,10,12.330790042877197,358.7823019159409,2.577812799704958,2.3307900428771973,-0.0006705612121124405,0.6921350833312726,-0.0006414323239713102,0.7466346034598857,-0.0022992372512817385,0.10446885227414986,1,-1.0,-1.0,0,0,0,5,1,32.0,75.0,cotonou/COTO,383.81129230388444,86.2,86.5,0.5376466370424677
6.357924714635556,2.4122406207429576,COTO,cotonou,6.352268,2.402957,1202.6412460096014,21238.37353,9.0,100.0,109.0,570.0,10,15.256978988647461,58.48746268147693,4.457057364865295,5.256978988647461,0.0012601524833741227,0.4594778503088402,0.0011917647158123834,0.4565748176525123,-0.0009451743539589356,0.03421391074536928,1,-1.0,-1.0,0,0,1,10,1,32.0,71.0,cotonou/COTO,390.090387602657,58.7,65.5,0.5906107401435278
6.354888857657722,2.37501710852129,COTO,cotonou,6.352268,2.402957,3104.835326459279,21238.37353,9.0,100.0,109.0,570.0,10,14.496220588684082,275.3933289880756,1.743408564825872,4.496220588684082,0.00025295806236756154,0.42690010780743537,0.00028663918657122916,0.42301469336156494,0.0016426245371500654,0.07557129292355858,1,-1.0,-1.0,0,0,2,4,1,29.6,72.0,cotonou/COTO,384.84357926308275,56.3,74.7,0.07679692429253504
6.363410195413418,2.407192143682042,COTO,cotonou,6.352268,2.402957,1318.2785006933384,21238.37353,9.0,100.0,109.0,570.0,10,15.076210498809814,20.694416826137854,4.0752835259890015,5.0762104988098145,0.001036702138089072,0.4401579221670424,0.000960269891288368,0.43613499846313325,-0.0005990052021018456,0.01665039697451576,1,-1.0,-1.0,0,0,1,7,1,32.0,63.0,cotonou/COTO,373.8657305772486,58.8,70.5,0.3584291152775053
6.367442340703953,2.387519548933819,COTO,cotonou,6.352268,2.402957,2394.414703320647,21238.37353,9.0,100.0,109.0,570.0,10,12.294059753417969,314.685238283563,2.3128125735516916,2.2940597534179688,-0.0005887215336163839,0.8029274512907141,-0.0007179482723512548,0.8429946738293629,-0.003924678547830727,0.07739114881926795,1,-1.0,-1.0,0,0,7,8,1,32.0,63.0,cotonou/COTO,280.00176285154186,67.2,62.3,0.33178234992582434
6.363215299830018,2.3591803961676816,COTO,cotonou,6.352268,2.402957,4992.427972167093,21238.37353,9.0,100.0,109.0,570.0,10,11.675190925598145,284.12596145944457,1.1168102169222323,1.6751909255981445,-0.0004055490036924443,1.270064764289599,-0.0003896299903914774,1.277835752080606,0.00047580599784851073,0.02679086833112876,1,-1.0,-1.0,0,0,3,2,1,34.0,44.0,cotonou/COTO,275.55065323816524,65.7,67.2,0.2299984547102476
6.38139379836662,2.367368102479885,COTO,cotonou,6.352268,2.402957,5087.064608285332,21238.37353,9.0,100.0,109.0,570.0,10,13.547499895095825,309.47256029144563,1.074958569162149,3.547499895095825,-2.7266794032900963e-05,1.1089501862300732,1.7175147699755252e-05,1.1052591443046687,0.0036657989025115968,0.16989696621101463,1,-1.0,-1.0,0,0,4,10,1,34.0,32.0,cotonou/COTO,238.87705477918232,61.3,66.5,0.01265752607794568
6.383742955081898,2.3715511396083873,COTO,cotonou,6.352268,2.402957,4918.217306232669,21238.37353,9.0,100.0,109.0,570.0,10,13.232849359512329,315.24200030228275,1.1155180588978115,3.232849359512329,-9.026893094428796e-05,1.1227744328479399,-9.439269598225563e-05,1.1160943743053617,0.002594987343684275,0.09304461684328179,1,-1.0,-1.0,0,0,2,10,1,34.0,32.0,cotonou/COTO,265.7725736414513,57.6,53.4,0.9875918476230606
6.370564700201985,2.402655248525961,COTO,cotonou,6.352268,2.402957,2023.669211112257,21238.37353,9.0,100.0,109.0,570.0,10,12.875862836837769,359.06098977420356,2.7195012136086394,2.8758628368377686,-0.0004990120028351776,0.5666124844809208,-0.0004660562106541224,0.6137276975929251,-0.003155422210693359,0.1523015075326438,1,-1.0,-1.0,0,0,0,6,1,32.0,75.0,cotonou/COTO,383.81129230388444,86.5,86.2,0.7864243598880178
6.353542993899882,2.4116233331277956,COTO,cotonou,6.352268,2.402957,969.1583956812599,21238.37353,9.0,100.0,109.0,570.0,10,15.07706880569458,81.57921149319338,5.5353538928198045,5.07706880569458,0.0013839165369669596,0.4960915844374113,0.0013316320438011022,0.4973765039745598,-0.0009248680538601345,0.03467513805296359,1,-1.0,-1.0,0,0,2,7,1,32.0,71.0,cotonou/COTO,387.43452466200705,58.7,70.9,0.8707480895873679
6.382070985401008,2.3751175011234755,COTO,cotonou,6.352268,2.402957,4511.051001006571,21238.37353,9.0,100.0,109.0,570.0,10,12.519683361053467,317.12927403927876,1.2252293992403809,2.519683361053467,-0.00026209891237170493,1.1358245098538537,-0.000247069828869041,1.1324053048159264,0.0015290603900973325,0.0619971208380569,1,-1.0,-1.0,0,0,1,1,1,32.1,54.0,cotonou/COTO,217.8231826505345,70.5,64.4,0.185373385390593
6.373793603577447,2.359571813833397,COTO,cotonou,6.352268,2.402957,5357.913763065637,21238.37353,9.0,100.0,109.0,570.0,10,13.807060480117798,296.5319847431913,1.0178551092303798,3.807060480117798,2.9431991435229924e-05,1.3381110876140239,2.6641805308080326e-05,1.332618550637868,0.0009298741817474366,0.050203395963301256,0,-1.0,4949.896282110738,0,3,3,7,1,31.5,72.0,cotonou/COTO,324.3499013411239,63.4,77.1,0.10739848542692298
6.373026445881692,2.401741720241676,COTO,cotonou,6.352268,2.402957,2299.5674479462755,21238.37353,9.0,100.0,109.0,570.0,10,11.996815919876099,356.6701661501361,2.4154890352378615,1.9968159198760986,-0.000744738936385507,0.8628797887072096,-0.0007246115539647355,0.9061115449118134,-0.0004258185625076294,0.019429621773814073,1,-1.0,-1.0,0,0,1,0,1,32.0,75.0,cotonou/COTO,270.87866527279124,86.5,87.4,0.27994726242274637
6.3536946032092185,2.3742115434996336,COTO,cotonou,6.352268,2.402957,3184.3199320539534,21238.37353,9.0,100.0,109.0,570.0,10,14.246931076049805,272.86030775778306,1.704398300726919,4.246931076049805,0.00016820549593536286,0.3885534633994413,0.00017667126900425435,0.38696905788506136,0.0007584920281133867,0.029571028891735344,1,-1.0,-1.0,0,0,4,12,1,33.0,63.0,cotonou/COTO,313.5332494330497,78.1,61.8,0.3504226855243039
6.385031965381789,2.372037256896293,COTO,cotonou,6.352268,2.402957,4983.036027148993,21238.37353,9.0,100.0,109.0,570.0,10,12.659142971038818,316.8374945660514,1.1076052539096235,2.6591429710388184,-0.00020915138983203024,1.0910099870941554,-0.0002116823007190038,1.0881093264427577,-0.0005603366427951389,0.02061051736654287,0,-1.0,4713.4128352992475,0,1,1,1,1,31.8,57.0,cotonou/COTO,263.34150546393204,62.5,57.6,0.13220222869296128
6.380936576257673,2.3667501382232614,COTO,cotonou,6.352268,2.402957,5108.635415265413,21238.37353,9.0,100.0,109.0,570.0,10,13.277579069137573,308.5467969889201,1.073446931508866,3.2775790691375732,-8.370611402723522e-05,1.1146084167561257,-4.6003604120062284e-05,1.112099028736172,0.003753217061360677,0.1421271922312641,1,-1.0,-1.0,0,0,1,14,1,30.7,55.0,cotonou/COTO,238.87705477918232,66.5,61.3,0.630137701307181
6.3723401687391545,2.400023285660599,COTO,cotonou,6.352268,2.402957,2243.3446993262332,21238.37353,9.0,100.0,109.0,570.0,10,11.974279999732971,351.73529054942327,2.4765261515955252,1.9742799997329712,-0.0007730193104026164,0.8956123535148718,-0.0007678318086625623,0.937191974240016,-0.000677451189320438,0.017893564440498295,1,-1.0,-1.0,0,0,0,5,1,31.7,72.0,cotonou/COTO,364.58895828051044,86.5,87.4,0.9703805639379345
6.369494803653658,2.4042409619919725,COTO,cotonou,6.352268,2.402957,1910.3651493435968,21238.37353,9.0,100.0,109.0,570.0,10,13.698677778244019,4.236317490827503,2.855915080513836,3.6986777782440186,-1.854370771349988e-05,0.4959112932095337,-0.00010896620124277445,0.5160606329422842,-0.002885169453091092,0.11822696661372717,1,-1.0,-1.0,0,0,5,6,1,32.0,75.0,cotonou/COTO,333.13687187099424,86.2,68.0,0.5156866866800521
6.364076065870373,2.373928135252623,COTO,cotonou,6.352268,2.402957,3467.048050826052,21238.37353,9.0,100.0,109.0,570.0,10,11.88625419139862,292.2602703957704,1.6044638456127938,1.8862541913986206,-0.0005232003570973189,1.1821057924482192,-0.0005718798246956198,1.2066164371193024,-0.001573102554261851,0.04977145008103343,1,-1.0,-1.0,0,0,2,4,1,31.0,63.0,cotonou/COTO,344.695661852635,62.4,60.5,0.9553608983967103
6.348529232215581,2.381766202204487,COTO,cotonou,6.352268,2.402957,2380.748119871455,21238.37353,9.0,100.0,109.0,570.0,10,12.378462076187134,259.9347347841207,2.324046726316299,2.378462076187134,-0.0005535538991292317,0.5795950699977701,-0.0006035371673673131,0.6067645282229104,-0.0024676948208990634,0.08227074010759718,1,-1.0,-1.0,0,0,1,2,1,32.0,71.0,cotonou/COTO,210.16260561769036,65.8,59.0,0.6671406076663855
6.381792206553822,2.365170692443031,COTO,cotonou,6.352268,2.402957,5304.489187891736,21238.37353,9.0,100.0,109.0,570.0,10,13.707360744476318,308.1763827609724,1.0291808739058235,3.7073607444763184,-4.099187067635034e-06,1.1012483918826437,1.1694941884756817e-06,1.097061070213307,-0.0006953001022338867,0.028053777681307058,1,-1.0,-1.0,0,0,2,2,1,30.7,55.0,cotonou/COTO,267.2888297328458,66.5,55.8,0.7195699367194923
6.365881338376383,2.3660852484750357,COTO,cotonou,6.352268,2.402957,4348.3812032298865,21238.37353,9.0,100.0,109.0,570.0,10,11.458176136016846,290.38174533982146,1.2850294094496795,1.4581761360168457,-0.0005169690340414814,1.3573279802598877,-0.0005073619256086211,1.3704451146277596,0.00012610229051583045,0.0027629363066314972,1,-1.0,-1.0,0,0,2,1,1,30.1,50.0,cotonou/COTO,383.9926241478955,66.1,63.0,0.05500338880954936
6.362681435162292,2.3631254755773585,COTO,cotonou,6.352268,2.402957,4554.919032736004,21238.37353,9.0,100.0,109.0,570.0,10,11.672189116477966,284.7402382532329,1.2240885714179082,1.6721891164779663,-0.000446225412642792,1.1982208262093468,-0.00044842790135036646,1.213613007861044,-0.0004098200384668994,0.017801477297854806,1,-1.0,-1.0,0,0,2,10,1,33.0,48.0,cotonou/COTO,358.1586621876183,60.2,61.2,0.14451444052798512
6.369326512328964,2.4014992523596908,COTO,cotonou,6.352268,2.402957,1893.3470634422674,21238.37353,9.0,100.0,109.0,570.0,10,13.258832216262817,355.14561901792194,2.894818656729949,3.2588322162628174,-0.00023341625928878783,0.5244464132452361,-0.0004532273410283122,0.5516476659642746,-0.006283216572601551,0.18678601871690018,1,-1.0,-1.0,0,0,2,13,1,32.0,63.0,cotonou/COTO,237.45958919365236,69.0,86.2,0.37841028267221777
6.365478726845936,2.370012314128515,COTO,cotonou,6.352268,2.402957,3926.8547478156174,21238.37353,9.0,100.0,109.0,570.0,10,11.50452196598053,291.97489138873084,1.4222405458973182,1.5045219659805298,-0.0005604857368468703,1.3229371343409908,-0.000558641163483366,1.3406470706936156,-0.0003096510505308451,0.01361191276634288,1,-1.0,-1.0,0,0,0,2,1,30.0,55.0,cotonou/COTO,257.5295687877015,62.5,62.4,0.43634229677377956
6.362014188525478,2.3620664155084623,COTO,cotonou,6.352268,2.402957,4650.7302995535365,21238.37353,9.0,100.0,109.0,570.0,10,11.775235891342163,283.48838824015877,1.1976091923729204,1.775235891342163,-0.0004154482568137138,1.1724341324530287,-0.0004162990281006342,1.1857356476022742,-0.00035200075825854606,0.009535032179391171,1,-1.0,-1.0,0,0,3,5,1,29.0,75.0,cotonou/COTO,358.1586621876183,61.2,60.2,0.46755146830115346
6.361476036521202,2.406153977263171,COTO,cotonou,6.352268,2.402957,1077.9804201398426,21238.37353,9.0,100.0,109.0,570.0,10,14.956156730651855,19.03730554101554,4.98590440610183,4.9561567306518555,0.00115727382495211,0.4386550206520832,0.001095742719215259,0.4331334888467861,8.829964531792536e-05,0.003443830683158486,1,-1.0,-1.0,0,0,3,12,1,31.6,70.0,cotonou/COTO,240.45018714908818,64.4,70.5,0.8417365355197906
6.36584547355026,2.4167037167268126,COTO,cotonou,6.352268,2.402957,2137.224097283036,21238.37353,9.0,100.0,109.0,570.0,10,14.588876247406006,45.17732061957798,2.529376514162022,4.588876247406006,0.00028075930529893777,0.41048440764293614,0.00031349063658071016,0.41230858017715505,-0.0034165347474656867,0.11959483168656605,1,-1.0,-1.0,0,0,3,7,1,33.0,63.0,cotonou/COTO,337.6225164292086,57.9,61.6,0.6363907860853045
6.382344248947954,2.364519862999889,COTO,cotonou,6.352268,2.402957,5398.815301671798,21238.37353,9.0,100.0,109.0,570.0,10,13.633146524429321,308.2167510564675,1.0119905360030002,3.6331465244293213,-1.594991157447129e-05,1.0973207721863365,-2.816216849582089e-05,1.0923257674448303,-0.0021012889014350045,0.07755157837875307,1,-1.0,-1.0,0,0,3,1,1,34.0,32.0,cotonou/COTO,196.14362722252218,55.8,70.4,0.26597514457278604
6.377354730626194,2.3638719187858195,COTO,cotonou,6.352268,2.402957,5137.720648621038,21238.37353,9.0,100.0,109.0,570.0,10,12.712973356246948,302.85775392126175,1.0736657097973932,2.7129733562469482,-0.00019263916237409728,1.20323284750424,-0.00021042472777529615,1.2003944251165735,-0.0018854527731510735,0.05907843298167363,1,-1.0,-1.0,0,0,0,11,1,30.7,55.0,cotonou/COTO,333.1849486396399,64.2,76.1,0.25269373806020823
6.369606136519244,2.3913969931721493,COTO,cotonou,6.352268,2.402957,2304.8163736414613,21238.37353,9.0,100.0,109.0,570.0,10,12.294580459594727,326.4708291529116,2.402605434725416,2.2945804595947266,-0.000611433322295482,0.6061983653484887,-0.0006874158322411521,0.6614608578175248,-0.0024084949767663017,0.08337447450755697,1,-1.0,-1.0,0,0,6,7,1,33.0,67.0,cotonou/COTO,203.52690731203887,86.3,61.2,0.5769624562636625
6.363121370138699,2.416267370040655,COTO,cotonou,6.352268,2.402957,1899.8172884503497,21238.37353,9.0,100.0,109.0,570.0,10,15.126235008239746,50.63199727722338,2.8287981342536956,5.126235008239746,0.000681546050209055,0.4051103560498587,0.00067655760551521,0.4023005404167705,-0.002355074542009591,0.07636481422780056,1,-1.0,-1.0,0,0,4,1,1,33.0,63.0,cotonou/COTO,306.3941828756752,57.9,65.7,0.9779527301720594
6.354957106422897,2.394029827392433,COTO,cotonou,6.352268,2.402957,1031.5024897592746,21238.37353,9.0,100.0,109.0,570.0,10,15.509445667266846,286.8619587879666,5.178870964265626,5.509445667266846,0.0018057558801655854,0.6009537914874972,0.0016355383503544438,0.6122020853274949,0.0006564696629842123,0.0441475185226757,1,-1.0,-1.0,0,0,2,10,1,32.6,66.0,cotonou/COTO,279.6517178563703,57.1,62.9,0.6819481071119271
6.369062341648498,2.4003768043056777,COTO,cotonou,6.352268,2.402957,1879.0621206631931,21238.37353,9.0,100.0,109.0,570.0,10,12.92800784111023,351.31875454522446,2.92684887502591,2.9280078411102295,-0.0004121606312100849,0.6232454658141054,-0.00045292291885767227,0.6585139919253766,-0.0031664331754048666,0.13937983855109806,1,-1.0,-1.0,0,0,2,13,1,32.0,63.0,cotonou/COTO,382.96286934899615,68.2,86.2,0.2825622883163984
6.371309774579948,2.3916903559173295,COTO,cotonou,6.352268,2.402957,2447.075058534608,21238.37353,9.0,100.0,109.0,570.0,10,12.219006299972534,329.5435283550854,2.2648483848143486,2.219006299972534,-0.0006048720057417707,0.7028090963661315,-0.0005852799566965255,0.7380831585336227,-0.00038851896921793613,0.020634396154073545,1,-1.0,-1.0,0,0,3,13,1,33.0,67.0,cotonou/COTO,322.1257484275571,84.9,82.1,0.55761530220549
6.360246458861938,2.3781637288652093,COTO,cotonou,6.352268,2.402957,2881.527465581424,21238.37353,9.0,100.0,109.0,570.0,10,13.094181537628174,287.94279567498376,1.9062705461887266,3.094181537628174,-0.00021058759328835611,0.8317848628427459,-0.0002172446575294547,0.8390383590518775,-0.0013933976491292317,0.05165828677876832,1,-1.0,-1.0,0,0,4,6,1,32.0,63.0,cotonou/COTO,343.13365923494894,65.8,63.8,0.38438254813955086
6.355224172841329,2.3735786181346223,COTO,cotonou,6.352268,2.402957,3266.8303804793586,21238.37353,9.0,100.0,109.0,570.0,10,14.681883811950684,275.78289252731736,1.653752592596004,4.681883811950684,0.00029813222564323955,0.42910138533365993,0.00030543560738320103,0.4260108954067578,0.00046897994147406685,0.018571014392741485,1,-1.0,-1.0,0,0,0,14,1,29.6,72.0,cotonou/COTO,313.5332494330497,61.8,78.1,0.06353530983568145
6.348698371956328,2.3811566414512892,COTO,cotonou,6.352268,2.402957,2444.1025916490585,21238.37353,9.0,100.0,109.0,570.0,10,12.298537492752075,260.64561750311225,2.265738482310288,2.298537492752075,-0.0005725422525793556,0.6097258956804844,-0.0005688647429148356,0.6547686483485474,-0.00073702335357666,0.04576952840578568,1,-1.0,-1.0,0,0,0,1,1,32.0,71.0,cotonou/COTO,240.9109181835051,65.8,55.9,0.7178173572221769
6.359385543110471,2.3954665814957634,COTO,cotonou,6.352268,2.402957,1142.9593108155354,21238.37353,9.0,100.0,109.0,570.0,10,14.35785436630249,313.71465158572676,4.733547998507898,4.35785436630249,0.0005562931044488891,0.44485837865076405,0.00023763532697791305,0.44832552181970187,-0.0040633393314633845,0.12802873878037635,1,-1.0,-1.0,0,0,4,9,1,32.6,66.0,cotonou/COTO,237.15585761266473,56.5,58.3,0.033679461763980734
6.3636778193776795,2.366322437900647,COTO,cotonou,6.352268,2.402957,4245.083658031773,21238.37353,9.0,100.0,109.0,570.0,10,11.519999980926514,287.4018212069106,1.3154537474249859,1.5199999809265137,-0.0005131706471850836,1.2222076454948665,-0.0005059581111978601,1.2421657302254716,3.2474597295125326e-06,0.0007796085811478358,1,-1.0,-1.0,0,0,1,6,1,30.1,50.0,cotonou/COTO,309.4591612797848,58.0,63.0,0.5583747329021068
6.381552789138404,2.367999233657191,COTO,cotonou,6.352268,2.402957,5044.4812226259455,21238.37353,9.0,100.0,109.0,570.0,10,13.285314559936523,310.1300835073625,1.0870076217521423,3.2853145599365234,-8.317098109679813e-05,1.1062880116744882,2.84191013463832e-05,1.1053087418026433,0.006295714344748009,0.226729001466474,1,-1.0,-1.0,0,0,5,11,1,30.7,45.0,cotonou/COTO,218.89526468152152,58.1,61.3,0.682690803546185
6.383019998986373,2.374044385761563,COTO,cotonou,6.352268,2.402957,4668.816350431947,21238.37353,9.0,100.0,109.0,570.0,10,12.70855164527893,316.94431276159906,1.1815224930215404,2.7085516452789307,-0.00020440270729725913,1.1219051431602243,-0.00020361947610911436,1.1151651391334314,0.0007466693719228108,0.040334415819403335,1,-1.0,-1.0,0,0,1,14,1,34.0,32.0,cotonou/COTO,217.8231826505345,64.4,70.5,0.08461616432875063
6.366872737696563,2.410001147938854,COTO,cotonou,6.352268,2.402957,1793.3125015808691,21238.37353,9.0,100.0,109.0,570.0,10,14.38318681716919,25.610402043261956,3.0201775435217533,4.3831868171691895,0.00037566410170661074,0.4095797625494558,0.000282191859997262,0.4102718830970603,-0.001681316927522134,0.03148903986605253,1,-1.0,-1.0,0,0,3,3,1,32.0,63.0,cotonou/COTO,382.5959232662903,65.5,56.6,0.8743008924623618
6.36014458939967,2.377945992609982,COTO,cotonou,6.352268,2.402957,2901.067862655367,21238.37353,9.0,100.0,109.0,570.0,10,13.115807294845581,287.5833758353542,1.8930134312607592,3.115807294845581,-0.00021061564627074272,0.8222004977032091,-0.00022454061090745512,0.836884933928967,-0.0013286617067125109,0.05122575751484204,1,-1.0,-1.0,0,0,4,5,1,32.0,63.0,cotonou/COTO,343.13365923494894,65.8,63.8,0.4621454964348952
6.363342782386435,2.3838510063436815,COTO,cotonou,6.352268,2.402957,2443.0410871688746,21238.37353,9.0,100.0,109.0,570.0,10,12.839801549911499,300.25336359245534,2.2540475939857907,2.839801549911499,-0.0004299856038903431,0.9066552958219453,-0.0003971324080512637,0.9267625637077045,-0.002689578135808309,0.13643142299548716,1,-1.0,-1.0,0,0,4,10,1,31.9,70.0,cotonou/COTO,160.52457568861385,62.4,54.4,0.2555501336055058
6.377461354257608,2.361593729148478,COTO,cotonou,6.352268,2.402957,5357.721043291216,21238.37353,9.0,100.0,109.0,570.0,10,12.735710144042969,301.5044685994165,1.029345140396904,2.7357101440429688,-0.00018751761515271875,1.2094473820960532,-0.00027251075394526956,1.2034344652602966,-0.004180490360784597,0.04044372192268667,0,-1.0,4831.612163288672,0,3,2,13,1,31.0,75.0,cotonou/COTO,203.75681976320604,76.1,78.1,0.10075236533807486
6.361226255395982,2.4071635202599224,COTO,cotonou,6.352268,2.402957,1094.550346931923,21238.37353,9.0,100.0,109.0,570.0,10,14.811081409454346,25.017387953177263,4.9183353061434,4.811081409454346,0.000994675653474825,0.454013842322632,0.0008715701978350369,0.44421750780138375,-0.0007699518810499997,0.007479527963512929,1,-1.0,-1.0,0,0,5,8,1,32.0,67.0,cotonou/COTO,264.2872471383624,62.5,70.5,0.7066436652693444
6.373996752650507,2.3587057762307935,COTO,cotonou,6.352268,2.402957,5453.781146780083,21238.37353,9.0,100.0,109.0,570.0,10,13.8935546875,296.2952981199973,0.9990583592801745,3.8935546875,3.5132739995312844e-05,1.3398662577604254,2.6236238763329706e-05,1.3344100752104266,-0.00030527103803227435,0.015070025194969073,1,-1.0,-1.0,0,0,2,10,1,31.5,72.0,cotonou/COTO,315.24390842648114,63.4,72.1,0.35153241531139423
6.365180535374444,2.37111984874964,COTO,cotonou,6.352268,2.402957,3800.876061495974,21238.37353,9.0,100.0,109.0,570.0,10,11.567285895347595,292.20170807262315,1.4684143645250032,1.5672858953475952,-0.0005616025036088441,1.295900140224236,-0.000577186900070325,1.315422547010526,-0.001044530716916254,0.021737306427025514,1,-1.0,-1.0,0,0,1,2,1,30.0,55.0,cotonou/COTO,265.7076628552334,59.4,62.4,0.8460374997231491
6.36651727190656,2.3631454661360447,COTO,cotonou,6.352268,2.402957,4678.0988206785505,21238.37353,9.0,100.0,109.0,570.0,10,11.485138893127441,289.80788747335686,1.1941562524887883,1.4851388931274414,-0.00047450157622528537,1.4010272511354906,-0.0004624005202418454,1.4096443925159399,0.00043377164514163315,0.00959241451389752,1,-1.0,-1.0,0,0,0,5,1,30.1,50.0,cotonou/COTO,352.5538937525515,61.3,78.0,0.20166832486083197
6.362032213812618,2.3654056781201733,COTO,cotonou,6.352268,2.402957,4292.689181418906,21238.37353,9.0,100.0,109.0,570.0,10,11.69914186000824,284.6638427131991,1.2984806998208835,1.6991418600082397,-0.000464779994002095,1.1263364301788723,-0.0004632580417326127,1.136498705566361,-0.0002334965599907769,0.008580316473299043,1,-1.0,-1.0,0,0,4,3,1,33.0,39.0,cotonou/COTO,169.65942414145263,61.3,63.0,0.5689459663958073
6.3585264936037325,2.3754519216530166,COTO,cotonou,6.352268,2.402957,3120.871522333722,21238.37353,9.0,100.0,109.0,570.0,10,13.155357122421265,282.8969494826389,1.759049680947985,3.1553571224212646,-0.00017690703518349576,0.7452613251467886,-0.00020596703643318992,0.7612160445155997,-0.001669393645392524,0.0655296134658117,1,-1.0,-1.0,0,0,5,2,1,32.4,63.0,cotonou/COTO,320.4806640032702,53.0,63.8,0.5339253080267155
6.384063668995714,2.3747382717041092,COTO,cotonou,6.352268,2.402957,4702.225058044038,21238.37353,9.0,100.0,109.0,570.0,10,12.94213056564331,318.58842894241536,1.1702853534943392,2.9421305656433105,-0.00016239084255923134,1.0811087053483734,-0.00011492109237015209,1.0743396799219447,0.002407636198315046,0.031219459401618556,1,-1.0,-1.0,0,0,5,10,1,34.0,32.0,cotonou/COTO,262.7208442434569,64.4,70.2,0.5245331436597432
6.365488851122067,2.3711867301597613,COTO,cotonou,6.352268,2.402957,3806.982389626454,21238.37353,9.0,100.0,109.0,570.0,10,11.555829644203186,292.7215587564235,1.466232390046896,1.555829644203186,-0.0005661607107104366,1.315448598896214,-0.0005766304513646752,1.3338336051254995,-0.0012832930130274173,0.036244339917288586,1,-1.0,-1.0,0,0,1,3,1,31.0,63.0,cotonou/COTO,257.5295687877015,62.4,62.5,0.057443896654540194
6.370776568586107,2.352960219709224,COTO,cotonou,6.352268,2.402957,5898.117721112134,21238.37353,9.0,100.0,109.0,570.0,10,13.016443490982056,290.4325668904138,0.932325795250706,3.0164434909820557,-0.00010776116993825672,1.3521397140626208,-0.00011132709944068485,1.3454951769402606,0.000702144702275594,0.0391746117110485,0,5543.521465333849,5153.465583977735,2,4,2,0,1,32.0,36.0,cotonou/COTO,399.9159167874965,61.5,51.6,0.5424349461085017
6.367140802000493,2.40075,COTO,cotonou,6.352268,2.402957,1662.7786937847352,21238.37353,9.0,100.0,109.0,570.0,10,13.498097896575928,351.61070179815187,3.2871788569090543,3.4980978965759277,-0.00012434139138176324,0.5554007124972394,-0.00010106166203816729,0.5647265295815185,0.00030606985092163086,0.01798165136213363,1,-1.0,-1.0,0,0,4,7,1,32.0,63.0,cotonou/COTO,305.25,66.0,69.0,0.3166552729065377
6.359981284780961,2.404726650058643,COTO,cotonou,6.352268,2.402957,875.1783126428959,21238.37353,9.0,100.0,109.0,570.0,10,14.727898120880127,12.844795111741803,6.148057826397379,4.727898120880127,0.0011343407630920411,0.4317146062322001,0.0012211562978327788,0.4293214495828512,0.0017606753574515705,0.05362828381073975,1,-1.0,-1.0,0,0,5,6,1,31.6,70.0,cotonou/COTO,320.01321175851473,70.5,66.4,0.7758185581225868
6.361411629279718,2.360568004126371,COTO,cotonou,6.352268,2.402957,4797.671155588802,21238.37353,9.0,100.0,109.0,570.0,10,11.89348030090332,282.2480121519064,1.1595280235383165,1.8934803009033203,-0.0003778148194154104,1.1191055651295931,-0.00038165074508102816,1.1315738712629124,-0.0004590165322203035,0.00934201662621177,1,-1.0,-1.0,0,0,0,0,1,34.0,44.0,cotonou/COTO,326.8907597349128,65.7,61.2,0.8981670304454119
6.383214005436539,2.373993622742135,COTO,cotonou,6.352268,2.402957,4688.303728930635,21238.37353,9.0,100.0,109.0,570.0,10,12.70855164527893,317.0739123757577,1.1766127663705608,2.7085516452789307,-0.00021198297002512933,1.1150376558678907,-0.00019738348709560452,1.1116110849113818,0.0007856069765200565,0.027200479657661883,1,-1.0,-1.0,0,0,0,16,1,31.0,59.0,cotonou/COTO,262.7208442434569,70.2,64.4,0.9528059345288492
6.3551043305508825,2.39049877435716,COTO,cotonou,6.352268,2.402957,1413.61958222743,21238.37353,9.0,100.0,109.0,570.0,10,15.708624839782715,282.90307190384067,3.775741621960233,5.708624839782715,0.0013900231983926562,0.655647657029324,0.001134992081447085,0.6491477177279883,-0.0044250576073400286,0.14110770391711122,1,-1.0,-1.0,0,0,2,14,1,31.0,71.0,cotonou/COTO,249.61182844569544,68.3,57.1,0.03244073450957996
6.3662357960165314,2.361419901291826,COTO,cotonou,6.352268,2.402957,4848.276435568844,21238.37353,9.0,100.0,109.0,570.0,10,11.528414249420166,288.69579019098336,1.1517408963578328,1.528414249420166,-0.00044826691042739174,1.3918845368920076,-0.00044623036694720503,1.3998132690941802,-0.00016853411992390953,0.008389718921532995,1,-1.0,-1.0,0,0,0,0,1,30.1,50.0,cotonou/COTO,364.4114954279447,61.3,78.69999999999999,0.5559312758303216
6.348586616579674,2.3818009162025184,COTO,cotonou,6.352268,2.402957,2375.8700184670042,21238.37353,9.0,100.0,109.0,570.0,10,12.378462076187134,260.0702020272489,2.3288131766079516,2.378462076187134,-0.0005535538991292317,0.5764241701477486,-0.000575213275328585,0.601631527371535,-0.0019207874933878579,0.07075323101272663,1,-1.0,-1.0,0,0,1,1,1,32.0,71.0,cotonou/COTO,210.16260561769036,59.0,65.8,0.36828183930457903
6.368509925832248,2.3893379782132227,COTO,cotonou,6.352268,2.402957,2344.4864988325353,21238.37353,9.0,100.0,109.0,570.0,10,12.101711511611938,320.1946520891482,2.366703751476838,2.1017115116119385,-0.0006773333006267306,0.7558679635707652,-0.0007712915981122165,0.7863627237637771,-0.004342483002101866,0.13680796205026835,1,-1.0,-1.0,0,0,5,3,1,32.0,63.0,cotonou/COTO,370.2078816016378,62.3,84.9,0.19997682257745597
6.357342658583321,2.411656217690512,COTO,cotonou,6.352268,2.402957,1114.14167692619,21238.37353,9.0,100.0,109.0,570.0,10,15.354646682739258,59.588585012157125,4.80450718238687,5.354646682739258,0.0014453116216157614,0.4865184396494051,0.0013483475119963266,0.48495703415651026,-0.00220438942734718,0.07151253317637933,1,-1.0,-1.0,0,0,1,5,1,32.0,71.0,cotonou/COTO,390.090387602657,58.7,65.5,0.3559107190811237
6.364907790666557,2.367107525957377,COTO,cotonou,6.352268,2.402957,4205.456168026093,21238.37353,9.0,100.0,109.0,570.0,10,11.488048553466797,289.534732903447,1.32827976453114,1.4880485534667969,-0.0005245727850190292,1.2920164703373695,-0.0005217073109228288,1.3006969592471147,-3.908342785305447e-05,0.001761948873203281,1,-1.0,-1.0,0,0,3,3,1,33.0,39.0,cotonou/COTO,309.4591612797848,63.0,58.0,0.9650173049180005
6.358109387532405,2.3750007661064787,COTO,cotonou,6.352268,2.402957,3159.813198340024,21238.37353,9.0,100.0,109.0,570.0,10,13.228466033935547,281.87447095292214,1.736060004457365,3.228466033935547,-0.00015047968558545383,0.708877494120768,-0.00015603071401023113,0.7155602558908535,-0.00038587304153987783,0.013347034699209158,1,-1.0,-1.0,0,0,3,12,1,32.4,63.0,cotonou/COTO,320.4806640032702,53.0,63.8,0.3211160879615883
6.3614703281311495,2.3612031952314183,COTO,cotonou,6.352268,2.402957,4730.387711637992,21238.37353,9.0,100.0,109.0,570.0,10,11.898989200592041,282.5057934053326,1.1759494636617136,1.898989200592041,-0.0003818039475265712,1.1288223770155472,-0.00038006653150444894,1.1408039557896794,-0.00021376862023971403,0.003028376685001132,1,-1.0,-1.0,0,0,1,6,1,33.0,48.0,cotonou/COTO,358.1586621876183,60.2,61.2,0.8486464353779044
6.369651719747964,2.3983821380795987,COTO,cotonou,6.352268,2.402957,1987.9458416195716,21238.37353,9.0,100.0,109.0,570.0,10,12.407329320907593,345.3429281183218,2.7817675098382444,2.4073293209075928,-0.0006465980662635311,0.7174394773627801,-0.0007075661609734497,0.7477408556341133,-0.0029341805289602022,0.09591005345063543,1,-1.0,-1.0,0,0,2,7,1,32.0,63.0,cotonou/COTO,280.5468730889592,68.2,86.5,0.5504442888666661
6.363842960054752,2.365817822747708,COTO,cotonou,6.352268,2.402957,4303.818395158686,21238.37353,9.0,100.0,109.0,570.0,10,11.526305079460144,287.41312844264365,1.2974238729899652,1.526305079460144,-0.0005031155581101675,1.2425728410816828,-0.0004914489783108506,1.2599949095309937,0.0002870410680770874,0.015129381529889598,1,-1.0,-1.0,0,0,3,2,1,30.1,50.0,cotonou/COTO,383.9926241478955,66.1,63.0,0.6492827828709757
6.360321252653471,2.4051558832384607,COTO,cotonou,6.352268,2.402957,923.2234075879547,21238.37353,9.0,100.0,109.0,570.0,10,14.78027057647705,15.182290235895152,5.827156426047833,4.780270576477051,0.0011673606401161173,0.4377308673523008,0.0011589857062908136,0.4311386501368789,0.0012669987148708768,0.04910782985548402,1,-1.0,-1.0,0,0,2,4,1,31.6,70.0,cotonou/COTO,320.01321175851473,70.5,66.4,0.5858923723625997
6.363191930368014,2.3586535210243085,COTO,cotonou,6.352268,2.402957,5048.382068915129,21238.37353,9.0,100.0,109.0,570.0,10,11.69238817691803,283.93599241514625,1.1042399508474339,1.6923881769180298,-0.00039735764441405536,1.2742657340020547,-0.00037755593699748043,1.2775728660578642,0.0011082998340960937,0.03554275665342401,1,-1.0,-1.0,0,0,1,1,1,33.0,48.0,cotonou/COTO,275.55065323816524,67.2,65.7,0.9824511998756444
6.357863096663209,2.374734369860206,COTO,cotonou,6.352268,2.402957,3183.265071532566,21238.37353,9.0,100.0,109.0,570.0,10,13.390741109848022,281.2825323768666,1.7203596148871754,3.3907411098480225,-9.85203502334167e-05,0.6733154058544119,-0.00010391191650180445,0.6784576117219682,0.0003531385496429934,0.018607762751436843,1,-1.0,-1.0,0,0,1,12,1,32.4,63.0,cotonou/COTO,320.4806640032702,63.8,53.0,0.80454251877076
6.370602617610792,2.400445650459463,COTO,cotonou,6.352268,2.402957,2046.5363324671957,21238.37353,9.0,100.0,109.0,570.0,10,12.403010129928589,352.2481309307388,2.702368446999214,2.403010129928589,-0.0006299426590186961,0.7307397789058389,-0.0006907399495442708,0.7618594573763828,-0.003320556216769748,0.12368765907032192,1,-1.0,-1.0,0,0,0,7,1,32.0,63.0,cotonou/COTO,382.05451823009946,69.0,87.4,0.46823006236457076
6.371681556332223,2.402541614908059,COTO,cotonou,6.352268,2.402957,2147.3964732649997,21238.37353,9.0,100.0,109.0,570.0,10,12.330790042877197,358.7818185225364,2.5775402392569435,2.3307900428771973,-0.0006695528349691158,0.6921350833312726,-0.0006414323239713102,0.7466346034598857,-0.0022992372512817385,0.10446885227414986,1,-1.0,-1.0,0,0,0,5,1,32.0,75.0,cotonou/COTO,383.81129230388444,86.2,86.5,0.5382431198321147
6.361400305323893,2.4063868224369864,COTO,cotonou,6.352268,2.402957,1078.862284635,21238.37353,9.0,100.0,109.0,570.0,10,14.928407192230225,20.4684585248923,4.983312029253788,4.928407192230225,0.001130758846206767,0.4538571036562502,0.0010984628068624967,0.4476119282941901,0.00030148325212542846,0.01349864467834328,1,-1.0,-1.0,0,0,4,11,1,31.6,70.0,cotonou/COTO,240.45018714908818,70.5,64.4,0.045231826705734446
6.38822769527417,2.3756198758975247,COTO,cotonou,6.352268,2.402957,4996.1737532643365,21238.37353,9.0,100.0,109.0,570.0,10,12.960497856140137,322.9296715473831,1.1012388281911905,2.9604978561401367,-0.00014900071416310438,0.9654605627405469,-0.0002551005907077526,0.9645197215676878,-0.005953081448872884,0.28739021246074486,1,-1.0,-1.0,0,0,5,9,1,31.0,59.0,cotonou/COTO,339.277088085809,66.1,64.0,0.46115340410546557
6.350641970309856,2.390609832992936,COTO,cotonou,6.352268,2.402957,1377.8836917783444,21238.37353,9.0,100.0,109.0,570.0,10,14.1504545211792,262.45262769060207,3.937864387039874,4.150454521179199,0.0003250476104589231,0.3243267618577414,0.000381945655069888,0.3184459710799723,0.0017833802751245562,0.05478247214568171,1,-1.0,-1.0,0,0,2,8,1,31.8,66.0,cotonou/COTO,253.66596638093372,65.2,73.7,0.47992577463814623
6.36305376996518,2.3587599906443977,COTO,cotonou,6.352268,2.402957,5033.303386718409,21238.37353,9.0,100.0,109.0,570.0,10,11.69238817691803,283.7983945938102,1.1075471907928331,1.6923881769180298,-0.0003988964557795407,1.26397056878402,-0.00039198814653882796,1.2722623133475321,0.0002904746267530653,0.011065648047295889,1,-1.0,-1.0,0,0,3,0,1,29.0,75.0,cotonou/COTO,326.8907597349128,61.2,65.7,0.9311969521111222
6.365828241638064,2.366345042851882,COTO,cotonou,6.352268,2.402957,4319.384963606637,21238.37353,9.0,100.0,109.0,570.0,10,11.458176136016846,290.4409581870325,1.2936529521480002,1.4581761360168457,-0.0005207322850283524,1.354896616772261,-0.0005134233117849115,1.3684257037440124,-0.00011048611632885501,0.004313126072109484,1,-1.0,-1.0,0,0,1,1,1,30.1,50.0,cotonou/COTO,167.19783760562936,66.1,58.0,0.22385033512568198
6.378691594326988,2.376134791845046,COTO,cotonou,6.352268,2.402957,4164.755885471094,21238.37353,9.0,100.0,109.0,570.0,10,11.815820097923279,314.74971203474763,1.3367489374809693,1.8158200979232788,-0.0004535183060369331,1.1790031842323174,-0.00043992934215717,1.1798828160951484,0.0003363357649909125,0.015135109424591064,1,-1.0,-1.0,0,0,0,6,1,31.0,63.0,cotonou/COTO,310.99815111988335,81.4,85.6,0.42400354563231557
6.3612570458226685,2.406337387463257,COTO,cotonou,6.352268,2.402957,1062.1081875068528,21238.37353,9.0,100.0,109.0,570.0,10,14.932105541229248,20.492752360084353,5.061317535478329,4.932105541229248,0.001134364914011072,0.4539213094588784,0.001095742719215259,0.44757888271175483,0.0006285866101582846,0.027570476296652675,1,-1.0,-1.0,0,0,3,10,1,31.0,75.0,cotonou/COTO,320.01321175851473,66.4,70.5,0.9368971076358387
6.380513960481155,2.362216413917562,COTO,cotonou,6.352268,2.402957,5484.0012211783405,21238.37353,9.0,100.0,109.0,570.0,10,12.098711490631104,304.9024502347761,1.0123004941328475,2.0987114906311035,-0.00028641673753462593,1.1358561375389002,-0.0003515699035162744,1.1367257304839335,-0.0026913294313178466,0.045200257185155905,0,-1.0,4791.632329526566,0,28,2,3,1,29.5,80.0,cotonou/COTO,398.98903293196753,78.1,70.4,0.47798682705159534
6.368644360587251,2.3995103739905916,COTO,cotonou,6.352268,2.402957,1850.7385795043424,21238.37353,9.0,100.0,109.0,570.0,10,12.779965877532959,348.1860756514473,2.976132234777132,2.779965877532959,-0.0005443486812239572,0.6386406211398403,-0.0005282113949457804,0.6790554439653647,-0.0028958108690049916,0.10639894765236768,1,-1.0,-1.0,0,0,0,16,1,32.0,63.0,cotonou/COTO,311.79147214124436,68.2,66.0,0.04644153122427186
6.35455,2.396585684814008,COTO,cotonou,6.352268,2.402957,748.7354339792255,21238.37353,9.0,100.0,109.0,570.0,10,15.428159713745117,289.8185611014327,7.123502718730419,5.428159713745117,0.002294891039530436,0.5759536123353883,0.0021689713541622356,0.603079040741835,0.00039665019137315074,0.016606553198448133,1,-1.0,-1.0,0,0,6,10,1,31.0,71.0,cotonou/COTO,375.179999999993,62.1,62.9,0.4480222443762091
6.365327189791954,2.417402521746565,COTO,cotonou,6.352268,2.402957,2154.0782347777654,21238.37353,9.0,100.0,109.0,570.0,10,14.603240013122559,47.70871373771672,2.509230009875591,4.603240013122559,0.0003954356304212039,0.39691295267345794,0.00029324501914079423,0.39568526643428903,-0.004361424340109489,0.08975078492488676,1,-1.0,-1.0,0,0,3,7,1,33.0,63.0,cotonou/COTO,374.3070762089054,61.6,65.7,0.2550528739425696
6.383621914237042,2.371450820524578,COTO,cotonou,6.352268,2.402957,4916.6160062363915,21238.37353,9.0,100.0,109.0,570.0,10,13.232849359512329,315.04026036863894,1.1158812817873829,3.232849359512329,-9.2203038868414e-05,1.1219007193727804,-0.00011374553044637045,1.1152807844057235,9.422832065158415e-05,0.041340980816400294,1,-1.0,-1.0,0,0,3,9,1,34.0,32.0,cotonou/COTO,324.8945539710613,53.4,58.1,0.052734281160346175
6.356807243622175,2.410780954057482,COTO,cotonou,6.352268,2.402957,1000.6632746102762,21238.37353,9.0,100.0,109.0,570.0,10,15.396547317504883,59.72492925454446,5.34397755802503,5.396547317504883,0.0016564273366741105,0.4710449484979623,0.001604113534644798,0.4825243213556677,0.0008089065551757813,0.03581797098581128,1,-1.0,-1.0,0,0,2,7,1,32.0,71.0,cotonou/COTO,352.045035329285,58.7,68.1,0.10954057481853985
6.350683975286095,2.413967263970249,COTO,cotonou,6.352268,2.402957,1230.7142507916928,21238.37353,9.0,100.0,109.0,570.0,10,15.357537269592285,98.23611491984286,4.351131692540862,5.357537269592285,0.0013099570122976152,0.4947357320831766,0.0011795511598719293,0.5108030727409455,-0.0038860055314393605,0.10687685097409563,1,-1.0,-1.0,0,0,0,10,1,30.0,75.0,cotonou/COTO,285.3045504368927,75.1,58.1,0.4794538318505567
6.385302992261719,2.3726705563128814,COTO,cotonou,6.352268,2.402957,4957.244316956726,21238.37353,9.0,100.0,109.0,570.0,10,12.69979739189148,317.6637485257158,1.1128967853052862,2.6997973918914795,-0.0002473521331070768,1.0739812920019773,-0.0002064282692387569,1.0710015542907823,-0.0007631985507005768,0.026942713173645712,0,-1.0,4828.097671424787,0,3,1,1,1,31.0,59.0,cotonou/COTO,358.8872214220909,66.1,62.5,0.8504270077460458
6.361136662855156,2.4043465579557037,COTO,cotonou,6.352268,2.402957,992.7433472591954,21238.37353,9.0,100.0,109.0,570.0,10,15.09287691116333,8.850852229051952,5.403732362392646,5.09287691116333,0.0013587112520255294,0.4200077633609603,0.0014204958506992885,0.4319653137159857,0.0013952255249023438,0.05822949489528569,1,-1.0,-1.0,0,0,2,3,1,31.6,70.0,cotonou/COTO,273.96095269222405,64.4,66.4,0.3672102214815294
6.387131390228131,2.3743827425441393,COTO,cotonou,6.352268,2.402957,4985.8686634617725,21238.37353,9.0,100.0,109.0,570.0,10,13.484379053115845,320.8371582397697,1.0974963414345262,3.4843790531158447,-6.275374567386661e-05,0.9874898065603773,-2.837636601861928e-05,0.9853983883992228,0.0007203756658058963,0.030558407926277627,0,-1.0,4516.2577873441305,0,3,4,12,1,31.0,59.0,cotonou/COTO,358.8872214220909,66.1,62.5,0.07568210672447095
6.365203315526568,2.365996295039929,COTO,cotonou,6.352268,2.402957,4332.2850888601515,21238.37353,9.0,100.0,109.0,570.0,10,11.504475712776184,289.4013124974489,1.2891901650001845,1.504475712776184,-0.00050372374527095,1.3197736612140931,-0.000499850038498167,1.3340792555382808,3.786484400431314e-05,0.0034765666420808437,1,-1.0,-1.0,0,0,0,0,1,33.0,39.0,cotonou/COTO,383.9926241478955,63.0,66.1,0.7473223109527314
6.37056633558589,2.3977489154294336,COTO,cotonou,6.352268,2.402957,2104.0148374954088,21238.37353,9.0,100.0,109.0,570.0,10,12.073383331298828,344.20576761596396,2.63760616014794,2.073383331298828,-0.000766952160938245,0.8441898129637869,-0.0007933285489809367,0.8718287865024757,-0.0014822297351060106,0.04966292669166242,1,-1.0,-1.0,0,0,0,0,1,31.7,72.0,cotonou/COTO,364.58895828051044,87.4,86.5,0.9077546604504324
6.35455,2.397587177210859,COTO,cotonou,6.352268,2.402957,645.4949039325035,21238.37353,9.0,100.0,109.0,570.0,10,15.418571472167969,293.1515414091092,8.249054293581866,5.418571472167969,0.002652232855696657,0.5477298194242126,0.0034173648258243304,0.6007359835352112,0.008361957887924293,0.14157477787866943,1,-1.0,-1.0,0,0,3,12,1,31.0,71.0,cotonou/COTO,375.179999999993,62.1,62.9,0.15172271868074916
6.367060793627884,2.4118983004224774,COTO,cotonou,6.352268,2.402957,1911.7557933362789,21238.37353,9.0,100.0,109.0,570.0,10,14.464548110961914,30.993442489552933,2.8309442004281307,4.464548110961914,0.0003897350505693615,0.4283182607740584,0.0003579620159033573,0.4258073168656304,-0.0007859177059597439,0.030871599416402693,1,-1.0,-1.0,0,0,6,1,1,32.0,63.0,cotonou/COTO,382.5959232662903,65.5,56.6,0.3211952121057069
6.3646598271995325,2.407685376252225,COTO,cotonou,6.352268,2.402957,1466.8461687646504,21238.37353,9.0,100.0,109.0,570.0,10,14.950305461883545,20.7677131494724,3.6686086247024243,4.950305461883545,0.000843631255955655,0.42667710383256524,0.0006484970874249914,0.41894223766060795,-0.0030439596454415415,0.07267742471920441,1,-1.0,-1.0,0,0,3,4,1,32.0,63.0,cotonou/COTO,335.1905947367722,56.6,58.8,0.9518301756439336
6.38026536969251,2.3764839691580826,COTO,cotonou,6.352268,2.402957,4262.018441702744,21238.37353,9.0,100.0,109.0,570.0,10,12.136568784713745,316.7813535152064,1.3019442845282563,2.136568784713745,-0.00036606588563718994,1.164813544896881,-0.00034175878691545744,1.1628003441318593,0.0017881423446419707,0.04745328993498121,1,-1.0,-1.0,0,0,1,0,1,32.1,54.0,cotonou/COTO,333.1849486397105,70.5,81.4,0.6360285802804698
6.354765359837577,2.3737684717913474,COTO,cotonou,6.352268,2.402957,3241.215371513478,21238.37353,9.0,100.0,109.0,570.0,10,14.729317665100098,274.92198487960803,1.665976903224003,4.729317665100098,0.000312637991132357,0.41285160301455104,0.0003063409256212639,0.41132921041173326,0.0002174324459499783,0.011138350983835405,1,-1.0,-1.0,0,0,2,2,1,33.0,63.0,cotonou/COTO,313.5332494330497,78.1,61.8,0.7606742672710256
6.360217149861476,2.4050244461938184,COTO,cotonou,6.352268,2.402957,908.3522656269677,21238.37353,9.0,100.0,109.0,570.0,10,14.740357398986816,14.49277249388956,5.924374276994177,4.740357398986816,0.0011111461988059426,0.4372393131982149,0.0011996323369050633,0.4348323565767121,0.0017384868220272187,0.05734847781636113,1,-1.0,-1.0,0,0,4,4,1,31.0,75.0,cotonou/COTO,320.01321175851473,66.4,70.5,0.35594964328247425
6.3731561369327885,2.355304246033816,COTO,cotonou,6.352268,2.402957,5756.066932223642,21238.37353,9.0,100.0,109.0,570.0,10,13.291533470153809,293.8028719755783,0.952592453198179,3.2915334701538086,-7.212811874018775e-05,1.358110327942536,-8.485201294148757e-05,1.3511234655663316,-0.0008708972375108456,0.020695201686079703,0,5433.08121257983,5236.982739938944,2,13,0,10,1,32.0,71.0,cotonou/COTO,356.3532216776974,72.1,58.6,0.7972724743162389
6.369428309260427,2.3921163852646363,COTO,cotonou,6.352268,2.402957,2244.9704480386795,21238.37353,9.0,100.0,109.0,570.0,10,12.700530290603638,327.8784745478442,2.456234001939568,2.7005302906036377,-0.00045868594976917955,0.5337383036467517,-0.0005241045188078117,0.5822895679048372,-0.00345405207739936,0.12898130410215608,1,-1.0,-1.0,0,0,2,4,1,33.0,67.0,cotonou/COTO,203.52690731203887,86.3,61.2,0.9811153172113902
6.346087377444534,2.402005304114771,COTO,cotonou,6.352268,2.402957,691.5649826989509,21238.37353,9.0,100.0,109.0,570.0,10,12.279792308807373,188.700871601421,7.961574759087047,2.279792308807373,-0.001982221007347107,0.4445976374239717,-0.002247360865275065,0.5057468334679708,-0.005294299125671386,0.19923850849352634,1,-1.0,-1.0,0,0,2,4,1,31.0,71.0,cotonou/COTO,393.11085268658167,69.1,75.8,0.10928860375827465
6.356724077490288,2.4036107108821194,COTO,cotonou,6.352268,2.402957,498.06757611718973,21238.37353,9.0,100.0,109.0,570.0,10,14.641857147216797,8.295219458593465,10.727464979120839,4.641857147216797,0.0016227006456195773,0.4823726718757422,0.0015236348436589826,0.4618772699043713,-0.0023749748865763347,0.11816265647994764,1,-1.0,-1.0,0,0,1,6,1,31.4,69.0,cotonou/COTO,285.8934238489022,64.7,68.1,0.9063381781635836
6.347998858082202,2.381445358592937,COTO,cotonou,6.352268,2.402957,2426.443178588016,21238.37353,9.0,100.0,109.0,570.0,10,10.995618462562561,258.7087543218857,2.3129274046082897,0.995618462562561,-0.0011157913463105882,0.8795106695449496,-0.0010889048078452728,0.963322937390609,0.0,0.0,1,-1.0,-1.0,0,0,0,0,1,32.0,71.0,cotonou/COTO,210.16260561769036,65.8,59.0,0.9945320480234734
6.384949763563444,2.372358560269615,COTO,cotonou,6.352268,2.402957,4952.0612002513835,21238.37353,9.0,100.0,109.0,570.0,10,12.664428949356079,317.0642356116108,1.1144703759278087,2.664428949356079,-0.0002093498965343797,1.0858686888429467,-0.00021385531695768066,1.0829299470051195,-0.0007529597780378885,0.021234037405576823,0,-1.0,4733.73385274531,0,1,0,4,1,31.8,57.0,cotonou/COTO,348.5682791075882,62.5,70.2,0.00591091389010745
6.378062475972039,2.374723171195801,COTO,cotonou,6.352268,2.402957,4230.220797172845,21238.37353,9.0,100.0,109.0,570.0,10,11.771234154701233,312.5929156723668,1.3166729419745207,1.771234154701233,-0.00045752481487511216,1.1566058057470385,-0.0004486230981377731,1.1594718602703227,0.00023490852779812281,0.00881326754043074,1,-1.0,-1.0,0,0,1,1,1,31.0,63.0,cotonou/COTO,74.10445128334986,81.4,85.6,0.5430062936899615
6.384919325321533,2.3747479622595953,COTO,cotonou,6.352268,2.402957,4772.694355679319,21238.37353,9.0,100.0,109.0,570.0,10,13.321738958358765,319.3516415690743,1.1484553480761945,3.3217389583587646,-8.02609324455261e-05,1.0473921867121798,-8.10882413445285e-05,1.0442512842193794,0.0018376901675132302,0.06554988343257506,1,-1.0,-1.0,0,0,3,1,1,31.0,59.0,cotonou/COTO,348.5682791075882,70.2,62.5,0.23313303834550203
6.384932109090079,2.373744436428761,COTO,cotonou,6.352268,2.402957,4847.078875865285,21238.37353,9.0,100.0,109.0,570.0,10,12.917526006698608,318.37050505389584,1.1356116729364218,2.9175260066986084,-0.00017864835770438128,1.0670132773571581,-0.00016318419115330147,1.060588554471044,-0.000805370012919108,0.04542189807480699,0,4652.8071774338105,4633.380007590663,4,8,4,8,1,31.0,59.0,cotonou/COTO,348.5682791075882,70.2,62.5,0.5527272519869919
6.350704264460045,2.4139952119714527,COTO,cotonou,6.352268,2.402957,1233.4584394309566,21238.37353,9.0,100.0,109.0,570.0,10,15.357537269592285,98.11171588503947,4.341488381214102,5.357537269592285,0.0013099570122976152,0.5014460385868952,0.001196848769428138,0.5169701151726118,-0.003638073127800369,0.10687685097409563,1,-1.0,-1.0,0,0,0,10,1,29.8,77.0,cotonou/COTO,285.3045504368927,58.1,75.1,0.507109629109202
6.3870575529248095,2.3746478232416366,COTO,cotonou,6.352268,2.402957,4960.9897762460105,21238.37353,9.0,100.0,109.0,570.0,10,13.365596532821655,321.038994591351,1.1043701655310938,3.3655965328216553,-6.855319302723595e-05,0.986178386561143,-2.087227197969035e-05,0.9842095691232872,0.0026051555320791412,0.09659708940756823,1,-1.0,-1.0,0,0,3,11,1,31.0,59.0,cotonou/COTO,285.70158014965295,70.2,66.1,0.8948137186706948
6.364158147257203,2.369672406933494,COTO,cotonou,6.352268,2.402957,3910.2946723049427,21238.37353,9.0,100.0,109.0,570.0,10,11.576481699943542,289.77219144326966,1.427207497963049,1.5764816999435425,-0.0005547688797991482,1.2041734763219827,-0.000541627444925893,1.2159150041870441,-0.000712759305899183,0.023999062755951487,1,-1.0,-1.0,0,0,3,3,1,30.0,55.0,cotonou/COTO,248.21595536951256,59.4,62.5,0.34077751618213614
6.37272386510189,2.390600120729479,COTO,cotonou,6.352268,2.402957,2643.199855554547,21238.37353,9.0,100.0,109.0,570.0,10,12.224536657333374,329.0219984984597,2.0968334858162043,2.224536657333374,-0.0005552265081512794,0.7948867333315912,-0.0005857529632697813,0.807851345060636,-0.0013906325009308948,0.037368300365773634,1,-1.0,-1.0,0,0,1,15,1,33.0,67.0,cotonou/COTO,357.773164030067,84.9,81.4,0.5369691889253848
6.3783416464079306,2.3608291918853315,COTO,cotonou,6.352268,2.402957,5480.73120684532,21238.37353,9.0,100.0,109.0,570.0,10,12.36176347732544,301.91520312797286,1.0101552468303494,2.3617634773254395,-0.0002450324147125411,1.1937814440593872,-0.0002931203068913641,1.1918680707102212,-0.0031287749608357746,0.13109797283619704,0,5381.880343395203,5283.029479945088,1,3,5,10,1,31.5,72.0,cotonou/COTO,346.4622784662153,77.1,78.1,0.7244949283321115
6.353684631079282,2.388620620520388,COTO,cotonou,6.352268,2.402957,1593.900783819491,21238.37353,9.0,100.0,109.0,570.0,10,14.883686542510986,275.67872493448795,3.3792651824807622,4.883686542510986,0.0007263550051936398,0.5012877351163033,0.0004730199478693594,0.4972790045345446,-0.005795426877189729,0.18685356466021724,1,-1.0,-1.0,0,0,5,7,1,31.0,71.0,cotonou/COTO,330.80979731559944,68.3,66.6,0.7666862201746107
6.369899395609829,2.402722939400163,COTO,cotonou,6.352268,2.402957,1949.991097367353,21238.37353,9.0,100.0,109.0,570.0,10,13.184560775756836,359.24412571734666,2.8130428413564093,3.184560775756836,-0.0002697544715717154,0.5081107733096801,-0.00036719449984716084,0.5441917400984007,-0.004106730812307893,0.11768549495936903,1,-1.0,-1.0,0,0,1,6,1,32.0,75.0,cotonou/COTO,383.81129230388444,86.2,86.5,0.0201731423919288
6.373509236784168,2.3595116698057628,COTO,cotonou,6.352268,2.402957,5349.995074955117,21238.37353,9.0,100.0,109.0,570.0,10,13.777858972549438,296.1972491472605,1.0196739840144489,3.7778589725494385,1.3196934534850773e-05,1.3521123655977327,3.62411343840719e-05,1.3496698586760782,0.002283107462254923,0.0790621255917378,1,-1.0,-1.0,0,0,1,6,1,32.0,71.0,cotonou/COTO,315.24390842648114,72.1,63.4,0.9801110311781075
6.350669890396313,2.390766883479256,COTO,cotonou,6.352268,2.402957,1360.2533623223062,21238.37353,9.0,100.0,109.0,570.0,10,14.096488952636719,262.48625946415825,3.9910016981607748,4.096488952636719,0.00028224457865175993,0.3250838584844894,0.0003579022275304922,0.32144269166901,0.001319513187942176,0.048130564649564986,1,-1.0,-1.0,0,0,1,8,1,31.8,66.0,cotonou/COTO,253.66596638093372,65.2,73.7,0.5497259907806096
6.371119437878984,2.3511486416543192,COTO,cotonou,6.352268,2.402957,6099.343581502973,21238.37353,9.0,100.0,109.0,570.0,10,13.283085107803345,290.11171765642183,0.8990680798609008,3.2830851078033447,-6.926573959051394e-05,1.3358072471540035,-6.276710591256873e-05,1.332581239216582,0.001663754810506262,0.0578998030757657,0,5439.294376290226,5451.517509720092,5,10,3,9,1,32.0,36.0,cotonou/COTO,399.9159167874965,61.5,51.6,0.030689732858663832
6.35550149733094,2.3916214324554583,COTO,cotonou,6.352268,2.402957,1304.1507721114365,21238.37353,9.0,100.0,109.0,570.0,10,15.887485027313232,286.01492143884485,4.0838197716148334,5.887485027313232,0.0016518890857696532,0.6614584041102228,0.0014807699383168978,0.6679815323692491,-0.0009498834609985351,0.06041053312410457,1,-1.0,-1.0,0,0,3,4,1,32.6,66.0,cotonou/COTO,249.61182844569544,57.1,68.3,0.4380035587460843
6.37119323954301,2.390128012196708,COTO,cotonou,6.352268,2.402957,2528.8105692305967,21238.37353,9.0,100.0,109.0,570.0,10,11.931666493415833,326.0324470939519,2.1982179338736945,1.9316664934158325,-0.0007413940757221576,0.8061364970893345,-0.0006968855561165007,0.8242030118596846,-0.0005321374971312751,0.0229653426839027,1,-1.0,-1.0,0,0,3,11,1,33.0,67.0,cotonou/COTO,357.773164030067,84.9,81.4,0.04001283863992844
6.36159192536381,2.406557464513783,COTO,cotonou,6.352268,2.402957,1105.3869390026427,21238.37353,9.0,100.0,109.0,570.0,10,14.924097537994385,20.995554459491302,4.8645359632532,4.924097537994385,0.0010950505134823796,0.45587994994025494,0.0011749354605642278,0.4505446807630674,0.0016617820192020962,0.03754446590100397,1,-1.0,-1.0,0,0,1,14,1,32.0,63.0,cotonou/COTO,373.8657305772486,58.8,70.5,0.9302121497453383
6.351742863955505,2.3953041439167735,COTO,cotonou,6.352268,2.402957,848.7060079404771,21238.37353,9.0,100.0,109.0,570.0,10,14.619765281677246,266.0507914870623,6.345497730209646,4.619765281677246,0.0010491653420459266,0.3121440132430893,0.00100543482027936,0.3108775184450313,0.0004540294000660065,0.018473079542233414,1,-1.0,-1.0,0,0,1,10,1,31.0,71.0,cotonou/COTO,392.28725444494233,62.9,70.0,0.8113109955188385
6.355405485930238,2.391350040229471,COTO,cotonou,6.352268,2.402957,1330.2436142363636,21238.37353,9.0,100.0,109.0,570.0,10,15.86599588394165,285.2159774289114,4.004899492543959,5.86599588394165,0.0015992625554402666,0.6618535492712229,0.0014587574802758948,0.6625543091733581,-0.0018600918937245246,0.06605661907335084,1,-1.0,-1.0,0,0,5,7,1,32.6,66.0,cotonou/COTO,249.61182844569544,57.1,68.3,0.5660187596835283
6.38155704149311,2.3638963230777468,COTO,cotonou,6.352268,2.402957,5400.667603578921,21238.37353,9.0,100.0,109.0,570.0,10,13.256694555282593,307.0362813542488,1.0156360550405499,3.2566945552825928,-8.338831089161059e-05,1.1006004199080461,-0.00012988758822822993,1.0945990497064932,-0.0028765483656826474,0.0745951589294538,0,5065.155187324519,5043.509224985525,1,4,4,12,1,31.8,31.0,cotonou/COTO,344.11074176779897,70.4,66.5,0.2681838496874033
6.364211704160463,2.3633853124441546,COTO,cotonou,6.352268,2.402957,4573.0822553836515,21238.37353,9.0,100.0,109.0,570.0,10,11.638168811798096,286.8953343802654,1.2196542904442453,1.6381688117980957,-0.000450723882853855,1.2889963579918127,-0.00044275168449647975,1.3002593729874066,0.00011614958445231119,0.005622576285826205,1,-1.0,-1.0,0,0,0,0,1,30.1,50.0,cotonou/COTO,329.2530191203894,61.3,60.2,0.5655240134022487
6.380835299676951,2.364788321937717,COTO,cotonou,6.352268,2.402957,5273.83317477814,21238.37353,9.0,100.0,109.0,570.0,10,13.282453775405884,306.9852703508345,1.0397767971627896,3.282453775405884,-7.924300339192022e-05,1.115533892695965,-6.616673665993217e-05,1.1096208227956392,0.0009794976976182726,0.04028857457318155,0,5062.457095628715,5051.888291671245,1,1,1,12,1,30.7,55.0,cotonou/COTO,344.11074176779897,66.5,70.4,0.361692142026229
6.382162190198671,2.375014369544579,COTO,cotonou,6.352268,2.402957,4526.210911405494,21238.37353,9.0,100.0,109.0,570.0,10,12.602408647537231,317.1109384309843,1.2200801930470364,2.6024086475372314,-0.00023987943823229005,1.1349078095276304,-0.00021185219053920622,1.1283628626677316,0.0023878502052096305,0.04877192673317067,1,-1.0,-1.0,0,0,1,1,1,32.1,54.0,cotonou/COTO,217.8231826505345,70.5,64.4,0.2555309220548785
6.3610806900052435,2.4061147259284077,COTO,cotonou,6.352268,2.402957,1035.306249568624,21238.37353,9.0,100.0,109.0,570.0,10,14.880707740783691,19.6012921268196,5.194458673542039,4.880707740783691,0.0011178250539870488,0.4520699489287253,0.0011003745568765177,0.44608001559572746,0.0008848190307617187,0.04548459923848243,1,-1.0,-1.0,0,0,4,5,1,31.6,70.0,cotonou/COTO,320.01321175851473,70.5,66.4,0.16162569539481364
6.3544334672199625,2.374803916182594,COTO,cotonou,6.352268,2.402957,3124.058732966869,21238.37353,9.0,100.0,109.0,570.0,10,14.514088153839111,274.4270228584966,1.7323599379269563,4.514088153839111,0.0002562211808704195,0.408422425018772,0.0002856817506308116,0.40668477542831805,0.0032641194340521846,0.11142500288122427,1,-1.0,-1.0,0,0,6,2,1,33.0,63.0,cotonou/COTO,384.84357926308275,74.7,56.3,0.7781742738734123
6.356143378909458,2.3983669111878787,COTO,cotonou,6.352268,2.402957,664.5163096260281,21238.37353,9.0,100.0,109.0,570.0,10,15.224071979522705,310.3485410361057,8.032486513687475,5.224071979522705,0.0021986674571382826,0.4867396501679239,0.00210640208328344,0.5131764154347926,0.0004032142748761882,0.06538718278379557,1,-1.0,-1.0,0,0,8,8,1,31.0,71.0,cotonou/COTO,221.7167693252332,62.1,62.0,0.8088217814507966
6.363155096769092,2.3620416617597435,COTO,cotonou,6.352268,2.402957,4684.221447356889,21238.37353,9.0,100.0,109.0,570.0,10,11.626654505729675,284.9908132997839,1.1908656309543815,1.6266545057296753,-0.0004416851227956718,1.2449841082893525,-0.0004358286589760967,1.251161559752301,0.00022285517719243848,0.006272034499450016,1,-1.0,-1.0,0,0,3,7,1,33.0,48.0,cotonou/COTO,272.838812854726,67.2,60.2,0.3916303538038681
6.350622974269772,2.3905029802674638,COTO,cotonou,6.352268,2.402957,1389.8791340318564,21238.37353,9.0,100.0,109.0,570.0,10,14.1504545211792,262.4302334871534,3.90398394112638,4.150454521179199,0.0003145128277176661,0.32204825989045377,0.0003689555771791981,0.3184459710799723,0.0015755390288735166,0.05478247214568171,1,-1.0,-1.0,0,0,1,6,1,31.8,66.0,cotonou/COTO,253.66596638093372,65.2,73.7,0.4324356744283391
6.371567091158698,2.3902433235716765,COTO,cotonou,6.352268,2.402957,2556.0893384177543,21238.37353,9.0,100.0,109.0,570.0,10,12.006492376327515,326.78737849429587,2.1731062025484933,2.0064923763275146,-0.0006591081619262695,0.804549187185644,-0.0006417257228496311,0.820721032284505,0.0006550812193675355,0.01921702165840771,1,-1.0,-1.0,0,0,2,13,1,33.0,67.0,cotonou/COTO,357.773164030067,81.4,84.9,0.8386067666563759
6.36758637272597,2.363037202761927,COTO,cotonou,6.352268,2.402957,4730.414619275614,21238.37353,9.0,100.0,109.0,570.0,10,11.520256400108337,291.1140317572466,1.1805281284245743,1.5202564001083374,-0.0004613365050609604,1.4509300670565126,-0.00044100503126780194,1.455318307325588,0.0007767875989278158,0.03134276201578204,1,-1.0,-1.0,0,0,0,0,1,32.0,71.0,cotonou/COTO,352.5538937525515,78.0,61.3,0.46000863102212086
6.364002730421531,2.369029927810874,COTO,cotonou,6.352268,2.402957,3971.662023730507,21238.37353,9.0,100.0,109.0,570.0,10,11.562682628631592,289.19088203944875,1.4053631415228627,1.5626826286315918,-0.0005374207532495483,1.1968716741364755,-0.0005325963173383547,1.219975830618907,-0.0001994401216506958,0.009040857435370166,1,-1.0,-1.0,0,0,4,4,1,30.0,55.0,cotonou/COTO,358.990200005476,59.4,58.0,0.34617908710697054
6.366577927748012,2.3631393237723533,COTO,cotonou,6.352268,2.402957,4681.001899681271,21238.37353,9.0,100.0,109.0,570.0,10,11.485138893127441,289.88277481113886,1.1934158710273148,1.4851388931274414,-0.0004747156760779142,1.4011314785324194,-0.0004632684580035741,1.4096330963717392,0.0003880602563572588,0.00959241451389752,1,-1.0,-1.0,0,0,0,3,1,32.0,71.0,cotonou/COTO,352.5538937525515,78.0,61.3,0.7791367886036928
6.356478933552318,2.373932026879128,COTO,cotonou,6.352268,2.402957,3244.9151649997284,21238.37353,9.0,100.0,109.0,570.0,10,14.110381603240967,278.30678266726545,1.674997792163697,4.110381603240967,0.00012336090799500816,0.5217772661322558,0.00021669207324377798,0.5183740271649749,0.0033725633027723474,0.12956832973132193,1,-1.0,-1.0,0,0,3,12,1,32.4,63.0,cotonou/COTO,248.80347304650218,53.0,61.8,0.4789791615700998
6.351926584933703,2.3952659129617726,COTO,cotonou,6.352268,2.402957,851.7837541650172,21238.37353,9.0,100.0,109.0,570.0,10,14.619765281677246,267.44299704278194,6.322755595100003,4.619765281677246,0.0010491653420459264,0.3231162825517758,0.0009721097125801988,0.3194370972408952,0.00033361117045084635,0.01715118943515346,1,-1.0,-1.0,0,0,1,10,1,30.0,79.0,cotonou/COTO,392.28725444494233,70.0,62.9,0.2417875530933512
6.387103470569675,2.374630030154251,COTO,cotonou,6.352268,2.402957,4966.170799141107,21238.37353,9.0,100.0,109.0,570.0,10,13.499140739440918,321.0583438721451,1.1016781439013716,3.499140739440918,-1.2938229000157054e-05,0.9852776554211516,-7.059156277485848e-05,0.9807422435180527,-0.00013956163233262969,0.09666085254199674,1,-1.0,-1.0,0,0,4,10,1,31.0,59.0,cotonou/COTO,285.70158014965295,70.2,66.1,0.9139460706981813
6.380618350230198,2.3762371697577476,COTO,cotonou,6.352268,2.402957,4309.145477319643,21238.37353,9.0,100.0,109.0,570.0,10,12.203507423400879,316.87427444102735,1.2868207832936347,2.203507423400879,-0.0003463919280065748,1.1605601842651838,-0.000331143919191404,1.1560947136677453,0.0010001023610432943,0.04482808105198308,1,-1.0,-1.0,0,0,2,0,1,31.0,63.0,cotonou/COTO,333.1849486397105,81.4,70.5,0.5074594431699472
6.369875834523701,2.3972912112083984,COTO,cotonou,6.352268,2.402957,2045.6266570767264,21238.37353,9.0,100.0,109.0,570.0,10,12.202143430709839,342.26626937646074,2.709181902759704,2.202143430709839,-0.0007269797117813774,0.7515208107327992,-0.0007837471170420084,0.7844672449344282,-0.0033722790156346014,0.10881243239692853,1,-1.0,-1.0,0,0,1,5,1,31.7,72.0,cotonou/COTO,256.52289722354817,86.5,73.4,0.23781390391466706
6.365260437924527,2.3681966787106874,COTO,cotonou,6.352268,2.402957,4105.484395338851,21238.37353,9.0,100.0,109.0,570.0,10,11.471461176872253,290.6124924759083,1.3608437682635695,1.4714611768722534,-0.00054511877771373,1.312760579377486,-0.000536915152478847,1.3301209562085226,-0.0002595133251614041,0.009721876383651741,1,-1.0,-1.0,0,0,2,1,1,30.1,50.0,cotonou/COTO,211.07519039432174,58.0,62.5,0.5634123427648967
6.36978541578478,2.391693783929304,COTO,cotonou,6.352268,2.402957,2303.4068651709936,21238.37353,9.0,100.0,109.0,570.0,10,12.352752447128296,327.4214757511544,2.4026294739869822,2.352752447128296,-0.0006054713740579043,0.5865040247346947,-0.0006363241984371395,0.6403707049317299,-0.003219392564561632,0.1208593398913514,1,-1.0,-1.0,0,0,7,8,1,33.0,67.0,cotonou/COTO,292.9664112146319,84.9,61.2,0.778535888011871
6.363098812271803,2.3659528588968954,COTO,cotonou,6.352268,2.402957,4265.725139941608,21238.37353,9.0,100.0,109.0,570.0,10,11.535930275917053,286.4119128941834,1.3088767401252719,1.5359302759170532,-0.0005060748620466752,1.1872791691163684,-0.0005022624300585853,1.1979660681661792,-2.6575724283854164e-05,0.00132979641886237,1,-1.0,-1.0,0,0,2,4,1,33.0,39.0,cotonou/COTO,309.4591612797848,63.0,58.0,0.19523926459686225
6.361062260436681,2.3955075807869752,COTO,cotonou,6.352268,2.402957,1274.8093147063528,21238.37353,9.0,100.0,109.0,570.0,10,13.68650221824646,319.90740875142825,4.275870245663202,3.68650221824646,-1.5883113062658886e-05,0.3971723822909175,-4.500671669288909e-05,0.41869327126953765,-0.0019610603650410973,0.09494427413773328,1,-1.0,-1.0,0,0,3,10,1,32.6,66.0,cotonou/COTO,204.60464730791253,56.5,68.1,0.8870980634131301
6.371122834256288,2.390442637943131,COTO,cotonou,6.352268,2.402957,2502.9479392927765,21238.37353,9.0,100.0,109.0,570.0,10,12.032027959823608,326.5904670996954,2.2186152403341493,2.0320279598236084,-0.0006479667687655799,0.7690375291928501,-0.0006591081619262694,0.8069526446811326,2.3784240086873343e-05,0.012837744301565123,1,-1.0,-1.0,0,0,2,9,1,33.0,67.0,cotonou/COTO,322.1257484275571,82.1,84.9,0.8771296365396194
6.363287795798754,2.3756091958252084,COTO,cotonou,6.352268,2.402957,3261.939928079578,21238.37353,9.0,100.0,109.0,570.0,10,12.091797351837158,292.0712875230936,1.7016862523370153,2.091797351837158,-0.0005081664280830524,1.0922226661786778,-0.00048148481035014366,1.1129324642638787,-0.001040262401764991,0.03780655501305319,1,-1.0,-1.0,0,0,4,3,1,31.7,62.0,cotonou/COTO,398.79289324162653,65.7,60.5,0.5217190720219522
6.355286392862729,2.3741555521630007,COTO,cotonou,6.352268,2.402957,3204.034385456187,21238.37353,9.0,100.0,109.0,570.0,10,14.55200481414795,276.0210597422612,1.6884665561869552,4.552004814147949,0.0002632440436294889,0.4350017366711564,0.00028757852151853233,0.431225936981433,0.0010596487257215712,0.04165697318342314,1,-1.0,-1.0,0,0,1,11,1,29.6,72.0,cotonou/COTO,182.1212014017086,56.3,61.8,0.6015110104933225
6.38512556516848,2.3704151572669785,COTO,cotonou,6.352268,2.402957,5115.253484814491,21238.37353,9.0,100.0,109.0,570.0,10,12.910512447357178,315.45573151869655,1.0761684956326962,2.9105124473571777,-0.00014369564160671697,1.096030049864392,-0.00014820383692982112,1.089745188576607,0.0002399682998657227,0.0345105163633389,0,4889.731287087198,4817.974224173969,3,7,3,7,1,34.0,32.0,cotonou/COTO,265.7725736414513,57.6,53.4,0.2402350440647152
6.355370767315758,2.373629834417199,COTO,cotonou,6.352268,2.402957,3262.8568271064414,21238.37353,9.0,100.0,109.0,570.0,10,14.64737319946289,276.07800604284,1.6563709359398866,4.647373199462891,0.0002875785215185323,0.4342951841681295,0.00032719140739317985,0.4309051656542626,0.0016573957917076488,0.02742378127079599,1,-1.0,-1.0,0,0,0,16,1,29.6,72.0,cotonou/COTO,182.1212014017086,56.3,61.8,0.9260281375313576
6.368835536583745,2.399359542609589,COTO,cotonou,6.352268,2.402957,1874.9033156848209,21238.37353,9.0,100.0,109.0,570.0,10,12.779965877532959,347.8223872904703,2.9378419174127726,2.779965877532959,-0.0004904897124679,0.6557478003333794,-0.0005595549558981871,0.7000857382124468,-0.002813243865966797,0.12637351023756876,1,-1.0,-1.0,0,0,0,15,1,31.7,72.0,cotonou/COTO,280.5468730889592,86.5,68.2,0.9533724791695612
6.381621077333796,2.3682905966241994,COTO,cotonou,6.352268,2.402957,5024.683811379037,21238.37353,9.0,100.0,109.0,570.0,10,13.464126348495483,310.43241378248894,1.089251204001163,3.4641263484954834,3.904376771890029e-06,1.112128291790526,1.7226770812389863e-05,1.108634063782861,0.004577994346618652,0.24152306739311113,1,-1.0,-1.0,0,0,4,12,1,30.7,45.0,cotonou/COTO,218.89526468152152,58.1,61.3,0.5309392582295264
6.356179354012383,2.3922924864754087,COTO,cotonou,6.352268,2.402957,1256.7089275093235,21238.37353,9.0,100.0,109.0,570.0,10,15.673124313354492,290.25619164183877,4.247155730008562,5.673124313354492,0.0015594702023182753,0.6787773664671117,0.0015266597270965575,0.6820068302388849,0.00045099788241916234,0.022611034113502498,1,-1.0,-1.0,0,0,3,12,1,32.6,66.0,cotonou/COTO,267.5192114597196,58.2,57.1,0.8199206121738387
6.352548217565973,2.411967579228417,COTO,cotonou,6.352268,2.402957,997.4168721353834,21238.37353,9.0,100.0,109.0,570.0,10,14.977849960327148,88.20725266256778,5.385110814105127,4.977849960327148,0.0012459397315979005,0.42568510439272006,0.0013674188524698415,0.44309519296496935,0.0026015755354540857,0.09255026226953998,1,-1.0,-1.0,0,0,1,5,1,31.5,68.0,cotonou/COTO,374.95826287725737,70.9,75.1,0.17834362984986163
6.3740474292438245,2.391114315415795,COTO,cotonou,6.352268,2.402957,2741.867634532695,21238.37353,9.0,100.0,109.0,570.0,10,12.297257661819458,331.61361841621635,2.0199236860527114,2.297257661819458,-0.0005107731058977653,0.8292883153165845,-0.0005152521403968758,0.8485182173373143,-0.0009635527928670248,0.043867751875088096,1,-1.0,-1.0,0,0,1,5,1,33.0,67.0,cotonou/COTO,363.2414581239478,81.4,82.1,0.03870594572674624
6.363212454149403,2.359116239004724,COTO,cotonou,6.352268,2.402957,4999.238527631372,21238.37353,9.0,100.0,109.0,570.0,10,11.681709170341492,284.10260190380967,1.115214473525206,1.6817091703414917,-0.0004033223157478563,1.2689654446455916,-0.00038962999039147733,1.276828108922226,0.00047580599784851073,0.02679086833112876,1,-1.0,-1.0,0,0,3,2,1,33.0,48.0,cotonou/COTO,275.55065323816524,67.2,65.7,0.795871369062991
6.3643608008539125,2.360727614615123,COTO,cotonou,6.352268,2.402957,4859.849730192952,21238.37353,9.0,100.0,109.0,570.0,10,11.706795692443848,286.07573393995074,1.146896660003363,1.7067956924438477,-0.0004114824427334177,1.3052370068652657,-0.00040370070837377533,1.3128818535783495,0.000222982300652398,0.008781346680574136,1,-1.0,-1.0,0,0,1,0,1,33.0,48.0,cotonou/COTO,377.7002335187451,67.2,78.69999999999999,0.3294412589790784
6.3605493854667285,2.3767554135150504,COTO,cotonou,6.352268,2.402957,3040.1568933182534,21238.37353,9.0,100.0,109.0,570.0,10,12.972028017044067,287.64311939436527,1.8091726846637102,2.9720280170440674,-0.0002401841232200074,0.8614818146370904,-0.0002385150545819958,0.8679700921042576,-0.0003422826151181946,0.012397142432416929,1,-1.0,-1.0,0,0,2,14,1,32.4,63.0,cotonou/COTO,353.12133962707986,63.8,65.7,0.3625442701726619
6.35498339340774,2.3939852627384406,COTO,cotonou,6.352268,2.402957,1037.0627465240657,21238.37353,9.0,100.0,109.0,570.0,10,15.509445667266846,286.9376307707086,5.151254009562145,5.509445667266846,0.0017585637030848582,0.6009537914874972,0.0016355383503544438,0.6122020853274949,0.0006564696629842123,0.0441475185226757,1,-1.0,-1.0,0,0,2,9,1,31.0,71.0,cotonou/COTO,279.6517178563703,62.9,57.1,0.33858859979694056
6.352739638315158,2.374010945325886,COTO,cotonou,6.352268,2.402957,3203.031256025557,21238.37353,9.0,100.0,109.0,570.0,10,13.984730243682861,270.94084490781313,1.6991335774839955,3.9847302436828613,7.838910587034846e-05,0.3484218156822233,5.963432116438499e-05,0.35098221372930644,-0.0017078240109115155,0.049364534945933694,1,-1.0,-1.0,0,0,1,3,1,33.0,63.0,cotonou/COTO,384.84357926308275,74.7,56.3,0.23873831692941117
6.369518755116274,2.400654085554563,COTO,cotonou,6.352268,2.402957,1924.6643782490892,21238.37353,9.0,100.0,109.0,570.0,10,12.84189486503601,352.44257029489575,2.860174718595208,2.8418948650360107,-0.00044363926618527143,0.6230501765512549,-0.0004766629199789028,0.6448103894684007,-0.002992404831780328,0.11005253130875838,1,-1.0,-1.0,0,0,2,14,1,32.0,63.0,cotonou/COTO,382.05451823009946,69.0,87.4,0.14756068528799882
6.369785806590971,2.3989255784156267,COTO,cotonou,6.352268,2.402957,1987.9413285436099,21238.37353,9.0,100.0,109.0,570.0,10,12.396221399307251,347.1173513600116,2.7820932098056197,2.396221399307251,-0.0006521243954179299,0.7446996440389636,-0.0006715866864896288,0.7692074894726184,-0.0013749917348225913,0.05111925500218785,1,-1.0,-1.0,0,0,1,8,1,32.0,63.0,cotonou/COTO,390.0382688916548,69.0,86.5,0.5630930815966609
6.369827529905243,2.390501356292425,COTO,cotonou,6.352268,2.402957,2381.1676622602117,21238.37353,9.0,100.0,109.0,570.0,10,11.991061210632324,324.81796131560174,2.33294397220288,1.9910612106323242,-0.0007149709264437357,0.7193197337732936,-0.0007278791288050209,0.7717915355840373,-0.000863271951675415,0.04460977213139167,1,-1.0,-1.0,0,0,0,5,1,33.0,67.0,cotonou/COTO,203.52690731203887,86.3,61.2,0.07379566990157227
6.35204420526551,2.395241437054576,COTO,cotonou,6.352268,2.402957,854.0131598472294,21238.37353,9.0,100.0,109.0,570.0,10,14.60049057006836,268.3287353697895,6.307660701523793,4.600490570068359,0.0010270105011161716,0.3191709198585507,0.0009645705581993186,0.3155156069545068,7.975101470947264e-05,0.006650216798166596,1,-1.0,-1.0,0,0,1,13,1,31.0,71.0,cotonou/COTO,392.28725444494233,62.9,70.0,0.7242181313556931
6.369193531687703,2.4011741885699394,COTO,cotonou,6.352268,2.402957,1882.1235121678494,21238.37353,9.0,100.0,109.0,570.0,10,13.176297903060913,354.02390022731146,2.9145575528494323,3.176297903060913,-0.00031441785186567,0.5363240500791491,-0.0003550902391091371,0.5696498483232694,-0.003575219048394097,0.13346305436158445,1,-1.0,-1.0,0,0,3,12,1,32.0,75.0,cotonou/COTO,237.45958919365236,86.2,69.0,0.7857633485153663
6.365689825415633,2.360273600013293,COTO,cotonou,6.352268,2.402957,4950.222020661335,21238.37353,9.0,100.0,109.0,570.0,10,11.573681116104126,287.55959645246674,1.1275042383813878,1.573681116104126,-0.00043097178141276044,1.3664285480108314,-0.0004331416429262028,1.374510355984436,-0.000408103478523463,0.01837888579273836,1,-1.0,-1.0,0,0,0,0,1,33.0,48.0,cotonou/COTO,377.7002335187451,67.2,78.69999999999999,0.7421818060971568
6.38489691924784,2.375468535970017,COTO,cotonou,6.352268,2.402957,4719.052773836496,21238.37353,9.0,100.0,109.0,570.0,10,13.171608209609985,320.06349385456275,1.1633283535828611,3.1716082096099854,-0.0001129500473601909,1.0346233962534435,-7.33571432770098e-05,1.0316992054652194,0.0020607739006218676,0.07133209841619975,1,-1.0,-1.0,0,0,1,8,1,31.0,59.0,cotonou/COTO,262.7208442434569,70.2,64.4,0.0073487371685457825
6.349214554022122,2.3821807795936296,COTO,cotonou,6.352268,2.402957,2323.3690913140103,21238.37353,9.0,100.0,109.0,570.0,10,12.909801959991455,261.58945195152995,2.368296522348429,2.909801959991455,-0.000340679262438391,0.4618814000079841,-0.000454630454381307,0.5108976795756336,-0.0031125247478485107,0.15310028461627198,1,-1.0,-1.0,0,0,6,2,1,32.0,71.0,cotonou/COTO,210.16260561769036,65.8,59.0,0.24410245548031428
6.384554225043052,2.3720922384415855,COTO,cotonou,6.352268,2.402957,4940.54794067822,21238.37353,9.0,100.0,109.0,570.0,10,12.77942180633545,316.46828378534724,1.1157337651351882,2.779421806335449,-0.00018121041737286967,1.1047292167143232,-0.0001955759025619415,1.0985706956492156,-6.151199340820284e-06,0.013724085884967228,1,-1.0,-1.0,0,0,2,8,1,34.0,32.0,cotonou/COTO,161.07626082067793,53.4,62.5,0.6782317423190004
6.365281543283487,2.3682775825867015,COTO,cotonou,6.352268,2.402957,4097.919540313565,21238.37353,9.0,100.0,109.0,570.0,10,11.471461176872253,290.6872299499008,1.3633549703131953,1.4714611768722534,-0.0005457707939724654,1.3165535756753508,-0.000536915152478847,1.3336555715871423,-0.00027763843536376953,0.012604432070362716,1,-1.0,-1.0,0,0,2,1,1,30.1,50.0,cotonou/COTO,211.07519039432174,58.0,62.5,0.6073818405985042
6.357050255684324,2.410788620053133,COTO,cotonou,6.352268,2.402957,1015.1349151292372,21238.37353,9.0,100.0,109.0,570.0,10,15.32881498336792,58.43261308652313,5.272016860214483,5.32881498336792,0.0016127996547121509,0.4421206487549583,0.0015819196139463332,0.4570642453588526,0.0021890028466379544,0.08906113897512447,1,-1.0,-1.0,0,0,2,7,1,32.0,67.0,cotonou/COTO,352.045035329285,68.1,58.7,0.8137994686676748
6.358501421001191,2.375424802307411,COTO,cotonou,6.352268,2.402957,3123.1842730564717,21238.37353,9.0,100.0,109.0,570.0,10,13.155357122421265,282.8347727408115,1.7577479036603048,3.1553571224212646,-0.0001751220037066747,0.7518910674617874,-0.00021568427102162003,0.7600044154907845,-0.002012735934183723,0.054360368673417425,1,-1.0,-1.0,0,0,5,2,1,32.4,63.0,cotonou/COTO,320.4806640032702,53.0,63.8,0.5211331638730168
6.353461618579488,2.3949464839950196,COTO,cotonou,6.352268,2.402957,896.0628655051245,21238.37353,9.0,100.0,109.0,570.0,10,14.903838634490967,278.5271245242601,5.994697595984552,4.903838634490967,0.0013320410362474095,0.43835559752568576,0.001285896827201307,0.4380520025973834,0.0005520066093896238,0.01095036325602026,1,-1.0,-1.0,0,0,0,8,1,30.0,79.0,cotonou/COTO,392.28725444494233,70.0,62.9,0.6854388958060422
6.351707973451716,2.415066769941228,COTO,cotonou,6.352268,2.402957,1341.2631938781387,21238.37353,9.0,100.0,109.0,570.0,10,15.9126296043396,92.66346718502416,3.970119175080923,5.9126296043396,0.0016338060520313406,0.7125442863758586,0.001422177174555254,0.7244196431356908,-0.0022263150457711256,0.10065810316662041,1,-1.0,-1.0,0,0,1,10,1,32.0,67.0,cotonou/COTO,331.6003083532061,69.85,58.1,0.9201431370082144
6.381530355357377,2.3679035161914745,COTO,cotonou,6.352268,2.402957,5051.015420138989,21238.37353,9.0,100.0,109.0,570.0,10,13.418724536895752,310.03127678231374,1.0840889788651793,3.418724536895752,-5.685737617387334e-05,1.1068360877767367,1.9506965250205556e-05,1.1056138271305747,0.005790693299297944,0.20015928108419823,1,-1.0,-1.0,0,0,5,10,1,30.7,45.0,cotonou/COTO,218.89526468152152,58.1,61.3,0.7325436502736408
6.348293200621046,2.3807642957588127,COTO,cotonou,6.352268,2.402957,2494.4575727570714,21238.37353,9.0,100.0,109.0,570.0,10,10.860001862049103,259.7856221811537,2.2530385697825532,0.8600018620491028,-0.0011861948171224556,0.7705611172338402,-0.0014192443878408188,0.8550515876921031,-0.023918671483174055,0.7275868145929211,1,-1.0,-1.0,0,0,0,0,1,32.0,71.0,cotonou/COTO,94.8968856180276,59.0,55.9,0.8662874887020898
6.349603027919613,2.3824157823217416,COTO,cotonou,6.352268,2.402957,2291.7268260409382,21238.37353,9.0,100.0,109.0,570.0,10,13.088080644607544,262.5638625592401,2.396508629614974,3.088080644607544,-0.000336382342375871,0.4144926722072436,-0.0002955737496227152,0.4454584912690868,-0.002090005079905192,0.09829325654720923,1,-1.0,-1.0,0,0,6,2,1,32.0,71.0,cotonou/COTO,210.16260561769036,59.0,65.8,0.995696246675061
6.369219608371569,2.4012379315749475,COTO,cotonou,6.352268,2.402957,1884.2664983771838,21238.37353,9.0,100.0,109.0,570.0,10,13.176297903060913,354.2449131361558,2.9112485167026767,3.176297903060913,-0.0003111756174278583,0.5348751048387735,-0.00035509023910913713,0.5686711807437397,-0.004156912697686089,0.1535738634465523,1,-1.0,-1.0,0,0,3,13,1,32.0,63.0,cotonou/COTO,237.45958919365236,69.0,86.2,0.24643008835736735
6.363494072889429,2.369993345388233,COTO,cotonou,6.352268,2.402957,3852.586198262698,21238.37353,9.0,100.0,109.0,570.0,10,11.691865801811218,288.9167021007408,1.4468619136646284,1.6918658018112183,-0.0005207042977483391,1.1265839327704439,-0.0005331579358826462,1.153960266212367,-0.0010361591974894207,0.047817003153768516,0,-1.0,3613.2471759257364,0,4,2,6,1,30.0,55.0,cotonou/COTO,358.990200005476,59.4,58.0,0.009319794323943809
6.3636476200363585,2.4159330997193944,COTO,cotonou,6.352268,2.402957,1909.1444475113062,21238.37353,9.0,100.0,109.0,570.0,10,15.11436939239502,48.57426450479579,2.815355517160172,5.1143693923950195,0.0007128627039647876,0.4200966844796305,0.0006367207777620568,0.41350176528099364,-0.0017838835716247562,0.09498007329407229,1,-1.0,-1.0,0,0,5,5,1,33.0,63.0,cotonou/COTO,306.3941828756752,65.7,57.9,0.24790559500381293
6.3644178868606325,2.3706265934919513,COTO,cotonou,6.352268,2.402957,3821.0420537493596,21238.37353,9.0,100.0,109.0,570.0,10,11.60999310016632,290.71488394719745,1.4600280335208462,1.6099931001663208,-0.0005627676904655412,1.224481870812717,-0.0005485086380904568,1.2359349961664345,-0.0008994204266557854,0.03335007334061625,1,-1.0,-1.0,0,0,1,4,1,30.0,55.0,cotonou/COTO,265.7076628552334,59.4,62.4,0.4666103784241473
6.370205247387239,2.363556521505501,COTO,cotonou,6.352268,2.402957,4789.321620356531,21238.37353,9.0,100.0,109.0,570.0,10,12.012105941772461,294.61350760717613,1.1601303867134614,2.012105941772461,-0.00033345594916797065,1.4631644213691328,-0.0003327376067393111,1.4594280189012983,0.0024209757645924884,0.11684512103182107,1,-1.0,-1.0,0,0,0,0,1,31.5,72.0,cotonou/COTO,319.6896352714521,78.0,78.0,0.5339010451043709
6.370091332196519,2.368359062233559,COTO,cotonou,6.352268,2.402957,4305.53188645029,21238.37353,9.0,100.0,109.0,570.0,10,11.536815404891968,297.4017577201556,1.2967679136363934,1.5368154048919678,-0.0005023555623160468,1.3600871157330052,-0.00048792982754642024,1.366511047056177,0.00026236673196156817,0.015162695139224835,1,-1.0,-1.0,0,0,1,12,1,32.0,67.0,cotonou/COTO,291.86035290862867,79.6,64.7,0.9682296107349049
6.384901473413693,2.370599275897939,COTO,cotonou,6.352268,2.402957,5083.313443018188,21238.37353,9.0,100.0,109.0,570.0,10,12.861985921859741,315.4222155630213,1.083475556001373,2.861985921859741,-0.00018037786225947303,1.0989027696625162,-0.00016409288081087802,1.0926069431452659,0.0002278606096903483,0.024575659457201342,0,4879.573425261948,4635.085403954459,3,4,4,8,1,34.0,32.0,cotonou/COTO,265.7725736414513,53.4,57.6,0.6386342776718195
6.385266744525549,2.371170088768536,COTO,cotonou,6.352268,2.402957,5068.044301045334,21238.37353,9.0,100.0,109.0,570.0,10,12.682768821716309,316.2505716108402,1.0887644725690613,2.6827688217163086,-0.00020199078677462262,1.0949823580530031,-0.00019407170093082776,1.0889454408336678,0.00032839510175916884,0.014551228436843722,0,4864.916272947324,4702.413850468916,5,4,4,6,1,31.8,57.0,cotonou/COTO,263.34150546393204,62.5,57.6,0.5108782670149085
6.378523807179798,2.36505840778007,COTO,cotonou,6.352268,2.402957,5100.208640236849,21238.37353,9.0,100.0,109.0,570.0,10,13.296753406524658,304.882013169953,1.0750047799593179,3.296753406524658,-8.03690709135601e-05,1.1662155281292883,-9.861514549846799e-05,1.1594977428180662,-0.0010226011276245116,0.04771933190042298,1,-1.0,-1.0,0,0,2,3,1,30.7,55.0,cotonou/COTO,325.9584504197963,66.5,64.2,0.5840701164369678
6.353531674863276,2.374278962125541,COTO,cotonou,6.352268,2.402957,3176.026592235586,21238.37353,9.0,100.0,109.0,570.0,10,14.161951065063477,272.5402162502606,1.710377925255247,4.161951065063477,0.0001432279344775759,0.3840403856410972,0.00013419199880614172,0.3826025535807881,-0.00019655439311046252,0.00436457744870168,1,-1.0,-1.0,0,0,5,11,1,33.0,63.0,cotonou/COTO,313.5332494330497,78.1,61.8,0.2879980319065294
6.3657921581327575,2.4086687162731835,COTO,cotonou,6.352268,2.402957,1623.6351905896547,21238.37353,9.0,100.0,109.0,570.0,10,14.607621669769287,22.769223737413995,3.3272278139040394,4.607621669769287,0.0005458365064678771,0.4095855405062639,0.0004664216912658626,0.4074141189961501,-0.0020677377546889785,0.06164266403641427,1,-1.0,-1.0,0,0,4,9,1,32.0,63.0,cotonou/COTO,335.1905947367722,58.8,56.6,0.5448061985775569
6.36357469263663,2.384861543402518,COTO,cotonou,6.352268,2.402957,2360.4537524873313,21238.37353,9.0,100.0,109.0,570.0,10,12.872123718261719,302.1586927570594,2.332043077452792,2.8721237182617188,-0.00038889596737412194,0.9100721901621153,-0.00035289952784408766,0.9228684165833073,-0.0020808882183498806,0.07837007594780449,1,-1.0,-1.0,0,0,7,8,1,33.0,63.0,cotonou/COTO,376.3702126895599,66.2,62.4,0.7901051909976867
6.365061950058434,2.3670900485543007,COTO,cotonou,6.352268,2.402957,4212.974100990609,21238.37353,9.0,100.0,109.0,570.0,10,11.478070855140686,289.74574952987575,1.3260459562622329,1.478070855140686,-0.0005269267937343768,1.3081828701089728,-0.0005180590080492424,1.3245276536886206,-2.9312570889790858e-05,0.003950705812629917,1,-1.0,-1.0,0,0,3,4,1,30.1,50.0,cotonou/COTO,167.19783760562936,66.1,58.0,0.933379575524187
6.3484742644552385,2.380846067276551,COTO,cotonou,6.352268,2.402957,2482.0890937317117,21238.37353,9.0,100.0,109.0,570.0,10,12.195574045181274,260.2064165095602,2.2334715477492266,2.1955740451812744,-0.0006069949353076367,0.6511797160858601,-0.0015483659577033243,0.7202386532549819,-0.02707684225808291,0.39529894636803786,1,-1.0,-1.0,0,0,0,1,1,32.0,71.0,cotonou/COTO,240.9109181835051,55.9,65.8,0.10572004349465935
6.361843138967585,2.378034423881463,COTO,cotonou,6.352268,2.402957,2953.749580401763,21238.37353,9.0,100.0,109.0,570.0,10,12.901049137115479,291.1365032756913,1.8634358344252104,2.9010491371154785,-0.00027136104275481864,0.9587955734298204,-0.0003017438913729324,0.9725026232089098,-0.0008452673753102621,0.04940333177132034,1,-1.0,-1.0,0,0,5,2,1,31.7,62.0,cotonou/COTO,289.18429314187705,65.7,65.8,0.37534916137960417
6.37277982731699,2.3906173818023184,COTO,cotonou,6.352268,2.402957,2647.513070742649,21238.37353,9.0,100.0,109.0,570.0,10,12.219404458999634,329.1263194997056,2.093531375686344,2.219404458999634,-0.0005571486798118563,0.7955330700735505,-0.0005801092223052212,0.808341317878312,-0.0012213202719940925,0.03696934455916189,1,-1.0,-1.0,0,0,1,14,1,33.0,67.0,cotonou/COTO,357.773164030067,81.4,84.9,0.44486126071734733
6.371124593472963,2.3904543796916404,COTO,cotonou,6.352268,2.402957,2502.3916664305657,21238.37353,9.0,100.0,109.0,570.0,10,12.032027959823608,326.61763904647154,2.219107937684576,2.0320279598236084,-0.0006466177744816391,0.7705171225125911,-0.0006591081619262694,0.8082928605632151,2.3784240086873343e-05,0.012837744301565123,1,-1.0,-1.0,0,0,2,9,1,33.0,67.0,cotonou/COTO,322.1257484275571,84.9,82.1,0.12696156503151568
6.362717582085626,2.3650874977129708,COTO,cotonou,6.352268,2.402957,4346.301986537311,21238.37353,9.0,100.0,109.0,570.0,10,11.590038537979126,285.51909238324134,1.2839065231780689,1.590038537979126,-0.0004863578497795007,1.1714656706519584,-0.00047623374580113694,1.1917500513150914,0.00025514694631436274,0.01015623673974049,1,-1.0,-1.0,0,0,2,9,1,33.0,48.0,cotonou/COTO,239.71117558433022,60.2,63.0,0.732475566808741
6.386199935638382,2.3735104905766202,COTO,cotonou,6.352268,2.402957,4969.376852948534,21238.37353,9.0,100.0,109.0,570.0,10,13.061101198196411,319.2253534346959,1.10601618052758,3.061101198196411,-0.00013937387052698498,1.033263496864244,-0.0001933333906527669,1.027211118972772,-0.003214935519878571,0.04722131060906147,1,-1.0,-1.0,0,0,3,12,1,31.8,57.0,cotonou/COTO,358.8872214220909,62.5,66.1,0.529633745077103
6.367294821119634,2.3869571305186046,COTO,cotonou,6.352268,2.402957,2427.996711124035,21238.37353,9.0,100.0,109.0,570.0,10,12.258319854736328,313.38111582928434,2.281699769667813,2.258319854736328,-0.0006004504001422432,0.8413624423103083,-0.000643789337342044,0.8773205883415259,-0.0028227223290337457,0.1080134460366526,1,-1.0,-1.0,0,0,6,9,1,32.0,63.0,cotonou/COTO,280.00176285154186,67.2,62.3,0.10128299942819474
6.384269365094297,2.372930880852204,COTO,cotonou,6.352268,2.402957,4853.862892761762,21238.37353,9.0,100.0,109.0,570.0,10,12.7609703540802,317.0025383104209,1.1358721795598046,2.7609703540802,-0.00019586014709867695,1.0993616834201316,-0.0002023025880789701,1.093005439661968,-0.0007330478233726453,0.017852282119473695,1,-1.0,-1.0,0,0,2,10,1,34.0,32.0,cotonou/COTO,267.5261198461977,64.4,62.5,0.6260247770860426
6.352897855284237,2.39506379890039,COTO,cotonou,6.352268,2.402957,876.0811331588111,21238.37353,9.0,100.0,109.0,570.0,10,14.721580028533936,274.59087833890766,6.1421790409901,4.7215800285339355,0.0011273206604851616,0.38660183554574135,0.0011053640649759406,0.3846416292908492,0.00016659528637437795,0.0053446177786425665,1,-1.0,-1.0,0,0,0,14,1,30.0,79.0,cotonou/COTO,392.28725444494233,70.0,62.9,0.5225015272360437
6.37066058433173,2.400434503013129,COTO,cotonou,6.352268,2.402957,2053.0548723703987,21238.37353,9.0,100.0,109.0,570.0,10,12.403010129928589,352.2383823431854,2.69380096643403,2.403010129928589,-0.0006299426590186961,0.7307397789058389,-0.0007186052385070514,0.7907224469523234,-0.0031577110290527343,0.14652163070356988,1,-1.0,-1.0,0,0,0,5,1,32.0,63.0,cotonou/COTO,382.05451823009946,69.0,87.4,0.4853799798017412
6.384925065798274,2.374297334835431,COTO,cotonou,6.352268,2.402957,4805.9213698819985,21238.37353,9.0,100.0,109.0,570.0,10,13.186105489730835,318.9073393726047,1.1421336704651601,3.186105489730835,-4.210567614485354e-05,1.0574583342823813,-0.00013273201027219164,1.054220832506219,-0.0014015950940388991,0.04228044483909021,1,-1.0,-1.0,0,0,5,0,1,31.0,59.0,cotonou/COTO,348.5682791075882,70.2,62.5,0.37664495686915933
6.3722103654939035,2.3924453200949833,COTO,cotonou,6.352268,2.402957,2493.2469649648647,21238.37353,9.0,100.0,109.0,570.0,10,12.401565790176392,332.35248938132094,2.2187596282101105,2.4015657901763916,-0.0005180260491749597,0.7621109803616036,-0.0005004309652931065,0.7736303547267743,0.0004283243322253737,0.011879325622262195,1,-1.0,-1.0,0,0,1,0,1,33.0,67.0,cotonou/COTO,363.2414581239478,81.4,82.1,0.7319375494705492
6.370789260419307,2.3528931613666453,COTO,cotonou,6.352268,2.402957,5905.563034891981,21238.37353,9.0,100.0,109.0,570.0,10,13.016443490982056,290.42030066744866,0.9311505922920705,3.0164434909820557,-0.0001139592711772637,1.3520124083587117,-0.00010009770338779223,1.3453493575992996,0.0017241637433103012,0.04358145275021245,0,5550.519165058796,5159.970908242291,1,5,2,0,1,32.0,36.0,cotonou/COTO,399.9159167874965,61.5,51.6,0.5234919114817287
6.37737030362951,2.364339108885299,COTO,cotonou,6.352268,2.402957,5095.229868056884,21238.37353,9.0,100.0,109.0,570.0,10,12.7845778465271,303.1887880652316,1.081812331350819,2.7845778465270996,-0.0001859443748178364,1.200871385122372,-0.00018500177435172623,1.1944915460174508,-0.0013951857884724934,0.05143277422087443,1,-1.0,-1.0,0,0,0,2,1,30.7,55.0,cotonou/COTO,333.1849486396399,64.2,76.1,0.09696370490023909
6.365639541068714,2.366053525796187,COTO,cotonou,6.352268,2.402957,4342.49674517035,21238.37353,9.0,100.0,109.0,570.0,10,11.476332783699036,290.0329554314613,1.2865307084994266,1.4763327836990356,-0.0005125042318601379,1.3441724492878988,-0.0005156017781732703,1.357833900066451,-0.0004465422329445258,0.006528066390134055,1,-1.0,-1.0,0,0,2,0,1,33.0,39.0,cotonou/COTO,383.9926241478955,63.0,66.1,0.8745017693045147
6.378276873726065,2.3649659199773994,COTO,cotonou,6.352268,2.402957,5093.153972631789,21238.37353,9.0,100.0,109.0,570.0,10,13.26243543624878,304.5631691904174,1.0768793744966785,3.2624354362487793,-8.231674254092376e-05,1.1706852515649633,-0.0001508059445944539,1.1638679618959635,-0.0030216032649233327,0.044954966275870416,0,-1.0,4776.745609602559,0,3,2,2,1,30.7,55.0,cotonou/COTO,325.9584504197963,64.2,66.5,0.32613590038754003
6.366075181382049,2.408914499621253,COTO,cotonou,6.352268,2.402957,1663.099820417438,21238.37353,9.0,100.0,109.0,570.0,10,14.56502914428711,23.210460607493417,3.24990793952896,4.565029144287109,0.0005107367322558447,0.4056318003732509,0.0004175716433031805,0.4030046228841645,-0.0016055703163146973,0.0750668760492023,1,-1.0,-1.0,0,0,5,7,1,32.0,63.0,cotonou/COTO,335.1905947367722,56.6,58.8,0.3310607973469927
6.378891965364831,2.3758700976650324,COTO,cotonou,6.352268,2.402957,4201.172200284248,21238.37353,9.0,100.0,109.0,570.0,10,11.846090316772461,314.6848289265003,1.3247533652405423,1.846090316772461,-0.0004430059662134396,1.1798431084679688,-0.0004267725026663481,1.179966523613866,0.0008124497201707628,0.03090487693751052,1,-1.0,-1.0,0,0,1,10,1,31.0,63.0,cotonou/COTO,296.22029927065233,81.4,81.4,0.49795274496693287
6.372515303663019,2.3548184658979303,COTO,cotonou,6.352268,2.402957,5777.505047687518,21238.37353,9.0,100.0,109.0,570.0,10,13.243188619613647,292.9413071564304,0.949537700485245,3.2431886196136475,-8.010411303689852e-05,1.360132161386454,-8.983021498516486e-05,1.3531732632694244,-0.0008758030249552944,0.028044627211479163,0,-1.0,5580.676218407582,0,3,3,5,1,29.5,69.0,cotonou/COTO,249.20674248494376,51.6,58.6,0.9171765305019898
6.358210056370371,2.396962655528618,COTO,cotonou,6.352268,2.402957,933.6265906823323,21238.37353,9.0,100.0,109.0,570.0,10,14.851216793060303,314.9259357856316,5.758355178055254,4.851216793060303,0.0011919014155864715,0.4584232392957795,0.0010519458790018102,0.45136641900950236,-0.0025326728820800784,0.0937781511266288,1,-1.0,-1.0,0,0,2,6,1,31.0,71.0,cotonou/COTO,237.15585761266473,58.3,56.5,0.07580028058446642
6.357395415270259,2.403566163021028,COTO,cotonou,6.352268,2.402957,571.0214269796439,21238.37353,9.0,100.0,109.0,570.0,10,14.52785348892212,6.73399136432073,9.394155998801025,4.527853488922119,0.0013681034247080485,0.4359442490186227,0.0011858855514114437,0.425844912876518,-0.0013484884832934514,0.04083666179801548,1,-1.0,-1.0,0,0,1,3,1,31.4,69.0,cotonou/COTO,329.0564998598276,68.1,66.4,0.2307800247389985
6.379222934595275,2.3613643368328816,COTO,cotonou,6.352268,2.402957,5482.836726645261,21238.37353,9.0,100.0,109.0,570.0,10,11.651920557022095,303.11027277854544,1.0171829625906221,1.6519205570220947,-0.00037432985010477137,1.1888257394823638,-0.00040169031782107237,1.1927972965820648,-0.0019367820759084076,0.06668695577333811,0,-1.0,4999.380181610408,0,10,3,9,1,31.8,31.0,cotonou/COTO,398.98903293196753,70.4,78.1,0.9523551349083879
6.366189097083446,2.4140086120384914,COTO,cotonou,6.352268,2.402957,1966.0032915051756,21238.37353,9.0,100.0,109.0,570.0,10,14.6177978515625,38.27248746590095,2.7484965318125067,4.6177978515625,0.0004236914069304697,0.4069772159049754,0.0004134976719221111,0.4050191414056249,-0.0011859451209693343,0.11067104562266333,1,-1.0,-1.0,0,0,4,5,1,33.0,63.0,cotonou/COTO,281.80230889756126,57.9,65.5,0.4458175612684646
6.35455,2.3956294081140235,COTO,cotonou,6.352268,2.402957,849.0965081314375,21238.37353,9.0,100.0,109.0,570.0,10,15.398562908172607,287.3987964412521,6.290687255046661,5.398562908172607,0.001944335027672779,0.5763579451368306,0.0018141690889994307,0.5788176036638762,-0.000546937518649631,0.027223105586455246,1,-1.0,-1.0,0,0,8,8,1,31.0,71.0,cotonou/COTO,375.179999999993,62.1,62.9,0.7309443449633958
6.360713553583904,2.3791620992633042,COTO,cotonou,6.352268,2.402957,2793.422526825465,21238.37353,9.0,100.0,109.0,570.0,10,13.129727840423584,289.6543227059942,1.96561987813383,3.129727840423584,-0.00020470340201195254,0.865683742331017,-0.000243834719871265,0.8745272976942365,-0.0012588799835590238,0.05224384619914956,1,-1.0,-1.0,0,0,2,13,1,32.0,63.0,cotonou/COTO,343.13365923494894,65.8,63.8,0.0278216916770494
6.363285912797025,2.360772397605657,COTO,cotonou,6.352268,2.402957,4823.702603751424,21238.37353,9.0,100.0,109.0,570.0,10,11.659311890602112,284.726694345704,1.156052559270317,1.6593118906021118,-0.00042232938408639375,1.2590121098474902,-0.0004165075551756564,1.2693167687820583,0.0003631035486857096,0.013341305498370619,0,-1.0,4582.034136629609,0,3,1,2,1,33.0,48.0,cotonou/COTO,275.55065323816524,67.2,65.7,0.12806548158979725
6.3655109963306815,2.4147058681797517,COTO,cotonou,6.352268,2.402957,1958.1892652934855,21238.37353,9.0,100.0,109.0,570.0,10,14.844311237335205,41.4025461365822,2.752834948825877,4.844311237335205,0.0005744039410292501,0.40546274178525205,0.0004142719554519303,0.4046250516059472,-0.004755693369764474,0.16485333209543307,1,-1.0,-1.0,0,0,4,12,1,33.0,63.0,cotonou/COTO,281.80230889756126,57.9,65.5,0.06270979134525168
6.355529175999578,2.3930599906882146,COTO,cotonou,6.352268,2.402957,1152.8690052281925,21238.37353,9.0,100.0,109.0,570.0,10,15.596985340118408,288.3433771980117,4.63186649335143,5.596985340118408,0.001615379406855656,0.6465102884275338,0.001647837762910176,0.6586477334073018,0.0013022144635518392,0.06725346496414633,1,-1.0,-1.0,0,0,0,11,1,31.0,71.0,cotonou/COTO,279.6517178563703,62.9,57.1,0.7649812496707116
6.350062337585277,2.4131109683293883,COTO,cotonou,6.352268,2.402957,1149.6179590669224,21238.37353,9.0,100.0,109.0,570.0,10,14.821142673492432,102.32830739835015,4.6833194137301035,4.821142673492432,0.0009522660165770439,0.29072135467925614,0.0006704869726048906,0.2788975930696148,0.00011688452130820909,0.13593260171047988,1,-1.0,-1.0,0,0,0,2,1,29.8,77.0,cotonou/COTO,285.3045504368927,58.1,75.1,0.9322267647171436
6.358458821963044,2.4108330543206007,COTO,cotonou,6.352268,2.402957,1108.1815754109753,21238.37353,9.0,100.0,109.0,570.0,10,14.996693134307861,51.659396981665,4.848600576965234,4.996693134307861,0.0011674841973417609,0.38941718200822834,0.0013047163303081806,0.39805274831219495,0.003501462936401368,0.14073761753634548,0,-1.0,1048.219846881724,0,26,3,12,1,32.0,67.0,cotonou/COTO,352.045035329285,68.1,58.7,0.36945679399246845
6.35834583935093,2.4126634435418612,COTO,cotonou,6.352268,2.402957,1266.9137608291576,21238.37353,9.0,100.0,109.0,570.0,10,15.15639877319336,57.78700617506462,4.2363110259956995,5.156398773193359,0.0009855412001199377,0.4461186078621878,0.001049619922138489,0.44278689910175195,-0.001254563728876108,0.04343212718475445,1,-1.0,-1.0,0,0,2,8,1,32.0,67.0,cotonou/COTO,390.090387602657,65.5,58.7,0.23958090688303058
6.3716962861513595,2.3897491838153067,COTO,cotonou,6.352268,2.402957,2598.379008028928,21238.37353,9.0,100.0,109.0,570.0,10,11.94255816936493,325.95629726916013,2.1391789301019113,1.9425581693649292,-0.0006678332673952881,0.8435386823233767,-0.0006624490580755228,0.8737368391663529,-0.00019629895687103274,0.015659553179209345,1,-1.0,-1.0,0,0,1,15,1,33.0,67.0,cotonou/COTO,271.69843466620387,73.3,84.9,0.7087041156467629
6.388667443331578,2.376132546999629,COTO,cotonou,6.352268,2.402957,5001.10075656106,21238.37353,9.0,100.0,109.0,570.0,10,12.566471576690674,323.78257693363656,1.1046667161278705,2.566471576690674,-0.00022764867413305705,0.9763448898774704,-0.00029076232007269314,0.9772947310662098,-0.003707167837354872,0.16682255268096924,0,4710.455622412221,4520.032948314705,7,12,3,5,1,31.0,59.0,cotonou/COTO,339.277088085809,66.1,64.0,0.6821323274263184
6.367873895340983,2.3891511442564135,COTO,cotonou,6.352268,2.402957,2304.6939876607767,21238.37353,9.0,100.0,109.0,570.0,10,12.344685554504395,318.67845179122634,2.4014894224281287,2.3446855545043945,-0.0006025157432373448,0.714233768113655,-0.0006662708797535314,0.7603450078155498,-0.0036927196714613177,0.14322911078519568,1,-1.0,-1.0,0,0,6,10,1,32.0,63.0,cotonou/COTO,370.2078816016378,62.3,84.9,0.0012172940572439117
6.375182157172885,2.3596241223592527,COTO,cotonou,6.352268,2.402957,5422.758533779679,21238.37353,9.0,100.0,109.0,570.0,10,13.611893653869629,298.01860519029884,1.0077476778315695,3.611893653869629,-1.571239567975782e-05,1.2870461111380167,-3.76651847297376e-05,1.280338037146564,-0.0009912225935194228,0.03763578304336574,1,-1.0,-1.0,0,0,3,3,1,31.5,72.0,cotonou/COTO,324.3499013411239,63.4,77.1,0.5829305386593246
6.365013543943936,2.3624980283570336,COTO,cotonou,6.352268,2.402957,4693.01561141351,21238.37353,9.0,100.0,109.0,570.0,10,11.626884698867798,287.5894962679637,1.1886319192770531,1.6268846988677979,-0.0004416362495179388,1.331103430257145,-0.0004303516581873223,1.339656598311436,0.00014504392941792806,0.010543775000915565,1,-1.0,-1.0,0,0,1,0,1,33.0,48.0,cotonou/COTO,370.6602309393415,67.2,61.3,0.6641643193553975
6.369969553876221,2.3984878275301806,COTO,cotonou,6.352268,2.402957,2019.0603809719744,21238.37353,9.0,100.0,109.0,570.0,10,12.293315887451172,345.9144540420036,2.7421931463038205,2.293315887451172,-0.0007775743176129142,0.7485552499802353,-0.0007298544470644332,0.775695214311237,-0.002820817770831027,0.09402472022303664,1,-1.0,-1.0,0,0,1,2,1,32.0,63.0,cotonou/COTO,390.0382688916548,69.0,86.5,0.6982013795738872
6.365984453309998,2.3665220498901776,COTO,cotonou,6.352268,2.402957,4307.077595004804,21238.37353,9.0,100.0,109.0,570.0,10,11.458163380622864,290.7484454382739,1.2973484417513057,1.4581633806228638,-0.0005205593499755174,1.3708772992581832,-0.000515559302073091,1.3838659894293577,-5.372166633605957e-05,0.0042269704870279,1,-1.0,-1.0,0,0,2,4,1,30.1,50.0,cotonou/COTO,327.63056038773834,66.1,62.5,0.1425778166705174
6.367059822548049,2.4118885039406113,COTO,cotonou,6.352268,2.402957,1911.103238063264,21238.37353,9.0,100.0,109.0,570.0,10,14.464548110961914,30.96738377668612,2.831909266504479,4.464548110961914,0.0003892163527587001,0.4275286757695393,0.0003579620159033573,0.4250127163642895,-0.0007859177059597439,0.030871599416402693,1,-1.0,-1.0,0,0,6,1,1,32.0,63.0,cotonou/COTO,382.5959232662903,65.5,56.6,0.3240513292678142
6.361910445608402,2.3771423815945454,COTO,cotonou,6.352268,2.402957,3048.685536035941,21238.37353,9.0,100.0,109.0,570.0,10,12.73901629447937,290.5995336137949,1.808489684547051,2.73901629447937,-0.0003418228092462311,0.9615848514344618,-0.00030702795737828963,0.9752630434392322,-0.0008957266807556152,0.05293319831072735,1,-1.0,-1.0,0,0,4,8,1,32.4,63.0,cotonou/COTO,353.12133962707986,63.8,65.7,0.80733516614425
6.369976988053679,2.3905547555237976,COTO,cotonou,6.352268,2.402957,2391.270609839885,21238.37353,9.0,100.0,109.0,570.0,10,11.976519584655762,325.1618279809834,2.323446122756326,1.9765195846557617,-0.0007238612586231268,0.7126112149233282,-0.000726038120626434,0.7633483117993318,-0.0007791505919562446,0.031844137626509596,1,-1.0,-1.0,0,0,0,3,1,33.0,67.0,cotonou/COTO,340.2779183256066,86.3,82.1,0.07133417907241735
6.363996049489243,2.3658379073673936,COTO,cotonou,6.352268,2.402957,4306.7643992484445,21238.37353,9.0,100.0,109.0,570.0,10,11.526305079460144,287.6381802011789,1.296536684707544,1.526305079460144,-0.0005047885080178579,1.2506042592804967,-0.0004896037382622287,1.2674639250313853,0.0003543923298517863,0.017849333072468297,1,-1.0,-1.0,0,0,2,3,1,33.0,39.0,cotonou/COTO,383.9926241478955,63.0,66.1,0.39534970531873814
6.382381064840983,2.3646967838191695,COTO,cotonou,6.352268,2.402957,5385.92685043079,21238.37353,9.0,100.0,109.0,570.0,10,13.742341995239258,308.37939700520747,1.0132504468275372,3.742341995239258,6.5464002114754774e-06,1.0982277584924311,-2.816216849582104e-05,1.0930727497859334,-0.0025725086530049646,0.11785744045572236,1,-1.0,-1.0,0,0,2,2,1,34.0,32.0,cotonou/COTO,196.14362722252218,55.8,70.4,0.1637087750464874
6.364036889135857,2.3697345593373997,COTO,cotonou,6.352268,2.402957,3899.32342491918,21238.37353,9.0,100.0,109.0,570.0,10,11.605924487113953,289.61981755409886,1.4307891058477298,1.6059244871139526,-0.0005391109931047673,1.1807524904388589,-0.000543836911664833,1.205098205759574,-0.0008099758424125338,0.024845405607917242,1,-1.0,-1.0,0,0,3,2,1,30.0,55.0,cotonou/COTO,248.21595536951256,59.4,62.5,0.279843786862934
6.364007337392777,2.3608483630024675,COTO,cotonou,6.352268,2.402957,4836.370021598431,21238.37353,9.0,100.0,109.0,570.0,10,11.688287019729614,285.6717939421562,1.1526823202843868,1.6882870197296143,-0.0004153712786764766,1.2946534618881884,-0.00040597912637454093,1.298678905190854,0.0004249946746757434,0.013009763711974915,1,-1.0,-1.0,0,0,2,0,1,30.0,49.0,cotonou/COTO,377.7002335187451,78.69999999999999,67.2,0.7803300022430879
6.369708339843627,2.390983534268964,COTO,cotonou,6.352268,2.402957,2339.8192300834326,21238.37353,9.0,100.0,109.0,570.0,10,12.054167032241821,325.69447813088743,2.372581503056132,2.0541670322418213,-0.0007081995052035553,0.6480805308687869,-0.0006980084222772499,0.7015616475170493,-0.0016723522668912162,0.05781311063100052,1,-1.0,-1.0,0,0,4,7,1,33.0,67.0,cotonou/COTO,203.52690731203887,86.3,61.2,0.34468217357534847
6.37954578475739,2.361577417939878,COTO,cotonou,6.352268,2.402957,5482.627328415408,21238.37353,9.0,100.0,109.0,570.0,10,11.56153130531311,303.5585558269086,1.0181661117509397,1.5615313053131104,-0.0003943901354181628,1.1803114722569665,-0.00040375638652492216,1.1850773460148372,-0.0015520109070671928,0.06081791923022363,0,-1.0,5163.99768407864,0,7,1,1,1,31.8,31.0,cotonou/COTO,398.98903293196753,70.4,78.1,0.8447384142032266
6.358812761992118,2.37369980382545,COTO,cotonou,6.352268,2.402957,3316.9405448724883,21238.37353,9.0,100.0,109.0,570.0,10,13.026261329650879,282.6864106994849,1.6573575281617368,3.026261329650879,-0.00020440640671241545,0.790284207804629,-0.00020802756464034368,0.8032108884088033,-0.00020350132300743414,0.01740693064614774,1,-1.0,-1.0,0,0,0,0,1,32.0,63.0,cotonou/COTO,370.9625978450856,62.1,53.0,0.5601445570567017
6.372129265834859,2.389513562313123,COTO,cotonou,6.352268,2.402957,2652.637529733976,21238.37353,9.0,100.0,109.0,570.0,10,11.938252449035645,326.0720838749062,2.095555266947826,1.9382524490356445,-0.0006624490580755226,0.8713515697401677,-0.0006421598322662241,0.8967861705798178,9.447435537974042e-05,0.008464595642117404,1,-1.0,-1.0,0,0,0,16,1,33.0,67.0,cotonou/COTO,271.69843466620387,84.9,73.3,0.4926817836555446
6.364819168186276,2.363321477241442,COTO,cotonou,6.352268,2.402957,4599.665940503189,21238.37353,9.0,100.0,109.0,570.0,10,11.610740423202515,287.67535839094955,1.2129489405213438,1.6107404232025146,-0.0004537339850421591,1.3203119514893564,-0.00045183682231350803,1.3256282257614864,1.4973722637257842e-05,0.006177424892225287,1,-1.0,-1.0,0,0,0,0,1,30.1,50.0,cotonou/COTO,329.2530191203894,61.3,60.2,0.3596040046520007
6.368285144660428,2.396733827457646,COTO,cotonou,6.352268,2.402957,1900.4153873564444,21238.37353,9.0,100.0,109.0,570.0,10,12.897931098937988,338.88674914927856,2.8949231909831497,2.8979310989379883,-0.00042138559122880304,0.5543211540927955,-0.0006049972833138285,0.59681697171801,-0.0073597058309847274,0.2513627371958717,1,-1.0,-1.0,0,0,1,9,1,32.0,63.0,cotonou/COTO,322.2748851523748,73.4,68.2,0.05028932085524673
6.3599381196934255,2.395440376720803,COTO,cotonou,6.352268,2.402957,1187.898043437638,21238.37353,9.0,100.0,109.0,570.0,10,14.013197898864746,315.756092838867,4.571762592290581,4.013197898864746,0.00023603507179761175,0.42275625673768874,-0.0005097165232952467,0.4443413931140819,-0.00975302979584419,0.1896916891743507,1,-1.0,-1.0,0,0,4,7,1,32.6,66.0,cotonou/COTO,204.60464730791253,56.5,68.1,0.2761520072965922
6.3626809826963715,2.376919269145582,COTO,cotonou,6.352268,2.402957,3102.431011194663,21238.37353,9.0,100.0,109.0,570.0,10,12.553618669509888,291.92097722226396,1.780600911990122,2.5536186695098877,-0.0003696707578805777,1.0303297493254429,-0.0004293515247368962,1.0530108179129785,-0.0018588662147521972,0.09825386171734872,1,-1.0,-1.0,0,0,3,0,1,31.7,62.0,cotonou/COTO,398.79289324162653,65.7,60.5,0.11985609031239486
6.353868794120058,2.415219042538662,COTO,cotonou,6.352268,2.402957,1368.1784767215813,21238.37353,9.0,100.0,109.0,570.0,10,15.412944793701172,82.51605461124257,3.9130886428281983,5.412944793701172,0.0012513814523351248,0.5294331004904079,0.00120976318915685,0.5397083410997162,0.0002452651659647624,0.02484794163009383,1,-1.0,-1.0,0,0,1,6,1,32.0,67.0,cotonou/COTO,331.6003083532061,69.85,58.1,0.1950355301817731
6.354765302369954,2.37504619714033,COTO,cotonou,6.352268,2.402957,3100.384413864549,21238.37353,9.0,100.0,109.0,570.0,10,14.496220588684082,275.1458630592287,1.745909854653745,4.496220588684082,0.00025295806236756154,0.4204128578385766,0.0002898386322652272,0.41850783455695034,0.002206600253299608,0.07293349593182116,1,-1.0,-1.0,0,0,3,2,1,29.6,72.0,cotonou/COTO,267.64813860748006,56.3,78.1,0.15519048087033294
6.355144870467939,2.3750373455459184,COTO,cotonou,6.352268,2.402957,3105.3780620707657,21238.37353,9.0,100.0,109.0,570.0,10,14.489458084106445,275.92070124675877,1.7432287085649802,4.489458084106445,0.0002507905929516524,0.4397304238642344,0.00028624152237514283,0.4356648000695917,0.0015293002128601073,0.07198530754206796,1,-1.0,-1.0,0,0,3,9,1,29.6,72.0,cotonou/COTO,182.1212014017086,56.3,61.8,0.05719410745782871
6.360901469286702,2.4087079113509855,COTO,cotonou,6.352268,2.402957,1147.3499511811117,21238.37353,9.0,100.0,109.0,570.0,10,14.628901481628418,33.50515745997785,4.702071460262478,4.628901481628418,0.0007879573055821609,0.46990229388476706,0.0008288525537523617,0.46421966503617257,0.0013872901543948255,0.041831261438048925,1,-1.0,-1.0,0,0,3,4,1,32.0,67.0,cotonou/COTO,264.2872471383624,62.5,70.5,0.043814870821601515
6.357186062077455,2.3742060814749943,COTO,cotonou,6.352268,2.402957,3227.163320682124,21238.37353,9.0,100.0,109.0,570.0,10,13.842909097671509,279.76737691044013,1.6889509105909106,3.842909097671509,4.194989616488231e-05,0.564873759670284,-3.506573763760655e-05,0.5757297109934346,-0.003219075997670492,0.15802652081546542,1,-1.0,-1.0,0,0,3,11,1,32.4,63.0,cotonou/COTO,248.80347304650218,53.0,61.8,0.14064015432790877
6.362512531756699,2.3628573905208063,COTO,cotonou,6.352268,2.402957,4578.965850380597,21238.37353,9.0,100.0,109.0,570.0,10,11.672239899635315,284.41842473881576,1.2176614745042564,1.672239899635315,-0.00044330098790021247,1.1925690634676254,-0.0004414430925099383,1.2073414709163524,-0.0005486962365977719,0.02105256840364559,1,-1.0,-1.0,0,0,3,7,1,29.0,75.0,cotonou/COTO,358.1586621876183,61.2,60.2,0.7572859050572809
6.388738375685086,2.3762152420047227,COTO,cotonou,6.352268,2.402957,5001.99956864259,21238.37353,9.0,100.0,109.0,570.0,10,12.566471576690674,323.9199721632824,1.1044682671256492,2.566471576690674,-0.00025334353872311864,0.9732838322313828,-0.00036493610320619446,0.9765967719591006,-0.010870362637123326,0.278802950440462,0,4159.979601175701,4470.725065359909,9,16,3,6,1,31.0,59.0,cotonou/COTO,339.277088085809,66.1,64.0,0.7177767261735714
6.361273263126805,2.4069399937031495,COTO,cotonou,6.352268,2.402957,1089.0175403864191,21238.37353,9.0,100.0,109.0,570.0,10,14.864728450775146,23.7289587070307,4.940398094156121,4.8647284507751465,0.0010430063213314022,0.45291791336313814,0.0010300243703470129,0.4489274507373792,0.0003590617809669501,0.014905662663031729,1,-1.0,-1.0,0,0,4,11,1,32.0,67.0,cotonou/COTO,264.2872471383624,62.5,70.5,0.8025778098071679
6.377743954475186,2.361537209104963,COTO,cotonou,6.352268,2.402957,5379.36385142274,21238.37353,9.0,100.0,109.0,570.0,10,12.6302490234375,301.7549178814988,1.026327569020472,2.6302490234375,-0.0001993967427147759,1.2003963790723968,-0.00022974961457339417,1.1979455228382396,-0.0024778729539494944,0.07830194642093329,1,-1.0,-1.0,0,0,1,15,1,29.5,80.0,cotonou/COTO,203.75681976320604,78.1,76.1,0.7422475137858499
6.384928773705381,2.3740062641275963,COTO,cotonou,6.352268,2.402957,4827.535646063448,21238.37353,9.0,100.0,109.0,570.0,10,13.01436185836792,318.6235926132794,1.1390588938523634,3.01436185836792,-0.00014732723769046428,1.0676557447454966,-0.00013904682412988669,1.0611576135008192,-0.0011816203371856477,0.0790449676235681,0,4692.093764209965,4643.721663548006,1,1,4,7,1,31.8,57.0,cotonou/COTO,348.5682791075882,62.5,70.2,0.5306573654765587
6.371136241136857,2.4003430305506046,COTO,cotonou,6.352268,2.402957,2106.5461836575846,21238.37353,9.0,100.0,109.0,570.0,10,12.17636227607727,352.1606673377026,2.631646125000731,2.1763622760772705,-0.0007186052385070514,0.7936290988217338,-0.000742868803165577,0.8218167462807391,-0.0017115857866075305,0.0636458644064873,1,-1.0,-1.0,0,0,0,2,1,31.7,72.0,cotonou/COTO,382.05451823009946,87.4,69.0,0.37389315477591845
6.385563591690916,2.37522673321977,COTO,cotonou,6.352268,2.402957,4792.742370587612,21238.37353,9.0,100.0,109.0,570.0,10,13.308149576187134,320.38661065499616,1.143815036482069,3.308149576187134,-7.85322886658335e-05,1.0196641533150095,-7.551594526188845e-05,1.0138427051390468,0.0009299013349745008,0.03428849342541675,0,4514.2062408340225,4494.996852575155,1,2,2,8,1,31.0,59.0,cotonou/COTO,285.70158014965295,66.1,70.2,0.7276701287849304
6.36985705761839,2.390381903271058,COTO,cotonou,6.352268,2.402957,2391.4958336214704,21238.37353,9.0,100.0,109.0,570.0,10,11.931247353553772,324.60549119380175,2.3243104025293193,1.931247353553772,-0.0007511410334575723,0.7251463705136937,-0.0007759887206864749,0.7759531754367363,-0.002144466993597362,0.04182238606896052,1,-1.0,-1.0,0,0,0,5,1,33.0,67.0,cotonou/COTO,203.52690731203887,86.3,61.2,0.006687230931630372
6.384170379727115,2.3825356572399796,COTO,cotonou,6.352268,2.402957,4189.46515884605,21238.37353,9.0,100.0,109.0,570.0,10,14.6817045211792,327.5378397137142,1.2896938706570242,4.681704521179199,0.0002449911174510648,0.9892206702798718,0.00022606015765051324,0.9946353430279918,0.0005132595698038736,0.03449617707123382,1,-1.0,-1.0,0,0,6,7,1,33.0,41.0,cotonou/COTO,266.4578062283396,75.6,64.8,0.15404088569989838
6.382104891893053,2.3750791607055484,COTO,cotonou,6.352268,2.402957,4516.686827963552,21238.37353,9.0,100.0,109.0,570.0,10,12.519683361053467,317.12244318300543,1.2237010488885014,2.519683361053467,-0.00026209891237170493,1.1353378317556404,-0.00014949894133561576,1.1285787783313757,0.004817114283509255,0.07318937438005568,1,-1.0,-1.0,0,0,1,1,1,32.1,54.0,cotonou/COTO,217.8231826505345,70.5,64.4,0.2114553023479775
6.35002256098068,2.413056176715109,COTO,cotonou,6.352268,2.402957,1144.6407772155385,21238.37353,9.0,100.0,109.0,570.0,10,14.499939441680908,102.60955503968961,4.719562043585004,4.499939441680908,-0.0009885101092249851,0.27409290916752654,0.0006708464743663725,0.27668190930553,0.00012167787812796689,0.13593260171047988,1,-1.0,-1.0,0,0,0,2,1,29.8,77.0,cotonou/COTO,285.3045504368927,58.1,75.1,0.9585688869669752
6.359608766041801,2.4042223387025854,COTO,cotonou,6.352268,2.402957,823.7827419062031,21238.37353,9.0,100.0,109.0,570.0,10,14.658854961395264,9.721018448981454,6.533158012642866,4.658854961395264,0.0011331708658309208,0.4062825243994843,0.0012318645583258734,0.40479220860391785,0.0018399238586425783,0.0871544372950245,1,-1.0,-1.0,0,0,4,9,1,31.6,70.0,cotonou/COTO,273.96095269222405,64.4,66.4,0.9883064870726336
6.366916408303568,2.4104417072977573,COTO,cotonou,6.352268,2.402957,1819.325574119274,21238.37353,9.0,100.0,109.0,570.0,10,14.452900886535645,26.921626686200284,2.9748831206496114,4.4529008865356445,0.00042062357613833963,0.42013405958325384,0.0003257737588630152,0.42074098499474466,-0.0012488881746927898,0.05705773122211443,1,-1.0,-1.0,0,0,3,2,1,32.0,63.0,cotonou/COTO,382.5959232662903,56.6,65.5,0.2541420693170535
6.370787391415496,2.3529030364017047,COTO,cotonou,6.352268,2.402957,5904.466618565862,21238.37353,9.0,100.0,109.0,570.0,10,13.016443490982056,290.4221050542376,0.9313234697041197,3.0164434909820557,-0.00011330455209585499,1.3520124083587117,-9.910782844740432e-05,1.3453493575992996,0.0017898254476893664,0.04358145275021245,0,5549.4886655458695,5159.0129172238785,1,5,2,0,1,32.0,36.0,cotonou/COTO,399.9159167874965,61.5,51.6,0.5262814694081893
6.348712433157303,2.377793297266094,COTO,cotonou,6.352268,2.402957,2811.764834454041,21238.37353,9.0,100.0,109.0,570.0,10,10.30681025981903,261.9098865213992,2.0102615468317615,0.30681025981903076,-0.0012057380050632125,1.2291265794545891,-0.0011806184632910622,1.3035309657425043,0.0,0.0,1,-1.0,-1.0,0,0,0,0,1,33.0,63.0,cotonou/COTO,255.08273363755146,66.5,64.3,0.0437568931701503
6.348860789448165,2.3819667738637045,COTO,cotonou,6.352268,2.402957,2352.7464888535646,21238.37353,9.0,100.0,109.0,570.0,10,12.482094049453735,260.725178560221,2.349156433851975,2.4820940494537354,-0.0005168343395120484,0.5306430605970104,-0.000553537592475797,0.583356380830091,-0.003214210271835327,0.14356812928877197,1,-1.0,-1.0,0,0,5,0,1,32.0,71.0,cotonou/COTO,210.16260561769036,59.0,65.8,0.5375243507188374
6.368067942901285,2.38953311529281,COTO,cotonou,6.352268,2.402957,2293.2130468097616,21238.37353,9.0,100.0,109.0,570.0,10,12.246715068817139,319.82343788388806,2.4159417066645927,2.2467150688171387,-0.0007541902177463573,0.7083862838653614,-0.0006934640779776914,0.7575718045363672,-0.002580302953720093,0.1565139810747906,1,-1.0,-1.0,0,0,6,6,1,32.0,63.0,cotonou/COTO,374.8202269089207,61.2,62.3,0.8722949023966009
6.369225997833502,2.405452655919753,COTO,cotonou,6.352268,2.402957,1895.5674092269533,21238.37353,9.0,100.0,109.0,570.0,10,14.044882774353027,8.320995443403774,2.8677342598393043,4.044882774353027,0.00017598507304986317,0.45686603109089596,0.00015441344334528995,0.45848266976703106,-0.0007611698574490018,0.028612069494962408,1,-1.0,-1.0,0,0,7,7,1,32.0,75.0,cotonou/COTO,333.13687187099424,68.0,86.2,0.07076589769527242
6.372192846698713,2.4001398371733242,COTO,cotonou,6.352268,2.402957,2225.3826636170697,21238.37353,9.0,100.0,109.0,570.0,10,11.974254608154297,352.0014028625157,2.4964907394767524,1.9742546081542969,-0.0008363298212374383,0.8952498731703354,-0.0007691224733369137,0.9168775986902712,-0.0010225701422366983,0.03332928744818815,1,-1.0,-1.0,0,0,0,3,1,31.7,72.0,cotonou/COTO,382.05451823009946,87.4,69.0,0.06128795896054051
6.359223233370733,2.3956731575281585,COTO,cotonou,6.352268,2.402957,1114.0294580808165,21238.37353,9.0,100.0,109.0,570.0,10,14.35785436630249,313.8548241951589,4.855891503843119,4.35785436630249,0.0005709323966712282,0.4477682934559491,0.0003999355941391843,0.44541089073173007,-0.0030948394912581494,0.08560067942302821,1,-1.0,-1.0,0,0,4,9,1,32.6,66.0,cotonou/COTO,237.15585761266473,56.5,58.3,0.1566413858085045
6.3715262820253376,2.4025574131660266,COTO,cotonou,6.352268,2.402957,2130.1919781120323,21238.37353,9.0,100.0,109.0,570.0,10,12.418175220489502,358.81869008848463,2.59598375332304,2.418175220489502,-0.0006063008115068229,0.6620562134913726,-0.0006620741689118386,0.7204672474322434,-0.0033541237872714053,0.10493035993412789,1,-1.0,-1.0,0,0,0,4,1,32.0,75.0,cotonou/COTO,383.81129230388444,86.5,86.2,0.5068947600763744
6.358528931494196,2.3968818599854784,COTO,cotonou,6.352268,2.402957,964.9787339216322,21238.37353,9.0,100.0,109.0,570.0,10,14.775221347808838,316.0396973497538,5.576933103824018,4.775221347808838,0.0010790201148601496,0.4399867953179298,0.0010282878782234943,0.43516588155940544,-0.001059685813056098,0.03930467462184732,1,-1.0,-1.0,0,0,3,4,1,31.0,71.0,cotonou/COTO,391.6664531205258,58.3,68.1,0.13257325765709327
6.355352091137058,2.373746201376791,COTO,cotonou,6.352268,2.402957,3249.8362846501514,21238.37353,9.0,100.0,109.0,570.0,10,14.64737319946289,276.0655786237378,1.6630035044185625,4.647373199462891,0.0002875785215185323,0.43512682880541614,0.00029413822925452026,0.43338394525144025,0.0010697205861409506,0.0393119201035222,1,-1.0,-1.0,0,0,1,14,1,29.6,72.0,cotonou/COTO,182.1212014017086,61.8,56.3,0.14580331900683197
6.383162742533272,2.373789584825107,COTO,cotonou,6.352268,2.402957,4699.6390796292235,21238.37353,9.0,100.0,109.0,570.0,10,12.705065965652466,316.8258944937809,1.173818093983624,2.705065965652466,-0.00021321466310174757,1.1230090285526702,-0.00016409616870378642,1.1161879822481535,0.002266815972257318,0.04562103903990085,1,-1.0,-1.0,0,0,0,15,1,34.0,32.0,cotonou/COTO,268.94546398849457,53.4,64.4,0.9445041808965209
6.3697125606463425,2.390966459203432,COTO,cotonou,6.352268,2.402957,2341.2739201188774,21238.37353,9.0,100.0,109.0,570.0,10,12.054167032241821,325.6629138085765,2.3711090438933446,2.0541670322418213,-0.0006973942623862737,0.6761374372735659,-0.0007361407791251784,0.7039014650286453,-0.00268921511616931,0.07383434502988442,1,-1.0,-1.0,0,0,4,7,1,32.0,63.0,cotonou/COTO,203.52690731203887,61.2,86.3,0.664910559869632
6.366992287155361,2.3573194308124163,COTO,cotonou,6.352268,2.402957,5305.358731526999,21238.37353,9.0,100.0,109.0,570.0,10,11.689050436019897,287.98766451173555,1.0508020030258323,1.6890504360198975,-0.0003794708918205076,1.413304876994496,-0.00037433081448737704,1.4158398199842446,0.00020608414895388136,0.008458774171135882,1,-1.0,-1.0,0,0,4,0,1,30.0,49.0,cotonou/COTO,350.56675056255096,78.69999999999999,78.8,0.8587039188370793
6.35523762025413,2.4111275916868515,COTO,cotonou,6.352268,2.402957,961.7996508456806,21238.37353,9.0,100.0,109.0,570.0,10,15.84505844116211,69.91215420616805,5.532117370484379,5.845058441162109,0.0021596636434998177,0.6867453090750942,0.0018757997117165165,0.6873487260158174,-0.0027561486595671474,0.08286024543541597,1,-1.0,-1.0,0,0,7,4,1,32.0,71.0,cotonou/COTO,387.43452466200705,58.7,70.9,0.3648894763793046
6.350691805830616,2.412686570440206,COTO,cotonou,6.352268,2.402957,1090.5077902950934,21238.37353,9.0,100.0,109.0,570.0,10,15.01953125,99.25730651153998,4.925606714897432,5.01953125,0.0016645430445680841,0.31420721417132286,0.0012184515977517153,0.36865405447608884,0.004552364349365234,0.2198171854417387,1,-1.0,-1.0,0,0,0,7,1,31.5,68.0,cotonou/COTO,374.95826287725737,70.9,75.1,0.7676806886935248
6.370623522227008,2.353768852711033,COTO,cotonou,6.352268,2.402957,5808.358720507398,21238.37353,9.0,100.0,109.0,570.0,10,12.967595100402832,290.5829554648689,0.9472125407900872,2.967595100402832,-0.00013038200300644604,1.3637546210466631,-0.00012037158012390131,1.3570231900276857,-0.00022820432980855305,0.018901141668344362,0,5552.278776917893,4981.918902559451,2,1,1,5,1,32.0,36.0,cotonou/COTO,399.9159167874965,61.5,51.6,0.7708623477494729
6.365525290273958,2.36291853309333,COTO,cotonou,6.352268,2.402957,4666.129146573954,21238.37353,9.0,100.0,109.0,570.0,10,11.547747254371643,288.42841132075625,1.1964502045159764,1.547747254371643,-0.0004643708429426878,1.3563606373977146,-0.00045273824583126024,1.3659013944589666,8.427500724792481e-05,0.005796228312564295,1,-1.0,-1.0,0,0,0,0,1,33.0,48.0,cotonou/COTO,370.6602309393415,67.2,61.3,0.8625156100612928
11.105187945024243,2.9271847659120858,KAND,kandi,11.123456,2.954658,3618.1864746812967,7079.457844,327.0,100.0,427.0,538.0,10,322.9868469238281,235.87912815230806,1.6466464280782305,312.9868469238281,-0.003031098580330176,3.5609165632305535,-0.002974115800728319,3.621740424543823,-0.019257609049479166,0.8954947322776253,1,-1.0,-1.0,0,0,0,1,0,31.4,32.0,kandi/KAND,277.7596185553782,83.6,80.7,0.9072835513680173
11.10572582528768,2.9307577636946025,KAND,kandi,11.123456,2.954658,3265.528178976333,7079.457844,327.0,100.0,427.0,538.0,10,326.8050231933594,232.91225025446985,1.7574335634924625,316.8050231933594,-0.0020239673987323555,2.9118514078479554,-0.002034037822001689,2.950556186926446,-0.007378133138020833,0.2714360509503373,1,-1.0,-1.0,0,0,0,0,0,31.4,32.0,kandi/KAND,383.69036938137486,86.3,88.1,0.40876562129978
11.124222437556455,2.9231368551998194,KAND,kandi,11.123456,2.954658,3444.4664686143306,7079.457844,327.0,100.0,427.0,538.0,10,303.08978271484375,271.4225736558207,2.0602529913583627,293.08978271484375,-0.008742331650683395,11.146441904730194,-0.008362926182335757,11.119622586669085,0.01256522567709994,0.25840597081808675,1,-1.0,-1.0,0,0,0,0,0,31.5,32.0,kandi/KAND,306.15079813714885,84.4,80.5,0.14853095878043432
11.131466066567233,2.9262213322978936,KAND,kandi,11.123456,2.954658,3230.321771813964,7079.457844,327.0,100.0,427.0,538.0,10,297.9040222167969,286.02034630671005,2.288540034770535,287.9040222167969,-0.010932517346040702,12.945176635843666,-0.010659309156013257,12.937540786475159,0.0027292887369791668,0.10282985801791322,1,-1.0,-1.0,0,0,3,7,0,33.0,34.0,kandi/KAND,377.8714555243443,84.8,82.6,0.11816020544391892
11.102095013495894,2.924849087354848,KAND,kandi,11.123456,2.954658,4023.4159821744615,7079.457844,327.0,100.0,427.0,538.0,10,322.54766845703125,233.8625740948021,1.487127806778025,312.54766845703125,-0.0026611629533179015,3.7374855773548346,-0.00249021941540288,3.7532955811225666,0.013279554578993056,0.49707071925176605,1,-1.0,-1.0,0,0,0,0,0,31.5,29.0,kandi/KAND,226.45360253270923,83.5,82.2,0.9756829707532052
11.133455510878932,2.9221398271665913,KAND,kandi,11.123456,2.954658,3720.508626591828,7079.457844,327.0,100.0,427.0,538.0,10,296.31414794921875,287.4040327619141,2.0117331465935053,286.31414794921875,-0.009948314184563099,13.069719499697138,-0.009853295304413342,13.059311312208749,-0.0014472488140061853,0.12763473560095784,1,-1.0,-1.0,0,0,0,2,0,30.0,38.0,kandi/KAND,207.50766443665174,86.0,84.7,0.47013521820922755
11.100833174025318,2.924262502519878,KAND,kandi,11.123456,2.954658,4157.942751187043,7079.457844,327.0,100.0,427.0,538.0,10,324.2574768066406,232.82251543918693,1.415487331347964,314.2574768066406,-0.0021761352414390615,3.621953405339838,-0.0022198855262471843,3.6808529941956474,-0.005419238725994472,0.410888875597463,1,-1.0,-1.0,0,0,0,0,0,31.5,29.0,kandi/KAND,226.45360253270923,83.5,82.2,0.29360758125325903
11.117527430948874,2.9307957430948877,KAND,kandi,11.123456,2.954658,2688.0067688531813,7079.457844,327.0,100.0,427.0,538.0,10,309.5677185058594,255.7934192363548,2.5015184098795666,299.5677185058594,-0.008880486939675712,7.4824197797680245,-0.009259215286769566,7.593777238483302,-0.02125535776431978,0.3796424510313872,1,-1.0,-1.0,0,0,1,2,0,35.5,22.0,kandi/KAND,234.26260072818872,88.4,87.4,0.3536043100600007
11.11749605611029,2.9176595258897837,KAND,kandi,11.123456,2.954658,4095.235299893072,7079.457844,327.0,100.0,427.0,538.0,10,308.162109375,260.68055860065647,1.6621753905206376,298.162109375,-0.006143250578853797,9.661211882965388,-0.00591601181945069,9.618241940322783,0.0019615173339843747,0.16598510641191652,1,-1.0,-1.0,0,0,0,1,0,35.2,25.0,kandi/KAND,329.7372658647473,86.1,87.2,0.6573275590354466
11.135693842046539,2.933563372855535,KAND,kandi,11.123456,2.954658,2672.565275841697,7079.457844,327.0,100.0,427.0,538.0,10,292.24981689453125,300.5961612003031,2.886397004201947,282.24981689453125,-0.015213170934606482,12.901071401851391,-0.014995253566420558,13.006251331068256,-3.085666232638887e-05,0.06039209347403964,1,-1.0,-1.0,0,0,1,4,0,33.4,16.0,kandi/KAND,315.9212884563857,76.8,87.6,0.8745102019931015
11.11021884020263,2.9353566342762365,KAND,kandi,11.123456,2.954658,2567.105194036478,7079.457844,327.0,100.0,427.0,538.0,10,331.22418212890625,235.05103185559443,2.1366503188813373,321.22418212890625,-0.0008776611778274646,2.980534384868397,-0.0011317628802675187,2.946976609342928,-0.01136474609375,0.5639274887330221,1,-1.0,-1.0,0,0,0,12,0,30.3,45.0,kandi/KAND,367.7244494531442,90.3,82.3,0.8664288170219651
11.106509346627922,2.9321677905090793,KAND,kandi,11.123456,2.954658,3090.3971584192004,7079.457844,327.0,100.0,427.0,538.0,10,328.8851318359375,232.4809028942667,1.8184330183329962,318.8851318359375,-0.0014406937545773213,2.879517015065026,-0.001407935732886905,2.876351207185283,-0.004389784071180555,0.17184589624543092,1,-1.0,-1.0,0,0,0,0,0,31.0,43.0,kandi/KAND,330.0848336780301,86.1,86.8,0.8046625590815661
11.140221594721359,2.9309257501480106,KAND,kandi,11.123456,2.954658,3187.516792647147,7079.457844,327.0,100.0,427.0,538.0,10,291.2879333496094,305.75595381034674,2.4379590249905845,281.2879333496094,-0.014010471166018256,13.897887203258371,-0.012637050718159555,13.914514549317925,0.0035751530959087833,0.1775984001616048,1,-1.0,-1.0,0,0,0,6,0,34.2,16.0,kandi/KAND,284.3355512418123,85.3,79.7,0.23994134843338022
11.109098336641704,2.93253023342629,KAND,kandi,11.123456,2.954658,2892.3755053261575,7079.457844,327.0,100.0,427.0,538.0,10,324.7519836425781,236.52708803004265,2.0246130706453718,314.7519836425781,-0.003006708294580234,3.1657325021337552,-0.0030496719308975165,3.2176381184108833,-0.0025255839029947914,0.2427313417503619,1,-1.0,-1.0,0,0,0,0,0,30.3,45.0,kandi/KAND,352.26948019734937,82.3,86.1,0.8193657553454974
11.123402465516117,2.9236484616865255,KAND,kandi,11.123456,2.954658,3387.54410677918,7079.457844,327.0,100.0,427.0,538.0,10,302.3990783691406,269.90218280703033,2.106508363740736,292.3990783691406,-0.009122802374285581,11.013450606773965,-0.008849814594655796,11.003884804708369,0.004382663302951389,0.16300492216016385,1,-1.0,-1.0,0,0,0,0,0,31.5,32.0,kandi/KAND,306.15079813714885,80.5,84.4,0.50105363936627
11.11233820737991,2.922911169329744,KAND,kandi,11.123456,2.954658,3679.736074449742,7079.457844,327.0,100.0,427.0,538.0,10,310.38983154296875,250.3615901272952,1.8150854216578518,300.38983154296875,-0.006194355417883942,7.827460843759227,-0.005903547709928813,7.846234997433617,0.007660435334255841,0.2581262742489081,1,-1.0,-1.0,0,0,0,0,0,36.4,21.0,kandi/KAND,246.3349853351433,85.9,85.3,0.729398781353241
11.120621917855862,2.9281021148459248,KAND,kandi,11.123456,2.954658,2917.916799285351,7079.457844,327.0,100.0,427.0,538.0,10,303.32086181640625,263.7952327855493,2.4270923350888887,293.32086181640625,-0.010728689190368103,9.44774997791229,-0.010244625654227379,9.50969239258943,-0.013585002817802089,0.44500056774266933,1,-1.0,-1.0,0,0,1,7,0,31.0,31.0,kandi/KAND,310.39672140233506,87.2,85.1,0.31075670832051105
11.126895304653347,2.9280829390693306,KAND,kandi,11.123456,2.954658,2927.9128536017233,7079.457844,327.0,100.0,427.0,538.0,10,297.04742431640625,277.5163402747315,2.5413497751848513,287.04742431640625,-0.012315581288756422,11.886787998960273,-0.01203992716471354,11.981275305263868,0.001880645751953125,0.10705776129900826,1,-1.0,-1.0,0,0,0,0,0,35.3,21.0,kandi/KAND,192.4369964429442,81.1,87.2,0.7854733254984156
11.112520919540476,2.9380776151039085,KAND,kandi,11.123456,2.954658,2178.057700546887,7079.457844,327.0,100.0,427.0,538.0,10,327.5272521972656,236.09522568930356,2.614903647410982,317.5272521972656,-0.0026475462194991434,3.2578132452274056,-0.002503797743055555,3.2323392773743866,-0.006501515706380208,0.414254014062081,1,-1.0,-1.0,0,0,2,0,0,33.3,38.0,kandi/KAND,251.1567510887154,90.0,90.3,0.5558370527076937
11.140120510877935,2.931590857969094,KAND,kandi,11.123456,2.954658,3122.095527081141,7079.457844,327.0,100.0,427.0,538.0,10,291.2506408691406,306.3659868545072,2.4896642045664974,281.2506408691406,-0.013357059539310514,13.761303916533274,-0.01338526887713738,13.822384347983279,-8.578830295138835e-05,0.21126609103188837,1,-1.0,-1.0,0,0,0,0,0,33.4,16.0,kandi/KAND,278.04558367284955,76.8,85.3,0.9623274303007046
11.13880777769136,2.920546919266553,KAND,kandi,11.123456,2.954658,4094.961737601789,7079.457844,327.0,100.0,427.0,538.0,10,297.51129150390625,294.6433289895515,1.8111732420096107,287.51129150390625,-0.008713889760112531,13.780615186192616,-0.00835225862278927,13.715967211921269,0.011386617024739584,0.5439553270496742,1,-1.0,-1.0,0,0,0,0,0,30.2,29.0,kandi/KAND,387.1975309838644,82.9,85.2,0.8758417835759117
11.137561269478404,2.91941397497589,KAND,kandi,11.123456,2.954658,4154.172228574822,7079.457844,327.0,100.0,427.0,538.0,10,298.4354248046875,292.19344398732295,1.7726412678411019,288.4354248046875,-0.008366895350906773,13.543897208673146,-0.007988715566360076,13.472126714046412,0.013317362467447916,0.6927726743988059,1,-1.0,-1.0,0,0,0,2,0,30.2,23.0,kandi/KAND,222.29118403569404,85.2,79.8,0.8428720381607655
11.136274426748985,2.9072294179650973,KAND,kandi,11.123456,2.954658,5371.591706346911,7079.457844,327.0,100.0,427.0,538.0,10,300.8890686035156,285.40471895882155,1.3449080635740422,290.8890686035156,-0.006038960234169925,11.464217811029124,-0.005928902248431744,11.41467449195483,0.006889851888020833,0.25362021343020635,1,-1.0,-1.0,0,0,0,1,0,28.4,37.0,kandi/KAND,348.3702771476682,81.9,79.6,0.208818362418977
11.13885607246798,2.9323998588475,KAND,kandi,11.123456,2.954658,2968.8137299945065,7079.457844,327.0,100.0,427.0,538.0,10,292.28143310546875,305.1917382791586,2.5981804420668673,282.28143310546875,-0.013819101684147952,13.573266333745364,-0.013638532922112295,13.673364029101712,-0.0029631089203152965,0.20568077514447944,1,-1.0,-1.0,0,0,0,2,0,34.2,16.0,kandi/KAND,278.04558367284955,85.3,76.8,0.6369324796297449
11.137342920082885,2.907106415371707,KAND,kandi,11.123456,2.954658,5416.86774026802,7079.457844,327.0,100.0,427.0,538.0,10,299.50079345703125,286.5795682324196,1.348347084842053,289.50079345703125,-0.006229205333505986,11.704424830448664,-0.006187219393926457,11.660822317177594,-9.587605794270825e-05,0.05628907713932903,1,-1.0,-1.0,0,0,0,0,0,28.4,37.0,kandi/KAND,325.21295177169327,81.9,83.6,0.20303512407230373
11.11047444488117,2.934806220030203,KAND,kandi,11.123456,2.954658,2601.002708104226,7079.457844,327.0,100.0,427.0,538.0,10,329.02923583984375,236.32127026727687,2.1571138238160255,319.02923583984375,-0.0017193699766612034,3.0552356661226545,-0.0019491359982151217,3.0329028306105568,-0.014319864908854167,0.565465552299433,1,-1.0,-1.0,0,0,0,4,0,31.0,43.0,kandi/KAND,237.3936713820402,90.3,82.3,0.773766277348669
11.13057293942534,2.922216167886835,KAND,kandi,11.123456,2.954658,3630.3472425713685,7079.457844,327.0,100.0,427.0,538.0,10,299.4974060058594,282.605955363673,2.0114767287110658,289.4974060058594,-0.009318152355900652,12.380618112711844,-0.009151005938770326,12.351980744711993,0.0015716552734375,0.05804628074426525,1,-1.0,-1.0,0,0,2,5,0,30.7,25.0,kandi/KAND,375.96242378723446,86.6,86.0,0.21966857041893095
11.1007028039613,2.9242018980576856,KAND,kandi,11.123456,2.954658,4171.916763613674,7079.457844,327.0,100.0,427.0,538.0,10,324.2574768066406,232.71890292429487,1.4107480156430785,314.2574768066406,-0.0021590241931733634,3.621346216135743,-0.002370121569942756,3.64571904722011,-0.010728056994774813,0.28805539759302323,1,-1.0,-1.0,0,0,0,0,0,31.5,29.0,kandi/KAND,226.45360253270923,83.5,82.2,0.22313727637840275
11.117256662285918,2.930768666228592,KAND,kandi,11.123456,2.954658,2698.3323673744762,7079.457844,327.0,100.0,427.0,538.0,10,309.8133544921875,255.18856602029885,2.486752102100356,299.8133544921875,-0.008719634698904558,7.339615321420525,-0.008825955986887292,7.45979933839368,-0.012835908728085313,0.3023657341467898,1,-1.0,-1.0,0,0,1,1,0,35.5,22.0,kandi/KAND,234.26260072818872,88.4,87.4,0.4825417686106488
11.120495091285234,2.927758911729073,KAND,kandi,11.123456,2.954658,2956.716616353441,7079.457844,327.0,100.0,427.0,538.0,10,303.2995300292969,263.6018235476025,2.3956925584418176,293.2995300292969,-0.010221933689715587,9.47871828218802,-0.009954622476407798,9.588532054603483,-0.005037943522135417,0.25430598147445904,1,-1.0,-1.0,0,0,3,1,0,31.0,31.0,kandi/KAND,310.39672140233506,85.1,87.2,0.8200870266592112
11.11839663681196,2.9179887704473835,KAND,kandi,11.123456,2.954658,4044.752348266832,7079.457844,327.0,100.0,427.0,538.0,10,307.6435852050781,261.9994602825833,1.6902480793484338,297.6435852050781,-0.0063405531959675404,9.804935883046138,-0.006215948025965633,9.766414984334247,0.001587253146701389,0.06934168952938098,1,-1.0,-1.0,0,0,0,0,0,35.2,25.0,kandi/KAND,329.7372658647473,87.2,86.1,0.6654612229250197
11.136390668062777,2.928285127668162,KAND,kandi,11.123456,2.954658,3216.6810373871376,7079.457844,327.0,100.0,427.0,538.0,10,293.7510681152344,296.56094016193964,2.3720844217877883,283.7510681152344,-0.01221429330331308,13.748760758719705,-0.012095684086510895,13.77413479484749,-0.0011776394314236109,0.04976078686166127,1,-1.0,-1.0,0,0,3,8,0,25.1,38.0,kandi/KAND,371.0522637042291,85.1,83.4,0.11239360986480607
11.104756589825751,2.929164361363656,KAND,kandi,11.123456,2.954658,3469.153796628629,7079.457844,327.0,100.0,427.0,538.0,10,326.1456298828125,233.22387995662143,1.6652195251935353,316.1456298828125,-0.00211017600318846,3.049474690942168,-0.001890676035045904,3.0599895442941576,0.0020751953125000004,0.1990383288621549,1,-1.0,-1.0,0,0,0,0,0,31.4,32.0,kandi/KAND,349.9740403229864,80.7,86.3,0.6014537878853495
11.136387162507399,2.9282864759586924,KAND,kandi,11.123456,2.954658,3216.376671397779,7079.457844,327.0,100.0,427.0,538.0,10,293.7510681152344,296.55590064813816,2.3723086358860956,283.7510681152344,-0.01221429330331308,13.748760758719705,-0.012095684086510895,13.77413479484749,-0.0011776394314236109,0.04976078686166127,1,-1.0,-1.0,0,0,3,8,0,25.1,38.0,kandi/KAND,371.0522637042291,85.1,83.4,0.11127003442287098
11.126754892455054,2.928031611728277,KAND,kandi,11.123456,2.954658,2931.499303242544,7079.457844,327.0,100.0,427.0,538.0,10,297.04742431640625,277.19913046904696,2.5382447103675125,287.04742431640625,-0.012325103212174171,11.862965682191486,-0.012031290690104167,11.958938178795858,0.003029717339409722,0.11840709877482336,1,-1.0,-1.0,0,0,0,0,0,33.0,34.0,kandi/KAND,366.44460781959253,82.6,81.1,0.6254255626789123
11.130227127434226,2.922336121421253,KAND,kandi,11.123456,2.954658,3609.4271556990807,7079.457844,327.0,100.0,427.0,538.0,10,299.99090576171875,282.05504045026413,2.015301449219661,289.99090576171875,-0.00918305031852617,12.305123918051143,-0.009114128451872521,12.290336774104494,6.969649892487959e-06,0.051500288752553906,1,-1.0,-1.0,0,0,3,3,0,30.0,38.0,kandi/KAND,375.96242378723446,86.0,86.6,0.8883976768044651
11.122907610148433,2.9234544931923123,KAND,kandi,11.123456,2.954658,3409.2709836972826,7079.457844,327.0,100.0,427.0,538.0,10,302.367431640625,268.97688988152095,2.093626957548266,292.367431640625,-0.009052031221445541,10.896285756960115,-0.008584094735268055,10.892235550667928,0.011010491772278523,0.2413365738817009,1,-1.0,-1.0,0,0,0,0,0,31.5,32.0,kandi/KAND,280.0326934020449,80.5,81.6,0.45466938222790776
11.126983197649013,2.9280653604701974,KAND,kandi,11.123456,2.954658,2931.094772183597,7079.457844,327.0,100.0,427.0,538.0,10,297.00677490234375,277.7010523530562,2.5393876024267676,287.00677490234375,-0.012332157952615622,11.907849334538046,-0.012039927164713542,12.001224958534102,0.0035725911458333332,0.13713260643842834,1,-1.0,-1.0,0,0,0,2,0,35.7,22.0,kandi/KAND,192.4369964429442,87.2,81.1,0.16282491234479834
11.111698894212141,2.92274762410078,KAND,kandi,11.123456,2.954658,3720.7080492599353,7079.457844,327.0,100.0,427.0,538.0,10,311.179443359375,249.42252031756055,1.7829635689129424,301.179443359375,-0.0059532990050477986,7.644762350361621,-0.005709491709552746,7.657793157199228,0.006126573350694445,0.2788979462105726,1,-1.0,-1.0,0,0,0,0,0,33.2,27.0,kandi/KAND,246.3349853351433,85.3,85.9,0.5679561804000103
11.13241017189851,2.924873833333022,KAND,kandi,11.123456,2.954658,3401.047365148656,7079.457844,327.0,100.0,427.0,538.0,10,297.39617919921875,287.0377259036878,2.1823161653655996,287.39617919921875,-0.010505613806652044,13.024775978608716,-0.010561005132203817,13.028732557329372,-0.005289172971458961,0.22649678495543019,1,-1.0,-1.0,0,0,1,3,0,33.0,34.0,kandi/KAND,276.00636025271393,84.8,82.4,0.5274289986448348
11.109946544978152,2.934777138090522,KAND,kandi,11.123456,2.954658,2636.3092479136067,7079.457844,327.0,100.0,427.0,538.0,10,329.390869140625,235.29875080346994,2.120402915638046,319.390869140625,-0.0015316830119215163,2.9808203541199982,-0.0019683054186600117,2.968416699758804,-0.021787877837578126,0.8622507541739635,1,-1.0,-1.0,0,0,0,8,0,31.0,43.0,kandi/KAND,352.26948019734937,86.1,82.3,0.9374009469320687
11.138230524240756,2.9252506157180367,KAND,kandi,11.123456,2.954658,3604.255534351984,7079.457844,327.0,100.0,427.0,538.0,10,291.5671081542969,297.1171323022546,2.1519240316612884,281.5671081542969,-0.011503655720019802,14.084563334842493,-0.011495736203337681,14.111680777622057,-0.0064672712925031225,0.20670650537099805,1,-1.0,-1.0,0,0,2,0,0,30.2,23.0,kandi/KAND,262.6669063662963,85.4,83.4,0.07972697104522952
11.110744162205929,2.921800686263378,KAND,kandi,11.123456,2.954658,3855.0608011309405,7079.457844,327.0,100.0,427.0,538.0,10,313.47332763671875,248.48491263337036,1.6868008516726642,303.47332763671875,-0.005129728884043928,7.393127016391606,-0.003802989740335747,7.376090622482202,0.045308856837337624,0.4676691381014912,1,-1.0,-1.0,0,0,0,0,0,36.4,21.0,kandi/KAND,285.06577511311707,85.9,82.3,0.27637847049201103
11.139191680237227,2.921620755819141,KAND,kandi,11.123456,2.954658,4006.777763887426,7079.457844,327.0,100.0,427.0,538.0,10,296.7176208496094,295.89668122776266,1.8623447313953612,286.7176208496094,-0.00898802794512683,13.969217600787228,-0.008924605965880673,13.916842840231274,0.009558799178286267,0.5539045927025626,1,-1.0,-1.0,0,0,0,0,0,30.2,23.0,kandi/KAND,224.00284038368383,85.2,84.6,0.5271705460939624
11.13635732877103,2.9333769185570464,KAND,kandi,11.123456,2.954658,2727.813581445887,7079.457844,327.0,100.0,427.0,538.0,10,292.16571044921875,301.71211651712423,2.8297949726767597,282.16571044921875,-0.015077422276861709,12.966719488841024,-0.014717643491683466,13.161777654252758,0.0009290907118055556,0.04552831645774993,1,-1.0,-1.0,0,0,1,8,0,33.4,16.0,kandi/KAND,315.9212884563857,76.8,87.6,0.6323617623978423
11.106909707160657,2.9317209959861805,KAND,kandi,11.123456,2.954658,3103.015083979586,7079.457844,327.0,100.0,427.0,538.0,10,328.0045166015625,233.67998381402197,1.8272873574778028,318.0045166015625,-0.0017438407649307968,2.8902366664232977,-0.002053880991425904,2.916863425694428,-0.010733032226562501,0.6189647375388811,1,-1.0,-1.0,0,0,0,2,0,33.4,23.0,kandi/KAND,217.95597506908584,86.8,88.1,0.5576412922798525
11.130635495500986,2.922194468748096,KAND,kandi,11.123456,2.954658,3634.166792744757,7079.457844,327.0,100.0,427.0,538.0,10,299.4974060058594,282.7049308753462,2.009364377947614,289.4974060058594,-0.00924261541314464,12.370341984224698,-0.009145706052255549,12.355641682273978,0.0017889506205433579,0.05025730616276505,1,-1.0,-1.0,0,0,1,4,0,30.7,25.0,kandi/KAND,375.96242378723446,86.6,86.0,0.23921734405776274
11.133434778478112,2.91073713533174,KAND,kandi,11.123456,2.954658,4923.248100313959,7079.457844,327.0,100.0,427.0,538.0,10,301.6004943847656,283.0414804015848,1.4590589622329722,291.6004943847656,-0.006409067481455177,11.282886164411138,-0.006371552216312503,11.260239595141957,-0.0028281164076598927,0.1589065948754997,1,-1.0,-1.0,0,0,0,0,0,27.9,27.0,kandi/KAND,389.6874709302928,86.9,83.5,0.35735383037026625
11.107943562821472,2.9320632977365615,KAND,kandi,11.123456,2.954658,3006.1821973818323,7079.457844,327.0,100.0,427.0,538.0,10,326.1412658691406,235.0225417778089,1.921577807617165,316.1412658691406,-0.0023709942405373344,2.95618343756018,-0.0024870359698092696,2.9763699211305603,0.0066941000516584385,0.38221667676974114,1,-1.0,-1.0,0,0,0,0,0,33.4,23.0,kandi/KAND,330.0848336780301,86.8,86.1,0.6789099818980585
11.132986527213147,2.911974830058887,KAND,kandi,11.123456,2.954658,4780.404963381083,7079.457844,327.0,100.0,427.0,538.0,10,302.365966796875,282.8242574423882,1.4934690235908106,292.365966796875,-0.006449877421061198,11.359624913829483,-0.006440190017880344,11.334735802144442,-0.0013459159422173665,0.10063980885556235,0,-1.0,4560.065656451694,0,3,0,0,0,30.7,25.0,kandi/KAND,115.49335305553211,83.5,81.6,0.9061088525874562
11.123638704468757,2.924239335335927,KAND,kandi,11.123456,2.954658,3323.0509263190756,7079.457844,327.0,100.0,427.0,538.0,10,301.7134704589844,270.35365603558125,2.1591577030087317,291.7134704589844,-0.00949306545314846,11.068127549435452,-0.0090323569148691,11.057863479397538,0.011024644639756944,0.4066702838395062,1,-1.0,-1.0,0,0,0,2,0,31.0,31.0,kandi/KAND,323.36645280546554,82.0,84.4,0.4456574218794146
11.113852541363368,2.9378675523944096,KAND,kandi,11.123456,2.954658,2119.654384126429,7079.457844,327.0,100.0,427.0,538.0,10,325.7986145019531,239.76367834828858,2.7334703572124788,315.7986145019531,-0.0037717006224333182,3.4581546255834894,-0.003672964714433505,3.4665957046853935,-0.01840057373046875,0.8561082647826431,1,-1.0,-1.0,0,0,0,0,0,33.3,38.0,kandi/KAND,285.99656928073153,89.9,90.0,0.8332306711836359
11.136584103911412,2.9282107292648414,KAND,kandi,11.123456,2.954658,3233.5139577082464,7079.457844,327.0,100.0,427.0,538.0,10,293.7510681152344,296.8375398438036,2.3597498986715277,283.7510681152344,-0.012214293303313077,13.749511372890572,-0.011957780625029245,13.802151906762841,0.0012626026681984684,0.07592937492241897,1,-1.0,-1.0,0,0,4,4,0,25.1,38.0,kandi/KAND,371.0522637042291,85.1,83.4,0.1743922792989886
11.133277012397512,2.9235344377145474,KAND,kandi,11.123456,2.954658,3569.278710744829,7079.457844,327.0,100.0,427.0,538.0,10,296.13824462890625,287.83058661375424,2.0997153950478338,286.13824462890625,-0.010413148822971261,13.132650644394955,-0.010276781823024278,13.13384766922863,0.0004509819878472223,0.059142575788480554,1,-1.0,-1.0,0,0,0,6,0,30.0,38.0,kandi/KAND,138.00206411489975,84.7,82.4,0.6385287525918759
11.13917905889638,2.9216067321070884,KAND,kandi,11.123456,2.954658,4007.551629164885,7079.457844,327.0,100.0,427.0,538.0,10,296.7176208496094,295.86907843458596,1.8619853625180076,286.7176208496094,-0.008999647203467647,13.964516408969066,-0.008851249545228247,13.911998863225927,0.01205291748046875,0.5642855380262372,1,-1.0,-1.0,0,0,0,0,0,30.2,23.0,kandi/KAND,224.00284038368383,84.6,85.2,0.4821785952742953
11.140112884178318,2.928971440499324,KAND,kandi,11.123456,2.954658,3356.829304332207,7079.457844,327.0,100.0,427.0,538.0,10,292.8741760253906,303.4632472145716,2.2880990545602637,282.8741760253906,-0.012039048331124442,13.976426857104846,-0.011894277429225874,14.012079217260734,-0.0025247379486040846,0.05306564804015657,1,-1.0,-1.0,0,0,0,2,0,25.1,38.0,kandi/KAND,298.9384769478677,83.4,79.7,0.9341576871073114
11.11201756212791,2.934108661014978,KAND,kandi,11.123456,2.954658,2576.9056211901166,7079.457844,327.0,100.0,427.0,538.0,10,322.14801025390625,240.43664969030493,2.3300288291377322,312.14801025390625,-0.0043893767400137946,3.6855178245106752,-0.004380079902006876,3.7470551088343713,-0.014553442967548921,0.4053358627408085,1,-1.0,-1.0,0,0,0,0,0,31.0,43.0,kandi/KAND,169.22313139762375,90.3,88.7,0.10684700994831953
11.132859750163565,2.9125717494781456,KAND,kandi,11.123456,2.954658,4713.711264927014,7079.457844,327.0,100.0,427.0,538.0,10,302.6878356933594,282.8327797426018,1.5106805194896145,292.6878356933594,-0.006463616608567379,11.412610418945746,-0.0064958040569313424,11.387292068601642,-0.009196980794270834,0.33933530994615024,0,-1.0,4553.123907204049,0,4,0,0,0,27.9,27.0,kandi/KAND,389.6874709302928,86.9,83.5,0.9049998442225594
11.132971354312597,2.9122156790979044,KAND,kandi,11.123456,2.954658,4754.374173108059,7079.457844,327.0,100.0,427.0,538.0,10,302.34039306640625,282.8747230250695,1.5019502003444771,292.34039306640625,-0.0064958040569313424,11.393754759615451,-0.006461550631631728,11.343622883158933,-0.004764556884765625,0.23374670245654672,0,-1.0,4554.290290071447,0,3,0,0,0,27.9,27.0,kandi/KAND,389.6874709302928,86.9,83.5,0.7987101784789798
11.108797115856754,2.931939933428915,KAND,kandi,11.123456,2.954658,2964.57759064188,7079.457844,327.0,100.0,427.0,538.0,10,323.8318176269531,236.6736831777618,1.9931058464631684,313.8318176269531,-0.0032325394820552113,3.242016997104294,-0.003119964096018977,3.296738825243901,-0.0037675645616319447,0.1534840694845511,1,-1.0,-1.0,0,0,0,0,0,31.0,43.0,kandi/KAND,152.93749306281921,88.1,86.1,0.9183124690385281
11.141073940103189,2.9179709612972253,KAND,kandi,11.123456,2.954658,4456.351534324217,7079.457844,327.0,100.0,427.0,538.0,10,294.5788269042969,296.08212562979384,1.7020520770141037,284.5788269042969,-0.009036822187320244,13.50143150728731,-0.008595818189069399,13.479617730437848,-0.02594884236653646,1.2394292719421554,0,-1.0,4295.601378777452,0,3,0,0,0,26.8,36.0,kandi/KAND,97.98854677976553,85.5,82.9,0.3420014741192309
11.133747333316801,2.918122705961118,KAND,kandi,11.123456,2.954658,4150.288141580145,7079.457844,327.0,100.0,427.0,538.0,10,299.8443908691406,286.0212439621094,1.7548664615462832,289.8443908691406,-0.00802901380067821,12.6200963825989,-0.007831580156588216,12.58961775933168,0.012920492215119426,0.436741041024457,1,-1.0,-1.0,0,0,0,0,0,30.0,38.0,kandi/KAND,367.47538693083294,86.0,87.5,0.9960784070624042
11.114280331067993,2.9357928386742778,KAND,kandi,11.123456,2.954658,2297.2732046728565,7079.457844,327.0,100.0,427.0,538.0,10,321.8495178222656,243.6348435526483,2.6207056039869854,311.8495178222656,-0.004967905019784903,3.953207117604257,-0.005382802068309552,4.016454547702175,-0.010334846464348036,0.14840708345680007,1,-1.0,-1.0,0,0,0,0,0,30.3,45.0,kandi/KAND,389.4186282137673,90.3,89.9,0.9893277223001413
11.140261304321703,2.929796232627147,KAND,kandi,11.123456,2.954658,3291.1327768145316,7079.457844,327.0,100.0,427.0,538.0,10,292.66644287109375,304.56579304356814,2.337333790028166,282.66644287109375,-0.012340939996209478,13.973809153715548,-0.011984616961664567,14.007515728157687,0.002909315288828408,0.06498382910813087,1,-1.0,-1.0,0,0,1,6,0,34.2,16.0,kandi/KAND,284.3355512418123,85.3,79.7,0.6811591300207633
11.10767141710281,2.9320831254729933,KAND,kandi,11.123456,2.954658,3021.699027398394,7079.457844,327.0,100.0,427.0,538.0,10,326.9609680175781,234.5293424160218,1.8961920082525068,316.9609680175781,-0.0021004654786767746,2.950852556917566,-0.0021293403884844364,2.9715576735949245,-0.002391682222514243,0.14988615584646178,1,-1.0,-1.0,0,0,0,0,0,31.0,43.0,kandi/KAND,330.0848336780301,86.1,86.8,0.41284898532168457
11.132053375395254,2.9217026416597713,KAND,kandi,11.123456,2.954658,3723.5432945351185,7079.457844,327.0,100.0,427.0,538.0,10,297.9187927246094,284.89240868476145,1.9854335802075391,287.9187927246094,-0.009441756184895834,12.647107894831256,-0.00924850310314199,12.633817778935397,0.004535010510050309,0.1406742421997819,1,-1.0,-1.0,0,0,1,2,0,30.0,38.0,kandi/KAND,375.96242378723446,86.0,86.6,0.3176951889832139
11.102749073671994,2.9251042591046126,KAND,kandi,11.123456,2.954658,3958.5860840006003,7079.457844,327.0,100.0,427.0,538.0,10,321.5545959472656,234.47439581593224,1.525834778751354,311.5545959472656,-0.002962573947541687,3.725665743199012,-0.0027199091582905594,3.804336727295075,0.013203107075521692,0.27952360448795244,0,-1.0,3506.4029040646597,0,1,0,0,0,31.4,32.0,kandi/KAND,185.52613185200588,83.6,82.2,0.6095681589786693
11.132289705350795,2.9251180518797537,KAND,kandi,11.123456,2.954658,3371.648873911823,7079.457844,327.0,100.0,427.0,538.0,10,297.3659362792969,286.9526429790525,2.201839014560015,287.3659362792969,-0.01060750505565542,13.018331047001825,-0.01042898869168931,13.012214985674497,0.0004954020182291667,0.03608470704383538,1,-1.0,-1.0,0,0,1,2,0,33.0,34.0,kandi/KAND,276.00636025271393,82.4,84.8,0.5820860447326249
11.10948300161834,2.9309002892799456,KAND,kandi,11.123456,2.954658,3020.772049372438,7079.457844,327.0,100.0,427.0,538.0,10,320.7805480957031,239.06415359616415,2.0138626042196544,310.7805480957031,-0.004408322106529824,3.788093340981294,-0.003957310154985841,3.8553212502108374,-0.013405354817708335,0.4932527424613544,1,-1.0,-1.0,0,0,0,0,0,31.0,43.0,kandi/KAND,144.11587076282325,86.1,81.5,0.9560375727690973
11.12316500160882,2.9231029377302513,KAND,kandi,11.123456,2.954658,3447.284650651447,7079.457844,327.0,100.0,427.0,538.0,10,302.68896484375,269.4645663568987,2.0652233594075495,292.68896484375,-0.008880119876585144,10.932047727548953,-0.008554159547007499,10.92128434402056,0.006792372935804721,0.17160423650227735,1,-1.0,-1.0,0,0,0,0,0,31.5,32.0,kandi/KAND,280.0326934020449,80.5,81.6,0.6273763827882864
11.136431077416239,2.9355962580589354,KAND,kandi,11.123456,2.954658,2529.007573208926,7079.457844,327.0,100.0,427.0,538.0,10,293.2840881347656,304.7522264513066,3.0265746223197256,283.2840881347656,-0.015702466777726718,12.350757729991859,-0.01557918928192082,12.473470435353782,-0.005685796415931585,0.18531544645529724,1,-1.0,-1.0,0,0,2,6,0,33.4,16.0,kandi/KAND,305.11071367616483,87.6,83.2,0.8067741912230305
11.13773995873396,2.9287037610664406,KAND,kandi,11.123456,2.954658,3245.7607330757696,7079.457844,327.0,100.0,427.0,538.0,10,293.17034912109375,299.2906764882147,2.3610900093870675,283.17034912109375,-0.012279825473050456,13.822352922983972,-0.012198039362968836,13.8504875666306,-0.0028763385996559755,0.09128564754090496,1,-1.0,-1.0,0,0,3,4,0,34.2,16.0,kandi/KAND,250.43971430260106,83.4,83.4,0.9102828628469078
11.110333513458801,2.9357374662421782,KAND,kandi,11.123456,2.954658,2525.732439340897,7079.457844,327.0,100.0,427.0,538.0,10,331.7012939453125,234.74835840450137,2.1608087440138344,321.7012939453125,-0.0006368958716299018,3.0165682298179948,-0.0008839669562602705,3.00169975167079,-0.01479825825828054,0.42873771741064526,1,-1.0,-1.0,0,0,0,12,0,30.3,45.0,kandi/KAND,112.37245272427367,82.3,85.8,0.8265381453338981
11.119458444568076,2.9263583642910462,KAND,kandi,11.123456,2.954658,3122.9890226310563,7079.457844,327.0,100.0,427.0,538.0,10,303.090576171875,261.81061470568005,2.2721069737409034,293.090576171875,-0.00959834991939484,9.586419351548544,-0.009525198306677477,9.637740187904734,-0.002246432834201389,0.08270437231741234,1,-1.0,-1.0,0,0,0,4,0,31.0,31.0,kandi/KAND,371.3793249965359,87.2,78.9,0.3787547047650004
11.132936415409635,2.912177281745075,KAND,kandi,11.123456,2.954658,4757.611603190121,7079.457844,327.0,100.0,427.0,538.0,10,302.34039306640625,282.817823246138,1.5009286302420768,292.34039306640625,-0.0064958040569313424,11.384235114411737,-0.006461550631631728,11.33330935811318,-0.004764556884765625,0.21016770016133518,0,-1.0,4557.391475600957,0,3,0,0,0,27.9,27.0,kandi/KAND,115.49335305553211,81.6,83.5,0.2943383614604438
11.12970783409193,2.92082632862981,KAND,kandi,11.123456,2.954658,3759.938429370556,7079.457844,327.0,100.0,427.0,538.0,10,300.9717102050781,280.6689850682911,1.9197619399852615,290.9717102050781,-0.0085591714848917,12.0304595681319,-0.008428593599846847,12.00802166430762,-0.0008893740688637215,0.12110462639785814,1,-1.0,-1.0,0,0,0,5,0,30.7,25.0,kandi/KAND,303.403835341593,86.6,74.6,0.6006144743346247
11.110057941253915,2.935063799283361,KAND,kandi,11.123456,2.954658,2603.536193299422,7079.457844,327.0,100.0,427.0,538.0,10,329.97186279296875,235.13108999522188,2.134301477296969,319.97186279296875,-0.0014449254204977483,2.979840346651729,-0.001473598980278558,2.9510054989795576,-0.020370144314236113,0.7485604515206109,1,-1.0,-1.0,0,0,0,10,0,30.3,45.0,kandi/KAND,112.37245272427367,85.8,82.3,0.8924233902235996
11.122563278848682,2.924844570516346,KAND,kandi,11.123456,2.954658,3258.3751588310865,7079.457844,327.0,100.0,427.0,538.0,10,301.28997802734375,268.2549320005656,2.209408958231359,291.28997802734375,-0.00979675852924312,10.749984707229611,-0.00950661965676614,10.78365677261702,0.00521240234375,0.23773857418868427,1,-1.0,-1.0,0,0,0,0,0,31.5,32.0,kandi/KAND,125.68023710985162,80.5,82.0,0.504967952549979
11.124468268242275,2.9229834736608025,KAND,kandi,11.123456,2.954658,3461.9884229012496,7079.457844,327.0,100.0,427.0,538.0,10,303.32891845703125,271.86854036762276,2.045881840630384,293.32891845703125,-0.008472472188831952,11.201968297468104,-0.008388773600260415,11.168913303445633,0.007336934407552083,0.34113413268934284,1,-1.0,-1.0,0,0,0,0,0,31.5,32.0,kandi/KAND,306.15079813714885,80.5,84.4,0.9565248898611985
11.138129352474165,2.9202895524372465,KAND,kandi,11.123456,2.954658,4090.2098834215535,7079.457844,327.0,100.0,427.0,538.0,10,297.5892028808594,293.518509544128,1.8121856992808356,287.5892028808594,-0.008694933220707877,13.658715712848897,-0.008404098206481704,13.626938184798146,0.015077403183265198,0.4895846399309261,1,-1.0,-1.0,0,0,0,0,0,30.2,23.0,kandi/KAND,222.29118403569404,85.2,79.8,0.3216949778295233
11.130908964117992,2.922921761830219,KAND,kandi,11.123456,2.954658,3563.5544195974803,7079.457844,327.0,100.0,427.0,538.0,10,298.9724426269531,283.4630407888139,2.057576290273143,288.9724426269531,-0.00961148579854069,12.527733806410222,-0.009388551336232924,12.50295430090649,0.0042755458665568605,0.10565989004841507,1,-1.0,-1.0,0,0,1,1,0,33.0,34.0,kandi/KAND,371.69589343971694,82.4,86.6,0.6604692424860072
11.13299295516536,2.911948861131949,KAND,kandi,11.123456,2.954658,4783.328722257929,7079.457844,327.0,100.0,427.0,538.0,10,302.365966796875,282.8250783476341,1.492556569566119,292.365966796875,-0.006449877421061198,11.359624913829483,-0.006401514123987267,11.309186920191609,-0.0010531107584635417,0.0918046854632873,0,-1.0,4553.268823792618,0,3,0,0,0,27.9,27.0,kandi/KAND,115.49335305553211,81.6,83.5,0.06817933856333169
11.13885183498216,2.9239311629756286,KAND,kandi,11.123456,2.954658,3763.88440532813,7079.457844,327.0,100.0,427.0,538.0,10,292.00775146484375,297.05462310214983,2.0540408580899054,282.00775146484375,-0.010861711782809706,14.177892791138573,-0.010330804189046226,14.16598161117716,0.019437408447265624,0.950891396803953,1,-1.0,-1.0,0,0,0,0,0,30.2,23.0,kandi/KAND,357.7042813554138,84.6,85.4,0.5822410820467716
11.112870130963925,2.9348185446898185,KAND,kandi,11.123456,2.954658,2463.4332982333913,7079.457844,327.0,100.0,427.0,538.0,10,321.916015625,241.46533790189287,2.442615676812476,311.916015625,-0.004582073410830824,3.789587812997704,-0.004745663285675946,3.8147393666345657,-0.017926654138683416,0.518285871761554,1,-1.0,-1.0,0,0,0,1,0,31.0,43.0,kandi/KAND,302.0118058950443,90.3,89.9,0.36569645987876886
11.107539136777474,2.931406826996302,KAND,kandi,11.123456,2.954658,3090.6068958359565,7079.457844,327.0,100.0,427.0,538.0,10,325.29180908203125,235.1007163038908,1.8848556138996404,315.29180908203125,-0.0026030190467950395,3.004149915048661,-0.002367340572296627,3.028920459564509,0.0013319227430555556,0.23740519876834698,1,-1.0,-1.0,0,0,0,0,0,33.4,23.0,kandi/KAND,217.95597506908584,86.8,88.1,0.9159074752943819
11.138722489010872,2.9059930790438577,KAND,kandi,11.123456,2.954658,5577.87945107464,7079.457844,327.0,100.0,427.0,538.0,10,297.3988342285156,287.7348559763275,1.3310190834882423,287.3988342285156,-0.0064384487794718875,11.878076035681506,-0.006669436010732033,11.848878370088618,-0.018767499011950458,0.475531428560018,1,-1.0,-1.0,0,0,0,0,0,28.4,37.0,kandi/KAND,325.21295177169327,83.6,81.9,0.19189078470537324
11.12363873127384,2.922455898970583,KAND,kandi,11.123456,2.954658,3517.8733257625904,7079.457844,327.0,100.0,427.0,538.0,10,303.6345520019531,270.33445323319296,2.008436206229466,293.6345520019531,-0.008234029938522966,11.008907119612562,-0.008227871956021721,10.993814893078003,0.007705029815652316,0.23816925525615787,1,-1.0,-1.0,0,0,0,0,0,31.5,32.0,kandi/KAND,280.0326934020449,81.6,80.5,0.05475592494605874
11.139929372428385,2.9317131503420284,KAND,kandi,11.123456,2.954658,3098.844494208395,7079.457844,327.0,100.0,427.0,538.0,10,291.65655517578125,306.195959324705,2.5008299279386406,281.65655517578125,-0.013054787797583412,13.706019960078551,-0.013269476035063614,13.760367747156886,0.0020949636642665194,0.09184309976255668,1,-1.0,-1.0,0,0,0,0,0,33.4,16.0,kandi/KAND,278.04558367284955,76.8,85.3,0.8717404873862808
11.120666861623214,2.927019292956549,KAND,kandi,11.123456,2.954658,3035.0391070859196,7079.457844,327.0,100.0,427.0,538.0,10,302.6161193847656,264.1306797771738,2.346818355555111,292.6161193847656,-0.010035705566406249,9.709883112278407,-0.010102936830475284,9.77131496799801,-0.008375337473054167,0.27302039426294117,1,-1.0,-1.0,0,0,4,2,0,31.0,31.0,kandi/KAND,360.5272688756482,82.0,87.2,0.865270738071897
11.106331479194615,2.9320096085508855,KAND,kandi,11.123456,2.954658,3116.0748554491556,7079.457844,327.0,100.0,427.0,538.0,10,328.890380859375,232.3858887200655,1.8033619239498997,318.890380859375,-0.001421123271975452,2.895826422699855,-0.001523217791845777,2.9066259350797483,-0.004484288844870227,0.3404218429151577,1,-1.0,-1.0,0,0,0,0,0,31.0,43.0,kandi/KAND,217.95597506908584,88.1,86.8,0.7714813304430241
11.104643737500215,2.926557599924029,KAND,kandi,11.123456,2.954658,3708.660956499024,7079.457844,327.0,100.0,427.0,538.0,10,321.8243408203125,235.6984950131892,1.6244425431256952,311.8243408203125,-0.003091676773563508,3.6184107965916312,-0.003049319635623347,3.69017442992489,-0.004599507649739583,0.21599691768716406,1,-1.0,-1.0,0,0,0,0,0,31.4,32.0,kandi/KAND,277.7596185553782,83.6,80.7,0.5754496952534662
11.13334401998598,2.921911406800543,KAND,kandi,11.123456,2.954658,3740.716426451563,7079.457844,327.0,100.0,427.0,538.0,10,296.53955078125,287.10849610889363,1.997426132600011,286.53955078125,-0.0097758525232163,13.02174735811288,-0.009587501666051509,13.005531423298962,0.0053649902343749995,0.20150219720790674,1,-1.0,-1.0,0,0,0,4,0,30.0,38.0,kandi/KAND,207.50766443665174,86.0,84.7,0.33417071460913594
11.136740691391843,2.935945220205614,KAND,kandi,11.123456,2.954658,2517.549274607639,7079.457844,327.0,100.0,427.0,538.0,10,294.7682800292969,305.8888534249031,3.0066398116081388,284.7682800292969,-0.015277638038377736,12.05213159710031,-0.01529487831234925,12.229917029995404,-0.005139172753491017,0.6332059991415824,1,-1.0,-1.0,0,0,1,7,0,33.4,16.0,kandi/KAND,384.65784393401856,76.8,83.2,0.9637918629697452
11.139476992780748,2.9320025875573417,KAND,kandi,11.123456,2.954658,3043.925821737565,7079.457844,327.0,100.0,427.0,538.0,10,291.71319580078125,305.7831823616365,2.544827150591237,281.71319580078125,-0.013493483399905273,13.67711631480928,-0.013355392064803686,13.77973818256896,-0.0035588582356770836,0.1998067756909147,1,-1.0,-1.0,0,0,0,3,0,34.2,16.0,kandi/KAND,278.04558367284955,85.3,76.8,0.3426574498825611
11.123007019415777,2.924883472347946,KAND,kandi,11.123456,2.954658,3253.005429313347,7079.457844,327.0,100.0,427.0,538.0,10,301.2922668457031,269.1224170790459,2.213012148595694,291.2922668457031,-0.009796058584790709,10.905377308878549,-0.009495988908830702,10.928335090870062,0.00532684326171875,0.24882817440541494,1,-1.0,-1.0,0,0,0,0,0,31.5,32.0,kandi/KAND,340.76806176995353,81.6,82.0,0.8590698033353453
11.139534405946126,2.922813859314378,KAND,kandi,11.123456,2.954658,3906.9068105836345,7079.457844,327.0,100.0,427.0,538.0,10,294.5063171386719,297.2329957349745,1.9423091023726182,284.5063171386719,-0.009877623735190045,14.159009887321865,-0.00955430620166911,14.137621503416728,0.018796453775864686,0.6281624688086235,1,-1.0,-1.0,0,0,0,0,0,30.2,23.0,kandi/KAND,357.7042813554138,85.4,84.6,0.8240511584080052
11.133164638127457,2.9215438927489363,KAND,kandi,11.123456,2.954658,3773.4333322549896,7079.457844,327.0,100.0,427.0,538.0,10,296.9660339355469,286.63964006545086,1.9736536283775823,286.9660339355469,-0.009597537855747887,12.94928860873957,-0.00964199139182691,12.931477224483384,-0.004965308933225933,0.15325087065069212,1,-1.0,-1.0,0,0,0,5,0,30.0,38.0,kandi/KAND,207.50766443665174,84.7,86.0,0.884587649442521
11.133512107310384,2.9222557808310325,KAND,kandi,11.123456,2.954658,3710.2882782109386,7079.457844,327.0,100.0,427.0,538.0,10,296.2101745605469,287.5552824685344,2.018873696523429,286.2101745605469,-0.009977205338016633,13.087639886837758,-0.009808720987309855,13.077935315843959,0.0004248725043402778,0.037397342570379404,1,-1.0,-1.0,0,0,0,1,0,30.0,38.0,kandi/KAND,207.50766443665174,84.7,86.0,0.46084474343281434
11.128711770181221,2.9275130853742133,KAND,kandi,11.123456,2.954658,3021.7865958618095,7079.457844,327.0,100.0,427.0,538.0,10,297.86395263671875,281.16525627421294,2.4470461450500824,287.86395263671875,-0.011649631519730223,12.327044293923366,-0.011386098522198627,12.363997912639306,0.007050577799479167,0.26066769683755425,1,-1.0,-1.0,0,0,4,6,0,33.0,34.0,kandi/KAND,174.81002316812828,82.6,87.2,0.025657596495884616
11.13897218006932,2.926822044899352,KAND,kandi,11.123456,2.954658,3491.7160275977203,7079.457844,327.0,100.0,427.0,538.0,10,292.2337341308594,299.60369680985644,2.2102907237294414,282.2337341308594,-0.011707021164418628,14.020750572256338,-0.01168044488303134,14.072639908354725,-0.00719146728515625,0.3443219511466433,1,-1.0,-1.0,0,0,1,7,0,34.2,16.0,kandi/KAND,262.6669063662963,83.4,85.4,0.18596032740574497
11.138957427285778,2.92041767643501,KAND,kandi,11.123456,2.954658,4114.682979332583,7079.457844,327.0,100.0,427.0,538.0,10,298.0828857421875,294.77211333536457,1.7945467741566687,288.0828857421875,-0.008512679390285325,13.752631406558336,-0.008290416955112678,13.71896683346574,0.011585898093668107,0.3794453226676105,1,-1.0,-1.0,0,0,0,0,0,30.2,23.0,kandi/KAND,387.1975309838644,85.2,82.9,0.18084366885542913
11.133304216649385,2.9202340265529276,KAND,kandi,11.123456,2.954658,3915.0848593101236,7079.457844,327.0,100.0,427.0,538.0,10,297.7134704589844,286.2583319653117,1.89137193027699,287.7134704589844,-0.00913190899607452,12.829736186473308,-0.00887042741130169,12.797629503585592,0.0023246765136718745,0.12474051692854848,1,-1.0,-1.0,0,0,0,8,0,30.0,38.0,kandi/KAND,367.47538693083294,87.5,86.0,0.6555637509036795
11.11791735431885,2.924909455193617,KAND,kandi,11.123456,2.954658,3307.0617562367433,7079.457844,327.0,100.0,427.0,538.0,10,303.55645751953125,259.2590099414954,2.1377017905126547,293.55645751953125,-0.008939615885416665,9.48675905590457,-0.008825586874497136,9.529217641001047,0.0005827666680791342,0.04879193097009501,1,-1.0,-1.0,0,0,1,2,0,33.2,27.0,kandi/KAND,161.15480094289197,85.9,78.9,0.8987913901538707
11.107851192861265,2.9320700275401177,KAND,kandi,11.123456,2.954658,3011.4238738068907,7079.457844,327.0,100.0,427.0,538.0,10,326.1412658691406,234.8545680623631,1.9182356153166742,316.1412658691406,-0.0023709942405373344,2.9478858659139164,-0.002452102216702063,2.979058377687242,-0.009449005126953125,0.44503720524448165,1,-1.0,-1.0,0,0,0,0,0,31.0,43.0,kandi/KAND,330.0848336780301,86.1,86.8,0.35223426021035265
11.123157888662462,2.92434645707855,KAND,kandi,11.123456,2.954658,3311.45420464093,7079.457844,327.0,100.0,427.0,538.0,10,301.6029052734375,269.4286557927394,2.1686221802603853,291.6029052734375,-0.009526268211570946,10.928852202674536,-0.00918498081443584,10.935945300244434,0.0062901814778645836,0.30453422823839765,1,-1.0,-1.0,0,0,0,0,0,31.5,32.0,kandi/KAND,340.76806176995353,81.6,82.0,0.6773731809030862
11.133462260949804,2.9221536565800847,KAND,kandi,11.123456,2.954658,3719.2883347627285,7079.457844,327.0,100.0,427.0,538.0,10,296.31414794921875,287.4220282982543,2.0123926500229024,286.31414794921875,-0.00994704662750822,13.074455839642127,-0.009861636072266622,13.063829997843664,-0.0017975610638439204,0.12763473560095784,1,-1.0,-1.0,0,0,0,2,0,30.0,38.0,kandi/KAND,207.50766443665174,86.0,84.7,0.47836701195530995
11.11281690992458,2.9331697275662707,KAND,kandi,11.123456,2.954658,2625.937070971261,7079.457844,327.0,100.0,427.0,538.0,10,318.5810852050781,243.22740010489332,2.364268408938553,308.5810852050781,-0.005584959550337359,4.426795100607099,-0.005634426540798612,4.557758040630921,-0.01437657674153646,0.6369700893523141,1,-1.0,-1.0,0,0,0,0,0,28.3,38.0,kandi/KAND,356.0124926179925,87.3,90.3,0.5800486894163227
11.123231138864222,2.924085724837247,KAND,kandi,11.123456,2.954658,3339.8650973618546,7079.457844,327.0,100.0,427.0,538.0,10,301.8729553222656,269.57347458242316,2.1455657379154154,291.8729553222656,-0.009360840207054502,10.958982586790665,-0.00918498081443584,10.959592032426144,0.0065043131510416664,0.2445866357665239,1,-1.0,-1.0,0,0,0,1,0,31.0,31.0,kandi/KAND,340.76806176995353,82.0,81.6,0.4108443620677129
11.111187028579497,2.9226166817296386,KAND,kandi,11.123456,2.954658,3754.2115571641766,7079.457844,327.0,100.0,427.0,538.0,10,312.4164123535156,248.68567416312715,1.7482015641578166,302.4164123535156,-0.005531472503823577,7.460253198876633,-0.005353694075673458,7.456422456737741,0.01006547076176801,0.39870522270783887,1,-1.0,-1.0,0,0,0,0,0,33.2,27.0,kandi/KAND,246.3349853351433,85.3,85.9,0.8060332188388615
11.113236476021807,2.9381986522507924,KAND,kandi,11.123456,2.954658,2123.9079366178103,7079.457844,327.0,100.0,427.0,538.0,10,326.6602478027344,237.67713121906078,2.704812596163296,316.6602478027344,-0.003180971070693504,3.3949986365190195,-0.002923679088858288,3.3982682897578473,-0.00115893042003084,0.3518880518119409,1,-1.0,-1.0,0,0,0,0,0,30.3,45.0,kandi/KAND,251.1567510887154,90.3,90.0,0.7648990542311623
11.108064294348932,2.9315393785591293,KAND,kandi,11.123456,2.954658,3045.867011548265,7079.457844,327.0,100.0,427.0,538.0,10,324.83270263671875,235.84534499542443,1.921147901069889,314.83270263671875,-0.002578695212990145,3.167773344418159,-0.0029475872333233175,3.2315951942188517,-0.005415598551432291,0.24189412698723498,1,-1.0,-1.0,0,0,0,0,0,31.0,43.0,kandi/KAND,152.93749306281921,86.1,88.1,0.6878265830402531
11.137513314629679,2.9193400629154693,KAND,kandi,11.123456,2.954658,4159.670736880822,7079.457844,327.0,100.0,427.0,538.0,10,299.61553955078125,292.0834532738534,1.7540599097577212,289.61553955078125,-0.007895472137064692,13.520458421711549,-0.007948891209090574,13.452584297137182,0.014721171061197916,0.7464465049847118,1,-1.0,-1.0,0,0,0,3,0,30.2,23.0,kandi/KAND,222.29118403569404,85.2,79.8,0.8868673122207048
11.103238381181384,2.9252924543005325,KAND,kandi,11.123456,2.954658,3910.6308735812663,7079.457844,327.0,100.0,427.0,538.0,10,321.0487976074219,234.94786380491078,1.5519419354825166,311.0487976074219,-0.003123776065483306,3.7499202820126976,-0.0030702135664378615,3.793346338364086,0.00024995854548409837,0.0531337349561565,1,-1.0,-1.0,0,0,0,0,0,31.5,29.0,kandi/KAND,185.52613185200588,82.2,83.6,0.7040905008875393
11.11332568457351,2.938213741973068,KAND,kandi,11.123456,2.954658,2117.273226221838,7079.457844,327.0,100.0,427.0,538.0,10,326.6602478027344,237.88002148636116,2.713275780070986,316.6602478027344,-0.0032713663272708055,3.402711237926942,-0.003318570629102455,3.4089242044538794,-0.013268025716145833,0.6058503977284484,0,-1.0,1896.6355353129486,0,3,0,0,0,30.3,45.0,kandi/KAND,251.1567510887154,90.3,90.0,0.8048852807911496
11.130961298219367,2.9220814559301576,KAND,kandi,11.123456,2.954658,3654.2317996641023,7079.457844,327.0,100.0,427.0,538.0,10,299.1836242675781,283.21703434817346,2.003254016551336,289.1836242675781,-0.00932464304525522,12.450340670328812,-0.00910694727291941,12.421608859124524,0.0034070544945046604,0.07931161588449603,1,-1.0,-1.0,0,0,2,3,0,30.0,38.0,kandi/KAND,375.96242378723446,86.0,86.6,0.658969306448053
11.133963099176873,2.9292302707247178,KAND,kandi,11.123456,2.954658,3011.0733659539605,7079.457844,327.0,100.0,427.0,538.0,10,295.1640930175781,292.84002736673455,2.507019550582685,285.1640930175781,-0.012384871191605643,13.317160042398038,-0.012499784386800558,13.349588770388536,0.0049132010744755,0.20611198177337384,1,-1.0,-1.0,0,0,2,10,0,25.1,38.0,kandi/KAND,265.70070718742903,84.2,85.1,0.06865433940460186
11.132192811111892,2.9234923604941745,KAND,kandi,11.123456,2.954658,3539.050769020577,7079.457844,327.0,100.0,427.0,538.0,10,297.4290466308594,285.94797876113387,2.0967640434354715,287.4290466308594,-0.01014784692620337,12.90666056195995,-0.009924029939665058,12.894196059047157,-0.001628013450317596,0.11783837797331813,1,-1.0,-1.0,0,0,2,7,0,33.0,34.0,kandi/KAND,371.69589343971694,82.4,86.6,0.24091140134242384
11.124318736200866,2.923275957048773,KAND,kandi,11.123456,2.954658,3429.5546888327026,7079.457844,327.0,100.0,427.0,538.0,10,303.08978271484375,271.60790830114695,2.0692032468744803,293.08978271484375,-0.008571460793552593,11.181713559332945,-0.008644244847188547,11.168999608568463,0.0044752126969039505,0.16852865700497094,1,-1.0,-1.0,0,0,0,0,0,31.5,32.0,kandi/KAND,323.36645280546554,84.4,82.0,0.14956178519872265
11.138913354277749,2.9238304617477318,KAND,kandi,11.123456,2.954658,3776.773318342895,7079.457844,327.0,100.0,427.0,538.0,10,292.8943176269531,297.0712533507705,2.033604390940332,282.8943176269531,-0.010643016926488613,14.17085217995191,-0.010274236472020025,14.165519035194468,0.022750130904749862,0.7749969252158969,1,-1.0,-1.0,0,0,0,0,0,30.2,23.0,kandi/KAND,357.7042813554138,85.4,84.6,0.4543775462792885
11.120450179080374,2.9170822055813557,KAND,kandi,11.123456,2.954658,4118.313174392456,7079.457844,327.0,100.0,427.0,538.0,10,310.38818359375,265.3429119094349,1.6219213721307595,300.38818359375,-0.005540385223241244,9.995638184178333,-0.005296139065310251,9.959927757227582,0.02047390407986111,0.7592902639338497,1,-1.0,-1.0,0,0,0,1,0,35.2,25.0,kandi/KAND,262.5331864737047,86.1,77.7,0.7089741015025196
11.138784985247625,2.9059426434843725,KAND,kandi,11.123456,2.954658,5585.224985041441,7079.457844,327.0,100.0,427.0,538.0,10,296.8369140625,287.7856072889187,1.3350305095428967,286.8369140625,-0.0074073106420081535,11.8759034797569,-0.006597680856137581,11.862864205283202,-0.01934218597333706,0.620351652627651,1,-1.0,-1.0,0,0,0,0,0,28.4,37.0,kandi/KAND,325.21295177169327,81.9,83.6,0.8355198454497991
11.114877720369094,2.9312211214186825,KAND,kandi,11.123456,2.954658,2730.505143013106,7079.457844,327.0,100.0,427.0,538.0,10,312.9956359863281,249.54581282119653,2.39083134170377,302.9956359863281,-0.00744679209950206,5.9637328930494045,-0.007784797418668535,6.127334412948628,-0.015442692960495422,0.47069326985002446,1,-1.0,-1.0,0,0,2,1,0,28.3,38.0,kandi/KAND,275.9081341679291,87.3,87.4,0.4332106881992879
11.118785309203295,2.925633409638814,KAND,kandi,11.123456,2.954658,3212.541443143252,7079.457844,327.0,100.0,427.0,538.0,10,302.9622497558594,260.68911497734643,2.21111892842484,292.9622497558594,-0.009371336006823883,9.607684927884321,-0.009302017081605822,9.658332361717633,-0.0019011708703934838,0.07133372872044653,1,-1.0,-1.0,0,0,1,0,0,31.0,31.0,kandi/KAND,371.3793249965359,87.2,78.9,0.6744357588389374
11.104547469400766,2.9304120648826726,KAND,kandi,11.123456,2.954658,3374.996632404617,7079.457844,327.0,100.0,427.0,538.0,10,328.78955078125,231.5257353424537,1.6668036685293284,318.78955078125,-0.0013380022527193954,3.000705447774446,-0.0015903461843297102,3.0251455932970486,-0.0047197977701822925,0.36880898266588813,1,-1.0,-1.0,0,0,0,1,0,31.0,43.0,kandi/KAND,383.69036938137486,88.1,86.3,0.9464950310890876
11.1180364848196,2.93084664848196,KAND,kandi,11.123456,2.954658,2669.4049922752406,7079.457844,327.0,100.0,427.0,538.0,10,309.3708801269531,256.94304742417876,2.523144632158942,299.3708801269531,-0.008961655022478041,7.702307760277072,-0.008950705056662088,7.8148160327688405,-0.00024956597222222193,0.2052103029617628,1,-1.0,-1.0,0,0,0,4,0,28.3,38.0,kandi/KAND,234.26260072818872,87.4,88.4,0.8888022950466697
11.137883601905838,2.9199107809190905,KAND,kandi,11.123456,2.954658,4117.6112910357815,7079.457844,327.0,100.0,427.0,538.0,10,298.1762390136719,292.94027740021636,1.7919736623379536,288.1762390136719,-0.008490130290892964,13.590484675680043,-0.008262923548430114,13.559759423677958,0.011580055493918566,0.3411435999339162,1,-1.0,-1.0,0,0,0,0,0,26.8,36.0,kandi/KAND,222.29118403569404,79.8,85.2,0.4528457851729044
11.140546355789635,2.9190454199998617,KAND,kandi,11.123456,2.954658,4325.279619394121,7079.457844,327.0,100.0,427.0,538.0,10,302.6846618652344,296.0666476833041,1.6463175766481823,292.6846618652344,-0.007043842885686063,13.589455940368833,-0.007488686200146262,13.557138361375568,-0.012114800347222223,0.8961764789403096,1,-1.0,-1.0,0,0,0,1,0,30.2,23.0,kandi/KAND,387.1975309838644,85.2,82.9,0.7827105263764532
11.138893712423691,2.9058548987457935,KAND,kandi,11.123456,2.954658,5598.014593514,7079.457844,327.0,100.0,427.0,538.0,10,296.69146728515625,287.8735830414171,1.3334693523449446,286.69146728515625,-0.006612105744266643,11.880745075838808,-0.00653894279789462,11.853205316188388,-0.013380686442057291,0.61327512410014,1,-1.0,-1.0,0,0,0,0,0,28.4,37.0,kandi/KAND,325.21295177169327,83.6,81.9,0.11679279662688424
11.11306816725068,2.932813892866605,KAND,kandi,11.123456,2.954658,2648.5679834439366,7079.457844,327.0,100.0,427.0,538.0,10,317.2632751464844,244.14542094400593,2.3725489199873993,307.2632751464844,-0.006015769015537219,4.668930931929107,-0.005966268426867301,4.730802765219138,-0.0063470615950815224,0.22355677267675528,1,-1.0,-1.0,0,0,0,0,0,31.0,43.0,kandi/KAND,356.0124926179925,90.3,87.3,0.5557660814484124
11.130123506112183,2.9268533818627716,KAND,kandi,11.123456,2.954658,3125.6528780985877,7079.457844,327.0,100.0,427.0,538.0,10,298.4051513671875,283.73614097628024,2.3559203457737445,288.4051513671875,-0.01108578636532738,12.660200476196804,-0.010842705715252043,12.659385873312521,0.0066391929829694996,0.19724558310037038,1,-1.0,-1.0,0,0,2,13,0,33.0,34.0,kandi/KAND,377.8714555243443,84.8,82.6,0.554056457083676
11.12035588990416,2.927382221358765,KAND,kandi,11.123456,2.954658,2999.3395242430497,7079.457844,327.0,100.0,427.0,538.0,10,303.1628723144531,263.39530863551016,2.36429286853038,293.1628723144531,-0.010057177300108305,9.51843325712041,-0.010059755640853285,9.632264694173063,-0.008411154137101905,0.20852675466533946,1,-1.0,-1.0,0,0,3,3,0,31.0,31.0,kandi/KAND,310.39672140233506,85.1,87.2,0.9636975376421159
11.141091612214154,2.91819312497794,KAND,kandi,11.123456,2.954658,4435.398351744636,7079.457844,327.0,100.0,427.0,538.0,10,295.1448059082031,296.24254760351124,1.7027832017480091,285.1448059082031,-0.008742321794105438,13.518733009724098,-0.008610344780815972,13.495450724186904,-0.03245951334635416,1.205640657373058,0,-1.0,4266.515448571994,0,4,0,0,0,30.2,29.0,kandi/KAND,97.98854677976553,82.9,85.5,0.4055397977957933
11.110700885411221,2.9206126272178077,KAND,kandi,11.123456,2.954658,3977.885207643286,7079.457844,327.0,100.0,427.0,538.0,10,315.096923828125,249.10566983626643,1.6113797000667207,305.096923828125,-0.0045685349849232445,7.4938915337981165,-0.004020120604537136,7.452127884721892,0.02106633161510079,0.5853845175273426,1,-1.0,-1.0,0,0,0,0,0,26.1,45.0,kandi/KAND,285.06577511311707,82.3,85.9,0.2607037472686452
11.135335851451064,2.906841041979751,KAND,kandi,11.123456,2.954658,5386.266583159828,7079.457844,327.0,100.0,427.0,538.0,10,301.71417236328125,284.21362099809846,1.332473036344558,291.71417236328125,-0.005853927047164352,11.210318993091324,-0.005827577472169758,11.162892683624584,-0.00047810872395833326,0.09089452808073063,1,-1.0,-1.0,0,0,0,0,0,28.4,37.0,kandi/KAND,348.3702771476682,81.9,79.6,0.5324650168744598
11.123561406625091,2.923549293302294,KAND,kandi,11.123456,2.954658,3398.3913482218763,7079.457844,327.0,100.0,427.0,538.0,10,302.6036071777344,270.20085411492715,2.0963470122256957,292.6036071777344,-0.008982974046852155,11.009722924879087,-0.008849814594655796,11.003884804708369,0.004382663302951389,0.16300492216016385,1,-1.0,-1.0,0,0,0,0,0,31.5,32.0,kandi/KAND,306.15079813714885,84.4,80.5,0.4310228097903184
11.126131354344821,2.928197758246678,KAND,kandi,11.123456,2.954658,2905.661508287788,7079.457844,327.0,100.0,427.0,538.0,10,297.2658386230469,275.8858171779432,2.556487182665688,287.2658386230469,-0.012410872613987782,11.575156113486038,-0.012110054218154743,11.69268032943603,-0.0017473355315717502,0.11789456755381078,1,-1.0,-1.0,0,0,1,4,0,35.3,21.0,kandi/KAND,366.44460781959253,81.1,82.6,0.17910794508512706
11.103890067649981,2.925689041377113,KAND,kandi,11.123456,2.954658,3834.015923390052,7079.457844,327.0,100.0,427.0,538.0,10,321.4702453613281,235.4624359690395,1.5766453351049174,311.4702453613281,-0.00306516986262883,3.760888481916805,-0.0032575989363469314,3.8442687878844573,-0.0066174003059364704,0.18958422261057806,1,-1.0,-1.0,0,0,0,0,0,31.4,32.0,kandi/KAND,277.7596185553782,83.6,80.7,0.11589490852560647
11.106038595489837,2.9322020880520894,KAND,kandi,11.123456,2.954658,3119.311496681941,7079.457844,327.0,100.0,427.0,538.0,10,330.03228759765625,231.67744639582793,1.7805378122540543,320.03228759765625,-0.0010572424491288206,2.9540197131210544,-0.0013256891283022119,2.954138542148663,-0.011138501218240655,0.4839724193319969,1,-1.0,-1.0,0,0,0,0,0,33.4,23.0,kandi/KAND,330.0848336780301,86.8,86.1,0.03661497980246986
11.122197895101749,2.914266940523933,KAND,kandi,11.123456,2.954658,4414.596680926551,7079.457844,327.0,100.0,427.0,538.0,10,316.2631530761719,268.1856868424035,1.4369203300162767,306.2631530761719,-0.0038428435454497464,9.939944134937486,-0.0038404358046700217,9.910460385415242,0.0014651828342013885,0.0838552885715985,1,-1.0,-1.0,0,0,0,0,0,35.3,25.0,kandi/KAND,386.61795560990697,80.3,77.7,0.24241464603046503
11.110241420672878,2.934886033411735,KAND,kandi,11.123456,2.954658,2608.096601714864,7079.457844,327.0,100.0,427.0,538.0,10,329.97186279296875,235.74195567451386,2.130572969503189,319.97186279296875,-0.0012794273586362536,3.015135951761793,-0.0023620997494753888,2.991743369057825,-0.0313640780495407,0.7777901694410118,1,-1.0,-1.0,0,0,0,8,0,30.3,45.0,kandi/KAND,237.3936713820402,82.3,90.3,0.11106289793009616
11.118785909030011,2.9256340556413734,KAND,kandi,11.123456,2.954658,3212.4611172967543,7079.457844,327.0,100.0,427.0,538.0,10,302.9622497558594,260.6900864042017,2.211174161374699,292.9622497558594,-0.009371336006823883,9.607684927884321,-0.009302010627955814,9.658332361717633,-0.00190093638777641,0.07133372872044653,1,-1.0,-1.0,0,0,1,0,0,33.2,27.0,kandi/KAND,371.3793249965359,78.9,87.2,0.32582772070035837
11.110677568493843,2.9199725180139713,KAND,kandi,11.123456,2.954658,4044.2439297794463,7079.457844,327.0,100.0,427.0,538.0,10,316.3317565917969,249.4245005561994,1.5674725374150473,306.3317565917969,-0.004162882441154876,7.552246091717184,-0.004008970237416363,7.5051634308720105,0.010310533311631944,0.3893363791762073,1,-1.0,-1.0,0,0,0,0,0,36.4,21.0,kandi/KAND,285.06577511311707,85.9,82.3,0.9887097260227123
11.10573972359989,2.9319843517049953,KAND,kandi,11.123456,2.954658,3158.4591821178456,7079.457844,327.0,100.0,427.0,538.0,10,329.1075439453125,231.4720369375142,1.7752420789874126,319.1075439453125,-0.0013263630417158013,2.9956184884221813,-0.0012405480098157532,2.994148668319499,-0.007656314346622994,0.37974770596236584,1,-1.0,-1.0,0,0,0,0,0,33.4,23.0,kandi/KAND,268.61311974672043,86.8,86.3,0.1219720513539595
11.133920009949062,2.907430397447402,KAND,kandi,11.123456,2.954658,5287.387595934246,7079.457844,327.0,100.0,427.0,538.0,10,302.3368225097656,282.7291980339089,1.3506388009162698,292.3368225097656,-0.005835886235066502,10.944809595325104,-0.0056146023522811025,10.918213685877033,0.01727721898166848,0.5192964816514308,1,-1.0,-1.0,0,0,0,0,0,27.9,27.0,kandi/KAND,362.3516751720424,86.9,79.6,0.6471173474227624
11.111765803255796,2.937949886373825,KAND,kandi,11.123456,2.954658,2236.902361395688,7079.457844,327.0,100.0,427.0,538.0,10,329.4610595703125,234.5107132195029,2.4967704512163786,319.4610595703125,-0.001717475043402778,3.2128797803691023,-0.0021150134858630956,3.1978007392786654,-0.008887227376302084,0.48170085508731164,1,-1.0,-1.0,0,0,0,2,0,30.3,45.0,kandi/KAND,251.1567510887154,90.3,90.0,0.1056948266708494
11.110502409227788,2.9347966419306473,KAND,kandi,11.123456,2.954658,2600.169232731945,7079.457844,327.0,100.0,427.0,538.0,10,329.02923583984375,236.39100710048467,2.157804625768719,319.02923583984375,-0.0017289169535096639,3.0638401527026304,-0.001571557786891041,3.0442690062611257,-0.0031183779729064415,0.6904570394622566,1,-1.0,-1.0,0,0,0,3,0,31.0,43.0,kandi/KAND,237.3936713820402,90.3,82.3,0.7599450658690952
11.11337816271407,2.9351542484894746,KAND,kandi,11.123456,2.954658,2404.667029975932,7079.457844,327.0,100.0,427.0,538.0,10,322.56658935546875,242.23074269987674,2.4867625847567862,312.56658935546875,-0.00442748521090535,3.8844716826496097,-0.00496626317036945,3.9232233411537307,-0.021032341326903833,0.5918010189836655,1,-1.0,-1.0,0,0,0,1,0,33.3,38.0,kandi/KAND,302.0118058950443,89.9,90.3,0.410501007017014
11.137666655997192,2.9288532212935445,KAND,kandi,11.123456,2.954658,3227.552192688509,7079.457844,327.0,100.0,427.0,538.0,10,293.26934814453125,299.3060679172921,2.372640694159225,283.26934814453125,-0.012378972279215618,13.79483463000182,-0.012176883581912877,13.85248892187521,-0.001575469970703125,0.0885555441116209,1,-1.0,-1.0,0,0,3,5,0,34.2,16.0,kandi/KAND,298.9384769478677,79.7,83.4,0.9752208188879782
11.138505874627716,2.9244974671272503,KAND,kandi,11.123456,2.954658,3691.408172388174,7079.457844,327.0,100.0,427.0,538.0,10,291.2935485839844,296.95893893764867,2.10540437858098,281.2935485839844,-0.01139073979240769,14.115399149728674,-0.010998990760408379,14.153319805372991,0.008729049805032836,0.22615582865451359,1,-1.0,-1.0,0,0,0,0,0,30.2,23.0,kandi/KAND,357.7042813554138,84.6,85.4,0.7881698644546213
11.106963830041108,2.9311209619245906,KAND,kandi,11.123456,2.954658,3152.7172853512225,7079.457844,327.0,100.0,427.0,538.0,10,327.3594665527344,234.47219685450244,1.8102106353090033,317.3594665527344,-0.0018760729135957157,2.9631492804304087,-0.0020352657710280375,2.974311877628839,-0.002632988823784722,0.23252152512571442,1,-1.0,-1.0,0,0,0,4,0,31.0,43.0,kandi/KAND,383.69036938137486,88.1,86.3,0.21799028390036423
11.111110509990215,2.922597107206799,KAND,kandi,11.123456,2.954658,3759.272279746657,7079.457844,327.0,100.0,427.0,538.0,10,312.7945556640625,248.576663204316,1.7400915753340933,302.7945556640625,-0.0051452609008523645,7.419075052516815,-0.00535079468033818,7.419227311783252,0.010188211830961507,0.39870522270783887,1,-1.0,-1.0,0,0,0,0,0,33.2,27.0,kandi/KAND,246.3349853351433,85.3,85.9,0.8416232603649818
11.112445269659409,2.9345377993344113,KAND,kandi,11.123456,2.954658,2512.899657443873,7079.457844,327.0,100.0,427.0,538.0,10,322.4092712402344,240.85289578803958,2.383362373472269,312.4092712402344,-0.004353281641035783,3.6986070735818286,-0.004080879881864018,3.768940520148514,0.002678947726842599,0.3163050217167684,1,-1.0,-1.0,0,0,0,0,0,33.3,38.0,kandi/KAND,302.0118058950443,89.9,90.3,0.8214671103926275
11.113583145026134,2.9318153441849466,KAND,kandi,11.123456,2.954658,2723.9240489945546,7079.457844,327.0,100.0,427.0,538.0,10,315.3494567871094,246.2297208349226,2.3471748238607586,305.3494567871094,-0.006547731294215,5.276881004451167,-0.006917141091174463,5.436109652287383,-0.011135475388908299,0.18484133168417746,1,-1.0,-1.0,0,0,0,0,0,31.0,43.0,kandi/KAND,259.74237178418406,88.7,87.3,0.851041274822599
11.131679023031808,2.921832495135842,KAND,kandi,11.123456,2.954658,3699.433910855846,7079.457844,327.0,100.0,427.0,538.0,10,298.1317443847656,284.325229429013,1.9950681558227619,288.1317443847656,-0.00946065431000084,12.601919415540836,-0.009357332356770835,12.590859156002892,-0.0029310438368055553,0.13593703631617948,1,-1.0,-1.0,0,0,2,2,0,30.0,38.0,kandi/KAND,375.96242378723446,86.0,86.6,0.43468030256025936
11.130476537265878,2.922249607385899,KAND,kandi,11.123456,2.954658,3624.4821358889385,7079.457844,327.0,100.0,427.0,538.0,10,299.77130126953125,282.4530194801587,2.0104046094389014,289.77130126953125,-0.009243547423811983,12.354646339115394,-0.009151005938770324,12.326088182954516,-0.0023681640625000003,0.13143856840241064,1,-1.0,-1.0,0,0,2,2,0,30.7,25.0,kandi/KAND,375.96242378723446,86.6,86.0,0.18954289558656678
11.132884319223171,2.912387750338388,KAND,kandi,11.123456,2.954658,4733.915705356601,7079.457844,327.0,100.0,427.0,538.0,10,302.34039306640625,282.8110687785712,1.5084381556625601,292.34039306640625,-0.006563456385579149,11.40909470779973,-0.006449877421061198,11.356377773166322,-0.003576321072048611,0.1434450207075004,0,-1.0,4553.666409962261,0,3,0,0,0,27.9,27.0,kandi/KAND,115.49335305553211,81.6,83.5,0.502723107315147
11.113984760597733,2.931608853950984,KAND,kandi,11.123456,2.954658,2727.230411562336,7079.457844,327.0,100.0,427.0,538.0,10,314.2488708496094,247.27948058024396,2.3674152954109817,304.2488708496094,-0.007026790827882556,5.409880515718981,-0.0071690145930514365,5.572677064207349,-0.018303702059073706,0.47593712293795215,1,-1.0,-1.0,0,0,0,1,0,28.3,38.0,kandi/KAND,275.9081341679291,87.4,87.3,0.9584383343274865
11.138171427879474,2.9064377950446354,KAND,kandi,11.123456,2.954658,5513.299940621474,7079.457844,327.0,100.0,427.0,538.0,10,298.30926513671875,287.28149917290636,1.3371478725274932,288.30926513671875,-0.006370601620147443,11.801716562683852,-0.006406241249439963,11.767034821437596,-0.012059190538194445,0.4710031825241435,1,-1.0,-1.0,0,0,0,1,0,28.4,37.0,kandi/KAND,325.21295177169327,83.6,81.9,0.4335842633886977
11.137134937570005,2.9072742609084163,KAND,kandi,11.123456,2.954658,5392.789172566315,7079.457844,327.0,100.0,427.0,538.0,10,299.60931396484375,286.3994177784722,1.3532128238075782,289.60931396484375,-0.006238530343659342,11.686631613409702,-0.006221153622581846,11.643193941629548,-0.002108086480034722,0.11242758826198639,1,-1.0,-1.0,0,0,0,0,0,28.4,37.0,kandi/KAND,325.21295177169327,81.9,83.6,0.11181472368681011
11.10996023759756,2.9348134098519445,KAND,kandi,11.123456,2.954658,2632.186440708305,7079.457844,327.0,100.0,427.0,538.0,10,329.390869140625,235.27696661771068,2.1237210749193016,319.390869140625,-0.0015826568763410195,2.98180080061111,-0.0019674884758778184,2.969759750771512,-0.02176336955411233,0.8622507541739635,1,-1.0,-1.0,0,0,0,8,0,31.0,43.0,kandi/KAND,352.26948019734937,86.1,82.3,0.9496174248781872
11.122528208438442,2.924795684489951,KAND,kandi,11.123456,2.954658,3263.8329905517185,7079.457844,327.0,100.0,427.0,538.0,10,301.28997802734375,268.1892860819421,2.205718002890005,291.28997802734375,-0.00979675852924312,10.746513503660154,-0.00950661965676614,10.780772088710417,0.004203965928819445,0.1618795748150709,1,-1.0,-1.0,0,0,0,0,0,31.5,32.0,kandi/KAND,125.68023710985162,80.5,82.0,0.4518309673379258
11.10882763398217,2.9310308110520924,KAND,kandi,11.123456,2.954658,3046.411060669832,7079.457844,327.0,100.0,427.0,538.0,10,323.4591369628906,237.75155070029908,1.9466091700924708,313.4591369628906,-0.0029901551966062556,3.5799972726835803,-0.004457846383194565,3.6265703685534225,-0.032805912294438896,0.3157431707021197,1,-1.0,-1.0,0,0,0,0,0,33.4,23.0,kandi/KAND,209.350490283057,81.5,88.1,0.37428413652344583
11.105447953827978,2.9306762434726092,KAND,kandi,11.123456,2.954658,3291.166124863779,7079.457844,327.0,100.0,427.0,538.0,10,327.29644775390625,232.5769560882527,1.7352044609261155,317.29644775390625,-0.0018269486860795457,2.953188792070217,-0.0016764815216642585,2.9788997019676713,0.004399475014117678,0.4068189079678059,1,-1.0,-1.0,0,0,0,0,0,31.4,32.0,kandi/KAND,383.69036938137486,86.3,88.1,0.3249905944591427
11.138258328085032,2.920488340534727,KAND,kandi,11.123456,2.954658,4075.995917138235,7079.457844,327.0,100.0,427.0,538.0,10,297.5892028808594,293.8250517702328,1.8185009856432612,287.5892028808594,-0.008744718202395533,13.721022774596706,-0.00848201438424668,13.662222819220716,0.009671020507812501,0.3586266548511877,1,-1.0,-1.0,0,0,0,0,0,26.8,36.0,kandi/KAND,222.29118403569404,79.8,85.2,0.7966312706707592
11.101970186515619,2.9247910596775304,KAND,kandi,11.123456,2.954658,4036.6633410502322,7079.457844,327.0,100.0,427.0,538.0,10,323.101318359375,233.756590294267,1.4743964002492447,313.101318359375,-0.0023886799268633347,3.708851284548611,-0.0026283431227189778,3.773057222850208,-0.0015660603841145828,0.24591136713553782,1,-1.0,-1.0,0,0,0,0,0,31.5,29.0,kandi/KAND,226.45360253270923,82.2,83.5,0.0917910726391683
11.119777909712747,2.9303906644621733,KAND,kandi,11.123456,2.954658,2682.0630564386843,7079.457844,327.0,100.0,427.0,538.0,10,307.0159606933594,261.22146792558135,2.5614604942832186,297.0159606933594,-0.009744228786892361,8.655693830022518,-0.009793256676715354,8.775979778049981,-0.008489990234375,0.40392617152538146,1,-1.0,-1.0,0,0,2,4,0,35.5,22.0,kandi/KAND,351.7491748390901,88.4,85.1,0.4993078519029579
11.13656409077342,2.9073492789407256,KAND,kandi,11.123456,2.954658,5367.527935307629,7079.457844,327.0,100.0,427.0,538.0,10,300.5560607910156,285.77354377506447,1.3494786548695497,290.5560607910156,-0.0061022937852799105,11.55556495345114,-0.006097198542529925,11.508824781752386,-0.0037607828776041667,0.2617075497584628,1,-1.0,-1.0,0,0,0,1,0,28.4,37.0,kandi/KAND,348.3702771476682,81.9,79.6,0.10893421606199138
11.134461891130837,2.906479403226553,KAND,kandi,11.123456,2.954658,5401.989582954811,7079.457844,327.0,100.0,427.0,538.0,10,303.1526794433594,283.1106393972125,1.3133468360906926,293.1526794433594,-0.00558765490702629,10.951424346811649,-0.0054369748293698495,10.898176429921993,0.004145304361979167,0.21870220502505883,1,-1.0,-1.0,0,0,0,0,0,28.4,37.0,kandi/KAND,348.3702771476682,81.9,79.6,0.8338306445391065
11.109321312964324,2.9308999976560166,KAND,kandi,11.123456,2.954658,3029.990232203484,7079.457844,327.0,100.0,427.0,538.0,10,321.43841552734375,238.77300668914688,1.9953160146496804,311.43841552734375,-0.0039351995292512265,3.8108166522204914,-0.003685985140583997,3.8583449141135304,-0.0040898626565783235,0.34102698223014827,1,-1.0,-1.0,0,0,0,0,0,31.0,43.0,kandi/KAND,209.350490283057,88.1,81.5,0.8965033979187118
11.1332715770541,2.920389544624584,KAND,kandi,11.123456,2.954658,3897.762769784554,7079.457844,327.0,100.0,427.0,538.0,10,297.9403381347656,286.27692778148895,1.8964400323260386,287.9403381347656,-0.009062435848846691,12.843984986045426,-0.00889045001055544,12.813813690871447,0.005175383454831492,0.12825847623485392,1,-1.0,-1.0,0,0,0,6,0,30.0,38.0,kandi/KAND,367.47538693083294,87.5,86.0,0.7035631557359331
11.12431852897356,2.9227496542351123,KAND,kandi,11.123456,2.954658,3487.026362738382,7079.457844,327.0,100.0,427.0,538.0,10,303.5553283691406,271.5811223933268,2.0274886132403602,293.5553283691406,-0.00808554405123682,11.14739130426251,-0.008316906764356785,11.129933292743468,0.00881939730335539,0.2891036778355743,1,-1.0,-1.0,0,0,0,0,0,31.5,32.0,kandi/KAND,113.91424559135775,81.6,84.4,0.7040347402744042
11.111615232583919,2.9378443893059045,KAND,kandi,11.123456,2.954658,2255.9457105692463,7079.457844,327.0,100.0,427.0,538.0,10,329.192626953125,234.33440118355793,2.4825253473893802,319.192626953125,-0.0018126102915981364,3.1892445790473767,-0.0018691937776559669,3.1814609404280327,-0.005039097541433696,0.3778608339357628,1,-1.0,-1.0,0,0,0,1,0,30.3,45.0,kandi/KAND,389.4186282137673,90.3,89.9,0.03065920284840684
11.138812111109639,2.921199012344043,KAND,kandi,11.123456,2.954658,4030.451765527971,7079.457844,327.0,100.0,427.0,538.0,10,296.7691345214844,295.07119649871163,1.8506818169331014,286.7691345214844,-0.00902623306086034,13.86371806041957,-0.008726356022785656,13.832228296974039,0.012941638403682171,0.4759883898003057,1,-1.0,-1.0,0,0,0,0,0,30.2,23.0,kandi/KAND,224.00284038368383,85.2,84.6,0.2460082293618462
11.10784420534158,2.9312913966652623,KAND,kandi,11.123456,2.954658,3081.9435112120805,7079.457844,327.0,100.0,427.0,538.0,10,324.40509033203125,235.75138711342655,1.906616846324369,314.40509033203125,-0.002886824623280744,3.189144660167635,-0.0029743927611546,3.2349640434196663,-0.004989434574438768,0.08485529349500884,1,-1.0,-1.0,0,0,0,0,0,31.0,43.0,kandi/KAND,209.350490283057,88.1,81.5,0.08629606536669299
11.112022815336054,2.9342758859384186,KAND,kandi,11.123456,2.954658,2560.719694931842,7079.457844,327.0,100.0,427.0,538.0,10,322.14801025390625,240.246632434335,2.344740206641444,312.14801025390625,-0.005082022796341275,3.648623063607137,-0.004215066068517046,3.669282673066532,-0.019139042723105446,0.6309317976831842,1,-1.0,-1.0,0,0,0,0,0,30.3,45.0,kandi/KAND,237.3936713820402,82.3,90.3,0.9915065823685838
11.132656624874311,2.924374205936624,KAND,kandi,11.123456,2.954658,3461.213885468897,7079.457844,327.0,100.0,427.0,538.0,10,296.8908386230469,287.20728498254334,2.1527700228380877,286.8908386230469,-0.010469695343368356,13.057768687055068,-0.010530395779802117,13.060333527298502,-0.006780880833289454,0.24122489314982354,1,-1.0,-1.0,0,0,2,4,0,33.0,34.0,kandi/KAND,276.00636025271393,82.4,84.8,0.2485228415353955
11.123839656603025,2.923375684341703,KAND,kandi,11.123456,2.954658,3417.598584148351,7079.457844,327.0,100.0,427.0,538.0,10,302.7621765136719,270.7191287630839,2.081920872052187,292.7621765136719,-0.008936608743946455,11.08974282215605,-0.008565026856794214,11.06988980048907,0.008410093807255747,0.17786497695845202,1,-1.0,-1.0,0,0,0,0,0,31.5,32.0,kandi/KAND,306.15079813714885,84.4,80.5,0.31211256281010924
11.12414744601395,2.922633763120232,KAND,kandi,11.123456,2.954658,3499.2180117031785,7079.457844,327.0,100.0,427.0,538.0,10,303.5553283691406,271.2636648500431,2.0204304913186837,293.5553283691406,-0.008418927932740178,11.099795742918733,-0.008035121131024212,11.065115107661935,0.012621660430805755,0.34814705782237015,1,-1.0,-1.0,0,0,0,0,0,31.5,32.0,kandi/KAND,113.91424559135775,81.6,84.4,0.5026810762252831
11.110522040164648,2.9316831882389995,KAND,kandi,11.123456,2.954658,2888.999961092711,7079.457844,327.0,100.0,427.0,538.0,10,321.1824035644531,240.15810173629538,2.097678304239033,311.1824035644531,-0.004172843592273412,3.9293122891919805,-0.004426069337465032,3.9743059050554965,-0.01235701285371879,0.3968257364579538,1,-1.0,-1.0,0,0,0,0,0,33.4,23.0,kandi/KAND,333.563772763011,81.5,88.7,0.43622420890019453
11.11025644704657,2.9323491532483534,KAND,kandi,11.123456,2.954658,2841.0115518816347,7079.457844,327.0,100.0,427.0,538.0,10,322.79498291015625,238.91268015572388,2.100601241551083,312.79498291015625,-0.003624653036746181,3.61584916872699,-0.004019196500483248,3.7072745730113366,-0.008583577473958335,0.3901363221066241,1,-1.0,-1.0,0,0,0,0,0,31.0,43.0,kandi/KAND,336.60591917685895,86.1,88.7,0.46370604874601673
11.121176617695594,2.9296031781717713,KAND,kandi,11.123456,2.954658,2748.6339028821913,7079.457844,327.0,100.0,427.0,538.0,10,304.9817810058594,264.70525415461736,2.5418234006909226,294.9817810058594,-0.010269419352213543,9.20700849705339,-0.010335448785876552,9.329643835534412,-0.009841664632161459,0.46575129631481993,1,-1.0,-1.0,0,0,0,3,0,31.0,31.0,kandi/KAND,310.39672140233506,85.1,87.2,0.11697362875664685
11.121374789660976,2.9256820997537027,KAND,kandi,11.123456,2.954658,3173.7520508417024,7079.457844,327.0,100.0,427.0,538.0,10,301.1597595214844,265.8161841282716,2.270605789050247,291.1597595214844,-0.010098129992891409,10.246879517259234,-0.009639855286449535,10.320508729144338,0.012141506345802832,0.3362717815826163,1,-1.0,-1.0,0,0,0,0,0,31.0,31.0,kandi/KAND,386.05135929607223,87.2,80.5,0.5520812680761422
11.111911757809187,2.93334787758035,KAND,kandi,11.123456,2.954658,2655.2317439713906,7079.457844,327.0,100.0,427.0,538.0,10,322.0314025878906,241.09955184458067,2.2638805287841692,312.0314025878906,-0.0038548895164223613,3.919257604746078,-0.004201812185210622,3.965927880287884,0.005996195475260417,0.3868377866472564,1,-1.0,-1.0,0,0,0,0,0,31.0,43.0,kandi/KAND,169.22313139762375,90.3,88.7,0.6106770991060216
11.120067734430505,2.9302985347505683,KAND,kandi,11.123456,2.954658,2687.351841017681,7079.457844,327.0,100.0,427.0,538.0,10,306.3452453613281,261.9340474759276,2.570697563391281,296.3452453613281,-0.01014652413854664,8.754659381014148,-0.009947381503340126,8.871563281567013,-0.01159845987955729,0.5463061396521295,1,-1.0,-1.0,0,0,3,1,0,35.5,22.0,kandi/KAND,351.7491748390901,88.4,85.1,0.5952763014913114
11.139632085729101,2.931903357471903,KAND,kandi,11.123456,2.954658,3062.7361038675967,7079.457844,327.0,100.0,427.0,538.0,10,291.71319580078125,305.9263692884642,2.5292180474726083,281.71319580078125,-0.0134667257660801,13.683637085524696,-0.013355392064803687,13.734891428473617,0.002001614040798611,0.08922881748688648,1,-1.0,-1.0,0,0,0,2,0,34.2,16.0,kandi/KAND,278.04558367284955,85.3,76.8,0.26915368289087527
11.133862925446223,2.908525076737122,KAND,kandi,11.123456,2.954658,5169.36245677683,7079.457844,327.0,100.0,427.0,538.0,10,301.079833984375,282.9522529383512,1.3953882459514657,291.079833984375,-0.006213014341732899,11.086826890471906,-0.006080896055797921,11.063922269017548,0.002082673403477534,0.17561399181485127,1,-1.0,-1.0,0,0,0,0,0,27.9,27.0,kandi/KAND,362.3516751720424,86.9,79.6,0.31132615425701726
11.136930063222964,2.9355164282737145,KAND,kandi,11.123456,2.954658,2567.829981092246,7079.457844,327.0,100.0,427.0,538.0,10,294.8397216796875,305.6578806881203,2.9462817816959763,284.8397216796875,-0.014658200146416438,12.299397573539242,-0.015781712209977997,12.528755687207974,-0.025888515380583628,0.7648125284619991,1,-1.0,-1.0,0,0,3,10,0,33.4,16.0,kandi/KAND,384.65784393401856,76.8,83.2,0.8285262693106071
11.139740577161662,2.9224763766698967,KAND,kandi,11.123456,2.954658,3950.113848926863,7079.457844,327.0,100.0,427.0,538.0,10,295.4350280761719,297.28433404050537,1.9076240182809547,285.4350280761719,-0.009502787537236202,14.13266332655267,-0.009512111434276034,14.09585138482415,0.0007882597985177318,0.22809296565845236,1,-1.0,-1.0,0,0,0,0,0,30.2,23.0,kandi/KAND,357.7042813554138,85.4,84.6,0.9467721200375712
11.125917183749968,2.928278563250007,KAND,kandi,11.123456,2.954658,2894.5571324500893,7079.457844,327.0,100.0,427.0,538.0,10,297.4830017089844,275.43424240348816,2.5619915444741252,287.4830017089844,-0.012445011701223328,11.483378306370627,-0.011864374833000155,11.603384037111956,0.0025364307282982534,0.18046242302376841,1,-1.0,-1.0,0,0,1,4,0,35.3,21.0,kandi/KAND,192.4369964429442,81.1,87.2,0.21010808821592475
11.137992191871732,2.906582441647374,KAND,kandi,11.123456,2.954658,5492.3697823272005,7079.457844,327.0,100.0,427.0,538.0,10,298.66387939453125,287.13174224271836,1.338544303486021,288.66387939453125,-0.0062792570694633135,11.756211146822459,-0.006376783080374831,11.738673954279863,-0.012525456840128556,0.3782957884987459,1,-1.0,-1.0,0,0,0,1,0,28.4,37.0,kandi/KAND,325.21295177169327,83.6,81.9,0.5121965474858761
11.123902527411495,2.9224678559488924,KAND,kandi,11.123456,2.954658,3516.8543421114214,7079.457844,327.0,100.0,427.0,538.0,10,303.7261962890625,270.8130503064561,2.007526445588903,293.7261962890625,-0.008052716993191857,11.037736849702506,-0.008197682930227929,11.020790246000322,0.008617358025437984,0.2710045246153118,1,-1.0,-1.0,0,0,0,0,0,31.5,32.0,kandi/KAND,113.91424559135775,84.4,81.6,0.7855724009788213
11.124207081890058,2.9231464360856902,KAND,kandi,11.123456,2.954658,3443.378842050043,7079.457844,327.0,100.0,427.0,538.0,10,303.08978271484375,271.3945662628234,2.0609031823553816,293.08978271484375,-0.008737695733557005,11.141117831978514,-0.008343863743425802,11.11447541426479,0.01330866079458821,0.25840597081808675,1,-1.0,-1.0,0,0,0,0,0,31.5,32.0,kandi/KAND,306.15079813714885,84.4,80.5,0.1550932093769417
11.120536333966315,2.9169862355818266,KAND,kandi,11.123456,2.954658,4128.005896145633,7079.457844,327.0,100.0,427.0,538.0,10,310.4578552246094,265.48743208514804,1.6171488076529,300.4578552246094,-0.005523556326898399,10.018094679345774,-0.005307813371930803,9.949079094485844,0.0145904541015625,0.7130391999190338,1,-1.0,-1.0,0,0,0,1,0,35.2,25.0,kandi/KAND,262.5331864737047,86.1,77.7,0.7635025103259928
11.121876660840183,2.9148413829681425,KAND,kandi,11.123456,2.954658,4353.158607001131,7079.457844,327.0,100.0,427.0,538.0,10,314.3951110839844,267.688939363574,1.4817623330862362,304.3951110839844,-0.004321978843375428,9.950854292051126,-0.004162424654106435,9.919568332996812,0.013118150499131944,0.4882826988079511,1,-1.0,-1.0,0,0,0,0,0,35.3,25.0,kandi/KAND,386.61795560990697,80.3,77.7,0.43137597636256486
11.111556869087769,2.934750184992035,KAND,kandi,11.123456,2.954658,2542.0972739529566,7079.457844,327.0,100.0,427.0,538.0,10,325.9346618652344,238.65453496003275,2.276690750277146,315.9346618652344,-0.0030800961981040007,3.4051698619414674,-0.0028133465412476053,3.3950354663263163,-0.0116424560546875,0.4610455922196254,1,-1.0,-1.0,0,0,0,0,0,30.3,45.0,kandi/KAND,256.65974849969416,85.8,90.3,0.70540798034654
11.138776640273083,2.9289068636563202,KAND,kandi,11.123456,2.954658,3284.0740946876026,7079.457844,327.0,100.0,427.0,538.0,10,292.8577880859375,301.233301124024,2.3390192431337526,282.8577880859375,-0.012295507605624433,13.747444233530748,-0.012084461393810456,13.804417088992986,-0.004130045572916667,0.18798111899467393,1,-1.0,-1.0,0,0,1,1,0,25.1,38.0,kandi/KAND,298.9384769478677,83.4,79.7,0.43741274092283466
11.133232209156885,2.9216823309555693,KAND,kandi,11.123456,2.954658,3761.0800657257473,7079.457844,327.0,100.0,427.0,538.0,10,296.74700927734375,286.8152978517773,1.9834635426282852,286.74700927734375,-0.009676817232969577,12.977510365767666,-0.0095845424605775,12.969280683114722,0.0025673574501359265,0.09246838761626382,1,-1.0,-1.0,0,0,0,6,0,30.0,38.0,kandi/KAND,207.50766443665174,86.0,84.7,0.19781604498192307
11.141055093709163,2.91773403520091,KAND,kandi,11.123456,2.954658,4478.734854138794,7079.457844,327.0,100.0,427.0,538.0,10,294.5788269042969,295.9126944977851,1.6935507177161178,284.5788269042969,-0.00913293791737375,13.48035453753417,-0.008577841724593903,13.46990450373966,-0.01852911745560142,0.711070045263059,0,-1.0,4317.1772842500195,0,3,0,0,0,26.8,36.0,kandi/KAND,97.98854677976553,85.5,82.9,0.07276727376101322
11.111739027150277,2.9379453571668357,KAND,kandi,11.123456,2.954658,2239.01937978406,7079.457844,327.0,100.0,427.0,538.0,10,329.4610595703125,234.45607327834517,2.494412709471293,319.4610595703125,-0.001717475043402778,3.1994810546636336,-0.0021150134858630956,3.184894853291909,-0.008887227376302084,0.48170085508731164,1,-1.0,-1.0,0,0,0,1,0,33.3,38.0,kandi/KAND,251.1567510887154,90.0,90.3,0.9063071103773439
11.13949251116059,2.9319926587361156,KAND,kandi,11.123456,2.954658,3045.807094976683,7079.457844,327.0,100.0,427.0,538.0,10,291.71319580078125,305.7975892491055,2.5432573771281253,281.71319580078125,-0.013517025002920608,13.679388498201202,-0.013355392064803687,13.78196155363696,-4.959106445312516e-05,0.08115678033739915,1,-1.0,-1.0,0,0,0,2,0,34.2,16.0,kandi/KAND,278.04558367284955,85.3,76.8,0.3353027674931406
11.137421184996839,2.9288007112491288,KAND,kandi,11.123456,2.954658,3219.44787743018,7079.457844,327.0,100.0,427.0,538.0,10,293.3324279785156,298.8326684600913,2.377485805838641,283.3324279785156,-0.012343503222053432,13.787839163947147,-0.012261916227661504,13.817986701264072,-0.0016689724392361111,0.06554373544658001,1,-1.0,-1.0,0,0,2,3,0,25.1,38.0,kandi/KAND,179.61775663907892,85.1,83.4,0.885374997973066
11.108988839644107,2.932240175778836,KAND,kandi,11.123456,2.954658,2925.5185300733483,7079.457844,327.0,100.0,427.0,538.0,10,324.2109680175781,236.66999396022845,2.012277818435855,314.2109680175781,-0.0033008366924345903,3.2107095677202606,-0.003164520263671875,3.27042265674182,-0.0036682128906249997,0.3403088073249891,1,-1.0,-1.0,0,0,0,0,0,31.0,43.0,kandi/KAND,352.26948019734937,86.1,82.3,0.08294163987764713
11.10509820459464,2.9305736361909034,KAND,kandi,11.123456,2.954658,3323.592791399865,7079.457844,327.0,100.0,427.0,538.0,10,327.5140686035156,232.16233631927958,1.714536896163911,317.5140686035156,-0.0017805099553258297,2.923392445121113,-0.001370932429941003,2.9225109701354492,0.0091644287109375,0.5114091394261518,1,-1.0,-1.0,0,0,0,1,0,31.0,43.0,kandi/KAND,383.69036938137486,88.1,86.3,0.7804547486567367
11.116922102397004,2.9254924375368256,KAND,kandi,11.123456,2.954658,3267.081874346753,7079.457844,327.0,100.0,427.0,538.0,10,305.4232482910156,257.1418028303695,2.131144033662564,295.4232482910156,-0.008513494281549091,8.926768570833934,-0.008363356031813063,9.004819779273602,0.004852294921875,0.1828157617395671,1,-1.0,-1.0,0,0,0,0,0,33.2,27.0,kandi/KAND,161.15480094289197,85.9,78.9,0.10433511422422903
11.111689301303336,2.932930937294571,KAND,kandi,11.123456,2.954658,2707.001674683589,7079.457844,327.0,100.0,427.0,538.0,10,321.85443115234375,241.1066269784127,2.2243689178080137,311.85443115234375,-0.004201812185210622,3.965927880287884,-0.00435677759318288,3.9890425982546494,-0.008119225856740258,0.2831159136760947,1,-1.0,-1.0,0,0,1,0,0,30.3,45.0,kandi/KAND,316.71466585051456,82.3,88.7,0.922407038324472
11.131904536789163,2.9233642385729612,KAND,kandi,11.123456,2.954658,3543.9766697166615,7079.457844,327.0,100.0,427.0,538.0,10,297.75146484375,285.38715515346655,2.0886466492472575,287.75146484375,-0.00996468167345063,12.790298890464541,-0.009830391803835131,12.781946426659664,-0.0010868337202455472,0.10468514287664933,1,-1.0,-1.0,0,0,2,7,0,30.7,25.0,kandi/KAND,371.69589343971694,86.6,82.4,0.664881303648057
11.136015458327226,2.9284295745539524,KAND,kandi,11.123456,2.954658,3184.2320669276414,7079.457844,327.0,100.0,427.0,538.0,10,294.0771179199219,296.01618591960215,2.390372575557345,284.0771179199219,-0.012226872429298092,13.681198086720574,-0.01214943928140543,13.708919317142367,-0.0002806116566371518,0.045197566070191056,1,-1.0,-1.0,0,0,2,9,0,25.1,38.0,kandi/KAND,265.70070718742903,84.2,85.1,0.9889947655721525
11.133705197012384,2.923182077458559,KAND,kandi,11.123456,2.954658,3620.511875917265,7079.457844,327.0,100.0,427.0,538.0,10,295.623291015625,288.3619968002072,2.0781673960179776,285.623291015625,-0.010379200956271067,13.228766737698122,-0.010310752421650898,13.231100344373663,-0.003333025936992353,0.0453924861235462,1,-1.0,-1.0,0,0,2,6,0,33.0,34.0,kandi/KAND,138.00206411489975,82.4,84.7,0.8074968879000117
11.114858819660917,2.9312293283051276,KAND,kandi,11.123456,2.954658,2730.392048848672,7079.457844,327.0,100.0,427.0,538.0,10,312.9956359863281,249.49790268300256,2.390930256177363,302.9956359863281,-0.00744679209950206,5.946032477810835,-0.007568980257581255,6.104173747586505,-0.008752360966789746,0.3418124742865128,1,-1.0,-1.0,0,0,2,1,0,28.3,38.0,kandi/KAND,275.9081341679291,87.3,87.4,0.42492090391126414
11.109405602249925,2.931044459347423,KAND,kandi,11.123456,2.954658,3011.6605191525273,7079.457844,327.0,100.0,427.0,538.0,10,322.45245361328125,238.76999251587245,1.9881818257033166,312.45245361328125,-0.0035884240279496706,3.7928620470476955,-0.003588995578605381,3.8536296553183336,-0.0055501302083333336,0.4742086455794218,1,-1.0,-1.0,0,0,0,0,0,31.0,43.0,kandi/KAND,144.11587076282325,86.1,81.5,0.8300054222356553
11.103454088088567,2.9253754184956025,KAND,kandi,11.123456,2.954658,3889.576198784659,7079.457844,327.0,100.0,427.0,538.0,10,321.14483642578125,235.16030500421846,1.5589249533811025,311.14483642578125,-0.0031232158954326923,3.7564442859428584,-0.002996835353279947,3.842767926115437,-0.00010279118623305076,0.16000408643294842,1,-1.0,-1.0,0,0,0,0,0,31.5,29.0,kandi/KAND,185.52613185200588,82.2,83.6,0.8423641593376524
11.110573424903087,2.935519192870143,KAND,kandi,11.123456,2.954658,2530.2421024108035,7079.457844,327.0,100.0,427.0,538.0,10,331.0318603515625,235.55230931192827,2.1720984531923087,321.0318603515625,-0.0008994188495710783,3.0510421238865453,-0.0011228931042575098,3.0324693644091214,-0.007903035481770833,0.3309040760831585,1,-1.0,-1.0,0,0,0,8,0,31.0,43.0,kandi/KAND,382.98217256152554,88.7,85.8,0.8787238439945415
11.109451397314942,2.9308655283423617,KAND,kandi,11.123456,2.954658,3025.8238042530566,7079.457844,327.0,100.0,427.0,538.0,10,321.43841552734375,239.0440132808267,1.998061252729376,311.43841552734375,-0.003985570255577259,3.777588820916093,-0.003957310154985841,3.8564950785082193,-0.013405354817708335,0.4932527424613544,1,-1.0,-1.0,0,0,0,0,0,33.4,23.0,kandi/KAND,209.350490283057,81.5,88.1,0.032144120313752245
11.137634552088508,2.93392126419959,KAND,kandi,11.123456,2.954658,2755.21433295099,7079.457844,327.0,100.0,427.0,538.0,10,292.27008056640625,304.87265896157095,2.799532340251474,282.27008056640625,-0.014869274936937248,13.11100360090249,-0.01460060498393174,13.284189009191621,-0.0005828857421875002,0.04866611485184665,1,-1.0,-1.0,0,0,0,11,0,33.4,16.0,kandi/KAND,384.65784393401856,83.2,76.8,0.6746800632208406
11.136382462152016,2.928514396618825,KAND,kandi,11.123456,2.954658,3193.8627763902123,7079.457844,327.0,100.0,427.0,538.0,10,293.65185546875,296.7468996053921,2.3907887104558134,283.65185546875,-0.0124570225238342,13.715339430284596,-0.012025666530362846,13.767869279175486,0.0020094493522999,0.04853879657809437,1,-1.0,-1.0,0,0,2,6,0,25.1,38.0,kandi/KAND,179.61775663907892,83.4,85.1,0.780472979476552
11.132523811660608,2.923639471849159,KAND,kandi,11.123456,2.954658,3533.8096092158557,7079.457844,327.0,100.0,427.0,538.0,10,296.7977294921875,286.59373384773585,2.110093185807558,286.7977294921875,-0.01031854489428849,12.979487001439,-0.010077133178710939,12.970222554375333,0.0027774386935763887,0.10292670455533544,1,-1.0,-1.0,0,0,0,4,0,33.0,34.0,kandi/KAND,371.69589343971694,82.4,86.6,0.13274128738302804
11.137652095349827,2.928852517619137,KAND,kandi,11.123456,2.954658,3226.835281526002,7079.457844,327.0,100.0,427.0,538.0,10,293.26934814453125,299.2803381724685,2.373167224922234,283.26934814453125,-0.012380582964018184,13.797208794528117,-0.012176883581912877,13.853896579858398,-0.001575469970703125,0.08558253194004428,1,-1.0,-1.0,0,0,3,5,0,34.2,16.0,kandi/KAND,298.9384769478677,79.7,83.4,0.980633698949669
11.1231590669925,2.9249188217606257,KAND,kandi,11.123456,2.954658,3248.929842358352,7079.457844,327.0,100.0,427.0,538.0,10,301.22802734375,269.41986229747295,2.216916660904064,291.22802734375,-0.009815703692421636,10.904684154661457,-0.009608430393421274,10.916146136725429,0.00702722997559494,0.2309171065487269,1,-1.0,-1.0,0,0,0,0,0,31.5,32.0,kandi/KAND,323.36645280546554,84.4,82.0,0.8398410758930578
11.13996200272514,2.928469136987829,KAND,kandi,11.123456,2.954658,3393.82179898813,7079.457844,327.0,100.0,427.0,538.0,10,292.74761962890625,302.7173214596929,2.265318199075784,282.74761962890625,-0.011864841751187865,13.954575863922075,-0.011898562521932223,13.979068213660307,-0.006721575819033839,0.21362989619037612,1,-1.0,-1.0,0,0,0,0,0,34.2,16.0,kandi/KAND,232.1598899465155,79.7,83.4,0.2902630750972166
11.102936159164383,2.9251762150632237,KAND,kandi,11.123456,2.954658,3940.2189828284504,7079.457844,327.0,100.0,427.0,538.0,10,321.20306396484375,234.654058272625,1.538052033033954,311.20306396484375,-0.0030611905184659088,3.7648565331858292,-0.0029814912116703416,3.8065947961816042,0.004227687901538467,0.13329108935709116,1,-1.0,-1.0,0,0,0,0,0,31.4,32.0,kandi/KAND,185.52613185200588,83.6,82.2,0.48964156129334135
11.135945645056413,2.93472682696671,KAND,kandi,11.123456,2.954658,2578.6027258397444,7079.457844,327.0,100.0,427.0,538.0,10,292.7457275390625,302.5662593872045,2.9803986036841117,282.7457275390625,-0.01573122431310792,12.482071566226344,-0.015349000872987689,12.723466576600405,-0.0002241346571180556,0.029331110779118204,1,-1.0,-1.0,0,0,4,6,0,33.4,16.0,kandi/KAND,305.11071367616483,83.2,87.6,0.5554887638708106
11.139433791904588,2.9218897687828767,KAND,kandi,11.123456,2.954658,3992.1122235455614,7079.457844,327.0,100.0,427.0,538.0,10,296.19683837890625,296.4282069302286,1.8766478658246335,286.19683837890625,-0.009235955233597638,13.994774067210402,-0.009075716748649692,13.969483634684785,0.007648044162326388,0.2876969114174667,1,-1.0,-1.0,0,0,0,0,0,30.2,23.0,kandi/KAND,224.00284038368383,85.2,84.6,0.7065125219176261
11.107114503421132,2.932123700565447,KAND,kandi,11.123456,2.954658,3054.136372800434,7079.457844,327.0,100.0,427.0,538.0,10,328.1184997558594,233.53603595017586,1.8543750586516448,318.1184997558594,-0.0017015943340226711,2.8838375548190665,-0.0020719573528168627,2.8788434747496288,-0.013973647540880416,0.3436498878875812,1,-1.0,-1.0,0,0,0,0,0,31.0,43.0,kandi/KAND,330.0848336780301,86.1,86.8,0.6006227431181423
11.138547642966838,2.920771581074094,KAND,kandi,11.123456,2.954658,4060.72990513905,7079.457844,327.0,100.0,427.0,538.0,10,297.3453674316406,294.416482903172,1.8287698423906218,287.3453674316406,-0.008585549119143346,13.793222457496357,-0.008605322314336071,13.764040162039691,0.014853068522055465,0.5117848247059303,1,-1.0,-1.0,0,0,0,0,0,30.2,29.0,kandi/KAND,387.1975309838644,82.9,85.2,0.9743776640761871
11.140206523935728,2.9059720700949905,KAND,kandi,11.123456,2.954658,5631.9073094855585,7079.457844,327.0,100.0,427.0,538.0,10,297.5262145996094,289.3279135468736,1.3169597060265712,287.5262145996094,-0.006347369471340315,12.19868704678922,-0.006411100688733552,12.161992049492644,-0.008267890082465278,0.33007469471723433,1,-1.0,-1.0,0,0,0,0,0,26.0,22.0,kandi/KAND,242.2242803683185,83.3,83.6,0.49686349243860406
11.109342275947682,2.9311624158302014,KAND,kandi,11.123456,2.954658,3004.264686542654,7079.457844,327.0,100.0,427.0,538.0,10,322.45245361328125,238.52800788351288,1.9930723453702661,312.45245361328125,-0.0035884240279496706,3.722488506838229,-0.003645593203701579,3.7492040147164643,-0.008128161004846722,0.24250238515799866,1,-1.0,-1.0,0,0,0,0,0,33.4,23.0,kandi/KAND,144.11587076282325,81.5,86.1,0.27311105300772065
11.139518376045777,2.9289427096230303,KAND,kandi,11.123456,2.954658,3323.8429895996924,7079.457844,327.0,100.0,427.0,538.0,10,292.80316162109375,302.48331599542684,2.312004138717183,282.80316162109375,-0.012188481369199554,13.872543832802636,-0.01196290862947087,13.917902893147742,-0.002542792426215278,0.09537188801843866,1,-1.0,-1.0,0,0,2,0,0,34.2,16.0,kandi/KAND,298.9384769478677,79.7,83.4,0.28684905361488455
11.139407517805116,2.9230215631166248,KAND,kandi,11.123456,2.954658,3880.316586925361,7079.457844,327.0,100.0,427.0,538.0,10,294.5063171386719,297.2008314273645,1.9556086532062178,284.5063171386719,-0.009748746065057731,14.158676137002503,-0.009710579183033004,14.143757776570654,0.010959439910336743,0.39150384291058166,1,-1.0,-1.0,0,0,0,1,0,30.2,23.0,kandi/KAND,357.7042813554138,85.4,84.6,0.7485225030455782
11.133062774655198,2.921477475726149,KAND,kandi,11.123456,2.954658,3777.204394815151,7079.457844,327.0,100.0,427.0,538.0,10,296.9660339355469,286.4434098112091,1.9716847399869406,286.9660339355469,-0.009621129978951285,12.923612595301554,-0.009315235825952,12.902959449820244,0.005977062116152207,0.15118387624228388,1,-1.0,-1.0,0,0,0,5,0,33.0,34.0,kandi/KAND,274.61005170973647,82.4,86.0,0.9483903942716315
11.10545409746631,2.931645628405559,KAND,kandi,11.123456,2.954658,3207.083729235705,7079.457844,327.0,100.0,427.0,538.0,10,329.321044921875,231.43954959889476,1.744532653201797,319.321044921875,-0.0012366358428586696,3.0028924235875825,-0.0011650435421444955,2.9964758397805644,0.004534912109375,0.16854393417517236,1,-1.0,-1.0,0,0,0,0,0,33.4,23.0,kandi/KAND,268.61311974672043,86.8,86.3,0.30506572672480536
11.108183718088487,2.932045800730324,KAND,kandi,11.123456,2.954658,2992.675348684486,7079.457844,327.0,100.0,427.0,538.0,10,324.7787780761719,235.4620292033917,1.9562992164287438,314.7787780761719,-0.0028930027213254195,3.0571809842360205,-0.0027753842422385626,3.107420908359817,-0.0031097412109375006,0.13083886761606583,1,-1.0,-1.0,0,0,0,0,0,31.0,43.0,kandi/KAND,330.0848336780301,86.1,86.8,0.24011722388693046
11.109508761238603,2.930850328242828,KAND,kandi,11.123456,2.954658,3024.007933522692,7079.457844,327.0,100.0,427.0,538.0,10,320.7805480957031,239.1637610674932,2.011709412503687,310.7805480957031,-0.004298965273552738,3.860032017102055,-0.003957310154985841,3.9289174704321868,-0.013405354817708333,0.5826694608042412,1,-1.0,-1.0,0,0,0,0,0,33.4,23.0,kandi/KAND,209.350490283057,81.5,88.1,0.0006794722009928478
11.13818415586769,2.9250240900975313,KAND,kandi,11.123456,2.954658,3624.0198337966035,7079.457844,327.0,100.0,427.0,538.0,10,291.4346008300781,296.8665262112973,2.142291054668831,281.4346008300781,-0.011552171232928914,14.050973036732383,-0.01139073979240769,14.101021579986146,-0.0030395507812499994,0.11374844511215192,1,-1.0,-1.0,0,0,1,0,0,30.2,23.0,kandi/KAND,357.7042813554138,85.4,84.6,0.02033087362488073
11.132996064772524,2.9226544286561884,KAND,kandi,11.123456,2.954658,3651.8672494245907,7079.457844,327.0,100.0,427.0,538.0,10,296.68646240234375,286.90218457059797,2.0436802592601855,286.68646240234375,-0.010023149042881986,13.009339534519068,-0.00981507560929792,13.004808886612734,0.00032624005006087466,0.171528360329407,1,-1.0,-1.0,0,0,1,3,0,30.0,38.0,kandi/KAND,274.61005170973647,86.0,82.4,0.5281087676876306
11.112008685428462,2.9340448333189446,KAND,kandi,11.123456,2.954658,2583.4634436025917,7079.457844,327.0,100.0,427.0,538.0,10,322.14801025390625,240.49380564036844,2.324120815043609,312.14801025390625,-0.004282516537954981,3.734756347707959,-0.004317271975610926,3.7631881132389022,-0.012711077126601073,0.4053358627408085,1,-1.0,-1.0,0,0,0,0,0,31.0,43.0,kandi/KAND,169.22313139762375,90.3,88.7,0.1491170073215239
11.133843195261644,2.9089034320414373,KAND,kandi,11.123456,2.954658,5128.587865196566,7079.457844,327.0,100.0,427.0,538.0,10,300.93145751953125,283.03173459849535,1.4081344133281537,290.93145751953125,-0.006329175036803452,11.148253463405688,-0.006156282012699688,11.105444203006385,-0.0014505222809598692,0.2125993214006709,1,-1.0,-1.0,0,0,0,0,0,27.9,27.0,kandi/KAND,362.3516751720424,86.9,79.6,0.195266244957786
11.140159531600466,2.9193794954359626,KAND,kandi,11.123456,2.954658,4273.815879781296,7079.457844,327.0,100.0,427.0,538.0,10,300.1780090332031,295.7632770567937,1.699706619555302,290.1780090332031,-0.0076499643124078335,13.657862873554018,-0.007456875505118534,13.575724975333204,0.010684967041015625,0.7211457605192921,1,-1.0,-1.0,0,0,0,1,0,30.2,29.0,kandi/KAND,387.1975309838644,82.9,85.2,0.36381378770282
11.141173595580982,2.9062789293670424,KAND,kandi,11.123456,2.954658,5636.5517669019255,7079.457844,327.0,100.0,427.0,538.0,10,298.61175537109375,290.4726293311404,1.3048461314094764,288.61175537109375,-0.006154897703346631,12.38899278040812,-0.0064340633051395545,12.343363132541269,-0.021783753249116206,0.4965846782283697,1,-1.0,-1.0,0,0,0,3,0,28.4,37.0,kandi/KAND,242.2242803683185,83.6,83.3,0.9680747985492628
11.122945502077004,2.925102441760074,KAND,kandi,11.123456,2.954658,3229.19976694042,7079.457844,327.0,100.0,427.0,538.0,10,301.06451416015625,268.9943679459461,2.2333449714278686,291.06451416015625,-0.009957056869695214,10.849366831914413,-0.009632272431344693,10.880394109588263,0.006512705485026042,0.2983682955396957,1,-1.0,-1.0,0,0,0,0,0,31.0,31.0,kandi/KAND,340.76806176995353,82.0,81.6,0.06684291299310707
11.101171245043,2.924419659857827,KAND,kandi,11.123456,2.954658,4121.769751609866,7079.457844,327.0,100.0,427.0,538.0,10,323.7046813964844,233.09448089706,1.4355841324908774,313.7046813964844,-0.002439250879509089,3.679292009036192,-0.0023980494907924112,3.7279370130520655,-0.0057871500651041664,0.40878092488419654,1,-1.0,-1.0,0,0,0,1,0,31.5,29.0,kandi/KAND,226.45360253270923,82.2,83.5,0.5236513281080604
11.134248275681383,2.929119013523407,KAND,kandi,11.123456,2.954658,3034.5582352729725,7079.457844,327.0,100.0,427.0,538.0,10,294.8992004394531,293.30299828022066,2.492633866041077,284.8992004394531,-0.012557574502782883,13.381745290309233,-0.012482086204598215,13.41202800417406,0.001509205347857084,0.163595102172745,1,-1.0,-1.0,0,0,3,12,0,25.1,38.0,kandi/KAND,265.70070718742903,84.2,85.1,0.19653617999213502
11.111631814465358,2.9330007790542374,KAND,kandi,11.123456,2.954658,2703.3852338803154,7079.457844,327.0,100.0,427.0,538.0,10,322.4010925292969,240.91002405350537,2.2157729829881356,312.4010925292969,-0.004001569922590431,3.893402741352823,-0.004408036981464539,3.9274595292861445,-0.0096911804307111,0.3633632576162056,1,-1.0,-1.0,0,0,0,0,0,30.3,45.0,kandi/KAND,316.71466585051456,82.3,88.7,0.8907040153258315
11.140176237223013,2.919365067852852,KAND,kandi,11.123456,2.954658,4276.035941264278,7079.457844,327.0,100.0,427.0,538.0,10,300.1780090332031,295.77652973952394,1.6988246715312352,290.1780090332031,-0.007669882790496328,13.656945916018174,-0.007456875505118534,13.57482214495451,0.010684967041015625,0.7211457605192921,1,-1.0,-1.0,0,0,0,1,0,30.2,23.0,kandi/KAND,387.1975309838644,85.2,82.9,0.6425140996263328
11.123582740480293,2.922834207773797,KAND,kandi,11.123456,2.954658,3476.516723363358,7079.457844,327.0,100.0,427.0,538.0,10,303.04376220703125,270.23562181894545,2.0420330075283424,293.04376220703125,-0.00870161385371767,10.99499551595902,-0.008385900563649474,10.974476525447695,0.006616980173537269,0.18170099559427913,1,-1.0,-1.0,0,0,0,0,0,31.0,31.0,kandi/KAND,340.76806176995353,82.0,81.6,0.8342893482801202
11.104745677604761,2.929198110500738,KAND,kandi,11.123456,2.954658,3466.9150851999593,7079.457844,327.0,100.0,427.0,538.0,10,326.1456298828125,233.17143583582603,1.666294211162372,316.1456298828125,-0.0021267965384008172,3.043293548388925,-0.001890676035045904,3.0547626303005115,-0.0024337768554687496,0.20410414917689354,1,-1.0,-1.0,0,0,0,0,0,31.4,32.0,kandi/KAND,349.9740403229864,86.3,80.7,0.38729649975398717
11.119874303696148,2.926806237074655,KAND,kandi,11.123456,2.954658,3068.282645106896,7079.457844,327.0,100.0,427.0,538.0,10,303.16973876953125,262.53606488214996,2.3110983839404904,293.16973876953125,-0.009759106682342233,9.567810349670136,-0.009730153843635906,9.623478140740417,-0.005086115581114191,0.17705455327316108,1,-1.0,-1.0,0,0,1,10,0,33.2,27.0,kandi/KAND,371.3793249965359,78.9,87.2,0.8039153372034809
11.11772311208034,2.917742535599264,KAND,kandi,11.123456,2.954658,4082.307231607043,7079.457844,327.0,100.0,427.0,538.0,10,308.2330017089844,261.0099852821005,1.6664421469417265,298.2330017089844,-0.006105201145738291,9.695603774695424,-0.006014547207420496,9.675758968124475,0.0024595176947683228,0.06708865643579248,1,-1.0,-1.0,0,0,0,1,0,35.2,25.0,kandi/KAND,329.7372658647473,86.1,87.2,0.575945490917611
11.133056864188536,2.921581753245109,KAND,kandi,11.123456,2.954658,3766.0901955730947,7079.457844,327.0,100.0,427.0,538.0,10,296.9660339355469,286.4828245454447,1.977498813234681,286.9660339355469,-0.009557641422334614,12.92824457852299,-0.009422659873962402,12.908868902383476,0.00261688232421875,0.16069439470669894,1,-1.0,-1.0,0,0,0,6,0,30.0,38.0,kandi/KAND,274.61005170973647,86.0,82.4,0.09382722474053118
11.139244144910835,2.923288988985239,KAND,kandi,11.123456,2.954658,3846.082549693751,7079.457844,327.0,100.0,427.0,538.0,10,294.17645263671875,297.1587640591728,1.977910068949698,284.17645263671875,-0.010116001493863049,14.160601975004477,-0.009934729041555734,14.15046748757107,0.010276053598557154,0.3047381623151346,1,-1.0,-1.0,0,0,0,1,0,30.2,23.0,kandi/KAND,357.7042813554138,84.6,85.4,0.348723267359615
11.13297662316069,2.9229974342363985,KAND,kandi,11.123456,2.954658,3615.3851411846895,7079.457844,327.0,100.0,427.0,538.0,10,296.783935546875,287.0418670360004,2.0627421354080124,286.783935546875,-0.010032724807071368,13.022269497768507,-0.010029101694825541,13.022610134191618,-0.0014200846354166664,0.13991790808459606,1,-1.0,-1.0,0,0,1,4,0,30.0,38.0,kandi/KAND,274.61005170973647,86.0,82.4,0.6669774236431105
11.133862685044894,2.922974037652955,KAND,kandi,11.123456,2.954658,3647.5615441168775,7079.457844,327.0,100.0,427.0,538.0,10,295.2294616699219,288.5108865547526,2.0689476588986246,285.2294616699219,-0.010501563457569345,13.266692049716912,-0.010167644869896672,13.26705212339717,-0.0006411234537760419,0.1369232754185709,1,-1.0,-1.0,0,0,2,3,0,30.0,38.0,kandi/KAND,207.50766443665174,86.0,84.7,0.9666890791398686
11.139287194414075,2.927418108113957,KAND,kandi,11.123456,2.954658,3452.701712285183,7079.457844,327.0,100.0,427.0,538.0,10,292.3051452636719,300.64174056339283,2.2340578108732028,282.3051452636719,-0.011787423320200252,13.986564799498913,-0.011742172893295941,14.01218576525051,-0.0028493245442708336,0.11489437444752255,1,-1.0,-1.0,0,0,0,4,0,34.2,16.0,kandi/KAND,232.1598899465155,83.4,79.7,0.1125614283845745
11.117509789625302,2.917664546744734,KAND,kandi,11.123456,2.954658,4094.4495550057527,7079.457844,327.0,100.0,427.0,538.0,10,308.162109375,260.7004246061823,1.6624941911131514,298.162109375,-0.006145582754733994,9.663341663521694,-0.005916011819450689,9.62033239170237,0.0019615173339843747,0.16598510641191652,1,-1.0,-1.0,0,0,0,1,0,35.2,25.0,kandi/KAND,329.7372658647473,87.2,86.1,0.34759484777864247
11.138368717807731,2.924721979779009,KAND,kandi,11.123456,2.954658,3662.677679421752,7079.457844,327.0,100.0,427.0,538.0,10,291.2935485839844,296.9199568066923,2.121904390944201,281.2935485839844,-0.01139073979240769,14.111489148582177,-0.011287824483785637,14.133594265490053,-0.001110327686577137,0.05810738207768369,1,-1.0,-1.0,0,0,0,0,0,30.2,23.0,kandi/KAND,357.7042813554138,84.6,85.4,0.8698108287306286
11.129991445829006,2.9225139759240024,KAND,kandi,11.123456,2.954658,3585.0770140091895,7079.457844,327.0,100.0,427.0,538.0,10,299.967041015625,281.70983563656654,2.029359064430196,289.967041015625,-0.009266204833984375,12.267010816329298,-0.009098240586577868,12.236391212404069,0.0013849894205729167,0.06129807385923628,1,-1.0,-1.0,0,0,3,3,0,33.0,34.0,kandi/KAND,371.69589343971694,82.4,86.6,0.9603118205865427
11.111306048783558,2.937473875157697,KAND,kandi,11.123456,2.954658,2308.7628493838865,7079.457844,327.0,100.0,427.0,538.0,10,328.9133605957031,234.22637620989636,2.4327197190648118,318.9133605957031,-0.0019193425656951109,3.1793782544772857,-0.0014013019096920782,3.1511353778135813,0.009018510431928051,0.290864004490338,1,-1.0,-1.0,0,0,0,0,0,30.3,45.0,kandi/KAND,367.7244494531442,82.3,90.3,0.8520105726831085
11.111069946486916,2.9370140871800956,KAND,kandi,11.123456,2.954658,2364.821464397589,7079.457844,327.0,100.0,427.0,538.0,10,329.8284912109375,234.4207560864062,2.352984001536487,319.8284912109375,-0.0013538670519116281,3.140597205526844,-0.0008024262493618102,3.1026038422255584,0.02967590836792558,0.7361802316168149,1,-1.0,-1.0,0,0,0,0,0,30.3,45.0,kandi/KAND,367.7244494531442,82.3,90.3,0.6959915779081737
11.139756888960259,2.922248765511398,KAND,kandi,11.123456,2.954658,3973.076675723228,7079.457844,327.0,100.0,427.0,538.0,10,295.4350280761719,297.1434708209937,1.8966067743047836,285.4350280761719,-0.009496328406465382,14.101219424602139,-0.009256983627507716,14.05985646398473,0.005826822916666667,0.26489904060039726,1,-1.0,-1.0,0,0,0,0,0,30.2,23.0,kandi/KAND,224.00284038368383,84.6,85.2,0.054156325734591504
11.141073965330826,2.9179712784446665,KAND,kandi,11.123456,2.954658,4456.321598231813,7079.457844,327.0,100.0,427.0,538.0,10,294.5788269042969,296.0823535660776,1.7020635041106185,284.5788269042969,-0.009038297447742514,13.50143150728731,-0.008595818189069399,13.479617730437848,-0.02594884236653646,1.2394292719421554,0,-1.0,4295.572522544093,0,3,0,0,0,26.8,36.0,kandi/KAND,97.98854677976553,85.5,82.9,0.34236186893919685
11.118462781403904,2.9308087184941236,KAND,kandi,11.123456,2.954658,2663.2636659222785,7079.457844,327.0,100.0,427.0,538.0,10,308.2857666015625,257.957592663435,2.5522538869665827,298.2857666015625,-0.009431517896667893,7.948158747634765,-0.009437132794841313,8.066221640660432,-0.012549231994735142,0.2626802438363554,1,-1.0,-1.0,0,0,1,3,0,35.5,22.0,kandi/KAND,351.7491748390901,88.4,85.1,0.06383490195456987
11.104790289642615,2.930858420409512,KAND,kandi,11.123456,2.954658,3320.0932295657944,7079.457844,327.0,100.0,427.0,538.0,10,328.4050598144531,231.36772929266408,1.7009806179729121,318.4050598144531,-0.0016512008445092724,3.002817640138293,-0.0013380022527193954,3.0019233367244174,-0.0064605712890625005,0.23874552728953405,1,-1.0,-1.0,0,0,0,0,0,33.4,23.0,kandi/KAND,268.61311974672043,86.8,86.3,0.7305835624260854
11.118581519575022,2.9307709739099272,KAND,kandi,11.123456,2.954658,2664.6081754549964,7079.457844,327.0,100.0,427.0,538.0,10,308.2857666015625,258.25401284844054,2.5509677708552254,298.2857666015625,-0.00940738188163707,8.010579547317759,-0.009412924477088913,8.12362415138033,-0.010471800501210988,0.21793751178188248,1,-1.0,-1.0,0,0,1,4,0,35.5,22.0,kandi/KAND,351.7491748390901,88.4,85.1,0.1031521771593632
11.112704393854836,2.923004844939609,KAND,kandi,11.123456,2.954658,3656.716722850348,7079.457844,327.0,100.0,427.0,538.0,10,310.223876953125,250.9089266877195,1.829101465207484,300.223876953125,-0.0062971511413812496,7.973269531633556,-0.006205486994917675,7.996635453662322,0.003379991319444445,0.12944358039989617,1,-1.0,-1.0,0,0,0,0,0,36.4,21.0,kandi/KAND,246.3349853351433,85.9,85.3,0.8997180720164002
11.10657993825519,2.932162647410791,KAND,kandi,11.123456,2.954658,3086.1140901337226,7079.457844,327.0,100.0,427.0,538.0,10,328.8851318359375,232.6026898843187,1.8209550355460453,318.8851318359375,-0.0014558206517129944,2.9065829948806736,-0.001407935732886905,2.9018606057516863,-0.0030870225694444443,0.12108139390356497,1,-1.0,-1.0,0,0,0,0,0,33.4,23.0,kandi/KAND,330.0848336780301,86.8,86.1,0.21913871489886683
11.122785654751398,2.925154549047403,KAND,kandi,11.123456,2.954658,3223.8674347667475,7079.457844,327.0,100.0,427.0,538.0,10,301.06451416015625,268.67634785736743,2.2370352125601154,291.06451416015625,-0.009957056869695217,10.81152583749855,-0.009632272431344697,10.845114444235522,0.006512705485026042,0.2983682955396957,1,-1.0,-1.0,0,0,0,0,0,31.0,31.0,kandi/KAND,125.68023710985162,82.0,80.5,0.15809886151842434
11.122610281874813,2.924142730112296,KAND,kandi,11.123456,2.954658,3334.8610286629064,7079.457844,327.0,100.0,427.0,538.0,10,301.92828369140625,268.38504473258274,2.147832961034781,291.92828369140625,-0.009344373430524555,10.816089657897408,-0.00917550146052268,10.821275355429352,0.006134372287326388,0.23020167251680967,1,-1.0,-1.0,0,0,0,0,0,31.5,32.0,kandi/KAND,306.15079813714885,80.5,84.4,0.16251362171516148
11.124241699633448,2.9231248369808402,KAND,kandi,11.123456,2.954658,3445.831930184459,7079.457844,327.0,100.0,427.0,538.0,10,303.08978271484375,271.45768097883723,2.059437288953972,293.08978271484375,-0.008747568239618718,11.158613159769196,-0.008382792914886233,11.131370292567974,0.01179042310763142,0.25840597081808675,1,-1.0,-1.0,0,0,0,0,0,31.5,32.0,kandi/KAND,306.15079813714885,80.5,84.4,0.8597006980546181
11.136872060678995,2.9332322676194065,KAND,kandi,11.123456,2.954658,2771.35840172988,7079.457844,327.0,100.0,427.0,538.0,10,292.1448669433594,302.5468245638676,2.785832456344274,282.1448669433594,-0.014760039955057126,13.255635305608632,-0.01423831337376645,13.40424077592181,0.004677073160807292,0.27761007362913775,1,-1.0,-1.0,0,0,0,5,0,33.4,16.0,kandi/KAND,315.9212884563857,76.8,87.6,0.4445034018267202
11.123014850174643,2.925123128919255,KAND,kandi,11.123456,2.954658,3226.8147050653606,7079.457844,327.0,100.0,427.0,538.0,10,301.06451416015625,269.13072912289135,2.23499404849322,291.06451416015625,-0.009957056869695214,10.888633035835301,-0.009632272431344693,10.91791533084935,0.006512705485026042,0.2983682955396957,1,-1.0,-1.0,0,0,0,0,0,31.5,32.0,kandi/KAND,323.36645280546554,84.4,82.0,0.9256844198549691
11.1130213167708,2.932880243275949,KAND,kandi,11.123456,2.954658,2644.2973256466507,7079.457844,327.0,100.0,427.0,538.0,10,317.54443359375,243.97542714352653,2.3702946993184715,307.54443359375,-0.007377978432041993,4.630669132337731,-0.005988600355321272,4.700997310186267,-0.007017019448700707,0.28773428287755154,1,-1.0,-1.0,0,0,0,0,0,31.0,43.0,kandi/KAND,356.0124926179925,90.3,87.3,0.5304414977292833
11.132746596132035,2.9241918096596025,KAND,kandi,11.123456,2.954658,3483.185833603236,7079.457844,327.0,100.0,427.0,538.0,10,296.4645080566406,287.2677248256272,2.1462060115663966,286.4645080566406,-0.010501672467614846,13.063250778866989,-0.0104627737419255,13.066038824798927,-0.007631212603410049,0.2630473134170232,1,-1.0,-1.0,0,0,3,7,0,33.0,34.0,kandi/KAND,276.00636025271393,84.8,82.4,0.8332692109405843
11.112876657400042,2.9368733644474503,KAND,kandi,11.123456,2.954658,2268.076526698304,7079.457844,327.0,100.0,427.0,538.0,10,325.3195495605469,238.77593528541294,2.566916196293169,315.3195495605469,-0.003511328446237665,3.5011186034507618,-0.0031871282799289685,3.500603867571829,0.003845515549848672,0.21862703085692756,1,-1.0,-1.0,0,0,0,0,0,30.3,45.0,kandi/KAND,389.4186282137673,90.3,89.9,0.48440913670545627
11.112068035050205,2.9342302963072786,KAND,kandi,11.123456,2.954658,2562.5888026587286,7079.457844,327.0,100.0,427.0,538.0,10,322.14801025390625,240.3993819903451,2.343031900596175,312.14801025390625,-0.004903060074735622,3.686210939239125,-0.004165348862156724,3.743315905612837,-0.0006701151529947917,0.31891826274325574,1,-1.0,-1.0,0,0,0,0,0,28.3,38.0,kandi/KAND,356.0124926179925,87.3,90.3,0.9848459188085305
11.133777483032217,2.9227994774318593,KAND,kandi,11.123456,2.954658,3662.7126431982883,7079.457844,327.0,100.0,427.0,538.0,10,295.5980224609375,288.27564763778173,2.0546387244184934,285.5980224609375,-0.010224215706512534,13.21613532499837,-0.010109356676378443,13.216123700357429,0.0010586729579549327,0.05728899907093394,1,-1.0,-1.0,0,0,2,3,0,30.0,38.0,kandi/KAND,207.50766443665174,86.0,84.7,0.8627841856307831
11.104565560369673,2.9297551741144128,KAND,kandi,11.123456,2.954658,3430.3856818733075,7079.457844,327.0,100.0,427.0,538.0,10,327.4566345214844,232.296064318675,1.6621497408518724,317.4566345214844,-0.0018560253090576901,2.9950780691096694,-0.0015620067595626113,2.9950298866432568,0.007751887176252618,0.27863980441380254,1,-1.0,-1.0,0,0,0,0,0,31.4,32.0,kandi/KAND,349.9740403229864,86.3,80.7,0.2016086285290063
11.11073475778141,2.9215425106823427,KAND,kandi,11.123456,2.954658,3881.712567469969,7079.457844,327.0,100.0,427.0,538.0,10,313.8292236328125,248.6231425066148,1.6699772250602976,303.8292236328125,-0.004999014047475962,7.429695110198813,-0.004789171315202809,7.406450459960234,0.009772237141927084,0.46403209188486283,1,-1.0,-1.0,0,0,0,0,0,26.1,45.0,kandi/KAND,285.06577511311707,82.3,85.9,0.6230254624634258
11.110705387693907,2.9207362264285592,KAND,kandi,11.123456,2.954658,3965.0862744203746,7079.457844,327.0,100.0,427.0,538.0,10,315.096923828125,249.0428798594072,1.616578329745871,305.096923828125,-0.004568534984923246,7.479427975420717,-0.004337551204030686,7.458943076021833,0.01146471863749745,0.351069895023997,1,-1.0,-1.0,0,0,0,0,0,26.1,45.0,kandi/KAND,285.06577511311707,82.3,85.9,0.30886319922610306
11.132999588764427,2.9225922553704526,KAND,kandi,11.123456,2.954658,3658.4822789538994,7079.457844,327.0,100.0,427.0,538.0,10,296.68646240234375,286.87716378408254,2.039988134601117,286.68646240234375,-0.010013568943499983,13.00172538587216,-0.009852835197987592,12.997451109775197,-0.0012344896157789056,0.171528360329407,1,-1.0,-1.0,0,0,1,3,0,30.0,38.0,kandi/KAND,274.61005170973647,86.0,82.4,0.5029373969444584
11.132958430934746,2.9120883390236294,KAND,kandi,11.123456,2.954658,4767.625360757564,7079.457844,327.0,100.0,427.0,538.0,10,302.365966796875,282.8206575228071,1.4974704415980626,292.365966796875,-0.006489550890212486,11.385940704764023,-0.006461550631631728,11.335051139624976,-0.0024922688802083335,0.11888984469726589,0,-1.0,4557.429453068853,0,3,0,0,0,27.9,27.0,kandi/KAND,115.49335305553211,81.6,83.5,0.20627626101927488
11.104783920059244,2.9304814333244344,KAND,kandi,11.123456,2.954658,3352.87665085311,7079.457844,327.0,100.0,427.0,538.0,10,328.583251953125,231.79664867213404,1.6813161499490488,318.583251953125,-0.0014113471621558773,2.985286660437913,-0.0014893024288422875,2.9934837173122664,-0.0039031982421874993,0.23863823182585037,1,-1.0,-1.0,0,0,0,2,0,31.4,32.0,kandi/KAND,383.69036938137486,86.3,88.1,0.12479210391116347
11.138895368975724,2.9273217811631835,KAND,kandi,11.123456,2.954658,3440.0544342253324,7079.457844,327.0,100.0,427.0,538.0,10,292.4075927734375,299.9284067249781,2.2405591997354914,282.4075927734375,-0.011889312604679342,13.946346750050408,-0.011970922473726962,13.995572630810187,-0.014063784635073762,0.19143364473675525,1,-1.0,-1.0,0,0,0,12,0,25.1,38.0,kandi/KAND,371.0522637042291,85.1,83.4,0.9151823640139047
11.116888666619335,2.9255120229981393,KAND,kandi,11.123456,2.954658,3265.816230044246,7079.457844,327.0,100.0,427.0,538.0,10,305.4232482910156,257.0697998127746,2.131969181671228,295.4232482910156,-0.008506430049266649,8.92014874825178,-0.008363356031813065,8.999002975336616,0.004852294921875,0.1828157617395671,1,-1.0,-1.0,0,0,0,0,0,33.2,27.0,kandi/KAND,161.15480094289197,85.9,78.9,0.07764512465782658
11.121274095236599,2.9258354119614696,KAND,kandi,11.123456,2.954658,3157.8805353468447,7079.457844,327.0,100.0,427.0,538.0,10,301.34710693359375,265.59113325566955,2.278612022275126,291.34710693359375,-0.009753003070439937,10.220583532853622,-0.009861489830997388,10.261099216340881,0.007536292490433448,0.25172395319418156,1,-1.0,-1.0,0,0,0,0,0,31.5,32.0,kandi/KAND,386.05135929607223,80.5,87.2,0.5006577094837473
11.118407125722186,2.9252261128477506,KAND,kandi,11.123456,2.954658,3263.364737663147,7079.457844,327.0,100.0,427.0,538.0,10,303.1098937988281,260.08619879590464,2.1741280928513427,293.1098937988281,-0.00924278860512638,9.548966576216225,-0.009089472773554801,9.645207224120705,-0.0008433024088541668,0.03314186854841843,1,-1.0,-1.0,0,0,2,1,0,31.0,31.0,kandi/KAND,371.3793249965359,87.2,78.9,0.8405564177403861
11.116242859172864,2.9306672859172864,KAND,kandi,11.123456,2.954658,2739.585360452339,7079.457844,327.0,100.0,427.0,538.0,10,310.72576904296875,252.96638198968122,2.4303045672732035,300.72576904296875,-0.008188264266304347,6.847413244052067,-0.00827504651283969,6.9196175885912545,-0.010019348256537377,0.31533488046097863,1,-1.0,-1.0,0,0,0,6,0,35.5,22.0,kandi/KAND,234.26260072818872,88.4,87.4,0.965305155779539
11.113978086174548,2.9372919007437255,KAND,kandi,11.123456,2.954658,2167.550306809658,7079.457844,327.0,100.0,427.0,538.0,10,324.6363525390625,240.9183697402794,2.7038129835399265,314.6363525390625,-0.003967591725527968,3.5910339645330764,-0.003985714684352543,3.596083235912426,-0.008315244983126607,0.26978846168785325,1,-1.0,-1.0,0,0,0,0,0,33.3,38.0,kandi/KAND,285.99656928073153,89.9,90.0,0.6045590954241542
11.109270594656543,2.9191882715319384,KAND,kandi,11.123456,2.954658,4180.524874938453,7079.457844,327.0,100.0,427.0,538.0,10,317.59295654296875,247.8287401356196,1.4991254677055306,307.59295654296875,-0.0037458147321428564,7.058443488919657,-0.0035423931847242017,7.035216528847469,0.012327982015011112,0.3961260640513039,1,-1.0,-1.0,0,0,0,0,0,26.1,45.0,kandi/KAND,305.7478243151074,82.3,89.2,0.5793986446631386
11.133413133944568,2.9197150676758814,KAND,kandi,11.123456,2.954658,3972.891010706832,7079.457844,327.0,100.0,427.0,538.0,10,297.932373046875,286.19745246443614,1.8607181332950047,287.932373046875,-0.00887042741130169,12.788935344381466,-0.008669426058545524,12.751968958012698,0.004172770182291667,0.18966773806104123,1,-1.0,-1.0,0,0,0,1,0,30.0,38.0,kandi/KAND,367.47538693083294,86.0,87.5,0.5046087420119361
11.122505440733681,2.924763947689373,KAND,kandi,11.123456,2.954658,3267.378472655545,7079.457844,327.0,100.0,427.0,538.0,10,301.28997802734375,268.1467862411516,2.203326904947613,291.28997802734375,-0.00979675852924312,10.753958014152635,-0.00950661965676614,10.788355725184866,0.004203965928819445,0.1618795748150709,1,-1.0,-1.0,0,0,0,0,0,31.5,32.0,kandi/KAND,125.68023710985162,80.5,82.0,0.41733444497086725
11.111844007796025,2.932860722723801,KAND,kandi,11.123456,2.954658,2705.563120802017,7079.457844,327.0,100.0,427.0,538.0,10,322.1593017578125,241.5038827969493,2.2191038861772427,312.1593017578125,-0.003454356494928959,4.041149379092129,-0.004374244104414611,4.064455194300947,0.0016248111147922153,0.40277882911024204,1,-1.0,-1.0,0,0,1,0,0,31.0,43.0,kandi/KAND,169.22313139762375,88.7,90.3,0.06670379059679599
11.110464438460328,2.9358359544571133,KAND,kandi,11.123456,2.954658,2508.6104295696946,7079.457844,327.0,100.0,427.0,538.0,10,331.7012939453125,234.87809045032765,2.175542780794169,321.7012939453125,-0.0006444779653397816,3.028214122026945,-0.0004900436992793119,3.0016573132749573,0.003949991861979167,0.1993177046633066,1,-1.0,-1.0,0,0,0,8,0,30.3,45.0,kandi/KAND,256.65974849969416,85.8,90.3,0.03929174410234415
11.118607102508841,2.925441484241692,KAND,kandi,11.123456,2.954658,3236.4461150350858,7079.457844,327.0,100.0,427.0,538.0,10,302.9022216796875,260.40264781523797,2.1958645789632696,292.9022216796875,-0.009393433139788111,9.566881928416295,-0.009187721147662087,9.66296718689313,0.00048498749804981356,0.08079016419788242,1,-1.0,-1.0,0,0,1,2,0,31.0,31.0,kandi/KAND,371.3793249965359,87.2,78.9,0.7527147291852851
11.114676777253495,2.9313083730346667,KAND,kandi,11.123456,2.954658,2729.3996088409435,7079.457844,327.0,100.0,427.0,538.0,10,313.2781982421875,249.03628120318905,2.3858773505231317,303.2781982421875,-0.007349604215393985,5.802487123304654,-0.0076833352381375985,5.967495056225474,-0.018644004361432247,0.490130312471218,1,-1.0,-1.0,0,0,2,0,0,28.3,38.0,kandi/KAND,275.9081341679291,87.3,87.4,0.34507774276057546
11.112177471067533,2.9325727704441933,KAND,kandi,11.123456,2.954658,2716.1497552638507,7079.457844,327.0,100.0,427.0,538.0,10,320.8040771484375,242.50743391199958,2.239007849767353,310.8040771484375,-0.004038559631004185,4.370638234994559,-0.004836347026209676,4.438946876894169,0.0030743916829427086,0.5231527071853881,1,-1.0,-1.0,0,0,1,0,0,28.3,38.0,kandi/KAND,259.74237178418406,87.3,88.7,0.8313247244983614
11.11073006098917,2.9214135716853025,KAND,kandi,11.123456,2.954658,3895.0313814245224,7079.457844,327.0,100.0,427.0,538.0,10,313.8292236328125,248.6914704987593,1.6642700603157263,303.8292236328125,-0.004999014047475962,7.444143496292349,-0.004663833464034881,7.414554096700967,0.011415269639756942,0.42468355927906987,1,-1.0,-1.0,0,0,0,0,0,36.4,21.0,kandi/KAND,285.06577511311707,85.9,82.3,0.42721459486081736
11.11009302059407,2.9196300852586545,KAND,kandi,11.123456,2.954658,4102.171320234904,7079.457844,327.0,100.0,427.0,538.0,10,317.06219482421875,248.75777852173547,1.5351540333383427,307.06219482421875,-0.003931470227841686,7.328610659737822,-0.0038145948085281773,7.282803940144302,0.0064856635199652775,0.24837864009001956,1,-1.0,-1.0,0,0,0,0,0,31.5,29.0,kandi/KAND,305.7478243151074,89.2,82.3,0.7595346054479135
11.132998350455257,2.922614102682273,KAND,kandi,11.123456,2.954658,3656.1577195004847,7079.457844,327.0,100.0,427.0,538.0,10,296.68646240234375,286.88594562385646,2.041284047863011,286.68646240234375,-0.010016350843516432,13.004125700521177,-0.009843443473987813,12.99976169803496,-0.0008462983571212319,0.171528360329407,1,-1.0,-1.0,0,0,1,3,0,30.0,38.0,kandi/KAND,274.61005170973647,86.0,82.4,0.5117824624587883
11.110711508142947,2.936454098555154,KAND,kandi,11.123456,2.954658,2437.657802409328,7079.457844,327.0,100.0,427.0,538.0,10,330.76531982421875,234.49446269877308,2.2607681745229433,320.76531982421875,-0.0010406742251016263,3.0933805693536254,-0.0003000766159397625,3.08048899482288,0.0268676936603888,0.8230200627080332,1,-1.0,-1.0,0,0,2,5,0,30.3,45.0,kandi/KAND,255.95069251708895,90.3,85.8,0.7243290770378954
11.110262849420575,2.935442338268117,KAND,kandi,11.123456,2.954658,2556.6384350691887,7079.457844,327.0,100.0,427.0,538.0,10,332.0610656738281,235.02088446282278,2.126660508272809,322.0610656738281,0.0006009376462080114,2.990124857080558,-0.00120320766053202,2.9695320084683177,-0.01684763912591469,0.5091912927464654,1,-1.0,-1.0,0,0,0,12,0,30.3,45.0,kandi/KAND,367.7244494531442,90.3,82.3,0.8373470416977207
11.112755405415458,2.938117278641355,KAND,kandi,11.123456,2.954658,2160.134103665683,7079.457844,327.0,100.0,427.0,538.0,10,327.5272521972656,236.60480400278743,2.63657017918705,317.5272521972656,-0.002686944527232839,3.2592659466473424,-0.002841378976632883,3.2543274300365095,-0.008194986979166667,0.3220554492780032,1,-1.0,-1.0,0,0,2,0,0,33.3,38.0,kandi/KAND,251.1567510887154,90.0,90.3,0.45073271973599627
11.133433008946442,2.9196203691375433,KAND,kandi,11.123456,2.954658,3983.4398262291616,7079.457844,327.0,100.0,427.0,538.0,10,298.07781982421875,286.1865340511243,1.8537042490665048,288.07781982421875,-0.008820375089744132,12.785733783821028,-0.008669426058545524,12.749773324890182,0.0031314425998263894,0.1165149003250987,1,-1.0,-1.0,0,0,0,1,0,30.0,38.0,kandi/KAND,367.47538693083294,87.5,86.0,0.46616331405658085
11.109895590430495,2.9346421594468652,KAND,kandi,11.123456,2.954658,2651.6548198364103,7079.457844,327.0,100.0,427.0,538.0,10,329.390869140625,235.37922244086866,2.108142892025105,319.390869140625,-0.0014735989802785582,2.9744151770110188,-0.0022484412560096153,2.9854326575657666,-0.023206075032552086,1.1434484668006646,1,-1.0,-1.0,0,0,0,7,0,30.3,45.0,kandi/KAND,352.26948019734937,82.3,86.1,0.10806041360726848
11.104742751195673,2.9304693554561236,KAND,kandi,11.123456,2.954658,3356.7225988220357,7079.457844,327.0,100.0,427.0,538.0,10,328.78955078125,231.74922165635618,1.6758726048774657,318.78955078125,-0.00132912667495909,2.9911791153655485,-0.0013854582014487771,3.0002529453045614,0.002022795050675614,0.20356523109208685,1,-1.0,-1.0,0,0,0,1,0,31.0,43.0,kandi/KAND,383.69036938137486,88.1,86.3,0.8876198316449488
11.119731708919335,2.9266526650708,KAND,kandi,11.123456,2.954658,3086.9856449035656,7079.457844,327.0,100.0,427.0,538.0,10,303.0166015625,262.2844146886262,2.2999489879506374,293.0166015625,-0.009816839714193362,9.548774314147261,-0.009598349919394844,9.652074968913375,-0.0008795844184027779,0.054157711579856195,1,-1.0,-1.0,0,0,0,7,0,33.2,27.0,kandi/KAND,371.3793249965359,78.9,87.2,0.7412792373642729
11.133564125040351,2.92236235374121,KAND,kandi,11.123456,2.954658,3700.9174516438825,7079.457844,327.0,100.0,427.0,538.0,10,295.90814208984375,287.69502921668175,2.0286513669176474,285.90814208984375,-0.010235251215126103,13.113262566554349,-0.009885905190232606,13.10796549547534,0.0020561965007247457,0.10008052208259027,1,-1.0,-1.0,0,0,1,0,0,30.0,38.0,kandi/KAND,207.50766443665174,84.7,86.0,0.3974084873750522
11.137275349672246,2.9347346010992728,KAND,kandi,11.123456,2.954658,2659.609291350749,7079.457844,327.0,100.0,427.0,538.0,10,292.27801513671875,305.25921299430627,2.8998278904992727,282.27801513671875,-0.015405539949308654,12.753066398075205,-0.015055573292267631,12.9631861651641,-0.0025090535481770834,0.11886744275725378,1,-1.0,-1.0,0,0,2,4,0,33.4,16.0,kandi/KAND,384.65784393401856,76.8,83.2,0.5818930912532679
11.121286188663662,2.9298996862108306,KAND,kandi,11.123456,2.954658,2715.282198315063,7079.457844,327.0,100.0,427.0,538.0,10,305.36041259765625,264.8984265387553,2.5650292749230004,295.36041259765625,-0.010243577223557692,9.177442076134948,-0.010337692862343189,9.293819821343858,-0.012186686197916668,0.5559904592687301,1,-1.0,-1.0,0,0,0,5,0,31.0,31.0,kandi/KAND,310.39672140233506,87.2,85.1,0.9960679416052737
11.141059785275802,2.9177930148957962,KAND,kandi,11.123456,2.954658,4473.159195858807,7079.457844,327.0,100.0,427.0,538.0,10,294.5788269042969,295.9547141082528,1.6956604460888447,284.5788269042969,-0.008610344780815972,13.486761723643003,-0.008573149552609915,13.476362991604152,-0.01829294479907402,0.7223032388775241,0,-1.0,4311.802751920012,0,4,0,0,0,30.2,29.0,kandi/KAND,97.98854677976553,82.9,85.5,0.8602103456861668
11.117346745569467,2.9252436970257283,KAND,kandi,11.123456,2.954658,3283.597149037502,7079.457844,327.0,100.0,427.0,538.0,10,304.2083435058594,258.0513884143125,2.1416046493916716,294.2083435058594,-0.008837465015976625,9.14774232789037,-0.008573822748093377,9.231723980439952,-0.001935831705729166,0.20050577272276487,1,-1.0,-1.0,0,0,1,2,0,33.2,27.0,kandi/KAND,161.15480094289197,85.9,78.9,0.44330500314315924
11.13601725669983,2.9348550866265604,KAND,kandi,11.123456,2.954658,2571.0554039770577,7079.457844,327.0,100.0,427.0,538.0,10,292.8241882324219,302.8834486304159,2.987387968748125,282.8241882324219,-0.015698135730832122,12.468844794349717,-0.015349000872987689,12.71378193231107,-0.00022413465711805555,0.08838425008941125,1,-1.0,-1.0,0,0,5,5,0,33.4,16.0,kandi/KAND,305.11071367616483,87.6,83.2,0.49795276106677644
11.123456595742049,2.9244973226987643,KAND,kandi,11.123456,2.954658,3294.8074912224074,7079.457844,327.0,100.0,427.0,538.0,10,301.4113464355469,270.00406274444066,2.1828947337474025,291.4113464355469,-0.009670918782552083,11.007355451887713,-0.009316907610212052,11.016265270855941,0.0067691379123263895,0.26267292623519867,1,-1.0,-1.0,0,0,0,0,0,31.5,32.0,kandi/KAND,323.36645280546554,84.4,82.0,0.662740629732926
11.112888106736847,2.932189855107816,KAND,kandi,11.123456,2.954658,2718.657032577275,7079.457844,327.0,100.0,427.0,538.0,10,316.8483581542969,244.3915929535812,2.3201801325452016,306.8483581542969,-0.006138026639284335,4.860979129539934,-0.005852965214773746,4.977619970283787,0.0030677795410156243,0.20227956398193947,1,-1.0,-1.0,0,0,0,0,0,28.3,38.0,kandi/KAND,259.74237178418406,87.3,88.7,0.4863559529871694
11.111589770408614,2.9347174842890005,KAND,kandi,11.123456,2.954658,2543.273847049229,7079.457844,327.0,100.0,427.0,538.0,10,325.9346618652344,238.76668576326614,2.2756386117957232,315.9346618652344,-0.0029416896856180553,3.4382271578012493,-0.0021668019405441477,3.439577961261364,0.015749237322309994,0.5490463650070239,1,-1.0,-1.0,0,0,0,0,0,30.3,45.0,kandi/KAND,256.65974849969416,85.8,90.3,0.7254697613495614
11.128112551621275,2.9276698530162752,KAND,kandi,11.123456,2.954658,2992.868790204738,7079.457844,327.0,100.0,427.0,538.0,10,297.3612060546875,279.97584502028224,2.480267600512777,287.3612060546875,-0.01195969517204787,12.219159406551032,-0.011431273261774125,12.273906757432048,0.013399358296728392,0.26837116126035526,1,-1.0,-1.0,0,0,1,2,0,35.3,21.0,kandi/KAND,366.44460781959253,81.1,82.6,0.8001729220293735
11.12565872590923,2.9283302548181545,KAND,kandi,11.123456,2.954658,2886.382759087173,7079.457844,327.0,100.0,427.0,538.0,10,297.8869934082031,274.87623326012795,2.5612341953501376,287.8869934082031,-0.012178139178613618,11.293682888400387,-0.012151902386931337,11.363057958696752,-0.007541232638888889,0.27837893721882034,1,-1.0,-1.0,0,0,2,6,0,35.3,21.0,kandi/KAND,192.4369964429442,81.1,87.2,0.05807406425199624
11.128203134961543,2.9276457163895575,KAND,kandi,11.123456,2.954658,2997.2049790223964,7079.457844,327.0,100.0,427.0,538.0,10,297.3612060546875,280.15695821941927,2.476683759261705,287.3612060546875,-0.0119767252924209,12.23287268419535,-0.011500399994513862,12.28706140578494,0.01104904938357732,0.26837116126035526,1,-1.0,-1.0,0,0,1,4,0,33.0,34.0,kandi/KAND,366.44460781959253,82.6,81.1,0.1714310465379304
11.133688971598335,2.923195429622203,KAND,kandi,11.123456,2.954658,3618.5649319065524,7079.457844,327.0,100.0,427.0,538.0,10,295.623291015625,288.34213501600954,2.079284558512463,285.623291015625,-0.010377002351978483,13.224731574671324,-0.010009989090120215,13.224916830715054,0.0034395802704701396,0.15070021532096492,1,-1.0,-1.0,0,0,2,6,0,33.0,34.0,kandi/KAND,138.00206411489975,82.4,84.7,0.7905954149330674
11.14106419635291,2.9178484684365795,KAND,kandi,11.123456,2.954658,4467.919066171724,7079.457844,327.0,100.0,427.0,538.0,10,294.5788269042969,295.994316902744,1.6976480121193867,284.5788269042969,-0.008719634704580027,13.497386933084531,-0.00856578116576383,13.475201084950035,-0.01792206932782102,0.7223032388775241,0,-1.0,4306.751644947092,0,3,0,0,0,26.8,36.0,kandi/KAND,97.98854677976553,85.5,82.9,0.2028050415674565
11.110686328526317,2.9202130033800726,KAND,kandi,11.123456,2.954658,4019.298947921787,7079.457844,327.0,100.0,427.0,538.0,10,315.9205627441406,249.3059504028048,1.583053026503944,305.9205627441406,-0.004319371487209799,7.541693305236014,-0.004013989232111326,7.497037338890399,0.01688163636477266,0.4717166875139737,1,-1.0,-1.0,0,0,0,0,0,26.1,45.0,kandi/KAND,285.06577511311707,82.3,85.9,0.10499348910933948
11.112435044164908,2.922935941530558,KAND,kandi,11.123456,2.954658,3673.616500505159,7079.457844,327.0,100.0,427.0,538.0,10,310.38983154296875,250.50565946166984,1.8181069947842559,300.38983154296875,-0.0062155953590785915,7.855568747237498,-0.005661582382599081,7.875973139951388,0.0164387402410444,0.17143983305916122,1,-1.0,-1.0,0,0,0,0,0,36.4,21.0,kandi/KAND,246.3349853351433,85.9,85.3,0.7744391464684436
11.141206715703136,2.906289438636572,KAND,kandi,11.123456,2.954658,5636.7502503516,7079.457844,327.0,100.0,427.0,538.0,10,298.61175537109375,290.51179375361863,1.3048002005425843,288.61175537109375,-0.006154897703346631,12.391869316775017,-0.006408321851754359,12.346501314928966,-0.020153461201387172,0.5047067455922429,1,-1.0,-1.0,0,0,0,3,0,28.4,37.0,kandi/KAND,242.2242803683185,83.6,83.3,0.9839979342003873
11.133013886078423,2.922340009902121,KAND,kandi,11.123456,2.954658,3685.327371593196,7079.457844,327.0,100.0,427.0,538.0,10,296.4521484375,286.7765721053078,2.028778954557113,286.4521484375,-0.010009101499326632,12.986208565860489,-0.009701328717382138,12.975979099666997,0.002877036949355323,0.11233886012250867,1,-1.0,-1.0,0,0,1,1,0,33.0,34.0,kandi/KAND,274.61005170973647,82.4,86.0,0.5991862744448407
11.141111685292596,2.9184454722497817,KAND,kandi,11.123456,2.954658,4411.640710576412,7079.457844,327.0,100.0,427.0,538.0,10,296.3121643066406,296.4266061988776,1.6968000676915467,286.3121643066406,-0.008396254601468806,13.539636213260067,-0.008541515102855845,13.510277502343625,-0.05203721788194445,1.9195567942799454,1,-1.0,-1.0,0,0,0,1,0,26.8,36.0,kandi/KAND,97.98854677976553,85.5,82.9,0.8812184656609546
11.121474137516266,2.9263949756529524,KAND,kandi,11.123456,2.954658,3095.28795259486,7079.457844,327.0,100.0,427.0,538.0,10,300.8149719238281,265.9150667524459,2.3344737096184485,290.8149719238281,-0.010420002081455328,10.16812794904715,-0.010247629906886897,10.220514246302185,0.0027116018049655154,0.08207145447903344,1,-1.0,-1.0,0,0,1,2,0,31.0,31.0,kandi/KAND,360.5272688756482,87.2,82.0,0.448930219953654
11.117719812632082,2.9308149812632083,KAND,kandi,11.123456,2.954658,2680.8515725762986,7079.457844,327.0,100.0,427.0,538.0,10,309.5677185058594,256.22599110165646,2.5081864505734175,299.5677185058594,-0.00879913330078125,7.591255153129807,-0.008821458082932693,7.652154844045318,-0.0020768907335069445,0.13694645278125583,1,-1.0,-1.0,0,0,1,2,0,28.3,38.0,kandi/KAND,234.26260072818872,87.4,88.4,0.7380060152769051
11.123033313751252,2.92478987832558,KAND,kandi,11.123456,2.954658,3263.185514421297,7079.457844,327.0,100.0,427.0,538.0,10,301.22802734375,269.1765791409641,2.20724135756234,291.22802734375,-0.009815703692421636,10.90846746615738,-0.009495988908830707,10.931542236639363,0.0052856445312500005,0.20013877954331322,1,-1.0,-1.0,0,0,0,0,0,31.0,31.0,kandi/KAND,340.76806176995353,82.0,81.6,0.17259729946954527
11.108987859886179,2.9318225786784136,KAND,kandi,11.123456,2.954658,2963.871913143097,7079.457844,327.0,100.0,427.0,538.0,10,324.0216979980469,237.15196237565183,1.9899137898219634,314.0216979980469,-0.003132552329940026,3.3499082360278787,-0.0033809253251881294,3.4095487813242675,-0.010450259059979492,0.24707155206146952,1,-1.0,-1.0,0,0,0,0,0,31.0,43.0,kandi/KAND,144.11587076282325,86.1,81.5,0.1497806406825103
11.138016089600784,2.906563155760771,KAND,kandi,11.123456,2.954658,5495.158271743769,7079.457844,327.0,100.0,427.0,538.0,10,298.66387939453125,287.15177554906694,1.337865313086873,288.66387939453125,-0.006279257069463315,11.763304803347928,-0.006368573950224656,11.74571651119611,-0.012019227147534312,0.3782957884987459,1,-1.0,-1.0,0,0,0,1,0,28.4,37.0,kandi/KAND,325.21295177169327,83.6,81.9,0.5017150873755563
11.101408631293078,2.9245300123848903,KAND,kandi,11.123456,2.954658,4096.425990590217,7079.457844,327.0,100.0,427.0,538.0,10,323.9480285644531,233.28832671936914,1.4410605667505147,313.9480285644531,-0.002159136427092462,3.6939565366569944,-0.002987542268015765,3.743214968125635,-0.021991583152740555,0.1691121621443688,1,-1.0,-1.0,0,0,0,0,0,31.5,29.0,kandi/KAND,226.45360253270923,82.2,83.5,0.3953344361741541
11.110244534934477,2.935519948325569,KAND,kandi,11.123456,2.954658,2550.8416946456355,7079.457844,327.0,100.0,427.0,538.0,10,332.0610656738281,234.8744853021362,2.1314888521965623,322.0610656738281,-0.0004949692065664707,3.0148599830266063,-0.00046553684270350107,2.9840207136463026,0.004544814591112352,0.30359247709366727,1,-1.0,-1.0,0,0,0,13,0,30.3,45.0,kandi/KAND,112.37245272427367,82.3,85.8,0.5943952247267307
11.133045149624582,2.9117771873480964,KAND,kandi,11.123456,2.954658,4802.8937475139155,7079.457844,327.0,100.0,427.0,538.0,10,302.1160888671875,282.84303905066633,1.4894581289036608,292.1160888671875,-0.006461550631631728,11.338789109785456,-0.006401514123987267,11.31290731911142,-0.0016883002387152778,0.08937131110703088,0,-1.0,4552.642770689543,0,4,0,0,0,27.9,27.0,kandi/KAND,274.500104918019,86.9,81.6,0.9560629692719214
11.119737289867045,2.9266586756508666,KAND,kandi,11.123456,2.954658,3086.252537588517,7079.457844,327.0,100.0,427.0,538.0,10,303.0166015625,262.29420645090886,2.300494730097735,293.0166015625,-0.009818530688178392,9.550407914556043,-0.009598349919394844,9.653626963815972,-0.0008795844184027779,0.054157711579856195,1,-1.0,-1.0,0,0,0,9,0,31.0,31.0,kandi/KAND,371.3793249965359,87.2,78.9,0.2562692787473815
11.10188391601546,2.924750955553132,KAND,kandi,11.123456,2.954658,4045.8268611478115,7079.457844,327.0,100.0,427.0,538.0,10,323.165283203125,233.68374989779147,1.4701532084526412,313.165283203125,-0.0024722004071688676,3.7171340850461454,-0.0027640711078755448,3.768749917177829,-0.006473581027010997,0.3543527182815962,1,-1.0,-1.0,0,0,0,0,0,31.5,29.0,kandi/KAND,226.45360253270923,83.5,82.2,0.8615762245725412
11.122364486703,2.91396903554287,KAND,kandi,11.123456,2.954658,4446.584599123854,7079.457844,327.0,100.0,427.0,538.0,10,316.75689697265625,268.43788638940566,1.4202295395018656,306.75689697265625,-0.003706595401635907,9.933234621073138,-0.0033993969621112746,9.91053589886698,0.0196104334699571,0.5953854320995524,1,-1.0,-1.0,0,0,0,0,0,35.3,25.0,kandi/KAND,386.61795560990697,80.3,77.7,0.14441958647031172
11.13837308592997,2.927522659257704,KAND,kandi,11.123456,2.954658,3392.553752866821,7079.457844,327.0,100.0,427.0,538.0,10,292.7379150390625,299.26315460620185,2.266327673504939,282.7379150390625,-0.011867679350557384,13.955876849871524,-0.011866615449212421,13.979797850027643,-0.006020484038385898,0.15564536364664627,1,-1.0,-1.0,0,0,0,8,0,25.1,38.0,kandi/KAND,371.0522637042291,85.1,83.4,0.7477839519133611
11.11240982437745,2.9324475703597233,KAND,kandi,11.123456,2.954658,2716.6487038152304,7079.457844,327.0,100.0,427.0,538.0,10,319.03912353515625,243.12377543303433,2.275763251406913,309.03912353515625,-0.005233060396634616,4.5612291126334625,-0.004386018002611243,4.648256867183416,0.02479967860725738,0.37048682594284976,1,-1.0,-1.0,0,0,0,0,0,31.0,43.0,kandi/KAND,259.74237178418406,88.7,87.3,0.2814681443934478
11.140288920611095,2.919267750381328,KAND,kandi,11.123456,2.954658,4291.016683556599,7079.457844,327.0,100.0,427.0,538.0,10,301.6152648925781,295.86556317813154,1.6737228219629487,291.6152648925781,-0.007382429366066643,13.660792276890087,-0.007456875505118534,13.582688069914145,0.010362752278645833,0.5891195132951247,1,-1.0,-1.0,0,0,0,2,0,30.2,29.0,kandi/KAND,387.1975309838644,82.9,85.2,0.3148027988278709
11.138305835585312,2.932751906142099,KAND,kandi,11.123456,2.954658,2902.5281352090183,7079.457844,327.0,100.0,427.0,538.0,10,292.7113952636719,304.64202697675927,2.6489622323765354,282.7113952636719,-0.01387937736683895,13.508814215884971,-0.014279395799368511,13.608278654374718,-0.013764617043223383,0.5291159998087336,1,-1.0,-1.0,0,0,0,2,0,34.2,16.0,kandi/KAND,278.04558367284955,85.3,76.8,0.897708253406665
11.13976373056001,2.9224384767618887,KAND,kandi,11.123456,2.954658,3954.966269568094,7079.457844,327.0,100.0,427.0,538.0,10,295.4350280761719,297.2900293903744,1.9052852454766318,285.4350280761719,-0.009538328824407864,14.134807529031928,-0.009462909897188173,14.098012026838063,0.00298592845510884,0.22809296565845236,1,-1.0,-1.0,0,0,0,0,0,30.2,23.0,kandi/KAND,357.7042813554138,84.6,85.4,0.03944609523220122
11.13108448396807,2.922038725873576,KAND,kandi,11.123456,2.954658,3661.8929610950754,7079.457844,327.0,100.0,427.0,538.0,10,298.89752197265625,283.4091853820023,2.0035373877904035,288.89752197265625,-0.00933004239710366,12.476816438499247,-0.009213427260948499,12.463495095001216,-0.0009941183440310341,0.09448583822209902,1,-1.0,-1.0,0,0,3,6,0,30.0,38.0,kandi/KAND,375.96242378723446,86.0,86.6,0.6204737599782736
11.132823705237707,2.9126326308396644,KAND,kandi,11.123456,2.954658,4706.345572469629,7079.457844,327.0,100.0,427.0,538.0,10,302.6878356933594,282.80312460608747,1.5130437203160914,292.6878356933594,-0.006527850228197903,11.432829579774392,-0.0064958040569313424,11.3800166331429,-0.009196980794270834,0.33933530994615024,0,-1.0,4555.44070441449,0,3,0,0,0,30.7,25.0,kandi/KAND,115.49335305553211,83.5,81.6,0.2548209508274736
11.14075820826819,2.906147123777407,KAND,kandi,11.123456,2.954658,5634.284010828049,7079.457844,327.0,100.0,427.0,538.0,10,297.8492126464844,289.9811953133323,1.3131214898430874,287.8492126464844,-0.006310457014224009,12.313318819792652,-0.006268401564213269,12.268875267454069,-0.006347995334201388,0.24912293669263058,1,-1.0,-1.0,0,0,0,0,0,26.0,22.0,kandi/KAND,242.2242803683185,83.3,83.6,0.2316306402927718
11.133663490080277,2.910007436410546,KAND,kandi,11.123456,2.954658,5006.60598508176,7079.457844,327.0,100.0,427.0,538.0,10,301.15093994140625,283.1196359668856,1.4399179644432685,291.15093994140625,-0.006419183920812986,11.255688963670238,-0.006151712754047771,11.210292910892724,0.011673594065378289,0.21889336538783796,1,-1.0,-1.0,0,0,0,0,0,27.9,27.0,kandi/KAND,389.6874709302928,86.9,83.5,0.13953325687954243
11.133217653241992,2.921652509081153,KAND,kandi,11.123456,2.954658,3763.738199591193,7079.457844,327.0,100.0,427.0,538.0,10,296.9660339355469,286.7773611670397,1.9787335891003262,286.9660339355469,-0.009534740550292277,12.967680317419857,-0.009509706497192382,12.951706598777175,0.00192413330078125,0.12521380914222896,1,-1.0,-1.0,0,0,0,5,0,30.0,38.0,kandi/KAND,207.50766443665174,86.0,84.7,0.1800649292579617
11.13752443713626,2.9330489355492992,KAND,kandi,11.123456,2.954658,2827.35839226585,7079.457844,327.0,100.0,427.0,538.0,10,292.25128173828125,303.5673205646023,2.7285877285392077,282.25128173828125,-0.01441196374725877,13.424840688531916,-0.01416115826709701,13.492195942865138,0.0027274026837984613,0.10297932002737815,1,-1.0,-1.0,0,0,0,2,0,33.4,16.0,kandi/KAND,315.9212884563857,76.8,87.6,0.20640980428481304
11.113487487737004,2.93222004439408,KAND,kandi,11.123456,2.954658,2687.804438006684,7079.457844,327.0,100.0,427.0,538.0,10,315.7570495605469,245.64265381051376,2.3700072293000543,305.7570495605469,-0.006645469252194663,5.030493288860556,-0.006341795990432519,5.168435100522938,-0.007991790771484375,0.3875763163286978,1,-1.0,-1.0,0,0,0,0,0,31.0,43.0,kandi/KAND,356.0124926179925,90.3,87.3,0.7824258037861475
11.106071019771077,2.932199725714348,KAND,kandi,11.123456,2.954658,3117.3005053084803,7079.457844,327.0,100.0,427.0,538.0,10,330.03228759765625,231.73230279724837,1.7816857089972424,320.03228759765625,-0.001059353484990519,2.9619276056178596,-0.0013254771208087866,2.961638344876905,-0.011131010286806313,0.4839724193319969,1,-1.0,-1.0,0,0,0,0,0,33.4,23.0,kandi/KAND,330.0848336780301,86.8,86.1,0.04754742648609844
11.135639776691193,2.9069668041480803,KAND,kandi,11.123456,2.954658,5381.26307826181,7079.457844,327.0,100.0,427.0,538.0,10,301.3603515625,284.59861640238483,1.3374767042447169,291.3603515625,-0.005919449417679397,11.270683480992934,-0.005903161823420234,11.247255581912734,0.001727294921875,0.088053386702041,1,-1.0,-1.0,0,0,0,0,0,28.4,37.0,kandi/KAND,348.3702771476682,79.6,81.9,0.5723367900667322
11.113290496905352,2.9365547973462403,KAND,kandi,11.123456,2.954658,2274.98589788003,7079.457844,327.0,100.0,427.0,538.0,10,324.9652404785156,240.22046173592508,2.568036045027783,314.9652404785156,-0.003638116169867822,3.5629487349015836,-0.0037283243891062245,3.5716056416612356,-0.0010997099414146007,0.07004657100889779,1,-1.0,-1.0,0,0,0,0,0,33.3,38.0,kandi/KAND,389.4186282137673,89.9,90.3,0.3667277318880058
11.132271209808513,2.925155547388196,KAND,kandi,11.123456,2.954658,3367.13590374192,7079.457844,327.0,100.0,427.0,538.0,10,297.3659362792969,286.9394483796573,2.204787227545187,287.3659362792969,-0.010607505055655417,13.022512163363366,-0.010522909172685724,13.019730963321397,0.0005678873103382334,0.04032186545743706,1,-1.0,-1.0,0,0,1,2,0,33.0,34.0,kandi/KAND,276.00636025271393,82.4,84.8,0.5989001740787946
11.136198675653683,2.9351800160961474,KAND,kandi,11.123456,2.954658,2552.289670012987,7079.457844,327.0,100.0,427.0,538.0,10,292.9158935546875,303.6952201343608,3.007259539198443,282.9158935546875,-0.015662591032279554,12.49136159228237,-0.01564363415634652,12.621103018940103,-0.009006983958528158,0.26740002654663775,1,-1.0,-1.0,0,0,1,4,0,33.4,16.0,kandi/KAND,305.11071367616483,83.2,87.6,0.36665995993860134
11.133308058827204,2.9218377302801244,KAND,kandi,11.123456,2.954658,3747.2552685868595,7079.457844,327.0,100.0,427.0,538.0,10,296.53955078125,287.01384983849607,1.9939435029871422,286.53955078125,-0.009811207634604795,13.001600325998092,-0.009587501666051509,12.98585843871501,0.002442084418402778,0.12004908806128721,1,-1.0,-1.0,0,0,0,5,0,30.0,38.0,kandi/KAND,207.50766443665174,84.7,86.0,0.7096843570686491
11.113490718133058,2.9322154694548055,KAND,kandi,11.123456,2.954658,2688.1136713083033,7079.457844,327.0,100.0,427.0,538.0,10,315.7570495605469,245.65401882065754,2.3697349009336155,305.7570495605469,-0.0066397815487198066,5.0408796814292804,-0.006341795990432519,5.177987670094174,-0.007991790771484375,0.3875763163286978,1,-1.0,-1.0,0,0,0,0,0,28.3,38.0,kandi/KAND,356.0124926179925,87.3,90.3,0.21582803618533275
11.133258847534888,2.911298438817259,KAND,kandi,11.123456,2.954658,4859.1333321344055,7079.457844,327.0,100.0,427.0,538.0,10,302.2140197753906,282.9795378403038,1.4710728026558983,292.2140197753906,-0.006401514123987269,11.337610487615018,-0.0064859616115247425,11.290292117695042,-0.008884138734706781,0.22161556095708176,1,-1.0,-1.0,0,0,0,0,0,30.7,25.0,kandi/KAND,389.6874709302928,83.5,86.9,0.47509289037048175
11.133181385786179,2.911378696575431,KAND,kandi,11.123456,2.954658,4848.679777245431,7079.457844,327.0,100.0,427.0,538.0,10,302.2140197753906,282.903507931427,1.4742429771869208,292.2140197753906,-0.006401514123987267,11.320203591860285,-0.00662607290922447,11.273209673297313,-0.011591576355026221,0.2142542780512478,0,-1.0,4557.175983022258,0,3,0,0,0,27.9,27.0,kandi/KAND,274.500104918019,86.9,81.6,0.7857677672783445
11.139451394651394,2.9229497408980154,KAND,kandi,11.123456,2.954658,3889.5111247031696,7079.457844,327.0,100.0,427.0,538.0,10,294.5063171386719,297.2120032986706,1.950989305222699,284.5063171386719,-0.009896884868519765,14.160280887741441,-0.009643940010456126,14.130117127396002,0.00799102783203125,0.4329982498413841,1,-1.0,-1.0,0,0,0,1,0,30.2,23.0,kandi/KAND,357.7042813554138,84.6,85.4,0.2253603265510037
11.138987589055626,2.926854693642611,KAND,kandi,11.123456,2.954658,3489.4493771761777,7079.457844,327.0,100.0,427.0,538.0,10,292.2337341308594,299.6570291379932,2.211725042456011,282.2337341308594,-0.011707021164418626,14.0175579079794,-0.01171244409856411,14.042233309312639,-0.0069537772301535615,0.21667319444944555,1,-1.0,-1.0,0,0,1,9,0,30.2,23.0,kandi/KAND,262.6669063662963,85.4,83.4,0.8292960946779572
11.110266216037159,2.934659868344503,KAND,kandi,11.123456,2.954658,2627.0708209673544,7079.457844,327.0,100.0,427.0,538.0,10,329.301025390625,236.0943820732801,2.12980950500558,319.301025390625,-0.0014345497235078901,3.0420569708027725,-0.004272901332303256,3.0388132354008426,-0.06710661908815138,1.001752024243568,1,-1.0,-1.0,0,0,0,7,0,30.3,45.0,kandi/KAND,316.71466585051456,82.3,88.7,0.13759948047989257
11.139479033321775,2.9277169014569235,KAND,kandi,11.123456,2.954658,3435.5102447826043,7079.457844,327.0,100.0,427.0,538.0,10,292.3311462402344,301.224610507034,2.244792770530222,282.3311462402344,-0.01188238613847373,13.882801501947249,-0.011779341738448183,13.934135758463295,-0.004309590657552083,0.20817859999048768,1,-1.0,-1.0,0,0,1,3,0,34.2,16.0,kandi/KAND,232.1598899465155,79.7,83.4,0.7176696267480759
11.108821371754535,2.931953191525017,KAND,kandi,11.123456,2.954658,2961.897808204043,7079.457844,327.0,100.0,427.0,538.0,10,323.8318176269531,236.70187947893837,1.994907656252797,313.8318176269531,-0.003253710373032004,3.2372004952453644,-0.002930477151002757,3.2968612613676687,0.002611829253914117,0.23326443272857736,1,-1.0,-1.0,0,0,0,0,0,31.0,43.0,kandi/KAND,152.93749306281921,88.1,86.1,0.9383752629530796
11.10851616123254,2.931786365688726,KAND,kandi,11.123456,2.954658,2995.668827895477,7079.457844,327.0,100.0,427.0,538.0,10,324.22979736328125,236.35077921642434,1.9648335048110328,314.22979736328125,-0.0030018937257628516,3.195198167182316,-0.0031077964421975025,3.251645474971635,-0.00018107024565259337,0.16838429719024978,1,-1.0,-1.0,0,0,0,0,0,31.0,43.0,kandi/KAND,152.93749306281921,86.1,88.1,0.31407368199662833
11.141085885894334,2.918121136957333,KAND,kandi,11.123456,2.954658,4442.184050843597,7079.457844,327.0,100.0,427.0,538.0,10,295.1448059082031,296.1904005941657,1.7001836274133741,285.1448059082031,-0.008541515102855845,13.503710346782306,-0.008673285935415897,13.496235734154947,-0.03560657107635039,1.2427525602231206,0,-1.0,4281.944946805151,0,3,0,0,0,26.8,36.0,kandi/KAND,97.98854677976553,85.5,82.9,0.512655633333065
11.130369537529658,2.922682016679848,KAND,kandi,11.123456,2.954658,3575.80747606367,7079.457844,327.0,100.0,427.0,538.0,10,299.6291809082031,282.429765276004,2.040022089318643,289.6291809082031,-0.009360054863823786,12.365442834647084,-0.009243547423811983,12.349616023767497,0.003395928276909722,0.12598528757856525,1,-1.0,-1.0,0,0,2,5,0,33.0,34.0,kandi/KAND,371.69589343971694,82.4,86.6,0.836752441288069
11.114131248263837,2.9365896175613906,KAND,kandi,11.123456,2.954658,2227.1095769918074,7079.457844,327.0,100.0,427.0,538.0,10,323.3612976074219,242.25945510417498,2.6643410580351303,313.3612976074219,-0.004428480360243055,3.765632406125267,-0.004777799296186309,3.8000841015412,-0.01574854679678929,0.49631307336296515,1,-1.0,-1.0,0,0,0,0,0,33.3,38.0,kandi/KAND,285.99656928073153,89.9,90.0,0.3255844729369156
11.110931719133283,2.936845801290176,KAND,kandi,11.123456,2.954658,2388.665478568874,7079.457844,327.0,100.0,427.0,538.0,10,329.8284912109375,234.37723956726913,2.3295221713639136,319.8284912109375,-0.0014570363362630212,3.1249166069817296,-0.0010406742251016263,3.0861672786467875,0.0171722412109375,0.7608389812195787,1,-1.0,-1.0,0,0,1,2,0,30.3,45.0,kandi/KAND,255.95069251708895,90.3,85.8,0.5294520944399349
